[INFO] [1784818403.020670497] [vertical_lidar_mapper]: vertical_lidar_mapper started. scan_topic='/scan_vertical' target_frame='odom' local_voxel=0.100 global_voxel=0.080 global_cap=400000 global_publish=3.0Hz revoxel_every=10
[INFO] [1784818403.020965054] [vertical_lidar_mapper]: Global integration mode: keyframe (keyframe_min_translation=0.030m keyframe_min_yaw=0.025rad keyframe_max_interval=0.100s max_keyframes=10000).
[INFO] [1784818403.021088406] [vertical_lidar_mapper]: Full-pose deskew: enabled (required=true odom_topic='/mavros/local_position/odom' odom_frame='odom' stamp_reference='start' pose_gap<=0.100s output='/vertical_points_deskewed').
[INFO] [1784818403.021113332] [vertical_lidar_mapper]: Stable integration gate: enabled (odom_age<=0.200s |yaw_rate|<=0.700rad/s |vertical_speed|<=0.400m/s tilt_rate<=0.450rad/s).
[INFO] [1784818403.021154277] [vertical_lidar_mapper]: Map-rebase: disabled (map_frame='map' odom_frame='odom' trans_th=0.080m yaw_th=0.040rad)
[INFO] [1784818403.021173203] [vertical_lidar_mapper]: Relative-pose gate: disabled (map='map' odom='odom' trans_err_th=0.080m yaw_err_th=0.060rad min_motion=0.030m max_map_step=0.250m max_map_yaw=0.150rad)
[INFO] [1784818403.021201184] [vertical_lidar_mapper]: Map-rebase cooldown: 6 scans after correction.
[INFO] [1784818403.021214907] [vertical_lidar_mapper]: Floor filter: disabled (drop z <= 0.10 m in 'odom' frame).
[INFO] [1784818403.021227314] [vertical_lidar_mapper]: Floor stabilization: enabled (percentile=0.10 band=0.08m min_points=30 max_correction=0.25m drop_failure=true).
[INFO] [1784818403.021251148] [vertical_lidar_mapper]: PCD export service: '/vertical_lidar_mapper/save_pcd' dir='/home/pi5drone/drone_ros_ws/maps/vertical_3d' binary=true
[INFO] [1784818403.021278777] [vertical_lidar_mapper]: SLAM 2D map export on save: disabled (topic='/map' prefix='slam2d_map').
[INFO] [1784818403.021298592] [vertical_lidar_mapper]: Structural GLB export on save: disabled (prefix='lidar2_structural_environment' auto_height=true ceiling=false grid_cap=2000000).
[INFO] [1784818403.021321240] [vertical_lidar_mapper]: Loop-closure dedup-only mode: disabled
[INFO] [1784818403.021350352] [vertical_lidar_mapper]: Global rebuild service: '/vertical_lidar_mapper/rebuild_global' (rebuild_on_map_correction=true corr_trans_th=0.080m corr_yaw_th=0.040rad freeze_scans=6).
[WARN] [1784818405.245477082] [vertical_lidar_mapper]: Vertical scan deskew failed (scan_age=0.375s): only 36.4% of valid beams had interpolated poses
[WARN] [1784818407.255455458] [vertical_lidar_mapper]: Vertical scan deskew failed (scan_age=0.098s): only 93.7% of valid beams had interpolated poses
[WARN] [1784818409.261292569] [vertical_lidar_mapper]: Vertical scan deskew failed (scan_age=0.100s): only 92.3% of valid beams had interpolated poses
[WARN] [1784818411.353564648] [vertical_lidar_mapper]: Vertical scan deskew failed (scan_age=0.100s): only 92.0% of valid beams had interpolated poses
[WARN] [1784818413.359252130] [vertical_lidar_mapper]: Vertical scan deskew failed (scan_age=0.100s): only 92.6% of valid beams had interpolated poses
[WARN] [1784818415.447387724] [vertical_lidar_mapper]: Vertical scan deskew failed (scan_age=0.101s): only 92.6% of valid beams had interpolated poses
[WARN] [1784818417.452741444] [vertical_lidar_mapper]: Vertical scan deskew failed (scan_age=0.101s): only 92.8% of valid beams had interpolated poses
[WARN] [1784818419.573353684] [vertical_lidar_mapper]: Vertical scan deskew failed (scan_age=0.328s): only 58.1% of valid beams had interpolated poses
[WARN] [1784818421.648134067] [vertical_lidar_mapper]: Vertical scan deskew failed (scan_age=0.100s): only 92.6% of valid beams had interpolated poses
[INFO] [1784818422.755310505] [vertical_lidar_mapper]: Initialized floor stabilization reference at z=-1.389m in frame 'odom'.
[WARN] [1784818423.743970518] [vertical_lidar_mapper]: Vertical scan deskew failed (scan_age=0.098s): only 92.6% of valid beams had interpolated poses
[WARN] [1784818425.744067414] [vertical_lidar_mapper]: Vertical scan deskew failed (scan_age=0.100s): only 92.4% of valid beams had interpolated poses
[WARN] [1784818427.843337023] [vertical_lidar_mapper]: Vertical scan deskew failed (scan_age=0.101s): only 92.2% of valid beams had interpolated poses
[WARN] [1784818429.938274098] [vertical_lidar_mapper]: Vertical scan deskew failed (scan_age=0.097s): only 92.8% of valid beams had interpolated poses
[WARN] [1784818431.942093881] [vertical_lidar_mapper]: Vertical scan deskew failed (scan_age=0.101s): only 92.6% of valid beams had interpolated poses
[WARN] [1784818434.034432754] [vertical_lidar_mapper]: Vertical scan deskew failed (scan_age=0.101s): only 92.4% of valid beams had interpolated poses
[WARN] [1784818436.039766502] [vertical_lidar_mapper]: Vertical scan deskew failed (scan_age=0.100s): only 93.1% of valid beams had interpolated poses
[WARN] [1784818438.132795693] [vertical_lidar_mapper]: Vertical scan deskew failed (scan_age=0.100s): only 92.0% of valid beams had interpolated poses
[WARN] [1784818440.238705201] [vertical_lidar_mapper]: Vertical scan deskew failed (scan_age=0.108s): only 92.4% of valid beams had interpolated poses
[WARN] [1784818442.319112654] [vertical_lidar_mapper]: Vertical scan deskew failed (scan_age=0.098s): only 92.6% of valid beams had interpolated poses
[WARN] [1784818444.324184688] [vertical_lidar_mapper]: Vertical scan deskew failed (scan_age=0.100s): only 93.8% of valid beams had interpolated poses
[WARN] [1784818446.327194848] [vertical_lidar_mapper]: Vertical scan deskew failed (scan_age=0.100s): only 93.3% of valid beams had interpolated poses
[WARN] [1784818448.420373136] [vertical_lidar_mapper]: Vertical scan deskew failed (scan_age=0.101s): only 93.3% of valid beams had interpolated poses
[WARN] [1784818450.516563606] [vertical_lidar_mapper]: Vertical scan deskew failed (scan_age=0.098s): only 92.8% of valid beams had interpolated poses
[WARN] [1784818452.614468240] [vertical_lidar_mapper]: Vertical scan deskew failed (scan_age=0.100s): only 92.6% of valid beams had interpolated poses
[WARN] [1784818454.614686663] [vertical_lidar_mapper]: Vertical scan deskew failed (scan_age=0.100s): only 92.2% of valid beams had interpolated poses
[WARN] [1784818456.710959384] [vertical_lidar_mapper]: Vertical scan deskew failed (scan_age=0.099s): only 93.1% of valid beams had interpolated poses
[WARN] [1784818458.811106490] [vertical_lidar_mapper]: Vertical scan deskew failed (scan_age=0.100s): only 92.9% of valid beams had interpolated poses
[WARN] [1784818460.911976642] [vertical_lidar_mapper]: Vertical scan deskew failed (scan_age=0.101s): only 92.1% of valid beams had interpolated poses
[WARN] [1784818462.913997750] [vertical_lidar_mapper]: Vertical scan deskew failed (scan_age=0.100s): only 92.0% of valid beams had interpolated poses
[WARN] [1784818465.007493610] [vertical_lidar_mapper]: Vertical scan deskew failed (scan_age=0.100s): only 92.7% of valid beams had interpolated poses
[WARN] [1784818467.104901125] [vertical_lidar_mapper]: Vertical scan deskew failed (scan_age=0.100s): only 92.0% of valid beams had interpolated poses
[WARN] [1784818469.202056825] [vertical_lidar_mapper]: Vertical scan deskew failed (scan_age=0.099s): only 92.8% of valid beams had interpolated poses
[WARN] [1784818471.297685522] [vertical_lidar_mapper]: Vertical scan deskew failed (scan_age=0.100s): only 93.1% of valid beams had interpolated poses
[WARN] [1784818473.298472580] [vertical_lidar_mapper]: Vertical scan deskew failed (scan_age=0.102s): only 92.9% of valid beams had interpolated poses
[WARN] [1784818475.302695526] [vertical_lidar_mapper]: Vertical scan deskew failed (scan_age=0.101s): only 92.4% of valid beams had interpolated poses
[WARN] [1784818477.491029178] [vertical_lidar_mapper]: Vertical scan deskew failed (scan_age=0.100s): only 92.2% of valid beams had interpolated poses
[WARN] [1784818479.591839365] [vertical_lidar_mapper]: Vertical scan deskew failed (scan_age=0.101s): only 92.3% of valid beams had interpolated poses
[WARN] [1784818481.596955884] [vertical_lidar_mapper]: Vertical scan deskew failed (scan_age=0.100s): only 92.2% of valid beams had interpolated poses
[WARN] [1784818483.690068132] [vertical_lidar_mapper]: Vertical scan deskew failed (scan_age=0.098s): only 92.6% of valid beams had interpolated poses
[WARN] [1784818485.783246692] [vertical_lidar_mapper]: Vertical scan deskew failed (scan_age=0.100s): only 92.7% of valid beams had interpolated poses
[WARN] [1784818487.786370163] [vertical_lidar_mapper]: Vertical scan deskew failed (scan_age=0.098s): only 93.5% of valid beams had interpolated poses
[WARN] [1784818489.787278313] [vertical_lidar_mapper]: Vertical scan deskew failed (scan_age=0.100s): only 92.9% of valid beams had interpolated poses
[WARN] [1784818491.876478880] [vertical_lidar_mapper]: Vertical scan deskew failed (scan_age=0.097s): only 93.7% of valid beams had interpolated poses
[WARN] [1784818493.882694586] [vertical_lidar_mapper]: Vertical scan deskew failed (scan_age=0.098s): only 92.6% of valid beams had interpolated poses
[WARN] [1784818495.983626874] [vertical_lidar_mapper]: Vertical scan deskew failed (scan_age=0.101s): only 92.9% of valid beams had interpolated poses
[WARN] [1784818498.078846002] [vertical_lidar_mapper]: Vertical scan deskew failed (scan_age=0.101s): only 92.6% of valid beams had interpolated poses
[WARN] [1784818500.175021415] [vertical_lidar_mapper]: Vertical scan deskew failed (scan_age=0.101s): only 93.1% of valid beams had interpolated poses
[WARN] [1784818502.273040320] [vertical_lidar_mapper]: Vertical scan deskew failed (scan_age=0.101s): only 93.0% of valid beams had interpolated poses
[WARN] [1784818504.275170819] [vertical_lidar_mapper]: Vertical scan deskew failed (scan_age=0.100s): only 92.4% of valid beams had interpolated poses
[WARN] [1784818506.365973904] [vertical_lidar_mapper]: Vertical scan deskew failed (scan_age=0.100s): only 92.4% of valid beams had interpolated poses
[WARN] [1784818508.366399804] [vertical_lidar_mapper]: Vertical scan deskew failed (scan_age=0.101s): only 92.4% of valid beams had interpolated poses
[WARN] [1784818510.464212572] [vertical_lidar_mapper]: Vertical scan deskew failed (scan_age=0.100s): only 92.6% of valid beams had interpolated poses
[WARN] [1784818512.557566152] [vertical_lidar_mapper]: Vertical scan deskew failed (scan_age=0.098s): only 92.6% of valid beams had interpolated poses
[WARN] [1784818514.562538204] [vertical_lidar_mapper]: Vertical scan deskew failed (scan_age=0.100s): only 92.6% of valid beams had interpolated poses
[WARN] [1784818516.565427242] [vertical_lidar_mapper]: Vertical scan deskew failed (scan_age=0.101s): only 92.4% of valid beams had interpolated poses
[WARN] [1784818518.658843392] [vertical_lidar_mapper]: Vertical scan deskew failed (scan_age=0.100s): only 92.4% of valid beams had interpolated poses
[WARN] [1784818520.756987879] [vertical_lidar_mapper]: Vertical scan deskew failed (scan_age=0.100s): only 92.2% of valid beams had interpolated poses
[WARN] [1784818522.757383187] [vertical_lidar_mapper]: Vertical scan deskew failed (scan_age=0.100s): only 93.5% of valid beams had interpolated poses
[WARN] [1784818524.850002203] [vertical_lidar_mapper]: Vertical scan deskew failed (scan_age=0.098s): only 92.4% of valid beams had interpolated poses
[WARN] [1784818526.852995914] [vertical_lidar_mapper]: Vertical scan deskew failed (scan_age=0.100s): only 92.4% of valid beams had interpolated poses
[WARN] [1784818528.949399613] [vertical_lidar_mapper]: Vertical scan deskew failed (scan_age=0.101s): only 92.0% of valid beams had interpolated poses
[WARN] [1784818531.044493453] [vertical_lidar_mapper]: Vertical scan deskew failed (scan_age=0.100s): only 92.6% of valid beams had interpolated poses
[WARN] [1784818533.140790790] [vertical_lidar_mapper]: Vertical scan deskew failed (scan_age=0.101s): only 92.6% of valid beams had interpolated poses
[WARN] [1784818535.142526682] [vertical_lidar_mapper]: Vertical scan deskew failed (scan_age=0.100s): only 93.7% of valid beams had interpolated poses
[WARN] [1784818537.240819719] [vertical_lidar_mapper]: Vertical scan deskew failed (scan_age=0.100s): only 92.6% of valid beams had interpolated poses
[WARN] [1784818539.339965958] [vertical_lidar_mapper]: Vertical scan deskew failed (scan_age=0.101s): only 92.4% of valid beams had interpolated poses
[WARN] [1784818541.340278502] [vertical_lidar_mapper]: Vertical scan deskew failed (scan_age=0.101s): only 94.3% of valid beams had interpolated poses
[WARN] [1784818543.439831883] [vertical_lidar_mapper]: Vertical scan deskew failed (scan_age=0.100s): only 92.6% of valid beams had interpolated poses
[WARN] [1784818545.531166721] [vertical_lidar_mapper]: Vertical scan deskew failed (scan_age=0.101s): only 92.8% of valid beams had interpolated poses
[WARN] [1784818547.624666785] [vertical_lidar_mapper]: Vertical scan deskew failed (scan_age=0.100s): only 92.6% of valid beams had interpolated poses
[WARN] [1784818549.629492624] [vertical_lidar_mapper]: Vertical scan deskew failed (scan_age=0.100s): only 92.7% of valid beams had interpolated poses
[WARN] [1784818551.725402224] [vertical_lidar_mapper]: Vertical scan deskew failed (scan_age=0.098s): only 92.4% of valid beams had interpolated poses
[WARN] [1784818553.820771062] [vertical_lidar_mapper]: Vertical scan deskew failed (scan_age=0.100s): only 92.6% of valid beams had interpolated poses
[WARN] [1784818555.921848115] [vertical_lidar_mapper]: Vertical scan deskew failed (scan_age=0.101s): only 92.4% of valid beams had interpolated poses
[WARN] [1784818558.019875381] [vertical_lidar_mapper]: Vertical scan deskew failed (scan_age=0.101s): only 92.4% of valid beams had interpolated poses
[WARN] [1784818560.113004503] [vertical_lidar_mapper]: Vertical scan deskew failed (scan_age=0.100s): only 92.9% of valid beams had interpolated poses
[WARN] [1784818562.212996195] [vertical_lidar_mapper]: Vertical scan deskew failed (scan_age=0.100s): only 92.4% of valid beams had interpolated poses
[WARN] [1784818564.312033865] [vertical_lidar_mapper]: Vertical scan deskew failed (scan_age=0.101s): only 93.7% of valid beams had interpolated poses
[WARN] [1784818566.406589447] [vertical_lidar_mapper]: Vertical scan deskew failed (scan_age=0.102s): only 92.9% of valid beams had interpolated poses
[WARN] [1784818568.500898621] [vertical_lidar_mapper]: Vertical scan deskew failed (scan_age=0.097s): only 92.6% of valid beams had interpolated poses
[WARN] [1784818570.601035455] [vertical_lidar_mapper]: Vertical scan deskew failed (scan_age=0.101s): only 91.8% of valid beams had interpolated poses
[WARN] [1784818572.696675721] [vertical_lidar_mapper]: Vertical scan deskew failed (scan_age=0.100s): only 92.7% of valid beams had interpolated poses
[WARN] [1784818574.794771270] [vertical_lidar_mapper]: Vertical scan deskew failed (scan_age=0.100s): only 92.4% of valid beams had interpolated poses
[WARN] [1784818576.893021595] [vertical_lidar_mapper]: Vertical scan deskew failed (scan_age=0.100s): only 92.4% of valid beams had interpolated poses
[WARN] [1784818578.893629437] [vertical_lidar_mapper]: Vertical scan deskew failed (scan_age=0.101s): only 92.4% of valid beams had interpolated poses
[WARN] [1784818580.984060833] [vertical_lidar_mapper]: Vertical scan deskew failed (scan_age=0.098s): only 92.5% of valid beams had interpolated poses
[WARN] [1784818582.984671969] [vertical_lidar_mapper]: Vertical scan deskew failed (scan_age=0.101s): only 93.8% of valid beams had interpolated poses
[WARN] [1784818585.082395141] [vertical_lidar_mapper]: Vertical scan deskew failed (scan_age=0.100s): only 92.4% of valid beams had interpolated poses
[WARN] [1784818587.178330808] [vertical_lidar_mapper]: Vertical scan deskew failed (scan_age=0.101s): only 93.1% of valid beams had interpolated poses
[WARN] [1784818590.942533800] [vertical_lidar_mapper]: Vertical scan deskew failed (scan_age=0.562s): no bracketing full-pose samples at scan reference timestamp
[WARN] [1784818592.973308043] [vertical_lidar_mapper]: Vertical scan deskew failed (scan_age=0.101s): only 92.9% of valid beams had interpolated poses
[WARN] [1784818594.973839915] [vertical_lidar_mapper]: Vertical scan deskew failed (scan_age=0.101s): only 92.7% of valid beams had interpolated poses
[WARN] [1784818597.066673219] [vertical_lidar_mapper]: Vertical scan deskew failed (scan_age=0.100s): only 92.4% of valid beams had interpolated poses
[WARN] [1784818599.068905705] [vertical_lidar_mapper]: Vertical scan deskew failed (scan_age=0.100s): only 92.8% of valid beams had interpolated poses
[WARN] [1784818601.070178799] [vertical_lidar_mapper]: Vertical scan deskew failed (scan_age=0.098s): only 93.1% of valid beams had interpolated poses
[WARN] [1784818603.168112688] [vertical_lidar_mapper]: Vertical scan deskew failed (scan_age=0.101s): only 92.6% of valid beams had interpolated poses
[WARN] [1784818605.263905534] [vertical_lidar_mapper]: Vertical scan deskew failed (scan_age=0.100s): only 92.6% of valid beams had interpolated poses
[WARN] [1784818607.356404760] [vertical_lidar_mapper]: Vertical scan deskew failed (scan_age=0.098s): only 92.2% of valid beams had interpolated poses
[WARN] [1784818609.356504812] [vertical_lidar_mapper]: Vertical scan deskew failed (scan_age=0.100s): only 92.2% of valid beams had interpolated poses
[WARN] [1784818611.454001791] [vertical_lidar_mapper]: Vertical scan deskew failed (scan_age=0.099s): only 92.4% of valid beams had interpolated poses
[WARN] [1784818613.454695029] [vertical_lidar_mapper]: Vertical scan deskew failed (scan_age=0.102s): only 92.4% of valid beams had interpolated poses
[WARN] [1784818615.548858147] [vertical_lidar_mapper]: Vertical scan deskew failed (scan_age=0.100s): only 92.4% of valid beams had interpolated poses
[WARN] [1784818617.644806991] [vertical_lidar_mapper]: Vertical scan deskew failed (scan_age=0.099s): only 92.6% of valid beams had interpolated poses
[WARN] [1784818619.745220494] [vertical_lidar_mapper]: Vertical scan deskew failed (scan_age=0.101s): only 92.2% of valid beams had interpolated poses
[WARN] [1784818621.843026120] [vertical_lidar_mapper]: Vertical scan deskew failed (scan_age=0.098s): only 92.8% of valid beams had interpolated poses
[WARN] [1784818623.939228130] [vertical_lidar_mapper]: Vertical scan deskew failed (scan_age=0.101s): only 92.4% of valid beams had interpolated poses
[WARN] [1784818626.037289553] [vertical_lidar_mapper]: Vertical scan deskew failed (scan_age=0.101s): only 93.1% of valid beams had interpolated poses
[WARN] [1784818628.037295732] [vertical_lidar_mapper]: Vertical scan deskew failed (scan_age=0.101s): only 92.4% of valid beams had interpolated poses
[WARN] [1784818630.135376635] [vertical_lidar_mapper]: Vertical scan deskew failed (scan_age=0.101s): only 92.6% of valid beams had interpolated poses
[WARN] [1784818632.230640216] [vertical_lidar_mapper]: Vertical scan deskew failed (scan_age=0.100s): only 92.6% of valid beams had interpolated poses
[WARN] [1784818634.236783169] [vertical_lidar_mapper]: Vertical scan deskew failed (scan_age=0.101s): only 92.1% of valid beams had interpolated poses
[WARN] [1784818636.238767371] [vertical_lidar_mapper]: Vertical scan deskew failed (scan_age=0.097s): only 93.1% of valid beams had interpolated poses
[WARN] [1784818638.336731606] [vertical_lidar_mapper]: Vertical scan deskew failed (scan_age=0.100s): only 92.8% of valid beams had interpolated poses
[WARN] [1784818640.435933252] [vertical_lidar_mapper]: Vertical scan deskew failed (scan_age=0.101s): only 92.4% of valid beams had interpolated poses
[WARN] [1784818642.533809413] [vertical_lidar_mapper]: Vertical scan deskew failed (scan_age=0.100s): only 93.3% of valid beams had interpolated poses
[WARN] [1784818644.628380714] [vertical_lidar_mapper]: Vertical scan deskew failed (scan_age=0.102s): only 92.6% of valid beams had interpolated poses
[WARN] [1784818646.727464304] [vertical_lidar_mapper]: Vertical scan deskew failed (scan_age=0.100s): only 92.4% of valid beams had interpolated poses
[WARN] [1784818648.727597926] [vertical_lidar_mapper]: Vertical scan deskew failed (scan_age=0.098s): only 92.8% of valid beams had interpolated poses
[WARN] [1784818650.820612074] [vertical_lidar_mapper]: Vertical scan deskew failed (scan_age=0.100s): only 93.0% of valid beams had interpolated poses
[WARN] [1784818652.823564092] [vertical_lidar_mapper]: Vertical scan deskew failed (scan_age=0.100s): only 92.8% of valid beams had interpolated poses
[WARN] [1784818654.921784642] [vertical_lidar_mapper]: Vertical scan deskew failed (scan_age=0.101s): only 92.7% of valid beams had interpolated poses
[WARN] [1784818657.017715779] [vertical_lidar_mapper]: Vertical scan deskew failed (scan_age=0.101s): only 93.2% of valid beams had interpolated poses
[WARN] [1784818659.115884699] [vertical_lidar_mapper]: Vertical scan deskew failed (scan_age=0.101s): only 92.4% of valid beams had interpolated poses
[WARN] [1784818661.116166284] [vertical_lidar_mapper]: Vertical scan deskew failed (scan_age=0.101s): only 92.4% of valid beams had interpolated poses
[WARN] [1784818663.211195215] [vertical_lidar_mapper]: Vertical scan deskew failed (scan_age=0.100s): only 92.6% of valid beams had interpolated poses
[WARN] [1784818665.310436471] [vertical_lidar_mapper]: Vertical scan deskew failed (scan_age=0.100s): only 92.6% of valid beams had interpolated poses
[WARN] [1784818667.403369933] [vertical_lidar_mapper]: Vertical scan deskew failed (scan_age=0.101s): only 93.3% of valid beams had interpolated poses
[WARN] [1784818669.408580345] [vertical_lidar_mapper]: Vertical scan deskew failed (scan_age=0.100s): only 93.3% of valid beams had interpolated poses
[WARN] [1784818671.503261885] [vertical_lidar_mapper]: Vertical scan deskew failed (scan_age=0.098s): only 92.7% of valid beams had interpolated poses
[WARN] [1784818673.504327028] [vertical_lidar_mapper]: Vertical scan deskew failed (scan_age=0.100s): only 92.4% of valid beams had interpolated poses
[WARN] [1784818675.601536500] [vertical_lidar_mapper]: Vertical scan deskew failed (scan_age=0.099s): only 92.7% of valid beams had interpolated poses
[WARN] [1784818677.696916135] [vertical_lidar_mapper]: Vertical scan deskew failed (scan_age=0.101s): only 92.4% of valid beams had interpolated poses
[WARN] [1784818679.795076073] [vertical_lidar_mapper]: Vertical scan deskew failed (scan_age=0.100s): only 92.4% of valid beams had interpolated poses
[WARN] [1784818681.894067717] [vertical_lidar_mapper]: Vertical scan deskew failed (scan_age=0.101s): only 92.4% of valid beams had interpolated poses
[WARN] [1784818683.992197358] [vertical_lidar_mapper]: Vertical scan deskew failed (scan_age=0.100s): only 92.9% of valid beams had interpolated poses
[WARN] [1784818686.088377625] [vertical_lidar_mapper]: Vertical scan deskew failed (scan_age=0.098s): only 92.4% of valid beams had interpolated poses
[WARN] [1784818688.186368247] [vertical_lidar_mapper]: Vertical scan deskew failed (scan_age=0.100s): only 93.5% of valid beams had interpolated poses
[WARN] [1784818690.280451786] [vertical_lidar_mapper]: Vertical scan deskew failed (scan_age=0.101s): only 92.6% of valid beams had interpolated poses
[WARN] [1784818692.280636740] [vertical_lidar_mapper]: Vertical scan deskew failed (scan_age=0.098s): only 92.2% of valid beams had interpolated poses
[WARN] [1784818694.374737594] [vertical_lidar_mapper]: Vertical scan deskew failed (scan_age=0.101s): only 92.4% of valid beams had interpolated poses
[WARN] [1784818696.374893844] [vertical_lidar_mapper]: Vertical scan deskew failed (scan_age=0.101s): only 92.8% of valid beams had interpolated poses
[WARN] [1784818698.470938592] [vertical_lidar_mapper]: Vertical scan deskew failed (scan_age=0.098s): only 93.1% of valid beams had interpolated poses
[WARN] [1784818700.471004508] [vertical_lidar_mapper]: Vertical scan deskew failed (scan_age=0.101s): only 92.4% of valid beams had interpolated poses
[WARN] [1784818702.567103608] [vertical_lidar_mapper]: Vertical scan deskew failed (scan_age=0.101s): only 93.0% of valid beams had interpolated poses
[WARN] [1784818704.663143281] [vertical_lidar_mapper]: Vertical scan deskew failed (scan_age=0.101s): only 92.6% of valid beams had interpolated poses
[WARN] [1784818706.663144864] [vertical_lidar_mapper]: Vertical scan deskew failed (scan_age=0.100s): only 92.3% of valid beams had interpolated poses
[WARN] [1784818708.762221045] [vertical_lidar_mapper]: Vertical scan deskew failed (scan_age=0.101s): only 92.8% of valid beams had interpolated poses
[WARN] [1784818710.858458737] [vertical_lidar_mapper]: Vertical scan deskew failed (scan_age=0.101s): only 92.9% of valid beams had interpolated poses
[WARN] [1784818712.858539079] [vertical_lidar_mapper]: Vertical scan deskew failed (scan_age=0.100s): only 93.0% of valid beams had interpolated poses
[WARN] [1784818714.953459768] [vertical_lidar_mapper]: Vertical scan deskew failed (scan_age=0.097s): only 92.2% of valid beams had interpolated poses
[WARN] [1784818717.047849699] [vertical_lidar_mapper]: Vertical scan deskew failed (scan_age=0.098s): only 92.8% of valid beams had interpolated poses
[WARN] [1784818719.048825771] [vertical_lidar_mapper]: Vertical scan deskew failed (scan_age=0.101s): only 93.3% of valid beams had interpolated poses
[WARN] [1784818721.147074435] [vertical_lidar_mapper]: Vertical scan deskew failed (scan_age=0.101s): only 93.0% of valid beams had interpolated poses
[WARN] [1784818723.247674625] [vertical_lidar_mapper]: Vertical scan deskew failed (scan_age=0.101s): only 93.0% of valid beams had interpolated poses
[WARN] [1784818725.346957081] [vertical_lidar_mapper]: Vertical scan deskew failed (scan_age=0.101s): only 92.6% of valid beams had interpolated poses
[WARN] [1784818727.444846525] [vertical_lidar_mapper]: Vertical scan deskew failed (scan_age=0.101s): only 93.3% of valid beams had interpolated poses
[WARN] [1784818729.543045419] [vertical_lidar_mapper]: Vertical scan deskew failed (scan_age=0.100s): only 92.4% of valid beams had interpolated poses
[WARN] [1784818731.638941089] [vertical_lidar_mapper]: Vertical scan deskew failed (scan_age=0.098s): only 92.4% of valid beams had interpolated poses
[WARN] [1784818733.737148239] [vertical_lidar_mapper]: Vertical scan deskew failed (scan_age=0.100s): only 92.4% of valid beams had interpolated poses
[WARN] [1784818735.836067221] [vertical_lidar_mapper]: Vertical scan deskew failed (scan_age=0.101s): only 92.0% of valid beams had interpolated poses
[WARN] [1784818737.929195309] [vertical_lidar_mapper]: Vertical scan deskew failed (scan_age=0.100s): only 92.7% of valid beams had interpolated poses
[WARN] [1784818739.930188409] [vertical_lidar_mapper]: Vertical scan deskew failed (scan_age=0.098s): only 93.5% of valid beams had interpolated poses
[WARN] [1784818742.023227563] [vertical_lidar_mapper]: Vertical scan deskew failed (scan_age=0.098s): only 93.5% of valid beams had interpolated poses
[WARN] [1784818744.026341825] [vertical_lidar_mapper]: Vertical scan deskew failed (scan_age=0.101s): only 92.6% of valid beams had interpolated poses
[WARN] [1784818746.122531253] [vertical_lidar_mapper]: Vertical scan deskew failed (scan_age=0.098s): only 93.7% of valid beams had interpolated poses
[WARN] [1784818748.220350411] [vertical_lidar_mapper]: Vertical scan deskew failed (scan_age=0.101s): only 92.9% of valid beams had interpolated poses
[WARN] [1784818750.223397310] [vertical_lidar_mapper]: Vertical scan deskew failed (scan_age=0.101s): only 92.4% of valid beams had interpolated poses
[WARN] [1784818752.316359849] [vertical_lidar_mapper]: Vertical scan deskew failed (scan_age=0.100s): only 93.7% of valid beams had interpolated poses
[WARN] [1784818754.415397380] [vertical_lidar_mapper]: Vertical scan deskew failed (scan_age=0.101s): only 92.4% of valid beams had interpolated poses
[WARN] [1784818756.511647278] [vertical_lidar_mapper]: Vertical scan deskew failed (scan_age=0.098s): only 86.5% of valid beams had interpolated poses
[WARN] [1784818758.607720348] [vertical_lidar_mapper]: Vertical scan deskew failed (scan_age=0.101s): only 92.6% of valid beams had interpolated poses
[WARN] [1784818760.610463642] [vertical_lidar_mapper]: Vertical scan deskew failed (scan_age=0.101s): only 92.6% of valid beams had interpolated poses
[WARN] [1784818762.708681914] [vertical_lidar_mapper]: Vertical scan deskew failed (scan_age=0.101s): only 92.6% of valid beams had interpolated poses
[WARN] [1784818764.804476689] [vertical_lidar_mapper]: Vertical scan deskew failed (scan_age=0.101s): only 92.9% of valid beams had interpolated poses
[WARN] [1784818766.902746349] [vertical_lidar_mapper]: Vertical scan deskew failed (scan_age=0.100s): only 92.0% of valid beams had interpolated poses
[WARN] [1784818769.004025650] [vertical_lidar_mapper]: Vertical scan deskew failed (scan_age=0.103s): only 92.4% of valid beams had interpolated poses
[WARN] [1784818771.099972721] [vertical_lidar_mapper]: Vertical scan deskew failed (scan_age=0.100s): only 88.9% of valid beams had interpolated poses
[WARN] [1784818773.197921765] [vertical_lidar_mapper]: Vertical scan deskew failed (scan_age=0.100s): only 92.8% of valid beams had interpolated poses
[WARN] [1784818775.292038663] [vertical_lidar_mapper]: Vertical scan deskew failed (scan_age=0.098s): only 93.0% of valid beams had interpolated poses
[WARN] [1784818777.294909335] [vertical_lidar_mapper]: Vertical scan deskew failed (scan_age=0.101s): only 92.4% of valid beams had interpolated poses
[WARN] [1784818779.390109672] [vertical_lidar_mapper]: Vertical scan deskew failed (scan_age=0.097s): only 92.4% of valid beams had interpolated poses
[WARN] [1784818781.486308456] [vertical_lidar_mapper]: Vertical scan deskew failed (scan_age=0.100s): only 93.4% of valid beams had interpolated poses
[WARN] [1784818783.487263073] [vertical_lidar_mapper]: Vertical scan deskew failed (scan_age=0.100s): only 92.9% of valid beams had interpolated poses
[WARN] [1784818785.580263637] [vertical_lidar_mapper]: Vertical scan deskew failed (scan_age=0.098s): only 92.8% of valid beams had interpolated poses
[WARN] [1784818787.581380972] [vertical_lidar_mapper]: Vertical scan deskew failed (scan_age=0.101s): only 93.0% of valid beams had interpolated poses
[WARN] [1784818789.679502484] [vertical_lidar_mapper]: Vertical scan deskew failed (scan_age=0.101s): only 92.6% of valid beams had interpolated poses
[WARN] [1784818791.775551530] [vertical_lidar_mapper]: Vertical scan deskew failed (scan_age=0.100s): only 92.4% of valid beams had interpolated poses
[WARN] [1784818793.876483494] [vertical_lidar_mapper]: Vertical scan deskew failed (scan_age=0.101s): only 93.1% of valid beams had interpolated poses
[WARN] [1784818795.972257976] [vertical_lidar_mapper]: Vertical scan deskew failed (scan_age=0.101s): only 92.4% of valid beams had interpolated poses
[WARN] [1784818798.065546178] [vertical_lidar_mapper]: Vertical scan deskew failed (scan_age=0.098s): only 92.4% of valid beams had interpolated poses
[WARN] [1784818800.066462873] [vertical_lidar_mapper]: Vertical scan deskew failed (scan_age=0.098s): only 93.3% of valid beams had interpolated poses
[WARN] [1784818802.164779730] [vertical_lidar_mapper]: Vertical scan deskew failed (scan_age=0.101s): only 93.1% of valid beams had interpolated poses
[WARN] [1784818804.262678024] [vertical_lidar_mapper]: Vertical scan deskew failed (scan_age=0.100s): only 92.6% of valid beams had interpolated poses
[WARN] [1784818806.359019601] [vertical_lidar_mapper]: Vertical scan deskew failed (scan_age=0.100s): only 92.4% of valid beams had interpolated poses
[WARN] [1784818808.458267922] [vertical_lidar_mapper]: Vertical scan deskew failed (scan_age=0.100s): only 91.4% of valid beams had interpolated poses
[WARN] [1784818810.554357277] [vertical_lidar_mapper]: Vertical scan deskew failed (scan_age=0.097s): only 92.6% of valid beams had interpolated poses
[WARN] [1784818812.556314727] [vertical_lidar_mapper]: Vertical scan deskew failed (scan_age=0.100s): only 92.4% of valid beams had interpolated poses
[WARN] [1784818814.655781271] [vertical_lidar_mapper]: Vertical scan deskew failed (scan_age=0.100s): only 92.4% of valid beams had interpolated poses
[WARN] [1784818816.751057743] [vertical_lidar_mapper]: Vertical scan deskew failed (scan_age=0.098s): only 92.2% of valid beams had interpolated poses
[WARN] [1784818818.849262048] [vertical_lidar_mapper]: Vertical scan deskew failed (scan_age=0.100s): only 92.6% of valid beams had interpolated poses
[WARN] [1784818820.850304134] [vertical_lidar_mapper]: Vertical scan deskew failed (scan_age=0.101s): only 92.5% of valid beams had interpolated poses
[WARN] [1784818822.852960163] [vertical_lidar_mapper]: Vertical scan deskew failed (scan_age=0.104s): only 94.2% of valid beams had interpolated poses
[WARN] [1784818824.946434360] [vertical_lidar_mapper]: Vertical scan deskew failed (scan_age=0.098s): only 94.0% of valid beams had interpolated poses
[WARN] [1784818827.039586638] [vertical_lidar_mapper]: Vertical scan deskew failed (scan_age=0.100s): only 92.4% of valid beams had interpolated poses
[WARN] [1784818829.133597582] [vertical_lidar_mapper]: Vertical scan deskew failed (scan_age=0.101s): only 92.6% of valid beams had interpolated poses
[WARN] [1784818831.133692297] [vertical_lidar_mapper]: Vertical scan deskew failed (scan_age=0.101s): only 93.0% of valid beams had interpolated poses
[WARN] [1784818833.134619543] [vertical_lidar_mapper]: Vertical scan deskew failed (scan_age=0.101s): only 93.0% of valid beams had interpolated poses
[WARN] [1784818835.234816292] [vertical_lidar_mapper]: Vertical scan deskew failed (scan_age=0.100s): only 92.6% of valid beams had interpolated poses
[WARN] [1784818837.328805113] [vertical_lidar_mapper]: Vertical scan deskew failed (scan_age=0.101s): only 93.3% of valid beams had interpolated poses
[WARN] [1784818839.426998508] [vertical_lidar_mapper]: Vertical scan deskew failed (scan_age=0.101s): only 93.0% of valid beams had interpolated poses
[WARN] [1784818841.427934626] [vertical_lidar_mapper]: Vertical scan deskew failed (scan_age=0.101s): only 92.2% of valid beams had interpolated poses
[WARN] [1784818843.521096216] [vertical_lidar_mapper]: Vertical scan deskew failed (scan_age=0.101s): only 91.1% of valid beams had interpolated poses
[WARN] [1784818845.719991339] [vertical_lidar_mapper]: Vertical scan deskew failed (scan_age=0.101s): only 92.3% of valid beams had interpolated poses
[WARN] [1784818847.720201370] [vertical_lidar_mapper]: Vertical scan deskew failed (scan_age=0.101s): only 91.2% of valid beams had interpolated poses
[WARN] [1784818849.818278051] [vertical_lidar_mapper]: Vertical scan deskew failed (scan_age=0.100s): only 91.3% of valid beams had interpolated poses
[WARN] [1784818851.819301954] [vertical_lidar_mapper]: Vertical scan deskew failed (scan_age=0.101s): only 91.3% of valid beams had interpolated poses
[WARN] [1784818853.918185977] [vertical_lidar_mapper]: Vertical scan deskew failed (scan_age=0.101s): only 91.2% of valid beams had interpolated poses
[WARN] [1784818855.918252882] [vertical_lidar_mapper]: Vertical scan deskew failed (scan_age=0.101s): only 91.1% of valid beams had interpolated poses
[WARN] [1784818858.014608136] [vertical_lidar_mapper]: Vertical scan deskew failed (scan_age=0.101s): only 95.0% of valid beams had interpolated poses
[WARN] [1784818860.112728203] [vertical_lidar_mapper]: Vertical scan deskew failed (scan_age=0.101s): only 91.1% of valid beams had interpolated poses
[WARN] [1784818862.208619658] [vertical_lidar_mapper]: Vertical scan deskew failed (scan_age=0.101s): only 90.5% of valid beams had interpolated poses
[WARN] [1784818864.306895715] [vertical_lidar_mapper]: Vertical scan deskew failed (scan_age=0.100s): only 91.0% of valid beams had interpolated poses
[WARN] [1784818866.307917214] [vertical_lidar_mapper]: Vertical scan deskew failed (scan_age=0.101s): only 90.7% of valid beams had interpolated poses
[WARN] [1784818868.404109248] [vertical_lidar_mapper]: Vertical scan deskew failed (scan_age=0.101s): only 91.1% of valid beams had interpolated poses
[WARN] [1784818870.502436147] [vertical_lidar_mapper]: Vertical scan deskew failed (scan_age=0.101s): only 91.3% of valid beams had interpolated poses
[WARN] [1784818872.600020422] [vertical_lidar_mapper]: Vertical scan deskew failed (scan_age=0.099s): only 91.4% of valid beams had interpolated poses
[WARN] [1784818874.699238633] [vertical_lidar_mapper]: Vertical scan deskew failed (scan_age=0.101s): only 91.2% of valid beams had interpolated poses
[WARN] [1784818876.797274139] [vertical_lidar_mapper]: Vertical scan deskew failed (scan_age=0.100s): only 91.2% of valid beams had interpolated poses
[WARN] [1784818878.893450739] [vertical_lidar_mapper]: Vertical scan deskew failed (scan_age=0.100s): only 92.2% of valid beams had interpolated poses
[WARN] [1784818880.989300521] [vertical_lidar_mapper]: Vertical scan deskew failed (scan_age=0.098s): only 90.9% of valid beams had interpolated poses
[WARN] [1784818883.087371921] [vertical_lidar_mapper]: Vertical scan deskew failed (scan_age=0.100s): only 91.3% of valid beams had interpolated poses
[WARN] [1784818885.186373146] [vertical_lidar_mapper]: Vertical scan deskew failed (scan_age=0.101s): only 92.4% of valid beams had interpolated poses
[WARN] [1784818887.284627449] [vertical_lidar_mapper]: Vertical scan deskew failed (scan_age=0.100s): only 92.9% of valid beams had interpolated poses
[WARN] [1784818889.380879783] [vertical_lidar_mapper]: Vertical scan deskew failed (scan_age=0.098s): only 92.4% of valid beams had interpolated poses
[WARN] [1784818891.478859566] [vertical_lidar_mapper]: Vertical scan deskew failed (scan_age=0.100s): only 92.2% of valid beams had interpolated poses
[WARN] [1784818893.578090150] [vertical_lidar_mapper]: Vertical scan deskew failed (scan_age=0.101s): only 94.0% of valid beams had interpolated poses
[WARN] [1784818895.678890974] [vertical_lidar_mapper]: Vertical scan deskew failed (scan_age=0.101s): only 91.4% of valid beams had interpolated poses
[WARN] [1784818897.774811021] [vertical_lidar_mapper]: Vertical scan deskew failed (scan_age=0.098s): only 91.3% of valid beams had interpolated poses
[WARN] [1784818899.774895033] [vertical_lidar_mapper]: Vertical scan deskew failed (scan_age=0.098s): only 91.1% of valid beams had interpolated poses
[WARN] [1784818901.776203526] [vertical_lidar_mapper]: Vertical scan deskew failed (scan_age=0.101s): only 91.8% of valid beams had interpolated poses
[WARN] [1784818903.871243685] [vertical_lidar_mapper]: Vertical scan deskew failed (scan_age=0.098s): only 91.6% of valid beams had interpolated poses
[WARN] [1784818905.972382313] [vertical_lidar_mapper]: Vertical scan deskew failed (scan_age=0.100s): only 91.8% of valid beams had interpolated poses
[WARN] [1784818908.068463536] [vertical_lidar_mapper]: Vertical scan deskew failed (scan_age=0.100s): only 92.4% of valid beams had interpolated poses
[WARN] [1784818910.164460872] [vertical_lidar_mapper]: Vertical scan deskew failed (scan_age=0.101s): only 94.5% of valid beams had interpolated poses
[WARN] [1784818912.260759294] [vertical_lidar_mapper]: Vertical scan deskew failed (scan_age=0.098s): only 92.6% of valid beams had interpolated poses
[WARN] [1784818914.358793729] [vertical_lidar_mapper]: Vertical scan deskew failed (scan_age=0.100s): only 92.2% of valid beams had interpolated poses
[WARN] [1784818916.457858662] [vertical_lidar_mapper]: Vertical scan deskew failed (scan_age=0.101s): only 91.6% of valid beams had interpolated poses
[WARN] [1784818918.556224899] [vertical_lidar_mapper]: Vertical scan deskew failed (scan_age=0.100s): only 92.6% of valid beams had interpolated poses
[WARN] [1784818920.654974299] [vertical_lidar_mapper]: Vertical scan deskew failed (scan_age=0.101s): only 92.0% of valid beams had interpolated poses
[WARN] [1784818922.752173800] [vertical_lidar_mapper]: Vertical scan deskew failed (scan_age=0.101s): only 92.2% of valid beams had interpolated poses
[WARN] [1784818924.755540949] [vertical_lidar_mapper]: Vertical scan deskew failed (scan_age=0.102s): only 92.4% of valid beams had interpolated poses
[WARN] [1784818926.847780069] [vertical_lidar_mapper]: Vertical scan deskew failed (scan_age=0.101s): only 92.1% of valid beams had interpolated poses
[WARN] [1784818928.948300845] [vertical_lidar_mapper]: Vertical scan deskew failed (scan_age=0.101s): only 92.6% of valid beams had interpolated poses
[WARN] [1784818931.043206983] [vertical_lidar_mapper]: Vertical scan deskew failed (scan_age=0.100s): only 92.0% of valid beams had interpolated poses
[WARN] [1784818933.044371954] [vertical_lidar_mapper]: Vertical scan deskew failed (scan_age=0.100s): only 92.2% of valid beams had interpolated poses
[WARN] [1784818935.137546935] [vertical_lidar_mapper]: Vertical scan deskew failed (scan_age=0.100s): only 92.2% of valid beams had interpolated poses
[WARN] [1784818937.233490752] [vertical_lidar_mapper]: Vertical scan deskew failed (scan_age=0.100s): only 92.4% of valid beams had interpolated poses
[WARN] [1784818939.329630181] [vertical_lidar_mapper]: Vertical scan deskew failed (scan_age=0.098s): only 92.4% of valid beams had interpolated poses
[WARN] [1784818941.428856067] [vertical_lidar_mapper]: Vertical scan deskew failed (scan_age=0.101s): only 92.4% of valid beams had interpolated poses
[WARN] [1784818943.526909200] [vertical_lidar_mapper]: Vertical scan deskew failed (scan_age=0.101s): only 92.4% of valid beams had interpolated poses
[WARN] [1784818945.623270931] [vertical_lidar_mapper]: Vertical scan deskew failed (scan_age=0.100s): only 92.0% of valid beams had interpolated poses
[WARN] [1784818947.723959397] [vertical_lidar_mapper]: Vertical scan deskew failed (scan_age=0.101s): only 91.6% of valid beams had interpolated poses
[WARN] [1784818949.819892497] [vertical_lidar_mapper]: Vertical scan deskew failed (scan_age=0.101s): only 92.4% of valid beams had interpolated poses
[WARN] [1784818951.820225779] [vertical_lidar_mapper]: Vertical scan deskew failed (scan_age=0.100s): only 91.8% of valid beams had interpolated poses
[WARN] [1784818953.916033001] [vertical_lidar_mapper]: Vertical scan deskew failed (scan_age=0.100s): only 91.5% of valid beams had interpolated poses
[WARN] [1784818956.014299499] [vertical_lidar_mapper]: Vertical scan deskew failed (scan_age=0.100s): only 91.8% of valid beams had interpolated poses
[WARN] [1784818958.113348544] [vertical_lidar_mapper]: Vertical scan deskew failed (scan_age=0.101s): only 92.2% of valid beams had interpolated poses
[WARN] [1784818960.209696875] [vertical_lidar_mapper]: Vertical scan deskew failed (scan_age=0.101s): only 92.4% of valid beams had interpolated poses
[WARN] [1784818962.407889772] [vertical_lidar_mapper]: Vertical scan deskew failed (scan_age=0.099s): only 91.6% of valid beams had interpolated poses
[WARN] [1784818964.503792345] [vertical_lidar_mapper]: Vertical scan deskew failed (scan_age=0.098s): only 94.1% of valid beams had interpolated poses
[WARN] [1784818966.504729130] [vertical_lidar_mapper]: Vertical scan deskew failed (scan_age=0.101s): only 92.2% of valid beams had interpolated poses
[WARN] [1784818968.601831630] [vertical_lidar_mapper]: Vertical scan deskew failed (scan_age=0.101s): only 91.3% of valid beams had interpolated poses
[WARN] [1784818970.695998588] [vertical_lidar_mapper]: Vertical scan deskew failed (scan_age=0.098s): only 92.4% of valid beams had interpolated poses
[WARN] [1784818972.696893681] [vertical_lidar_mapper]: Vertical scan deskew failed (scan_age=0.098s): only 92.4% of valid beams had interpolated poses
[WARN] [1784818974.793332358] [vertical_lidar_mapper]: Vertical scan deskew failed (scan_age=0.101s): only 92.6% of valid beams had interpolated poses
[WARN] [1784818976.889353229] [vertical_lidar_mapper]: Vertical scan deskew failed (scan_age=0.101s): only 91.8% of valid beams had interpolated poses
[WARN] [1784818978.987624903] [vertical_lidar_mapper]: Vertical scan deskew failed (scan_age=0.100s): only 92.2% of valid beams had interpolated poses
[WARN] [1784818981.085470899] [vertical_lidar_mapper]: Vertical scan deskew failed (scan_age=0.100s): only 92.0% of valid beams had interpolated poses
[WARN] [1784818983.086624708] [vertical_lidar_mapper]: Vertical scan deskew failed (scan_age=0.101s): only 92.3% of valid beams had interpolated poses
[WARN] [1784818985.179667869] [vertical_lidar_mapper]: Vertical scan deskew failed (scan_age=0.098s): only 91.8% of valid beams had interpolated poses
[WARN] [1784818987.180698835] [vertical_lidar_mapper]: Vertical scan deskew failed (scan_age=0.101s): only 92.6% of valid beams had interpolated poses
[WARN] [1784818989.278740537] [vertical_lidar_mapper]: Vertical scan deskew failed (scan_age=0.100s): only 91.6% of valid beams had interpolated poses
[WARN] [1784818991.377029932] [vertical_lidar_mapper]: Vertical scan deskew failed (scan_age=0.100s): only 91.6% of valid beams had interpolated poses
[WARN] [1784818993.475884458] [vertical_lidar_mapper]: Vertical scan deskew failed (scan_age=0.101s): only 92.8% of valid beams had interpolated poses
[WARN] [1784818995.572065706] [vertical_lidar_mapper]: Vertical scan deskew failed (scan_age=0.101s): only 92.4% of valid beams had interpolated poses
[WARN] [1784818997.670217648] [vertical_lidar_mapper]: Vertical scan deskew failed (scan_age=0.100s): only 92.7% of valid beams had interpolated poses
[WARN] [1784818999.769801600] [vertical_lidar_mapper]: Vertical scan deskew failed (scan_age=0.102s): only 94.1% of valid beams had interpolated poses
[WARN] [1784819001.864251281] [vertical_lidar_mapper]: Vertical scan deskew failed (scan_age=0.100s): only 93.6% of valid beams had interpolated poses
[WARN] [1784819003.963571596] [vertical_lidar_mapper]: Vertical scan deskew failed (scan_age=0.101s): only 92.9% of valid beams had interpolated poses
[WARN] [1784819006.061494081] [vertical_lidar_mapper]: Vertical scan deskew failed (scan_age=0.098s): only 92.6% of valid beams had interpolated poses
[WARN] [1784819008.062530764] [vertical_lidar_mapper]: Vertical scan deskew failed (scan_age=0.101s): only 92.6% of valid beams had interpolated poses
[WARN] [1784819010.062697892] [vertical_lidar_mapper]: Vertical scan deskew failed (scan_age=0.100s): only 92.4% of valid beams had interpolated poses
[WARN] [1784819012.156187986] [vertical_lidar_mapper]: Vertical scan deskew failed (scan_age=0.100s): only 92.8% of valid beams had interpolated poses
[WARN] [1784819014.254128709] [vertical_lidar_mapper]: Vertical scan deskew failed (scan_age=0.099s): only 92.4% of valid beams had interpolated poses
[WARN] [1784819016.354382552] [vertical_lidar_mapper]: Vertical scan deskew failed (scan_age=0.104s): only 92.4% of valid beams had interpolated poses
[WARN] [1784819018.356225770] [vertical_lidar_mapper]: Vertical scan deskew failed (scan_age=0.099s): only 92.2% of valid beams had interpolated poses
[WARN] [1784819020.448893181] [vertical_lidar_mapper]: Vertical scan deskew failed (scan_age=0.097s): only 92.4% of valid beams had interpolated poses
[WARN] [1784819022.450110067] [vertical_lidar_mapper]: Vertical scan deskew failed (scan_age=0.100s): only 92.8% of valid beams had interpolated poses
[WARN] [1784819024.549284562] [vertical_lidar_mapper]: Vertical scan deskew failed (scan_age=0.101s): only 92.6% of valid beams had interpolated poses
[WARN] [1784819026.644428921] [vertical_lidar_mapper]: Vertical scan deskew failed (scan_age=0.101s): only 92.6% of valid beams had interpolated poses
[WARN] [1784819028.740637100] [vertical_lidar_mapper]: Vertical scan deskew failed (scan_age=0.101s): only 93.2% of valid beams had interpolated poses
[WARN] [1784819030.836581381] [vertical_lidar_mapper]: Vertical scan deskew failed (scan_age=0.098s): only 93.4% of valid beams had interpolated poses
[WARN] [1784819032.839400078] [vertical_lidar_mapper]: Vertical scan deskew failed (scan_age=0.101s): only 92.4% of valid beams had interpolated poses
[WARN] [1784819034.935703901] [vertical_lidar_mapper]: Vertical scan deskew failed (scan_age=0.098s): only 93.0% of valid beams had interpolated poses
[WARN] [1784819037.033671573] [vertical_lidar_mapper]: Vertical scan deskew failed (scan_age=0.100s): only 92.8% of valid beams had interpolated poses
[WARN] [1784819039.129628238] [vertical_lidar_mapper]: Vertical scan deskew failed (scan_age=0.098s): only 93.3% of valid beams had interpolated poses
[WARN] [1784819041.130778692] [vertical_lidar_mapper]: Vertical scan deskew failed (scan_age=0.101s): only 93.7% of valid beams had interpolated poses
[WARN] [1784819043.229258268] [vertical_lidar_mapper]: Vertical scan deskew failed (scan_age=0.101s): only 93.1% of valid beams had interpolated poses
[WARN] [1784819045.327323157] [vertical_lidar_mapper]: Vertical scan deskew failed (scan_age=0.100s): only 93.9% of valid beams had interpolated poses
[WARN] [1784819047.427082072] [vertical_lidar_mapper]: Vertical scan deskew failed (scan_age=0.098s): only 93.2% of valid beams had interpolated poses
[WARN] [1784819049.723439351] [vertical_lidar_mapper]: Vertical scan deskew failed (scan_age=0.100s): only 92.0% of valid beams had interpolated poses
[WARN] [1784819051.821430380] [vertical_lidar_mapper]: Vertical scan deskew failed (scan_age=0.101s): only 92.6% of valid beams had interpolated poses
[WARN] [1784819053.917450279] [vertical_lidar_mapper]: Vertical scan deskew failed (scan_age=0.100s): only 93.5% of valid beams had interpolated poses
[WARN] [1784819055.917605453] [vertical_lidar_mapper]: Vertical scan deskew failed (scan_age=0.100s): only 93.3% of valid beams had interpolated poses
[WARN] [1784819058.016850630] [vertical_lidar_mapper]: Vertical scan deskew failed (scan_age=0.101s): only 92.6% of valid beams had interpolated poses
[WARN] [1784819060.111922497] [vertical_lidar_mapper]: Vertical scan deskew failed (scan_age=0.100s): only 92.6% of valid beams had interpolated poses
[WARN] [1784819062.112862210] [vertical_lidar_mapper]: Vertical scan deskew failed (scan_age=0.101s): only 92.2% of valid beams had interpolated poses
[WARN] [1784819064.206306088] [vertical_lidar_mapper]: Vertical scan deskew failed (scan_age=0.098s): only 93.3% of valid beams had interpolated poses
[WARN] [1784819066.207749016] [vertical_lidar_mapper]: Vertical scan deskew failed (scan_age=0.101s): only 92.8% of valid beams had interpolated poses
[WARN] [1784819068.307704925] [vertical_lidar_mapper]: Vertical scan deskew failed (scan_age=0.100s): only 92.9% of valid beams had interpolated poses
[WARN] [1784819070.404013162] [vertical_lidar_mapper]: Vertical scan deskew failed (scan_age=0.102s): only 92.8% of valid beams had interpolated poses
[WARN] [1784819072.504502382] [vertical_lidar_mapper]: Vertical scan deskew failed (scan_age=0.100s): only 93.0% of valid beams had interpolated poses
[WARN] [1784819074.595608579] [vertical_lidar_mapper]: Vertical scan deskew failed (scan_age=0.100s): only 93.3% of valid beams had interpolated poses
[WARN] [1784819076.596648168] [vertical_lidar_mapper]: Vertical scan deskew failed (scan_age=0.101s): only 92.6% of valid beams had interpolated poses
[WARN] [1784819078.691744116] [vertical_lidar_mapper]: Vertical scan deskew failed (scan_age=0.100s): only 92.7% of valid beams had interpolated poses
[WARN] [1784819080.790851988] [vertical_lidar_mapper]: Vertical scan deskew failed (scan_age=0.101s): only 93.5% of valid beams had interpolated poses
[WARN] [1784819082.889538688] [vertical_lidar_mapper]: Vertical scan deskew failed (scan_age=0.100s): only 93.3% of valid beams had interpolated poses
[WARN] [1784819084.987913751] [vertical_lidar_mapper]: Vertical scan deskew failed (scan_age=0.101s): only 94.0% of valid beams had interpolated poses
[WARN] [1784819087.084106129] [vertical_lidar_mapper]: Vertical scan deskew failed (scan_age=0.101s): only 93.5% of valid beams had interpolated poses
[WARN] [1784819089.180243960] [vertical_lidar_mapper]: Vertical scan deskew failed (scan_age=0.101s): only 93.1% of valid beams had interpolated poses
[WARN] [1784819091.278252846] [vertical_lidar_mapper]: Vertical scan deskew failed (scan_age=0.101s): only 93.1% of valid beams had interpolated poses
[WARN] [1784819093.376347646] [vertical_lidar_mapper]: Vertical scan deskew failed (scan_age=0.100s): only 93.7% of valid beams had interpolated poses
[WARN] [1784819095.472391977] [vertical_lidar_mapper]: Vertical scan deskew failed (scan_age=0.098s): only 92.8% of valid beams had interpolated poses
[WARN] [1784819097.473499160] [vertical_lidar_mapper]: Vertical scan deskew failed (scan_age=0.098s): only 92.3% of valid beams had interpolated poses
[WARN] [1784819099.473675437] [vertical_lidar_mapper]: Vertical scan deskew failed (scan_age=0.100s): only 92.1% of valid beams had interpolated poses
[WARN] [1784819101.571882783] [vertical_lidar_mapper]: Vertical scan deskew failed (scan_age=0.100s): only 92.0% of valid beams had interpolated poses
[WARN] [1784819103.667726380] [vertical_lidar_mapper]: Vertical scan deskew failed (scan_age=0.100s): only 92.6% of valid beams had interpolated poses
[WARN] [1784819105.767147817] [vertical_lidar_mapper]: Vertical scan deskew failed (scan_age=0.101s): only 93.0% of valid beams had interpolated poses
[WARN] [1784819107.864920259] [vertical_lidar_mapper]: Vertical scan deskew failed (scan_age=0.098s): only 94.0% of valid beams had interpolated poses
[WARN] [1784819109.866196649] [vertical_lidar_mapper]: Vertical scan deskew failed (scan_age=0.101s): only 92.2% of valid beams had interpolated poses
[WARN] [1784819111.964095196] [vertical_lidar_mapper]: Vertical scan deskew failed (scan_age=0.101s): only 93.3% of valid beams had interpolated poses
[WARN] [1784819114.057350367] [vertical_lidar_mapper]: Vertical scan deskew failed (scan_age=0.100s): only 92.2% of valid beams had interpolated poses
[WARN] [1784819116.058451461] [vertical_lidar_mapper]: Vertical scan deskew failed (scan_age=0.101s): only 93.1% of valid beams had interpolated poses
[WARN] [1784819118.157044623] [vertical_lidar_mapper]: Vertical scan deskew failed (scan_age=0.100s): only 93.5% of valid beams had interpolated poses
[WARN] [1784819120.254758559] [vertical_lidar_mapper]: Vertical scan deskew failed (scan_age=0.098s): only 93.1% of valid beams had interpolated poses
[WARN] [1784819122.351677918] [vertical_lidar_mapper]: Vertical scan deskew failed (scan_age=0.101s): only 93.3% of valid beams had interpolated poses
[WARN] [1784819124.449784728] [vertical_lidar_mapper]: Vertical scan deskew failed (scan_age=0.099s): only 93.0% of valid beams had interpolated poses
[WARN] [1784819126.547954086] [vertical_lidar_mapper]: Vertical scan deskew failed (scan_age=0.099s): only 93.5% of valid beams had interpolated poses
[WARN] [1784819128.643915905] [vertical_lidar_mapper]: Vertical scan deskew failed (scan_age=0.100s): only 93.1% of valid beams had interpolated poses
[WARN] [1784819130.743232593] [vertical_lidar_mapper]: Vertical scan deskew failed (scan_age=0.101s): only 93.5% of valid beams had interpolated poses
[WARN] [1784819132.841266775] [vertical_lidar_mapper]: Vertical scan deskew failed (scan_age=0.101s): only 93.6% of valid beams had interpolated poses
[WARN] [1784819135.040330898] [vertical_lidar_mapper]: Vertical scan deskew failed (scan_age=0.101s): only 93.7% of valid beams had interpolated poses
[WARN] [1784819137.136458566] [vertical_lidar_mapper]: Vertical scan deskew failed (scan_age=0.101s): only 92.9% of valid beams had interpolated poses
[WARN] [1784819139.234213161] [vertical_lidar_mapper]: Vertical scan deskew failed (scan_age=0.101s): only 93.5% of valid beams had interpolated poses
[WARN] [1784819141.333333294] [vertical_lidar_mapper]: Vertical scan deskew failed (scan_age=0.101s): only 93.2% of valid beams had interpolated poses
[WARN] [1784819143.429496015] [vertical_lidar_mapper]: Vertical scan deskew failed (scan_age=0.099s): only 93.3% of valid beams had interpolated poses
[WARN] [1784819145.429740928] [vertical_lidar_mapper]: Vertical scan deskew failed (scan_age=0.098s): only 93.7% of valid beams had interpolated poses
[WARN] [1784819147.430745431] [vertical_lidar_mapper]: Vertical scan deskew failed (scan_age=0.101s): only 93.7% of valid beams had interpolated poses
[WARN] [1784819149.431227880] [vertical_lidar_mapper]: Vertical scan deskew failed (scan_age=0.101s): only 93.5% of valid beams had interpolated poses
[WARN] [1784819151.526217888] [vertical_lidar_mapper]: Vertical scan deskew failed (scan_age=0.100s): only 93.7% of valid beams had interpolated poses
[WARN] [1784819153.624858110] [vertical_lidar_mapper]: Vertical scan deskew failed (scan_age=0.100s): only 93.6% of valid beams had interpolated poses
[WARN] [1784819155.723135518] [vertical_lidar_mapper]: Vertical scan deskew failed (scan_age=0.100s): only 93.7% of valid beams had interpolated poses
[WARN] [1784819157.819350748] [vertical_lidar_mapper]: Vertical scan deskew failed (scan_age=0.100s): only 93.3% of valid beams had interpolated poses
[WARN] [1784819159.918506339] [vertical_lidar_mapper]: Vertical scan deskew failed (scan_age=0.101s): only 93.3% of valid beams had interpolated poses
[WARN] [1784819162.016574803] [vertical_lidar_mapper]: Vertical scan deskew failed (scan_age=0.101s): only 93.1% of valid beams had interpolated poses
[WARN] [1784819164.019584844] [vertical_lidar_mapper]: Vertical scan deskew failed (scan_age=0.099s): only 93.5% of valid beams had interpolated poses
[WARN] [1784819166.110855896] [vertical_lidar_mapper]: Vertical scan deskew failed (scan_age=0.101s): only 92.9% of valid beams had interpolated poses
[WARN] [1784819168.207238375] [vertical_lidar_mapper]: Vertical scan deskew failed (scan_age=0.101s): only 93.5% of valid beams had interpolated poses
[WARN] [1784819170.304887293] [vertical_lidar_mapper]: Vertical scan deskew failed (scan_age=0.098s): only 93.9% of valid beams had interpolated poses
[WARN] [1784819172.306164226] [vertical_lidar_mapper]: Vertical scan deskew failed (scan_age=0.101s): only 92.9% of valid beams had interpolated poses
[WARN] [1784819174.403977967] [vertical_lidar_mapper]: Vertical scan deskew failed (scan_age=0.101s): only 93.7% of valid beams had interpolated poses
[WARN] [1784819176.501971980] [vertical_lidar_mapper]: Vertical scan deskew failed (scan_age=0.100s): only 92.6% of valid beams had interpolated poses
[WARN] [1784819178.502799228] [vertical_lidar_mapper]: Vertical scan deskew failed (scan_age=0.100s): only 93.1% of valid beams had interpolated poses
[WARN] [1784819180.599737101] [vertical_lidar_mapper]: Vertical scan deskew failed (scan_age=0.101s): only 93.9% of valid beams had interpolated poses
[WARN] [1784819182.798477552] [vertical_lidar_mapper]: Vertical scan deskew failed (scan_age=0.101s): only 90.7% of valid beams had interpolated poses
[WARN] [1784819184.893754399] [vertical_lidar_mapper]: Vertical scan deskew failed (scan_age=0.100s): only 93.3% of valid beams had interpolated poses
[WARN] [1784819186.894728504] [vertical_lidar_mapper]: Vertical scan deskew failed (scan_age=0.101s): only 92.9% of valid beams had interpolated poses
[WARN] [1784819188.990748203] [vertical_lidar_mapper]: Vertical scan deskew failed (scan_age=0.101s): only 93.5% of valid beams had interpolated poses
[WARN] [1784819191.086935190] [vertical_lidar_mapper]: Vertical scan deskew failed (scan_age=0.101s): only 93.5% of valid beams had interpolated poses
[WARN] [1784819193.182844465] [vertical_lidar_mapper]: Vertical scan deskew failed (scan_age=0.098s): only 93.1% of valid beams had interpolated poses
[WARN] [1784819195.280717875] [vertical_lidar_mapper]: Vertical scan deskew failed (scan_age=0.100s): only 93.2% of valid beams had interpolated poses
[WARN] [1784819197.376978389] [vertical_lidar_mapper]: Vertical scan deskew failed (scan_age=0.101s): only 92.6% of valid beams had interpolated poses
[WARN] [1784819199.380230221] [vertical_lidar_mapper]: Vertical scan deskew failed (scan_age=0.101s): only 92.8% of valid beams had interpolated poses
[WARN] [1784819201.576456407] [vertical_lidar_mapper]: Vertical scan deskew failed (scan_age=0.098s): only 93.7% of valid beams had interpolated poses
[WARN] [1784819203.677600322] [vertical_lidar_mapper]: Vertical scan deskew failed (scan_age=0.101s): only 93.9% of valid beams had interpolated poses
[WARN] [1784819205.773573331] [vertical_lidar_mapper]: Vertical scan deskew failed (scan_age=0.101s): only 91.6% of valid beams had interpolated poses
[WARN] [1784819207.869414273] [vertical_lidar_mapper]: Vertical scan deskew failed (scan_age=0.101s): only 92.8% of valid beams had interpolated poses
[WARN] [1784819209.967317568] [vertical_lidar_mapper]: Vertical scan deskew failed (scan_age=0.101s): only 93.5% of valid beams had interpolated poses
[WARN] [1784819212.063592021] [vertical_lidar_mapper]: Vertical scan deskew failed (scan_age=0.100s): only 93.3% of valid beams had interpolated poses
[WARN] [1784819214.063632715] [vertical_lidar_mapper]: Vertical scan deskew failed (scan_age=0.100s): only 92.6% of valid beams had interpolated poses
[WARN] [1784819216.163004670] [vertical_lidar_mapper]: Vertical scan deskew failed (scan_age=0.101s): only 93.5% of valid beams had interpolated poses
[WARN] [1784819218.259237212] [vertical_lidar_mapper]: Vertical scan deskew failed (scan_age=0.101s): only 92.6% of valid beams had interpolated poses
[WARN] [1784819220.355305555] [vertical_lidar_mapper]: Vertical scan deskew failed (scan_age=0.101s): only 92.9% of valid beams had interpolated poses
[WARN] [1784819222.453729118] [vertical_lidar_mapper]: Vertical scan deskew failed (scan_age=0.101s): only 93.5% of valid beams had interpolated poses
[WARN] [1784819224.455389860] [vertical_lidar_mapper]: Vertical scan deskew failed (scan_age=0.100s): only 93.2% of valid beams had interpolated poses
[WARN] [1784819226.549867253] [vertical_lidar_mapper]: Vertical scan deskew failed (scan_age=0.100s): only 92.6% of valid beams had interpolated poses
[WARN] [1784819228.645490560] [vertical_lidar_mapper]: Vertical scan deskew failed (scan_age=0.098s): only 93.5% of valid beams had interpolated poses
[WARN] [1784819230.646783553] [vertical_lidar_mapper]: Vertical scan deskew failed (scan_age=0.098s): only 93.3% of valid beams had interpolated poses
[WARN] [1784819232.744826821] [vertical_lidar_mapper]: Vertical scan deskew failed (scan_age=0.100s): only 92.6% of valid beams had interpolated poses
[WARN] [1784819234.839017748] [vertical_lidar_mapper]: Vertical scan deskew failed (scan_age=0.101s): only 93.0% of valid beams had interpolated poses
[WARN] [1784819236.839265611] [vertical_lidar_mapper]: Vertical scan deskew failed (scan_age=0.101s): only 93.5% of valid beams had interpolated poses
[WARN] [1784819239.038220692] [vertical_lidar_mapper]: Vertical scan deskew failed (scan_age=0.101s): only 92.8% of valid beams had interpolated poses
[WARN] [1784819241.134543944] [vertical_lidar_mapper]: Vertical scan deskew failed (scan_age=0.101s): only 92.8% of valid beams had interpolated poses
[WARN] [1784819243.134597293] [vertical_lidar_mapper]: Vertical scan deskew failed (scan_age=0.101s): only 93.1% of valid beams had interpolated poses
[WARN] [1784819245.227776586] [vertical_lidar_mapper]: Vertical scan deskew failed (scan_age=0.100s): only 93.7% of valid beams had interpolated poses
[WARN] [1784819247.326970582] [vertical_lidar_mapper]: Vertical scan deskew failed (scan_age=0.101s): only 92.2% of valid beams had interpolated poses
[WARN] [1784819249.425127836] [vertical_lidar_mapper]: Vertical scan deskew failed (scan_age=0.100s): only 93.5% of valid beams had interpolated poses
[WARN] [1784819251.523367809] [vertical_lidar_mapper]: Vertical scan deskew failed (scan_age=0.100s): only 93.3% of valid beams had interpolated poses
[WARN] [1784819253.524484643] [vertical_lidar_mapper]: Vertical scan deskew failed (scan_age=0.100s): only 92.9% of valid beams had interpolated poses
[WARN] [1784819255.615684123] [vertical_lidar_mapper]: Vertical scan deskew failed (scan_age=0.098s): only 92.6% of valid beams had interpolated poses
[WARN] [1784819257.618957627] [vertical_lidar_mapper]: Vertical scan deskew failed (scan_age=0.098s): only 93.0% of valid beams had interpolated poses
[WARN] [1784819259.715096953] [vertical_lidar_mapper]: Vertical scan deskew failed (scan_age=0.101s): only 92.1% of valid beams had interpolated poses
[WARN] [1784819261.715456107] [vertical_lidar_mapper]: Vertical scan deskew failed (scan_age=0.101s): only 92.2% of valid beams had interpolated poses
[WARN] [1784819263.808470769] [vertical_lidar_mapper]: Vertical scan deskew failed (scan_age=0.100s): only 92.4% of valid beams had interpolated poses
[WARN] [1784819265.907462007] [vertical_lidar_mapper]: Vertical scan deskew failed (scan_age=0.101s): only 92.4% of valid beams had interpolated poses
[WARN] [1784819268.005635376] [vertical_lidar_mapper]: Vertical scan deskew failed (scan_age=0.099s): only 93.0% of valid beams had interpolated poses
[WARN] [1784819270.104965888] [vertical_lidar_mapper]: Vertical scan deskew failed (scan_age=0.101s): only 93.3% of valid beams had interpolated poses
[WARN] [1784819272.105077571] [vertical_lidar_mapper]: Vertical scan deskew failed (scan_age=0.100s): only 92.9% of valid beams had interpolated poses
[WARN] [1784819274.199115787] [vertical_lidar_mapper]: Vertical scan deskew failed (scan_age=0.101s): only 92.6% of valid beams had interpolated poses
[WARN] [1784819276.199386606] [vertical_lidar_mapper]: Vertical scan deskew failed (scan_age=0.095s): only 93.0% of valid beams had interpolated poses
[WARN] [1784819278.295458347] [vertical_lidar_mapper]: Vertical scan deskew failed (scan_age=0.101s): only 93.1% of valid beams had interpolated poses
[WARN] [1784819280.393531020] [vertical_lidar_mapper]: Vertical scan deskew failed (scan_age=0.100s): only 92.6% of valid beams had interpolated poses
[WARN] [1784819282.491815858] [vertical_lidar_mapper]: Vertical scan deskew failed (scan_age=0.100s): only 92.6% of valid beams had interpolated poses
[WARN] [1784819284.590921657] [vertical_lidar_mapper]: Vertical scan deskew failed (scan_age=0.100s): only 92.0% of valid beams had interpolated poses
[WARN] [1784819286.692073546] [vertical_lidar_mapper]: Vertical scan deskew failed (scan_age=0.101s): only 92.6% of valid beams had interpolated poses
[WARN] [1784819288.788272737] [vertical_lidar_mapper]: Vertical scan deskew failed (scan_age=0.101s): only 92.1% of valid beams had interpolated poses
[WARN] [1784819290.987991624] [vertical_lidar_mapper]: Vertical scan deskew failed (scan_age=0.102s): only 93.1% of valid beams had interpolated poses
[WARN] [1784819293.083681739] [vertical_lidar_mapper]: Vertical scan deskew failed (scan_age=0.101s): only 93.7% of valid beams had interpolated poses
[WARN] [1784819295.181655348] [vertical_lidar_mapper]: Vertical scan deskew failed (scan_age=0.098s): only 92.3% of valid beams had interpolated poses
[WARN] [1784819297.184701857] [vertical_lidar_mapper]: Vertical scan deskew failed (scan_age=0.101s): only 92.3% of valid beams had interpolated poses
[WARN] [1784819299.281019868] [vertical_lidar_mapper]: Vertical scan deskew failed (scan_age=0.101s): only 92.0% of valid beams had interpolated poses
[WARN] [1784819301.376949042] [vertical_lidar_mapper]: Vertical scan deskew failed (scan_age=0.101s): only 93.0% of valid beams had interpolated poses
[WARN] [1784819303.377372234] [vertical_lidar_mapper]: Vertical scan deskew failed (scan_age=0.101s): only 93.0% of valid beams had interpolated poses
[WARN] [1784819305.470259537] [vertical_lidar_mapper]: Vertical scan deskew failed (scan_age=0.097s): only 92.6% of valid beams had interpolated poses
[WARN] [1784819307.473627115] [vertical_lidar_mapper]: Vertical scan deskew failed (scan_age=0.100s): only 92.6% of valid beams had interpolated poses
[WARN] [1784819309.569814378] [vertical_lidar_mapper]: Vertical scan deskew failed (scan_age=0.100s): only 92.6% of valid beams had interpolated poses
[WARN] [1784819311.665846546] [vertical_lidar_mapper]: Vertical scan deskew failed (scan_age=0.098s): only 93.1% of valid beams had interpolated poses
[WARN] [1784819313.666830543] [vertical_lidar_mapper]: Vertical scan deskew failed (scan_age=0.101s): only 93.0% of valid beams had interpolated poses
[WARN] [1784819315.761962977] [vertical_lidar_mapper]: Vertical scan deskew failed (scan_age=0.097s): only 91.7% of valid beams had interpolated poses
[WARN] [1784819317.763140488] [vertical_lidar_mapper]: Vertical scan deskew failed (scan_age=0.101s): only 92.9% of valid beams had interpolated poses
[WARN] [1784819319.861449478] [vertical_lidar_mapper]: Vertical scan deskew failed (scan_age=0.100s): only 93.1% of valid beams had interpolated poses
[WARN] [1784819321.863088129] [vertical_lidar_mapper]: Vertical scan deskew failed (scan_age=0.101s): only 91.6% of valid beams had interpolated poses
[WARN] [1784819323.958827055] [vertical_lidar_mapper]: Vertical scan deskew failed (scan_age=0.101s): only 92.6% of valid beams had interpolated poses
[WARN] [1784819326.057884535] [vertical_lidar_mapper]: Vertical scan deskew failed (scan_age=0.102s): only 92.2% of valid beams had interpolated poses
[WARN] [1784819328.154863416] [vertical_lidar_mapper]: Vertical scan deskew failed (scan_age=0.100s): only 93.0% of valid beams had interpolated poses
[WARN] [1784819330.253929999] [vertical_lidar_mapper]: Vertical scan deskew failed (scan_age=0.101s): only 92.2% of valid beams had interpolated poses
[WARN] [1784819332.254765899] [vertical_lidar_mapper]: Vertical scan deskew failed (scan_age=0.103s): only 92.6% of valid beams had interpolated poses
[WARN] [1784819334.347506182] [vertical_lidar_mapper]: Vertical scan deskew failed (scan_age=0.100s): only 92.6% of valid beams had interpolated poses
[WARN] [1784819336.443741261] [vertical_lidar_mapper]: Vertical scan deskew failed (scan_age=0.100s): only 93.3% of valid beams had interpolated poses
[WARN] [1784819338.542676009] [vertical_lidar_mapper]: Vertical scan deskew failed (scan_age=0.101s): only 92.0% of valid beams had interpolated poses
[WARN] [1784819340.638929556] [vertical_lidar_mapper]: Vertical scan deskew failed (scan_age=0.101s): only 93.3% of valid beams had interpolated poses
[WARN] [1784819342.938116926] [vertical_lidar_mapper]: Vertical scan deskew failed (scan_age=0.100s): only 92.8% of valid beams had interpolated poses
[WARN] [1784819345.034229379] [vertical_lidar_mapper]: Vertical scan deskew failed (scan_age=0.098s): only 91.7% of valid beams had interpolated poses
[WARN] [1784819347.037478331] [vertical_lidar_mapper]: Vertical scan deskew failed (scan_age=0.101s): only 93.1% of valid beams had interpolated poses
[WARN] [1784819349.135489137] [vertical_lidar_mapper]: Vertical scan deskew failed (scan_age=0.100s): only 92.6% of valid beams had interpolated poses
[WARN] [1784819351.231557679] [vertical_lidar_mapper]: Vertical scan deskew failed (scan_age=0.100s): only 92.6% of valid beams had interpolated poses
[WARN] [1784819353.330776806] [vertical_lidar_mapper]: Vertical scan deskew failed (scan_age=0.101s): only 92.6% of valid beams had interpolated poses
[WARN] [1784819355.428981211] [vertical_lidar_mapper]: Vertical scan deskew failed (scan_age=0.101s): only 92.3% of valid beams had interpolated poses
[WARN] [1784819357.525067525] [vertical_lidar_mapper]: Vertical scan deskew failed (scan_age=0.098s): only 92.2% of valid beams had interpolated poses
[WARN] [1784819359.525246061] [vertical_lidar_mapper]: Vertical scan deskew failed (scan_age=0.100s): only 92.6% of valid beams had interpolated poses
[WARN] [1784819361.624306930] [vertical_lidar_mapper]: Vertical scan deskew failed (scan_age=0.101s): only 91.8% of valid beams had interpolated poses
[WARN] [1784819363.722727003] [vertical_lidar_mapper]: Vertical scan deskew failed (scan_age=0.100s): only 92.0% of valid beams had interpolated poses
[WARN] [1784819365.821630564] [vertical_lidar_mapper]: Vertical scan deskew failed (scan_age=0.101s): only 91.8% of valid beams had interpolated poses
[WARN] [1784819367.916730237] [vertical_lidar_mapper]: Vertical scan deskew failed (scan_age=0.098s): only 92.6% of valid beams had interpolated poses
[WARN] [1784819370.015825711] [vertical_lidar_mapper]: Vertical scan deskew failed (scan_age=0.101s): only 92.3% of valid beams had interpolated poses
[WARN] [1784819372.114067463] [vertical_lidar_mapper]: Vertical scan deskew failed (scan_age=0.100s): only 92.6% of valid beams had interpolated poses
[WARN] [1784819374.213400668] [vertical_lidar_mapper]: Vertical scan deskew failed (scan_age=0.101s): only 92.8% of valid beams had interpolated poses
[WARN] [1784819376.409288906] [vertical_lidar_mapper]: Vertical scan deskew failed (scan_age=0.101s): only 93.1% of valid beams had interpolated poses
[WARN] [1784819378.410492506] [vertical_lidar_mapper]: Vertical scan deskew failed (scan_age=0.101s): only 92.9% of valid beams had interpolated poses
[WARN] [1784819380.506598927] [vertical_lidar_mapper]: Vertical scan deskew failed (scan_age=0.101s): only 92.8% of valid beams had interpolated poses
[WARN] [1784819382.605441619] [vertical_lidar_mapper]: Vertical scan deskew failed (scan_age=0.102s): only 92.6% of valid beams had interpolated poses
[WARN] [1784819384.704874303] [vertical_lidar_mapper]: Vertical scan deskew failed (scan_age=0.100s): only 92.2% of valid beams had interpolated poses
[WARN] [1784819386.805467416] [vertical_lidar_mapper]: Vertical scan deskew failed (scan_age=0.102s): only 92.0% of valid beams had interpolated poses
[WARN] [1784819388.899993890] [vertical_lidar_mapper]: Vertical scan deskew failed (scan_age=0.098s): only 92.8% of valid beams had interpolated poses
[WARN] [1784819390.999402475] [vertical_lidar_mapper]: Vertical scan deskew failed (scan_age=0.101s): only 92.0% of valid beams had interpolated poses
[WARN] [1784819392.999532892] [vertical_lidar_mapper]: Vertical scan deskew failed (scan_age=0.101s): only 92.0% of valid beams had interpolated poses
[WARN] [1784819395.097591998] [vertical_lidar_mapper]: Vertical scan deskew failed (scan_age=0.100s): only 92.6% of valid beams had interpolated poses
[WARN] [1784819397.193700492] [vertical_lidar_mapper]: Vertical scan deskew failed (scan_age=0.098s): only 91.9% of valid beams had interpolated poses
[WARN] [1784819399.292970315] [vertical_lidar_mapper]: Vertical scan deskew failed (scan_age=0.101s): only 92.6% of valid beams had interpolated poses
[WARN] [1784819401.388067214] [vertical_lidar_mapper]: Vertical scan deskew failed (scan_age=0.100s): only 92.7% of valid beams had interpolated poses
[WARN] [1784819403.484175002] [vertical_lidar_mapper]: Vertical scan deskew failed (scan_age=0.100s): only 92.5% of valid beams had interpolated poses
[WARN] [1784819405.583383680] [vertical_lidar_mapper]: Vertical scan deskew failed (scan_age=0.101s): only 92.4% of valid beams had interpolated poses
[WARN] [1784819407.682054539] [vertical_lidar_mapper]: Vertical scan deskew failed (scan_age=0.100s): only 92.0% of valid beams had interpolated poses
[WARN] [1784819409.777665910] [vertical_lidar_mapper]: Vertical scan deskew failed (scan_age=0.098s): only 92.2% of valid beams had interpolated poses
[WARN] [1784819411.777698712] [vertical_lidar_mapper]: Vertical scan deskew failed (scan_age=0.100s): only 92.6% of valid beams had interpolated poses
[WARN] [1784819413.876825914] [vertical_lidar_mapper]: Vertical scan deskew failed (scan_age=0.101s): only 92.4% of valid beams had interpolated poses
[WARN] [1784819415.972219737] [vertical_lidar_mapper]: Vertical scan deskew failed (scan_age=0.098s): only 92.0% of valid beams had interpolated poses
[WARN] [1784819417.973176415] [vertical_lidar_mapper]: Vertical scan deskew failed (scan_age=0.100s): only 92.0% of valid beams had interpolated poses
[WARN] [1784819420.069128584] [vertical_lidar_mapper]: Vertical scan deskew failed (scan_age=0.101s): only 92.7% of valid beams had interpolated poses
[WARN] [1784819422.164946935] [vertical_lidar_mapper]: Vertical scan deskew failed (scan_age=0.098s): only 91.6% of valid beams had interpolated poses
[WARN] [1784819424.263313959] [vertical_lidar_mapper]: Vertical scan deskew failed (scan_age=0.100s): only 91.8% of valid beams had interpolated poses
[WARN] [1784819426.362528168] [vertical_lidar_mapper]: Vertical scan deskew failed (scan_age=0.101s): only 92.4% of valid beams had interpolated poses
[WARN] [1784819428.362577411] [vertical_lidar_mapper]: Vertical scan deskew failed (scan_age=0.098s): only 92.2% of valid beams had interpolated poses
[WARN] [1784819430.461747978] [vertical_lidar_mapper]: Vertical scan deskew failed (scan_age=0.101s): only 92.2% of valid beams had interpolated poses
[WARN] [1784819432.558101772] [vertical_lidar_mapper]: Vertical scan deskew failed (scan_age=0.101s): only 92.6% of valid beams had interpolated poses
[WARN] [1784819434.653156133] [vertical_lidar_mapper]: Vertical scan deskew failed (scan_age=0.100s): only 91.8% of valid beams had interpolated poses
[WARN] [1784819436.656732766] [vertical_lidar_mapper]: Vertical scan deskew failed (scan_age=0.100s): only 92.2% of valid beams had interpolated poses
[WARN] [1784819438.754860399] [vertical_lidar_mapper]: Vertical scan deskew failed (scan_age=0.100s): only 91.6% of valid beams had interpolated poses
[WARN] [1784819440.849049917] [vertical_lidar_mapper]: Vertical scan deskew failed (scan_age=0.101s): only 91.8% of valid beams had interpolated poses
[WARN] [1784819442.949762904] [vertical_lidar_mapper]: Vertical scan deskew failed (scan_age=0.101s): only 92.0% of valid beams had interpolated poses
[WARN] [1784819445.047977020] [vertical_lidar_mapper]: Vertical scan deskew failed (scan_age=0.100s): only 92.9% of valid beams had interpolated poses
[WARN] [1784819447.146085156] [vertical_lidar_mapper]: Vertical scan deskew failed (scan_age=0.100s): only 92.8% of valid beams had interpolated poses
[WARN] [1784819449.243113135] [vertical_lidar_mapper]: Vertical scan deskew failed (scan_age=0.101s): only 92.4% of valid beams had interpolated poses
[WARN] [1784819451.338036759] [vertical_lidar_mapper]: Vertical scan deskew failed (scan_age=0.100s): only 92.7% of valid beams had interpolated poses
[WARN] [1784819453.437366437] [vertical_lidar_mapper]: Vertical scan deskew failed (scan_age=0.101s): only 92.0% of valid beams had interpolated poses
[WARN] [1784819455.533320469] [vertical_lidar_mapper]: Vertical scan deskew failed (scan_age=0.101s): only 91.6% of valid beams had interpolated poses
[WARN] [1784819457.534173593] [vertical_lidar_mapper]: Vertical scan deskew failed (scan_age=0.101s): only 91.8% of valid beams had interpolated poses
[WARN] [1784819459.626774117] [vertical_lidar_mapper]: Vertical scan deskew failed (scan_age=0.097s): only 92.0% of valid beams had interpolated poses
[WARN] [1784819461.629868702] [vertical_lidar_mapper]: Vertical scan deskew failed (scan_age=0.100s): only 91.6% of valid beams had interpolated poses
[WARN] [1784819463.725926578] [vertical_lidar_mapper]: Vertical scan deskew failed (scan_age=0.100s): only 91.4% of valid beams had interpolated poses
[WARN] [1784819465.726435638] [vertical_lidar_mapper]: Vertical scan deskew failed (scan_age=0.097s): only 91.8% of valid beams had interpolated poses
[WARN] [1784819467.825230972] [vertical_lidar_mapper]: Vertical scan deskew failed (scan_age=0.101s): only 91.9% of valid beams had interpolated poses
[WARN] [1784819469.921439850] [vertical_lidar_mapper]: Vertical scan deskew failed (scan_age=0.100s): only 91.6% of valid beams had interpolated poses
[WARN] [1784819472.022543151] [vertical_lidar_mapper]: Vertical scan deskew failed (scan_age=0.101s): only 91.1% of valid beams had interpolated poses
[WARN] [1784819474.115372699] [vertical_lidar_mapper]: Vertical scan deskew failed (scan_age=0.100s): only 91.1% of valid beams had interpolated poses
[WARN] [1784819476.116735670] [vertical_lidar_mapper]: Vertical scan deskew failed (scan_age=0.098s): only 92.9% of valid beams had interpolated poses
[WARN] [1784819478.119647300] [vertical_lidar_mapper]: Vertical scan deskew failed (scan_age=0.101s): only 91.3% of valid beams had interpolated poses
[WARN] [1784819480.212996722] [vertical_lidar_mapper]: Vertical scan deskew failed (scan_age=0.101s): only 91.0% of valid beams had interpolated poses
[WARN] [1784819482.311263777] [vertical_lidar_mapper]: Vertical scan deskew failed (scan_age=0.100s): only 91.8% of valid beams had interpolated poses
[WARN] [1784819484.312270403] [vertical_lidar_mapper]: Vertical scan deskew failed (scan_age=0.101s): only 91.3% of valid beams had interpolated poses
[WARN] [1784819486.407531332] [vertical_lidar_mapper]: Vertical scan deskew failed (scan_age=0.100s): only 91.3% of valid beams had interpolated poses
[WARN] [1784819488.409635903] [vertical_lidar_mapper]: Vertical scan deskew failed (scan_age=0.102s): only 91.4% of valid beams had interpolated poses
[WARN] [1784819490.504633136] [vertical_lidar_mapper]: Vertical scan deskew failed (scan_age=0.101s): only 91.2% of valid beams had interpolated poses
[WARN] [1784819492.597958832] [vertical_lidar_mapper]: Vertical scan deskew failed (scan_age=0.098s): only 92.1% of valid beams had interpolated poses
[WARN] [1784819494.599054082] [vertical_lidar_mapper]: Vertical scan deskew failed (scan_age=0.097s): only 92.4% of valid beams had interpolated poses
[WARN] [1784819496.697194302] [vertical_lidar_mapper]: Vertical scan deskew failed (scan_age=0.098s): only 92.2% of valid beams had interpolated poses
[WARN] [1784819498.796150743] [vertical_lidar_mapper]: Vertical scan deskew failed (scan_age=0.101s): only 92.2% of valid beams had interpolated poses
[WARN] [1784819500.796329386] [vertical_lidar_mapper]: Vertical scan deskew failed (scan_age=0.101s): only 92.0% of valid beams had interpolated poses
[WARN] [1784819502.892451265] [vertical_lidar_mapper]: Vertical scan deskew failed (scan_age=0.101s): only 91.8% of valid beams had interpolated poses
[WARN] [1784819504.892631324] [vertical_lidar_mapper]: Vertical scan deskew failed (scan_age=0.100s): only 92.0% of valid beams had interpolated poses
[WARN] [1784819506.986742231] [vertical_lidar_mapper]: Vertical scan deskew failed (scan_age=0.101s): only 91.8% of valid beams had interpolated poses
[WARN] [1784819508.988446952] [vertical_lidar_mapper]: Vertical scan deskew failed (scan_age=0.102s): only 91.5% of valid beams had interpolated poses
[WARN] [1784819511.088011309] [vertical_lidar_mapper]: Vertical scan deskew failed (scan_age=0.101s): only 91.8% of valid beams had interpolated poses
[WARN] [1784819513.183843695] [vertical_lidar_mapper]: Vertical scan deskew failed (scan_age=0.101s): only 92.0% of valid beams had interpolated poses
[WARN] [1784819515.282122276] [vertical_lidar_mapper]: Vertical scan deskew failed (scan_age=0.101s): only 91.5% of valid beams had interpolated poses
[WARN] [1784819517.381370833] [vertical_lidar_mapper]: Vertical scan deskew failed (scan_age=0.101s): only 91.8% of valid beams had interpolated poses
[WARN] [1784819519.479421101] [vertical_lidar_mapper]: Vertical scan deskew failed (scan_age=0.101s): only 91.1% of valid beams had interpolated poses
[WARN] [1784819521.575396480] [vertical_lidar_mapper]: Vertical scan deskew failed (scan_age=0.101s): only 91.4% of valid beams had interpolated poses
[WARN] [1784819523.674488788] [vertical_lidar_mapper]: Vertical scan deskew failed (scan_age=0.101s): only 91.5% of valid beams had interpolated poses
[WARN] [1784819525.772837817] [vertical_lidar_mapper]: Vertical scan deskew failed (scan_age=0.100s): only 92.0% of valid beams had interpolated poses
[WARN] [1784819527.868915254] [vertical_lidar_mapper]: Vertical scan deskew failed (scan_age=0.098s): only 93.8% of valid beams had interpolated poses
[WARN] [1784819529.868970700] [vertical_lidar_mapper]: Vertical scan deskew failed (scan_age=0.101s): only 91.1% of valid beams had interpolated poses
[WARN] [1784819531.968148162] [vertical_lidar_mapper]: Vertical scan deskew failed (scan_age=0.101s): only 91.7% of valid beams had interpolated poses
[WARN] [1784819534.061257178] [vertical_lidar_mapper]: Vertical scan deskew failed (scan_age=0.098s): only 91.5% of valid beams had interpolated poses
[WARN] [1784819536.064305387] [vertical_lidar_mapper]: Vertical scan deskew failed (scan_age=0.101s): only 91.6% of valid beams had interpolated poses
[WARN] [1784819538.160642361] [vertical_lidar_mapper]: Vertical scan deskew failed (scan_age=0.101s): only 91.3% of valid beams had interpolated poses
[WARN] [1784819540.258732981] [vertical_lidar_mapper]: Vertical scan deskew failed (scan_age=0.098s): only 91.8% of valid beams had interpolated poses
[WARN] [1784819542.354175034] [vertical_lidar_mapper]: Vertical scan deskew failed (scan_age=0.099s): only 91.6% of valid beams had interpolated poses
[WARN] [1784819544.454462971] [vertical_lidar_mapper]: Vertical scan deskew failed (scan_age=0.104s): only 91.6% of valid beams had interpolated poses
[WARN] [1784819546.546199801] [vertical_lidar_mapper]: Vertical scan deskew failed (scan_age=0.100s): only 92.2% of valid beams had interpolated poses
[WARN] [1784819548.551054734] [vertical_lidar_mapper]: Vertical scan deskew failed (scan_age=0.097s): only 91.4% of valid beams had interpolated poses
[WARN] [1784819550.645344825] [vertical_lidar_mapper]: Vertical scan deskew failed (scan_age=0.100s): only 92.0% of valid beams had interpolated poses
[WARN] [1784819552.744345802] [vertical_lidar_mapper]: Vertical scan deskew failed (scan_age=0.101s): only 91.6% of valid beams had interpolated poses
[WARN] [1784819554.842556462] [vertical_lidar_mapper]: Vertical scan deskew failed (scan_age=0.100s): only 91.4% of valid beams had interpolated poses
[WARN] [1784819556.941608322] [vertical_lidar_mapper]: Vertical scan deskew failed (scan_age=0.101s): only 92.4% of valid beams had interpolated poses
[WARN] [1784819559.037828550] [vertical_lidar_mapper]: Vertical scan deskew failed (scan_age=0.101s): only 91.4% of valid beams had interpolated poses
[WARN] [1784819561.133860838] [vertical_lidar_mapper]: Vertical scan deskew failed (scan_age=0.101s): only 91.8% of valid beams had interpolated poses
[WARN] [1784819563.134005078] [vertical_lidar_mapper]: Vertical scan deskew failed (scan_age=0.101s): only 91.8% of valid beams had interpolated poses
[WARN] [1784819565.230202451] [vertical_lidar_mapper]: Vertical scan deskew failed (scan_age=0.101s): only 91.7% of valid beams had interpolated poses
[WARN] [1784819567.326287243] [vertical_lidar_mapper]: Vertical scan deskew failed (scan_age=0.101s): only 92.2% of valid beams had interpolated poses
[WARN] [1784819569.328450028] [vertical_lidar_mapper]: Vertical scan deskew failed (scan_age=0.100s): only 92.2% of valid beams had interpolated poses
[WARN] [1784819571.425387029] [vertical_lidar_mapper]: Vertical scan deskew failed (scan_age=0.101s): only 91.1% of valid beams had interpolated poses
[WARN] [1784819573.518630510] [vertical_lidar_mapper]: Vertical scan deskew failed (scan_age=0.098s): only 91.0% of valid beams had interpolated poses
[WARN] [1784819575.521660984] [vertical_lidar_mapper]: Vertical scan deskew failed (scan_age=0.101s): only 92.2% of valid beams had interpolated poses
[WARN] [1784819577.619865812] [vertical_lidar_mapper]: Vertical scan deskew failed (scan_age=0.100s): only 92.2% of valid beams had interpolated poses
[WARN] [1784819579.813851855] [vertical_lidar_mapper]: Vertical scan deskew failed (scan_age=0.101s): only 91.6% of valid beams had interpolated poses
[WARN] [1784819581.814200581] [vertical_lidar_mapper]: Vertical scan deskew failed (scan_age=0.100s): only 90.8% of valid beams had interpolated poses
[WARN] [1784819583.910130836] [vertical_lidar_mapper]: Vertical scan deskew failed (scan_age=0.100s): only 90.1% of valid beams had interpolated poses
[WARN] [1784819585.913566409] [vertical_lidar_mapper]: Vertical scan deskew failed (scan_age=0.099s): only 92.2% of valid beams had interpolated poses
[WARN] [1784819588.009620068] [vertical_lidar_mapper]: Vertical scan deskew failed (scan_age=0.100s): only 92.1% of valid beams had interpolated poses
[WARN] [1784819590.108951870] [vertical_lidar_mapper]: Vertical scan deskew failed (scan_age=0.099s): only 92.4% of valid beams had interpolated poses
[WARN] [1784819592.206884037] [vertical_lidar_mapper]: Vertical scan deskew failed (scan_age=0.101s): only 92.0% of valid beams had interpolated poses
[WARN] [1784819594.301069307] [vertical_lidar_mapper]: Vertical scan deskew failed (scan_age=0.101s): only 91.6% of valid beams had interpolated poses
[WARN] [1784819596.401098545] [vertical_lidar_mapper]: Vertical scan deskew failed (scan_age=0.100s): only 92.2% of valid beams had interpolated poses
[WARN] [1784819598.402186083] [vertical_lidar_mapper]: Vertical scan deskew failed (scan_age=0.101s): only 92.2% of valid beams had interpolated poses
[WARN] [1784819600.495146617] [vertical_lidar_mapper]: Vertical scan deskew failed (scan_age=0.098s): only 92.2% of valid beams had interpolated poses
[WARN] [1784819602.498133876] [vertical_lidar_mapper]: Vertical scan deskew failed (scan_age=0.100s): only 92.2% of valid beams had interpolated poses
[WARN] [1784819604.591686796] [vertical_lidar_mapper]: Vertical scan deskew failed (scan_age=0.098s): only 92.4% of valid beams had interpolated poses
[WARN] [1784819606.692609776] [vertical_lidar_mapper]: Vertical scan deskew failed (scan_age=0.101s): only 92.0% of valid beams had interpolated poses
[WARN] [1784819608.791681216] [vertical_lidar_mapper]: Vertical scan deskew failed (scan_age=0.101s): only 92.2% of valid beams had interpolated poses
[WARN] [1784819610.887883628] [vertical_lidar_mapper]: Vertical scan deskew failed (scan_age=0.099s): only 92.4% of valid beams had interpolated poses
[WARN] [1784819612.986114259] [vertical_lidar_mapper]: Vertical scan deskew failed (scan_age=0.100s): only 92.2% of valid beams had interpolated poses
[WARN] [1784819615.082258479] [vertical_lidar_mapper]: Vertical scan deskew failed (scan_age=0.101s): only 91.4% of valid beams had interpolated poses
[WARN] [1784819617.183169350] [vertical_lidar_mapper]: Vertical scan deskew failed (scan_age=0.101s): only 91.6% of valid beams had interpolated poses
[WARN] [1784819619.281200993] [vertical_lidar_mapper]: Vertical scan deskew failed (scan_age=0.101s): only 91.6% of valid beams had interpolated poses
[WARN] [1784819621.377358677] [vertical_lidar_mapper]: Vertical scan deskew failed (scan_age=0.101s): only 92.4% of valid beams had interpolated poses
[WARN] [1784819623.473691309] [vertical_lidar_mapper]: Vertical scan deskew failed (scan_age=0.101s): only 92.2% of valid beams had interpolated poses
[WARN] [1784819625.571750551] [vertical_lidar_mapper]: Vertical scan deskew failed (scan_age=0.100s): only 92.0% of valid beams had interpolated poses
[WARN] [1784819627.572635787] [vertical_lidar_mapper]: Vertical scan deskew failed (scan_age=0.101s): only 91.0% of valid beams had interpolated poses
[WARN] [1784819629.670778543] [vertical_lidar_mapper]: Vertical scan deskew failed (scan_age=0.100s): only 91.9% of valid beams had interpolated poses
[WARN] [1784819631.764931958] [vertical_lidar_mapper]: Vertical scan deskew failed (scan_age=0.101s): only 91.8% of valid beams had interpolated poses
[WARN] [1784819633.765359540] [vertical_lidar_mapper]: Vertical scan deskew failed (scan_age=0.101s): only 92.2% of valid beams had interpolated poses
[WARN] [1784819635.863198780] [vertical_lidar_mapper]: Vertical scan deskew failed (scan_age=0.100s): only 92.2% of valid beams had interpolated poses
[WARN] [1784819637.962367799] [vertical_lidar_mapper]: Vertical scan deskew failed (scan_age=0.101s): only 91.7% of valid beams had interpolated poses
[WARN] [1784819640.055867910] [vertical_lidar_mapper]: Vertical scan deskew failed (scan_age=0.098s): only 92.2% of valid beams had interpolated poses
[WARN] [1784819642.155118186] [vertical_lidar_mapper]: Vertical scan deskew failed (scan_age=0.100s): only 91.8% of valid beams had interpolated poses
[WARN] [1784819644.155428357] [vertical_lidar_mapper]: Vertical scan deskew failed (scan_age=0.098s): only 92.6% of valid beams had interpolated poses
[WARN] [1784819646.353755030] [vertical_lidar_mapper]: Vertical scan deskew failed (scan_age=0.100s): only 92.2% of valid beams had interpolated poses
[WARN] [1784819648.449969428] [vertical_lidar_mapper]: Vertical scan deskew failed (scan_age=0.101s): only 91.6% of valid beams had interpolated poses
[WARN] [1784819650.455188094] [vertical_lidar_mapper]: Vertical scan deskew failed (scan_age=0.100s): only 91.8% of valid beams had interpolated poses
[WARN] [1784819652.549151025] [vertical_lidar_mapper]: Vertical scan deskew failed (scan_age=0.099s): only 92.2% of valid beams had interpolated poses
[WARN] [1784819654.644266257] [vertical_lidar_mapper]: Vertical scan deskew failed (scan_age=0.101s): only 92.4% of valid beams had interpolated poses
[WARN] [1784819656.740662884] [vertical_lidar_mapper]: Vertical scan deskew failed (scan_age=0.100s): only 91.4% of valid beams had interpolated poses
[WARN] [1784819658.743530391] [vertical_lidar_mapper]: Vertical scan deskew failed (scan_age=0.100s): only 92.6% of valid beams had interpolated poses
[WARN] [1784819660.842703632] [vertical_lidar_mapper]: Vertical scan deskew failed (scan_age=0.101s): only 91.7% of valid beams had interpolated poses
[WARN] [1784819662.939891172] [vertical_lidar_mapper]: Vertical scan deskew failed (scan_age=0.102s): only 92.2% of valid beams had interpolated poses
[WARN] [1784819665.036754061] [vertical_lidar_mapper]: Vertical scan deskew failed (scan_age=0.098s): only 92.1% of valid beams had interpolated poses
[WARN] [1784819667.036951697] [vertical_lidar_mapper]: Vertical scan deskew failed (scan_age=0.100s): only 92.2% of valid beams had interpolated poses
[WARN] [1784819669.133006270] [vertical_lidar_mapper]: Vertical scan deskew failed (scan_age=0.098s): only 92.0% of valid beams had interpolated poses
[WARN] [1784819671.229463237] [vertical_lidar_mapper]: Vertical scan deskew failed (scan_age=0.101s): only 92.4% of valid beams had interpolated poses
[WARN] [1784819673.327361977] [vertical_lidar_mapper]: Vertical scan deskew failed (scan_age=0.100s): only 91.6% of valid beams had interpolated poses
[WARN] [1784819675.426484711] [vertical_lidar_mapper]: Vertical scan deskew failed (scan_age=0.101s): only 91.8% of valid beams had interpolated poses
[WARN] [1784819677.524405292] [vertical_lidar_mapper]: Vertical scan deskew failed (scan_age=0.100s): only 92.2% of valid beams had interpolated poses
[WARN] [1784819679.524845977] [vertical_lidar_mapper]: Vertical scan deskew failed (scan_age=0.100s): only 91.8% of valid beams had interpolated poses
[WARN] [1784819681.623864173] [vertical_lidar_mapper]: Vertical scan deskew failed (scan_age=0.101s): only 91.6% of valid beams had interpolated poses
[WARN] [1784819683.721794238] [vertical_lidar_mapper]: Vertical scan deskew failed (scan_age=0.100s): only 91.8% of valid beams had interpolated poses
[WARN] [1784819685.815992600] [vertical_lidar_mapper]: Vertical scan deskew failed (scan_age=0.101s): only 91.9% of valid beams had interpolated poses
[WARN] [1784819687.914131552] [vertical_lidar_mapper]: Vertical scan deskew failed (scan_age=0.101s): only 92.1% of valid beams had interpolated poses
[WARN] [1784819690.013178630] [vertical_lidar_mapper]: Vertical scan deskew failed (scan_age=0.101s): only 91.8% of valid beams had interpolated poses
[WARN] [1784819692.111661656] [vertical_lidar_mapper]: Vertical scan deskew failed (scan_age=0.099s): only 92.4% of valid beams had interpolated poses
[WARN] [1784819694.209444576] [vertical_lidar_mapper]: Vertical scan deskew failed (scan_age=0.098s): only 92.1% of valid beams had interpolated poses
[WARN] [1784819696.308713054] [vertical_lidar_mapper]: Vertical scan deskew failed (scan_age=0.101s): only 92.2% of valid beams had interpolated poses
[WARN] [1784819698.406754923] [vertical_lidar_mapper]: Vertical scan deskew failed (scan_age=0.098s): only 92.4% of valid beams had interpolated poses
[WARN] [1784819700.406898606] [vertical_lidar_mapper]: Vertical scan deskew failed (scan_age=0.100s): only 92.4% of valid beams had interpolated poses
[WARN] [1784819702.503973201] [vertical_lidar_mapper]: Vertical scan deskew failed (scan_age=0.101s): only 91.6% of valid beams had interpolated poses
[WARN] [1784819704.604995817] [vertical_lidar_mapper]: Vertical scan deskew failed (scan_age=0.104s): only 92.0% of valid beams had interpolated poses
[WARN] [1784819706.700735319] [vertical_lidar_mapper]: Vertical scan deskew failed (scan_age=0.097s): only 92.2% of valid beams had interpolated poses
[WARN] [1784819708.799380484] [vertical_lidar_mapper]: Vertical scan deskew failed (scan_age=0.101s): only 92.2% of valid beams had interpolated poses
[WARN] [1784819710.897565551] [vertical_lidar_mapper]: Vertical scan deskew failed (scan_age=0.098s): only 92.1% of valid beams had interpolated poses
[WARN] [1784819712.993481933] [vertical_lidar_mapper]: Vertical scan deskew failed (scan_age=0.100s): only 88.6% of valid beams had interpolated poses
[WARN] [1784819715.092688240] [vertical_lidar_mapper]: Vertical scan deskew failed (scan_age=0.101s): only 92.2% of valid beams had interpolated poses
[WARN] [1784819717.187915724] [vertical_lidar_mapper]: Vertical scan deskew failed (scan_age=0.098s): only 92.2% of valid beams had interpolated poses
[WARN] [1784819719.283975046] [vertical_lidar_mapper]: Vertical scan deskew failed (scan_age=0.098s): only 92.2% of valid beams had interpolated poses
[WARN] [1784819721.289977606] [vertical_lidar_mapper]: Vertical scan deskew failed (scan_age=0.101s): only 92.4% of valid beams had interpolated poses
[WARN] [1784819723.388197704] [vertical_lidar_mapper]: Vertical scan deskew failed (scan_age=0.101s): only 92.1% of valid beams had interpolated poses
[WARN] [1784819725.482320537] [vertical_lidar_mapper]: Vertical scan deskew failed (scan_age=0.101s): only 92.2% of valid beams had interpolated poses
[WARN] [1784819727.580245617] [vertical_lidar_mapper]: Vertical scan deskew failed (scan_age=0.101s): only 92.0% of valid beams had interpolated poses
[WARN] [1784819729.776540889] [vertical_lidar_mapper]: Vertical scan deskew failed (scan_age=0.100s): only 91.8% of valid beams had interpolated poses
[WARN] [1784819731.875569274] [vertical_lidar_mapper]: Vertical scan deskew failed (scan_age=0.101s): only 92.0% of valid beams had interpolated poses
[WARN] [1784819733.973738898] [vertical_lidar_mapper]: Vertical scan deskew failed (scan_age=0.101s): only 91.7% of valid beams had interpolated poses
[WARN] [1784819736.071670671] [vertical_lidar_mapper]: Vertical scan deskew failed (scan_age=0.098s): only 92.4% of valid beams had interpolated poses
[WARN] [1784819738.073308377] [vertical_lidar_mapper]: Vertical scan deskew failed (scan_age=0.100s): only 91.8% of valid beams had interpolated poses
[WARN] [1784819740.171738980] [vertical_lidar_mapper]: Vertical scan deskew failed (scan_age=0.101s): only 91.4% of valid beams had interpolated poses
[WARN] [1784819742.269973346] [vertical_lidar_mapper]: Vertical scan deskew failed (scan_age=0.101s): only 91.9% of valid beams had interpolated poses
[WARN] [1784819744.365322721] [vertical_lidar_mapper]: Vertical scan deskew failed (scan_age=0.097s): only 92.3% of valid beams had interpolated poses
[WARN] [1784819746.456943858] [vertical_lidar_mapper]: Vertical scan deskew failed (scan_age=0.101s): only 92.2% of valid beams had interpolated poses
[WARN] [1784819748.459547378] [vertical_lidar_mapper]: Vertical scan deskew failed (scan_age=0.101s): only 94.5% of valid beams had interpolated poses
[WARN] [1784819750.460380420] [vertical_lidar_mapper]: Vertical scan deskew failed (scan_age=0.101s): only 91.7% of valid beams had interpolated poses
[WARN] [1784819752.558680236] [vertical_lidar_mapper]: Vertical scan deskew failed (scan_age=0.100s): only 91.7% of valid beams had interpolated poses
[WARN] [1784819754.656973525] [vertical_lidar_mapper]: Vertical scan deskew failed (scan_age=0.100s): only 92.2% of valid beams had interpolated poses
[WARN] [1784819756.753004328] [vertical_lidar_mapper]: Vertical scan deskew failed (scan_age=0.100s): only 91.7% of valid beams had interpolated poses
[WARN] [1784819758.847206575] [vertical_lidar_mapper]: Vertical scan deskew failed (scan_age=0.101s): only 92.2% of valid beams had interpolated poses
[WARN] [1784819760.849375189] [vertical_lidar_mapper]: Vertical scan deskew failed (scan_age=0.100s): only 92.2% of valid beams had interpolated poses
[WARN] [1784819762.948389635] [vertical_lidar_mapper]: Vertical scan deskew failed (scan_age=0.100s): only 91.8% of valid beams had interpolated poses
[WARN] [1784819765.046421291] [vertical_lidar_mapper]: Vertical scan deskew failed (scan_age=0.100s): only 92.0% of valid beams had interpolated poses
[WARN] [1784819767.145411074] [vertical_lidar_mapper]: Vertical scan deskew failed (scan_age=0.101s): only 92.0% of valid beams had interpolated poses
[WARN] [1784819769.241624392] [vertical_lidar_mapper]: Vertical scan deskew failed (scan_age=0.099s): only 92.0% of valid beams had interpolated poses
[WARN] [1784819771.339714529] [vertical_lidar_mapper]: Vertical scan deskew failed (scan_age=0.101s): only 91.6% of valid beams had interpolated poses
[WARN] [1784819773.435635520] [vertical_lidar_mapper]: Vertical scan deskew failed (scan_age=0.101s): only 92.4% of valid beams had interpolated poses
[WARN] [1784819775.528998344] [vertical_lidar_mapper]: Vertical scan deskew failed (scan_age=0.098s): only 92.3% of valid beams had interpolated poses
[WARN] [1784819777.532139051] [vertical_lidar_mapper]: Vertical scan deskew failed (scan_age=0.100s): only 92.2% of valid beams had interpolated poses
[WARN] [1784819779.628243570] [vertical_lidar_mapper]: Vertical scan deskew failed (scan_age=0.098s): only 92.2% of valid beams had interpolated poses
[WARN] [1784819781.629341156] [vertical_lidar_mapper]: Vertical scan deskew failed (scan_age=0.101s): only 92.4% of valid beams had interpolated poses
[WARN] [1784819783.725337320] [vertical_lidar_mapper]: Vertical scan deskew failed (scan_age=0.098s): only 92.0% of valid beams had interpolated poses
[WARN] [1784819785.820306513] [vertical_lidar_mapper]: Vertical scan deskew failed (scan_age=0.098s): only 92.6% of valid beams had interpolated poses
[WARN] [1784819787.821665900] [vertical_lidar_mapper]: Vertical scan deskew failed (scan_age=0.101s): only 92.0% of valid beams had interpolated poses
[WARN] [1784819789.919735869] [vertical_lidar_mapper]: Vertical scan deskew failed (scan_age=0.100s): only 92.0% of valid beams had interpolated poses
[WARN] [1784819791.920818371] [vertical_lidar_mapper]: Vertical scan deskew failed (scan_age=0.101s): only 92.4% of valid beams had interpolated poses
[WARN] [1784819794.019146601] [vertical_lidar_mapper]: Vertical scan deskew failed (scan_age=0.100s): only 92.0% of valid beams had interpolated poses
[WARN] [1784819796.216778560] [vertical_lidar_mapper]: Vertical scan deskew failed (scan_age=0.100s): only 92.0% of valid beams had interpolated poses
[WARN] [1784819798.316244645] [vertical_lidar_mapper]: Vertical scan deskew failed (scan_age=0.100s): only 92.2% of valid beams had interpolated poses
[WARN] [1784819800.412315787] [vertical_lidar_mapper]: Vertical scan deskew failed (scan_age=0.100s): only 91.5% of valid beams had interpolated poses
[WARN] [1784819802.508622025] [vertical_lidar_mapper]: Vertical scan deskew failed (scan_age=0.101s): only 92.4% of valid beams had interpolated poses
[WARN] [1784819804.607098368] [vertical_lidar_mapper]: Vertical scan deskew failed (scan_age=0.100s): only 92.0% of valid beams had interpolated poses
[WARN] [1784819806.702558291] [vertical_lidar_mapper]: Vertical scan deskew failed (scan_age=0.098s): only 91.9% of valid beams had interpolated poses
[WARN] [1784819808.704242881] [vertical_lidar_mapper]: Vertical scan deskew failed (scan_age=0.101s): only 91.8% of valid beams had interpolated poses
[WARN] [1784819810.799163865] [vertical_lidar_mapper]: Vertical scan deskew failed (scan_age=0.100s): only 92.2% of valid beams had interpolated poses
[WARN] [1784819812.898014669] [vertical_lidar_mapper]: Vertical scan deskew failed (scan_age=0.101s): only 91.6% of valid beams had interpolated poses
[WARN] [1784819815.094172396] [vertical_lidar_mapper]: Vertical scan deskew failed (scan_age=0.099s): only 91.4% of valid beams had interpolated poses
[WARN] [1784819817.193187261] [vertical_lidar_mapper]: Vertical scan deskew failed (scan_age=0.101s): only 91.7% of valid beams had interpolated poses
[WARN] [1784819819.289483303] [vertical_lidar_mapper]: Vertical scan deskew failed (scan_age=0.098s): only 92.2% of valid beams had interpolated poses
[WARN] [1784819821.390599578] [vertical_lidar_mapper]: Vertical scan deskew failed (scan_age=0.101s): only 92.4% of valid beams had interpolated poses
[WARN] [1784819823.488482934] [vertical_lidar_mapper]: Vertical scan deskew failed (scan_age=0.101s): only 92.6% of valid beams had interpolated poses
[WARN] [1784819825.584526511] [vertical_lidar_mapper]: Vertical scan deskew failed (scan_age=0.101s): only 92.2% of valid beams had interpolated poses
[WARN] [1784819827.584748046] [vertical_lidar_mapper]: Vertical scan deskew failed (scan_age=0.100s): only 92.2% of valid beams had interpolated poses
[WARN] [1784819829.683810912] [vertical_lidar_mapper]: Vertical scan deskew failed (scan_age=0.101s): only 92.4% of valid beams had interpolated poses
[WARN] [1784819831.684027209] [vertical_lidar_mapper]: Vertical scan deskew failed (scan_age=0.100s): only 92.6% of valid beams had interpolated poses
[WARN] [1784819833.777204397] [vertical_lidar_mapper]: Vertical scan deskew failed (scan_age=0.100s): only 92.7% of valid beams had interpolated poses
[WARN] [1784819835.876209269] [vertical_lidar_mapper]: Vertical scan deskew failed (scan_age=0.100s): only 91.8% of valid beams had interpolated poses
[WARN] [1784819837.974247886] [vertical_lidar_mapper]: Vertical scan deskew failed (scan_age=0.100s): only 92.4% of valid beams had interpolated poses
[WARN] [1784819840.073415627] [vertical_lidar_mapper]: Vertical scan deskew failed (scan_age=0.101s): only 92.4% of valid beams had interpolated poses
[WARN] [1784819842.073674368] [vertical_lidar_mapper]: Vertical scan deskew failed (scan_age=0.100s): only 92.2% of valid beams had interpolated poses
[WARN] [1784819844.169712930] [vertical_lidar_mapper]: Vertical scan deskew failed (scan_age=0.101s): only 92.0% of valid beams had interpolated poses
[WARN] [1784819846.268058902] [vertical_lidar_mapper]: Vertical scan deskew failed (scan_age=0.100s): only 91.6% of valid beams had interpolated poses
[WARN] [1784819848.361847196] [vertical_lidar_mapper]: Vertical scan deskew failed (scan_age=0.101s): only 92.2% of valid beams had interpolated poses
[WARN] [1784819850.460161504] [vertical_lidar_mapper]: Vertical scan deskew failed (scan_age=0.100s): only 92.5% of valid beams had interpolated poses
[WARN] [1784819852.558046765] [vertical_lidar_mapper]: Vertical scan deskew failed (scan_age=0.100s): only 91.6% of valid beams had interpolated poses
[WARN] [1784819854.561291911] [vertical_lidar_mapper]: Vertical scan deskew failed (scan_age=0.100s): only 92.2% of valid beams had interpolated poses
[WARN] [1784819856.655321124] [vertical_lidar_mapper]: Vertical scan deskew failed (scan_age=0.101s): only 92.2% of valid beams had interpolated poses
[WARN] [1784819858.658289929] [vertical_lidar_mapper]: Vertical scan deskew failed (scan_age=0.101s): only 91.1% of valid beams had interpolated poses
[WARN] [1784819860.755418479] [vertical_lidar_mapper]: Vertical scan deskew failed (scan_age=0.101s): only 92.2% of valid beams had interpolated poses
[WARN] [1784819862.849764455] [vertical_lidar_mapper]: Vertical scan deskew failed (scan_age=0.100s): only 92.0% of valid beams had interpolated poses
[WARN] [1784819864.945776156] [vertical_lidar_mapper]: Vertical scan deskew failed (scan_age=0.098s): only 92.0% of valid beams had interpolated poses
[WARN] [1784819866.947039125] [vertical_lidar_mapper]: Vertical scan deskew failed (scan_age=0.101s): only 92.9% of valid beams had interpolated poses
[WARN] [1784819869.047932376] [vertical_lidar_mapper]: Vertical scan deskew failed (scan_age=0.101s): only 92.0% of valid beams had interpolated poses
[WARN] [1784819871.139000580] [vertical_lidar_mapper]: Vertical scan deskew failed (scan_age=0.101s): only 92.2% of valid beams had interpolated poses
[WARN] [1784819873.141229344] [vertical_lidar_mapper]: Vertical scan deskew failed (scan_age=0.100s): only 92.2% of valid beams had interpolated poses
[WARN] [1784819875.237521676] [vertical_lidar_mapper]: Vertical scan deskew failed (scan_age=0.098s): only 92.6% of valid beams had interpolated poses
[WARN] [1784819877.238374228] [vertical_lidar_mapper]: Vertical scan deskew failed (scan_age=0.098s): only 92.2% of valid beams had interpolated poses
[WARN] [1784819879.334531166] [vertical_lidar_mapper]: Vertical scan deskew failed (scan_age=0.101s): only 91.5% of valid beams had interpolated poses
[WARN] [1784819881.432550979] [vertical_lidar_mapper]: Vertical scan deskew failed (scan_age=0.101s): only 92.4% of valid beams had interpolated poses
[WARN] [1784819883.528634764] [vertical_lidar_mapper]: Vertical scan deskew failed (scan_age=0.098s): only 92.4% of valid beams had interpolated poses
[WARN] [1784819885.528934776] [vertical_lidar_mapper]: Vertical scan deskew failed (scan_age=0.100s): only 92.0% of valid beams had interpolated poses
[WARN] [1784819887.622908383] [vertical_lidar_mapper]: Vertical scan deskew failed (scan_age=0.098s): only 91.5% of valid beams had interpolated poses
[WARN] [1784819889.626013112] [vertical_lidar_mapper]: Vertical scan deskew failed (scan_age=0.098s): only 92.1% of valid beams had interpolated poses
[WARN] [1784819891.722074042] [vertical_lidar_mapper]: Vertical scan deskew failed (scan_age=0.101s): only 92.4% of valid beams had interpolated poses
[WARN] [1784819893.722328355] [vertical_lidar_mapper]: Vertical scan deskew failed (scan_age=0.101s): only 92.2% of valid beams had interpolated poses
[WARN] [1784819895.818291451] [vertical_lidar_mapper]: Vertical scan deskew failed (scan_age=0.101s): only 92.4% of valid beams had interpolated poses
[WARN] [1784819897.818417602] [vertical_lidar_mapper]: Vertical scan deskew failed (scan_age=0.101s): only 92.6% of valid beams had interpolated poses
[WARN] [1784819899.916453264] [vertical_lidar_mapper]: Vertical scan deskew failed (scan_age=0.100s): only 92.4% of valid beams had interpolated poses
[WARN] [1784819902.012699382] [vertical_lidar_mapper]: Vertical scan deskew failed (scan_age=0.100s): only 93.1% of valid beams had interpolated poses
[WARN] [1784819904.109951411] [vertical_lidar_mapper]: Vertical scan deskew failed (scan_age=0.101s): only 91.8% of valid beams had interpolated poses
[WARN] [1784819906.207930722] [vertical_lidar_mapper]: Vertical scan deskew failed (scan_age=0.101s): only 92.4% of valid beams had interpolated poses
[WARN] [1784819908.207977033] [vertical_lidar_mapper]: Vertical scan deskew failed (scan_age=0.101s): only 92.4% of valid beams had interpolated poses
[WARN] [1784819910.305275383] [vertical_lidar_mapper]: Vertical scan deskew failed (scan_age=0.101s): only 92.4% of valid beams had interpolated poses
[WARN] [1784819912.403224145] [vertical_lidar_mapper]: Vertical scan deskew failed (scan_age=0.101s): only 91.1% of valid beams had interpolated poses
[WARN] [1784819914.403380413] [vertical_lidar_mapper]: Vertical scan deskew failed (scan_age=0.101s): only 92.4% of valid beams had interpolated poses
[WARN] [1784819916.499654230] [vertical_lidar_mapper]: Vertical scan deskew failed (scan_age=0.101s): only 92.9% of valid beams had interpolated poses
[WARN] [1784819918.500161027] [vertical_lidar_mapper]: Vertical scan deskew failed (scan_age=0.101s): only 91.8% of valid beams had interpolated poses
[WARN] [1784819920.595598941] [vertical_lidar_mapper]: Vertical scan deskew failed (scan_age=0.101s): only 92.2% of valid beams had interpolated poses
[WARN] [1784819922.693699127] [vertical_lidar_mapper]: Vertical scan deskew failed (scan_age=0.100s): only 92.6% of valid beams had interpolated poses
[WARN] [1784819924.789904272] [vertical_lidar_mapper]: Vertical scan deskew failed (scan_age=0.098s): only 91.6% of valid beams had interpolated poses
[WARN] [1784819926.790968204] [vertical_lidar_mapper]: Vertical scan deskew failed (scan_age=0.098s): only 92.4% of valid beams had interpolated poses
[WARN] [1784819928.889203589] [vertical_lidar_mapper]: Vertical scan deskew failed (scan_age=0.100s): only 92.0% of valid beams had interpolated poses
[WARN] [1784819930.987263681] [vertical_lidar_mapper]: Vertical scan deskew failed (scan_age=0.100s): only 92.0% of valid beams had interpolated poses
[WARN] [1784819933.086474429] [vertical_lidar_mapper]: Vertical scan deskew failed (scan_age=0.101s): only 93.8% of valid beams had interpolated poses
[WARN] [1784819935.182396577] [vertical_lidar_mapper]: Vertical scan deskew failed (scan_age=0.101s): only 91.8% of valid beams had interpolated poses
[WARN] [1784819937.280581332] [vertical_lidar_mapper]: Vertical scan deskew failed (scan_age=0.100s): only 92.2% of valid beams had interpolated poses
[WARN] [1784819939.281641561] [vertical_lidar_mapper]: Vertical scan deskew failed (scan_age=0.101s): only 91.6% of valid beams had interpolated poses
[WARN] [1784819941.377628801] [vertical_lidar_mapper]: Vertical scan deskew failed (scan_age=0.099s): only 91.4% of valid beams had interpolated poses
[WARN] [1784819943.472872489] [vertical_lidar_mapper]: Vertical scan deskew failed (scan_age=0.100s): only 92.6% of valid beams had interpolated poses
[WARN] [1784819945.571972864] [vertical_lidar_mapper]: Vertical scan deskew failed (scan_age=0.101s): only 92.4% of valid beams had interpolated poses
[WARN] [1784819947.673302086] [vertical_lidar_mapper]: Vertical scan deskew failed (scan_age=0.098s): only 91.9% of valid beams had interpolated poses
[WARN] [1784819949.769848150] [vertical_lidar_mapper]: Vertical scan deskew failed (scan_age=0.102s): only 91.7% of valid beams had interpolated poses
[WARN] [1784819951.870264401] [vertical_lidar_mapper]: Vertical scan deskew failed (scan_age=0.101s): only 92.4% of valid beams had interpolated poses
[WARN] [1784819953.965185380] [vertical_lidar_mapper]: Vertical scan deskew failed (scan_age=0.097s): only 92.2% of valid beams had interpolated poses
[WARN] [1784819956.061462760] [vertical_lidar_mapper]: Vertical scan deskew failed (scan_age=0.100s): only 92.0% of valid beams had interpolated poses
[WARN] [1784819958.064623737] [vertical_lidar_mapper]: Vertical scan deskew failed (scan_age=0.100s): only 91.6% of valid beams had interpolated poses
[WARN] [1784819960.163467161] [vertical_lidar_mapper]: Vertical scan deskew failed (scan_age=0.101s): only 92.1% of valid beams had interpolated poses
[WARN] [1784819962.257114389] [vertical_lidar_mapper]: Vertical scan deskew failed (scan_age=0.101s): only 91.3% of valid beams had interpolated poses
[WARN] [1784819964.354502232] [vertical_lidar_mapper]: Vertical scan deskew failed (scan_age=0.099s): only 92.6% of valid beams had interpolated poses
[WARN] [1784819966.357252413] [vertical_lidar_mapper]: Vertical scan deskew failed (scan_age=0.100s): only 93.1% of valid beams had interpolated poses
[WARN] [1784819968.449403756] [vertical_lidar_mapper]: Vertical scan deskew failed (scan_age=0.100s): only 92.4% of valid beams had interpolated poses
[WARN] [1784819970.453422352] [vertical_lidar_mapper]: Vertical scan deskew failed (scan_age=0.100s): only 92.4% of valid beams had interpolated poses
[WARN] [1784819972.545428010] [vertical_lidar_mapper]: Vertical scan deskew failed (scan_age=0.100s): only 92.4% of valid beams had interpolated poses
[WARN] [1784819974.641472044] [vertical_lidar_mapper]: Vertical scan deskew failed (scan_age=0.098s): only 92.0% of valid beams had interpolated poses
[WARN] [1784819976.740669506] [vertical_lidar_mapper]: Vertical scan deskew failed (scan_age=0.101s): only 92.0% of valid beams had interpolated poses
[WARN] [1784819978.838735752] [vertical_lidar_mapper]: Vertical scan deskew failed (scan_age=0.100s): only 92.0% of valid beams had interpolated poses
[WARN] [1784819980.934902982] [vertical_lidar_mapper]: Vertical scan deskew failed (scan_age=0.098s): only 92.4% of valid beams had interpolated poses
[WARN] [1784819982.938323347] [vertical_lidar_mapper]: Vertical scan deskew failed (scan_age=0.101s): only 91.8% of valid beams had interpolated poses
[WARN] [1784819985.033972357] [vertical_lidar_mapper]: Vertical scan deskew failed (scan_age=0.101s): only 92.6% of valid beams had interpolated poses
[WARN] [1784819987.034195384] [vertical_lidar_mapper]: Vertical scan deskew failed (scan_age=0.098s): only 92.0% of valid beams had interpolated poses
[WARN] [1784819989.130346566] [vertical_lidar_mapper]: Vertical scan deskew failed (scan_age=0.100s): only 91.8% of valid beams had interpolated poses
[WARN] [1784819991.226545927] [vertical_lidar_mapper]: Vertical scan deskew failed (scan_age=0.098s): only 92.6% of valid beams had interpolated poses
[WARN] [1784819993.231651656] [vertical_lidar_mapper]: Vertical scan deskew failed (scan_age=0.099s): only 92.8% of valid beams had interpolated poses
[INFO] [1784819994.111628717] [vertical_lidar_mapper]: Saved PCD: /home/pi5drone/drone_ros_ws/maps/vertical_3d/lidar2_vertical_global_map_1784819994_104774620.pcd | trajectory: /home/pi5drone/drone_ros_ws/maps/vertical_3d/lidar2_vertical_trajectory_1784819994_104774620.csv
[INFO] [1784819994.405448065] [rclcpp]: signal_handler(SIGINT/SIGTERM)
