timestamp,mode,input_size,output_size,declared_span_rad,indexed_span_rad,angular_coverage_ratio,finite_return_ratio,accumulated_segments,revolution_duration_sec,input_rate_hz,output_rate_hz,valid,rejection_reason
1785064242.283888817,per_message_full_scan,720,720,6.274458647,6.274458612,0.000000000,0.000000000,0,0.000000000,2.729537975,0.000000000,false,STALE_INPUT:Dropping full scan because deskew TF is unavailable
1785064243.122075796,per_message_full_scan,720,720,6.274458647,6.274458612,0.909722222,0.909722222,1,0.135590613,161.600196389,0.000000000,true,none
1785064244.127225637,per_message_full_scan,720,720,6.274458647,6.274458612,0.909722222,0.909722222,1,0.120124035,33.717116769,8.413524971,true,none
1785064245.122078180,per_message_full_scan,720,720,6.274458647,6.274458612,0.916666667,0.916666667,1,0.136146381,12.957157694,7.586806922,true,none
1785064246.130149841,per_message_full_scan,720,720,6.274458647,6.274458612,0.911111111,0.911111111,1,0.130735755,13.545906495,6.655031790,true,none
1785064247.122159004,per_message_full_scan,720,720,6.274458647,6.274458612,0.915277778,0.915277778,1,0.126192585,9.230458346,6.672879939,true,none
1785064248.123831034,per_message_full_scan,720,720,6.274458647,6.274458612,0.912500000,0.912500000,1,0.131723404,7.894183074,7.498762628,true,none
1785064249.123913527,per_message_full_scan,720,720,6.274458647,6.274458612,0.911111111,0.911111111,1,0.122407064,7.705433490,7.552644084,true,none
1785064250.122093678,per_message_full_scan,720,720,6.274458647,6.274458612,0.911111111,0.911111111,1,0.131422773,7.542024721,7.531583679,true,none
1785064251.122319698,per_message_full_scan,720,720,6.274458647,6.274458612,0.906944444,0.906944444,1,0.119952515,7.703360187,7.508224926,true,none
1785064252.122060537,per_message_full_scan,720,720,6.274458647,6.274458612,0.900000000,0.900000000,1,0.130324170,7.492587746,7.624081366,true,none
1785064253.122105837,per_message_full_scan,720,720,6.274458647,6.274458612,0.905555556,0.905555556,1,0.134050593,7.504650169,7.671208682,true,none
1785064254.122237921,per_message_full_scan,720,720,6.274458647,6.274458612,0.900000000,0.900000000,1,0.134929717,7.578599033,7.584393775,true,none
1785064255.130890131,per_message_full_scan,720,720,6.274458647,6.274458612,0.902777778,0.902777778,1,0.121915676,7.719321273,8.264575680,true,none
1785064256.122044563,per_message_full_scan,720,720,6.274458647,6.274458612,0.905555556,0.905555556,1,0.126181617,8.580267616,6.699667231,true,none
1785064257.122047186,per_message_full_scan,720,720,6.274458647,6.274458612,0.913888889,0.913888889,1,0.129634723,7.414471257,7.572846783,true,none
1785064258.122146845,per_message_full_scan,720,720,6.274458647,6.274458612,0.911111111,0.911111111,1,0.128681123,8.294522076,8.194415170,true,none
1785064259.122020721,per_message_full_scan,720,720,6.274458647,6.274458612,0.915277778,0.915277778,1,0.132813469,7.802072905,8.182318698,true,none
1785064260.122085571,per_message_full_scan,720,720,6.274458647,6.274458612,0.902777778,0.902777778,1,0.132352218,7.651688297,7.923819905,true,none
1785064261.122033119,per_message_full_scan,720,720,6.274458647,6.274458612,0.897222222,0.897222222,1,0.131584942,7.582196734,7.568748241,true,none
1785064262.122133970,per_message_full_scan,720,720,6.274458647,6.274458612,0.901388889,0.901388889,1,0.132026643,7.621209783,7.576275549,true,none
1785064263.122089386,per_message_full_scan,720,720,6.274458647,6.274458612,0.900000000,0.900000000,1,0.121702522,7.623637109,7.562932631,true,none
1785064264.122826099,per_message_full_scan,720,720,6.274458647,6.274458612,0.894444444,0.894444444,1,0.131078973,15.069081732,6.618026857,true,none
1785064265.122106075,per_message_full_scan,720,720,6.274458647,6.274458612,0.908333333,0.908333333,1,0.123442933,8.856053829,7.396708422,true,none
1785064266.128056526,per_message_full_scan,720,720,6.274458647,6.274458612,0.909722222,0.909722222,1,0.132123560,7.763615538,7.548407362,true,none
1785064267.139691114,per_message_full_scan,720,720,6.274458647,6.274458612,0.908333333,0.908333333,1,0.118020728,7.481147828,7.019667129,true,none
1785064268.122328043,per_message_full_scan,720,720,6.274458647,6.274458612,0.909722222,0.909722222,1,0.121188015,6.650357792,6.785787384,true,none
1785064269.122136116,per_message_full_scan,720,720,6.274458647,6.274458612,0.906944444,0.906944444,1,0.132606044,7.436849153,7.375604800,true,none
1785064270.137016058,per_message_full_scan,720,720,6.274458647,6.274458612,0.912500000,0.912500000,1,0.121341109,7.412153005,7.379707909,true,none
1785064271.122945309,per_message_full_scan,720,720,6.274458647,6.274458612,0.894444444,0.894444444,1,0.123326115,8.421415368,8.191121880,true,none
1785064272.154736042,per_message_full_scan,720,720,6.274458647,6.274458612,0.905555556,0.905555556,1,0.135939285,7.828323623,7.060532282,true,none
1785064273.122114897,per_message_full_scan,720,720,6.274458647,6.274458612,0.905555556,0.905555556,1,0.131492198,7.813192526,7.553920207,true,none
1785064274.122064352,per_message_full_scan,720,720,6.274458647,6.274458612,0.904166667,0.904166667,1,0.121047713,7.674104876,7.947242194,true,none
1785064275.122286797,per_message_full_scan,720,720,6.274458647,6.274458612,0.897222222,0.897222222,1,0.132397607,7.560931265,7.826097804,true,none
1785064276.123026371,per_message_full_scan,720,720,6.274458647,6.274458612,0.906944444,0.906944444,1,0.135861233,7.522835746,7.810342594,true,none
1785064277.122239828,per_message_full_scan,720,720,6.274458647,6.274458612,0.904166667,0.904166667,1,0.131202802,8.933089554,8.101316997,true,none
1785064278.132801771,per_message_full_scan,720,720,6.274458647,6.274458612,0.906944444,0.906944444,1,0.132066280,7.723580188,7.444405384,true,none
1785064279.122130394,per_message_full_scan,720,720,6.274458647,6.274458612,0.895833333,0.895833333,1,0.132970840,7.759429741,7.788860292,true,none
1785064280.122483969,per_message_full_scan,720,720,6.274458647,6.274458612,0.909722222,0.909722222,1,0.121030249,7.685708508,7.894149577,true,none
1785064281.474518299,per_message_full_scan,720,720,6.274458647,6.274458612,0.908333333,0.908333333,1,0.118603036,7.664713247,6.496289727,false,STALE_INPUT:none
1785064282.122978449,per_message_full_scan,720,720,6.274458647,6.274458612,0.919444444,0.919444444,1,0.131897107,11.926098219,6.527313408,true,none
1785064283.158056498,per_message_full_scan,720,720,6.274458647,6.274458612,0.906944444,0.906944444,1,0.132695913,8.347213343,7.421147235,true,none
1785064284.122331858,per_message_full_scan,720,720,6.274458647,6.274458612,0.915277778,0.915277778,1,0.136609659,7.788945061,7.481248892,true,none
1785064285.144627094,per_message_full_scan,720,720,6.274458647,6.274458612,0.918055556,0.918055556,1,0.133259013,7.467092817,7.345755803,true,none
1785064286.122334719,per_message_full_scan,720,720,6.274458647,6.274458612,0.920833333,0.920833333,1,0.120277829,7.694599397,7.688174570,true,none
1785064287.124145985,per_message_full_scan,720,720,6.274458647,6.274458612,0.912500000,0.912500000,1,0.120441273,7.796016002,7.863910711,true,none
1785064288.122916460,per_message_full_scan,720,720,6.274458647,6.274458612,0.905555556,0.905555556,1,0.133249238,7.725515397,7.135939916,true,none
1785064289.123635769,per_message_full_scan,720,720,6.274458647,6.274458612,0.912500000,0.912500000,1,0.134423077,7.693962027,7.650308177,true,none
1785064290.122999907,per_message_full_scan,720,720,6.274458647,6.274458612,0.909722222,0.909722222,1,0.132217214,7.815346786,7.956209119,true,none
1785064291.122043133,per_message_full_scan,720,720,6.274458647,6.274458612,0.904166667,0.904166667,1,0.134042457,7.724427748,7.721412388,true,none
1785064292.122077942,per_message_full_scan,720,720,6.274458647,6.274458612,0.911111111,0.911111111,1,0.132662833,7.557340619,7.671131088,true,none
1785064293.122062683,per_message_full_scan,720,720,6.274458647,6.274458612,0.908333333,0.908333333,1,0.138026610,7.525262646,7.510843293,true,none
1785064294.129125357,per_message_full_scan,720,720,6.274458647,6.274458612,0.916666667,0.916666667,1,0.132714719,7.586395659,7.617204359,true,none
1785064295.122061968,per_message_full_scan,720,720,6.274458647,6.274458612,0.912500000,0.912500000,1,0.122636445,7.625434404,7.740453982,true,none
1785064296.122877836,per_message_full_scan,720,720,6.274458647,6.274458612,0.922222222,0.922222222,1,0.121493295,7.656510981,7.467526971,true,none
1785064297.122070312,per_message_full_scan,720,720,6.274458647,6.274458612,0.919444444,0.919444444,1,0.134037003,7.556211602,7.510510561,true,none
1785064298.122204304,per_message_full_scan,720,720,6.274458647,6.274458612,0.918055556,0.918055556,1,0.133202597,7.598440207,7.579987835,true,none
1785064299.122103214,per_message_full_scan,720,720,6.274458647,6.274458612,0.922222222,0.922222222,1,0.133262396,7.505794132,7.532874945,true,none
1785064300.122032642,per_message_full_scan,720,720,6.274458647,6.274458612,0.918055556,0.918055556,1,0.134073362,7.555533601,7.573505425,true,none
1785064301.159023285,per_message_full_scan,720,720,6.274458647,6.274458612,0.891666667,0.891666667,1,0.134272158,7.564404816,7.519701899,true,none
1785064302.122071981,per_message_full_scan,720,720,6.274458647,6.274458612,0.895833333,0.895833333,1,0.134325385,56.118980616,6.729195160,true,none
1785064303.122463465,per_message_full_scan,720,720,6.274458647,6.274458612,0.908333333,0.908333333,1,0.120606981,15.806277585,7.698275413,true,none
1785064304.122050047,per_message_full_scan,720,720,6.274458647,6.274458612,0.902777778,0.902777778,1,0.135144845,9.240142966,7.436855875,true,none
1785064305.122318029,per_message_full_scan,720,720,6.274458647,6.274458612,0.906944444,0.906944444,1,0.132595390,7.867185396,7.978224352,true,none
1785064306.122045755,per_message_full_scan,720,720,6.274458647,6.274458612,0.901388889,0.901388889,1,0.133413196,7.689267038,7.990069156,true,none
1785064307.122037649,per_message_full_scan,720,720,6.274458647,6.274458612,0.898611111,0.898611111,1,0.136337146,7.544481421,7.549117722,true,none
1785064308.122038126,per_message_full_scan,720,720,6.274458647,6.274458612,0.912500000,0.912500000,1,0.121893801,7.697668165,7.967518035,true,none
1785064309.122025728,per_message_full_scan,720,720,6.274458647,6.274458612,0.894444444,0.894444444,1,0.121283419,7.702040232,7.715945408,true,none
1785064310.122035980,per_message_full_scan,720,720,6.274458647,6.274458612,0.905555556,0.905555556,1,0.134185895,7.623287890,7.616208481,true,none
1785064311.122038126,per_message_full_scan,720,720,6.274458647,6.274458612,0.905555556,0.905555556,1,0.134195715,7.621826691,7.968563359,true,none
1785064312.122050762,per_message_full_scan,720,720,6.274458647,6.274458612,0.898611111,0.898611111,1,0.135184318,7.508846765,7.825147239,true,none
1785064313.132821798,per_message_full_scan,720,720,6.274458647,6.274458612,0.902777778,0.902777778,1,0.133351818,7.638915125,7.520995235,true,none
1785064314.122020960,per_message_full_scan,720,720,6.274458647,6.274458612,0.897222222,0.897222222,1,0.134070501,7.634701583,8.026817806,true,none
1785064315.122041225,per_message_full_scan,720,720,6.274458647,6.274458612,0.898611111,0.898611111,1,0.134551689,7.580322351,7.678958332,true,none
1785064316.154781580,per_message_full_scan,720,720,6.274458647,6.274458612,0.897222222,0.897222222,1,0.122046322,7.685753965,7.525608695,true,none
1785064317.122054577,per_message_full_scan,720,720,6.274458647,6.274458612,0.915277778,0.915277778,1,0.121932618,7.674804865,8.216455802,true,none
1785064318.122051954,per_message_full_scan,720,720,6.274458647,6.274458612,0.911111111,0.911111111,1,0.134122595,7.624048103,8.001615004,true,none
1785064319.122040272,per_message_full_scan,720,720,6.274458647,6.274458612,0.919444444,0.919444444,1,0.133988813,7.591153979,7.647041784,true,none
1785064320.122050285,per_message_full_scan,720,720,6.274458647,6.274458612,0.911111111,0.911111111,1,0.134158671,7.557229480,7.575414694,true,none
1785064321.142515659,per_message_full_scan,720,720,6.274458647,6.274458612,0.911111111,0.911111111,1,0.121195324,7.672746057,7.695735186,true,none
1785064322.121999025,per_message_full_scan,720,720,6.274458647,6.274458612,0.916666667,0.916666667,1,0.129721209,7.647186916,7.630790287,true,none
1785064323.131109715,per_message_full_scan,720,720,6.274458647,6.274458612,0.925000000,0.925000000,1,0.134092584,7.595927589,7.633922856,true,none
1785064324.122017384,per_message_full_scan,720,720,6.274458647,6.274458612,0.909722222,0.909722222,1,0.134030282,7.557173681,7.665086606,true,none
1785064325.122025251,per_message_full_scan,720,720,6.274458647,6.274458612,0.920833333,0.920833333,1,0.134197325,7.631923545,7.621000656,true,none
1785064326.122013807,per_message_full_scan,720,720,6.274458647,6.274458612,0.918055556,0.918055556,1,0.133424759,7.595128933,8.216836753,true,none
1785064327.122034550,per_message_full_scan,720,720,6.274458647,6.274458612,0.918055556,0.918055556,1,0.131749898,7.582537497,7.798016412,true,none
1785064328.122031450,per_message_full_scan,720,720,6.274458647,6.274458612,0.911111111,0.911111111,1,0.121729948,7.676435022,7.582227122,true,none
1785064329.122062922,per_message_full_scan,720,720,6.274458647,6.274458612,0.919444444,0.919444444,1,0.134137124,7.595931045,7.952172739,true,none
1785064330.122088671,per_message_full_scan,720,720,6.274458647,6.274458612,0.916666667,0.916666667,1,0.134748906,7.449213615,6.584230578,true,none
1785064331.140535116,per_message_full_scan,720,720,6.274458647,6.274458612,0.926388889,0.926388889,1,0.131210357,7.668802272,7.505774047,true,none
1785064332.122052193,per_message_full_scan,720,720,6.274458647,6.274458612,0.920833333,0.920833333,1,0.134021029,7.637233666,7.529174270,true,none
1785064333.140752077,per_message_full_scan,720,720,6.274458647,6.274458612,0.919444444,0.919444444,1,0.134032637,7.564024227,7.558098853,true,none
1785064334.122033358,per_message_full_scan,720,720,6.274458647,6.274458612,0.905555556,0.905555556,1,0.133994728,7.568682463,7.639965679,true,none
1785064335.122039557,per_message_full_scan,720,720,6.274458647,6.274458612,0.916666667,0.916666667,1,0.121814869,7.700810716,7.598537010,true,none
1785064336.160179138,per_message_full_scan,720,720,6.274458647,6.274458612,0.915277778,0.915277778,1,0.134115890,7.627584352,7.782547981,true,none
1785064337.122031927,per_message_full_scan,720,720,6.274458647,6.274458612,0.916666667,0.916666667,1,0.134122282,7.597123681,7.725077592,true,none
1785064338.122033119,per_message_full_scan,720,720,6.274458647,6.274458612,0.912500000,0.912500000,1,0.119140692,7.707319046,8.119901458,true,none
1785064339.122050762,per_message_full_scan,720,720,6.274458647,6.274458612,0.911111111,0.911111111,1,0.121671125,7.693268705,8.165798367,true,none
1785064340.122110367,per_message_full_scan,720,720,6.274458647,6.274458612,0.916666667,0.916666667,1,0.135262966,7.595913064,7.694588170,true,none
1785064341.150660276,per_message_full_scan,720,720,6.274458647,6.274458612,0.902777778,0.902777778,1,0.134112358,7.553404522,7.513814388,true,none
1785064342.122035980,per_message_full_scan,720,720,6.274458647,6.274458612,0.913888889,0.913888889,1,0.134503976,7.549402346,7.527425307,true,none
1785064343.122032642,per_message_full_scan,720,720,6.274458647,6.274458612,0.913888889,0.913888889,1,0.121776924,7.664760142,7.709106174,true,none
1785064344.122046232,per_message_full_scan,720,720,6.274458647,6.274458612,0.915277778,0.915277778,1,0.134042889,7.641059906,7.673953553,true,none
1785064345.122034788,per_message_full_scan,720,720,6.274458647,6.274458612,0.926388889,0.926388889,1,0.136869296,7.560631884,7.665766922,true,none
1785064346.135760069,per_message_full_scan,720,720,6.274458647,6.274458612,0.906944444,0.906944444,1,0.122041486,7.678423551,7.645336530,true,none
1785064347.122018576,per_message_full_scan,720,720,6.274458647,6.274458612,0.916666667,0.916666667,1,0.121652797,7.673780727,7.519231223,true,none
1785064348.122114897,per_message_full_scan,720,720,6.274458647,6.274458612,0.915277778,0.915277778,1,0.134077489,7.595124502,7.917294863,true,none
1785064349.159255981,per_message_full_scan,720,720,6.274458647,6.274458612,0.916666667,0.916666667,1,0.122012600,7.686625721,7.557472200,true,none
1785064350.122044325,per_message_full_scan,720,720,6.274458647,6.274458612,0.908333333,0.908333333,1,0.120921098,7.679715673,7.975846023,true,none
1785064351.122025490,per_message_full_scan,720,720,6.274458647,6.274458612,0.918055556,0.918055556,1,0.133539289,7.602415881,7.940800703,true,none
1785064352.122037172,per_message_full_scan,720,720,6.274458647,6.274458612,0.920833333,0.920833333,1,0.134240836,7.565075697,7.607520218,true,none
1785064353.122047424,per_message_full_scan,720,720,6.274458647,6.274458612,0.908333333,0.908333333,1,0.121747762,7.680441695,8.222146993,true,none
1785064354.136835814,per_message_full_scan,720,720,6.274458647,6.274458612,0.912500000,0.912500000,1,0.132946000,7.577383764,7.812622513,true,none
1785064355.122055531,per_message_full_scan,720,720,6.274458647,6.274458612,0.911111111,0.911111111,1,0.133007631,7.590693560,7.526208814,true,none
1785064356.122010231,per_message_full_scan,720,720,6.274458647,6.274458612,0.911111111,0.911111111,1,0.121860728,7.688968032,8.131956664,true,none
1785064357.122041702,per_message_full_scan,720,720,6.274458647,6.274458612,0.919444444,0.919444444,1,0.121982135,7.676264424,7.826840742,true,none
1785064358.122144699,per_message_full_scan,720,720,6.274458647,6.274458612,0.908333333,0.908333333,1,0.134607881,7.629451776,7.538195763,true,none
1785064359.154339790,per_message_full_scan,720,720,6.274458647,6.274458612,0.905555556,0.905555556,1,0.134153232,7.559476004,7.693124274,true,none
1785064360.122097731,per_message_full_scan,720,720,6.274458647,6.274458612,0.916666667,0.916666667,1,0.119223118,7.706214851,7.702920590,true,none
1785064361.122012377,per_message_full_scan,720,720,6.274458647,6.274458612,0.916666667,0.916666667,1,0.133713529,7.648656511,7.556178087,true,none
1785064362.122056007,per_message_full_scan,720,720,6.274458647,6.274458612,0.909722222,0.909722222,1,0.135052264,7.628778999,7.871935335,true,none
1785064363.122239828,per_message_full_scan,720,720,6.274458647,6.274458612,0.905555556,0.905555556,1,0.134083092,7.579156015,7.555127546,true,none
1785064364.141858101,per_message_full_scan,720,720,6.274458647,6.274458612,0.911111111,0.911111111,1,0.121566698,7.679534667,7.575104263,true,none
1785064365.122041702,per_message_full_scan,720,720,6.274458647,6.274458612,0.913888889,0.913888889,1,0.117944166,7.689757362,8.029420078,true,none
1785064366.122087002,per_message_full_scan,720,720,6.274458647,6.274458612,0.904166667,0.904166667,1,0.133933231,7.623598880,7.585854880,true,none
1785064367.122046232,per_message_full_scan,720,720,6.274458647,6.274458612,0.927777778,0.927777778,1,0.133910432,7.581998441,7.576022296,true,none
1785064368.122032166,per_message_full_scan,720,720,6.274458647,6.274458612,0.927777778,0.927777778,1,0.134297743,7.619278932,7.532912126,true,none
1785064369.132201672,per_message_full_scan,720,720,6.274458647,6.274458612,0.933333333,0.933333333,1,0.133997083,7.566991015,7.803052428,true,none
1785064370.122062922,per_message_full_scan,720,720,6.274458647,6.274458612,0.920833333,0.920833333,1,0.133953795,7.570667775,7.559056829,true,none
1785064371.121986628,per_message_full_scan,720,720,6.274458647,6.274458612,0.925000000,0.925000000,1,0.133258790,7.523915826,7.600429530,true,none
1785064372.122060537,per_message_full_scan,720,720,6.274458647,6.274458612,0.925000000,0.925000000,1,0.134182304,7.564804784,7.986207358,true,none
1785064373.122041702,per_message_full_scan,720,720,6.274458647,6.274458612,0.931944444,0.931944444,1,0.134083286,7.540227250,7.596462390,true,none
1785064374.154216051,per_message_full_scan,720,720,6.274458647,6.274458612,0.926388889,0.926388889,1,0.134173915,7.543041465,7.523449185,true,none
1785064375.124195814,per_message_full_scan,720,720,6.274458647,6.274458612,0.904166667,0.904166667,1,0.134125620,7.547239993,7.611478596,true,none
1785064376.148209095,per_message_full_scan,720,720,6.274458647,6.274458612,0.929166667,0.929166667,1,0.136914179,7.482359462,7.713505754,true,none
1785064377.122043371,per_message_full_scan,720,720,6.274458647,6.274458612,0.920833333,0.920833333,1,0.134131044,7.555696455,7.825260086,true,none
1785064378.122025728,per_message_full_scan,720,720,6.274458647,6.274458612,0.920833333,0.920833333,1,0.121743888,7.695354464,7.568702626,true,none
1785064379.132191896,per_message_full_scan,720,720,6.274458647,6.274458612,0.911111111,0.911111111,1,0.118796013,7.683076229,8.092450461,true,none
1785064380.122360468,per_message_full_scan,720,720,6.274458647,6.274458612,0.915277778,0.915277778,1,0.121930763,7.674375830,8.012592931,true,none
1785064381.133791447,per_message_full_scan,720,720,6.274458647,6.274458612,0.926388889,0.926388889,1,0.134867504,7.568803817,7.554207960,true,none
1785064382.122022867,per_message_full_scan,720,720,6.274458647,6.274458612,0.922222222,0.922222222,1,0.134093195,7.608846354,7.520129207,true,none
1785064383.122045279,per_message_full_scan,720,720,6.274458647,6.274458612,0.920833333,0.920833333,1,0.121814720,7.719615202,7.940501458,true,none
1785064384.161787748,per_message_full_scan,720,720,6.274458647,6.274458612,0.919444444,0.919444444,1,0.133707151,7.633434112,7.517454373,true,none
1785064385.122060061,per_message_full_scan,720,720,6.274458647,6.274458612,0.923611111,0.923611111,1,0.133993909,7.643696064,8.112904928,true,none
1785064386.146103382,per_message_full_scan,720,720,6.274458647,6.274458612,0.919444444,0.919444444,1,0.134191215,7.524461278,7.697478165,true,none
1785064387.122834444,per_message_full_scan,720,720,6.274458647,6.274458612,0.909722222,0.909722222,1,0.134013578,7.587859794,7.635344094,true,none
1785064388.122049809,per_message_full_scan,720,720,6.274458647,6.274458612,0.909722222,0.909722222,1,0.121491514,7.658503390,8.077376249,true,none
1785064389.140153170,per_message_full_scan,720,720,6.274458647,6.274458612,0.920833333,0.920833333,1,0.132704809,7.617481402,7.881433357,true,none
1785064390.122049332,per_message_full_scan,720,720,6.274458647,6.274458612,0.916666667,0.916666667,1,0.134057060,7.633653026,7.737474536,true,none
1785064391.139162064,per_message_full_scan,720,720,6.274458647,6.274458612,0.927777778,0.927777778,1,0.133584663,7.567470681,7.515459785,true,none
1785064392.122025728,per_message_full_scan,720,720,6.274458647,6.274458612,0.925000000,0.925000000,1,0.135623097,7.566815710,7.670708407,true,none
1785064393.122216940,per_message_full_scan,720,720,6.274458647,6.274458612,0.931944444,0.931944444,1,0.121803336,7.675087782,7.644473169,true,none
1785064394.159330845,per_message_full_scan,720,720,6.274458647,6.274458612,0.925000000,0.925000000,1,0.133946761,7.636905975,7.522340050,true,none
1785064395.122067928,per_message_full_scan,720,720,6.274458647,6.274458612,0.930555556,0.930555556,1,0.134184107,7.633246738,7.861594150,true,none
1785064396.122104168,per_message_full_scan,720,720,6.274458647,6.274458612,0.916666667,0.916666667,1,0.134070337,7.577899293,7.696727447,true,none
1785064397.122973680,per_message_full_scan,720,720,6.274458647,6.274458612,0.920833333,0.920833333,1,0.133975357,7.580915023,7.563504445,true,none
1785064398.122032166,per_message_full_scan,720,720,6.274458647,6.274458612,0.918055556,0.918055556,1,0.121856242,7.692646031,8.087027954,true,none
1785064399.149767876,per_message_full_scan,720,720,6.274458647,6.274458612,0.925000000,0.925000000,1,0.134023726,7.635499460,7.628441405,true,none
1785064400.122063398,per_message_full_scan,720,720,6.274458647,6.274458612,0.919444444,0.919444444,1,0.133835316,7.629726619,7.509495036,true,none
1785064401.135491133,per_message_full_scan,720,720,6.274458647,6.274458612,0.916666667,0.916666667,1,0.133950397,7.594058703,7.687680020,true,none
1785064402.122057676,per_message_full_scan,720,720,6.274458647,6.274458612,0.922222222,0.922222222,1,0.134047985,7.577974677,7.878355362,true,none
1785064403.122154951,per_message_full_scan,720,720,6.274458647,6.274458612,0.926388889,0.926388889,1,0.121961445,7.687446502,7.582048649,true,none
1785064404.158912659,per_message_full_scan,720,720,6.274458647,6.274458612,0.906944444,0.906944444,1,0.134134158,7.636492279,7.661951155,true,none
1785064405.122041225,per_message_full_scan,720,720,6.274458647,6.274458612,0.912500000,0.912500000,1,0.134025112,7.633347487,7.934075119,true,none
1785064406.125275373,per_message_full_scan,720,720,6.274458647,6.274458612,0.916666667,0.916666667,1,0.132011294,7.591366539,7.569117178,true,none
1785064407.122053385,per_message_full_scan,720,720,6.274458647,6.274458612,0.919444444,0.919444444,1,0.134013414,7.564557083,7.674774764,true,none
1785064408.122156620,per_message_full_scan,720,720,6.274458647,6.274458612,0.912500000,0.912500000,1,0.121730022,7.698849396,7.953415203,true,none
1785064409.146800995,per_message_full_scan,720,720,6.274458647,6.274458612,0.897222222,0.897222222,1,0.134146795,7.628074869,7.621268518,true,none
1785064410.122041225,per_message_full_scan,720,720,6.274458647,6.274458612,0.918055556,0.918055556,1,0.129946962,7.639693465,7.554961048,true,none
1785064411.122074842,per_message_full_scan,720,720,6.274458647,6.274458612,0.906944444,0.906944444,1,0.133646190,7.607809657,7.870319384,true,none
1785064412.122042179,per_message_full_scan,720,720,6.274458647,6.274458612,0.909722222,0.909722222,1,0.134251595,7.586033982,7.556792791,true,none
1785064413.122119188,per_message_full_scan,720,720,6.274458647,6.274458612,0.906944444,0.906944444,1,0.121794134,7.689101445,7.617604033,true,none
1785064414.133491278,per_message_full_scan,720,720,6.274458647,6.274458612,0.912500000,0.912500000,1,0.133992776,7.620416066,7.890072488,true,none
1785064415.122057676,per_message_full_scan,720,720,6.274458647,6.274458612,0.934722222,0.934722222,1,0.130393371,7.609003359,7.565605998,true,none
1785064416.122039318,per_message_full_scan,720,720,6.274458647,6.274458612,0.937500000,0.937500000,1,0.133462667,7.544154123,7.574607956,true,none
1785064417.122029543,per_message_full_scan,720,720,6.274458647,6.274458612,0.941666667,0.941666667,1,0.134165108,7.555395139,8.022807036,true,none
1785064418.122060776,per_message_full_scan,720,720,6.274458647,6.274458612,0.927777778,0.927777778,1,0.121805631,7.675410660,7.614503940,true,none
1785064419.152330637,per_message_full_scan,720,720,6.274458647,6.274458612,0.936111111,0.936111111,1,0.133948535,7.597173103,7.579531208,true,none
1785064420.122043371,per_message_full_scan,720,720,6.274458647,6.274458612,0.943055556,0.943055556,1,0.132479921,7.591400802,7.535320025,true,none
1785064421.122048140,per_message_full_scan,720,720,6.274458647,6.274458612,0.945833333,0.945833333,1,0.134138629,7.543725833,7.672532318,true,none
1785064422.122030497,per_message_full_scan,720,720,6.274458647,6.274458612,0.919444444,0.919444444,1,0.134094253,7.555298863,7.562653025,true,none
1785064423.122029305,per_message_full_scan,720,720,6.274458647,6.274458612,0.909722222,0.909722222,1,0.134145051,7.636615969,7.871204055,true,none
1785064424.131641626,per_message_full_scan,720,720,6.274458647,6.274458612,0.911111111,0.911111111,1,0.134058386,7.569735048,7.648316835,true,none
1785064425.122036934,per_message_full_scan,720,720,6.274458647,6.274458612,0.904166667,0.904166667,1,0.121841371,7.707742099,8.059552171,true,none
1785064426.122034788,per_message_full_scan,720,720,6.274458647,6.274458612,0.906944444,0.906944444,1,0.134482384,7.590812898,7.788049165,true,none
1785064427.160661697,per_message_full_scan,720,720,6.274458647,6.274458612,0.912500000,0.912500000,1,0.121892020,7.663056811,7.569798605,true,none
1785064428.122078419,per_message_full_scan,720,720,6.274458647,6.274458612,0.909722222,0.909722222,1,0.134030327,7.645640112,7.924532039,true,none
1785064429.122070789,per_message_full_scan,720,720,6.274458647,6.274458612,0.900000000,0.900000000,1,0.121846549,7.695680973,7.677230946,true,none
1785064430.122048616,per_message_full_scan,720,720,6.274458647,6.274458612,0.902777778,0.902777778,1,0.134024680,7.667516292,8.121905710,true,none
1785064431.122043848,per_message_full_scan,720,720,6.274458647,6.274458612,0.909722222,0.909722222,1,0.134037301,7.586113272,7.751937871,true,none
1785064432.149448872,per_message_full_scan,720,720,6.274458647,6.274458612,0.909722222,0.909722222,1,0.134000525,7.632299304,7.506057382,true,none
1785064433.122051239,per_message_full_scan,720,720,6.274458647,6.274458612,0.920833333,0.920833333,1,0.134180948,7.597880472,7.903436351,true,none
1785064434.122081757,per_message_full_scan,720,720,6.274458647,6.274458612,0.905555556,0.905555556,1,0.134081364,7.645819936,7.522726535,true,none
1785064435.134283543,per_message_full_scan,720,720,6.274458647,6.274458612,0.911111111,0.911111111,1,0.121782303,7.716937685,8.014023343,true,none
1785064436.122049809,per_message_full_scan,720,720,6.274458647,6.274458612,0.916666667,0.916666667,1,0.121723510,7.683039094,7.636611247,true,none
1785064437.124270916,per_message_full_scan,720,720,6.274458647,6.274458612,0.905555556,0.905555556,1,0.134164631,7.570769386,7.590861778,true,none
1785064438.122035980,per_message_full_scan,720,720,6.274458647,6.274458612,0.909722222,0.909722222,1,0.122817189,7.694240290,7.818288002,true,none
1785064439.122036457,per_message_full_scan,720,720,6.274458647,6.274458612,0.902777778,0.902777778,1,0.133902818,7.597751298,7.595317919,true,none
1785064440.122500181,per_message_full_scan,720,720,6.274458647,6.274458612,0.905555556,0.905555556,1,0.134814933,7.628503458,7.964263208,true,none
1785064441.122038841,per_message_full_scan,720,720,6.274458647,6.274458612,0.912500000,0.912500000,1,0.134042740,7.603908353,7.616197683,true,none
1785064442.122075558,per_message_full_scan,720,720,6.274458647,6.274458612,0.908333333,0.908333333,1,0.119760349,7.675863172,7.842066737,true,none
1785064443.142652988,per_message_full_scan,720,720,6.274458647,6.274458612,0.901388889,0.901388889,1,0.132741228,7.598988586,7.678064188,true,none
1785064444.122138739,per_message_full_scan,720,720,6.274458647,6.274458612,0.898611111,0.898611111,1,0.121704534,7.717553117,7.613486232,true,none
1785064445.122240305,per_message_full_scan,720,720,6.274458647,6.274458612,0.902777778,0.902777778,1,0.133756518,7.613548345,7.749503514,true,none
1785064446.122035027,per_message_full_scan,720,720,6.274458647,6.274458612,0.902777778,0.902777778,1,0.134027854,7.586680334,7.565687145,true,none
1785064447.122052193,per_message_full_scan,720,720,6.274458647,6.274458612,0.911111111,0.911111111,1,0.133871078,7.614856893,8.007102900,true,none
1785064448.126647472,per_message_full_scan,720,720,6.274458647,6.274458612,0.900000000,0.900000000,1,0.121955298,7.710111490,7.679993397,true,none
1785064449.122022867,per_message_full_scan,720,720,6.274458647,6.274458612,0.906944444,0.906944444,1,0.121935338,7.662513782,7.985058449,true,none
1785064450.122065783,per_message_full_scan,720,720,6.274458647,6.274458612,0.895833333,0.895833333,1,0.133976579,7.595278842,7.820570867,true,none
1785064451.160884142,per_message_full_scan,720,720,6.274458647,6.274458612,0.908333333,0.908333333,1,0.132544965,7.634424879,7.514639183,true,none
1785064452.122051477,per_message_full_scan,720,720,6.274458647,6.274458612,0.909722222,0.909722222,1,0.133213580,7.602008783,7.612526717,true,none
1785064453.122094631,per_message_full_scan,720,720,6.274458647,6.274458612,0.909722222,0.909722222,1,0.121949568,7.696033675,7.660216636,true,none
1785064454.122055531,per_message_full_scan,720,720,6.274458647,6.274458612,0.902777778,0.902777778,1,0.134089276,7.650011669,7.631365509,true,none
1785064455.122045040,per_message_full_scan,720,720,6.274458647,6.274458612,0.902777778,0.902777778,1,0.121761687,7.709636198,7.796783476,true,none
1785064456.145456553,per_message_full_scan,720,720,6.274458647,6.274458612,0.912500000,0.912500000,1,0.132499307,7.631676175,7.522012690,true,none
1785064457.122147083,per_message_full_scan,720,720,6.274458647,6.274458612,0.918055556,0.918055556,1,0.133182257,7.595017532,8.219137502,true,none
1785064458.122035503,per_message_full_scan,720,720,6.274458647,6.274458612,0.909722222,0.909722222,1,0.134187475,7.643994928,7.626403848,true,none
1785064459.132634878,per_message_full_scan,720,720,6.274458647,6.274458612,0.893055556,0.893055556,1,0.121074036,7.714855730,8.121535565,true,none
1785064460.122030735,per_message_full_scan,720,720,6.274458647,6.274458612,0.904166667,0.904166667,1,0.121724509,7.686803668,7.617284092,true,none
1785064461.122052670,per_message_full_scan,720,720,6.274458647,6.274458612,0.904166667,0.904166667,1,0.133952886,7.584837230,7.607576295,true,none
1785064462.122078657,per_message_full_scan,720,720,6.274458647,6.274458612,0.915277778,0.915277778,1,0.124231115,7.662082144,7.792107236,true,none
1785064463.122030497,per_message_full_scan,720,720,6.274458647,6.274458612,0.911111111,0.911111111,1,0.134129018,7.598561581,7.596683566,true,none
1785064464.122042179,per_message_full_scan,720,720,6.274458647,6.274458612,0.909722222,0.909722222,1,0.123272076,7.656863352,8.141137887,true,none
1785064465.122035265,per_message_full_scan,720,720,6.274458647,6.274458612,0.912500000,0.912500000,1,0.134263381,7.643305152,7.852989866,true,none
1785064466.122306585,per_message_full_scan,720,720,6.274458647,6.274458612,0.900000000,0.900000000,1,0.121797740,7.717366929,8.185013003,true,none
1785064467.139988184,per_message_full_scan,720,720,6.274458647,6.274458612,0.908333333,0.908333333,1,0.133902967,7.606485738,7.699697877,true,none
1785064468.122033834,per_message_full_scan,720,720,6.274458647,6.274458612,0.905555556,0.905555556,1,0.134072796,7.592673153,7.539531529,true,none
1785064469.122077703,per_message_full_scan,720,720,6.274458647,6.274458612,0.901388889,0.901388889,1,0.130025610,7.656967412,8.026707754,true,none
1785064470.122040510,per_message_full_scan,720,720,6.274458647,6.274458612,0.911111111,0.911111111,1,0.134147629,7.603139230,7.801243070,true,none
1785064471.122046471,per_message_full_scan,720,720,6.274458647,6.274458612,0.906944444,0.906944444,1,0.134069607,7.654836997,7.696687374,true,none
1785064472.124002934,per_message_full_scan,720,720,6.274458647,6.274458612,0.895833333,0.895833333,1,0.121970020,7.707883216,7.804354057,true,none
1785064473.122056246,per_message_full_scan,720,720,6.274458647,6.274458612,0.900000000,0.900000000,1,0.121404573,7.690828716,7.556538072,true,none
1785064474.122045040,per_message_full_scan,720,720,6.274458647,6.274458612,0.909722222,0.909722222,1,0.134044096,7.602275240,7.864070301,true,none
1785064475.146164894,per_message_full_scan,720,720,6.274458647,6.274458612,0.916666667,0.916666667,1,0.133970767,7.641419975,7.587333220,true,none
1785064476.122025967,per_message_full_scan,720,720,6.274458647,6.274458612,0.908333333,0.908333333,1,0.133010805,7.603826089,7.826448460,true,none
1785064477.122160912,per_message_full_scan,720,720,6.274458647,6.274458612,0.909722222,0.909722222,1,0.121902280,7.697368685,7.555248716,true,none
1785064478.122049570,per_message_full_scan,720,720,6.274458647,6.274458612,0.898611111,0.898611111,1,0.121891059,7.676646045,7.501364009,true,none
1785064479.122038126,per_message_full_scan,720,720,6.274458647,6.274458612,0.911111111,0.911111111,1,0.133724421,7.664455990,8.028100122,true,none
1785064480.134024382,per_message_full_scan,720,720,6.274458647,6.274458612,0.925000000,0.925000000,1,0.134031698,7.585076486,7.571506293,true,none
1785064481.122046232,per_message_full_scan,720,720,6.274458647,6.274458612,0.933333333,0.933333333,1,0.131508961,7.559111446,7.488548374,true,none
1785064482.122022152,per_message_full_scan,720,720,6.274458647,6.274458612,0.941666667,0.941666667,1,0.133359253,7.644613752,7.771443217,true,none
1785064483.164358139,per_message_full_scan,720,720,6.274458647,6.274458612,0.944444444,0.944444444,1,0.118539423,7.716352730,7.518765846,true,none
1785064484.122050762,per_message_full_scan,720,720,6.274458647,6.274458612,0.940277778,0.940277778,1,0.121099733,7.700615425,7.611368178,true,none
1785064485.122015715,per_message_full_scan,720,720,6.274458647,6.274458612,0.940277778,0.940277778,1,0.134116665,7.621731041,7.863098638,true,none
1785064486.122035027,per_message_full_scan,720,720,6.274458647,6.274458612,0.944444444,0.944444444,1,0.133817703,7.598380545,7.584121605,true,none
1785064487.122043610,per_message_full_scan,720,720,6.274458647,6.274458612,0.934722222,0.934722222,1,0.120529294,7.677807587,7.979005915,true,none
1785064488.141720772,per_message_full_scan,720,720,6.274458647,6.274458612,0.940277778,0.940277778,1,0.132438898,7.603965939,7.711833224,true,none
1785064489.122029305,per_message_full_scan,720,720,6.274458647,6.274458612,0.944444444,0.944444444,1,0.133918226,7.604314212,7.560197384,true,none
1785064490.122025490,per_message_full_scan,720,720,6.274458647,6.274458612,0.941666667,0.941666667,1,0.121306971,7.695971871,8.069300060,true,none
1785064491.122038841,per_message_full_scan,720,720,6.274458647,6.274458612,0.943055556,0.943055556,1,0.134166375,7.664866831,7.599895049,true,none
1785064492.127794504,per_message_full_scan,720,720,6.274458647,6.274458612,0.937500000,0.937500000,1,0.133066416,7.637659593,7.482324715,true,none
1785064493.124330282,per_message_full_scan,720,720,6.274458647,6.274458612,0.938888889,0.938888889,1,0.120186843,7.738656291,7.928707840,true,none
1785064494.122243166,per_message_full_scan,720,720,6.274458647,6.274458612,0.922222222,0.922222222,1,0.132066280,7.575102752,7.790040165,true,none
1785064495.122015953,per_message_full_scan,720,720,6.274458647,6.274458612,0.912500000,0.912500000,1,0.133424088,7.616200491,7.756494517,true,none
1785064496.122039795,per_message_full_scan,720,720,6.274458647,6.274458612,0.897222222,0.897222222,1,0.134032518,7.587778534,7.642218871,true,none
1785064497.122033119,per_message_full_scan,720,720,6.274458647,6.274458612,0.897222222,0.897222222,1,0.121537976,7.690625333,7.578363572,true,none
1785064498.122116804,per_message_full_scan,720,720,6.274458647,6.274458612,0.895833333,0.895833333,1,0.133555606,7.640667271,7.880271447,true,none
1785064499.122046471,per_message_full_scan,720,720,6.274458647,6.274458612,0.905555556,0.905555556,1,0.122196302,7.695303606,7.670766961,true,none
1785064500.122026205,per_message_full_scan,720,720,6.274458647,6.274458612,0.909722222,0.909722222,1,0.132834956,7.632753069,7.971945530,true,none
1785064501.122029781,per_message_full_scan,720,720,6.274458647,6.274458612,0.919444444,0.919444444,1,0.134127527,7.601509773,7.703889251,true,none
1785064502.122033119,per_message_full_scan,720,720,6.274458647,6.274458612,0.912500000,0.912500000,1,0.121784449,7.710953935,7.554076398,true,none
1785064503.185322523,per_message_full_scan,720,720,6.274458647,6.274458612,0.915277778,0.915277778,1,0.133427769,7.628841643,7.451088783,true,none
1785064504.122018099,per_message_full_scan,720,720,6.274458647,6.274458612,0.912500000,0.912500000,1,0.132211894,7.587867259,7.368632882,true,none
1785064505.124082088,per_message_full_scan,720,720,6.274458647,6.274458612,0.911111111,0.911111111,1,0.122051008,7.683108936,7.519667996,true,none
1785064506.122033358,per_message_full_scan,720,720,6.274458647,6.274458612,0.915277778,0.915277778,1,0.134052843,7.650597531,7.920372037,true,none
1785064507.122065783,per_message_full_scan,720,720,6.274458647,6.274458612,0.920833333,0.920833333,1,0.134013638,7.580102999,7.554690519,true,none
1785064508.122065783,per_message_full_scan,720,720,6.274458647,6.274458612,0.912500000,0.912500000,1,0.120896265,7.683906129,8.230989302,true,none
1785064509.122062445,per_message_full_scan,720,720,6.274458647,6.274458612,0.906944444,0.906944444,1,0.133996099,7.643594577,7.716067203,true,none
1785064510.122046947,per_message_full_scan,720,720,6.274458647,6.274458612,0.895833333,0.895833333,1,0.121691853,7.705873896,7.550550322,true,none
1785064511.122200489,per_message_full_scan,720,720,6.274458647,6.274458612,0.905555556,0.905555556,1,0.121530175,7.684803366,8.077771781,true,none
1785064512.122066021,per_message_full_scan,720,720,6.274458647,6.274458612,0.904166667,0.904166667,1,0.133852318,7.583995498,7.694085598,true,none
1785064513.122045755,per_message_full_scan,720,720,6.274458647,6.274458612,0.911111111,0.911111111,1,0.133981362,7.655734751,8.102943518,true,none
1785064514.122123480,per_message_full_scan,720,720,6.274458647,6.274458612,0.904166667,0.904166667,1,0.134063065,7.602765794,7.764213940,true,none
1785064515.122438669,per_message_full_scan,720,720,6.274458647,6.274458612,0.909722222,0.909722222,1,0.121802665,7.694614517,7.561495309,true,none
1785064516.121980190,per_message_full_scan,720,720,6.274458647,6.274458612,0.900000000,0.900000000,1,0.134053975,7.599887822,7.915397216,true,none
1785064517.122119188,per_message_full_scan,720,720,6.274458647,6.274458612,0.913888889,0.913888889,1,0.121869646,7.686711333,7.628705794,true,none
1785064518.122018337,per_message_full_scan,720,720,6.274458647,6.274458612,0.904166667,0.904166667,1,0.134227425,7.657995216,7.750954327,true,none
1785064519.122056484,per_message_full_scan,720,720,6.274458647,6.274458612,0.913888889,0.913888889,1,0.122075573,7.786332698,7.003911459,true,none
1785064520.122093916,per_message_full_scan,720,720,6.274458647,6.274458612,0.911111111,0.911111111,1,0.133947626,7.620388571,7.417042133,true,none
1785064521.122030735,per_message_full_scan,720,720,6.274458647,6.274458612,0.915277778,0.915277778,1,0.121471368,7.646330878,8.163155603,true,none
1785064522.122194529,per_message_full_scan,720,720,6.274458647,6.274458612,0.904166667,0.904166667,1,0.134077892,7.641881326,7.745547288,true,none
1785064523.122033119,per_message_full_scan,720,720,6.274458647,6.274458612,0.900000000,0.900000000,1,0.121627524,7.710589584,7.593494751,true,none
1785064524.139369488,per_message_full_scan,720,720,6.274458647,6.274458612,0.890277778,0.890277778,1,0.134095892,7.599972628,7.699982555,true,none
1785064525.122040033,per_message_full_scan,720,720,6.274458647,6.274458612,0.901388889,0.901388889,1,0.120438591,7.692118217,7.535192372,true,none
1785064526.127130508,per_message_full_scan,720,720,6.274458647,6.274458612,0.906944444,0.906944444,1,0.131757319,7.588931077,7.462897581,true,none
1785064527.122035265,per_message_full_scan,720,720,6.274458647,6.274458612,0.911111111,0.911111111,1,0.121834263,7.713638922,7.686234168,true,none
1785064528.122033596,per_message_full_scan,720,720,6.274458647,6.274458612,0.901388889,0.901388889,1,0.134122372,7.275206224,7.725043929,true,none
1785064529.123918533,per_message_full_scan,720,720,6.274458647,6.274458612,0.900000000,0.900000000,1,0.121804826,7.649131933,7.601446456,true,none
1785064530.122049093,per_message_full_scan,720,720,6.274458647,6.274458612,0.900000000,0.900000000,1,0.133940235,7.629666899,7.498633185,true,none
1785064531.122045279,per_message_full_scan,720,720,6.274458647,6.274458612,0.906944444,0.906944444,1,0.121042356,7.700058982,8.091969585,true,none
1785064532.146698713,per_message_full_scan,720,720,6.274458647,6.274458612,0.900000000,0.900000000,1,0.132898271,7.604202177,7.627134170,true,none
1785064533.122057199,per_message_full_scan,720,720,6.274458647,6.274458612,0.886111111,0.886111111,1,0.119236313,7.726621601,8.126727327,true,none
1785064534.122030735,per_message_full_scan,720,720,6.274458647,6.274458612,0.890277778,0.890277778,1,0.134127334,7.622270845,7.585558900,true,none
1785064535.121928215,per_message_full_scan,720,720,6.274458647,6.274458612,0.908333333,0.908333333,1,0.133877814,7.575050158,7.605157671,true,none
1785064536.122036457,per_message_full_scan,720,720,6.274458647,6.274458612,0.900000000,0.900000000,1,0.133419245,7.648628657,7.743886148,true,none
1785064537.129315853,per_message_full_scan,720,720,6.274458647,6.274458612,0.884722222,0.884722222,1,0.121656224,7.708939017,7.558828281,true,none
1785064538.122030497,per_message_full_scan,720,720,6.274458647,6.274458612,0.911111111,0.911111111,1,0.134049147,7.649266747,7.782216418,true,none
1785064539.122032881,per_message_full_scan,720,720,6.274458647,6.274458612,0.904166667,0.904166667,1,0.121744417,7.700115422,7.502058666,true,none
1785064540.150695324,per_message_full_scan,720,720,6.274458647,6.274458612,0.897222222,0.897222222,1,0.134084508,7.627132355,7.608546906,true,none
1785064541.122052193,per_message_full_scan,720,720,6.274458647,6.274458612,0.900000000,0.900000000,1,0.134122267,7.340347004,7.576625371,true,none
1785064542.122016191,per_message_full_scan,720,720,6.274458647,6.274458612,0.894444444,0.894444444,1,0.134152114,7.595663810,7.536303103,true,none
1785064543.140785933,per_message_full_scan,720,720,6.274458647,6.274458612,0.901388889,0.901388889,1,0.121854842,7.695926327,7.748768888,true,none
1785064544.122040749,per_message_full_scan,720,720,6.274458647,6.274458612,0.902777778,0.902777778,1,0.134073079,7.642363691,7.629521632,true,none
1785064545.139546156,per_message_full_scan,720,720,6.274458647,6.274458612,0.902777778,0.902777778,1,0.134013906,7.549479046,7.775431115,true,none
1785064546.122038364,per_message_full_scan,720,720,6.274458647,6.274458612,0.898611111,0.898611111,1,0.121956445,7.703290464,7.729620742,true,none
1785064547.122045279,per_message_full_scan,720,720,6.274458647,6.274458612,0.898611111,0.898611111,1,0.134035692,7.600741587,7.565206102,true,none
1785064548.126351118,per_message_full_scan,720,720,6.274458647,6.274458612,0.898611111,0.898611111,1,0.133979157,7.652860245,7.867649259,true,none
1785064549.122015715,per_message_full_scan,720,720,6.274458647,6.274458612,0.900000000,0.900000000,1,0.131812349,7.598637239,7.643273262,true,none
1785064550.122024775,per_message_full_scan,720,720,6.274458647,6.274458612,0.898611111,0.898611111,1,0.133976609,7.648306081,7.770998162,true,none
1785064551.122032881,per_message_full_scan,720,720,6.274458647,6.274458612,0.891666667,0.891666667,1,0.133464009,7.624439793,7.569566478,true,none
1785064552.122033358,per_message_full_scan,720,720,6.274458647,6.274458612,0.898611111,0.898611111,1,0.121899426,7.673123579,7.638660439,true,none
1785064553.122561216,per_message_full_scan,720,720,6.274458647,6.274458612,0.888888889,0.888888889,1,0.134131238,7.608457832,7.604243340,true,none
1785064554.122063160,per_message_full_scan,720,720,6.274458647,6.274458612,0.901388889,0.901388889,1,0.121424496,7.720436897,8.077836903,true,none
1785064555.122036457,per_message_full_scan,720,720,6.274458647,6.274458612,0.894444444,0.894444444,1,0.134172380,7.596808881,7.908149126,true,none
1785064556.135802984,per_message_full_scan,720,720,6.274458647,6.274458612,0.905555556,0.905555556,1,0.134887651,7.622128330,7.667073472,true,none
1785064557.122025490,per_message_full_scan,720,720,6.274458647,6.274458612,0.911111111,0.911111111,1,0.134091392,7.620650429,7.650870897,true,none
1785064558.122039557,per_message_full_scan,720,720,6.274458647,6.274458612,0.891666667,0.891666667,1,0.120869406,7.705646393,7.880529104,true,none
1785064559.132697821,per_message_full_scan,720,720,6.274458647,6.274458612,0.909722222,0.909722222,1,0.133327082,7.603625426,7.859942987,true,none
1785064560.122043371,per_message_full_scan,720,720,6.274458647,6.274458612,0.901388889,0.901388889,1,0.121741250,7.707547546,7.731334921,true,none
1785064561.128557920,per_message_full_scan,720,720,6.274458647,6.274458612,0.901388889,0.901388889,1,0.133537382,7.594612637,7.542791234,true,none
1785064562.122065783,per_message_full_scan,720,720,6.274458647,6.274458612,0.901388889,0.901388889,1,0.134110376,7.579713779,7.806243786,true,none
1785064563.122042656,per_message_full_scan,720,720,6.274458647,6.274458612,0.900000000,0.900000000,1,0.134390280,7.634408578,7.645743024,true,none
1785064564.122032881,per_message_full_scan,720,720,6.274458647,6.274458612,0.900000000,0.900000000,1,0.121634655,7.711552994,7.837195456,true,none
1785064565.122053146,per_message_full_scan,720,720,6.274458647,6.274458612,0.904166667,0.904166667,1,0.134025142,7.644256203,7.683603795,true,none
1785064566.122032404,per_message_full_scan,720,720,6.274458647,6.274458612,0.902777778,0.902777778,1,0.121538304,7.711859204,8.072777823,true,none
1785064567.138901472,per_message_full_scan,720,720,6.274458647,6.274458612,0.891666667,0.891666667,1,0.134077087,7.599021112,7.639368900,true,none
1785064568.122029543,per_message_full_scan,720,720,6.274458647,6.274458612,0.900000000,0.900000000,1,0.132892877,7.561150444,7.553807477,true,none
1785064569.122040987,per_message_full_scan,720,720,6.274458647,6.274458612,0.911111111,0.911111111,1,0.129620820,7.647995850,7.812647099,true,none
1785064570.122061491,per_message_full_scan,720,720,6.274458647,6.274458612,0.912500000,0.912500000,1,0.134033754,7.595985041,7.563095091,true,none
1785064571.123217583,per_message_full_scan,720,720,6.274458647,6.274458612,0.905555556,0.905555556,1,0.136146471,7.607351066,7.626618537,true,none
1785064572.124544859,per_message_full_scan,720,720,6.274458647,6.274458612,0.900000000,0.900000000,1,0.133965641,7.580778012,7.741657242,true,none
1785064573.122042418,per_message_full_scan,720,720,6.274458647,6.274458612,0.897222222,0.897222222,1,0.120960824,7.706897928,7.519757337,true,none
1785064574.122044563,per_message_full_scan,720,720,6.274458647,6.274458612,0.904166667,0.904166667,1,0.132524043,7.583459808,7.681435406,true,none
1785064575.155022860,per_message_full_scan,720,720,6.274458647,6.274458612,0.904166667,0.904166667,1,0.133139744,7.636967222,7.526742398,true,none
1785064576.122048855,per_message_full_scan,720,720,6.274458647,6.274458612,0.916666667,0.916666667,1,0.130958080,7.631025826,8.105667951,true,none
1785064577.122057199,per_message_full_scan,720,720,6.274458647,6.274458612,0.926388889,0.926388889,1,0.121786594,7.665483650,7.624720000,true,none
1785064578.122064590,per_message_full_scan,720,720,6.274458647,6.274458612,0.930555556,0.930555556,1,0.135173425,7.617145827,7.565992786,true,none
1785064579.122044086,per_message_full_scan,720,720,6.274458647,6.274458612,0.920833333,0.920833333,1,0.121887743,7.709315261,7.638685171,true,none
1785064580.134563923,per_message_full_scan,720,720,6.274458647,6.274458612,0.919444444,0.919444444,1,0.134544283,7.599649793,7.613718137,true,none
1785064581.122042656,per_message_full_scan,720,720,6.274458647,6.274458612,0.916666667,0.916666667,1,0.134133115,7.600443063,7.649645102,true,none
1785064582.122074604,per_message_full_scan,720,720,6.274458647,6.274458612,0.920833333,0.920833333,1,0.134000346,7.646971785,7.759950284,true,none
1785064583.163267374,per_message_full_scan,720,720,6.274458647,6.274458612,0.915277778,0.915277778,1,0.134036809,7.579729203,7.594666903,true,none
1785064584.122023821,per_message_full_scan,720,720,6.274458647,6.274458612,0.929166667,0.929166667,1,0.122089818,7.697613858,7.640075301,true,none
1785064585.122020006,per_message_full_scan,720,720,6.274458647,6.274458612,0.916666667,0.916666667,1,0.132500410,7.620194924,7.583006552,true,none
1785064586.122054577,per_message_full_scan,720,720,6.274458647,6.274458612,0.927777778,0.927777778,1,0.132674366,7.596341229,7.501172582,true,none
1785064587.122050047,per_message_full_scan,720,720,6.274458647,6.274458612,0.908333333,0.908333333,1,0.132585421,7.867038236,7.904149575,true,none
1785064588.149966478,per_message_full_scan,720,720,6.274458647,6.274458612,0.912500000,0.912500000,1,0.133897915,7.694668942,7.561679197,true,none
1785064589.122033834,per_message_full_scan,720,720,6.274458647,6.274458612,0.913888889,0.913888889,1,0.133954599,7.645623730,7.859546753,true,none
1785064590.122031927,per_message_full_scan,720,720,6.274458647,6.274458612,0.902777778,0.902777778,1,0.119795017,7.712020310,7.646580320,true,none
1785064591.122042179,per_message_full_scan,720,720,6.274458647,6.274458612,0.905555556,0.905555556,1,0.121766284,7.697357307,7.584389493,true,none
1785064592.122064352,per_message_full_scan,720,720,6.274458647,6.274458612,0.912500000,0.912500000,1,0.136304513,7.570149137,7.917471788,true,none
1785064593.136148691,per_message_full_scan,720,720,6.274458647,6.274458612,0.906944444,0.906944444,1,0.122077852,7.694163381,7.542537574,true,none
1785064594.122608662,per_message_full_scan,720,720,6.274458647,6.274458612,0.902777778,0.902777778,1,0.121541709,7.675313852,8.054781868,true,none
1785064595.122068644,per_message_full_scan,720,720,6.274458647,6.274458612,0.901388889,0.901388889,1,0.134073153,7.594514934,7.888850945,true,none
1785064596.122054577,per_message_full_scan,720,720,6.274458647,6.274458612,0.908333333,0.908333333,1,0.134052947,7.629980875,7.737889651,true,none
1785064597.122040749,per_message_full_scan,720,720,6.274458647,6.274458612,0.900000000,0.900000000,1,0.127512842,7.630251926,7.678657491,true,none
1785064598.149523497,per_message_full_scan,720,720,6.274458647,6.274458612,0.902777778,0.902777778,1,0.131133646,7.813154654,7.641536091,true,none
1785064599.122103453,per_message_full_scan,720,720,6.274458647,6.274458612,0.880555556,0.880555556,1,0.119297653,7.718202616,8.133348996,true,none
1785064600.134460211,per_message_full_scan,720,720,6.274458647,6.274458612,0.906944444,0.906944444,1,0.117024198,7.768713836,7.726236474,true,none
1785064601.122073174,per_message_full_scan,720,720,6.274458647,6.274458612,0.915277778,0.915277778,1,0.133343637,7.706122670,7.865346137,true,none
1785064602.124132395,per_message_full_scan,720,720,6.274458647,6.274458612,0.905555556,0.905555556,1,0.134453028,7.611528849,7.666300087,true,none
1785064603.122050762,per_message_full_scan,720,720,6.274458647,6.274458612,0.925000000,0.925000000,1,0.133626550,7.657826360,7.606298932,true,none
1785064604.122070789,per_message_full_scan,720,720,6.274458647,6.274458612,0.915277778,0.915277778,1,0.133543000,7.557156075,7.713095208,true,none
1785064605.134942532,per_message_full_scan,720,720,6.274458647,6.274458612,0.906944444,0.906944444,1,0.132468417,7.640630131,7.505709299,true,none
1785064606.122031212,per_message_full_scan,720,720,6.274458647,6.274458612,0.902777778,0.902777778,1,0.133801132,7.623157401,7.678232736,true,none
1785064607.122045279,per_message_full_scan,720,720,6.274458647,6.274458612,0.902777778,0.902777778,1,0.121678628,7.690605228,7.657515614,true,none
1785064608.156181097,per_message_full_scan,720,720,6.274458647,6.274458612,0.904166667,0.904166667,1,0.133997127,7.636085016,7.624578081,true,none
1785064609.122069359,per_message_full_scan,720,720,6.274458647,6.274458612,0.908333333,0.908333333,1,0.132233903,7.624001997,7.606231623,true,none
1785064610.122073412,per_message_full_scan,720,720,6.274458647,6.274458612,0.900000000,0.900000000,1,0.134204358,7.555113527,7.681596980,true,none
1785064611.122027874,per_message_full_scan,720,720,6.274458647,6.274458612,0.906944444,0.906944444,1,0.121141739,7.703010474,8.064581484,true,none
1785064612.122038603,per_message_full_scan,720,720,6.274458647,6.274458612,0.906944444,0.906944444,1,0.134118572,7.617722964,7.879958791,true,none
1785064613.135957956,per_message_full_scan,720,720,6.274458647,6.274458612,0.908333333,0.908333333,1,0.133742422,7.560574977,7.646281001,true,none
1785064614.122032166,per_message_full_scan,720,720,6.274458647,6.274458612,0.911111111,0.911111111,1,0.121682175,7.698447905,8.148281523,true,none
1785064615.122261286,per_message_full_scan,720,720,6.274458647,6.274458612,0.913888889,0.913888889,1,0.134120971,7.630321786,7.887722073,true,none
1785064616.122051477,per_message_full_scan,720,720,6.274458647,6.274458612,0.918055556,0.918055556,1,0.135791019,7.551147607,7.663366834,true,none
1785064617.122025728,per_message_full_scan,720,720,6.274458647,6.274458612,0.908333333,0.908333333,1,0.121846110,7.697127207,8.229231254,true,none
1785064618.124232531,per_message_full_scan,720,720,6.274458647,6.274458612,0.901388889,0.901388889,1,0.134747922,7.587709795,7.772799173,true,none
1785064619.122041702,per_message_full_scan,720,720,6.274458647,6.274458612,0.911111111,0.911111111,1,0.133825123,7.588118722,7.607566928,true,none
1785064620.122049332,per_message_full_scan,720,720,6.274458647,6.274458612,0.906944444,0.906944444,1,0.121686362,7.699328160,8.092051451,true,none
1785064621.152601719,per_message_full_scan,720,720,6.274458647,6.274458612,0.900000000,0.900000000,1,0.133660495,7.620997374,7.592413920,true,none
1785064622.122040510,per_message_full_scan,720,720,6.274458647,6.274458612,0.922222222,0.922222222,1,0.133043095,7.597098829,7.496043681,true,none
1785064623.122029305,per_message_full_scan,720,720,6.274458647,6.274458612,0.904166667,0.904166667,1,0.121854573,7.688295215,7.869083636,true,none
1785064624.122052431,per_message_full_scan,720,720,6.274458647,6.274458612,0.901388889,0.901388889,1,0.134490937,7.640655972,7.593937042,true,none
1785064625.122066736,per_message_full_scan,720,720,6.274458647,6.274458612,0.906944444,0.906944444,1,0.134030163,7.590410640,7.522686417,true,none
1785064626.128869057,per_message_full_scan,720,720,6.274458647,6.274458612,0.913888889,0.913888889,1,0.134101540,7.652142131,7.809340627,true,none
1785064627.122047424,per_message_full_scan,720,720,6.274458647,6.274458612,0.904166667,0.904166667,1,0.133807734,7.631898617,7.638259794,true,none
1785064628.122098207,per_message_full_scan,720,720,6.274458647,6.274458612,0.895833333,0.895833333,1,0.121731311,7.703118514,8.008723334,true,none
1785064629.122101307,per_message_full_scan,720,720,6.274458647,6.274458612,0.902777778,0.902777778,1,0.121976666,7.691749272,7.819653298,true,none
1785064630.122099876,per_message_full_scan,720,720,6.274458647,6.274458612,0.895833333,0.895833333,1,0.133672506,7.592345449,7.540655846,true,none
1785064631.122039080,per_message_full_scan,720,720,6.274458647,6.274458612,0.886111111,0.886111111,1,0.133741334,7.635078604,7.705377722,true,none
1785064632.122026443,per_message_full_scan,720,720,6.274458647,6.274458612,0.893055556,0.893055556,1,0.134077281,7.635440906,7.499952883,true,none
1785064633.122029543,per_message_full_scan,720,720,6.274458647,6.274458612,0.894444444,0.894444444,1,0.121254012,7.708799022,7.863640761,true,none
1785064634.146768808,per_message_full_scan,720,720,6.274458647,6.274458612,0.895833333,0.895833333,1,0.134273633,7.634921469,7.553256860,true,none
1785064635.122031689,per_message_full_scan,720,720,6.274458647,6.274458612,0.894444444,0.894444444,1,0.132974759,7.569123198,7.570195175,true,none
1785064636.122045517,per_message_full_scan,720,720,6.274458647,6.274458612,0.895833333,0.895833333,1,0.134049222,7.651318064,7.944710869,true,none
1785064637.122040272,per_message_full_scan,720,720,6.274458647,6.274458612,0.895833333,0.895833333,1,0.133889392,7.596891387,7.678591808,true,none
1785064638.122023106,per_message_full_scan,720,720,6.274458647,6.274458612,0.891666667,0.891666667,1,0.133964285,7.639899807,7.766083844,true,none
1785064639.133499146,per_message_full_scan,720,720,6.274458647,6.274458612,0.894444444,0.894444444,1,0.134128794,7.583491901,7.518431434,true,none
1785064640.122042179,per_message_full_scan,720,720,6.274458647,6.274458612,0.883333333,0.883333333,1,0.120123021,7.710576525,8.240427429,true,none
1785064641.122027159,per_message_full_scan,720,720,6.274458647,6.274458612,0.880555556,0.880555556,1,0.134057164,7.622913633,7.711731455,true,none
1785064642.152592421,per_message_full_scan,720,720,6.274458647,6.274458612,0.902777778,0.902777778,1,0.121630743,7.713520872,7.554053347,true,none
1785064643.122043371,per_message_full_scan,720,720,6.274458647,6.274458612,0.898611111,0.898611111,1,0.130236328,7.654814293,7.790298545,true,none
1785064644.122042894,per_message_full_scan,720,720,6.274458647,6.274458612,0.905555556,0.905555556,1,0.134067938,7.591554282,7.618740462,true,none
1785064645.122044325,per_message_full_scan,720,720,6.274458647,6.274458612,0.904166667,0.904166667,1,0.124209926,7.660024292,7.975818866,true,none
1785064646.122036934,per_message_full_scan,720,720,6.274458647,6.274458612,0.906944444,0.906944444,1,0.133808970,7.588367034,7.578228861,true,none
1785064647.122028351,per_message_full_scan,720,720,6.274458647,6.274458612,0.900000000,0.900000000,1,0.121827357,7.671754051,7.972224645,true,none
1785064648.122025490,per_message_full_scan,720,720,6.274458647,6.274458612,0.905555556,0.905555556,1,0.133911908,7.639162289,7.632300619,true,none
1785064649.122026205,per_message_full_scan,720,720,6.274458647,6.274458612,0.916666667,0.916666667,1,0.122112796,7.707896866,7.731693148,true,none
1785064650.130803823,per_message_full_scan,720,720,6.274458647,6.274458612,0.912500000,0.912500000,1,0.134730682,7.618772776,7.922081435,true,none
1785064651.122029305,per_message_full_scan,720,720,6.274458647,6.274458612,0.900000000,0.900000000,1,0.134197533,7.593544670,7.941814565,true,none
1785064652.126237869,per_message_full_scan,720,720,6.274458647,6.274458612,0.919444444,0.919444444,1,0.131409258,7.642854189,7.651491927,true,none
1785064653.122058392,per_message_full_scan,720,720,6.274458647,6.274458612,0.908333333,0.908333333,1,0.134175152,7.599928863,7.969178445,true,none
1785064654.122028589,per_message_full_scan,720,720,6.274458647,6.274458612,0.902777778,0.902777778,1,0.121266544,7.675817296,7.661034235,true,none
1785064655.122031212,per_message_full_scan,720,720,6.274458647,6.274458612,0.894444444,0.894444444,1,0.133989438,7.603284489,7.836557248,true,none
1785064656.122052670,per_message_full_scan,720,720,6.274458647,6.274458612,0.906944444,0.906944444,1,0.121754095,7.710593663,7.585910812,true,none
1785064657.122033119,per_message_full_scan,720,720,6.274458647,6.274458612,0.902777778,0.902777778,1,0.133720919,7.587025900,7.458347852,true,none
1785064658.136267662,per_message_full_scan,720,720,6.274458647,6.274458612,0.898611111,0.898611111,1,0.134073064,7.651195961,7.793938725,true,none
1785064659.122074604,per_message_full_scan,720,720,6.274458647,6.274458612,0.888888889,0.888888889,1,0.132108882,7.641591866,7.578622269,true,none
1785064660.122028828,per_message_full_scan,720,720,6.274458647,6.274458612,0.883333333,0.883333333,1,0.121704444,7.712020760,8.147524795,true,none
1785064661.122213125,per_message_full_scan,720,720,6.274458647,6.274458612,0.884722222,0.884722222,1,0.122300282,7.669086698,7.836864189,true,none
1785064662.122040749,per_message_full_scan,720,720,6.274458647,6.274458612,0.879166667,0.879166667,1,0.134985164,7.579362177,7.645073256,true,none
1785064663.122231483,per_message_full_scan,720,720,6.274458647,6.274458612,0.900000000,0.900000000,1,0.134136602,7.649768082,7.808659829,true,none
1785064664.122033119,per_message_full_scan,720,720,6.274458647,6.274458612,0.886111111,0.886111111,1,0.134124577,7.617947511,7.588194142,true,none
1785064665.122056484,per_message_full_scan,720,720,6.274458647,6.274458612,0.894444444,0.894444444,1,0.121910848,7.707771754,8.040546891,true,none
1785064666.143886566,per_message_full_scan,720,720,6.274458647,6.274458612,0.898611111,0.898611111,1,0.134109929,7.600036528,7.688371435,true,none
1785064667.122045994,per_message_full_scan,720,720,6.274458647,6.274458612,0.888888889,0.888888889,1,0.121882066,7.696024774,8.174479874,true,none
1785064668.122038603,per_message_full_scan,720,720,6.274458647,6.274458612,0.893055556,0.893055556,1,0.133957654,7.599551264,7.652229040,true,none
1785064669.122044086,per_message_full_scan,720,720,6.274458647,6.274458612,0.895833333,0.895833333,1,0.134021521,7.579928737,7.545917049,true,none
1785064670.122035980,per_message_full_scan,720,720,6.274458647,6.274458612,0.893055556,0.893055556,1,0.133815214,7.641167354,7.937069499,true,none
1785064671.131023169,per_message_full_scan,720,720,6.274458647,6.274458612,0.890277778,0.890277778,1,0.122008838,7.662318772,7.740523310,true,none
1785064672.122052670,per_message_full_scan,720,720,6.274458647,6.274458612,0.886111111,0.886111111,1,0.133921862,7.657614701,7.939904503,true,none
1785064673.122066021,per_message_full_scan,720,720,6.274458647,6.274458612,0.893055556,0.893055556,1,0.133342937,7.589938015,7.814356040,true,none
1785064674.159917355,per_message_full_scan,720,720,6.274458647,6.274458612,0.893055556,0.893055556,1,0.133354187,7.642660143,7.579422805,true,none
1785064675.122027159,per_message_full_scan,720,720,6.274458647,6.274458612,0.883333333,0.883333333,1,0.134231359,7.610214515,7.810303219,true,none
1785064676.122043371,per_message_full_scan,720,720,6.274458647,6.274458612,0.887500000,0.887500000,1,0.122128032,7.670865362,7.591189084,true,none
1785064677.122028589,per_message_full_scan,720,720,6.274458647,6.274458612,0.895833333,0.895833333,1,0.134070471,7.670789513,7.681944540,true,none
1785064678.122093201,per_message_full_scan,720,720,6.274458647,6.274458612,0.902777778,0.902777778,1,0.121167637,7.674942745,7.779541019,true,none
1785064679.149260998,per_message_full_scan,720,720,6.274458647,6.274458612,0.884722222,0.884722222,1,0.134249955,7.617349735,7.638597744,true,none
1785064680.122033119,per_message_full_scan,720,720,6.274458647,6.274458612,0.898611111,0.898611111,1,0.134226412,7.584908220,7.924846130,true,none
1785064681.122045517,per_message_full_scan,720,720,6.274458647,6.274458612,0.902777778,0.902777778,1,0.134288386,7.646287049,7.540631430,true,none
1785064682.135284424,per_message_full_scan,720,720,6.274458647,6.274458612,0.904166667,0.904166667,1,0.121779218,7.716833438,7.831858788,true,none
1785064683.122029543,per_message_full_scan,720,720,6.274458647,6.274458612,0.895833333,0.895833333,1,0.121865869,7.674752111,7.601857482,true,none
1785064684.133081675,per_message_full_scan,720,720,6.274458647,6.274458612,0.888888889,0.888888889,1,0.134205401,7.596981354,7.513961170,true,none
1785064685.122269630,per_message_full_scan,720,720,6.274458647,6.274458612,0.898611111,0.898611111,1,0.121985160,7.694651258,7.832085590,true,none
1785064686.122019291,per_message_full_scan,720,720,6.274458647,6.274458612,0.884722222,0.884722222,1,0.134091198,7.595150240,7.596646402,true,none
1785064687.123365164,per_message_full_scan,720,720,6.274458647,6.274458612,0.887500000,0.887500000,1,0.122184575,7.680097909,7.775566955,true,none
1785064688.122046709,per_message_full_scan,720,720,6.274458647,6.274458612,0.895833333,0.895833333,1,0.133956790,7.644991309,7.557620529,true,none
1785064689.122037172,per_message_full_scan,720,720,6.274458647,6.274458612,0.902777778,0.902777778,1,0.120884202,7.713077881,7.968849790,true,none
1785064690.152866840,per_message_full_scan,720,720,6.274458647,6.274458612,0.894444444,0.894444444,1,0.133896157,7.625790278,7.639017760,true,none
1785064691.122060061,per_message_full_scan,720,720,6.274458647,6.274458612,0.884722222,0.884722222,1,0.134066522,7.596274229,7.601540044,true,none
1785064692.122040272,per_message_full_scan,720,720,6.274458647,6.274458612,0.894444444,0.894444444,1,0.133956119,7.645751366,7.885609754,true,none
1785064693.122208595,per_message_full_scan,720,720,6.274458647,6.274458612,0.886111111,0.886111111,1,0.134061456,7.589348842,7.586933450,true,none
1785064694.122035980,per_message_full_scan,720,720,6.274458647,6.274458612,0.884722222,0.884722222,1,0.134168327,7.650199964,8.004115410,true,none
1785064695.129831076,per_message_full_scan,720,720,6.274458647,6.274458612,0.877777778,0.877777778,1,0.133257985,7.580672284,7.618077373,true,none
1785064696.122011423,per_message_full_scan,720,720,6.274458647,6.274458612,0.901388889,0.901388889,1,0.121819943,7.707394643,7.570446183,true,none
1785064697.122041225,per_message_full_scan,720,720,6.274458647,6.274458612,0.888888889,0.888888889,1,0.133874923,7.598849237,7.941151673,true,none
1785064698.159300327,per_message_full_scan,720,720,6.274458647,6.274458612,0.895833333,0.895833333,1,0.133886442,7.647992772,7.653952893,true,none
1785064699.122072220,per_message_full_scan,720,720,6.274458647,6.274458612,0.895833333,0.895833333,1,0.134037271,7.638509317,7.994077095,true,none
1785064700.122034788,per_message_full_scan,720,720,6.274458647,6.274458612,0.890277778,0.890277778,1,0.121000275,7.694092076,7.724281018,true,none
1785064701.122044563,per_message_full_scan,720,720,6.274458647,6.274458612,0.887500000,0.887500000,1,0.134020314,7.655493803,7.578388310,true,none
1785064702.122617483,per_message_full_scan,720,720,6.274458647,6.274458612,0.888888889,0.888888889,1,0.121586993,7.713307440,7.734085239,true,none
1785064703.136851311,per_message_full_scan,720,720,6.274458647,6.274458612,0.894444444,0.894444444,1,0.134014651,7.601025445,7.606642340,true,none
1785064704.122035027,per_message_full_scan,720,720,6.274458647,6.274458612,0.887500000,0.887500000,1,0.121728502,7.719453850,8.156427843,true,none
1785064705.122037411,per_message_full_scan,720,720,6.274458647,6.274458612,0.901388889,0.901388889,1,0.133030847,7.586802553,7.518279666,true,none
1785064706.134266138,per_message_full_scan,720,720,6.274458647,6.274458612,0.884722222,0.884722222,1,0.121785007,7.694132682,8.055384505,true,none
1785064707.122355223,per_message_full_scan,720,720,6.274458647,6.274458612,0.888888889,0.888888889,1,0.132405415,7.645258533,7.869462624,true,none
1785064708.124641180,per_message_full_scan,720,720,6.274458647,6.274458612,0.890277778,0.890277778,1,0.120701335,7.710766187,8.109338012,true,none
1785064709.122108698,per_message_full_scan,720,720,6.274458647,6.274458612,0.886111111,0.886111111,1,0.134841159,7.612760821,7.741587160,true,none
1785064710.122066975,per_message_full_scan,720,720,6.274458647,6.274458612,0.900000000,0.900000000,1,0.134019479,7.559350399,7.550807353,true,none
1785064711.122034788,per_message_full_scan,720,720,6.274458647,6.274458612,0.888888889,0.888888889,1,0.134262636,7.648341535,7.985315543,true,none
1785064712.122033596,per_message_full_scan,720,720,6.274458647,6.274458612,0.888888889,0.888888889,1,0.133956179,7.603049754,7.667548451,true,none
1785064713.122074604,per_message_full_scan,720,720,6.274458647,6.274458612,0.894444444,0.894444444,1,0.134072855,7.650059662,7.736858886,true,none
1785064714.140157700,per_message_full_scan,720,720,6.274458647,6.274458612,0.900000000,0.900000000,1,0.121849768,7.712996443,7.678568833,true,none
1785064715.122041702,per_message_full_scan,720,720,6.274458647,6.274458612,0.898611111,0.898611111,1,0.134016946,7.647978212,7.546056259,true,none
1785064716.122045040,per_message_full_scan,720,720,6.274458647,6.274458612,0.904166667,0.904166667,1,0.120600313,7.709197689,7.735869342,true,none
1785064717.122036219,per_message_full_scan,720,720,6.274458647,6.274458612,0.894444444,0.894444444,1,0.121928453,7.601229268,7.580705469,true,none
1785064718.122018099,per_message_full_scan,720,720,6.274458647,6.274458612,0.895833333,0.895833333,1,0.134091228,7.593341729,7.659560763,true,none
1785064719.130308390,per_message_full_scan,720,720,6.274458647,6.274458612,0.895833333,0.895833333,1,0.134709597,7.605345122,7.611066644,true,none
1785064720.122048855,per_message_full_scan,720,720,6.274458647,6.274458612,0.902777778,0.902777778,1,0.133354262,7.603336403,7.590662900,true,none
1785064721.122035980,per_message_full_scan,720,720,6.274458647,6.274458612,0.893055556,0.893055556,1,0.134034365,7.648298441,7.761153434,true,none
1785064722.150051832,per_message_full_scan,720,720,6.274458647,6.274458612,0.888888889,0.888888889,1,0.121503212,7.702404249,7.583908039,true,none
1785064723.122052193,per_message_full_scan,720,720,6.274458647,6.274458612,0.894444444,0.894444444,1,0.134029537,7.646051100,7.731486275,true,none
1785064724.123821735,per_message_full_scan,720,720,6.274458647,6.274458612,0.888888889,0.888888889,1,0.131142095,7.554531770,7.526877495,true,none
1785064725.122031689,per_message_full_scan,720,720,6.274458647,6.274458612,0.895833333,0.895833333,1,0.121767431,7.708906379,7.826218977,true,none
1785064726.122059345,per_message_full_scan,720,720,6.274458647,6.274458612,0.898611111,0.898611111,1,0.134602755,7.558296092,7.587090776,true,none
1785064727.132698774,per_message_full_scan,720,720,6.274458647,6.274458612,0.898611111,0.898611111,1,0.134223029,7.652557581,7.613025568,true,none
1785064728.122033119,per_message_full_scan,720,720,6.274458647,6.274458612,0.898611111,0.898611111,1,0.134037226,7.602741162,7.706506622,true,none
1785064729.122142553,per_message_full_scan,720,720,6.274458647,6.274458612,0.909722222,0.909722222,1,0.134026423,7.661978154,7.636152233,true,none
1785064730.123654842,per_message_full_scan,720,720,6.274458647,6.274458612,0.897222222,0.897222222,1,0.133995965,7.565712206,7.887538965,true,none
1785064731.122032166,per_message_full_scan,720,720,6.274458647,6.274458612,0.895833333,0.895833333,1,0.118375644,7.676413948,7.658019614,true,none
1785064732.122015238,per_message_full_scan,720,720,6.274458647,6.274458612,0.897222222,0.897222222,1,0.134131715,7.593076547,7.617042782,true,none
1785064733.154429674,per_message_full_scan,720,720,6.274458647,6.274458612,0.891666667,0.891666667,1,0.134480879,7.640995460,7.633589906,true,none
1785064734.122043610,per_message_full_scan,720,720,6.274458647,6.274458612,0.888888889,0.888888889,1,0.134156510,7.601640846,7.549010303,true,none
1785064735.122068167,per_message_full_scan,720,720,6.274458647,6.274458612,0.884722222,0.884722222,1,0.134039104,7.648950127,7.686713944,true,none
1785064736.122036457,per_message_full_scan,720,720,6.274458647,6.274458612,0.887500000,0.887500000,1,0.133295819,7.599928585,7.516887759,true,none
1785064737.122065067,per_message_full_scan,720,720,6.274458647,6.274458612,0.888888889,0.888888889,1,0.121674173,7.703389036,7.868052433,true,none
1785064738.140071630,per_message_full_scan,720,720,6.274458647,6.274458612,0.881944444,0.881944444,1,0.133374378,7.591398991,7.623961807,true,none
1785064739.122040272,per_message_full_scan,720,720,6.274458647,6.274458612,0.887500000,0.887500000,1,0.121766016,7.719854674,7.996266227,true,none
1785064740.122071505,per_message_full_scan,720,720,6.274458647,6.274458612,0.900000000,0.900000000,1,0.133837208,7.599071896,7.646901257,true,none
1785064741.130379200,per_message_full_scan,720,720,6.274458647,6.274458612,0.894444444,0.894444444,1,0.134206071,7.642771759,7.988845223,true,none
1785064742.122033596,per_message_full_scan,720,720,6.274458647,6.274458612,0.888888889,0.888888889,1,0.134036705,7.621606400,7.839445599,true,none
1785064743.123927116,per_message_full_scan,720,720,6.274458647,6.274458612,0.891666667,0.891666667,1,0.121619619,7.703217880,7.567452768,true,none
1785064744.122043133,per_message_full_scan,720,720,6.274458647,6.274458612,0.884722222,0.884722222,1,0.134119496,7.663005116,7.936600770,true,none
1785064745.122026443,per_message_full_scan,720,720,6.274458647,6.274458612,0.898611111,0.898611111,1,0.122346699,7.667564201,7.701747501,true,none
1785064746.122045279,per_message_full_scan,720,720,6.274458647,6.274458612,0.898611111,0.898611111,1,0.133915246,7.611992166,8.091701188,true,none
1785064747.122101307,per_message_full_scan,720,720,6.274458647,6.274458612,0.898611111,0.898611111,1,0.121989876,7.701556354,7.781758666,true,none
1785064748.122039080,per_message_full_scan,720,720,6.274458647,6.274458612,0.888888889,0.888888889,1,0.134077609,7.598541331,7.642134362,true,none
1785064749.134215593,per_message_full_scan,720,720,6.274458647,6.274458612,0.888888889,0.888888889,1,0.133226439,7.658710713,7.787131031,true,none
1785064750.122032881,per_message_full_scan,720,720,6.274458647,6.274458612,0.884722222,0.884722222,1,0.129396364,7.613913722,7.615817431,true,none
1785064751.122022390,per_message_full_scan,720,720,6.274458647,6.274458612,0.880555556,0.880555556,1,0.134068504,7.639365959,7.793240059,true,none
1785064752.163963079,per_message_full_scan,720,720,6.274458647,6.274458612,0.902777778,0.902777778,1,0.119193085,7.712409082,7.562939156,true,none
1785064753.122070789,per_message_full_scan,720,720,6.274458647,6.274458612,0.891666667,0.891666667,1,0.134182677,7.641589092,7.905670454,true,none
1785064754.122309208,per_message_full_scan,720,720,6.274458647,6.274458612,0.893055556,0.893055556,1,0.122006141,7.679367982,7.643444552,true,none
1785064755.122375250,per_message_full_scan,720,720,6.274458647,6.274458612,0.895833333,0.895833333,1,0.121647045,7.672768314,8.031808508,true,none
1785064756.122051954,per_message_full_scan,720,720,6.274458647,6.274458612,0.890277778,0.890277778,1,0.134073213,7.590724399,7.681967431,true,none
1785064757.150134563,per_message_full_scan,720,720,6.274458647,6.274458612,0.891666667,0.891666667,1,0.133986235,7.652463234,7.533469036,true,none
1785064758.122029066,per_message_full_scan,720,720,6.274458647,6.274458612,0.901388889,0.901388889,1,0.134114340,7.604808795,7.908671410,true,none
1785064759.122038841,per_message_full_scan,720,720,6.274458647,6.274458612,0.894444444,0.894444444,1,0.133640409,7.646246725,7.646660891,true,none
1785064760.139789820,per_message_full_scan,720,720,6.274458647,6.274458612,0.904166667,0.904166667,1,0.121401742,7.701635590,7.810164925,true,none
1785064761.122108698,per_message_full_scan,720,720,6.274458647,6.274458612,0.893055556,0.893055556,1,0.133498132,7.644556780,7.602062862,true,none
1785064762.122029305,per_message_full_scan,720,720,6.274458647,6.274458612,0.901388889,0.901388889,1,0.120575100,7.712139758,8.040244308,true,none
1785064763.122027874,per_message_full_scan,720,720,6.274458647,6.274458612,0.886111111,0.886111111,1,0.134160966,7.640095346,7.799937473,true,none
1785064764.122023106,per_message_full_scan,720,720,6.274458647,6.274458612,0.900000000,0.900000000,1,0.124012269,7.676131095,7.595119621,true,none
1785064765.125767708,per_message_full_scan,720,720,6.274458647,6.274458612,0.886111111,0.886111111,1,0.134107545,7.598371119,7.684920211,true,none
1785064766.122032642,per_message_full_scan,720,720,6.274458647,6.274458612,0.895833333,0.895833333,1,0.121809877,7.699626092,7.558394025,true,none
1785064767.122092485,per_message_full_scan,720,720,6.274458647,6.274458612,0.890277778,0.890277778,1,0.133897498,7.593757665,7.988425749,true,none
1785064768.146555662,per_message_full_scan,720,720,6.274458647,6.274458612,0.898611111,0.898611111,1,0.130875021,7.640819840,7.635172555,true,none
1785064769.122032166,per_message_full_scan,720,720,6.274458647,6.274458612,0.891666667,0.891666667,1,0.131207883,7.608543903,7.890712435,true,none
1785064770.122048855,per_message_full_scan,720,720,6.274458647,6.274458612,0.884722222,0.884722222,1,0.134113386,7.642456167,7.679066935,true,none
1785064771.144107342,per_message_full_scan,720,720,6.274458647,6.274458612,0.895833333,0.895833333,1,0.119468935,7.721688172,8.000029665,true,none
1785064772.122034550,per_message_full_scan,720,720,6.274458647,6.274458612,0.897222222,0.897222222,1,0.133484393,7.646918971,7.828778284,true,none
1785064773.122041702,per_message_full_scan,720,720,6.274458647,6.274458612,0.884722222,0.884722222,1,0.121644281,7.706167277,8.123581590,true,none
1785064774.122047424,per_message_full_scan,720,720,6.274458647,6.274458612,0.887500000,0.887500000,1,0.134154692,7.633411930,7.763286495,true,none
1785064775.122152567,per_message_full_scan,720,720,6.274458647,6.274458612,0.890277778,0.890277778,1,0.121810444,7.708932883,7.560649749,true,none
1785064776.121996403,per_message_full_scan,720,720,6.274458647,6.274458612,0.897222222,0.897222222,1,0.133707449,7.599445977,7.971729726,true,none
1785064777.122044086,per_message_full_scan,720,720,6.274458647,6.274458612,0.884722222,0.884722222,1,0.121489279,7.687405443,7.564828291,true,none
1785064778.122052670,per_message_full_scan,720,720,6.274458647,6.274458612,0.891666667,0.891666667,1,0.134177297,7.603632100,8.213528104,true,none
1785064779.150241852,per_message_full_scan,720,720,6.274458647,6.274458612,0.888888889,0.888888889,1,0.134152040,7.643792155,7.647145817,true,none
1785064780.122040749,per_message_full_scan,720,720,6.274458647,6.274458612,0.898611111,0.898611111,1,0.134154737,7.615327087,7.874199584,true,none
1785064781.122018814,per_message_full_scan,720,720,6.274458647,6.274458612,0.890277778,0.890277778,1,0.134030968,7.633248472,7.800166148,true,none
1785064782.122075319,per_message_full_scan,720,720,6.274458647,6.274458612,0.890277778,0.890277778,1,0.121783674,7.749899786,7.997554994,true,none
1785064783.122038841,per_message_full_scan,720,720,6.274458647,6.274458612,0.895833333,0.895833333,1,0.135465831,7.606072855,7.724793210,true,none
1785064784.134058237,per_message_full_scan,720,720,6.274458647,6.274458612,0.891666667,0.891666667,1,0.121912718,7.704555600,7.616529960,true,none
1785064785.122041702,per_message_full_scan,720,720,6.274458647,6.274458612,0.890277778,0.890277778,1,0.133874565,7.642677694,7.955796091,true,none
1785064786.122017384,per_message_full_scan,720,720,6.274458647,6.274458612,0.890277778,0.890277778,1,0.122681528,7.693009843,7.674896618,true,none
1785064787.123115540,per_message_full_scan,720,720,6.274458647,6.274458612,0.890277778,0.890277778,1,0.122365698,7.720248529,7.843022644,true,none
1785064788.122035027,per_message_full_scan,720,720,6.274458647,6.274458612,0.901388889,0.901388889,1,0.133965507,7.625671615,7.581731902,true,none
1785064789.122044086,per_message_full_scan,720,720,6.274458647,6.274458612,0.893055556,0.893055556,1,0.121933132,7.717508324,8.004661355,true,none
1785064790.153971434,per_message_full_scan,720,720,6.274458647,6.274458612,0.891666667,0.891666667,1,0.134018362,7.601410519,7.598697636,true,none
1785064791.122039795,per_message_full_scan,720,720,6.274458647,6.274458612,0.894444444,0.894444444,1,0.120710261,7.739862159,7.543382803,true,none
1785064792.122024775,per_message_full_scan,720,720,6.274458647,6.274458612,0.898611111,0.898611111,1,0.133933410,7.604092424,7.724071917,true,none
1785064793.122394562,per_message_full_scan,720,720,6.274458647,6.274458612,0.894444444,0.894444444,1,0.122019067,7.637788192,7.945431707,true,none
1785064794.122033834,per_message_full_scan,720,720,6.274458647,6.274458612,0.895833333,0.895833333,1,0.132977188,7.601130601,7.675528992,true,none
1785064795.140571356,per_message_full_scan,720,720,6.274458647,6.274458612,0.881944444,0.881944444,1,0.134698272,7.637700960,7.591494961,true,none
1785064796.122039557,per_message_full_scan,720,720,6.274458647,6.274458612,0.886111111,0.886111111,1,0.134072810,7.589303732,7.546890927,true,none
1785064797.122053146,per_message_full_scan,720,720,6.274458647,6.274458612,0.887500000,0.887500000,1,0.133965999,7.646276346,7.700339512,true,none
1785064798.127303600,per_message_full_scan,720,720,6.274458647,6.274458612,0.890277778,0.890277778,1,0.121556975,7.721125120,7.958406819,true,none
1785064799.122066975,per_message_full_scan,720,720,6.274458647,6.274458612,0.887500000,0.887500000,1,0.133934468,7.648570712,7.607607616,true,none
1785064800.122093916,per_message_full_scan,720,720,6.274458647,6.274458612,0.900000000,0.900000000,1,0.117881261,7.734664198,8.177936130,true,none
1785064801.122030497,per_message_full_scan,720,720,6.274458647,6.274458612,0.905555556,0.905555556,1,0.132579193,7.651611256,7.691728411,true,none
1785064802.122045994,per_message_full_scan,720,720,6.274458647,6.274458612,0.890277778,0.890277778,1,0.121352486,7.714659438,7.482284669,true,none
1785064803.122060299,per_message_full_scan,720,720,6.274458647,6.274458612,0.893055556,0.893055556,1,0.133725926,7.605632577,7.864437026,true,none
1785064804.122043371,per_message_full_scan,720,720,6.274458647,6.274458612,0.888888889,0.888888889,1,0.121240012,7.705075649,7.581297266,true,none
1785064805.122094393,per_message_full_scan,720,720,6.274458647,6.274458612,0.886111111,0.886111111,1,0.134096086,7.592216591,7.938152269,true,none
1785064806.135700941,per_message_full_scan,720,720,6.274458647,6.274458612,0.897222222,0.897222222,1,0.133728579,7.632813166,7.611516598,true,none
1785064807.122115135,per_message_full_scan,720,720,6.274458647,6.274458612,0.901388889,0.901388889,1,0.134393603,7.596707522,7.634462084,true,none
1785064808.122047663,per_message_full_scan,720,720,6.274458647,6.274458612,0.884722222,0.884722222,1,0.134239465,7.647330929,7.612987122,true,none
1785064809.162338018,per_message_full_scan,720,720,6.274458647,6.274458612,0.898611111,0.898611111,1,0.134133592,7.666066279,7.613664776,true,none
1785064810.122026920,per_message_full_scan,720,720,6.274458647,6.274458612,0.891666667,0.891666667,1,0.130580291,7.614693024,7.633086577,true,none
1785064811.122045040,per_message_full_scan,720,720,6.274458647,6.274458612,0.893055556,0.893055556,1,0.134207591,7.657892532,7.776467151,true,none
1785064812.151781559,per_message_full_scan,720,720,6.274458647,6.274458612,0.887500000,0.887500000,1,0.117458649,7.728211521,7.707142241,true,none
1785064813.122040272,per_message_full_scan,720,720,6.274458647,6.274458612,0.893055556,0.893055556,1,0.134084985,7.659059452,7.567712154,true,none
1785064814.122037172,per_message_full_scan,720,720,6.274458647,6.274458612,0.886111111,0.886111111,1,0.130821556,7.654288313,7.750581368,true,none
1785064815.122030735,per_message_full_scan,720,720,6.274458647,6.274458612,0.894444444,0.894444444,1,0.132381767,7.592168589,7.580507615,true,none
1785064816.122043848,per_message_full_scan,720,720,6.274458647,6.274458612,0.873611111,0.873611111,1,0.134180173,7.644377276,7.782422636,true,none
1785064817.137402773,per_message_full_scan,720,720,6.274458647,6.274458612,0.876388889,0.876388889,1,0.122318104,7.702188382,7.563869406,true,none
1785064818.122047663,per_message_full_scan,720,720,6.274458647,6.274458612,0.883333333,0.883333333,1,0.134135827,7.636667396,7.693063590,true,none
1785064819.123163223,per_message_full_scan,720,720,6.274458647,6.274458612,0.897222222,0.897222222,1,0.121962346,7.695108028,7.529503492,true,none
1785064820.127496719,per_message_full_scan,720,720,6.274458647,6.274458612,0.887500000,0.887500000,1,0.134180203,7.606290417,7.841405266,true,none
1785064821.122028112,per_message_full_scan,720,720,6.274458647,6.274458612,0.888888889,0.888888889,1,0.133946270,7.661569947,7.636901621,true,none
1785064822.122044086,per_message_full_scan,720,720,6.274458647,6.274458612,0.881944444,0.881944444,1,0.121375017,7.720927474,7.830901060,true,none
1785064823.122201204,per_message_full_scan,720,720,6.274458647,6.274458612,0.900000000,0.900000000,1,0.134161979,7.653816880,7.564393799,true,none
1785064824.122071505,per_message_full_scan,720,720,6.274458647,6.274458612,0.897222222,0.897222222,1,0.121754505,7.712536951,7.611297853,true,none
1785064825.121999502,per_message_full_scan,720,720,6.274458647,6.274458612,0.900000000,0.900000000,1,0.122106016,7.737043175,7.663875856,true,none
1785064826.122042656,per_message_full_scan,720,720,6.274458647,6.274458612,0.900000000,0.900000000,1,0.135513067,7.634753222,7.760524926,true,none
1785064827.122111559,per_message_full_scan,720,720,6.274458647,6.274458612,0.895833333,0.895833333,1,0.121879309,7.710511224,7.695500690,true,none
1785064828.136765957,per_message_full_scan,720,720,6.274458647,6.274458612,0.900000000,0.900000000,1,0.136419430,7.539934696,7.576211599,true,none
1785064829.122039557,per_message_full_scan,720,720,6.274458647,6.274458612,0.886111111,0.886111111,1,0.121607147,7.709973435,7.747157740,true,none
1785064830.122064114,per_message_full_scan,720,720,6.274458647,6.274458612,0.888888889,0.888888889,1,0.121891782,7.732556901,7.581769484,true,none
1785064831.130558968,per_message_full_scan,720,720,6.274458647,6.274458612,0.893055556,0.893055556,1,0.133909822,7.593811616,7.741515335,true,none
1785064832.122032166,per_message_full_scan,720,720,6.274458647,6.274458612,0.894444444,0.894444444,1,0.121739976,7.701122068,8.018191599,true,none
1785064833.122032404,per_message_full_scan,720,720,6.274458647,6.274458612,0.905555556,0.905555556,1,0.133730143,7.601648399,7.894542608,true,none
1785064834.151993275,per_message_full_scan,720,720,6.274458647,6.274458612,0.897222222,0.897222222,1,0.133604184,7.620180256,7.647020455,true,none
1785064835.122075319,per_message_full_scan,720,720,6.274458647,6.274458612,0.891666667,0.891666667,1,0.121810317,7.719471883,8.258195840,true,none
1785064836.122032881,per_message_full_scan,720,720,6.274458647,6.274458612,0.880555556,0.880555556,1,0.118381947,7.766569256,8.154015891,true,none
1785064837.122041702,per_message_full_scan,720,720,6.274458647,6.274458612,0.884722222,0.884722222,1,0.134063974,7.667673399,7.930369014,true,none
1785064838.122031927,per_message_full_scan,720,720,6.274458647,6.274458612,0.886111111,0.886111111,1,0.132964790,7.674801055,7.572285136,true,none
1785064839.122031450,per_message_full_scan,720,720,6.274458647,6.274458612,0.888888889,0.888888889,1,0.121493995,7.720066213,7.645087584,true,none
1785064840.135021925,per_message_full_scan,720,720,6.274458647,6.274458612,0.875000000,0.875000000,1,0.120532915,7.753074428,8.071533031,true,none
1785064841.122099638,per_message_full_scan,720,720,6.274458647,6.274458612,0.888888889,0.888888889,1,0.134123862,7.654545731,8.004130719,true,none
1785064842.122038364,per_message_full_scan,720,720,6.274458647,6.274458612,0.880555556,0.880555556,1,0.121906206,7.715056133,8.033627513,true,none
1785064843.122036934,per_message_full_scan,720,720,6.274458647,6.274458612,0.875000000,0.875000000,1,0.134075135,7.628429769,7.819720205,true,none
1785064844.122037172,per_message_full_scan,720,720,6.274458647,6.274458612,0.897222222,0.897222222,1,0.134381294,7.654487189,7.503921839,true,none
1785064845.121986151,per_message_full_scan,720,720,6.274458647,6.274458612,0.884722222,0.884722222,1,0.134035572,7.667437323,8.000301829,true,none
1785064846.122035742,per_message_full_scan,720,720,6.274458647,6.274458612,0.895833333,0.895833333,1,0.132779256,7.592983935,7.522146057,true,none
1785064847.122037172,per_message_full_scan,720,720,6.274458647,6.274458612,0.893055556,0.893055556,1,0.133970588,7.629167669,7.762616616,true,none
1785064848.150291681,per_message_full_scan,720,720,6.274458647,6.274458612,0.900000000,0.900000000,1,0.133986086,7.640285222,7.633998136,true,none
1785064849.122032881,per_message_full_scan,720,720,6.274458647,6.274458612,0.895833333,0.895833333,1,0.121971294,7.748910256,8.006999718,true,none
1785064850.122045994,per_message_full_scan,720,720,6.274458647,6.274458612,0.893055556,0.893055556,1,0.133957997,7.607341643,7.529628960,true,none
1785064851.137761831,per_message_full_scan,720,720,6.274458647,6.274458612,0.891666667,0.891666667,1,0.133749351,7.650616804,7.743694808,true,none
1785064852.122039795,per_message_full_scan,720,720,6.274458647,6.274458612,0.887500000,0.887500000,1,0.121856540,7.746649140,7.998678672,true,none
1785064853.122046471,per_message_full_scan,720,720,6.274458647,6.274458612,0.893055556,0.893055556,1,0.130956337,7.604682972,7.808591607,true,none
1785064854.122068882,per_message_full_scan,720,720,6.274458647,6.274458612,0.894444444,0.894444444,1,0.121916570,7.693878480,7.546561776,true,none
1785064855.122036219,per_message_full_scan,720,720,6.274458647,6.274458612,0.901388889,0.901388889,1,0.121956497,7.726136311,7.811417167,true,none
1785064856.123806477,per_message_full_scan,720,720,6.274458647,6.274458612,0.908333333,0.908333333,1,0.133846655,7.608284459,7.577737010,true,none
1785064857.122059107,per_message_full_scan,720,720,6.274458647,6.274458612,0.880555556,0.880555556,1,0.135436162,7.659038162,7.818164798,true,none
1785064858.122137308,per_message_full_scan,720,720,6.274458647,6.274458612,0.881944444,0.881944444,1,0.121886656,7.688074333,7.616318130,true,none
1785064859.122474432,per_message_full_scan,720,720,6.274458647,6.274458612,0.891666667,0.891666667,1,0.123085216,7.703167281,8.154842529,true,none
1785064860.122039557,per_message_full_scan,720,720,6.274458647,6.274458612,0.895833333,0.895833333,1,0.132949606,7.659516769,7.593310437,true,none
1785064861.122070551,per_message_full_scan,720,720,6.274458647,6.274458612,0.890277778,0.890277778,1,0.132523403,7.676598727,7.942235564,true,none
1785064862.139693260,per_message_full_scan,720,720,6.274458647,6.274458612,0.880555556,0.880555556,1,0.121144265,7.717682084,7.609251708,true,none
1785064863.122043371,per_message_full_scan,720,720,6.274458647,6.274458612,0.888888889,0.888888889,1,0.133237034,7.602379546,7.698257238,true,none
1785064864.122039557,per_message_full_scan,720,720,6.274458647,6.274458612,0.890277778,0.890277778,1,0.134304479,7.653800227,7.535864157,true,none
1785064865.127530575,per_message_full_scan,720,720,6.274458647,6.274458612,0.895833333,0.895833333,1,0.134147257,7.684215764,7.714557595,true,none
1785064866.122047424,per_message_full_scan,720,720,6.274458647,6.274458612,0.915277778,0.915277778,1,0.134135976,7.604410330,7.593858364,true,none
1785064867.122022152,per_message_full_scan,720,720,6.274458647,6.274458612,0.893055556,0.893055556,1,0.134820640,7.603069345,7.601971344,true,none
1785064868.159420252,per_message_full_scan,720,720,6.274458647,6.274458612,0.898611111,0.898611111,1,0.134193540,7.650576831,7.499019387,true,none
1785064869.122041225,per_message_full_scan,720,720,6.274458647,6.274458612,0.887500000,0.887500000,1,0.120273978,7.733525703,8.114563147,true,none
1785064870.122053146,per_message_full_scan,720,720,6.274458647,6.274458612,0.897222222,0.897222222,1,0.134227827,7.601509026,7.682667735,true,none
1785064871.122046947,per_message_full_scan,720,720,6.274458647,6.274458612,0.887500000,0.887500000,1,0.134084851,7.667451861,7.995712311,true,none
1785064872.122036219,per_message_full_scan,720,720,6.274458647,6.274458612,0.888888889,0.888888889,1,0.121233419,7.715775247,7.626450460,true,none
1785064873.122046471,per_message_full_scan,720,720,6.274458647,6.274458612,0.881944444,0.881944444,1,0.121680111,7.713425821,7.630916584,true,none
1785064874.122043371,per_message_full_scan,720,720,6.274458647,6.274458612,0.894444444,0.894444444,1,0.136153653,7.605968845,7.581704564,true,none
1785064875.122090340,per_message_full_scan,720,720,6.274458647,6.274458612,0.879166667,0.879166667,1,0.134116009,7.666844404,7.796673979,true,none
1785064876.128995180,per_message_full_scan,720,720,6.274458647,6.274458612,0.893055556,0.893055556,1,0.121497944,7.710971114,7.583622803,true,none
1785064877.122034550,per_message_full_scan,720,720,6.274458647,6.274458612,0.898611111,0.898611111,1,0.134118423,7.624163486,7.728126455,true,none
1785064878.122054338,per_message_full_scan,720,720,6.274458647,6.274458612,0.883333333,0.883333333,1,0.134201556,7.646247105,7.522976840,true,none
1785064879.122027159,per_message_full_scan,720,720,6.274458647,6.274458612,0.893055556,0.893055556,1,0.134294584,7.647091222,7.891425618,true,none
1785064880.122065306,per_message_full_scan,720,720,6.274458647,6.274458612,0.884722222,0.884722222,1,0.132635504,7.590150168,7.648864879,true,none
1785064881.122044325,per_message_full_scan,720,720,6.274458647,6.274458612,0.900000000,0.900000000,1,0.134405047,7.645036274,8.013238163,true,none
1785064882.147581100,per_message_full_scan,720,720,6.274458647,6.274458612,0.887500000,0.887500000,1,0.134197176,7.666350933,7.613434278,true,none
1785064883.122041702,per_message_full_scan,720,720,6.274458647,6.274458612,0.886111111,0.886111111,1,0.121865667,7.754641886,7.826723423,true,none
1785064884.122053385,per_message_full_scan,720,720,6.274458647,6.274458612,0.894444444,0.894444444,1,0.134117678,7.609074062,7.541027106,true,none
1785064885.135852814,per_message_full_scan,720,720,6.274458647,6.274458612,0.887500000,0.887500000,1,0.134039983,7.621854583,7.802586032,true,none
1785064886.122050047,per_message_full_scan,720,720,6.274458647,6.274458612,0.895833333,0.895833333,1,0.120388992,7.722006645,7.520320667,true,none
1785064887.122067690,per_message_full_scan,720,720,6.274458647,6.274458612,0.897222222,0.897222222,1,0.121978566,7.748676296,7.920578023,true,none
1785064888.165417194,per_message_full_scan,720,720,6.274458647,6.274458612,0.879166667,0.879166667,1,0.134007692,7.602981599,7.568646805,true,none
1785064889.122029305,per_message_full_scan,720,720,6.274458647,6.274458612,0.887500000,0.887500000,1,0.121297449,7.715524612,8.036015754,true,none
1785064890.127166033,per_message_full_scan,720,720,6.274458647,6.274458612,0.891666667,0.891666667,1,0.121701658,7.718087861,7.594473881,true,none
1785064891.122038364,per_message_full_scan,720,720,6.274458647,6.274458612,0.897222222,0.897222222,1,0.134123713,7.605232664,7.935076997,true,none
1785064892.122042894,per_message_full_scan,720,720,6.274458647,6.274458612,0.894444444,0.894444444,1,0.134085804,7.668067449,7.695727161,true,none
1785064893.122022152,per_message_full_scan,720,720,6.274458647,6.274458612,0.890277778,0.890277778,1,0.121611699,7.706703897,7.842925531,true,none
1785064894.122042418,per_message_full_scan,720,720,6.274458647,6.274458612,0.900000000,0.900000000,1,0.134910688,7.648092075,7.671156625,true,none
1785064895.122049093,per_message_full_scan,720,720,6.274458647,6.274458612,0.898611111,0.898611111,1,0.134565175,7.649459725,7.805759281,true,none
1785064896.135797024,per_message_full_scan,720,720,6.274458647,6.274458612,0.890277778,0.890277778,1,0.122006491,7.711908404,7.632621372,true,none
1785064897.122028828,per_message_full_scan,720,720,6.274458647,6.274458612,0.901388889,0.901388889,1,0.134052008,7.625549694,7.931151903,true,none
1785064898.122045517,per_message_full_scan,720,720,6.274458647,6.274458612,0.887500000,0.887500000,1,0.134208024,7.643735451,7.554814277,true,none
1785064899.134154558,per_message_full_scan,720,720,6.274458647,6.274458612,0.901388889,0.901388889,1,0.134017080,7.680502050,7.764991845,true,none
1785064900.122034788,per_message_full_scan,720,720,6.274458647,6.274458612,0.884722222,0.884722222,1,0.133749560,7.610130260,7.655460033,true,none
1785064901.122045517,per_message_full_scan,720,720,6.274458647,6.274458612,0.881944444,0.881944444,1,0.134274721,7.650310941,7.737652417,true,none
1785064902.153908014,per_message_full_scan,720,720,6.274458647,6.274458612,0.894444444,0.894444444,1,0.134036645,7.659300134,7.562997556,true,none
1785064903.122040033,per_message_full_scan,720,720,6.274458647,6.274458612,0.884722222,0.884722222,1,0.129959822,7.614736657,7.735333417,true,none
1785064904.122036457,per_message_full_scan,720,720,6.274458647,6.274458612,0.891666667,0.891666667,1,0.134322628,7.595540913,7.670746183,true,none
1785064905.142281532,per_message_full_scan,720,720,6.274458647,6.274458612,0.891666667,0.891666667,1,0.134104341,7.653427097,7.946332495,true,none
1785064906.122044086,per_message_full_scan,720,720,6.274458647,6.274458612,0.884722222,0.884722222,1,0.121686332,7.750682110,7.690834698,true,none
1785064907.122076988,per_message_full_scan,720,720,6.274458647,6.274458612,0.900000000,0.900000000,1,0.134034947,7.601144218,7.666386220,true,none
1785064908.122046471,per_message_full_scan,720,720,6.274458647,6.274458612,0.898611111,0.898611111,1,0.121791929,7.705833523,8.013647440,true,none
1785064909.122043848,per_message_full_scan,720,720,6.274458647,6.274458612,0.902777778,0.902777778,1,0.121925063,7.753468325,7.844084863,true,none
1785064910.129485369,per_message_full_scan,720,720,6.274458647,6.274458612,0.897222222,0.897222222,1,0.134235546,7.589305164,7.628577622,true,none
1785064911.122018814,per_message_full_scan,720,720,6.274458647,6.274458612,0.888888889,0.888888889,1,0.121267669,7.712588214,8.242661649,true,none
1785064912.122060061,per_message_full_scan,720,720,6.274458647,6.274458612,0.893055556,0.893055556,1,0.121463120,7.727922365,8.129856205,true,none
1785064913.125640631,per_message_full_scan,720,720,6.274458647,6.274458612,0.887500000,0.887500000,1,0.134218961,7.602740766,7.739581479,true,none
1785064914.122027874,per_message_full_scan,720,720,6.274458647,6.274458612,0.888888889,0.888888889,1,0.121822074,7.691687933,7.542046013,true,none
1785064915.122023582,per_message_full_scan,720,720,6.274458647,6.274458612,0.901388889,0.901388889,1,0.121818684,7.726558596,7.865931807,true,none
1785064916.147487640,per_message_full_scan,720,720,6.274458647,6.274458612,0.894444444,0.894444444,1,0.134537518,7.600060932,7.561326891,true,none
1785064917.122036695,per_message_full_scan,720,720,6.274458647,6.274458612,0.888888889,0.888888889,1,0.133974656,7.683503013,8.134476009,true,none
1785064918.122054815,per_message_full_scan,720,720,6.274458647,6.274458612,0.894444444,0.894444444,1,0.121173106,7.706466864,7.623288788,true,none
1785064919.175836086,per_message_full_scan,720,720,6.274458647,6.274458612,0.900000000,0.900000000,1,0.134098813,7.599800797,7.579551296,true,none
1785064920.122042179,per_message_full_scan,720,720,6.274458647,6.274458612,0.898611111,0.898611111,1,0.134170800,7.659994956,7.723806892,true,none
1785064921.122031689,per_message_full_scan,720,720,6.274458647,6.274458612,0.894444444,0.894444444,1,0.121712923,7.717924107,7.837167847,true,none
1785064922.122065306,per_message_full_scan,720,720,6.274458647,6.274458612,0.890277778,0.890277778,1,0.136326328,7.600042225,7.544107689,true,none
1785064923.122022629,per_message_full_scan,720,720,6.274458647,6.274458612,0.900000000,0.900000000,1,0.134338081,7.664559001,8.050188419,true,none
1785064924.126590729,per_message_full_scan,720,720,6.274458647,6.274458612,0.890277778,0.890277778,1,0.121671028,7.710492326,7.592025786,true,none
1785064925.122055531,per_message_full_scan,720,720,6.274458647,6.274458612,0.900000000,0.900000000,1,0.134184346,7.619338648,7.798230415,true,none
1785064926.122054338,per_message_full_scan,720,720,6.274458647,6.274458612,0.905555556,0.905555556,1,0.136416435,7.613661668,7.582591656,true,none
1785064927.122038841,per_message_full_scan,720,720,6.274458647,6.274458612,0.890277778,0.890277778,1,0.134119108,7.637345635,7.886893343,true,none
1785064928.122072935,per_message_full_scan,720,720,6.274458647,6.274458612,0.891666667,0.891666667,1,0.133660033,7.599896505,7.599657938,true,none
1785064929.122031450,per_message_full_scan,720,720,6.274458647,6.274458612,0.895833333,0.895833333,1,0.133566603,7.622608825,7.731568144,true,none
1785064930.136085749,per_message_full_scan,720,720,6.274458647,6.274458612,0.908333333,0.908333333,1,0.133601129,7.637023408,7.627120741,true,none
1785064931.122035265,per_message_full_scan,720,720,6.274458647,6.274458612,0.901388889,0.901388889,1,0.121731564,7.735566371,8.057809209,true,none
1785064932.122035265,per_message_full_scan,720,720,6.274458647,6.274458612,0.884722222,0.884722222,1,0.134143919,7.605090962,7.602711778,true,none
1785064933.133942127,per_message_full_scan,720,720,6.274458647,6.274458612,0.901388889,0.901388889,1,0.134226650,7.648295516,7.889418262,true,none
1785064934.122028351,per_message_full_scan,720,720,6.274458647,6.274458612,0.909722222,0.909722222,1,0.133599713,7.601253944,7.739935511,true,none
1785064935.121989965,per_message_full_scan,720,720,6.274458647,6.274458612,0.909722222,0.909722222,1,0.133979648,7.612466207,7.608353073,true,none
1785064936.153100967,per_message_full_scan,720,720,6.274458647,6.274458612,0.900000000,0.900000000,1,0.133577257,7.652282278,7.685616027,true,none
1785064937.122035503,per_message_full_scan,720,720,6.274458647,6.274458612,0.909722222,0.909722222,1,0.134089634,7.610361914,7.578904274,true,none
1785064938.122036695,per_message_full_scan,720,720,6.274458647,6.274458612,0.918055556,0.918055556,1,0.133993715,7.646272570,7.814153959,true,none
1785064939.122044563,per_message_full_scan,720,720,6.274458647,6.274458612,0.911111111,0.911111111,1,0.134430632,7.583923084,7.683288183,true,none
1785064940.122036695,per_message_full_scan,720,720,6.274458647,6.274458612,0.901388889,0.901388889,1,0.134182632,7.662823504,7.668438598,true,none
1785064941.138186932,per_message_full_scan,720,720,6.274458647,6.274458612,0.901388889,0.901388889,1,0.121504620,7.698577926,7.576299930,true,none
1785064942.122041225,per_message_full_scan,720,720,6.274458647,6.274458612,0.902777778,0.902777778,1,0.134151816,7.610745676,7.875904533,true,none
1785064943.122041941,per_message_full_scan,720,720,6.274458647,6.274458612,0.894444444,0.894444444,1,0.134078741,7.636605196,7.570448158,true,none
1785064944.126966000,per_message_full_scan,720,720,6.274458647,6.274458612,0.906944444,0.906944444,1,0.121446095,7.718955602,8.117224823,true,none
1785064945.122813702,per_message_full_scan,720,720,6.274458647,6.274458612,0.906944444,0.906944444,1,0.133565530,7.647982404,7.695178355,true,none
1785064946.222247124,per_message_full_scan,720,720,6.274458647,6.274458612,0.901388889,0.901388889,1,0.144392937,7.359186075,7.003801072,true,none
1785064947.122057676,per_message_full_scan,720,720,6.274458647,6.274458612,0.906944444,0.906944444,1,0.112370878,7.834050816,7.648482769,true,none
1785064948.122054338,per_message_full_scan,720,720,6.274458647,6.274458612,0.895833333,0.895833333,1,0.130057499,7.475681012,7.551154500,true,none
1785064949.155360937,per_message_full_scan,720,720,6.274458647,6.274458612,0.913888889,0.913888889,1,0.130553499,7.568445571,7.639444207,true,none
1785064950.122039080,per_message_full_scan,720,720,6.274458647,6.274458612,0.911111111,0.911111111,1,0.133618653,7.582902133,7.876831316,true,none
1785064951.122019053,per_message_full_scan,720,720,6.274458647,6.274458612,0.912500000,0.912500000,1,0.121782660,7.692222960,7.746860787,true,none
1785064952.122068882,per_message_full_scan,720,720,6.274458647,6.274458612,0.920833333,0.920833333,1,0.135645717,7.628574921,7.505161317,true,none
1785064953.122035742,per_message_full_scan,720,720,6.274458647,6.274458612,0.912500000,0.912500000,1,0.123600774,7.667433944,7.807274509,true,none
1785064954.133044243,per_message_full_scan,720,720,6.274458647,6.274458612,0.908333333,0.908333333,1,0.121798635,7.748778912,7.625971237,true,none
1785064955.122049570,per_message_full_scan,720,720,6.274458647,6.274458612,0.915277778,0.915277778,1,0.134028852,7.665786367,7.937289262,true,none
1785064956.122056484,per_message_full_scan,720,720,6.274458647,6.274458612,0.925000000,0.925000000,1,0.121791862,7.723922650,7.604455049,true,none
1785064957.165228128,per_message_full_scan,720,720,6.274458647,6.274458612,0.938888889,0.938888889,1,0.134186581,7.600440652,7.569115731,true,none
1785064958.122035265,per_message_full_scan,720,720,6.274458647,6.274458612,0.925000000,0.925000000,1,0.132547349,7.672128499,7.718716071,true,none
1785064959.122028351,per_message_full_scan,720,720,6.274458647,6.274458612,0.911111111,0.911111111,1,0.121961363,7.700207011,8.088103249,true,none
1785064960.121992588,per_message_full_scan,720,720,6.274458647,6.274458612,0.930555556,0.930555556,1,0.121709496,7.730471475,8.098142583,true,none
1785064961.122053385,per_message_full_scan,720,720,6.274458647,6.274458612,0.937500000,0.937500000,1,0.133542746,7.655903783,7.916269346,true,none
1785064962.122048855,per_message_full_scan,720,720,6.274458647,6.274458612,0.929166667,0.929166667,1,0.131782487,7.646090367,7.656016565,true,none
1785064963.140190363,per_message_full_scan,720,720,6.274458647,6.274458612,0.929166667,0.929166667,1,0.120363772,7.706955075,8.016197580,true,none
1785064964.122047424,per_message_full_scan,720,720,6.274458647,6.274458612,0.918055556,0.918055556,1,0.132531539,7.652009602,7.662053002,true,none
1785064965.122031450,per_message_full_scan,720,720,6.274458647,6.274458612,0.930555556,0.930555556,1,0.121789850,8.211916275,8.268370170,true,none
1785064966.122061014,per_message_full_scan,720,720,6.274458647,6.274458612,0.929166667,0.929166667,1,0.134406850,7.738639078,7.857182190,true,none
1785064967.122715950,per_message_full_scan,720,720,6.274458647,6.274458612,0.927777778,0.927777778,1,0.121780597,7.704096793,8.175401428,true,none
1785064968.126731873,per_message_full_scan,720,720,6.274458647,6.274458612,0.918055556,0.918055556,1,0.134188846,7.599963887,7.641276096,true,none
1785064969.122033358,per_message_full_scan,720,720,6.274458647,6.274458612,0.945833333,0.945833333,1,0.134068519,7.681770852,8.145349502,true,none
1785064970.122103453,per_message_full_scan,720,720,6.274458647,6.274458612,0.950000000,0.950000000,1,0.121714555,7.721795234,7.885451521,true,none
1785064971.157084942,per_message_full_scan,720,720,6.274458647,6.274458612,0.950000000,0.950000000,1,0.131557122,7.598509009,7.565535061,true,none
1785064972.122031689,per_message_full_scan,720,720,6.274458647,6.274458612,0.938888889,0.938888889,1,0.119395353,7.730645276,7.960898999,true,none
1785064973.122033358,per_message_full_scan,720,720,6.274458647,6.274458612,0.931944444,0.931944444,1,0.134151414,7.605075715,7.657860304,true,none
1785064974.148870707,per_message_full_scan,720,720,6.274458647,6.274458612,0.937500000,0.937500000,1,0.134145886,7.651188192,7.711680505,true,none
1785064975.122046232,per_message_full_scan,720,720,6.274458647,6.274458612,0.936111111,0.936111111,1,0.121549092,7.750162674,8.031315585,true,none
1785064976.122150183,per_message_full_scan,720,720,6.274458647,6.274458612,0.927777778,0.927777778,1,0.134159714,7.610008795,7.712906337,true,none
1785064977.122051239,per_message_full_scan,720,720,6.274458647,6.274458612,0.922222222,0.922222222,1,0.121067420,7.687725407,7.644599087,true,none
1785064978.122065783,per_message_full_scan,720,720,6.274458647,6.274458612,0.925000000,0.925000000,1,0.121836469,7.751206096,8.175707513,true,none
1785064979.134968281,per_message_full_scan,720,720,6.274458647,6.274458612,0.926388889,0.926388889,1,0.137024909,7.551733681,7.569436991,true,none
1785064980.122043848,per_message_full_scan,720,720,6.274458647,6.274458612,0.918055556,0.918055556,1,0.121753968,7.709923168,7.951384204,true,none
1785064981.122040272,per_message_full_scan,720,720,6.274458647,6.274458612,0.909722222,0.909722222,1,0.122969694,7.629735432,7.661261718,true,none
1785064982.122034788,per_message_full_scan,720,720,6.274458647,6.274458612,0.919444444,0.919444444,1,0.134171844,7.603667497,7.858870806,true,none
1785064983.122719526,per_message_full_scan,720,720,6.274458647,6.274458612,0.931944444,0.931944444,1,0.121942304,7.717031203,7.578067495,true,none
1785064984.122038603,per_message_full_scan,720,720,6.274458647,6.274458612,0.919444444,0.919444444,1,0.134044811,7.594346097,7.551498931,true,none
1785064985.139189720,per_message_full_scan,720,720,6.274458647,6.274458612,0.902777778,0.902777778,1,0.134210393,7.644021594,7.804365554,true,none
1785064986.122073174,per_message_full_scan,720,720,6.274458647,6.274458612,0.883333333,0.883333333,1,0.120898291,7.810890889,7.545904975,true,none
1785064987.122045517,per_message_full_scan,720,720,6.274458647,6.274458612,0.872222222,0.872222222,1,0.134018123,7.620832329,7.752513163,true,none
1785064988.122131824,per_message_full_scan,720,720,6.274458647,6.274458612,0.900000000,0.900000000,1,0.121871755,7.717605071,7.652960805,true,none
1785064989.122025728,per_message_full_scan,720,720,6.274458647,6.274458612,0.894444444,0.894444444,1,0.133933797,7.564901382,7.724026949,true,none
1785064990.133466721,per_message_full_scan,720,720,6.274458647,6.274458612,0.895833333,0.895833333,1,0.134013891,7.649897238,7.523223719,true,none
1785064991.122032881,per_message_full_scan,720,720,6.274458647,6.274458612,0.891666667,0.891666667,1,0.134082466,7.599487205,7.592090894,true,none
1785064992.122091532,per_message_full_scan,720,720,6.274458647,6.274458612,0.895833333,0.895833333,1,0.133938968,7.604824756,7.731598842,true,none
1785064993.122051239,per_message_full_scan,720,720,6.274458647,6.274458612,0.891666667,0.891666667,1,0.133941948,7.654263373,7.932718178,true,none
1785064994.122074604,per_message_full_scan,720,720,6.274458647,6.274458612,0.891666667,0.891666667,1,0.134155616,7.599812324,7.617664761,true,none
1785064995.122043133,per_message_full_scan,720,720,6.274458647,6.274458612,0.904166667,0.904166667,1,0.134107068,7.645822905,7.911053795,true,none
1785064996.150687218,per_message_full_scan,720,720,6.274458647,6.274458612,0.890277778,0.890277778,1,0.121827193,7.713705525,7.533463289,true,none
1785064997.122081757,per_message_full_scan,720,720,6.274458647,6.274458612,0.902777778,0.902777778,1,0.134007439,7.679781991,7.977507161,true,none
1785064998.122025251,per_message_full_scan,720,720,6.274458647,6.274458612,0.900000000,0.900000000,1,0.120938100,7.705392502,7.794719371,true,none
1785064999.122029543,per_message_full_scan,720,720,6.274458647,6.274458612,0.887500000,0.887500000,1,0.134188622,7.639129756,7.652327185,true,none
1785065000.122055054,per_message_full_scan,720,720,6.274458647,6.274458612,0.897222222,0.897222222,1,0.121721335,7.702791257,7.651007904,true,none
1785065001.128552914,per_message_full_scan,720,720,6.274458647,6.274458612,0.893055556,0.893055556,1,0.133275628,7.591054379,7.595066326,true,none
1785065002.122069836,per_message_full_scan,720,720,6.274458647,6.274458612,0.900000000,0.900000000,1,0.121712118,7.706903018,7.798895030,true,none
1785065003.122031450,per_message_full_scan,720,720,6.274458647,6.274458612,0.895833333,0.895833333,1,0.121806189,7.750136511,7.578182383,true,none
1785065004.126617193,per_message_full_scan,720,720,6.274458647,6.274458612,0.890277778,0.890277778,1,0.134301916,7.615736873,7.683297919,true,none
1785065005.122048855,per_message_full_scan,720,720,6.274458647,6.274458612,0.898611111,0.898611111,1,0.121876992,7.703624636,7.556070646,true,none
1785065006.122029781,per_message_full_scan,720,720,6.274458647,6.274458612,0.884722222,0.884722222,1,0.133646443,7.604327976,8.294920136,true,none
1785065007.146312952,per_message_full_scan,720,720,6.274458647,6.274458612,0.890277778,0.890277778,1,0.134071410,7.641999372,7.659127755,true,none
1785065008.122039318,per_message_full_scan,720,720,6.274458647,6.274458612,0.906944444,0.906944444,1,0.133579239,7.604736457,7.619797592,true,none
1785065009.122027159,per_message_full_scan,720,720,6.274458647,6.274458612,0.891666667,0.891666667,1,0.134040490,7.651300497,7.626543878,true,none
1785065010.134779453,per_message_full_scan,720,720,6.274458647,6.274458612,0.887500000,0.887500000,1,0.121074788,7.711354980,8.184462438,true,none
1785065011.122042656,per_message_full_scan,720,720,6.274458647,6.274458612,0.895833333,0.895833333,1,0.134669319,7.632969773,7.765380946,true,none
1785065012.130097866,per_message_full_scan,720,720,6.274458647,6.274458612,0.888888889,0.888888889,1,0.133876875,7.667437383,7.591665698,true,none
1785065013.122687817,per_message_full_scan,720,720,6.274458647,6.274458612,0.888888889,0.888888889,1,0.133471340,7.606389687,7.907492734,true,none
1785065014.122032166,per_message_full_scan,720,720,6.274458647,6.274458612,0.886111111,0.886111111,1,0.134238213,7.658066874,7.572188617,true,none
1785065015.121984005,per_message_full_scan,720,720,6.274458647,6.274458612,0.891666667,0.891666667,1,0.134326637,7.656163375,7.844650311,true,none
1785065016.122028112,per_message_full_scan,720,720,6.274458647,6.274458612,0.886111111,0.886111111,1,0.132963568,7.607547760,7.501839392,true,none
1785065017.122038841,per_message_full_scan,720,720,6.274458647,6.274458612,0.879166667,0.879166667,1,0.134115309,7.650008486,7.939874717,true,none
1785065018.148523331,per_message_full_scan,720,720,6.274458647,6.274458612,0.886111111,0.886111111,1,0.121693738,7.717088686,7.591560307,true,none
1785065019.122027874,per_message_full_scan,720,720,6.274458647,6.274458612,0.888888889,0.888888889,1,0.134284928,7.646045000,7.932160482,true,none
1785065020.122033596,per_message_full_scan,720,720,6.274458647,6.274458612,0.895833333,0.895833333,1,0.121080548,7.707560268,7.534921752,true,none
1785065021.138700962,per_message_full_scan,720,720,6.274458647,6.274458612,0.884722222,0.884722222,1,0.121226519,7.730323683,8.052912432,true,none
1785065022.122041225,per_message_full_scan,720,720,6.274458647,6.274458612,0.894444444,0.894444444,1,0.134137571,7.647641492,7.660581230,true,none
1785065023.122104168,per_message_full_scan,720,720,6.274458647,6.274458612,0.895833333,0.895833333,1,0.121768191,7.706557317,7.763181496,true,none
1785065024.122259378,per_message_full_scan,720,720,6.274458647,6.274458612,0.883333333,0.883333333,1,0.134274930,7.645781147,7.691047281,true,none
1785065025.122032642,per_message_full_scan,720,720,6.274458647,6.274458612,0.891666667,0.891666667,1,0.121160924,7.667523977,8.006357302,true,none
1785065026.124893904,per_message_full_scan,720,720,6.274458647,6.274458612,0.891666667,0.891666667,1,0.134111211,7.597116075,7.675631804,true,none
1785065027.122071266,per_message_full_scan,720,720,6.274458647,6.274458612,0.887500000,0.887500000,1,0.121784911,7.713713373,7.570785451,true,none
1785065028.122043133,per_message_full_scan,720,720,6.274458647,6.274458612,0.886111111,0.886111111,1,0.134161755,7.599070110,7.751751180,true,none
1785065029.154262066,per_message_full_scan,720,720,6.274458647,6.274458612,0.895833333,0.895833333,1,0.134227470,7.651661586,7.532782200,true,none
1785065030.122025013,per_message_full_scan,720,720,6.274458647,6.274458612,0.888888889,0.888888889,1,0.120794870,7.744442550,7.961899597,true,none
1785065031.122060776,per_message_full_scan,720,720,6.274458647,6.274458612,0.883333333,0.883333333,1,0.134178087,7.604610270,7.607034074,true,none
1785065032.146390200,per_message_full_scan,720,720,6.274458647,6.274458612,0.884722222,0.884722222,1,0.134043351,7.652080143,7.892973066,true,none
1785065033.122020721,per_message_full_scan,720,720,6.274458647,6.274458612,0.884722222,0.884722222,1,0.134033114,7.600511211,7.582966042,true,none
1785065034.122030735,per_message_full_scan,720,720,6.274458647,6.274458612,0.890277778,0.890277778,1,0.133587286,7.649306068,7.982982801,true,none
1785065035.122315407,per_message_full_scan,720,720,6.274458647,6.274458612,0.884722222,0.884722222,1,0.121876001,7.722027141,7.597342185,true,none
1785065036.122510433,per_message_full_scan,720,720,6.274458647,6.274458612,0.893055556,0.893055556,1,0.132928103,7.606635723,7.705325167,true,none
1785065037.127074003,per_message_full_scan,720,720,6.274458647,6.274458612,0.883333333,0.883333333,1,0.134088412,7.653240429,7.645349054,true,none
1785065038.122038841,per_message_full_scan,720,720,6.274458647,6.274458612,0.888888889,0.888888889,1,0.133170292,7.594512145,7.511058228,true,none
1785065039.122061014,per_message_full_scan,720,720,6.274458647,6.274458612,0.887500000,0.887500000,1,0.134111151,7.609726065,7.835155588,true,none
1785065040.149702549,per_message_full_scan,720,720,6.274458647,6.274458612,0.883333333,0.883333333,1,0.134091690,7.657892430,7.774525309,true,none
1785065041.122049332,per_message_full_scan,720,720,6.274458647,6.274458612,0.891666667,0.891666667,1,0.132767752,7.607043032,7.693331485,true,none
1785065042.122044086,per_message_full_scan,720,720,6.274458647,6.274458612,0.876388889,0.876388889,1,0.133459717,7.644876873,7.555774102,true,none
1785065043.137350559,per_message_full_scan,720,720,6.274458647,6.274458612,0.886111111,0.886111111,1,0.134116143,7.644586020,7.685197979,true,none
1785065044.122415304,per_message_full_scan,720,720,6.274458647,6.274458612,0.877777778,0.877777778,1,0.132910088,7.595693462,7.608304364,true,none
1785065045.122040987,per_message_full_scan,720,720,6.274458647,6.274458612,0.886111111,0.886111111,1,0.134074479,7.653664297,7.652272716,true,none
1785065046.134482622,per_message_full_scan,720,720,6.274458647,6.274458612,0.894444444,0.894444444,1,0.121771544,7.713783805,8.028146004,true,none
1785065047.122052908,per_message_full_scan,720,720,6.274458647,6.274458612,0.875000000,0.875000000,1,0.134160325,7.627999609,7.708038098,true,none
1785065048.130923033,per_message_full_scan,720,720,6.274458647,6.274458612,0.887500000,0.887500000,1,0.133192807,7.639857112,7.516697165,true,none
1785065049.122054100,per_message_full_scan,720,720,6.274458647,6.274458612,0.883333333,0.883333333,1,0.133896679,7.599869989,7.566062021,true,none
1785065050.122048855,per_message_full_scan,720,720,6.274458647,6.274458612,0.891666667,0.891666667,1,0.134036392,7.602066504,7.685145716,true,none
1785065051.122003317,per_message_full_scan,720,720,6.274458647,6.274458612,0.881944444,0.881944444,1,0.134279221,7.650446280,7.921502931,true,none
1785065052.122048855,per_message_full_scan,720,720,6.274458647,6.274458612,0.888888889,0.888888889,1,0.133818150,7.603357770,7.603872908,true,none
1785065053.122041702,per_message_full_scan,720,720,6.274458647,6.274458612,0.888888889,0.888888889,1,0.134171188,7.638732200,8.024899548,true,none
1785065054.139120102,per_message_full_scan,720,720,6.274458647,6.274458612,0.888888889,0.888888889,1,0.119282685,7.718463223,7.648785091,true,none
1785065055.122053862,per_message_full_scan,720,720,6.274458647,6.274458612,0.898611111,0.898611111,1,0.134077609,7.620353910,8.022382963,true,none
1785065056.122036457,per_message_full_scan,720,720,6.274458647,6.274458612,0.884722222,0.884722222,1,0.134302050,7.652333346,7.599455164,true,none
1785065057.137514591,per_message_full_scan,720,720,6.274458647,6.274458612,0.888888889,0.888888889,1,0.121969506,7.706808347,8.039250718,true,none
1785065058.123092413,per_message_full_scan,720,720,6.274458647,6.274458612,0.886111111,0.886111111,1,0.134065077,7.647124228,7.699524073,true,none
1785065059.122010708,per_message_full_scan,720,720,6.274458647,6.274458612,0.891666667,0.891666667,1,0.121896937,7.703570869,8.044417158,true,none
1785065060.122066736,per_message_full_scan,720,720,6.274458647,6.274458612,0.876388889,0.876388889,1,0.133831933,7.622659928,7.626214449,true,none
1785065061.122033596,per_message_full_scan,720,720,6.274458647,6.274458612,0.884722222,0.884722222,1,0.134321585,7.631272176,7.975381898,true,none
1785065062.121997118,per_message_full_scan,720,720,6.274458647,6.274458612,0.891666667,0.891666667,1,0.121881329,7.713885184,7.788710730,true,none
1785065063.122049809,per_message_full_scan,720,720,6.274458647,6.274458612,0.891666667,0.891666667,1,0.134402275,7.642644517,7.712600883,true,none
1785065064.122084856,per_message_full_scan,720,720,6.274458647,6.274458612,0.895833333,0.895833333,1,0.134378716,7.667793977,7.964120113,true,none
1785065065.122053862,per_message_full_scan,720,720,6.274458647,6.274458612,0.891666667,0.891666667,1,0.123515300,7.684117402,8.045990060,true,none
1785065066.122065783,per_message_full_scan,720,720,6.274458647,6.274458612,0.893055556,0.893055556,1,0.134136617,7.649357947,7.780024278,true,none
1785065067.122042418,per_message_full_scan,720,720,6.274458647,6.274458612,0.887500000,0.887500000,1,0.122791640,7.662579458,7.527982533,true,none
1785065068.140819550,per_message_full_scan,720,720,6.274458647,6.274458612,0.897222222,0.897222222,1,0.121884264,7.729510339,7.713606901,true,none
1785065069.122045279,per_message_full_scan,720,720,6.274458647,6.274458612,0.881944444,0.881944444,1,0.133027807,7.647172249,7.627549563,true,none
1785065070.122043848,per_message_full_scan,720,720,6.274458647,6.274458612,0.888888889,0.888888889,1,0.121613935,7.708801941,8.045010856,true,none
1785065071.122171879,per_message_full_scan,720,720,6.274458647,6.274458612,0.881944444,0.881944444,1,0.134329140,7.636539977,7.643879076,true,none
1785065072.122038364,per_message_full_scan,720,720,6.274458647,6.274458612,0.890277778,0.890277778,1,0.133716136,7.668638738,7.661065892,true,none
1785065073.125427246,per_message_full_scan,720,720,6.274458647,6.274458612,0.898611111,0.898611111,1,0.122169562,7.706304241,7.620345559,true,none
1785065074.122025967,per_message_full_scan,720,720,6.274458647,6.274458612,0.886111111,0.886111111,1,0.134259447,7.659206087,7.701591990,true,none
1785065075.122038364,per_message_full_scan,720,720,6.274458647,6.274458612,0.881944444,0.881944444,1,0.121911325,7.697914174,7.691833814,true,none
1785065076.122019053,per_message_full_scan,720,720,6.274458647,6.274458612,0.890277778,0.890277778,1,0.134203479,7.585426475,7.943608870,true,none
1785065077.122040749,per_message_full_scan,720,720,6.274458647,6.274458612,0.884722222,0.884722222,1,0.134242758,7.653473279,7.582499779,true,none
1785065078.122039795,per_message_full_scan,720,720,6.274458647,6.274458612,0.893055556,0.893055556,1,0.120751210,7.722762561,8.067253450,true,none
1785065079.136356831,per_message_full_scan,720,720,6.274458647,6.274458612,0.887500000,0.887500000,1,0.134138346,7.590283620,7.703196120,true,none
1785065080.122054100,per_message_full_scan,720,720,6.274458647,6.274458612,0.902777778,0.902777778,1,0.132265881,7.664078712,7.749249687,true,none
1785065081.122130632,per_message_full_scan,720,720,6.274458647,6.274458612,0.890277778,0.890277778,1,0.121959835,7.711646984,7.756125784,true,none
1785065082.162248850,per_message_full_scan,720,720,6.274458647,6.274458612,0.902777778,0.902777778,1,0.118250512,7.760153431,7.576993118,true,none
1785065083.122038841,per_message_full_scan,720,720,6.274458647,6.274458612,0.895833333,0.895833333,1,0.131708950,7.662438482,7.744560769,true,none
1785065084.122058868,per_message_full_scan,720,720,6.274458647,6.274458612,0.897222222,0.897222222,1,0.121682651,7.695914323,8.033459873,true,none
1785065085.151772738,per_message_full_scan,720,720,6.274458647,6.274458612,0.893055556,0.893055556,1,0.119041584,7.748533600,7.861300984,true,none
1785065086.122054100,per_message_full_scan,720,720,6.274458647,6.274458612,0.893055556,0.893055556,1,0.134044349,7.654569708,7.578123590,true,none
1785065087.122043133,per_message_full_scan,720,720,6.274458647,6.274458612,0.908333333,0.908333333,1,0.121749245,7.701897883,7.719021764,true,none
1785065088.122156620,per_message_full_scan,720,720,6.274458647,6.274458612,0.898611111,0.898611111,1,0.134104416,7.641866366,7.508728392,true,none
1785065089.122038364,per_message_full_scan,720,720,6.274458647,6.274458612,0.904166667,0.904166667,1,0.133444518,7.654356575,7.656642339,true,none
1785065090.136630058,per_message_full_scan,720,720,6.274458647,6.274458612,0.891666667,0.891666667,1,0.121692173,7.701685071,7.564548576,true,none
1785065091.122026205,per_message_full_scan,720,720,6.274458647,6.274458612,0.898611111,0.898611111,1,0.134505570,7.645862822,7.965087647,true,none
1785065092.122021437,per_message_full_scan,720,720,6.274458647,6.274458612,0.904166667,0.904166667,1,0.134504065,7.660561818,7.559249297,true,none
1785065093.124530315,per_message_full_scan,720,720,6.274458647,6.274458612,0.902777778,0.902777778,1,0.121619515,7.715246016,7.812539141,true,none
1785065094.122045755,per_message_full_scan,720,720,6.274458647,6.274458612,0.900000000,0.900000000,1,0.133484021,7.648712247,7.596249263,true,none
1785065095.122059345,per_message_full_scan,720,720,6.274458647,6.274458612,0.901388889,0.901388889,1,0.134250790,7.664079020,7.737122804,true,none
1785065096.157744169,per_message_full_scan,720,720,6.274458647,6.274458612,0.898611111,0.898611111,1,0.121825710,7.666867401,7.502134330,true,none
1785065097.122062683,per_message_full_scan,720,720,6.274458647,6.274458612,0.891666667,0.891666667,1,0.131699517,7.652089789,7.592596577,true,none
1785065098.122025251,per_message_full_scan,720,720,6.274458647,6.274458612,0.884722222,0.884722222,1,0.134054154,7.662943128,7.730078167,true,none
1785065099.144064188,per_message_full_scan,720,720,6.274458647,6.274458612,0.901388889,0.901388889,1,0.118866540,7.724598085,8.123534178,true,none
1785065100.122043371,per_message_full_scan,720,720,6.274458647,6.274458612,0.897222222,0.897222222,1,0.133900180,7.649383232,7.639260428,true,none
1785065101.122217178,per_message_full_scan,720,720,6.274458647,6.274458612,0.888888889,0.888888889,1,0.134034604,7.663288131,7.883940136,true,none
1785065102.122028351,per_message_full_scan,720,720,6.274458647,6.274458612,0.905555556,0.905555556,1,0.134113938,7.604423030,7.583400146,true,none
1785065103.122034788,per_message_full_scan,720,720,6.274458647,6.274458612,0.895833333,0.895833333,1,0.134083912,7.657926169,7.954122663,true,none
1785065104.128352880,per_message_full_scan,720,720,6.274458647,6.274458612,0.897222222,0.897222222,1,0.122556023,7.702655437,7.667053313,true,none
1785065105.122056723,per_message_full_scan,720,720,6.274458647,6.274458612,0.895833333,0.895833333,1,0.133013844,7.613242520,7.609714925,true,none
1785065106.122029543,per_message_full_scan,720,720,6.274458647,6.274458612,0.912500000,0.912500000,1,0.134117320,7.640438113,7.578241059,true,none
1785065107.128456354,per_message_full_scan,720,720,6.274458647,6.274458612,0.883333333,0.883333333,1,0.120641917,7.729387678,7.954005254,true,none
1785065108.122029781,per_message_full_scan,720,720,6.274458647,6.274458612,0.891666667,0.891666667,1,0.134110600,7.657106110,7.909625197,true,none
1785065109.122036457,per_message_full_scan,720,720,6.274458647,6.274458612,0.897222222,0.897222222,1,0.133866563,7.658407123,7.990139643,true,none
1785065110.146887541,per_message_full_scan,720,720,6.274458647,6.274458612,0.888888889,0.888888889,1,0.121832386,7.696866812,7.851105786,true,none
1785065111.122054338,per_message_full_scan,720,720,6.274458647,6.274458612,0.890277778,0.890277778,1,0.132949203,7.621414240,7.751037438,true,none
1785065112.122054100,per_message_full_scan,720,720,6.274458647,6.274458612,0.888888889,0.888888889,1,0.134171188,7.652392189,7.836598035,true,none
1785065113.165632486,per_message_full_scan,720,720,6.274458647,6.274458612,0.895833333,0.895833333,1,0.119142935,7.719984143,7.657753458,true,none
1785065114.122039795,per_message_full_scan,720,720,6.274458647,6.274458612,0.894444444,0.894444444,1,0.134144574,7.652541118,7.916379214,true,none
1785065115.129934311,per_message_full_scan,720,720,6.274458647,6.274458612,0.898611111,0.898611111,1,0.121883132,7.709975896,7.604431862,true,none
1785065116.122032881,per_message_full_scan,720,720,6.274458647,6.274458612,0.894444444,0.894444444,1,0.134071618,7.647001446,7.749438124,true,none
1785065117.122045755,per_message_full_scan,720,720,6.274458647,6.274458612,0.884722222,0.884722222,1,0.134229720,7.655035177,7.640099135,true,none
1785065118.122015715,per_message_full_scan,720,720,6.274458647,6.274458612,0.887500000,0.887500000,1,0.121452257,7.713940131,7.845484421,true,none
1785065119.122032881,per_message_full_scan,720,720,6.274458647,6.274458612,0.898611111,0.898611111,1,0.134101734,7.646329749,7.501274371,true,none
1785065120.122040272,per_message_full_scan,720,720,6.274458647,6.274458612,0.894444444,0.894444444,1,0.121831536,7.717982743,8.103895666,true,none
1785065121.140997171,per_message_full_scan,720,720,6.274458647,6.274458612,0.888888889,0.888888889,1,0.134102255,7.604593897,7.680701662,true,none
1785065122.122068167,per_message_full_scan,720,720,6.274458647,6.274458612,0.891666667,0.891666667,1,0.133924201,7.663457454,7.956703760,true,none
1785065123.122034788,per_message_full_scan,720,720,6.274458647,6.274458612,0.894444444,0.894444444,1,0.120517142,7.720084970,7.727071313,true,none
1785065124.122037172,per_message_full_scan,720,720,6.274458647,6.274458612,0.894444444,0.894444444,1,0.134185389,7.662628397,7.564943924,true,none
1785065125.122027636,per_message_full_scan,720,720,6.274458647,6.274458612,0.900000000,0.900000000,1,0.121583417,7.712472111,7.690432055,true,none
1785065126.122208834,per_message_full_scan,720,720,6.274458647,6.274458612,0.894444444,0.894444444,1,0.121876918,7.745625732,8.264182508,true,none
1785065127.122041941,per_message_full_scan,720,720,6.274458647,6.274458612,0.884722222,0.884722222,1,0.134103090,7.656752622,7.617604228,true,none
1785065128.122827768,per_message_full_scan,720,720,6.274458647,6.274458612,0.879166667,0.879166667,1,0.119771719,7.728225495,7.612642020,true,none
1785065129.125812292,per_message_full_scan,720,720,6.274458647,6.274458612,0.879166667,0.879166667,1,0.134158298,7.597495259,7.907804612,true,none
1785065130.123409748,per_message_full_scan,720,720,6.274458647,6.274458612,0.897222222,0.897222222,1,0.134083033,7.667708349,7.627022738,true,none
1785065131.122035265,per_message_full_scan,720,720,6.274458647,6.274458612,0.881944444,0.881944444,1,0.122057624,7.719976598,7.701792662,true,none
1785065132.143932819,per_message_full_scan,720,720,6.274458647,6.274458612,0.883333333,0.883333333,1,0.133777112,7.606585319,7.608014036,true,none
1785065133.122312307,per_message_full_scan,720,720,6.274458647,6.274458612,0.901388889,0.901388889,1,0.118433714,7.730397770,8.053034144,true,none
1785065134.122033119,per_message_full_scan,720,720,6.274458647,6.274458612,0.898611111,0.898611111,1,0.121814124,7.706077938,8.122012159,true,none
1785065135.142338514,per_message_full_scan,720,720,6.274458647,6.274458612,0.886111111,0.886111111,1,0.134132326,7.605316940,7.945911053,true,none
1785065136.122238398,per_message_full_scan,720,720,6.274458647,6.274458612,0.894444444,0.894444444,1,0.124432504,7.671041848,7.559602679,true,none
1785065137.128990173,per_message_full_scan,720,720,6.274458647,6.274458612,0.883333333,0.883333333,1,0.134062394,7.603754827,7.640089721,true,none
1785065138.122099161,per_message_full_scan,720,720,6.274458647,6.274458612,0.895833333,0.895833333,1,0.132681146,7.674857765,7.690231923,true,none
1785065139.122049570,per_message_full_scan,720,720,6.274458647,6.274458612,0.891666667,0.891666667,1,0.121571958,7.714859215,7.996888726,true,none
1785065140.129497290,per_message_full_scan,720,720,6.274458647,6.274458612,0.898611111,0.898611111,1,0.134320870,7.572784158,7.559042890,true,none
1785065141.122064114,per_message_full_scan,720,720,6.274458647,6.274458612,0.884722222,0.884722222,1,0.121026665,7.715887262,8.044401176,true,none
1785065142.122044086,per_message_full_scan,720,720,6.274458647,6.274458612,0.900000000,0.900000000,1,0.122026101,7.681092114,7.757029318,true,none
1785065143.149101257,per_message_full_scan,720,720,6.274458647,6.274458612,0.888888889,0.888888889,1,0.133251518,7.600846924,7.584975458,true,none
1785065144.122056723,per_message_full_scan,720,720,6.274458647,6.274458612,0.891666667,0.891666667,1,0.121624991,7.707266005,7.662138710,true,none
1785065145.122048855,per_message_full_scan,720,720,6.274458647,6.274458612,0.891666667,0.891666667,1,0.133870125,7.580410260,7.506080004,true,none
1785065146.147261381,per_message_full_scan,720,720,6.274458647,6.274458612,0.891666667,0.891666667,1,0.134201318,7.608450099,7.655784740,true,none
1785065147.122059822,per_message_full_scan,720,720,6.274458647,6.274458612,0.895833333,0.895833333,1,0.120949641,7.721145799,8.122371552,true,none
1785065148.122058153,per_message_full_scan,720,720,6.274458647,6.274458612,0.904166667,0.904166667,1,0.134045959,7.600830311,7.626921733,true,none
1785065149.165365219,per_message_full_scan,720,720,6.274458647,6.274458612,0.905555556,0.905555556,1,0.133877918,7.619711797,7.521150557,true,none
1785065150.122490883,per_message_full_scan,720,720,6.274458647,6.274458612,0.897222222,0.897222222,1,0.121774107,7.716195644,7.749401617,true,none
1785065151.130190611,per_message_full_scan,720,720,6.274458647,6.274458612,0.893055556,0.893055556,1,0.133912593,7.595098955,7.507901433,true,none
1785065152.122055054,per_message_full_scan,720,720,6.274458647,6.274458612,0.901388889,0.901388889,1,0.137789175,7.620399998,7.452573107,true,none
1785065153.122084856,per_message_full_scan,720,720,6.274458647,6.274458612,0.905555556,0.905555556,1,0.121273585,7.718595915,8.106415583,true,none
1785065154.122016668,per_message_full_scan,720,720,6.274458647,6.274458612,0.898611111,0.898611111,1,0.121969298,7.725153431,7.706284810,true,none
1785065155.122066736,per_message_full_scan,720,720,6.274458647,6.274458612,0.900000000,0.900000000,1,0.134403959,7.639773316,7.643941208,true,none
1785065156.122036934,per_message_full_scan,720,720,6.274458647,6.274458612,0.895833333,0.895833333,1,0.121988162,7.708840215,7.657078483,true,none
1785065157.147979498,per_message_full_scan,720,720,6.274458647,6.274458612,0.906944444,0.906944444,1,0.122084066,7.710150722,7.492677167,true,none
1785065158.122043610,per_message_full_scan,720,720,6.274458647,6.274458612,0.912500000,0.912500000,1,0.134615228,7.637685556,7.822995347,true,none
1785065159.122050285,per_message_full_scan,720,720,6.274458647,6.274458612,0.905555556,0.905555556,1,0.121816978,7.713701486,8.032401469,true,none
1785065160.135266781,per_message_full_scan,720,720,6.274458647,6.274458612,0.888888889,0.888888889,1,0.121989384,7.721714264,7.816673285,true,none
1785065161.122035503,per_message_full_scan,720,720,6.274458647,6.274458612,0.904166667,0.904166667,1,0.133505031,7.640093808,7.664692912,true,none
1785065162.122030497,per_message_full_scan,720,720,6.274458647,6.274458612,0.905555556,0.905555556,1,0.134187236,7.665299968,7.990770563,true,none
1785065163.154722214,per_message_full_scan,720,720,6.274458647,6.274458612,0.891666667,0.891666667,1,0.121905729,7.707764443,7.608956141,true,none
1785065164.122023106,per_message_full_scan,720,720,6.274458647,6.274458612,0.901388889,0.901388889,1,0.131249711,7.642845807,7.906978288,true,none
1785065165.122002363,per_message_full_scan,720,720,6.274458647,6.274458612,0.900000000,0.900000000,1,0.134044528,7.658220284,7.559081920,true,none
1785065166.144013405,per_message_full_scan,720,720,6.274458647,6.274458612,0.912500000,0.912500000,1,0.119399227,7.723985330,8.072969016,true,none
1785065167.122048140,per_message_full_scan,720,720,6.274458647,6.274458612,0.904166667,0.904166667,1,0.133271173,7.630430455,7.673566050,true,none
1785065168.122037411,per_message_full_scan,720,720,6.274458647,6.274458612,0.905555556,0.905555556,1,0.133996040,7.651100515,7.787041210,true,none
1785065169.122036695,per_message_full_scan,720,720,6.274458647,6.274458612,0.912500000,0.912500000,1,0.134041950,7.603299266,7.568494620,true,none
1785065170.122025967,per_message_full_scan,720,720,6.274458647,6.274458612,0.891666667,0.891666667,1,0.134147555,7.610110209,7.892956637,true,none
1785065171.133629084,per_message_full_scan,720,720,6.274458647,6.274458612,0.905555556,0.905555556,1,0.133049697,7.590090825,7.594456198,true,none
1785065172.122044325,per_message_full_scan,720,720,6.274458647,6.274458612,0.908333333,0.908333333,1,0.121416338,7.754804346,8.402675652,true,none
1785065173.122193336,per_message_full_scan,720,720,6.274458647,6.274458612,0.893055556,0.893055556,1,0.134056285,7.604969905,7.667583873,true,none
1785065174.126536608,per_message_full_scan,720,720,6.274458647,6.274458612,0.891666667,0.891666667,1,0.134115845,7.665922368,7.979496554,true,none
1785065175.122043848,per_message_full_scan,720,720,6.274458647,6.274458612,0.894444444,0.894444444,1,0.121900745,7.719806721,7.635130928,true,none
1785065176.122056723,per_message_full_scan,720,720,6.274458647,6.274458612,0.895833333,0.895833333,1,0.121708289,7.716439853,8.180804234,true,none
1785065177.146166801,per_message_full_scan,720,720,6.274458647,6.274458612,0.902777778,0.902777778,1,0.120934628,7.736495963,7.651710711,true,none
1785065178.122054815,per_message_full_scan,720,720,6.274458647,6.274458612,0.894444444,0.894444444,1,0.134071678,7.654397163,7.759731770,true,none
1785065179.122033596,per_message_full_scan,720,720,6.274458647,6.274458612,0.894444444,0.894444444,1,0.134256065,7.654323501,7.891819460,true,none
1785065180.143406868,per_message_full_scan,720,720,6.274458647,6.274458612,0.890277778,0.890277778,1,0.134270176,7.670044485,7.600871799,true,none
1785065181.122237682,per_message_full_scan,720,720,6.274458647,6.274458612,0.881944444,0.881944444,1,0.131240949,7.605066063,7.496120480,true,none
1785065182.122059107,per_message_full_scan,720,720,6.274458647,6.274458612,0.887500000,0.887500000,1,0.134189636,7.608764691,7.749158662,true,none
1785065183.133163452,per_message_full_scan,720,720,6.274458647,6.274458612,0.893055556,0.893055556,1,0.133330688,7.659197340,8.055729710,true,none
1785065184.122025490,per_message_full_scan,720,720,6.274458647,6.274458612,0.895833333,0.895833333,1,0.121809065,7.721934330,7.646715326,true,none
1785065185.122040033,per_message_full_scan,720,720,6.274458647,6.274458612,0.900000000,0.900000000,1,0.121823989,7.744181977,7.981396772,true,none
1785065186.122169495,per_message_full_scan,720,720,6.274458647,6.274458612,0.886111111,0.886111111,1,0.134091318,7.655726349,7.764722010,true,none
1785065187.122044563,per_message_full_scan,720,720,6.274458647,6.274458612,0.897222222,0.897222222,1,0.134169787,7.680484400,7.573509073,true,none
1785065188.122063160,per_message_full_scan,720,720,6.274458647,6.274458612,0.893055556,0.893055556,1,0.122572698,7.698274668,7.799082508,true,none
1785065189.122031212,per_message_full_scan,720,720,6.274458647,6.274458612,0.893055556,0.893055556,1,0.134034395,7.662166036,8.025231655,true,none
1785065190.122044563,per_message_full_scan,720,720,6.274458647,6.274458612,0.887500000,0.887500000,1,0.134138882,7.644319106,7.622297280,true,none
1785065191.144024849,per_message_full_scan,720,720,6.274458647,6.274458612,0.893055556,0.893055556,1,0.134022266,7.682930003,7.598847594,true,none
1785065192.122037172,per_message_full_scan,720,720,6.274458647,6.274458612,0.904166667,0.904166667,1,0.122231878,7.727389989,7.754908829,true,none
1785065193.122038603,per_message_full_scan,720,720,6.274458647,6.274458612,0.898611111,0.898611111,1,0.134204000,7.596095531,7.747804344,true,none
1785065194.136040449,per_message_full_scan,720,720,6.274458647,6.274458612,0.904166667,0.904166667,1,0.134577498,7.589823774,7.623053161,true,none
1785065195.122174025,per_message_full_scan,720,720,6.274458647,6.274458612,0.884722222,0.884722222,1,0.121048391,7.711890854,7.988024248,true,none
1785065196.122040987,per_message_full_scan,720,720,6.274458647,6.274458612,0.891666667,0.891666667,1,0.123643927,7.699404797,7.754404839,true,none
1785065197.122022390,per_message_full_scan,720,720,6.274458647,6.274458612,0.884722222,0.884722222,1,0.121481314,7.708239084,8.154632731,true,none
1785065198.122087240,per_message_full_scan,720,720,6.274458647,6.274458612,0.873611111,0.873611111,1,0.131938994,7.648752236,7.693890938,true,none
1785065199.122046232,per_message_full_scan,720,720,6.274458647,6.274458612,0.872222222,0.872222222,1,0.134040400,7.667804686,7.739839670,true,none
1785065200.149791718,per_message_full_scan,720,720,6.274458647,6.274458612,0.886111111,0.886111111,1,0.133574963,7.682517633,7.539212451,true,none
1785065201.122038603,per_message_full_scan,720,720,6.274458647,6.274458612,0.876388889,0.876388889,1,0.133958206,7.610699691,8.022683951,true,none
1785065202.122056007,per_message_full_scan,720,720,6.274458647,6.274458612,0.887500000,0.887500000,1,0.133699521,7.612681174,7.678307953,true,none
1785065203.138267279,per_message_full_scan,720,720,6.274458647,6.274458612,0.876388889,0.876388889,1,0.134305507,7.648869600,7.752403745,true,none
1785065204.122071266,per_message_full_scan,720,720,6.274458647,6.274458612,0.879166667,0.879166667,1,0.119009733,7.750425152,8.080048791,true,none
1785065205.122030735,per_message_full_scan,720,720,6.274458647,6.274458612,0.880555556,0.880555556,1,0.119387567,7.729894768,7.927262661,true,none
1785065206.122149706,per_message_full_scan,720,720,6.274458647,6.274458612,0.881944444,0.881944444,1,0.133648306,7.649859698,7.651962203,true,none
1785065207.122251987,per_message_full_scan,720,720,6.274458647,6.274458612,0.897222222,0.897222222,1,0.132769778,7.674996826,7.878570907,true,none
1785065208.122060061,per_message_full_scan,720,720,6.274458647,6.274458612,0.890277778,0.890277778,1,0.134178251,7.678659142,8.049028505,true,none
1785065209.154214621,per_message_full_scan,720,720,6.274458647,6.274458612,0.876388889,0.876388889,1,0.119044498,7.721941399,7.636443123,true,none
1785065210.122038841,per_message_full_scan,720,720,6.274458647,6.274458612,0.879166667,0.879166667,1,0.133542120,7.634200076,7.682359873,true,none
1785065211.122025728,per_message_full_scan,720,720,6.274458647,6.274458612,0.880555556,0.880555556,1,0.134201258,7.655158846,7.702412523,true,none
1785065212.122041225,per_message_full_scan,720,720,6.274458647,6.274458612,0.879166667,0.879166667,1,0.119869582,7.697240763,7.570370339,true,none
1785065213.122038603,per_message_full_scan,720,720,6.274458647,6.274458612,0.881944444,0.881944444,1,0.121961221,7.745626180,7.699042135,true,none
1785065214.141253948,per_message_full_scan,720,720,6.274458647,6.274458612,0.875000000,0.875000000,1,0.134438276,7.577431178,7.665166700,true,none
1785065215.122038126,per_message_full_scan,720,720,6.274458647,6.274458612,0.881944444,0.881944444,1,0.133641511,7.680543426,7.688926725,true,none
1785065216.122033358,per_message_full_scan,720,720,6.274458647,6.274458612,0.883333333,0.883333333,1,0.134064794,7.682753069,7.943838264,true,none
1785065217.128098249,per_message_full_scan,720,720,6.274458647,6.274458612,0.891666667,0.891666667,1,0.122687817,7.683215401,7.650048458,true,none
1785065218.122608662,per_message_full_scan,720,720,6.274458647,6.274458612,0.886111111,0.886111111,1,0.134125993,7.626886254,7.671667214,true,none
1785065219.122036457,per_message_full_scan,720,720,6.274458647,6.274458612,0.876388889,0.876388889,1,0.134084567,7.631875901,7.646314666,true,none
1785065220.123645067,per_message_full_scan,720,720,6.274458647,6.274458612,0.890277778,0.890277778,1,0.134088874,7.672733359,7.991128524,true,none
1785065221.122044086,per_message_full_scan,720,720,6.274458647,6.274458612,0.883333333,0.883333333,1,0.134144530,7.600793528,7.706056993,true,none
1785065222.122045040,per_message_full_scan,720,720,6.274458647,6.274458612,0.881944444,0.881944444,1,0.133811086,7.616839928,8.280649811,true,none
1785065223.144739628,per_message_full_scan,720,720,6.274458647,6.274458612,0.876388889,0.876388889,1,0.134094790,7.652475019,7.693879039,true,none
1785065224.122035503,per_message_full_scan,720,720,6.274458647,6.274458612,0.887500000,0.887500000,1,0.119508594,7.736885261,8.163277785,true,none
1785065225.122066259,per_message_full_scan,720,720,6.274458647,6.274458612,0.884722222,0.884722222,1,0.122044563,7.734488798,7.660637033,true,none
1785065226.140783548,per_message_full_scan,720,720,6.274458647,6.274458612,0.890277778,0.890277778,1,0.121010929,7.756088628,7.817610501,true,none
1785065227.122037411,per_message_full_scan,720,720,6.274458647,6.274458612,0.894444444,0.894444444,1,0.133284196,7.635008102,7.507348385,true,none
1785065228.122031450,per_message_full_scan,720,720,6.274458647,6.274458612,0.883333333,0.883333333,1,0.134148374,7.626629371,7.950318681,true,none
1785065229.161647797,per_message_full_scan,720,720,6.274458647,6.274458612,0.888888889,0.888888889,1,0.120959811,7.714699871,7.646733527,true,none
1785065230.122023582,per_message_full_scan,720,720,6.274458647,6.274458612,0.855555556,0.855555556,1,0.134139940,7.620426449,7.689276201,true,none
1785065231.128705978,per_message_full_scan,720,720,6.274458647,6.274458612,0.879166667,0.879166667,1,0.132568434,7.606384125,7.557770579,true,none
1785065232.122050047,per_message_full_scan,720,720,6.274458647,6.274458612,0.837500000,0.837500000,1,0.134096965,7.690581740,7.654140829,true,none
1785065233.122037172,per_message_full_scan,720,720,6.274458647,6.274458612,0.890277778,0.890277778,1,0.120250195,7.724264509,7.514166427,true,none
1785065234.122057915,per_message_full_scan,720,720,6.274458647,6.274458612,0.887500000,0.887500000,1,0.121185243,7.717205300,7.681892401,true,none
1785065235.122078896,per_message_full_scan,720,720,6.274458647,6.274458612,0.890277778,0.890277778,1,0.134414166,7.626341411,7.840985465,true,none
1785065236.122047901,per_message_full_scan,720,720,6.274458647,6.274458612,0.895833333,0.895833333,1,0.134204358,7.647738425,7.546595572,true,none
1785065237.122393370,per_message_full_scan,720,720,6.274458647,6.274458612,0.887500000,0.887500000,1,0.131954789,7.664538588,7.899632768,true,none
1785065238.122043610,per_message_full_scan,720,720,6.274458647,6.274458612,0.898611111,0.898611111,1,0.122970007,7.706411974,7.680110426,true,none
1785065239.122287989,per_message_full_scan,720,720,6.274458647,6.274458612,0.898611111,0.898611111,1,0.134282455,7.583499809,7.884321712,true,none
1785065240.131980658,per_message_full_scan,720,720,6.274458647,6.274458612,0.880555556,0.880555556,1,0.135697901,7.600904052,7.560900389,true,none
1785065241.122046232,per_message_full_scan,720,720,6.274458647,6.274458612,0.879166667,0.879166667,1,0.121714592,7.711871677,8.083482518,true,none
1785065242.122035265,per_message_full_scan,720,720,6.274458647,6.274458612,0.890277778,0.890277778,1,0.121869549,7.713234419,7.679210270,true,none
1785065243.122021437,per_message_full_scan,720,720,6.274458647,6.274458612,0.880555556,0.880555556,1,0.121782638,7.721592744,7.927848527,true,none
1785065244.122047663,per_message_full_scan,720,720,6.274458647,6.274458612,0.880555556,0.880555556,1,0.133738175,7.645592081,7.545723209,true,none
1785065245.122040749,per_message_full_scan,720,720,6.274458647,6.274458612,0.887500000,0.887500000,1,0.121868767,7.717338265,8.095060193,true,none
