timestamp,raw_odom_age_sec,scan_age_sec,rf2o_rate_hz,scan_rate_hz,x,y,yaw_deg,delta_translation_m,delta_yaw_deg,translation_speed_mps,yaw_rate_degps,roll_deg,pitch_deg,valid,status_reason
1785071501.188942671,inf,inf,0.000000000,0.000000000,0.000000000,0.000000000,0.000000000,0.000000000,0.000000000,0.000000000,0.000000000,0.000000000,0.000000000,false,WAITING_FOR_SCAN
1785071502.185107946,inf,0.030897275,0.000000000,0.000000000,0.000000000,0.000000000,0.000000000,0.000000000,0.000000000,0.000000000,0.000000000,0.000000000,0.000000000,false,LOW_ANGULAR_COVERAGE
1785071503.185014486,inf,0.109535716,0.000000000,7.620147015,0.000000000,0.000000000,0.000000000,0.000000000,0.000000000,0.000000000,0.000000000,1.207062100,1.011260259,false,WAITING_FOR_ODOM
1785071504.184961081,inf,0.037526240,0.000000000,6.659297772,0.000000000,0.000000000,0.000000000,0.000000000,0.000000000,0.000000000,0.000000000,1.217203226,0.995743309,false,LOW_ANGULAR_COVERAGE
1785071505.185054779,0.075703665,0.108109538,7.251153841,7.341412604,-0.002905036,-0.000444893,-0.439616488,0.000279895,0.096913294,0.002071060,0.717103252,1.240019123,1.043382812,true,OK
1785071506.184860945,0.074299858,0.033526207,7.652011791,7.375971629,-0.003126731,-0.000302095,-0.437550042,0.001013352,0.128204252,0.007498597,0.948685136,1.218779893,0.978621486,true,OK
1785071507.184926748,0.073636839,0.106190721,8.692756577,7.466498647,-0.002899923,0.000383785,-0.203689314,0.000502425,0.324454956,0.003721892,2.403514970,1.192959032,1.022062505,true,OK
1785071508.184903622,0.075500010,0.049263384,7.970991856,7.539302196,-0.002899695,0.000648919,0.021092845,0.000769702,0.389667682,0.005700296,2.885820800,1.203701932,1.010028757,true,OK
1785071509.187257767,0.074284868,0.117498362,8.666220422,7.517699439,-0.002412493,0.000689374,-0.035849348,0.000478144,0.121946558,0.003539445,0.902705081,1.215507068,0.986533526,true,OK
1785071510.184992313,0.073954456,0.047892965,7.975792777,7.582659256,-0.001132441,0.001832251,-0.062985130,0.001101010,0.106531181,0.008139273,0.787537119,1.230708392,1.028821934,true,OK
1785071511.184960604,0.175754710,0.053081483,8.430981984,7.076457247,-0.003645696,0.002458199,0.073313225,0.000236398,0.118694067,0.001751946,0.879640359,1.225703597,1.028440234,true,OK
1785071512.184956074,0.069982565,0.045214341,7.410461554,7.346833350,-0.003655802,0.002671395,0.387759946,0.000194336,0.341496652,0.001580778,2.777815776,1.220715392,1.009865566,true,OK
1785071513.184919834,0.074171908,0.112089212,8.694188662,7.492477980,-0.003847554,0.001270720,-0.092302301,0.000590206,0.113640914,0.004419377,0.850927144,1.213815219,1.016639231,true,OK
1785071514.184993029,0.076327870,0.044155918,7.988687756,7.481507961,-0.003595419,0.001485782,-0.071296109,0.000545849,0.164324520,0.004042678,1.217024049,1.203489791,1.001597504,true,OK
1785071515.184967756,0.068500395,0.108676714,9.215832757,7.458808947,-0.004134441,0.000496184,0.158631525,0.001245919,0.019782341,0.009210535,0.146242262,1.213588562,0.987570799,true,OK
1785071516.184984922,0.069788073,0.054055216,8.258944436,7.611696059,-0.002919899,0.000904578,0.068974410,0.000467832,0.100870555,0.003462511,0.746562039,1.230520156,1.013398461,true,OK
1785071517.184945583,0.074872068,0.108705709,8.721293785,7.466833320,-0.003840533,0.001165160,0.141160565,0.000477958,0.104678325,0.003541607,0.775652818,1.211409705,1.010630944,true,OK
1785071518.184955120,0.071518312,0.052420616,7.928360750,7.547869165,-0.003355493,0.001212068,0.534142886,0.000971031,0.113640914,0.007091849,0.829967915,1.185828046,1.003564864,true,OK
1785071519.185019255,0.074664019,0.116818515,8.799164964,7.530751296,-0.007528512,0.000448996,0.535802048,0.000829689,0.117033931,0.006144543,0.866734868,1.201168886,0.943806331,true,OK
1785071520.185976028,0.076575909,0.051368343,7.958859446,7.584947681,-0.006127599,-0.000149791,0.350049948,0.000603018,0.108352360,0.004463298,0.801980389,1.224098722,0.957275817,true,OK
1785071521.185673952,0.067028576,0.103586070,8.600753521,7.423517597,-0.006823489,-0.000321937,0.236602300,0.000304111,0.361536080,0.002259434,2.686079659,1.230644935,0.968929119,true,OK
1785071522.184929848,0.074614033,0.032762212,8.012492205,7.426963982,-0.009446787,-0.000321678,0.729462461,0.000278839,0.113640914,0.002044941,0.833416621,1.199666835,0.971840770,true,OK
1785071523.185270548,0.073454450,0.103428940,8.679498921,7.497967314,-0.011322659,-0.000348106,0.398253348,0.000219309,0.083929371,0.001648245,0.630783122,1.197203211,0.978344740,true,OK
1785071524.184996843,0.075502191,0.032174010,7.987747137,7.468493815,-0.011528476,-0.000752456,0.584116736,0.000208919,0.126668806,0.001546139,0.937433113,1.194383468,0.940366512,true,OK
1785071525.315941811,0.403138235,0.366607695,7.953976923,7.505654374,-0.010071723,-0.000135279,0.757180843,0.000359324,0.113640914,0.002660721,0.841487517,1.219408147,0.974477637,true,OK
1785071526.185113430,0.075298846,0.165796596,256.547276531,45.244709411,-0.007768746,0.000749078,0.177540947,0.000449870,0.034264021,0.003293339,0.250834495,1.219525805,0.967786669,true,OK
1785071527.184971094,0.074783846,0.097715912,73.754277381,31.851206902,-0.006682014,0.001676764,0.239077570,0.000548191,0.044234660,0.004084142,0.329557767,1.235011859,1.047267062,true,OK
1785071528.184987545,0.071414576,0.029447687,21.874861358,11.624470897,-0.005190238,0.002197344,0.111321310,0.000475230,0.173589404,0.003847103,1.405247751,1.224863781,1.051838347,true,OK
1785071529.184979677,0.074473726,0.097005183,11.265646856,8.415431373,-0.006841038,0.002320771,0.099612158,0.000286262,0.200768942,0.002119405,1.486440027,1.206963219,1.036870674,true,OK
1785071530.184971571,0.075804404,0.028688157,8.610513304,7.669829669,-0.008583264,0.002022535,-0.139745852,0.000766762,0.000000000,0.005703489,0.000000000,1.215668468,1.028563805,true,OK
1785071531.185025930,0.073106216,0.095264211,8.952544448,7.586508451,-0.007908350,0.000960056,-0.107003936,0.000278406,0.184517467,0.002058938,1.364590500,1.233872847,1.031120985,true,OK
1785071532.184980631,0.076509287,0.025362314,8.145194707,7.524573847,-0.006868426,0.001087827,0.042604641,0.000271203,0.117033931,0.002008337,0.866669361,1.229377928,1.037524559,true,OK
1785071533.184955120,0.170681899,0.093369298,8.598657443,7.540543761,-0.007698366,0.001595575,-0.283532770,0.000900912,0.209356731,0.006668254,1.549590285,1.211324622,1.050976510,true,OK
1785071534.184940577,0.077336910,0.024653376,8.364852525,7.523325261,-0.008451377,0.000761824,-0.490270630,0.000362039,0.071326251,0.002678348,0.527668064,1.199848871,1.036973907,true,OK
1785071535.184974194,0.172097552,0.091342832,8.637818965,7.549071909,-0.009726882,-0.000965139,-0.339419939,0.000693425,0.149353439,0.005645493,1.215955060,1.216389468,0.959459843,true,OK
1785071536.184981346,0.072767802,0.021627420,8.342541004,7.536579183,-0.013171197,-0.001903988,-0.171896707,0.001596808,0.044234660,0.012885017,0.356939803,1.222920006,0.971502328,true,OK
1785071537.184977055,0.169653471,0.072379913,8.793812237,7.406696077,-0.013573257,-0.000752971,-0.295426027,0.000428687,0.090654086,0.003171911,0.670761360,1.198640223,0.979264254,true,OK
1785071538.184987068,0.063336792,0.005688076,8.270234275,7.486477832,-0.011909273,-0.000373189,-0.343099173,0.001055484,0.102792073,0.007808770,0.760485278,1.161227822,0.991528485,true,OK
1785071539.185051441,0.168526388,0.062458209,8.750902725,7.435688050,-0.011795498,0.000259523,-0.206320800,0.000529345,0.170174190,0.003892832,1.251470718,1.174156697,0.971340922,true,OK
1785071540.184989214,0.071620186,0.127248204,8.552950546,7.516787513,-0.012037175,0.001116710,-0.189761680,0.000155231,0.090654086,0.001146364,0.669472638,1.178726347,0.989340727,true,OK
1785071541.185011387,0.073240618,0.046746378,8.072844091,7.423873362,-0.010518639,0.001403600,-0.433043186,0.000455196,0.248660374,0.003331470,1.819884661,1.217110021,0.988725974,true,OK
1785071542.185204506,0.067712498,0.114653462,8.745959482,7.496462320,-0.010885444,0.001727791,-0.360162673,0.000502949,0.000000000,0.003722724,0.000000000,1.235898265,1.002011201,true,OK
1785071543.184972763,0.068155042,0.034102261,8.004767328,7.442624743,-0.011140118,0.001917813,-0.523304170,0.000212175,0.102792073,0.001575491,0.763275727,1.201229260,0.990006661,true,OK
1785071544.184969664,0.075070498,0.100208718,8.789125933,7.473897661,-0.013289627,0.002005237,-0.366994490,0.000219830,0.108352360,0.001628659,0.802752965,1.207843778,0.994659830,true,OK
1785071545.184976578,0.076184826,0.032368489,8.175045952,7.528278021,-0.012784602,0.000516409,-0.496871091,0.000576207,0.065610604,0.004261677,0.485261544,1.197863426,0.967993995,true,OK
1785071546.185343742,0.052638672,0.082759417,17.197713226,7.514891174,-0.012676155,0.000718444,-0.459447404,0.000371189,0.044234660,0.002967328,0.353617015,1.219573456,0.989554897,true,OK
1785071547.185010672,0.060157858,0.011526606,10.105451947,7.444113811,-0.014202516,0.000856323,-0.045471049,0.000544905,0.081564685,0.004035151,0.604005878,1.216852197,0.975212977,true,OK
1785071548.185006618,0.164689418,0.071869790,9.067331064,7.440863192,-0.013758215,0.000242106,-0.336887443,0.000328285,0.039564681,0.002449747,0.295242189,1.213216595,0.966046548,true,OK
1785071549.184952259,0.066567392,0.003624903,8.449608003,7.470721180,-0.012237114,-0.000018488,-0.103169220,0.000713134,0.135620930,0.005279213,1.003979891,1.209137132,0.969149830,true,OK
1785071550.185295105,0.063915636,0.067198896,7.709255953,7.549102229,-0.011560435,0.000684173,-0.058274400,0.000535121,0.094872788,0.003960830,0.702224802,1.230632954,0.982381156,true,OK
1785071551.185106754,0.074147775,0.122668387,8.429354061,7.446537643,-0.012639971,0.001290796,0.012468610,0.001124533,0.081564685,0.008325728,0.603882239,1.211926140,0.985267164,true,OK
1785071552.184970856,0.073363320,0.056104426,7.875600590,7.523981969,-0.011780134,0.000439884,0.051309115,0.000962473,0.125114538,0.007009706,0.911210941,1.231280672,0.989382578,true,OK
1785071553.184944868,0.468998111,0.042746741,8.543883928,6.934543058,-0.011953199,0.001253028,0.233134273,0.000434915,0.129721514,0.003220717,0.960638504,1.207161622,0.984937125,true,OK
1785071554.184962988,0.069663726,0.042143470,7.319728656,7.203728760,-0.009975668,0.001787357,-0.025466260,0.001086100,0.150657858,0.007972111,1.105847697,1.216662081,0.996567893,true,OK
1785071555.184942007,0.072289048,0.107182917,8.689794528,7.397923349,-0.008663471,0.002728648,-0.272559006,0.001506834,0.221173438,0.011152593,1.636980289,1.210038731,0.987151421,true,OK
1785071556.185067177,0.074044051,0.038652840,8.017014463,7.484980365,-0.008667054,0.001133452,-0.274293367,0.000435779,0.300014405,0.003198196,2.201815864,1.232610054,0.975634039,true,OK
1785071557.185016394,0.169063492,0.086899640,8.567099249,7.385736762,-0.009048959,0.001424380,-0.160889795,0.000725748,0.314657797,0.005372318,2.329241063,1.226885467,0.999773569,true,OK
1785071558.184991598,0.072890117,0.023620630,8.121575346,7.479672839,-0.011434134,0.000682465,0.406627842,0.000928407,0.117033931,0.006767457,0.853097591,1.210923838,0.991182430,true,OK
1785071559.186391592,0.167674960,0.084850777,8.932214214,7.457905120,-0.016715528,-0.001169700,0.409159020,0.000140549,0.332202472,0.001010099,2.387470653,1.190692569,0.972030494,true,OK
1785071560.187190294,0.054502057,0.004852601,8.414039723,7.365807027,-0.015910374,-0.001125531,0.294113592,0.000698017,0.134170395,0.005164691,0.992739204,1.180068463,0.969541890,true,OK
1785071561.185121059,0.171793258,0.070907066,10.818236068,7.554942933,-0.017503767,-0.001344227,0.550609767,0.000533780,0.174712971,0.003858745,1.263015983,1.216458220,0.938053569,true,OK
1785071562.185291052,0.035901578,0.132846372,8.466899764,7.467491773,-0.016166420,-0.000804343,0.417446645,0.000466829,0.111905833,0.003457469,0.828807337,1.213216554,0.961734983,true,OK
1785071563.186306000,0.075107910,0.058936971,8.015206337,7.498274025,-0.016673818,-0.001670737,0.272062186,0.000431433,0.121946558,0.003203928,0.905605469,1.209534719,0.977944901,true,OK
1785071564.186578512,0.166626358,0.117254890,9.358734051,7.691710418,-0.015992218,-0.002138736,0.448421512,0.001308416,0.081564685,0.009690129,0.604068200,1.191799293,0.984123881,true,OK
1785071565.185287714,0.041578326,0.046845881,9.163215273,7.549982358,-0.018001820,-0.000275144,0.561172801,0.000284559,0.108352360,0.002103158,0.800825190,1.204819114,0.965689618,true,OK
1785071566.185014725,0.068775029,0.103272125,9.081816641,7.500997213,-0.018293366,-0.000404183,0.453664170,0.000738373,0.106531181,0.005519364,0.796324150,1.207174349,0.970252285,true,OK
1785071567.185483456,0.070719917,0.029289686,8.157051355,7.435704888,-0.018258914,-0.000953317,0.090825021,0.000268057,0.076616680,0.001999545,0.571514281,1.194530413,0.965473150,true,OK
1785071568.187475920,0.144273833,0.078330057,8.125940334,7.475821302,-0.017809740,-0.000657203,0.267896043,0.000626308,0.129721514,0.004743562,0.982491460,1.210671261,0.973127854,true,OK
1785071569.185053587,0.071761503,0.018583430,11.391260048,7.533342502,-0.018518794,0.000453913,0.356167286,0.000392879,0.098911718,0.002908226,0.732178349,1.194650823,0.980329670,true,OK
1785071570.184955835,0.174844755,0.069525743,9.325258449,7.400763356,-0.018057379,-0.000862719,0.020087902,0.000429008,0.120331298,0.003175952,0.890813422,1.193922603,0.971182261,true,OK
1785071571.185307026,0.373969923,0.038540460,8.922902155,6.820004696,-0.018000132,-0.000812694,0.320855388,0.000805112,0.178041140,0.005954358,1.316736722,1.184500999,0.959480773,true,OK
1785071572.187034607,0.167118155,0.071381833,8.741086084,7.196266243,-0.016620600,-0.001046221,0.541256051,0.000891727,0.126668806,0.006600898,0.937650560,1.210902030,0.961982527,true,OK
1785071573.185021162,0.075663382,0.005270943,8.954975811,7.566612723,-0.016237722,0.000892316,0.443596272,0.001633027,0.083929371,0.012026803,0.618117312,1.219657342,0.987228848,true,OK
1785071574.185461998,0.063275658,0.051868696,7.745866447,7.390477758,-0.011552582,0.001168022,-0.307634050,0.000226449,0.392669016,0.001699783,2.947474319,1.216882931,0.997165869,true,OK
1785071575.185180664,0.034906518,0.110533024,8.100177361,7.557861810,-0.012020685,0.000576572,0.089059102,0.000919942,0.000000000,0.006794653,0.000000000,1.196638799,1.010408571,true,OK
1785071576.184939146,0.062565832,0.044212590,7.956693538,7.465153455,-0.012074412,0.001804232,-0.062821334,0.000743060,0.145369958,0.005512195,1.078389085,1.212105563,0.974625750,true,OK
1785071577.185006380,0.174655742,0.034225454,8.606819461,6.934692226,-0.012506225,0.001457327,-0.005165374,0.000511768,0.034264021,0.003783771,0.253332037,1.238105725,0.977386541,true,OK
1785071578.184952497,0.074603015,0.017965673,8.608906959,7.189597739,-0.012952684,0.001311521,0.274466346,0.000418116,0.141274205,0.003094347,1.045527921,1.230685540,0.998033320,true,OK
1785071579.184986115,0.167049718,0.072372367,8.871727489,7.578010641,-0.012834461,0.001527455,0.367355531,0.000809365,0.264669910,0.005992881,1.959727373,1.223452052,1.004190767,true,OK
1785071580.184932947,0.070961742,0.123044217,8.545949689,7.399685725,-0.013465636,-0.000233794,0.416096722,0.000428277,0.377941768,0.003169099,2.796638517,1.189511373,1.009000693,true,OK
1785071581.185051680,0.062290528,0.033248762,8.099473445,7.230613090,-0.015292368,-0.000734972,-0.049170782,0.000779631,0.111905833,0.005641798,0.809806680,1.210294087,1.002913796,true,OK
1785071582.185005903,0.098994575,0.066055419,6.644703207,7.873728455,-0.016448737,-0.000370239,0.456649709,0.000603065,0.000000000,0.004505267,0.000000000,1.233417678,0.991099957,true,OK
1785071583.189343214,0.010470178,0.020882839,496.864332848,728.482866971,-0.016998705,-0.000194109,0.383508515,0.000582040,0.121946558,0.004578288,0.959223856,1.239164900,1.000968838,true,OK
1785071584.185010433,0.155497731,0.085755255,111.267326367,158.689378485,-0.017259679,-0.000318759,0.475971347,0.000355581,0.088469326,0.002625493,0.653228448,1.228518307,1.021382146,true,OK
1785071585.363921165,0.272271331,0.332103283,25.647322500,39.181845070,-0.016795160,-0.000285521,0.671073066,0.000483995,0.121946558,0.003640936,0.917364039,1.208829196,1.013899479,true,OK
1785071586.185110092,0.389373349,0.083709138,15.355885826,107.255880397,-0.016055407,0.000534438,0.663746616,0.000437037,0.138476416,0.003223868,1.021491232,1.202327249,1.008989309,true,OK
1785071587.187369823,0.090558194,0.130348698,10.621820296,28.314880770,-0.014724694,0.000171631,0.558527012,0.000598316,0.092787413,0.004436438,0.688006487,1.218131197,0.997953557,true,OK
1785071588.184972286,0.092108865,0.054678689,119.169231982,54.706785911,-0.015379778,-0.000476193,0.013634530,0.000584601,0.110143430,0.004327714,0.815375963,1.250680719,1.005158130,true,OK
1785071589.185027599,0.091318136,0.124311116,27.800106150,17.459773115,-0.015237506,-0.000854023,0.243236480,0.000125603,0.100870555,0.000942011,0.756520199,1.215595782,1.027039961,true,OK
1785071590.185212612,0.082810495,0.035969182,12.033026353,9.112155889,-0.015613752,0.000397781,0.106828051,0.000515246,0.138476416,0.003717404,0.999081921,1.203295162,1.016295187,true,OK
1785071591.184970379,0.183161787,0.095516033,12.807107075,8.054108467,-0.016048200,-0.000297865,-0.095716003,0.000771580,0.377941768,0.006315103,3.093315148,1.207684140,1.007709927,true,OK
1785071592.185011625,0.088620103,0.028890127,8.985464738,7.577309101,-0.015254105,-0.000570280,0.211976068,0.000319537,0.113640914,0.002365846,0.841395376,1.213171429,1.020279049,true,OK
1785071593.187344551,0.180650785,0.082705415,8.716806119,7.426656923,-0.017087005,-0.000608161,0.422830141,0.000687039,0.117033931,0.005048754,0.860032243,1.220337031,1.023829650,true,OK
1785071594.185012817,0.089788872,0.015596097,8.586402083,7.462133131,-0.015609968,-0.000462917,0.398223604,0.000657294,0.108352360,0.004870285,0.802846909,1.209763527,1.034603292,true,OK
1785071595.186359644,0.191120929,0.078645504,8.978922297,7.443638569,-0.014667531,-0.001534280,0.150472086,0.000613042,0.141274205,0.004533579,1.044752821,1.198124532,1.022094534,true,OK
1785071596.185097218,0.076199733,0.000612025,8.458030883,7.459810295,-0.014739876,-0.001651587,0.348755672,0.000319174,0.110143430,0.002383469,0.822508091,1.213332219,1.008745414,true,OK
1785071597.186016321,0.090708476,0.064726632,8.042119621,7.433038426,-0.014934112,-0.001132079,0.749618441,0.000401806,0.138476416,0.002974491,1.025113980,1.222759167,1.028097565,true,OK
1785071598.185041189,0.080889862,0.118175510,8.569080339,7.388360778,-0.019287855,-0.002507686,1.036504605,0.000880329,0.144017660,0.006462500,1.057234329,1.189173505,0.946836707,true,OK
1785071599.185996532,0.072325096,0.053643727,7.848076559,7.471250000,-0.016583984,-0.003304050,0.868518757,0.000265513,0.123540700,0.001950881,0.907726693,1.191370166,0.982887046,true,OK
1785071600.184913874,0.085898799,0.119214835,8.642514760,7.561934503,-0.017135660,-0.002736821,1.108276240,0.000254786,0.118694067,0.002073823,0.966106382,1.179912422,0.961581403,true,OK
1785071601.185260296,0.092572281,0.037086019,8.219920952,7.427142609,-0.016631422,-0.002122230,1.191421253,0.000423001,0.113640914,0.003148602,0.845884181,1.196947225,0.964277649,true,OK
1785071602.187354326,0.195076925,0.105017228,8.483929288,7.446934973,-0.015054856,-0.003134345,1.147690387,0.000305062,0.111905833,0.002175984,0.798216271,1.206674117,0.973872872,true,OK
1785071603.185004234,0.076632246,0.025343555,8.374421688,7.454074207,-0.011923549,-0.003048611,1.093576025,0.001677388,0.144017660,0.012419909,1.066352151,1.222068261,0.976384440,true,OK
1785071604.189800739,0.169962299,0.096635363,8.356987845,7.483829418,-0.011874379,-0.001688823,1.349754890,0.001023810,0.360452001,0.007535272,2.652936885,1.219910945,0.987775898,true,OK
1785071605.187037230,0.038120625,0.137749447,9.115902733,7.410514719,-0.013056169,-0.000848090,1.054878188,0.000229919,0.100870555,0.001706986,0.748894039,1.198302102,0.974697422,true,OK
1785071606.185112000,0.193178773,0.071973069,10.246388906,7.618810824,-0.012371788,-0.001056304,1.124626977,0.000699495,0.135620930,0.005814981,1.127432200,1.181163392,0.969572032,true,OK
1785071607.186672688,0.091224792,0.132910698,9.681961588,7.524220906,-0.012117835,-0.000781253,1.047140576,0.000726532,0.172458515,0.005407217,1.283522697,1.179519169,0.965497403,true,OK
1785071608.185192108,0.092618299,0.062513321,8.188885697,7.514644218,-0.012280781,-0.000267385,1.628601250,0.000756017,0.421972715,0.005589003,3.119516766,1.198480720,0.963559879,true,OK
1785071609.184951067,0.086015184,0.129048543,8.776647236,7.584429093,-0.013054370,-0.000697601,1.439977291,0.000284352,0.110143430,0.002318438,0.898044510,1.221638420,0.981610155,true,OK
1785071610.187752485,0.080491935,0.047840655,7.863533266,7.420737830,-0.014164412,-0.001228508,1.644365740,0.000511351,0.027976455,0.003747680,0.205038758,1.200262304,0.996792904,true,OK
1785071611.185128212,0.091789365,0.115767866,8.937346343,7.564068977,-0.014007906,0.001489296,1.605858714,0.000408988,0.059347027,0.003040065,0.441135159,1.214422560,1.033145206,true,OK
1785071612.466202259,0.375156479,0.313423001,7.499857282,6.671468971,-0.013933356,0.001209021,1.483948989,0.000305616,0.113640914,0.002266500,0.842780404,1.212434911,1.022149379,true,OK
1785071613.185017347,0.190904393,0.100363453,406.865180549,805.695238927,-0.013018301,0.001232620,1.272290665,0.000707710,0.221173438,0.005234771,1.635969155,1.226054150,1.017911041,true,OK
1785071614.184950590,0.092511362,0.032352431,75.618289778,141.497778475,-0.012412213,0.001298761,1.553709349,0.000955071,0.201741190,0.007073133,1.494069833,1.252842044,1.014411875,true,OK
1785071615.188278675,0.187923090,0.088665786,22.780227726,35.521790409,-0.012610597,0.001115746,1.653839332,0.001452397,0.000000000,0.010674429,0.000000000,1.257628768,1.018406549,true,OK
1785071616.185061216,0.089171533,0.019016576,11.556706001,14.587722835,-0.013071394,0.001315567,1.765745165,0.001165789,0.135558491,0.001249241,0.145262399,1.210548518,0.993716413,false,LOW_ANGULAR_COVERAGE
1785071617.185026884,0.192624472,0.084753136,9.842081984,9.001655089,-0.015774137,-0.000975220,2.278733206,0.000278932,0.094872788,0.002063513,0.701861224,1.179616914,0.942317372,true,OK
1785071618.191781044,0.092107269,0.145089649,8.714324072,8.118338138,-0.014573871,0.001951543,1.991674456,0.000685037,0.414014638,0.005053056,3.053906319,1.237144978,1.006083520,true,OK
1785071619.189758062,0.085390879,0.074570349,8.243191782,7.870021433,-0.011900072,0.003358414,1.920459542,0.000798719,0.216704814,0.005666217,1.537331649,1.268890350,1.004234117,true,OK
1785071620.189304113,0.148852255,0.089034640,9.037717336,7.194640747,-0.012476965,0.002278436,1.839242970,0.000619066,0.279764815,0.004627702,2.091325804,1.248563683,1.009901965,true,OK
1785071621.185011148,0.063306230,0.041973554,7.927505079,7.944775770,-0.014279072,0.001777938,2.207680622,0.000744005,0.102792073,0.005551185,0.766954266,1.181075388,0.932151702,true,OK
1785071622.185006380,0.184333243,0.108652846,11.102889147,7.625268090,-0.014572377,0.000332080,2.736437376,0.001497686,0.055952910,0.011214768,0.418978803,1.183604066,0.971098910,true,OK
1785071623.187385321,0.077883833,0.044212008,12.250061535,7.696294470,-0.014007828,0.000335710,2.503527475,0.000755279,0.264669910,0.005786548,2.027759734,1.189433631,0.964114025,true,OK
1785071624.185035944,0.190359135,0.094609301,9.604839203,7.442790343,-0.012201337,0.000516470,2.059542007,0.000382602,0.125114538,0.002830281,0.925529950,1.191596027,0.978788540,true,OK
1785071625.186433554,0.377870694,0.285711752,8.687383943,7.415451336,-0.011964828,0.001528037,2.426244565,0.000380338,0.113640914,0.002816905,0.841660246,1.194837258,0.979133649,true,OK
1785071626.184946537,0.139936392,0.076959439,9.321240626,7.382055366,-0.013161194,0.001787038,2.458518352,0.000631934,0.113640914,0.004615120,0.829938911,1.174087464,0.987961649,true,OK
1785071627.187029362,0.052832410,0.124775390,8.678482807,7.314264989,-0.012770554,0.001614167,2.672202161,0.000515953,0.115349902,0.003723239,0.832391895,1.182548901,0.977056165,true,OK
1785071628.185081005,0.074197694,0.022607353,8.177049467,7.156168763,-0.012650473,0.001205538,2.676654189,0.000795864,0.164324520,0.005896983,1.217568016,1.195828709,0.967231943,true,OK
1785071629.185054064,0.047133112,0.112318352,9.078859317,7.494724422,-0.012727734,0.002430851,2.823225927,0.000454056,0.139882314,0.003317964,1.022175628,1.208722853,0.952293557,true,OK
1785071630.186841249,0.075494110,0.054793072,8.167390333,7.078723565,-0.013137683,0.002288846,2.694027082,0.000581057,0.100870555,0.004323381,0.750532244,1.221124692,0.951520087,true,OK
1785071631.185062170,0.178643414,0.105395354,8.324212013,7.328321305,-0.013116186,0.000656152,2.573403767,0.000755216,0.113640914,0.005585590,0.840490188,1.191887603,0.953973059,true,OK
1785071632.187991142,0.328559946,0.102754331,8.207360653,6.904390970,-0.014570682,0.003198329,2.941094654,0.000180350,0.062557256,0.001364324,0.473236587,1.203688197,1.029370823,true,OK
1785071633.185523510,0.017741021,0.093645934,8.668650444,7.420565339,-0.013109147,0.003927143,2.347193091,0.000196020,0.377941768,0.001546136,2.981066864,1.206147357,1.017297752,true,OK
1785071634.191506386,0.099790255,0.145509818,8.820484475,7.650413209,-0.012476453,0.003491335,2.317815427,0.000326956,0.194833561,0.002296811,1.368672308,1.236865425,1.006645066,true,OK
1785071635.185498953,0.071400629,0.066308340,8.854742173,7.578725696,-0.011801983,0.003664456,2.310438832,0.000744383,0.193826655,0.005493997,1.430558481,1.259395793,1.012012846,true,OK
1785071636.184976339,0.013988427,0.105697691,7.894629478,7.373854052,-0.012288418,0.003826016,2.684428582,0.000318201,0.106531181,0.002255556,0.755143411,1.244397178,0.994983036,true,OK
1785071637.194848061,0.011597475,0.167293731,11.591729594,7.318705767,-0.012825398,0.003445291,2.565114355,0.000656861,0.098911718,0.004870979,0.733483486,1.230765331,0.988448284,true,OK
1785071638.184973478,0.005168787,0.107627779,10.494709110,7.713229496,-0.012549452,0.002314098,2.279753609,0.000500840,0.364768947,0.003706332,2.699375868,1.210075349,1.002704967,true,OK
1785071639.184969664,0.006816866,0.031075478,9.706267938,7.523559027,-0.012413584,0.003511816,2.574262231,0.000259999,0.394161119,0.001919612,2.910149500,1.217712242,1.005809930,true,OK
1785071640.186570644,0.005747886,0.089353397,8.615857311,7.401839140,-0.012722513,0.004675607,2.599901254,0.000040292,0.115349902,0.000300296,0.859695940,1.216213159,1.001072748,true,OK
1785071641.204467058,0.126334959,0.037596402,9.061057682,7.448268212,-0.013271386,0.004224737,2.342518197,0.000556743,0.100870555,0.004143017,0.750630123,1.215570655,0.994824015,true,OK
1785071642.189789295,0.109999392,0.073532430,13.139077855,7.384729095,-0.012263941,0.003666896,2.513770396,0.000546624,0.144017660,0.003963256,1.044189088,1.213890988,1.010625577,true,OK
1785071643.184982777,0.107153169,0.007775123,9.853211530,7.551690245,-0.012988859,0.004462147,2.672043921,0.000297183,0.364768947,0.002199211,2.699361625,1.200394264,0.999771005,true,OK
1785071644.187822580,0.006460020,0.065159224,9.060101905,7.434438133,-0.013020189,0.004767918,2.851996894,0.000526715,0.108352360,0.003913636,0.805087885,1.236572353,1.007245551,true,OK
1785071645.185016632,0.101867086,0.132031727,8.907827038,7.499993868,-0.013292596,0.004319829,2.504037963,0.000352258,0.110143430,0.002606593,0.815024120,1.244795874,1.028565569,true,OK
1785071646.192926407,0.404909077,0.009520885,8.338380748,7.026485514,-0.012863223,0.005260479,3.048878218,0.000655581,0.338619621,0.004849107,2.504652007,1.236607816,1.018636956,true,OK
1785071647.185086250,0.002316862,0.110245083,7.940276210,7.158324862,-0.015741638,0.005390842,2.787419554,0.000534123,0.254877847,0.003975803,1.897209705,1.213766611,1.024003478,true,OK
1785071648.184947729,0.003436247,0.047941508,8.836971093,7.536504894,-0.018327799,0.003232607,3.614072988,0.000895083,0.386643028,0.007277568,3.143643413,1.179184420,0.942079670,true,OK
1785071649.184994221,0.029369174,0.103647693,6.896784379,7.445427962,-0.019310279,0.002699113,3.408998439,0.000470587,0.303902437,0.003480735,2.247839258,1.165230636,0.871396812,true,OK
1785071650.188194036,0.071033472,0.023488124,7.435949966,7.448010919,-0.019395745,0.002440581,3.291981411,0.000564115,0.232390036,0.004430721,1.825256796,1.202619847,0.887939039,true,OK
1785071651.191010714,0.239737918,0.027037868,7.769432244,7.748425646,-0.017418346,0.003602647,2.471405209,0.000724726,0.128204252,0.005404582,0.956071853,1.250009636,0.947926188,true,OK
1785071652.189928293,0.122753030,0.021427220,7.956897134,7.210055466,-0.015100596,0.002322044,2.382249782,0.000879146,0.161925496,0.003303449,0.608445608,1.233036382,0.985111285,true,OK
1785071653.185270071,0.045661458,0.060819914,8.589929986,7.280546006,-0.015701507,0.003266452,2.626438483,0.000596588,0.400562687,0.004477145,3.006058335,1.212170658,0.974771897,true,OK
1785071654.184968472,0.033614383,0.003165104,10.621434663,8.113997044,-0.017060185,0.003943930,2.538331434,0.000439797,0.076616680,0.003622124,0.631007945,1.217259203,0.952190031,true,OK
1785071655.184954166,0.074511156,0.060376458,14.671104698,7.935485611,-0.019153653,0.003755020,2.722538988,0.001851173,0.159490387,0.015283298,1.316753947,1.247789832,0.951153550,true,OK
1785071656.188644886,0.056851676,0.117512943,13.600030895,7.531762236,-0.019405113,0.003555026,2.326799832,0.000880270,0.106531181,0.007122377,0.861957592,1.247745289,0.953024874,true,OK
1785071657.185443163,0.071539289,0.037506971,9.416296623,7.581407835,-0.018827027,0.004042588,2.689148438,0.000107003,0.110143430,0.000808027,0.831744671,1.225084752,0.946443988,true,OK
1785071658.186137438,0.160242083,0.088297600,8.798062508,7.383058840,-0.020161999,0.004807891,2.515313300,0.000769091,0.137056110,0.005608209,0.999412899,1.195964909,0.946413123,true,OK
1785071659.184973240,0.012928074,0.018741847,9.097053657,7.452509892,-0.017579807,0.003777030,2.767655639,0.000516027,0.113640914,0.003566949,0.785523164,1.215637738,0.961623088,true,OK
1785071660.187311888,0.020074430,0.081848079,11.741382562,7.500195955,-0.017444195,0.003811198,2.713966350,0.000531163,0.149353439,0.004020099,1.130378073,1.219081357,0.881798793,true,OK
1785071661.184948683,0.080991188,0.017261023,8.981922417,7.538494175,-0.019874482,0.004418203,1.142778182,0.000338250,0.194833561,0.002483110,1.430281288,1.180633323,0.869436044,true,OK
1785071662.184975147,0.089585811,0.070872205,8.140485468,7.476912050,-0.019693264,0.003810157,1.252444476,0.000743776,0.034264021,0.005554979,0.255904760,1.153165295,0.935956976,true,OK
1785071663.184903860,0.086678312,0.000348215,9.518132335,7.655090206,-0.018812585,0.003189772,1.035288580,0.000343988,0.065610604,0.002506588,0.478095045,1.146813623,0.863852645,true,OK
1785071664.184972286,0.080507510,0.057925539,8.219970331,7.490633825,-0.018875527,0.004122022,1.038043682,0.000293401,0.164324520,0.002163977,1.211973137,1.154993173,0.893402128,true,OK
1785071665.184992313,0.083487894,0.116954294,8.655535777,7.495681174,-0.018640816,0.003907877,1.145744273,0.000356328,0.138476416,0.002611164,1.014752001,1.156878051,0.903237192,true,OK
1785071666.185972929,0.066692935,0.042045450,7.810605953,7.431802548,-0.018920268,0.003803600,1.006860474,0.000789216,0.118694067,0.005833388,0.877312310,1.160647915,0.915567241,true,OK
1785071667.213298798,0.136184348,0.120148764,7.057443080,7.051848295,-0.017801651,0.003510066,1.266846839,0.001292777,0.149353439,0.009549020,1.103190195,1.153553337,0.934991331,true,OK
1785071668.185003757,0.088704878,0.022264940,9.258904888,7.439510853,-0.018343779,0.004540916,1.203317181,0.000285299,0.083929371,0.002145035,0.631027056,1.117795638,0.928452117,true,OK
1785071669.184978485,0.185537202,0.078138628,8.783277501,7.394658040,-0.018033634,0.004890963,1.118357492,0.000674241,0.096913294,0.004984531,0.716460849,1.102312331,0.936579242,true,OK
1785071670.185695171,0.082538630,0.011437047,8.337427535,7.441824080,-0.017912299,0.003413711,1.014126309,0.000457628,0.079129369,0.003386147,0.585505620,1.131687481,0.928504464,true,OK
1785071671.185888529,0.083112008,0.070746054,7.681571382,7.461603735,-0.017753138,0.003329101,1.232830287,0.000364987,0.267610787,0.002738495,2.007879100,1.157965702,0.920732719,true,OK
1785071672.185999393,0.081748942,0.136348265,8.454608129,7.466067044,-0.018459664,0.004075287,1.346758291,0.000417840,0.134170395,0.003068952,0.985454147,1.145299606,0.932485397,true,OK
1785071673.185177326,0.083257485,0.068216732,7.844063627,7.491548159,-0.017840637,0.003277062,1.213829376,0.000709768,0.065610604,0.005327238,0.492447520,1.134150334,0.942973652,true,OK
1785071674.184990168,0.067462303,0.131748225,8.381213208,7.497824366,-0.017595516,0.002862452,1.446095315,0.000359254,0.132704012,0.002658696,0.982090280,1.137739386,0.938193036,true,OK
1785071675.185043573,0.081164914,0.066268659,7.903918811,7.595562778,-0.017753312,0.003948116,1.841768167,0.000458241,0.334550216,0.003367956,2.458861528,1.152670110,0.938891782,true,OK
1785071676.184993029,0.073038263,0.120501414,8.436204499,7.454659314,-0.019371336,0.004655200,1.666023204,0.000726462,0.086229231,0.005379574,0.638542476,1.179066034,0.938897326,true,OK
1785071677.185190678,0.061645807,0.045586596,7.513671010,7.424365898,-0.018881922,0.003760230,1.382546315,0.000266183,0.115349902,0.001985251,0.860303996,1.171012273,0.937278334,true,OK
1785071678.184985399,0.087307324,0.118486878,8.742641407,7.491760693,-0.019638848,0.004508392,1.445597467,0.000747717,0.120331298,0.005536405,0.890982238,1.143893820,0.934532225,true,OK
1785071679.184954166,0.077065198,0.036385856,7.823213695,7.414953066,-0.019279783,0.004726227,1.903094756,0.000171929,0.120331298,0.001244404,0.870943641,1.141783067,0.914865877,true,OK
1785071680.186245680,0.175091692,0.102493867,8.787067345,7.484298447,-0.019050160,0.004500623,1.863776072,0.000466034,0.088469326,0.003502100,0.664818891,1.152113730,0.927697662,true,OK
1785071681.184938908,0.083637248,0.031793874,8.641733565,7.468321117,-0.018680461,0.004409493,1.624239544,0.000787067,0.065610604,0.005822885,0.485401083,1.159642286,0.927662997,true,OK
1785071682.185212135,0.189074331,0.101783991,8.767911423,7.554619998,-0.019305088,0.005065609,1.902398456,0.000091653,0.106531181,0.000744945,0.865870258,1.160262603,0.923191326,true,OK
1785071683.198472023,0.188044646,0.023659668,7.863161616,9.167309145,-0.019528635,0.005406209,1.743182454,0.000601155,0.142652530,0.004324373,1.026162800,1.137239897,0.924974738,true,OK
1785071684.185011625,0.142212187,0.085332453,8.405267167,7.921748130,-0.019071009,0.004963071,1.382531270,0.000529291,0.108352360,0.003851256,0.788398629,1.129532725,0.924359830,true,OK
1785071685.185135603,0.087166396,0.019238831,8.372570146,7.673938014,-0.017949848,0.005368771,1.204090971,0.000143996,0.164324520,0.001174118,1.339875033,1.126468747,0.895462631,true,OK
1785071686.185976505,0.079152021,0.074800073,7.812930619,7.521573144,-0.019061452,0.006078006,1.551509880,0.000310490,0.132704012,0.002297881,0.982118903,1.172633962,0.911486280,true,OK
1785071687.185260773,0.084749796,0.004855587,8.528619004,7.489607230,-0.019365744,0.006320026,1.145344800,0.001190854,0.121946558,0.008912590,0.912672503,1.159239398,0.900924615,true,OK
1785071688.185027361,0.077840065,0.058823101,8.002893256,7.421171176,-0.018713056,0.005638982,1.016856922,0.000022570,0.000000000,0.000166909,0.000000000,1.125940007,0.903194873,true,OK
1785071689.185622931,0.084218305,0.122087239,8.588017080,7.424295164,-0.018527375,0.005711492,0.997826998,0.000233629,0.019782341,0.001717714,0.145445936,1.103343351,0.916218446,true,OK
1785071690.187344551,0.078420515,0.056129654,7.783747028,7.551375531,-0.019298756,0.006431997,0.739417070,0.000181915,0.102792073,0.001328476,0.750663395,1.129438828,0.921841691,true,OK
1785071691.185050011,0.082904572,0.107007470,8.647466246,7.403958046,-0.018924387,0.006366421,0.442144469,0.000519706,0.120331298,0.003848747,0.891128344,1.149032102,0.903125395,true,OK
1785071692.187335253,0.089609102,0.037201317,8.269782552,7.461900781,-0.017660270,0.005679942,0.543317229,0.000601998,0.100870555,0.004477008,0.750166065,1.153514095,0.902419130,true,OK
1785071693.185386658,0.188142112,0.097258538,8.850858592,7.497585978,-0.018349837,0.006713388,1.167940984,0.000403082,0.121946558,0.003049436,0.922562479,1.143789583,0.925956650,true,OK
1785071694.185399055,0.047266667,0.019820615,8.010967392,7.425529036,-0.019108223,0.006600607,1.052579776,0.000637097,0.138476416,0.004612201,1.002486785,1.149711518,0.917731231,true,OK
1785071695.191935778,0.009516955,0.073497428,14.395151404,8.197012876,-0.018484320,0.005852183,1.020920388,0.000197851,0.081564685,0.001534103,0.632438258,1.126150202,0.932636964,true,OK
1785071696.184972048,0.078612861,0.001669744,10.111978014,7.558627116,-0.017792804,0.006186720,0.926252445,0.001043400,0.065610604,0.007763031,0.488151398,1.147241904,0.911744105,true,OK
1785071697.185731888,0.076200835,0.069545970,9.489688394,7.589064922,-0.019172801,0.007060310,1.313470190,0.000218380,0.027976455,0.001618979,0.207406023,1.169144321,0.934910606,true,OK
1785071698.184988499,0.080314862,0.131245971,8.840032338,7.433918014,-0.018522389,0.006375729,0.996274651,0.000303164,0.106531181,0.002240206,0.787203257,1.125323288,0.932580747,true,OK
1785071699.185058832,0.085629290,0.066359664,7.908092195,7.491885820,-0.018706180,0.006623222,1.102520064,0.000660247,0.059347027,0.004913216,0.441629533,1.132488827,0.927665458,true,OK
1785071700.184995174,0.080984384,0.120270286,8.705171706,7.435068483,-0.019614480,0.007137678,1.249970035,0.001240355,0.055952910,0.009158635,0.413149770,1.117265343,0.922785255,true,OK
1785071701.185873270,0.085928208,0.053404984,8.086543601,7.480259958,-0.019961309,0.007631267,1.430149962,0.000807416,0.126668806,0.005911020,0.927331398,1.139483384,0.902077441,true,OK
1785071702.486499786,0.385881304,0.420207362,8.710108510,7.502239183,-0.018700428,0.006725204,1.632945602,0.000836708,0.375344188,0.006199373,2.781016969,1.146388438,0.918511450,true,OK
1785071703.185107231,0.088210383,0.049269253,17.507587560,1449.799009306,-0.019267389,0.006812668,1.550412617,0.000249962,0.090654086,0.001849024,0.670589305,1.117272073,0.916576112,true,OK
1785071704.185049295,0.185799407,0.103622493,10.439730317,309.900991484,-0.019610845,0.007636951,1.365242020,0.000692713,0.145369958,0.005129511,1.076458632,1.097002898,0.916757968,true,OK
1785071705.185217381,0.079047476,0.036315980,8.924938558,58.245337072,-0.019237656,0.007319828,1.272466492,0.000306994,0.100870555,0.002258128,0.741965310,1.118122544,0.911642263,true,OK
1785071706.185621738,0.186330301,0.088692705,8.854193581,18.069016887,-0.018319010,0.006634851,1.338515889,0.000677137,0.230699911,0.004954781,1.688090185,1.110343224,0.926983141,true,OK
1785071707.185033321,0.075326441,0.018596767,8.470513723,9.238906235,-0.017943821,0.006701144,1.494651413,0.000587311,0.052339156,0.004398907,0.392015778,1.135504121,0.924595343,true,OK
1785071708.186097622,0.076989499,0.076219959,7.735443495,7.809831391,-0.018796348,0.007735800,1.428462671,0.000157524,0.134170395,0.001157237,0.985671051,1.132030065,0.918910129,true,OK
1785071709.185874224,0.080748774,0.005682088,8.324075304,7.493759668,-0.018697108,0.006946684,1.278325415,0.001070429,0.100870555,0.008010564,0.754865585,1.121991352,0.923063222,true,OK
1785071710.184929371,0.081861195,0.074081206,7.728094378,7.547271757,-0.017046049,0.006883895,1.432828109,0.000849691,0.134170395,0.006466333,1.021065998,1.121073057,0.926666967,true,OK
1785071711.184960604,0.087719167,0.005819677,8.687320009,7.558573535,-0.017657831,0.007716827,1.492596884,0.001089874,0.195835277,0.008860218,1.592059170,1.122800695,0.904508859,true,OK
1785071712.185012579,0.078444560,0.059877996,7.939674805,7.449796549,-0.018422068,0.007664081,1.456725250,0.000829202,0.090654086,0.006106673,0.667623336,1.149699749,0.906648429,true,OK
1785071713.185009480,0.086465951,0.124657299,8.636655339,7.446773215,-0.017912590,0.006853027,1.320659775,0.000337317,0.092787413,0.002497283,0.686940580,1.160212764,0.926979357,true,OK
1785071714.184912682,0.081012655,0.056150479,7.906065130,7.530506706,-0.017294119,0.007094220,1.496315021,0.000467291,0.111905833,0.003456360,0.827722252,1.155520981,0.929365992,true,OK
1785071715.185449123,0.077234473,0.125578112,8.586271908,7.569008562,-0.018185037,0.007641659,1.769923775,0.000490368,0.118694067,0.003630624,0.878795617,1.144027430,0.935675962,true,OK
1785071716.190550089,0.086330175,0.021635816,8.399302766,7.212232280,-0.018582921,0.007550609,1.502052660,0.001441696,0.126668806,0.010516927,0.924027358,1.153165776,0.923396277,true,OK
1785071717.184978724,0.082663379,0.111233942,8.789900944,7.520572440,-0.017566294,0.006515496,1.532548181,0.000260884,0.113640914,0.001931060,0.841167183,1.157590995,0.932980300,true,OK
1785071718.186193228,0.087447484,0.042765771,7.970266934,7.463235976,-0.017696901,0.007062377,1.794573858,0.000263883,0.096913294,0.001954856,0.717938143,1.142015090,0.934760496,true,OK
1785071719.185078382,0.084268050,0.109263555,8.709712635,7.511793477,-0.018280074,0.007183854,1.701802530,0.000268406,0.115349902,0.001992989,0.856505812,1.151719801,0.943746692,true,OK
1785071720.186243534,0.084886795,0.041664331,8.057855282,7.529894901,-0.016920057,0.005846882,1.358958743,0.000065910,0.027976455,0.000489736,0.207877220,1.135878123,0.924004953,true,OK
1785071721.184952736,0.280786831,0.228691030,8.324523503,7.428818163,-0.016952012,0.006279156,1.415317689,0.000852133,0.110143430,0.006411490,0.828724456,1.153412943,0.923227234,true,OK
1785071722.185204983,0.071408182,0.019992219,8.501871802,6.990560657,-0.016961160,0.006578701,1.346931620,0.000715893,0.055952910,0.005315084,0.415417368,1.143339172,0.901880933,true,OK
1785071723.187666893,0.187704480,0.092674893,8.832451092,7.370009661,-0.017898829,0.006701610,1.378872500,0.000551960,0.142652530,0.004050777,1.046911224,1.148727958,0.934171290,true,OK
1785071724.184995413,0.088948951,0.024470498,9.305971767,7.509672252,-0.016917888,0.006250400,1.364927308,0.001331770,0.159490387,0.009860861,1.180919236,1.128446583,0.925040709,true,OK
1785071725.184980631,0.189771287,0.087437278,8.968675664,7.523074046,-0.016494103,0.006563830,1.580300421,0.001325645,0.137056110,0.010867916,1.123614416,1.123161029,0.931021097,true,OK
1785071726.184998989,0.086473131,0.021806663,8.360841237,7.559671417,-0.017406346,0.006956689,1.391270699,0.000890271,0.000000000,0.007240626,0.000000000,1.121712747,0.922164614,true,OK
1785071727.184861183,0.184767092,0.086937232,8.606449905,7.537403398,-0.015954820,0.005665117,1.403476100,0.000735164,0.111905833,0.005924569,0.901830777,1.156925229,0.931952840,true,OK
1785071728.185366631,0.087126784,0.021094270,8.327805107,7.554198600,-0.016455835,0.006196381,1.355634054,0.000338223,0.166689032,0.002750784,1.355691459,1.169684924,0.911480969,true,OK
1785071729.184977293,0.185155139,0.085387578,8.658056235,7.536180389,-0.015951186,0.006180582,1.859626475,0.001499422,0.027976455,0.012324490,0.229952319,1.156456065,0.928708060,true,OK
1785071730.184940577,0.083041756,0.017636101,8.236974017,7.539535130,-0.016461489,0.006310583,1.836294856,0.000114601,0.106531181,0.000932606,0.866938781,1.101462178,0.916851245,true,OK
1785071731.184947491,0.184622982,0.084685685,8.712559353,7.547006059,-0.015983209,0.005284403,1.698446317,0.000347230,0.079129369,0.002822475,0.643207600,1.094648467,0.895965964,true,OK
1785071732.184955835,0.087126782,0.013683867,8.344617018,7.517621035,-0.015563649,0.005512519,2.149155026,0.000149914,0.113640914,0.001227243,0.930298511,1.114656920,0.897618527,true,OK
1785071733.184960365,0.185992805,0.081247236,8.736547947,7.544836979,-0.016176788,0.005773719,2.089699863,0.000273029,0.118694067,0.002225957,0.967690966,1.113515339,0.897935157,true,OK
1785071734.186390162,0.087749880,0.016286850,8.563222382,7.594455925,-0.015838444,0.005299403,1.992998165,0.000099390,0.148037520,0.000732803,1.091484026,1.094960457,0.899322519,true,OK
1785071735.185136318,0.089130555,0.069487292,7.730261994,7.447327075,-0.015488678,0.004983656,1.846356750,0.001082689,0.351102272,0.008017233,2.599887382,1.121917290,0.909993147,true,OK
1785071736.185588121,0.087636196,0.011865015,8.510894938,7.573336545,-0.015074705,0.005226414,1.964920083,0.000437578,0.144017660,0.003239870,1.066321817,1.097102130,0.900481081,true,OK
1785071737.185290575,0.087084430,0.067726013,7.661621184,7.457252804,-0.015778168,0.005182413,1.627589573,0.000169635,0.126668806,0.001256034,0.937898928,1.125428970,0.881114007,true,OK
1785071738.185204029,0.085473073,0.134180257,8.470351772,7.465404543,-0.015209357,0.004986122,1.549685996,0.000450663,0.102792073,0.003335486,0.760793583,1.158563879,0.886855126,true,OK
1785071739.184990883,0.086415999,0.065455485,7.946478903,7.466767391,-0.014489096,0.004956462,2.026354003,0.001030918,0.117033931,0.007630811,0.866279782,1.160470943,0.908503600,true,OK
1785071740.184987307,0.089856132,0.131215186,8.653006142,7.462315685,-0.015762207,0.005576706,2.020289502,0.000354848,0.104678325,0.002617294,0.772088866,1.134943437,0.903790059,true,OK
1785071741.185029745,0.087630454,0.063230420,8.033951912,7.485598701,-0.015652367,0.005251569,2.019329493,0.000064372,0.000000000,0.000476726,0.000000000,1.147949889,0.917263876,true,OK
1785071742.184999943,0.080003222,0.129121395,8.608928790,7.498437116,-0.014884171,0.004742902,1.762053156,0.000366266,0.108352360,0.002711569,0.802163026,1.144702093,0.898196652,true,OK
1785071743.185006857,0.087259629,0.061388754,7.884925948,7.483407886,-0.014367453,0.004850995,1.831366773,0.000678685,0.134170395,0.005023493,0.993102154,1.148870030,0.898635633,true,OK
1785071744.184991598,0.080636394,0.127342839,8.605978926,7.492689995,-0.015570391,0.005410865,1.856312971,0.000666202,0.117033931,0.004931627,0.866355567,1.155260637,0.915484151,true,OK
1785071745.184988737,0.082617279,0.058376075,7.885341700,7.506120694,-0.015006173,0.004995517,1.852979941,0.000514371,0.131221234,0.003894781,0.993598296,1.144224562,0.908662670,true,OK
1785071746.184983253,0.084020491,0.123941834,8.696007283,7.486072769,-0.014464460,0.005190383,1.659488054,0.000416047,0.139882314,0.003075751,1.034121239,1.137014083,0.904218131,true,OK
1785071747.184976578,0.086645769,0.053581062,7.921581817,7.458918065,-0.014500641,0.005203437,1.531194976,0.000742853,0.125114538,0.005494065,0.925334372,1.144996323,0.911601069,true,OK
1785071748.184973240,0.080178439,0.121633122,8.474537614,7.484728617,-0.015373318,0.004997671,1.561383505,0.000119299,0.068528042,0.000869569,0.499499573,1.149293175,0.916538004,true,OK
1785071749.185000658,0.087775061,0.054507635,7.934093498,7.488781721,-0.014470528,0.004508150,1.497216620,0.000000477,0.065610604,0.000003441,0.473387134,1.175080224,0.933466602,true,OK
1785071750.184962273,0.088706411,0.120916340,8.737053845,7.506366865,-0.015492803,0.005284231,3.061071453,0.001148190,0.552492881,0.008585046,4.131004039,1.132063819,0.837468818,true,OK
1785071751.184983969,0.086438662,0.053579246,7.928434197,7.495184384,-0.024330070,0.007092845,3.148258964,0.002088035,0.226419384,0.015791674,1.712394943,1.188250740,0.941407768,true,OK
1785071752.185009480,0.081830831,0.120124300,8.655037058,7.487970069,-0.023814171,0.007281345,3.472176160,0.000473777,0.312786672,0.003505942,2.314617179,1.172348332,0.932443701,true,OK
1785071753.184971571,0.085869247,0.051938502,7.957523667,7.480677436,-0.020701758,0.006977649,3.259041935,0.000583498,0.202708782,0.004276938,1.485820271,1.182932264,0.932529839,true,OK
1785071754.184983730,0.081228750,0.117479335,8.624886121,7.479234655,-0.020248836,0.007500313,3.110591348,0.000369205,0.094872788,0.002732930,0.702267644,1.186871909,0.951420843,true,OK
1785071755.187169790,0.088640486,0.052056611,8.006669697,7.475182592,-0.020021197,0.008520590,3.196575636,0.000452286,0.188711590,0.003350668,1.398030741,1.176972029,0.950993836,true,OK
1785071756.185172796,0.087440602,0.115482431,8.661195338,7.461839354,-0.020434007,0.007951269,3.001933661,0.000065754,0.000000000,0.000488534,0.000000000,1.156247568,0.964914304,true,OK
1785071757.185128927,0.088711372,0.047176656,8.024135582,7.454171520,-0.019533358,0.007602529,3.052112406,0.000313668,0.096913294,0.002322620,0.717614944,1.169159486,0.956664350,true,OK
1785071758.184972525,0.087335716,0.113627154,8.648689819,7.461458614,-0.019538899,0.008482677,3.202164395,0.000381938,0.319593916,0.002819251,2.359060319,1.183354062,0.944190627,true,OK
1785071759.184986830,0.088896276,0.053657800,8.009569616,7.555514629,-0.020142494,0.008964823,3.125863718,0.000846795,0.141274205,0.006267710,1.045667264,1.217856607,0.934952552,true,OK
1785071760.184965372,0.086546139,0.124029532,8.635624273,7.592878548,-0.020056242,0.008675362,2.982484727,0.000361212,0.079129369,0.002938464,0.643717716,1.211652505,0.946591808,true,OK
1785071761.185704947,0.087487601,0.053868869,7.904917265,7.529926692,-0.018812234,0.008797027,3.185659740,0.001453726,0.273397638,0.011809933,2.221056084,1.190293590,0.952934642,true,OK
1785071762.185194492,0.088599152,0.120553048,8.754852581,7.534289049,-0.017447255,0.009956922,2.957918778,0.000777725,0.137056110,0.005748136,1.012976175,1.208846698,0.982334443,true,OK
1785071763.184991121,0.072191379,0.052692690,7.946735097,7.567101837,-0.017171008,0.009760873,2.475431920,0.000289177,0.108352360,0.002308320,0.864908740,1.240207839,0.980285099,true,OK
1785071764.186412811,0.082317744,0.119647899,9.119579608,7.583345918,-0.015942701,0.009490999,2.777191599,0.001090901,0.000000000,0.008869540,0.000000000,1.256793751,1.017975085,true,OK
1785071765.185220957,0.087083646,0.033568696,8.250724148,7.407009396,-0.015510635,0.010398511,2.970719136,0.000341285,0.000000000,0.002521740,0.000000000,1.228173951,1.028919136,true,OK
1785071766.186280489,0.187888562,0.103227145,8.482156791,7.438221656,-0.015916769,0.011028252,2.828965437,0.000503284,0.134170395,0.003723337,0.992603716,1.238475144,1.038194172,true,OK
1785071767.186291695,0.090810253,0.035523155,8.052009607,7.425150377,-0.012205631,0.009823495,2.021009613,0.001949751,0.076616680,0.014438314,0.567362594,1.453942476,1.391113079,true,OK
1785071768.184969902,0.187131373,0.104814445,8.360611838,7.473436269,-0.010919381,0.010642452,0.741938083,0.000281034,0.111905833,0.002047837,0.815434931,1.432438285,1.357600501,true,OK
1785071769.184976816,0.086259810,0.035609875,8.110402140,7.453447950,-0.011858721,0.011948158,0.774936395,0.000306891,0.104678325,0.002262835,0.771836436,1.474148241,1.434763256,true,OK
1785071770.185037613,0.187444218,0.102783264,8.414503678,7.457782628,-0.013320806,0.015566854,0.715999906,0.000096705,0.092787413,0.000714934,0.685974588,1.559987616,1.413714834,true,OK
1785071771.184982777,0.085244923,0.033740025,8.255721017,7.455405709,-0.014379596,0.015354059,0.315675569,0.000511670,0.092787413,0.003770569,0.683764172,1.774669140,1.337237643,true,OK
1785071772.185045004,0.185515406,0.100767473,8.614264860,7.454132057,-0.013372390,0.017063506,0.608648822,0.000264005,0.244694222,0.001955052,1.812049853,1.415182659,1.655989047,true,OK
1785071773.185094118,0.088601501,0.044359360,8.449535900,7.590170614,-0.014586467,0.017981396,0.268869558,0.000245136,0.019782341,0.001814900,0.146461315,1.297694537,1.246912250,true,OK
1785071774.186061859,0.182718722,0.099046156,8.526098177,7.435861090,-0.027819625,0.006569274,-5.782858153,0.004091493,1.745515780,0.030279435,12.917834939,0.452936979,1.119014511,true,OK
1785071775.186583519,0.087831239,0.044085903,8.343825504,7.609576809,-0.033453812,-0.006828836,-11.982110039,0.002426257,1.230510659,0.017885857,9.071065808,0.881186821,0.774263237,true,OK
1785071776.185065508,0.086368436,0.108270872,8.932384662,7.587455064,-0.042906687,-0.024177696,-22.308948601,0.003040970,1.823811413,0.024556791,14.727851494,0.823639060,0.828631780,true,OK
1785071777.185430527,0.087306879,0.034092055,8.296160701,7.495790398,-0.041869078,-0.030804239,-25.898541966,0.000909454,0.197823503,0.007358526,1.600619059,0.661029730,0.625096771,true,OK
1785071778.184970140,0.187074390,0.105876162,8.696250693,7.557522651,-0.043511334,-0.041188380,-24.383788215,0.002490198,0.346615132,0.020256022,2.819472552,1.044035878,1.592830735,true,OK
1785071779.184974670,0.091882099,0.035198271,8.375170249,7.520192170,-0.042239916,-0.040953208,-24.517271920,0.000690301,0.074018747,0.005614140,0.601985737,1.043073884,1.333769650,true,OK
1785071780.185007095,0.187226108,0.105289173,8.676497088,7.595032370,-0.048424652,-0.041226479,-28.470600899,0.003648418,0.635813986,0.027376132,4.770870304,1.164235812,1.381607607,true,OK
1785071781.185109138,0.084433568,0.035939830,8.294786846,7.556499701,-0.041832148,-0.045843659,-36.292257448,0.002952523,1.207069343,0.024125280,9.863051538,1.237474448,2.075334205,true,OK
1785071782.184938431,0.180536931,0.103362398,8.574660275,7.561405992,-0.036484831,-0.046836369,-42.019300150,0.002202909,1.259432028,0.017943881,10.258752306,1.405373683,1.124387582,true,OK
1785071783.185193777,0.087179714,0.034838798,8.330979169,7.560559720,-0.040397890,-0.050783651,-48.056424450,0.000928397,0.844646432,0.007555005,6.873471924,1.571474408,-0.082017816,true,OK
1785071784.185007572,0.185604881,0.097528297,8.732758267,7.492975662,-0.038665033,-0.054370978,-52.211406347,0.001018860,0.371150265,0.007544176,2.748192827,1.264539993,0.273995706,true,OK
1785071785.185172081,0.084583916,0.029298246,8.326238636,7.463469313,-0.043638026,-0.057526654,-58.306628689,0.001084578,0.453271577,0.008027737,3.354987699,1.024400442,0.144642518,true,OK
1785071786.186311960,0.183592052,0.098472388,8.680794290,7.480712798,-0.042727007,-0.061421822,-61.266496128,0.000522340,0.854779071,0.003865718,6.326022477,0.829044253,-0.205510744,true,OK
1785071787.184947252,0.082755473,0.030353057,8.254640758,7.496691408,-0.044806324,-0.064247643,-64.293026574,0.000484780,0.368504821,0.003506889,2.665757553,0.686504198,-0.740917276,true,OK
1785071788.184953690,0.184707380,0.097045954,8.615630088,7.475166770,-0.046813382,-0.064592232,-65.594718548,0.000583159,0.071326251,0.004315993,0.527889373,0.730754215,-1.157394137,true,OK
1785071789.185048580,0.078480820,0.028998807,8.280919217,7.457175995,-0.047867725,-0.067593142,-68.084719626,0.000588429,0.169020462,0.004354116,1.250676580,0.728455643,-0.800726214,true,OK
1785071790.187688589,0.188912644,0.097635923,8.652019730,7.448384967,-0.048323941,-0.071147569,-69.935719607,0.000554223,0.768467572,0.004091815,5.673580858,0.550338694,-0.130345018,true,OK
1785071791.185065985,0.086672354,0.032809469,8.306665996,7.509679562,-0.051261054,-0.072729932,-71.998275893,0.000239966,0.178041140,0.001775857,1.317583045,0.759090445,-0.201052234,true,OK
1785071792.185018301,0.189968955,0.108552586,8.637708250,7.587014778,-0.054325793,-0.075951183,-74.662697270,0.000823082,0.542485587,0.006095653,4.017585621,0.610670057,-0.313248057,true,OK
1785071793.185320854,0.087107714,0.037430207,8.314483986,7.553229542,-0.057544630,-0.073870062,-77.552185367,0.001072537,0.614211965,0.008737739,5.003856486,0.427266118,-0.186106779,true,OK
1785071794.185017586,0.190834622,0.104025216,8.740847874,7.537928081,-0.053834171,-0.086090573,-78.296230076,0.007492973,0.364768947,0.055470082,2.700365342,-0.468329563,1.099171779,true,OK
1785071795.184976339,0.085011961,0.034096812,8.318092553,7.507189512,-0.057450273,-0.090336512,-77.537997850,0.003573520,0.509372937,0.026491021,3.776055755,0.138854881,1.134708749,true,OK
1785071796.185045004,0.184321256,0.101932315,8.612161002,7.556939710,-0.057610653,-0.083951519,-78.262455584,0.003967114,0.027976455,0.032391536,0.228428084,-0.088593515,1.025720319,true,OK
1785071797.186564207,0.089584089,0.035338361,8.335937762,7.560817340,-0.050792956,-0.091965530,-79.196889439,0.001007158,0.184517467,0.008188169,1.500122714,0.230001816,-0.197732639,true,OK
1785071798.185397387,0.181685699,0.098149819,8.605633181,7.556023456,-0.014475574,-0.089588763,-83.717480250,0.007079726,0.221173438,0.052420236,1.637628986,3.218840675,-0.948259657,true,OK
1785071799.189763308,0.088523481,0.034197717,8.237980030,7.541613055,-0.018016906,-0.132806193,-82.456356532,0.002220283,0.182384247,0.018077782,1.484992125,4.132469972,-0.436302716,true,OK
1785071800.187917471,0.191608882,0.101060277,8.745535997,7.555258805,-0.013788288,-0.131018038,-83.308575863,0.000595912,0.131221234,0.004840041,1.065789196,3.069458678,-0.583930753,true,OK
1785071801.185352564,0.089017674,0.029961916,8.526409491,7.530067073,-0.006491206,-0.120965810,-83.084899867,0.003291088,0.285305273,0.024351346,2.111024258,1.599240921,-0.417367520,true,OK
1785071802.185013294,0.186759667,0.095515928,8.666895348,7.547267035,-0.007005620,-0.119456198,-86.251046410,0.001642521,0.403967670,0.013360065,3.285822875,-0.235646445,-2.124340483,true,OK
1785071803.184942484,0.086761739,0.027291083,8.302900522,7.518548264,-0.011608316,-0.115898926,-89.561685278,0.006286908,1.025074897,0.047239063,7.702288415,0.608074243,-1.071875008,true,OK
1785071804.185016155,0.185996960,0.094575317,8.630537882,7.550505070,-0.035782031,-0.138958249,-97.381101738,0.005704382,1.599610453,0.042234400,11.843278828,1.291789207,0.314890736,true,OK
1785071805.184992075,0.083769487,0.025823409,8.261409327,7.511241243,-0.068156049,-0.160919064,-104.350886541,0.000960642,0.405900560,0.007113526,3.005680521,2.673351187,2.159152292,true,OK
1785071806.185045958,0.187990530,0.091260979,8.641141134,7.492679007,-0.063042368,-0.161506344,-103.753364650,0.001074194,0.161925496,0.007971051,1.201567397,0.914175777,1.505385197,true,OK
1785071807.185514450,0.090072077,0.023269054,8.398970983,7.476723133,-0.089881703,-0.159572806,-114.220078282,0.002141897,1.840900119,0.015859229,13.630559219,-0.642510993,1.814707424,true,OK
1785071808.184983969,0.182577327,0.086048364,8.655032554,7.454750041,-0.105054273,-0.152731844,-123.440974428,0.002855797,1.128652368,0.021133908,8.352427554,1.505345267,2.343303078,true,OK
1785071809.186367750,0.083824911,0.023279999,8.388404137,7.495809010,-0.126254033,-0.143836013,-129.742420672,0.004037377,0.878041522,0.029879023,6.498035775,1.738817038,2.158916167,true,OK
1785071810.184988499,0.181159819,0.088600330,8.525645498,7.490484277,-0.138576346,-0.133706986,-133.511577002,0.001835895,0.827088844,0.013428461,6.049655536,1.039718366,2.151170343,true,OK
1785071811.184978962,0.081149762,0.019688333,8.202931607,7.491581595,-0.131500065,-0.125507829,-140.716368484,0.001457506,1.086064965,0.010971156,8.175191283,-0.512458054,3.200946573,true,OK
1785071812.185002565,0.187961270,0.086692740,8.772269471,7.485722745,-0.131533706,-0.117557224,-147.913220832,0.001519761,0.412594332,0.011239427,3.051351378,-0.334228666,2.412855789,true,OK
1785071813.185457468,0.084031850,0.015640787,8.262481472,7.462425373,-0.125786032,-0.112136867,-154.840563439,0.002844654,1.217721984,0.021317202,9.125337563,-1.238754993,1.856216470,true,OK
1785071814.185016155,0.186701018,0.082425291,8.701906137,7.481571522,-0.123577602,-0.112502323,-160.791950162,0.001481754,1.065327016,0.010975510,7.890989923,-1.846412474,1.379562334,true,OK
1785071815.184955835,0.082174314,0.016126610,8.279007815,7.507841365,-0.113823467,-0.113749892,-161.218915065,0.001308909,0.134170395,0.009663271,0.990538938,-1.222166057,0.739324172,true,OK
1785071816.185061693,0.181049153,0.082050614,8.600001540,7.541440589,-0.110985865,-0.113372640,-157.578951523,0.000834903,0.339196986,0.006798676,2.762106091,-0.675640557,0.319181024,true,OK
1785071817.184989214,0.088027026,0.013229485,8.556763649,7.553707175,-0.110713158,-0.111844862,-152.989844883,0.000610246,0.912788402,0.004969080,7.432601854,0.705404655,0.895191653,true,OK
1785071818.185200453,0.187319616,0.080896360,8.789175297,7.570816493,-0.096837360,-0.115795402,-144.250237164,0.003089617,1.269491296,0.025247607,10.373979210,1.117452955,0.481719004,true,OK
1785071819.184953451,0.082358329,0.011796422,8.436416251,7.547868361,-0.088968032,-0.118940720,-138.343653974,0.002838838,0.027976455,0.021232006,0.209239220,0.748171718,1.237216398,true,OK
1785071820.184959412,0.184665003,0.076206364,8.849228954,7.527394819,-0.079827601,-0.121689553,-134.779759023,0.000391455,0.740456859,0.003185816,6.026124493,1.270538560,1.768885998,true,OK
1785071821.185953856,0.086686036,0.009026535,8.507687212,7.509631129,-0.077778554,-0.123633558,-130.394177359,0.001249406,0.534125115,0.009237209,3.948936824,1.778700880,1.579383727,true,OK
1785071822.186376095,0.185461690,0.077234898,8.793546524,7.519352063,-0.068427664,-0.124284699,-124.347907783,0.002304032,1.249918108,0.017060971,9.255434504,2.176634013,1.607169372,true,OK
1785071823.184975863,0.084075275,0.008185423,8.369880167,7.502818524,-0.053733900,-0.115568055,-118.453342632,0.000359796,0.221173438,0.002666302,1.639026643,1.789336091,1.323761139,true,OK
1785071824.184960842,0.186400578,0.072802546,8.707489309,7.481400131,-0.057273088,-0.112236451,-117.076790629,0.002515859,0.882043799,0.018632615,6.532473362,1.542513221,0.951063436,true,OK
1785071825.184936047,0.084286844,0.006000949,8.411624750,7.476337236,-0.075354082,-0.109133816,-111.375955776,0.001319251,0.141274205,0.009766254,1.045835800,1.847711523,-0.039718216,true,OK
1785071826.185333014,0.187727346,0.071838546,8.846833185,7.464494864,-0.062722145,-0.109012603,-106.040320399,0.005401279,0.692951133,0.039937671,5.123759479,2.373889696,0.650511140,true,OK
1785071827.184982300,0.087764623,0.017038999,8.437991487,7.629236449,-0.037302662,-0.103397298,-98.700431990,0.001693420,0.837433913,0.012376081,6.120247683,2.323413211,-0.681492002,true,OK
1785071828.184947491,0.181754915,0.078188840,8.631659460,7.520505017,-0.027048052,-0.099808131,-95.776597507,0.001140968,0.527489747,0.009277808,4.289296381,2.019598609,-0.937327716,true,OK
1785071829.184952736,0.079180283,0.013519071,8.284552039,7.502695705,-0.015444410,-0.093494708,-91.646588823,0.003100095,0.974580696,0.022988932,7.227058163,2.032028814,-0.719425682,true,OK
1785071830.184963226,0.186379503,0.080626179,8.680034862,7.500994752,-0.002978600,-0.083663788,-88.440234451,0.001196503,0.382572983,0.008929823,2.855244861,1.127483685,-1.031549362,true,OK
1785071831.184968948,0.084589893,0.012743236,8.392574890,7.484459046,0.005392325,-0.062521368,-81.637690818,0.000663054,0.363156116,0.004907937,2.688086343,1.032205709,-0.844160245,true,OK
1785071832.184968948,0.184582466,0.079573923,8.653234683,7.488077666,-0.003808248,-0.074725277,-83.927543487,0.003746852,0.178041140,0.028037731,1.332283669,0.684577130,0.162468942,true,OK
1785071833.185122728,0.085065569,0.009254660,8.334703775,7.445756526,0.034062593,-0.075535257,-84.551490054,0.016372806,0.474365229,0.121127371,3.509393142,1.311795325,-0.313883244,true,OK
1785071834.185038328,0.177563778,0.076755111,8.525933432,7.450170161,0.132389849,-0.033725530,-84.773557580,0.010796290,0.819960581,0.079952201,6.072238881,0.326678685,0.420367674,true,OK
1785071835.185565472,0.083271846,0.009493674,8.219943749,7.458997739,0.211045832,-0.008340415,-86.651755941,0.004018393,0.076616680,0.029670643,0.565715221,-0.829379214,0.132890035,true,OK
1785071836.184958220,0.183643541,0.085856644,8.568142430,7.581580079,0.263704591,0.022895648,-84.472547301,0.018704341,0.967325434,0.138270240,7.150870352,-1.728378217,1.010551461,true,OK
1785071837.185575485,0.084781222,0.019069752,8.289187741,7.581858436,0.369618876,0.083127810,-88.401970445,0.004560276,1.202358861,0.033694064,8.883751270,-1.786386242,-0.344682198,true,OK
1785071838.185004711,0.189557122,0.084427359,8.804752427,7.575010917,0.368935513,0.073998091,-87.014138738,0.002156256,1.337497995,0.015959381,9.899400295,-1.198989861,-1.007504586,true,OK
1785071839.185021162,0.085900828,0.016951722,8.324761594,7.557854943,0.386239647,0.082377013,-79.931611057,0.003555950,0.989920341,0.028953145,8.060098821,-0.977914726,-0.607993723,true,OK
1785071840.185177088,0.186532684,0.084369823,8.665533712,7.557995565,0.390977670,0.086961592,-76.782511606,0.000588768,0.088469326,0.004794365,0.720410309,-1.256005281,-0.643278421,true,OK
1785071841.185635328,0.082159184,0.015514567,8.421999584,7.523746608,0.392154624,0.087575299,-75.712861507,0.000403869,0.367973453,0.002987292,2.721781954,-1.209645989,-0.872453153,true,OK
1785071842.184932947,0.184506726,0.082356772,8.670489683,7.529458398,0.389631987,0.087558669,-72.214206734,0.000390969,0.855007936,0.002894877,6.330790634,-0.775335293,-0.778808867,true,OK
1785071843.185634613,0.085373987,0.014357979,8.375681943,7.521221650,0.382716661,0.085224338,-67.522399103,0.002029981,0.866826992,0.015027686,6.417008098,0.251386172,-0.279755474,true,OK
1785071844.186276197,0.187411758,0.081135390,8.769039162,7.486371585,0.380325106,0.082751534,-63.694078766,0.001611280,0.568551083,0.011930913,4.209904490,0.489300007,-0.404481816,true,OK
1785071845.185099125,0.085743313,0.010894440,8.331314667,7.469030570,0.378008426,0.082287980,-60.727774181,0.000352531,0.204630240,0.002630972,1.527174116,-0.613636947,-0.416857428,true,OK
1785071846.184990406,0.187911895,0.076442302,8.717633927,7.443337309,0.370322180,0.079642787,-57.888299081,0.002121406,0.869081488,0.015702467,6.432867128,-1.992944496,-0.869836477,true,OK
1785071847.184965849,0.075963904,0.022018858,8.098875324,7.606390144,0.366875085,0.074297141,-59.941273485,0.002455443,0.163129423,0.018178182,1.207682640,-2.106942839,0.158642199,true,OK
1785071848.185237169,0.183487950,0.086133730,8.691263482,7.576549395,0.340240903,0.053670493,-54.831437279,0.007974163,1.767132582,0.058960617,13.066102094,-1.338699655,-0.293427924,true,OK
1785071849.184952974,0.086023177,0.019479262,8.480954277,7.541065830,0.341153685,0.072709161,-44.284625391,0.002473332,0.682996345,0.018319853,5.058921533,-1.158629229,-1.139085848,true,OK
1785071850.184972286,0.185195562,0.084104273,8.733558506,7.508292117,0.334666206,0.067422363,-39.392337006,0.002473016,1.191404625,0.018429420,8.878590159,-1.292518462,-1.017804910,true,OK
1785071851.184989214,0.088625012,0.017700800,8.405639082,7.502862410,0.326987769,0.066846988,-35.019589428,0.001757377,0.027976455,0.013016388,0.207213539,-0.668723420,-1.494550507,true,OK
1785071852.185137987,0.179020820,0.084268769,8.588046348,7.484059260,0.324782595,0.066957138,-30.804490421,0.002031706,0.378975821,0.015036277,2.804729247,-0.520926860,-1.055642795,true,OK
1785071853.186524391,0.089808783,0.017161755,8.415670884,7.465449286,0.320215927,0.065970023,-26.902474144,0.001667421,0.170174190,0.012346353,1.260048205,0.059577848,-1.954662608,true,OK
1785071854.184978485,0.186000749,0.081839375,8.646012764,7.462804919,0.313331086,0.041876169,-26.900550319,0.002808704,0.815413756,0.020793449,6.036686476,1.694212095,-1.970803070,true,OK
1785071855.184990406,0.085981455,0.020362874,8.340479243,7.505265295,0.312439999,0.041508860,-21.279337736,0.002307382,0.761047425,0.018792504,6.198360026,1.205601234,-1.610426428,true,OK
1785071856.184951544,0.188992335,0.089984373,8.720928074,7.513565217,0.311040023,0.043891443,-17.484911573,0.001717878,0.580808765,0.012717614,4.299781838,1.408617987,-1.398771993,true,OK
1785071857.184951305,0.085927494,0.024406179,8.375946894,7.491318129,0.305425284,0.047516390,-11.626041577,0.000244773,0.455854349,0.001811599,3.373842212,1.263775434,-1.260504405,true,OK
1785071858.184985161,0.181714004,0.087430073,8.571831265,7.449086743,0.305269477,0.044401562,-10.096261524,0.001129361,0.349985883,0.008347272,2.586795924,1.161767250,-1.328915088,true,OK
1785071859.185005426,0.084447043,0.034610633,8.242084649,7.610496418,0.302430424,0.046897363,-7.753257577,0.000294955,0.323851312,0.002180925,2.394591179,1.119780366,-0.921197143,true,OK
1785071860.184996843,0.188950150,0.099477749,8.771347386,7.554553699,0.299572673,0.058888631,-3.007200957,0.001981397,0.818049196,0.015775610,6.513196655,1.000451728,-1.395106573,true,OK
1785071861.185002089,0.086859104,0.029810010,8.424220097,7.478672978,0.297496944,0.061323934,1.959306958,0.003774046,0.678973577,0.027927047,5.024243231,2.496570478,-1.687784362,true,OK
1785071862.185265303,0.183965698,0.099367899,8.638770780,7.491005294,0.287715165,0.054152175,2.724564981,0.002166305,0.338041270,0.016038068,2.502662103,0.083518627,-1.089909301,true,OK
1785071863.184958935,0.086439057,0.043206695,8.371030515,7.619206467,0.250678018,0.055911794,0.965952233,0.003912704,0.521895822,0.028951560,3.861702482,-0.728915522,-1.944141497,true,OK
1785071864.185108185,0.087932136,0.109584298,8.934921214,7.611866521,0.208824795,0.050074691,2.280817246,0.002210806,0.100870555,0.018265181,0.833369760,-1.030824843,-2.679207950,true,OK
1785071865.184980631,0.084849238,0.038143911,8.164524869,7.528538032,0.194866742,0.048228614,0.958805624,0.002540247,0.027976455,0.018849330,0.207592973,-0.372165199,-2.503962576,true,OK
1785071866.185364008,0.188887354,0.107233051,8.726816003,7.524319324,0.186609388,0.050383377,0.137419274,0.000878043,0.121946558,0.006500786,0.902858452,-0.400512442,-1.329010990,true,OK
1785071867.184966087,0.087779918,0.038701307,8.170963944,7.485231042,0.172966049,0.051868796,-1.154855912,0.001779758,0.098911718,0.013184412,0.732736122,0.692616414,-0.478301071,true,OK
1785071868.185016632,0.190144532,0.105883023,8.490775579,7.495869915,0.166687651,0.045545807,-1.260709954,0.002674161,0.155766359,0.019756668,1.150800096,-1.316323304,-1.048378138,true,OK
1785071869.184904814,0.087723011,0.045811567,8.181073631,7.569260239,0.158531079,0.041415857,-1.524802033,0.000811040,0.132704012,0.006004600,0.982484527,0.979268760,0.620899652,true,OK
1785071870.184987545,0.088800896,0.114007780,8.825440302,7.579299038,0.159001712,0.041414868,-1.710801457,0.001095998,0.134170395,0.008927192,1.092853308,0.827932019,0.850226689,true,OK
1785071871.184966803,0.085372412,0.046755011,8.010484399,7.534192759,0.155251455,0.041063982,-1.416984729,0.001081965,0.106531181,0.008007800,0.788454870,0.797674101,0.817332127,true,OK
1785071872.185279369,0.080951059,0.112508200,8.574606134,7.494252041,0.157816980,0.042065606,-1.778387833,0.000641624,0.000000000,0.004738087,0.000000000,0.848733715,0.776360883,true,OK
1785071873.185017109,0.086861436,0.045038343,7.954989674,7.471408681,0.160354319,0.044044192,-1.770786907,0.000992662,0.115349902,0.007321610,0.850789886,0.903409864,0.809424477,true,OK
1785071874.184985638,0.081744061,0.111884361,8.364488570,7.191051480,0.143353099,0.038687386,-0.316447867,0.000470960,0.115349902,0.003489787,0.854736654,0.819969659,0.422868526,true,OK
1785071875.185714006,0.086782920,0.056558547,7.943302471,7.521531133,0.148101496,0.040551262,-0.432245398,0.000368288,0.110143430,0.002990024,0.894223263,0.792158952,0.429681522,true,OK
1785071876.184957266,0.082762114,0.122191869,8.623796671,7.538267667,0.146035068,0.039199467,-0.140079374,0.000160706,0.233230523,0.001187413,1.723277517,0.787682190,0.455443720,true,OK
1785071877.185075045,0.085120417,0.052511631,7.925682593,7.479892098,0.145951107,0.039582299,0.010612448,0.000397783,0.065610604,0.002907730,0.479602693,0.769161715,0.430612868,true,OK
1785071878.184958458,0.086301077,0.121047097,8.693533820,7.483555797,0.145696789,0.039538241,0.005831743,0.001115801,0.096913294,0.008293309,0.720318607,0.819158187,0.457124774,true,OK
1785071879.185261726,0.085173342,0.064320035,7.961229603,7.568843672,0.145344970,0.039532579,0.107178883,0.000618604,0.131221234,0.005041535,1.069434263,0.795670999,0.456087450,true,OK
1785071880.185002327,0.083119921,0.128851657,8.606191834,7.535562086,0.144908710,0.039055198,-0.148530859,0.000463529,0.128204252,0.003429461,0.948531295,0.776625449,0.450804671,true,OK
1785071881.184998512,0.086468722,0.062479183,7.909055831,7.520368597,0.145685708,0.039639419,-0.183113154,0.000104847,0.121946558,0.000774212,0.900477926,0.822835239,0.420527539,true,OK
1785071882.184951067,0.079061580,0.126465150,8.514956340,7.477422795,0.145892733,0.040681162,-0.178132146,0.000182185,0.126668806,0.001345494,0.935487395,0.834537205,0.355805229,true,OK
1785071883.186397076,0.086696884,0.062203153,7.916634232,7.479758956,0.146041098,0.039761126,-0.151371738,0.000256098,0.392170386,0.001898111,2.906633000,0.803322343,0.440766337,true,OK
1785071884.184981823,0.087641938,0.004174302,8.732400713,7.565017285,0.146701325,0.038862429,-0.467907427,0.000262478,0.052339156,0.002136027,0.425932767,0.746774902,0.402589969,true,OK
1785071885.185103655,0.087568773,0.071126485,7.936807087,7.536811870,0.147469862,0.039634079,0.192967984,0.000267125,0.123540700,0.001980759,0.916067206,0.842828108,0.529678705,true,OK
1785071886.184937716,0.084714017,0.002505837,8.433350339,7.506555045,0.146027584,0.039582196,-0.064061553,0.000554090,0.123540700,0.004045233,0.901930617,0.697846219,0.497358610,true,OK
1785071887.184972525,0.089602102,0.068919623,7.856270893,7.509477009,0.147304426,0.038804851,0.118110041,0.001383927,0.118694067,0.010452888,0.896504012,0.815369693,0.475073370,true,OK
1785071888.185016632,0.081025910,0.000906259,8.601377389,7.488420287,0.148558818,0.038421519,-0.005709576,0.000901616,0.134170395,0.006673972,0.993160052,0.857087429,0.466564235,true,OK
1785071889.184936285,0.083349434,0.078416241,7.905015319,7.603266266,0.149521289,0.039819328,0.145765677,0.001112160,0.301964691,0.008241333,2.237619104,0.892777247,0.422878000,true,OK
1785071890.184952736,0.079682696,0.010688778,8.460233178,7.537144865,0.150428493,0.040096068,0.023556991,0.000230702,0.115349902,0.001707426,0.853706137,0.856583372,0.436685072,true,OK
1785071891.185067892,0.185346797,0.074195551,8.868977492,7.474990718,0.150692578,0.039845575,-0.333716536,0.000657701,0.332202472,0.004864032,2.456804815,0.809637792,0.460194647,true,OK
1785071892.185529947,0.084431468,0.008571193,8.576930803,7.461710515,0.150505505,0.039620283,-0.204091205,0.001108091,0.289391006,0.008199665,2.141438842,0.850509719,0.450980116,true,OK
1785071893.186802149,0.183442170,0.076558261,8.656703880,7.467840040,0.150747760,0.039352288,0.143694784,0.000302427,0.247872207,0.002234687,1.831572005,0.793173033,0.446435825,true,OK
1785071894.185280323,0.082950776,0.019822496,8.338673025,7.573305907,0.150759194,0.038381137,-0.087407508,0.000233985,0.155766359,0.001926792,1.282688302,0.784754937,0.454768933,true,OK
1785071895.184964895,0.180219329,0.084987104,8.601212905,7.550716448,0.151690307,0.038308639,-0.322873151,0.000275044,0.081564685,0.002236276,0.663171554,0.874339302,0.450507052,true,OK
1785071896.184893370,0.086512073,0.016361901,8.330081777,7.513586085,0.152355295,0.039795270,0.071587656,0.000937088,0.142652530,0.006933575,1.055495212,0.807443564,0.478405794,true,OK
1785071897.184978962,0.186170854,0.081696673,8.637070173,7.480996977,0.151714757,0.040159142,0.277911985,0.000196816,0.747296173,0.001457523,5.534115599,0.833154582,0.455218222,true,OK
1785071898.185037613,0.084248008,0.027125770,8.335714362,7.627505305,0.151719790,0.039328253,-0.611033327,0.000543692,0.336300265,0.004005164,2.477392050,0.835339882,0.467611041,true,OK
1785071899.185016155,0.183540519,0.094463185,8.610344582,7.580866501,0.152878229,0.038837069,-0.205044415,0.001142749,0.111905833,0.009311800,0.911875588,0.863000427,0.494692711,true,OK
1785071900.185181856,0.086967286,0.025578209,8.358323792,7.523317640,0.152908172,0.038893429,-0.042363740,0.000413357,0.134170395,0.003060415,0.993372750,0.830174851,0.463481756,true,OK
1785071901.185117245,0.186728564,0.087193873,8.727961146,7.440221600,0.149492647,0.036552965,-0.152026842,0.002076478,0.155766359,0.015382942,1.153946844,0.791323015,0.462893540,true,OK
1785071902.184910536,0.086679939,0.035779756,8.364453352,7.633759291,0.143177271,0.030686695,-0.257904465,0.000814782,0.327456451,0.006194179,2.489406100,0.846050193,0.448455842,true,OK
1785071903.184945345,0.187070668,0.100200584,8.696780517,7.548990212,0.146357316,0.032640094,-0.812985754,0.000550585,0.113640914,0.004479854,0.924642527,0.846748185,0.319272161,true,OK
1785071904.185325384,0.082491638,0.033101794,8.300952122,7.503679478,0.143816668,0.034272288,0.271565403,0.000740564,0.126668806,0.005482421,0.937733254,0.839759372,0.274044444,true,OK
1785071905.184975863,0.183805884,0.099887813,8.718065748,7.507624527,0.142405566,0.029510763,0.300982348,0.001328572,0.092787413,0.009833740,0.686787785,0.866161414,0.554295354,true,OK
1785071906.185103178,0.085431558,0.031902652,8.436469201,7.490827485,0.145755434,0.037094368,-1.058262024,0.000653862,0.100870555,0.004909832,0.757434551,0.917931373,0.666407429,true,OK
1785071907.184984207,0.185194485,0.098385048,8.696829214,7.469045301,0.145072134,0.034813767,-1.079035133,0.001505385,0.059347027,0.011151889,0.439642552,0.905864436,0.696789349,true,OK
1785071908.187320948,0.088754600,0.044568352,8.339444744,7.571196789,0.143682530,0.030122440,-0.976413802,0.000398981,0.249446032,0.003248696,2.031108696,0.852900320,0.711983932,true,OK
1785071909.184940815,0.086584941,0.107522895,8.884667097,7.519695470,0.143831538,0.029266219,-1.179508449,0.000485013,0.108352360,0.003548133,0.792655502,0.906248354,0.694240097,true,OK
1785071910.185337305,0.089227979,0.035950512,8.045008964,7.459159383,0.142834679,0.032240874,-1.013760776,0.000521913,0.055952910,0.003872144,0.415122694,0.934640013,0.715693561,true,OK
1785071911.184989691,0.186186612,0.104944763,8.395636177,7.467698089,0.142553495,0.032036119,-0.868897559,0.000805630,0.398112730,0.005964636,2.947503606,0.889838629,0.731716909,true,OK
1785071912.185448885,0.081563267,0.051515077,7.909043213,7.608533202,0.143148699,0.029782733,-1.250290450,0.000917012,0.123540700,0.006788353,0.914533276,0.899127425,0.707978406,true,OK
1785071913.185004234,0.083035200,0.117298988,8.576510904,7.561474108,0.143444168,0.032040639,-1.391515830,0.000212456,0.106531181,0.001577024,0.790761497,0.907211499,0.690018406,true,OK
1785071914.186259747,0.089499102,0.050378656,7.952462013,7.509772904,0.143015554,0.033403675,-1.276929122,0.000445125,0.151951085,0.003295182,1.124867475,0.930029110,0.682360530,true,OK
1785071915.184975863,0.084661203,0.114711319,8.586749455,7.483011187,0.141770850,0.034678779,-1.379693427,0.000940363,0.315899051,0.006989171,2.347893682,0.907713293,0.693034475,true,OK
1785071916.186295509,0.086992581,0.047675046,7.905210077,7.463410610,0.143551349,0.034424666,-1.275457496,0.000829858,0.071326251,0.006140917,0.527811437,0.962706918,0.708922739,true,OK
1785071917.184981346,0.083647076,0.125736461,8.659038487,7.606269583,0.141340003,0.023096461,-1.585336402,0.003575970,0.183453959,0.029023325,1.488951090,0.959891398,0.708589304,true,OK
1785071918.184990883,0.088027911,0.056362865,7.992217179,7.527472905,0.136786206,0.018965390,-1.393847673,0.002583182,0.118694067,0.019179009,0.881252250,0.921391496,0.735021217,true,OK
1785071919.184995174,0.082441102,0.122949093,8.575798011,7.507259534,0.138057144,0.023933675,-1.438732281,0.001521745,0.076616680,0.011361389,0.572022341,0.896478973,0.755657236,true,OK
1785071920.184991121,0.088354034,0.055140965,7.931501903,7.476608661,0.139427031,0.024031368,-1.621239038,0.000466138,0.117033931,0.003460131,0.868740475,0.996532710,0.708505766,true,OK
1785071921.185700655,0.085676941,0.133548354,8.681353649,7.610566777,0.141244602,0.023265119,-1.498489116,0.000926615,0.161925496,0.007606955,1.329310989,0.808344222,0.196612934,true,OK
1785071922.185384274,0.090122404,0.066073090,8.027149802,7.537715810,0.138999422,0.024229228,-0.051556542,0.001565805,0.104678325,0.011607973,0.776024484,0.844530254,0.277210086,true,OK
1785071923.184973717,0.083505283,0.131445360,8.699604446,7.497884409,0.140543899,0.025354299,-0.485923557,0.000512940,0.098911718,0.003795649,0.731925450,0.752463304,0.341258014,true,OK
1785071924.185004234,0.083150939,0.076193045,8.020497337,7.623792736,0.141468124,0.025042563,-0.650585904,0.000465300,0.110143430,0.003417511,0.808975426,0.849431024,0.325699872,true,OK
1785071925.185016870,0.085642960,0.006121632,8.721160089,7.522056712,0.141056122,0.025153580,-0.447540228,0.000236680,0.086229231,0.001753000,0.638667106,0.898741546,0.348397963,true,OK
1785071926.185020924,0.186019782,0.074259475,8.929737605,7.508920042,0.137710012,0.024703563,-0.539173859,0.000859372,0.059347027,0.006357025,0.439007252,0.931454693,0.304372508,true,OK
1785071927.184966564,0.078256762,0.004068823,8.369598404,7.459424903,0.136322830,0.024101684,-0.680092241,0.000978698,0.198810171,0.007249706,1.472686635,0.769634952,0.325063225,true,OK
1785071928.186345100,0.088697693,0.073727634,7.808245734,7.480751969,0.137413024,0.024674966,-0.649623739,0.000530141,0.104678325,0.003914056,0.772844723,0.778480750,0.352390891,true,OK
1785071929.184905291,0.088850968,0.015547510,8.465094275,7.549036709,0.139674736,0.026154726,-0.622271925,0.000926417,0.186626315,0.006866329,1.383219648,0.817692906,0.374445977,true,OK
1785071930.185061693,0.183981508,0.082581894,8.673983601,7.517471112,0.139217679,0.025904774,-0.546886980,0.000570080,0.141274205,0.004165074,1.032166933,0.838704560,0.404640018,true,OK
1785071931.184977770,0.088853264,0.012605664,8.341821154,7.463085040,0.138592814,0.024634738,-0.565119108,0.001838831,0.019782341,0.013608443,0.146401116,0.820208827,0.412202167,true,OK
1785071932.185415268,0.187573397,0.093094250,8.637334368,7.626458832,0.139509612,0.024592656,-0.672968217,0.000621035,0.419647756,0.004604516,3.111376581,0.799446347,0.416794783,true,OK
1785071933.185109138,0.086764567,0.023812320,8.355781360,7.533410806,0.139860856,0.025715839,-0.405700647,0.000180332,0.120331298,0.001334972,0.890794990,0.791975969,0.411577924,true,OK
1785071934.187145948,0.185571532,0.089551768,8.595975716,7.483661567,0.139917269,0.024933119,-0.785686829,0.000675145,0.144017660,0.004980675,1.062445416,0.838070585,0.413648090,true,OK
1785071935.184991598,0.087705732,0.034715723,8.358983274,7.640514343,0.139236311,0.023756945,-0.985991524,0.000351429,0.115349902,0.002586261,0.848891405,0.910195399,0.378087740,true,OK
1785071936.184936285,0.186424217,0.101111787,8.741587782,7.575171236,0.138530440,0.025985021,-0.956540229,0.000957006,0.221173438,0.007785700,1.799350550,0.870418038,0.405181406,true,OK
1785071937.184972525,0.082264938,0.032069407,8.259073909,7.514849437,0.138680531,0.025440332,-0.794922192,0.000710417,0.104678325,0.005253828,0.774139050,0.846919766,0.400230505,true,OK
1785071938.184958220,0.183947768,0.098906666,8.654630745,7.488939565,0.138263066,0.025465042,-0.999498757,0.001254411,0.055952910,0.009347112,0.416927280,0.792579764,0.419772962,true,OK
1785071939.186293602,0.087668566,0.044323005,8.487846994,7.568923371,0.139381769,0.026191367,-0.977814764,0.000852880,0.125114538,0.006942876,1.018496284,0.814587155,0.398263567,true,OK
1785071940.186304331,0.188866741,0.110603960,8.826979434,7.539075603,0.138338071,0.027871549,-0.997447412,0.000390032,0.239031114,0.002889371,1.770753041,0.811998497,0.396781019,true,OK
1785071941.185027838,0.082223087,0.040679487,8.051357028,7.476357622,0.138733913,0.027396574,-0.750095547,0.000530448,0.071326251,0.003930694,0.528537160,0.895329891,0.376212760,true,OK
1785071942.184935570,0.084397653,0.119023285,8.653655896,7.605283522,0.139148897,0.026934412,-0.901784783,0.000243654,0.108352360,0.001991786,0.885741515,0.807628096,0.431450394,true,OK
1785071943.184912443,0.089687580,0.050303436,7.978082217,7.530098307,0.139213623,0.027624651,-0.664687133,0.001141909,0.251009959,0.008438966,1.855020916,0.797199436,0.431000539,true,OK
1785071944.184966803,0.083667224,0.117828347,8.627902853,7.495923939,0.138172329,0.028414570,-0.542664069,0.000147037,0.113640914,0.001088352,0.841160390,0.811021621,0.406830373,true,OK
1785071945.185032368,0.081743615,0.060769070,7.929966121,7.597551303,0.139790963,0.026996358,-0.588010282,0.001783404,0.251009959,0.013189991,1.856460178,0.844603022,0.408136770,true,OK
1785071946.184995413,0.087938653,0.128242297,8.757150899,7.574960473,0.139366022,0.027574199,-0.513093539,0.000345483,0.071326251,0.002555828,0.527660245,0.865895390,0.421252504,true,OK
1785071947.185585976,0.087187484,0.060709183,7.980585225,7.528349270,0.139439016,0.028052424,-0.163240357,0.000952022,0.074018747,0.006958715,0.541032911,0.927150386,0.354986661,true,OK
1785071948.184943676,0.080367144,0.123689817,8.673751296,7.467038263,0.138012228,0.028837186,-0.141311370,0.000468936,0.019782341,0.003467396,0.146274024,0.749488463,0.472260991,true,OK
1785071949.185035229,0.087265871,0.070385851,7.940482853,7.625756694,0.138141381,0.027421422,-0.193078801,0.000401907,0.019782341,0.002977041,0.146533396,0.799732661,0.379241976,true,OK
1785071950.185000658,0.087580124,0.000887871,8.668207824,7.530863753,0.139258139,0.028035456,-0.251288054,0.000669797,0.131221234,0.004927987,0.965452092,0.832141637,0.391723395,true,OK
1785071951.184979677,0.084355709,0.068452503,7.967883130,7.516047054,0.138816703,0.028817499,0.018620782,0.000294055,0.137056110,0.002154495,1.004189897,0.861280992,0.390789815,true,OK
1785071952.184991598,0.090133367,0.009701095,8.608950006,7.594820099,0.138531149,0.028500564,-0.329084706,0.000916870,0.131221234,0.006781918,0.970619488,0.774634493,0.431956981,true,OK
1785071953.184996605,0.181030607,0.078578256,8.756909285,7.573737379,0.140477030,0.028082670,-0.391710990,0.000513760,0.220286968,0.004209865,1.805081516,0.858481454,0.422491300,true,OK
1785071954.185263395,0.083676649,0.010059513,8.323826745,7.511976252,0.141213692,0.028510021,-0.234195541,0.000907798,0.019782341,0.006719817,0.146435394,0.771811769,0.430939376,true,OK
1785071955.185018778,0.183319448,0.072992631,8.653667454,7.452615998,0.140872788,0.029282596,-0.242982324,0.000485571,0.094872788,0.003594419,0.702292009,0.796215239,0.397817685,true,OK
1785071956.185016155,0.087375869,0.020730976,8.459246135,7.617951502,0.141081632,0.028974199,-0.222340979,0.000284683,0.135620930,0.002104391,1.002515911,0.836381426,0.396506011,true,OK
1785071957.184998989,0.178912929,0.084461022,8.524289342,7.538041121,0.142523511,0.028888244,-0.115752525,0.001121951,0.139882314,0.009133946,1.138799892,0.781079289,0.473066720,true,OK
1785071958.188486814,0.089399716,0.022401682,8.396327187,7.518989485,0.142702056,0.029634315,-0.159165803,0.000092308,0.019782341,0.000685153,0.146833719,0.819537410,0.411002049,true,OK
1785071959.186001778,0.186985205,0.085977157,8.701289795,7.486420382,0.142668175,0.029223761,-0.226264525,0.000774785,0.019782341,0.005730433,0.146313271,0.838255301,0.402816120,true,OK
1785071960.185045004,0.084964011,0.022891061,8.339505687,7.520113026,0.143361564,0.027963637,-0.283400859,0.000212640,0.123540700,0.001715593,0.996735558,0.831770278,0.372345570,true,OK
1785071961.184995413,0.183661256,0.095970431,8.599345632,7.548969417,0.142403117,0.028397763,0.078963569,0.000696418,0.108352360,0.005172069,0.804697227,0.884788375,0.376988270,true,OK
1785071962.186318398,0.086574829,0.027955881,8.375122734,7.484471234,0.140082802,0.028280955,0.229113425,0.000297598,0.118694067,0.002197736,0.876544441,0.821247009,0.370947369,true,OK
1785071963.187335014,0.190159527,0.090965998,8.963180847,7.420002838,0.140667343,0.029161766,-0.215883865,0.001240891,0.123540700,0.009189109,0.914849823,0.789829699,0.383739500,true,OK
1785071964.185011864,0.087034376,0.034849609,8.700849794,7.547243737,0.141206397,0.030139747,-0.217973883,0.000141880,0.208420008,0.001152675,1.693266331,0.779949148,0.367518601,true,OK
1785071965.185566425,0.173625557,0.102576608,8.800758886,7.564168818,0.143852263,0.031429502,-0.001804966,0.000560230,0.090654086,0.004562592,0.738300146,0.829162184,0.383465810,true,OK
1785071966.184978247,0.083190918,0.034129809,8.401347220,7.545522607,0.146906385,0.031664099,0.255030597,0.001496766,0.403967670,0.012162693,3.282633443,0.801508976,0.407455495,true,OK
1785071967.184976578,0.187085128,0.102267244,8.686481348,7.560678098,0.143580758,0.029115088,-0.172671106,0.001587954,0.000000000,0.012937534,0.000000000,0.747028873,0.399905392,true,OK
1785071968.185007572,0.084522428,0.033579616,8.298007895,7.516053372,0.143247803,0.028136331,0.101146455,0.000113392,0.128204252,0.000841101,0.950971660,0.887807170,0.373944863,true,OK
1785071969.184987545,0.186483216,0.098067480,8.670864544,7.471388920,0.143384265,0.028754096,-0.038431755,0.000062014,0.117033931,0.000458940,0.866116251,0.733480325,0.263117474,true,OK
1785071970.185118198,0.086636884,0.030673380,8.375832504,7.452144735,0.141587434,0.029270248,0.542470951,0.000823944,0.389667682,0.006097519,2.883698523,0.787164341,0.324295707,true,OK
1785071971.185011864,0.084479707,0.110613829,8.848582226,7.616887853,0.142443587,0.028955973,-0.042460820,0.000412090,0.104678325,0.003358118,0.853023120,0.762763145,0.309569649,true,OK
1785071972.185065031,0.080679267,0.038909728,8.110459571,7.521327867,0.142996173,0.029256659,0.054563712,0.000623488,0.183453959,0.004613350,1.357422764,0.820991806,0.335874856,true,OK
1785071973.185093403,0.085690977,0.106864407,8.761010302,7.498044934,0.142690076,0.030043030,0.303094449,0.000502907,0.115349902,0.003704611,0.849711958,0.808642244,0.359728851,true,OK
1785071974.185186386,0.082247160,0.039543363,8.076327656,7.491165947,0.140805061,0.030132545,-0.142904736,0.000762634,0.142652530,0.005744970,1.074610626,0.804397355,0.470399516,true,OK
1785071975.184996367,0.188454896,0.103588236,8.452248395,7.450331210,0.143328216,0.030322779,-1.578465021,0.000632298,0.102792073,0.004707842,0.765349330,0.925161914,0.694591603,true,OK
1785071976.185631752,0.085523388,0.048130092,8.003355136,7.544418403,0.142687632,0.032397380,-1.270519069,0.001457889,0.123540700,0.011860699,1.005068708,0.944365633,0.712846062,true,OK
1785071977.184944391,0.088451754,0.116864644,8.718072850,7.543614169,0.142384719,0.032584595,-1.190200295,0.000629447,0.019782341,0.004672049,0.146833860,0.934414240,0.724982211,true,OK
1785071978.184979439,0.065408529,0.046457200,7.803223017,7.471587937,0.142513793,0.032012979,-1.145842118,0.000351349,0.121946558,0.002597113,0.901408680,0.925595133,0.726843629,true,OK
1785071979.184972286,0.086226874,0.114894129,8.746455634,7.476413293,0.142774017,0.033503406,-1.356029076,0.000452480,0.044234660,0.003350128,0.327510436,0.884142977,0.729399637,true,OK
1785071980.186772585,0.040576878,0.045931249,7.930633081,7.480028651,0.141823923,0.034209125,-1.356723744,0.000950431,0.415430061,0.007039099,3.076765311,0.864287115,0.705171360,true,OK
1785071981.185008526,0.083359396,0.112029264,8.936669332,7.458452974,0.142541710,0.033871793,-1.442227534,0.000361076,0.138476416,0.002673335,1.025250648,0.906326206,0.709929978,true,OK
1785071982.184910774,0.084262359,0.054743954,7.988203691,7.521897761,0.143911985,0.032797269,-1.353035775,0.001110683,0.276245614,0.008201689,2.039898159,0.956181478,0.710333466,true,OK
1785071983.184963942,0.081886927,0.134152655,8.590769597,7.583767669,0.143554725,0.032692803,-1.713623580,0.000672488,0.138476416,0.005035305,1.036852804,0.937348117,0.730559849,true,OK
1785071984.185087204,0.084169528,0.067101994,8.046664308,7.525495956,0.141563558,0.034008588,-1.713339079,0.000353462,0.111905833,0.002609193,0.826068518,0.886341284,0.746413501,true,OK
1785071985.185011148,0.087303889,0.010011866,8.673962515,7.608696327,0.142725979,0.033604246,-1.758487530,0.000720573,0.000000000,0.005297530,0.000000000,0.955715558,0.726130738,true,OK
1785071986.184983492,0.188478488,0.077020677,8.874995027,7.551793580,0.142660946,0.033454238,-1.725439768,0.000556744,0.092787413,0.004097719,0.682929051,0.930367205,0.728758856,true,OK
1785071987.184993267,0.088447439,0.008260292,8.407320836,7.497749336,0.142651997,0.033615467,-1.656224347,0.000537565,0.257170656,0.003982176,1.905070161,0.897648897,0.715656189,true,OK
1785071988.185011148,0.186803931,0.085480093,8.696805873,7.563337814,0.142873040,0.034534367,-1.487123898,0.000482487,0.217605878,0.003924844,1.770138240,0.882313511,0.713431423,true,OK
1785071989.184926748,0.086742771,0.031168463,8.361313781,7.617250591,0.142818096,0.034258643,-2.021792377,0.000504424,0.039564681,0.004162181,0.326462468,0.930494862,0.750290991,true,OK
1785071990.184963942,0.081800429,0.109235766,8.877652337,7.644400632,0.143884160,0.034016276,-2.027156070,0.000288277,0.352215113,0.002339409,2.858275094,0.919955174,0.730056077,true,OK
1785071991.184976101,0.084376152,0.054180855,8.098169502,7.653149758,0.144223625,0.033658619,-1.606477915,0.002016840,0.157017511,0.014947617,1.163720430,0.930187376,0.681642220,true,OK
1785071992.184962273,0.086422462,0.132825016,8.726260608,7.677804183,0.142969224,0.033921992,-1.938199833,0.000669088,0.154505069,0.005448259,1.258105282,0.920671523,0.715334911,true,OK
1785071993.184990644,0.085640293,0.077113656,8.001922616,7.665304789,0.142919351,0.033525545,-2.012112238,0.000909797,0.203671772,0.006735902,1.507934025,0.940217846,0.730877414,true,OK
1785071994.185043097,0.086531886,0.019913901,8.524316566,7.644132101,0.142606884,0.033934404,-1.730420295,0.001085405,0.319593916,0.008031940,2.364977166,0.900847605,0.723105375,true,OK
1785071995.184971571,0.186634101,0.085322596,8.704988055,7.511963684,0.142793203,0.034256127,-1.483922230,0.000522516,0.401538497,0.003864258,2.969568751,0.897166745,0.723298894,true,OK
1785071996.184936762,0.087822267,0.030654603,8.368099881,7.518468784,0.142374788,0.033822491,-1.978354621,0.000656670,0.144017660,0.004861053,1.066102353,0.934899096,0.706619415,true,OK
1785071997.184951067,0.088418217,0.109674978,8.765692544,7.552443262,0.143657432,0.033252910,-1.939065679,0.000467629,0.145369958,0.003463115,1.076565607,0.961127031,0.725454945,true,OK
1785071998.185001135,0.087572161,0.052948510,7.988459751,7.532447560,0.143035720,0.033791355,-1.472114220,0.000203560,0.113640914,0.001505550,0.840501179,0.994891919,0.713363950,true,OK
1785071999.184966803,0.087576827,0.129147704,8.714592610,7.532243313,0.143178794,0.034427170,-1.619202397,0.000469319,0.216704814,0.003471654,1.603012211,0.935804784,0.699521842,true,OK
1785072000.185002565,0.188021812,0.075540578,9.027379834,7.558992550,0.142372996,0.033705310,-1.763135107,0.001565623,0.295413686,0.011573817,2.183836282,0.906840267,0.712937391,true,OK
1785072001.184966564,0.086142246,0.019916456,8.416579064,7.566741647,0.143007079,0.033740845,-1.923503160,0.000260269,0.224684355,0.001925194,1.661975301,0.899387958,0.696806549,true,OK
1785072002.184992790,0.285201440,0.098055257,8.370906229,7.581199183,0.143096543,0.034477584,-1.684892035,0.000229771,0.044234660,0.001871861,0.360364416,0.896210672,0.716087696,true,OK
1785072003.185157537,0.086182893,0.042271158,8.073755007,7.566862158,0.142372584,0.034284553,-1.777290561,0.000670651,0.074018747,0.004965203,0.548001638,0.915164505,0.718185266,true,OK
1785072004.184972286,0.087068115,0.121590064,8.786666491,7.614307631,0.143175670,0.033683492,-1.701699710,0.000399062,0.086229231,0.002956627,0.638866544,0.941977523,0.720367298,true,OK
1785072005.184967756,0.085291467,0.065220163,7.983472264,7.603729257,0.144385629,0.034129496,-1.668535326,0.000610849,0.111905833,0.004974022,0.911226862,0.947459310,0.686711357,true,OK
1785072006.184986830,0.085533517,0.007686415,8.680686682,7.556307796,0.143434142,0.034858720,-1.591209579,0.000356469,0.065610604,0.002635817,0.485141126,0.897881696,0.713848475,true,OK
1785072007.184992075,0.187655672,0.085758495,8.855025445,7.583425858,0.143168587,0.034909857,-2.009553270,0.000767405,0.126668806,0.006243864,1.030619511,0.939420742,0.710606327,true,OK
1785072008.184992075,0.087970781,0.031645009,8.431261314,7.580978054,0.145148614,0.034313683,-1.663599639,0.000630845,0.385629546,0.004669092,2.854171392,0.934297907,0.706378114,true,OK
1785072009.184892178,0.088444272,0.110275725,8.958855757,7.608369416,0.144419706,0.035305058,-1.877915651,0.000170069,0.108352360,0.001258836,0.802012658,0.915153141,0.737249376,true,OK
1785072010.184966087,0.087688306,0.054423461,8.008088846,7.587258225,0.144828844,0.035906892,-1.735634413,0.001429017,0.055952910,0.010569204,0.413835359,0.904821805,0.720148921,true,OK
1785072011.184973478,0.087530587,0.132648038,8.702787647,7.605087418,0.144106150,0.036653050,-1.767043871,0.001413873,0.248660374,0.010537921,1.853323367,0.885740041,0.713827662,true,OK
1785072012.184990168,0.188168495,0.077042749,8.947874562,7.609052695,0.144722535,0.036311438,-1.708741757,0.000077262,0.102792073,0.000629878,0.838010951,0.948919403,0.698175750,true,OK
1785072013.184995174,0.088412087,0.019798903,8.484383412,7.564260359,0.144685860,0.036746241,-1.431834189,0.001201908,0.360452001,0.009063089,2.718019332,0.882082476,0.720282346,true,OK
1785072014.184986591,0.185708620,0.099141290,8.674810583,7.607704713,0.143975092,0.036900504,-1.330413685,0.001017537,0.104678325,0.008290205,0.852848095,0.940061128,0.719939967,true,OK
1785072015.185133219,0.086801324,0.043407968,8.170282707,7.576074072,0.145498978,0.035683954,-1.773635409,0.000358268,0.052339156,0.002654454,0.387787484,0.893200031,0.708477812,true,OK
1785072016.184940338,0.086785899,0.122165515,8.719728066,7.607559397,0.145173352,0.035768146,-1.215970487,0.000151579,0.374300129,0.001124551,2.776898073,0.925986780,0.691521729,true,OK
1785072017.184988260,0.085417927,0.065707745,7.923814352,7.577887653,0.144641702,0.036403060,-1.228775504,0.000502838,0.371677097,0.003742261,2.766125724,0.894514509,0.705651456,true,OK
1785072018.184995413,0.086104506,0.009538820,8.600873665,7.565382954,0.144126612,0.037107745,-1.242186166,0.000441857,0.148037520,0.003265516,1.094062070,0.912572791,0.700757118,true,OK
1785072019.184978485,0.184878711,0.085998971,8.692162065,7.554158345,0.144204389,0.036577141,-1.543246243,0.000725975,0.118694067,0.005363407,0.876896167,0.944834613,0.732232870,true,OK
1785072020.184989691,0.086198208,0.031768821,8.355829242,7.563015322,0.145012380,0.037035559,-1.387390685,0.000279123,0.104678325,0.002066226,0.774886986,0.956840671,0.701982502,true,OK
1785072021.184974194,0.088083205,0.110895805,8.969788110,7.606412131,0.144643231,0.037410483,-1.039448832,0.000087722,0.034264021,0.000648663,0.253366546,0.929103218,0.730704978,true,OK
1785072022.185181856,0.087678251,0.052006752,7.987423542,7.544672623,0.144480663,0.037374457,-0.852726368,0.000223511,0.088469326,0.001662176,0.657916232,0.940015548,0.715662160,true,OK
1785072023.185496569,0.088164352,0.134552888,8.700502146,7.610924445,0.144732412,0.037685777,-1.044153955,0.000689610,0.102792073,0.005109083,0.761551518,0.942528178,0.718285758,true,OK
1785072024.184988260,0.187457342,0.077412687,8.966192837,7.573779724,0.145850320,0.037928401,-0.952241387,0.000828538,0.118694067,0.006134029,0.878744434,0.955465815,0.713797538,true,OK
1785072025.185009003,0.086977581,0.021344241,8.386576044,7.566892553,0.145139015,0.038307988,-1.006975875,0.000710952,0.138476416,0.005262928,1.025092254,0.943215616,0.706914305,true,OK
1785072026.185226917,0.185962688,0.099208622,8.668183243,7.560432996,0.145130863,0.037637929,-1.325165280,0.000999315,0.126668806,0.007400184,0.938015402,0.891644521,0.721730651,true,OK
1785072027.184969664,0.086819120,0.044030436,8.180714423,7.542142197,0.145482912,0.037391671,-1.432143405,0.000709636,0.094872788,0.005256662,0.702774467,0.970950651,0.710561020,true,OK
1785072028.185001612,0.086515590,0.122900704,8.726872032,7.569735919,0.145030775,0.037527203,-1.211790983,0.000897494,0.115349902,0.006654613,0.855280634,0.985782242,0.718809093,true,OK
1785072029.184899807,0.084809459,0.066597171,7.947477726,7.546659960,0.145663477,0.037957696,-1.151184140,0.000524778,0.146709809,0.003883832,1.085785160,0.962432728,0.689516400,true,OK
1785072030.184958696,0.088481678,0.021987098,8.463409328,7.675975327,0.145559495,0.037066310,-1.152574194,0.000673380,0.131221234,0.004971861,0.968863872,0.902932428,0.758872181,true,OK
1785072031.184986591,0.189134419,0.088935169,8.735658009,7.537468172,0.146517403,0.037900121,-1.333803332,0.000907490,0.118694067,0.006715849,0.878391230,0.955054858,0.726659142,true,OK
1785072032.184974909,0.087691640,0.045189987,8.391927097,7.666808873,0.146968965,0.037381373,-1.483278877,0.000555229,0.281855253,0.004108777,2.085770612,0.919824816,0.725339127,true,OK
1785072033.185030460,0.087817563,0.124022884,8.766646678,7.690449905,0.146511524,0.037584235,-1.610802694,0.000396274,0.126668806,0.003230271,1.032555176,0.918578224,0.728842809,true,OK
1785072034.184979439,0.084085899,0.067858071,7.986012867,7.693580730,0.147177348,0.037121211,-1.564141036,0.000483639,0.409261120,0.003523300,2.981461038,0.948437797,0.726267391,true,OK
1785072035.184970140,0.085746883,0.011659516,8.664701693,7.629893832,0.147149709,0.037512563,-1.744075506,0.000212857,0.377941768,0.001730391,3.072423527,0.932196725,0.721737242,true,OK
1785072036.184919596,0.186056853,0.087981837,8.726646103,7.629920294,0.146740457,0.038069385,-1.585426927,0.000122173,0.098911718,0.000904475,0.732266221,0.917305902,0.730443959,true,OK
1785072037.184969187,0.084922308,0.032930963,8.327902612,7.618312910,0.146885356,0.037919124,-1.859597637,0.000908290,0.088469326,0.007425659,0.723274622,0.913763053,0.720053727,true,OK
1785072038.184968233,0.085516166,0.112925429,8.934808207,7.658414869,0.146062213,0.036705765,-2.184513493,0.000127582,0.034264021,0.001039279,0.279113417,0.915915264,0.719252367,true,OK
1785072039.184994459,0.085456816,0.056786448,8.090924603,7.627919660,0.147314496,0.037251301,-2.082028399,0.000468400,0.378459154,0.003810702,3.078978601,0.946447657,0.715759763,true,OK
1785072040.185170174,0.088030225,0.135843490,8.745077797,7.634037154,0.146617214,0.037960397,-1.566091590,0.000719304,0.400073902,0.005321798,2.959962791,0.920813229,0.725035933,true,OK
1785072041.184996128,0.186556806,0.078845823,8.965335331,7.601952571,0.146117168,0.037315679,-2.179252333,0.000117784,0.118694067,0.000958282,0.965688550,0.910565384,0.728411404,true,OK
1785072042.184926748,0.087945412,0.023237184,8.437116002,7.582716593,0.146464608,0.038143949,-2.205287340,0.001684624,0.211217717,0.012475635,1.564191528,0.908514197,0.707941338,true,OK
1785072043.184928417,0.188163013,0.102149746,8.748010052,7.588920006,0.145867541,0.038814203,-1.949713944,0.000233960,0.000000000,0.001730988,0.000000000,0.912363329,0.714149582,true,OK
1785072044.184988499,0.085123137,0.045778029,8.075386652,7.566166614,0.145308518,0.038917102,-1.938851642,0.000277392,0.104678325,0.002053218,0.774814551,0.919121116,0.721843645,true,OK
1785072045.184993267,0.085252987,0.124359414,8.739774831,7.574198681,0.145073319,0.038328821,-2.004832037,0.000973766,0.044234660,0.007199064,0.327027355,0.917064676,0.718237855,true,OK
1785072046.184986591,0.084521002,0.067988679,7.955166582,7.544511967,0.146228849,0.038222278,-2.077435313,0.000642345,0.176938705,0.004752236,1.309039674,0.913317914,0.722722256,true,OK
1785072047.185006380,0.085833103,0.023857522,8.470532270,7.673128571,0.145737224,0.038653521,-1.976392896,0.000352526,0.098911718,0.002610817,0.732543497,0.921333218,0.710658172,true,OK
1785072048.184977293,0.187947795,0.088217258,8.752769281,7.508747389,0.145141097,0.039196246,-2.076330764,0.001066696,0.274112407,0.007896510,2.029192900,0.928077536,0.704348297,true,OK
1785072049.185034752,0.087852265,0.046990597,8.369260452,7.673996151,0.146455218,0.038418166,-2.170759124,0.000163790,0.092787413,0.001212213,0.686720588,0.930496880,0.695153495,true,OK
1785072050.184923410,0.086661512,0.125622536,8.724605174,7.689116224,0.147026511,0.038706624,-1.795892750,0.000668990,0.286673658,0.005447830,2.334487280,0.929410409,0.712209164,true,OK
1785072051.184964657,0.088202165,0.069729736,7.974615065,7.663985346,0.147363368,0.039105070,-2.150153729,0.001671513,0.019782341,0.012360686,0.146288607,0.926308434,0.714238588,true,OK
1785072052.185002089,0.088408272,0.012903232,8.682666491,7.622119618,0.146495569,0.039275749,-2.307225822,0.000415495,0.096913294,0.003405951,0.794429627,0.886685783,0.704328953,true,OK
1785072053.184993029,0.186788060,0.091715777,8.724812986,7.655879330,0.148229584,0.038772864,-2.291329891,0.000594024,0.391671141,0.004395999,2.898513826,0.921521661,0.695920512,true,OK
1785072054.184991837,0.088586602,0.035256581,8.369430123,7.605023172,0.148087200,0.039116849,-2.183988826,0.000237476,0.380007046,0.001935360,3.096940425,0.930865359,0.704763128,true,OK
1785072055.184967279,0.085440760,0.114828538,8.904810323,7.625793630,0.147842030,0.039872525,-1.939173681,0.000991828,0.150657858,0.007347778,1.116121558,0.928410343,0.714911141,true,OK
1785072056.185131311,0.086526367,0.058818518,8.001571246,7.609849619,0.148559619,0.039718997,-1.906439266,0.000344215,0.406382328,0.002802850,3.309062792,0.928449366,0.711039647,true,OK
1785072057.184956074,0.084855828,0.002385617,8.680960751,7.571154124,0.148215897,0.039793267,-2.223022236,0.000553837,0.126668806,0.004095874,0.936773566,0.915773846,0.720504450,true,OK
1785072058.184974909,0.187000482,0.081625951,8.817364524,7.583985486,0.148938447,0.039948089,-1.928693657,0.001034297,0.027976455,0.007644974,0.206787086,0.926986976,0.716288197,true,OK
1785072059.186978579,0.089049444,0.026798794,8.360941796,7.562288504,0.147337343,0.041175958,-2.147002731,0.000668741,0.098911718,0.004947124,0.731715993,0.932247101,0.703084603,true,OK
1785072060.184995890,0.187073702,0.102486887,8.686983702,7.571913412,0.147386609,0.040436251,-2.488409957,0.000913054,0.108352360,0.006676814,0.792339071,0.939541403,0.709520151,true,OK
1785072061.184972286,0.087586771,0.047719101,8.059376763,7.577826231,0.148174973,0.040911828,-2.515141970,0.000236347,0.110143430,0.001749722,0.815413594,0.939304134,0.715150010,true,OK
1785072062.184978962,0.087309703,0.126715513,8.694697847,7.573203832,0.148424255,0.040574166,-2.213451367,0.001052108,0.161925496,0.007789454,1.198842071,0.909525985,0.715655636,true,OK
1785072063.184977293,0.089382382,0.069697365,7.951196222,7.544281852,0.147769286,0.041180298,-2.337424810,0.000657860,0.100870555,0.004893984,0.750400677,0.915656185,0.720336360,true,OK
1785072064.184951067,0.089264181,0.026548559,8.479384969,7.677511393,0.148459181,0.040571942,-2.107164234,0.000492535,0.310274283,0.003642487,2.294597127,0.947682269,0.713463433,true,OK
1785072065.184973240,0.189178806,0.104726340,8.717632670,7.660198620,0.148385887,0.041283185,-2.135458749,0.000603501,0.123540700,0.004469506,0.914938403,0.952191533,0.725837678,true,OK
1785072066.185024500,0.088124427,0.048997352,8.342600776,7.625802504,0.148786266,0.041665703,-2.030832567,0.000573558,0.110143430,0.004674253,0.897622171,0.908016980,0.726769448,true,OK
1785072067.184969664,0.084631444,0.127680233,8.355534455,7.626277064,0.148581123,0.041579859,-2.213830737,0.000436652,0.092787413,0.003233414,0.687091424,0.895701415,0.728482973,true,OK
1785072068.184990168,0.084191267,0.071829284,7.891556699,7.611345004,0.149353918,0.041355350,-2.324959676,0.000251047,0.106531181,0.002041691,0.866386187,0.911739972,0.720573231,true,OK
1785072069.184992790,0.087091152,0.015587602,8.460553323,7.573797868,0.149023999,0.041896015,-2.093619625,0.001578125,0.222935800,0.011697251,1.652427255,0.920326104,0.716443242,true,OK
1785072070.184953690,0.187352641,0.094303872,8.746816260,7.571441322,0.149619220,0.042089813,-1.879357865,0.000655089,0.110143430,0.004851184,0.815654009,0.946952750,0.723946500,true,OK
1785072071.184970140,0.086414036,0.035200972,8.153843866,7.511005654,0.149185417,0.041854033,-1.942274666,0.000500781,0.256408663,0.003703766,1.896391399,0.935936980,0.735603570,true,OK
1785072072.184976339,0.087886450,0.116876236,8.740104120,7.549206959,0.149546619,0.041533363,-1.752747015,0.000393780,0.238211092,0.002915268,1.763544610,0.926439926,0.729426243,true,OK
1785072073.185090303,0.088317830,0.071576456,7.952295232,7.650088436,0.148519327,0.042527372,-1.677109667,0.000558879,0.394657242,0.004160802,2.938187079,0.899327911,0.717831666,true,OK
1785072074.185083389,0.088444216,0.016740078,8.536050124,7.626742711,0.149486715,0.041953675,-1.287921286,0.000965920,0.472298243,0.007866753,3.846543776,0.904071957,0.710947945,true,OK
1785072075.184991121,0.187782224,0.095373572,8.707811695,7.628848063,0.149933033,0.041114828,-1.990417371,0.000297115,0.062557256,0.002420095,0.509548455,0.923033016,0.729951468,true,OK
1785072076.184927464,0.089129591,0.037981062,8.185861767,7.571036033,0.151740387,0.043670372,-1.789876147,0.000919080,0.048456644,0.006801774,0.358609782,0.943337452,0.733007388,true,OK
1785072077.184919596,0.086158893,0.116885570,8.736343202,7.576357028,0.151309904,0.044114513,-0.742817148,0.000578967,0.110143430,0.004290354,0.816203024,0.823743061,0.518445085,true,OK
1785072078.185067177,0.088344793,0.062070746,7.957883086,7.550357377,0.151360217,0.044914055,-0.914877137,0.000651749,0.000000000,0.004820791,0.000000000,0.824761116,0.485359417,true,OK
1785072079.185006618,0.087497829,0.018185011,8.534509330,7.682175351,0.150624290,0.043828142,-0.972406773,0.002349319,0.164324520,0.017233180,1.205385069,0.825175635,0.497554984,true,OK
1785072080.184996605,0.184928543,0.095565957,8.685550590,7.665848461,0.150906308,0.043826254,-0.952180215,0.000529764,0.466881316,0.003917471,3.452466835,0.863227785,0.492151815,true,OK
1785072081.184978724,0.085325652,0.040507565,8.335127203,7.670412629,0.150393090,0.044531610,-0.813889302,0.000229237,0.388158290,0.001694594,2.869393220,0.855332303,0.501274776,true,OK
1785072082.185203791,0.086342353,0.119317500,8.827348892,7.664210142,0.150134942,0.044347135,-0.683226049,0.000658209,0.048456644,0.005351318,0.393958534,0.857608045,0.506231348,true,OK
1785072083.185092688,0.084802607,0.063430292,7.961014378,7.622221863,0.150742811,0.044363187,-0.730993357,0.000253641,0.342069160,0.002063144,2.782433362,0.854080757,0.503412171,true,OK
1785072084.185050249,0.087080023,0.006084355,8.707347973,7.573750081,0.150636156,0.045091244,-0.699230693,0.000328796,0.121946558,0.002436745,0.903759781,0.850049319,0.494765067,true,OK
1785072085.184996605,0.188755797,0.085213302,8.838603678,7.577014702,0.149729521,0.045967927,-0.787488336,0.000393461,0.234902452,0.002912089,1.738561904,0.853938617,0.510299775,true,OK
1785072086.184956312,0.088312812,0.029635217,8.380956978,7.565995526,0.149858162,0.044796259,-0.604505000,0.000777450,0.256408663,0.005754932,1.898018171,0.856192857,0.500039848,true,OK
1785072087.184986353,0.089003760,0.108518558,8.962526262,7.570515171,0.151415237,0.044107688,-0.507713976,0.001073295,0.265408184,0.007941857,1.963889525,0.833901810,0.524761227,true,OK
1785072088.184996367,0.087987911,0.064424068,7.991403431,7.689885813,0.150675418,0.044845563,-0.667002832,0.000373588,0.377423687,0.002762312,2.790672539,0.819095490,0.510957587,true,OK
1785072089.185252190,0.087348609,0.008619969,8.698907021,7.666491954,0.150723816,0.045237649,-0.634771890,0.000811428,0.121946558,0.006004410,0.902380541,0.836103139,0.510553229,true,OK
1785072090.185006857,0.188288214,0.087017042,8.786918084,7.667163753,0.150205540,0.044122999,-0.480571982,0.000137080,0.027976455,0.001015128,0.207175496,0.866516967,0.522277764,true,OK
1785072091.184966326,0.087617048,0.030726213,8.390748761,7.612230473,0.150631959,0.044616927,-0.854470030,0.001194518,0.329837999,0.009716644,2.683022372,0.870299675,0.522219274,true,OK
1785072092.185051441,0.081097776,0.109099101,8.853013139,7.607990381,0.149813591,0.044097933,-0.664285848,0.000619657,0.146709809,0.004587978,1.086247712,0.868853665,0.542698895,true,OK
1785072093.185007334,0.083957532,0.053802233,8.015688669,7.576318650,0.151630301,0.045053562,-0.423586946,0.001536659,0.372728519,0.011351532,2.753401879,0.855775612,0.534578636,true,OK
1785072094.184989214,0.087060486,0.131180531,8.710476515,7.568665526,0.152269578,0.044270224,-0.547618426,0.000620246,0.110143430,0.004585249,0.814249421,0.817937134,0.512325660,true,OK
1785072095.184995174,0.186219775,0.075511003,8.919974286,7.542884008,0.152091073,0.044131565,-0.426857960,0.000761766,0.121946558,0.005637507,0.902474409,0.834038249,0.516683912,true,OK
1785072096.184922218,0.088064372,0.031672138,8.447196741,7.685929663,0.151316358,0.045424671,-0.378751950,0.000293396,0.307104889,0.002225121,2.329092061,0.843590989,0.513967566,true,OK
1785072097.184921026,0.087673473,0.110834861,8.944318638,7.684800390,0.151442730,0.044742758,-0.694026399,0.000569151,0.076616680,0.004630891,0.623391363,0.849443233,0.524668538,true,OK
1785072098.184961796,0.085485407,0.054776065,8.120649291,7.658953834,0.152369960,0.044147800,-0.559029156,0.000385775,0.100870555,0.002856480,0.746899106,0.837926872,0.534518353,true,OK
1785072099.184956789,0.087857080,0.133699330,8.720047546,7.672983230,0.152740110,0.044511684,-0.449908059,0.000770455,0.151951085,0.006268142,1.236218560,0.838655083,0.519984806,true,OK
1785072100.184981346,0.186484547,0.077592794,8.975014515,7.615815116,0.151884221,0.044716974,-0.507346135,0.001343739,0.407824272,0.010941720,3.320807156,0.828664726,0.524299281,true,OK
1785072101.185016632,0.086308039,0.019901808,8.385023954,7.559815038,0.151110007,0.044293220,-0.866936865,0.001593323,0.111905833,0.011811959,0.829603913,0.852399110,0.512674080,true,OK
1785072102.185625553,0.187253383,0.100223323,8.700261266,7.582277190,0.151196108,0.042795163,-0.926046199,0.001366687,0.153233400,0.010084995,1.130732737,0.846364522,0.514895396,true,OK
1785072103.184948921,0.086947581,0.043903995,8.144461150,7.549986952,0.152590744,0.043026678,-0.626268803,0.001015838,0.328053452,0.007554869,2.439759181,0.835969647,0.506125874,true,OK
1785072104.184974909,0.086792028,0.122600988,8.731548322,7.551517185,0.153484163,0.043727526,-0.786602778,0.000156095,0.164324520,0.001159712,1.220854124,0.805905928,0.536031054,true,OK
1785072105.184982777,0.086793157,0.078949691,7.947941767,7.692849168,0.153228644,0.041909327,-1.168865377,0.000484778,0.163129423,0.003606411,1.213569625,0.797241688,0.434103092,true,OK
1785072106.185103893,0.088488659,0.022815137,8.452696923,7.634573984,0.153476308,0.042634651,-0.807089200,0.000263513,0.385629546,0.002127829,3.113906715,0.795473550,0.411167133,true,OK
1785072107.185025215,0.288461890,0.099671224,8.395934638,7.598091974,0.152601840,0.042506153,-0.936810220,0.000345107,0.000000000,0.002554678,0.000000000,0.800346951,0.409167843,true,OK
1785072108.185004473,0.088251702,0.043238823,7.910415677,7.567459565,0.152536759,0.042204991,-0.623137445,0.000554907,0.120331298,0.004065103,0.881515118,0.781394170,0.443230494,true,OK
1785072109.185029268,0.087042986,0.123324343,8.663975721,7.580128881,0.153633743,0.041488852,-1.030487202,0.000359628,0.090654086,0.002664054,0.671547633,0.781552375,0.430828896,true,OK
1785072110.184904337,0.088299311,0.067734720,7.934726274,7.572795027,0.153188636,0.042314355,-0.668191597,0.001295767,0.166689032,0.009596806,1.234544350,0.816847984,0.433137253,true,OK
1785072111.184978962,0.087593253,0.023620897,8.459950736,7.685118717,0.153046060,0.042626629,-0.642604943,0.000369129,0.104678325,0.002729996,0.774177118,0.822701431,0.437205970,true,OK
1785072112.184983969,0.186111481,0.102447406,8.713422107,7.692269777,0.153827957,0.042404033,-0.689600126,0.000519896,0.138476416,0.003849957,1.025451842,0.855739653,0.450965154,true,OK
1785072113.184988737,0.081648987,0.046488052,8.185790977,7.621441362,0.153815879,0.041599524,-1.160839224,0.000132495,0.019782341,0.001078990,0.161099856,0.843121631,0.445617500,true,OK
1785072114.184990168,0.085570646,0.125214693,8.709408245,7.616535845,0.154341422,0.041737976,-0.968605952,0.000498634,0.249446032,0.003692280,1.847096363,0.821634003,0.448463952,true,OK
1785072115.184993029,0.087761971,0.069007824,7.998496509,7.578587296,0.152484479,0.042552266,-1.112234138,0.001253329,0.353877837,0.009280779,2.620430054,0.822981280,0.453675193,true,OK
1785072116.184913635,0.085663052,0.024653468,8.455994876,7.683190862,0.153718282,0.041704624,-1.198206736,0.000674722,0.186626315,0.004996369,1.381983346,0.833686147,0.440180341,true,OK
1785072117.184961319,0.186634081,0.102702364,8.723579499,7.671548567,0.154235432,0.040965871,-1.378233977,0.000911693,0.134170395,0.006758482,0.994619980,0.848563446,0.444884682,true,OK
1785072118.184958696,0.088630972,0.047651861,8.354191017,7.668162507,0.153757811,0.041945984,-1.220366548,0.000483289,0.175829360,0.003575128,1.300698269,0.848369626,0.449691640,true,OK
1785072119.184951544,0.087717398,0.126679625,8.730576985,7.670277497,0.153053118,0.042463972,-1.086194535,0.000830318,0.111905833,0.006767010,0.912021614,0.828633942,0.464840365,true,OK
1785072120.184994698,0.089433233,0.069764197,7.946672945,7.608652069,0.153876166,0.041227966,-0.981849335,0.000328469,0.115349902,0.002673917,0.939012554,0.825046341,0.466390419,true,OK
1785072121.185024738,0.087622900,0.013341112,8.569255989,7.571018498,0.154361346,0.041407358,-1.081286337,0.000296335,0.100870555,0.002192716,0.746386062,0.832719203,0.462453642,true,OK
1785072122.185027599,0.188073977,0.092183509,8.747944101,7.566352430,0.154076477,0.042427471,-0.543233801,0.000263319,0.098911718,0.001949724,0.732383293,0.846960592,0.449831404,true,OK
1785072123.184982300,0.087792174,0.036191710,8.360830641,7.535024421,0.153581018,0.042169173,-0.946391520,0.001006561,0.110143430,0.007449079,0.815118804,0.829759871,0.447505164,true,OK
1785072124.184952736,0.089045445,0.115587355,8.771775895,7.545414547,0.154412915,0.040985703,-0.900728684,0.000664759,0.459275420,0.004921976,3.400544035,0.808412287,0.449105731,true,OK
1785072125.185102940,0.086608698,0.071162353,7.942450316,7.660523797,0.153510798,0.041754933,-1.068340944,0.000743652,0.121946558,0.005515919,0.904519119,0.797659225,0.440745399,true,OK
1785072126.185009956,0.088024022,0.015486733,8.511285446,7.614424284,0.152709065,0.042374847,-0.996879196,0.000853052,0.083929371,0.006940076,0.682814405,0.791812831,0.441439167,true,OK
1785072127.184976101,0.187074516,0.094191949,8.729731251,7.613243830,0.151467465,0.042119026,-1.323788265,0.001789097,0.129721514,0.014568538,1.056316483,0.822374832,0.468956854,true,OK
1785072128.185025215,0.085839604,0.035236360,8.159330214,7.545618069,0.152803739,0.040942860,-1.348931765,0.000425642,0.044234660,0.003137683,0.326082015,0.828019207,0.476363589,true,OK
1785072129.184889793,0.085955620,0.116712777,8.847901063,7.579758484,0.151878522,0.041170485,-1.037678391,0.000182250,0.113640914,0.001349498,0.841471242,0.794767963,0.463840703,true,OK
1785072130.184906483,0.088329108,0.072616601,8.002171816,7.690673216,0.153005269,0.041494531,-1.308149828,0.001466745,0.081564685,0.010864417,0.604162847,0.801177921,0.469177894,true,OK
1785072131.184981823,0.088139353,0.015037391,8.525028138,7.613597005,0.152732952,0.040797019,-1.436761530,0.000936966,0.163129423,0.007615738,1.325930115,0.798193082,0.439834422,true,OK
1785072132.184976816,0.186863558,0.095741028,8.687675210,7.635801576,0.153009443,0.040101468,-1.327976230,0.000406489,0.000000000,0.003312887,0.000000000,0.811408144,0.436207974,true,OK
1785072133.184995413,0.088321089,0.039521104,8.178393981,7.586940967,0.152230918,0.040611364,-1.575759738,0.000299615,0.343211296,0.002218678,2.541515072,0.832886611,0.443781393,true,OK
1785072134.184965134,0.083455023,0.118080044,8.649838670,7.580015913,0.151359080,0.041389371,-1.512436120,0.000274568,0.111905833,0.002032295,0.828304190,0.815424350,0.438695904,true,OK
1785072135.184980631,0.086047822,0.074284844,7.925277818,7.701929804,0.152477466,0.040193929,-1.588318055,0.000364683,0.138476416,0.002700527,1.025435949,0.798192255,0.423660139,true,OK
1785072136.184906244,0.086649717,0.017888924,8.527348774,7.632516127,0.153257641,0.040214488,-1.493438643,0.000594327,0.306467066,0.004836336,2.493876397,0.790247237,0.416342741,true,OK
1785072137.185348511,0.187903203,0.096733470,8.752312409,7.627163605,0.154029364,0.040502846,-1.130128621,0.001409569,0.249446032,0.011465810,2.029061308,0.806674797,0.424755308,true,OK
1785072138.184979439,0.084515317,0.040490861,8.170713987,7.586692534,0.154101776,0.040704756,-1.081800054,0.001134801,0.439685584,0.008412817,3.259598050,0.798588998,0.420519609,true,OK
1785072139.184969425,0.087207501,0.119534810,8.836904458,7.593775617,0.153805351,0.040003743,-1.686211369,0.000480371,0.034264021,0.003558395,0.253814302,0.803603908,0.427273655,true,OK
1785072140.184995890,0.086737734,0.075766499,7.983029349,7.710086908,0.154438108,0.040212205,-1.763955697,0.000526290,0.102792073,0.003895384,0.760824301,0.778148121,0.421982648,true,OK
1785072141.184982777,0.088113779,0.019097047,8.540818824,7.636640973,0.154445554,0.040719085,-1.417318951,0.000045774,0.034264021,0.000372529,0.278852830,0.789875435,0.416827729,true,OK
1785072142.184982538,0.188613355,0.098075052,8.765574773,7.635811013,0.154305848,0.040478385,-1.599317832,0.000245221,0.128204252,0.001998481,1.044829120,0.829957940,0.413270937,true,OK
1785072143.184923410,0.087361146,0.041906869,8.141391835,7.596891004,0.155596021,0.039670622,-1.696008552,0.000074774,0.071326251,0.000553369,0.527856655,0.831607820,0.409073592,true,OK
1785072144.184924841,0.086871582,0.120513715,8.783554063,7.587951932,0.155399779,0.040488964,-1.394510028,0.000242656,0.000000000,0.001797490,0.000000000,0.814715123,0.416760586,true,OK
1785072145.184981108,0.083714556,0.064237405,7.960346756,7.556223668,0.154984800,0.041208647,-1.409293345,0.000330654,0.322033601,0.002445077,2.381335133,0.823868286,0.420037125,true,OK
1785072146.184980631,0.084304654,0.019633999,8.525722583,7.632279358,0.155269807,0.040592534,-1.597998425,0.000971147,0.274825334,0.007897603,2.234946572,0.787158112,0.420374483,true,OK
1785072147.184967756,0.186404346,0.099329212,8.744611853,7.638228223,0.157672918,0.040097320,-1.328357631,0.001292649,0.336881605,0.010544338,2.747996220,0.801119606,0.424662192,true,OK
1785072148.185289145,0.088934354,0.043678055,8.176859173,7.587820211,0.156874572,0.040461265,-1.409759944,0.000099061,0.019782341,0.000734679,0.146714518,0.810105083,0.428474536,true,OK
1785072149.184968710,0.085015232,0.121021483,8.665439785,7.575121518,0.155720648,0.041115242,-1.530872839,0.001186554,0.118694067,0.008784887,0.878774920,0.780018850,0.446496837,true,OK
1785072150.184973478,0.084758978,0.065536748,7.921390326,7.546623638,0.156375269,0.038644320,-1.525711155,0.000288704,0.197823503,0.002137906,1.464920747,0.774579301,0.424287298,true,OK
1785072151.184983492,0.087093633,0.021489794,8.433775215,7.663088130,0.157189884,0.040344381,-1.806139726,0.001218436,0.299361482,0.009016911,2.215393987,0.774467230,0.424808519,true,OK
1785072152.185987234,0.188472673,0.100065419,8.738662563,7.621973761,0.158455945,0.040884513,-1.684956762,0.000784299,0.100870555,0.006398597,0.822938800,0.789384978,0.431426027,true,OK
1785072153.184982061,0.086883008,0.043632926,8.195028797,7.577885892,0.158146990,0.041107304,-1.472432331,0.000707956,0.408303773,0.005242476,3.023526206,0.812637582,0.436204368,true,OK
1785072154.184957504,0.086840638,0.122946943,8.738162342,7.585747535,0.158332019,0.040142719,-1.810317067,0.000317528,0.115349902,0.002352386,0.854561947,0.777339289,0.432708142,true,OK
1785072155.184986353,0.086093673,0.067073772,7.954663248,7.553831366,0.158045818,0.040091346,-1.786375520,0.000843466,0.110143430,0.006301734,0.822907914,0.778439624,0.435570161,true,OK
1785072156.185080051,0.088852504,0.022451422,8.515602695,7.656562760,0.157823261,0.040549371,-1.613351593,0.000650722,0.246288351,0.004819699,1.824183652,0.782430088,0.432481021,true,OK
1785072157.184967995,0.187768280,0.102040674,8.734314559,7.675427375,0.157631698,0.040563256,-1.956340055,0.000949243,0.098911718,0.006939454,0.723095612,0.788153438,0.430463940,true,OK
1785072158.184981823,0.086993543,0.045726086,8.082821674,7.595424833,0.157970694,0.040389080,-1.822756622,0.000506355,0.121946558,0.003748044,0.902649322,0.804875083,0.428600089,true,OK
1785072159.185029030,0.087851247,0.124626723,8.724222220,7.587704314,0.157810523,0.040938334,-1.814971581,0.000464800,0.100870555,0.003441510,0.746874734,0.817733842,0.416676063,true,OK
1785072160.184994459,0.087270389,0.065962924,7.968738244,7.532626324,0.157067400,0.041686533,-1.375412666,0.001078057,0.118694067,0.008058031,0.887188845,0.796865919,0.432289833,true,OK
1785072161.184981346,0.187759299,0.023985204,8.074563218,6.846359642,0.157084772,0.041241941,-1.703892404,0.000386754,0.111905833,0.002861519,0.827970085,0.783152776,0.430842686,true,OK
1785072162.185012579,0.188038386,0.103124577,8.378123502,7.471237816,0.157993291,0.040634483,-1.844154401,0.000707060,0.348304590,0.005672229,2.794195034,0.808724582,0.426866126,true,OK
1785072163.184902430,0.087513643,0.046768490,7.999222995,7.560940848,0.159096889,0.041321854,-1.749622802,0.000723088,0.178041140,0.005354854,1.318490778,0.818781924,0.434363554,true,OK
1785072164.184968233,0.087133114,0.003009197,8.689751084,7.690814819,0.158436369,0.042364839,-1.937537359,0.000336186,0.027976455,0.002491001,0.207294321,0.804241401,0.439978499,true,OK
1785072165.184978008,0.087700195,0.081984036,7.946725101,7.685367393,0.158168945,0.041156997,-2.169120646,0.001324377,0.121946558,0.009806284,0.902947231,0.812285466,0.434306272,true,OK
1785072166.184990168,0.086579847,0.025623042,8.432234714,7.636080420,0.159930341,0.040993712,-1.796435309,0.000573263,0.412594332,0.004753844,3.421483027,0.772935681,0.420289468,true,OK
1785072167.184990883,0.187294160,0.104595418,8.706022112,7.621620486,0.159001398,0.041772311,-1.848057212,0.000045607,0.267610787,0.000370018,2.171155874,0.771967248,0.417737472,true,OK
1785072168.184989452,0.087082782,0.048430530,8.068363380,7.555041680,0.158436411,0.041093373,-1.781440263,0.000146189,0.301315983,0.001081320,2.228753015,0.793391906,0.414902019,true,OK
1785072169.184970856,0.087507180,0.004560109,8.692245909,7.648435390,0.159607497,0.040229934,-1.815704867,0.000533136,0.226419384,0.004313225,1.831796778,0.808631714,0.436961387,true,OK
1785072170.185426950,0.188112199,0.083943809,8.275765261,7.647560001,0.159804055,0.040409437,-2.013249066,0.000744024,0.404935262,0.006076290,3.307023016,0.793240589,0.433806247,true,OK
1785072171.184970140,0.087843118,0.026983864,8.299930517,7.578733437,0.160440774,0.041030726,-1.459707830,0.001168938,0.125114538,0.008656032,0.926477815,0.796098047,0.465846776,true,OK
1785072172.185020208,0.187415935,0.105834114,8.681199279,7.583483954,0.158948827,0.041701338,-1.546248942,0.000700243,0.098911718,0.005182210,0.732004901,0.781638437,0.414580508,true,OK
1785072173.185041428,0.086718901,0.061909953,8.057394958,7.673437912,0.160851466,0.041202822,-2.595424762,0.000860201,0.733020171,0.006363466,5.422624591,0.822722514,0.422700461,true,OK
1785072174.184923649,0.085975304,0.005408535,8.678564565,7.613235960,0.161842038,0.041954914,-2.544491021,0.000497164,0.148037520,0.004043170,1.203909085,0.815102945,0.440280711,true,OK
1785072175.184980631,0.190016585,0.084620499,8.851215398,7.628986482,0.161645130,0.042360208,-2.252583056,0.000429661,0.361536080,0.003497607,2.943044144,0.815333192,0.447317554,true,OK
1785072176.184947968,0.087279426,0.028319114,8.329068224,7.576149827,0.159075244,0.042637658,-1.967930651,0.000176872,0.312160456,0.001308679,2.309684494,0.789897909,0.398539883,true,OK
1785072177.184940815,0.187407213,0.107170993,8.675898868,7.574833310,0.161115167,0.041492214,-2.336247194,0.000231975,0.121946558,0.001716960,0.902587215,0.793467255,0.411722390,true,OK
1785072178.184967756,0.087305962,0.063296480,8.044385057,7.689825841,0.161867263,0.042225196,-1.922068605,0.000365228,0.323246547,0.002701692,2.391145014,0.809184677,0.399361275,true,OK
1785072179.184956312,0.085499389,0.006719008,8.668347030,7.618737085,0.161399616,0.042630742,-1.955315945,0.000649748,0.138476416,0.005291556,1.127753840,0.815048391,0.397883524,true,OK
1785072180.185033798,0.185303961,0.085388057,8.798842077,7.585859094,0.161375994,0.041671021,-1.862778167,0.000153486,0.323851312,0.001135385,2.395636671,0.802098060,0.419626306,true,OK
1785072181.185025692,0.086728438,0.029643606,8.389306452,7.555616615,0.161755457,0.040844800,-1.869485380,0.000580640,0.175829360,0.004297397,1.301337892,0.776695365,0.435083304,true,OK
1785072182.184972048,0.085098675,0.107013997,8.795143964,7.539352228,0.161951094,0.040989191,-1.834401319,0.001204437,0.117033931,0.008918690,0.866619818,0.784276126,0.440601397,true,OK
1785072183.184930801,0.085777864,0.063745785,7.992946125,7.660637600,0.162076335,0.041481892,-1.762738621,0.000335761,0.096913294,0.002487080,0.717864596,0.803240127,0.423170441,true,OK
1785072184.184912682,0.086880582,0.008092832,8.677396106,7.618480244,0.161753752,0.040536683,-2.054838891,0.000144289,0.213978861,0.001172985,1.739521270,0.817916376,0.419370746,true,OK
1785072185.184966564,0.189222343,0.086314575,8.766932245,7.585978259,0.162521812,0.040859371,-1.772474616,0.000047004,0.312786672,0.000348048,2.316079132,0.822777665,0.434897732,true,OK
1785072186.184979439,0.087678287,0.029513368,8.377288427,7.542022144,0.161620375,0.041821769,-1.890412879,0.000935302,0.117033931,0.006920246,0.865927090,0.806052424,0.438718998,true,OK
1785072187.184958696,0.088006725,0.109399076,8.734111323,7.553726740,0.161845398,0.041927299,-1.953132979,0.000988830,0.188711590,0.007306809,1.394454952,0.809927334,0.453026746,true,OK
1785072188.184980631,0.083808516,0.065751114,7.931880623,7.670604179,0.163167815,0.040554011,-1.720774279,0.000383616,0.381035496,0.002838046,2.818955388,0.811135353,0.432584214,true,OK
1785072189.185346365,0.088150611,0.009817981,8.715997911,7.632470630,0.163722694,0.040482539,-1.997606315,0.000655835,0.126668806,0.005380183,1.039135936,0.821858442,0.427985331,true,OK
1785072190.185174942,0.189865218,0.088449124,8.801277232,7.633748405,0.160957562,0.041379223,-1.731719879,0.000645658,0.125114538,0.005262394,1.019737610,0.819959550,0.463597004,true,OK
1785072191.184989452,0.086264243,0.031789302,8.351118783,7.585029226,0.160705207,0.040536937,-2.058595317,0.001038605,0.068528042,0.007699445,0.508016136,0.801611887,0.482053073,true,OK
1785072192.185456753,0.087561809,0.111145411,8.914300931,7.572356553,0.161021120,0.039499128,-2.194515668,0.000593464,0.165510998,0.004398344,1.226652614,0.796570033,0.524489709,true,OK
1785072193.184985876,0.085423261,0.065271957,8.003432614,7.662556713,0.161338330,0.040404154,-1.974600412,0.000654517,0.183453959,0.004846312,1.358368646,0.819730239,0.483424694,true,OK
1785072194.186269283,0.087936245,0.010322193,8.693887378,7.604660839,0.160719915,0.040831824,-2.250508325,0.000675884,0.121946558,0.005504283,0.993111687,0.827792764,0.478064420,true,OK
1785072195.185020208,0.187245847,0.089672153,8.746919383,7.591795294,0.161270137,0.039813098,-2.005636998,0.000503750,0.166689032,0.003729073,1.233935958,0.825069128,0.486390456,true,OK
1785072196.184976578,0.088401569,0.044530148,8.353362272,7.680665905,0.163346264,0.040071295,-2.237347257,0.000166523,0.055952910,0.001233775,0.414557074,0.823811568,0.538592618,true,OK
1785072197.184916735,0.088602176,0.124688185,8.781347041,7.702958838,0.161661197,0.040212793,-1.906114125,0.000528735,0.115349902,0.004312027,0.940721383,0.808217910,0.526171314,true,OK
1785072198.184954405,0.087734138,0.067026792,7.974576101,7.604991155,0.161010083,0.040231251,-2.086226320,0.000976745,0.190774080,0.007961048,1.554921079,0.826266942,0.528185242,true,OK
1785072199.184980154,0.088185426,0.012106081,8.603313214,7.576620219,0.162160521,0.038973703,-1.874703453,0.001242274,0.357727449,0.009201857,2.649782650,0.830619218,0.522337323,true,OK
1785072200.184991837,0.189802461,0.090904406,8.785473956,7.578821088,0.162357063,0.039362689,-1.498700358,0.000486984,0.110143430,0.003582226,0.810208873,0.835372081,0.541868517,true,OK
1785072201.184993744,0.087347442,0.046942376,8.346148928,7.677062491,0.161639968,0.040581331,-1.316603660,0.000225407,0.118694067,0.001667862,0.878256911,0.814465734,0.543106149,true,OK
1785072202.184975147,0.089541341,0.124832663,8.797738211,7.628284047,0.160676051,0.041330583,-1.623479483,0.000340907,0.110143430,0.002519152,0.813910698,0.799967387,0.538311715,true,OK
1785072203.184920073,0.084682757,0.069803363,7.946915300,7.592288047,0.161414741,0.039921485,-1.795951458,0.000342728,0.135620930,0.002572557,1.017987142,0.806858253,0.550233860,true,OK
1785072204.184964418,0.087025617,0.025038387,8.471407102,7.686001182,0.161841573,0.040428578,-1.713025558,0.000392366,0.181308225,0.002905445,1.342576674,0.817853205,0.553702123,true,OK
1785072205.184960842,0.186070889,0.103785323,8.689893920,7.677700066,0.161921495,0.041546682,-1.342255876,0.000886625,0.059347027,0.006569040,0.439704269,0.817143547,0.546104127,true,OK
1785072206.184981823,0.086358797,0.047894004,8.041750933,7.624651941,0.160335452,0.041079165,-1.578360601,0.001174829,0.164324520,0.009573934,1.339115425,0.822719990,0.541877712,true,OK
1785072207.184978724,0.088248350,0.126932194,8.708445087,7.590251328,0.162247727,0.040808223,-1.499503065,0.000693833,0.237388267,0.005130403,1.755317039,0.827416363,0.535740836,true,OK
1785072208.184970379,0.088436123,0.070320871,7.976278842,7.551374017,0.162384252,0.040918834,-1.224340917,0.000651629,0.323851312,0.004821764,2.396355238,0.832927800,0.528942344,true,OK
1785072209.184971571,0.086949488,0.026737648,8.406666657,7.670243156,0.161588425,0.041557026,-1.468689237,0.000877643,0.115349902,0.006495725,0.853743012,0.843355396,0.531748174,true,OK
1785072210.184915304,0.188558338,0.105525157,8.711383365,7.638655400,0.161334493,0.040968415,-1.710226524,0.001159142,0.104678325,0.009441342,0.852617067,0.869667120,0.525796029,true,OK
1785072211.184960842,0.085813623,0.049377769,8.040975296,7.588147703,0.162248616,0.039997002,-1.916873938,0.000105185,0.108352360,0.000782517,0.806079968,0.841773582,0.536376002,true,OK
1785072212.184909582,0.086251206,0.005312593,8.704790526,7.692781921,0.162231450,0.039754434,-1.420506248,0.000376381,0.076616680,0.002788037,0.567536847,0.812090876,0.538877472,true,OK
1785072213.185050249,0.087233056,0.083677037,7.937281885,7.682823777,0.161228842,0.040218846,-1.854752495,0.000268606,0.125114538,0.001970119,0.917664571,0.838660484,0.535285536,true,OK
1785072214.185286045,0.082434878,0.028379262,8.411430722,7.620759092,0.161660650,0.039467944,-1.636447641,0.000594675,0.544645474,0.004877759,4.467397946,0.846371273,0.540670009,true,OK
1785072215.184943676,0.187279124,0.106318141,8.753825950,7.620801194,0.159591413,0.037968104,-1.714872314,0.001127764,0.251788307,0.009219366,2.058345415,0.852956116,0.505509063,true,OK
1785072216.185019970,0.085781790,0.062838490,8.092125979,7.699411094,0.161101942,0.039477830,-1.859885614,0.001531667,0.228997300,0.011325324,1.693232390,0.850858216,0.528860148,true,OK
1785072217.184906721,0.088221332,0.006299294,8.725535356,7.634965828,0.161815109,0.040401692,-1.891666786,0.000198314,0.370094360,0.001614575,3.013132037,0.833800686,0.538995079,true,OK
1785072218.184949160,0.187416695,0.085007139,8.853210494,7.613050814,0.162118582,0.039695097,-2.185217311,0.000777240,0.121946558,0.006341713,0.994995457,0.809213043,0.558236740,true,OK
1785072219.184967756,0.087927801,0.029471628,8.380092407,7.554655959,0.162359025,0.040205230,-2.312037095,0.000405115,0.447187079,0.002998403,3.309790357,0.810492439,0.534637501,true,OK
1785072220.184969187,0.089055499,0.119221613,8.834623246,7.680552264,0.162495519,0.040167130,-1.816722989,0.002669430,0.250229210,0.021743462,2.038206732,0.817417920,0.547991621,true,OK
1785072221.184963703,0.085724476,0.064265071,7.989547989,7.632817011,0.162373599,0.041013790,-3.001909370,0.000441828,0.098911718,0.003595800,0.804989415,0.902942855,0.756155297,true,OK
1785072222.184999228,0.085529555,0.008052721,8.667901671,7.571678179,0.163306799,0.040783227,-2.955505988,0.000501256,0.245492580,0.003709314,1.816656307,0.881841085,0.748070761,true,OK
1785072223.184916496,0.183288799,0.085065157,8.695682555,7.533825558,0.161978794,0.041050635,-3.104632577,0.000522709,0.110143430,0.003859778,0.813318941,0.883435443,0.733076083,true,OK
1785072224.185036898,0.079348424,0.043234767,8.212166270,7.641069447,0.161180543,0.041536919,-3.065846821,0.000067592,0.088469326,0.000550306,0.720278264,0.889150303,0.735875106,true,OK
1785072225.184942484,0.085398965,0.122056684,8.750591107,7.632381584,0.160425641,0.039576596,-3.329383827,0.000828692,0.258687892,0.006135354,1.915236306,0.919549600,0.726666151,true,OK
1785072226.184967279,0.085380521,0.065107627,7.960558963,7.569882499,0.159418363,0.032743659,-3.222578208,0.001995912,0.175829360,0.014781018,1.302129910,0.962096288,0.803986578,true,OK
1785072227.184976816,0.085272171,0.022065560,8.479381070,7.675374307,0.154662468,0.029962968,-5.014753945,0.001878023,0.550008133,0.013888958,4.067597631,0.270914126,0.339068221,true,OK
1785072228.184995651,0.183290707,0.100753942,8.657488754,7.639681727,0.145990054,0.022833904,-8.376219906,0.001215825,0.526747337,0.009900950,4.289514752,0.257451626,0.002118666,true,OK
1785072229.184990883,0.088289960,0.042457302,8.088126368,7.565389894,0.142708471,0.018654878,-10.264561372,0.000677093,0.108352360,0.005007313,0.801299837,0.274941822,-0.278527349,true,OK
1785072230.185026884,0.084870513,0.000278957,8.649271684,7.690349197,0.141105953,0.016818443,-12.174842536,0.000787215,0.328053452,0.005825562,2.427668414,0.396461837,0.215950713,true,OK
1785072231.184942484,0.089581581,0.078053451,7.935870394,7.655845642,0.137776708,0.012058419,-14.443561106,0.001552653,0.392669016,0.011490637,2.906004410,0.588513892,0.267752476,true,OK
1785072232.184955597,0.087492588,0.022846654,8.458261115,7.593780186,0.134889736,0.012500166,-17.206784698,0.000196173,0.411644722,0.001450776,3.044273672,0.653514592,0.737860690,true,OK
1785072233.185003519,0.188268418,0.102151505,8.720851944,7.579438707,0.139109322,0.000567990,-16.518206227,0.000222917,0.094872788,0.001650400,0.702405733,0.498578321,0.872643108,true,OK
1785072234.184989691,0.087553698,0.056990945,8.068623628,7.673002661,0.136541256,-0.001077923,-21.274955617,0.000846635,1.114871394,0.006272736,8.260105492,0.829038523,1.019802866,true,OK
1785072235.184931993,0.085892047,0.001675076,8.658359027,7.596305734,0.133511374,-0.005769031,-26.675101891,0.000299633,0.441905128,0.002216866,3.269484631,0.606554389,0.814358803,true,OK
1785072236.184996605,0.187475157,0.080966668,8.801249873,7.586015204,0.135956597,-0.012594695,-31.784397299,0.000892975,0.197823503,0.006612672,1.464926366,0.187331978,1.429372883,true,OK
1785072237.185366869,0.086908822,0.036075584,8.391021772,7.681502067,0.126554206,-0.016514818,-37.375031652,0.001647615,0.771009683,0.012170167,5.695088978,0.283017266,1.335150957,true,OK
1785072238.184955359,0.087714232,0.115613318,8.819896553,7.708005135,0.117906816,-0.021445104,-42.889076533,0.001757082,0.832747549,0.014563016,6.901961599,0.035634499,1.005916628,true,OK
1785072239.184980631,0.087449348,0.059088346,8.001815141,7.619753520,0.113461125,-0.022658526,-46.194243712,0.000813934,0.465201836,0.006634998,3.792215490,-0.498305984,0.909608164,true,OK
1785072240.184941292,0.088945836,0.002923625,8.547755038,7.565885542,0.116603050,-0.036309655,-51.149925551,0.000449196,0.169020462,0.003269858,1.230361094,0.192693228,1.362527145,true,OK
1785072241.184985876,0.188103884,0.092812996,8.778360932,7.686327440,0.113211525,-0.041375777,-49.820905034,0.001085532,0.300014405,0.008043497,2.223024668,0.070165597,1.714483410,true,OK
1785072242.184996605,0.088645914,0.036391478,8.362653976,7.617213130,0.115093451,-0.036460888,-50.165547055,0.000687075,0.086229231,0.005591110,0.701695394,0.248332123,1.537210930,true,OK
1785072243.184990644,0.089704522,0.115699363,8.816747407,7.620251248,0.109790261,-0.047829729,-59.006344720,0.002166955,0.351659146,0.016043908,2.603647414,-0.131583432,1.183790387,true,OK
1785072244.184931993,0.088456094,0.060029364,7.988857906,7.583479435,0.105107897,-0.045384380,-64.995811535,0.002289127,1.031355256,0.016955090,7.639035204,-1.352588216,1.204378016,true,OK
1785072245.184946537,0.087231430,0.016121260,8.514822652,7.704195520,0.099276037,-0.045884982,-73.686200804,0.000861804,0.884701970,0.006242977,6.408850657,-1.136796152,1.030530386,true,OK
1785072246.184976578,0.188650914,0.094935741,8.760310278,7.687741588,0.095491581,-0.046456665,-75.986149007,0.001355948,0.358819746,0.010043377,2.657742825,-0.899414363,0.792979645,true,OK
1785072247.184985876,0.088407605,0.037047781,8.211562688,7.582731824,0.090546538,-0.048407424,-80.004750996,0.001061965,0.865697556,0.007858877,6.406437499,-0.927368326,0.734610177,true,OK
1785072248.184950829,0.084318779,0.117480185,8.749072915,7.588467432,0.086370831,-0.050690891,-83.075183116,0.000640960,0.303257891,0.004741927,2.243551640,-0.827203003,0.525352730,true,OK
1785072249.184970379,0.087674955,0.072217994,8.016987460,7.690053201,0.083220993,-0.052605281,-85.607727908,0.000377340,0.128204252,0.002798352,0.950761372,-0.918200164,0.170011596,true,OK
1785072250.184980631,0.085365498,0.016846484,8.550462048,7.634412317,0.079963738,-0.056150389,-88.178327112,0.000358928,0.328053452,0.002924038,2.672514448,-0.895616215,0.194159889,true,OK
1785072251.184924603,0.186997142,0.094681273,8.744461990,7.623214158,0.077656162,-0.057483992,-89.655904756,0.000173728,0.219396909,0.001413080,1.784549075,-0.754869491,-0.006864424,true,OK
1785072252.184934855,0.087633858,0.039051571,8.162385747,7.556987316,0.074886549,-0.061193469,-91.948337326,0.000486609,0.240662729,0.003598954,1.779939501,-0.594730930,0.049454506,true,OK
1785072253.184959888,0.086673244,0.130283940,8.685104210,7.703372190,0.074606690,-0.063877345,-94.753180642,0.001456471,0.889994460,0.011858013,7.245986393,-0.867454726,0.157171636,true,OK
1785072254.184976816,0.190222303,0.074056692,8.995247792,7.620680042,0.073430035,-0.064666126,-97.003899769,0.000670778,0.410216226,0.005463876,3.341448113,-0.842827830,0.013881097,true,OK
1785072255.184983492,0.089655653,0.029665220,8.475970700,7.702871620,0.071599516,-0.067299791,-100.364446689,0.000654554,0.513962023,0.004850424,3.808600309,-0.812757106,0.463290498,true,OK
1785072256.184961796,0.087059137,0.107792722,8.951103804,7.682788650,0.068589201,-0.073954889,-103.587911692,0.000389460,0.614848773,0.003176073,5.014135906,-0.245079785,1.588376727,true,OK
1785072257.184986830,0.083828339,0.051770463,7.968055025,7.612374766,0.068167979,-0.074863383,-108.028164791,0.000719421,0.648309123,0.005848032,5.269977334,-0.059109335,1.083511788,true,OK
1785072258.184960604,0.087303108,0.131072914,8.684143326,7.597079952,0.073693250,-0.073810546,-109.516193399,0.001563867,0.083929371,0.011575488,0.621231332,-0.364818232,0.713067573,true,OK
1785072259.184989691,0.189149806,0.086621135,8.993463196,7.693970889,0.071272338,-0.068742782,-113.246190614,0.000343190,0.797212690,0.002540631,5.901749019,-0.562610526,0.420848656,true,OK
1785072260.184990883,0.088708525,0.030482128,8.422886376,7.620308249,0.071812035,-0.085259558,-114.515299652,0.008251053,0.245492580,0.067157993,1.998143584,-1.214262640,0.934049153,true,OK
1785072261.184975863,0.087873815,0.108852771,8.961702117,7.587718806,0.078038384,-0.093401993,-114.091622456,0.000715385,0.128204252,0.005287470,0.947568274,-1.125616480,0.918927217,true,OK
1785072262.185000420,0.086930152,0.065255879,7.998693496,7.699205069,0.078244338,-0.095501294,-113.993869077,0.000991337,0.065610604,0.007331090,0.485200369,-1.093253135,0.929701261,true,OK
1785072263.184971094,0.085123555,0.007458771,8.627725815,7.610009864,0.076839172,-0.096371309,-113.955316126,0.000187013,0.118694067,0.001521724,0.965811587,-1.111598033,0.934911002,true,OK
1785072264.184929371,0.188408296,0.087369624,8.804358545,7.591177867,0.077911654,-0.094336378,-113.813755300,0.000569238,0.150657858,0.004214104,1.115329205,-1.113718355,0.940958840,true,OK
1785072265.184946775,0.087524363,0.041959955,8.377271851,7.679384000,0.079631341,-0.091881329,-113.347639108,0.000236711,0.371150265,0.001751900,2.746884862,-1.111838264,0.933375774,true,OK
1785072266.184933662,0.085786534,0.122083880,8.753315062,7.693502207,0.081329154,-0.087305904,-113.581186635,0.000391452,0.134170395,0.003186781,1.092270992,-1.138399035,0.941663768,true,OK
1785072267.184959173,0.088365262,0.064793705,7.952587680,7.605946678,0.077420335,-0.087480672,-113.800643863,0.000633776,0.034264021,0.005158697,0.278896187,-1.111827688,0.949247616,true,OK
1785072268.185002327,0.088833474,0.009355397,8.462399403,7.552952954,0.074617784,-0.089365276,-114.055468667,0.003965211,0.185574892,0.029350504,1.373625963,-1.266587718,1.137756091,true,OK
1785072269.185001373,0.188899284,0.099363665,8.699231446,7.680327386,0.083047098,-0.104189505,-116.376267931,0.003231177,0.867278371,0.023936236,6.424711021,-2.496415621,1.685023974,true,OK
1785072270.185079575,0.088985548,0.044375485,8.367609171,7.631501762,0.083517092,-0.109286659,-121.715004094,0.000170987,0.336881605,0.001394354,2.747182407,-2.895752674,0.689366716,true,OK
1785072271.185205936,0.089111451,0.123416504,8.749070441,7.635821567,0.082642641,-0.112143406,-123.826056018,0.000372355,0.092787413,0.002759439,0.687627468,-3.467408943,0.550946153,true,OK
1785072272.184931040,0.081571609,0.065321108,7.926566998,7.560212122,0.082657991,-0.110095516,-126.383328455,0.000172857,0.232390036,0.001280455,1.721456985,-4.181703877,0.743272182,true,OK
1785072273.184973478,0.088681380,0.010355879,8.533207144,7.544740824,0.081096130,-0.115962188,-130.505521215,0.000573049,0.494164240,0.004239537,3.655932528,-3.416693056,0.742512480,true,OK
1785072274.184990883,0.183599836,0.101221179,8.650376865,7.696589927,0.076124287,-0.118573465,-133.969663762,0.000631165,0.447187079,0.004666928,3.306566934,-3.191580597,0.735006934,true,OK
1785072275.184979200,0.088829381,0.044771547,8.359880505,7.632707360,0.076484468,-0.119914697,-136.441969300,0.000660400,0.079129369,0.005381474,0.644809851,-3.798432595,0.484110477,true,OK
1785072276.184960604,0.089294389,0.123668752,8.775387069,7.632499394,0.078833974,-0.121005318,-138.984025197,0.001033010,0.516620141,0.007650006,3.825856022,-4.041596808,0.248879613,true,OK
1785072277.184988260,0.089049610,0.067383336,7.986564439,7.585443089,0.078677485,-0.123307600,-141.053698947,0.000311922,0.361536080,0.002309805,2.677198785,-4.350420145,0.156332940,true,OK
1785072278.184914112,0.083972508,0.010352858,8.367191963,7.543151193,0.075244544,-0.120117355,-142.360774666,0.001243370,0.187671854,0.009196055,1.388034969,-4.601783893,0.418164339,true,OK
1785072279.184921503,0.189182766,0.087767206,8.723681241,7.527879482,0.067762575,-0.121912310,-145.515974470,0.001409271,0.374822532,0.010432013,2.774592510,-3.565097725,0.088497471,true,OK
1785072280.185154200,0.089322607,0.045822371,8.395872565,7.637141302,0.064546516,-0.121043497,-148.414165243,0.000559454,0.019782341,0.004561781,0.161305001,-3.060572346,-0.046823135,true,OK
1785072281.184957743,0.087804087,0.123070742,8.780607490,7.616896137,0.059185998,-0.119334489,-150.537665080,0.000316425,0.074018747,0.002357628,0.551501523,-2.374960871,-0.050414450,true,OK
1785072282.184990883,0.088617015,0.067848138,7.984237657,7.587946884,0.053171779,-0.118156433,-152.939754512,0.000358110,0.438348468,0.002649189,3.242764621,-2.240867979,-0.065567421,true,OK
1785072283.185998917,0.089616274,0.024892936,8.501092176,7.671765989,0.049900308,-0.118959870,-154.010110949,0.000105436,0.141274205,0.000780250,1.045460175,-2.202209253,-0.166708748,true,OK
1785072284.184972286,0.187421683,0.100868969,8.701252545,7.621061370,0.046769072,-0.118827132,-156.158765845,0.001090066,0.083929371,0.008879260,0.683656556,-2.326873501,-0.368585789,true,OK
1785072285.184923172,0.088958335,0.046307179,8.088373104,7.596810170,0.045503691,-0.119034934,-157.766948099,0.000203731,0.352770226,0.001508896,2.612722754,-2.599529704,-0.494314228,true,OK
1785072286.184944391,0.089120761,0.002192339,8.713460227,7.689516562,0.042397754,-0.119462465,-159.641904149,0.000811786,0.228997300,0.006012306,1.696016540,-2.552478535,-0.595677119,true,OK
1785072287.184946060,0.189514658,0.081106237,8.935538908,7.654449326,0.039743183,-0.121016146,-160.388644889,0.000519285,0.178041140,0.004304403,1.475801062,-2.622913623,-0.537298301,true,OK
1785072288.184965611,0.088490844,0.024769472,8.375798368,7.591016992,0.037002360,-0.121440244,-162.382018089,0.000349483,0.449804776,0.002588217,3.331184497,-2.443125990,-0.528553003,true,OK
1785072289.184973478,0.189948206,0.103520308,8.717300705,7.588212629,0.034550785,-0.122291627,-163.418082147,0.000203361,0.288714071,0.001502420,2.133001985,-2.471643487,-0.535381564,true,OK
1785072290.185053349,0.084518514,0.059283151,8.054483296,7.671237884,0.030365472,-0.123558161,-164.521308459,0.001115694,0.039564681,0.008255193,0.292745293,-2.461662184,-0.644259956,true,OK
1785072291.184957027,0.090173022,0.003106617,8.765699860,7.596821988,0.027157489,-0.124596365,-165.516274655,0.000390826,0.044234660,0.002880171,0.325984963,-1.846913010,0.049573319,true,OK
1785072292.185008287,0.187539831,0.081753682,8.808834928,7.573975806,0.025380121,-0.122632192,-164.855560641,0.000291590,0.165510998,0.002158266,1.225063469,-1.482801311,0.140349081,true,OK
1785072293.184950590,0.082763479,0.037180644,8.365318939,7.670982601,0.026462356,-0.119575101,-165.453003545,0.001158242,0.309642997,0.008579022,2.293506000,-1.440782377,0.345874023,true,OK
1785072294.184951305,0.085281828,0.115985190,8.806029628,7.635412431,0.024359500,-0.119487998,-170.120380169,0.000343117,0.823057058,0.002540427,6.093889038,-0.836357239,-0.182600185,true,OK
1785072295.185051441,0.087570285,0.059906726,8.006330952,7.584714295,0.018461003,-0.119052068,-174.510425841,0.001681559,0.682423143,0.012442769,5.049619808,-0.609709699,-0.573235934,true,OK
1785072296.184993982,0.088357135,0.016161664,8.579161061,7.719752812,0.012596421,-0.109848445,-179.921590664,0.001871487,1.132978546,0.013612356,8.240775688,-0.767740948,-0.826854925,true,OK
1785072297.185009003,0.185774554,0.094694112,8.726731861,7.697755077,0.002541240,-0.104143335,177.904925989,0.002421835,0.407344184,0.017931538,3.016021887,-1.471136230,-0.178271193,true,OK
1785072298.184976339,0.087626549,0.038561247,8.392928030,7.624808458,0.002477901,-0.105713944,179.406156018,0.000417839,0.120331298,0.003341993,0.962442211,-1.152386476,-0.348950538,true,OK
1785072299.184949875,0.086760485,0.116332015,8.804752187,7.591457748,0.001371635,-0.106903258,179.238259583,0.001468430,0.137056110,0.010865024,1.014088116,-1.087510598,-0.060909203,true,OK
1785072300.184946775,0.088465983,0.072040098,7.993971680,7.685960550,0.006084146,-0.104413090,179.423178991,0.000753917,0.125114538,0.005590713,0.927793376,-1.071059173,-0.085041003,true,OK
1785072301.184951067,0.086602874,0.016393210,8.554262252,7.626855761,0.005401983,-0.103936094,179.161553617,0.000254734,0.106531181,0.002072565,0.866757540,-1.103990355,-0.105663498,true,OK
1785072302.185014725,0.188297936,0.095341055,8.731401929,7.623414751,0.004291669,-0.104081413,179.546789133,0.000404462,0.044234660,0.003287636,0.359557816,-1.076861546,-0.106021397,true,OK
1785072303.184982061,0.086553773,0.038454635,8.163915521,7.546770904,0.004498586,-0.104365528,179.493606480,0.000478884,0.269069166,0.003541737,1.989986741,-1.078286182,-0.115255897,true,OK
1785072304.184967518,0.085272418,0.128982963,8.719637303,7.686030344,0.004783165,-0.104885142,179.681867426,0.000095421,0.052339156,0.000777300,0.426356382,-1.084443058,-0.110509495,true,OK
1785072305.184990168,0.187787572,0.074090120,9.050325785,7.637635914,0.004453981,-0.104148454,179.423810373,0.000192302,0.065610604,0.001566718,0.534541188,-1.083220295,-0.097528355,true,OK
1785072306.185010195,0.088018394,0.017410153,8.456182369,7.556105949,0.004129577,-0.104262548,179.288977251,0.000203788,0.148037520,0.001508855,1.096077083,-1.103990220,-0.108344162,true,OK
1785072307.184946775,0.087087438,0.108472494,8.998061032,7.701149121,0.005242076,-0.104107916,179.290028506,0.000392738,0.102792073,0.003217227,0.842050277,-1.102081340,-0.108362217,true,OK
1785072308.184974909,0.084875252,0.052035425,8.109728045,7.632433982,0.005587818,-0.104069819,179.383287533,0.000615851,0.039564681,0.005006094,0.321611140,-1.079860352,-0.106112595,true,OK
1785072309.184972286,0.087652794,0.131064668,8.718635714,7.623978166,0.002235761,-0.105102856,179.424529976,0.001088867,0.131221234,0.008050773,0.970212789,-1.072366586,-0.091878017,true,OK
1785072310.184997082,0.088001126,0.074772975,7.990172959,7.560025737,-0.008058576,-0.109588460,179.189622848,0.000721518,0.365840247,0.005375625,2.725671006,-1.081253106,-0.096551851,true,OK
1785072311.184952497,0.088588772,0.030900883,8.480485683,7.646964583,-0.006648789,-0.109258555,179.213518738,0.001598961,0.310904261,0.013155928,2.558058209,-1.099819307,-0.089390778,true,OK
1785072312.184965372,0.088478901,0.108551355,8.988929567,7.622342815,-0.017543244,-0.113489883,178.805835993,0.000236550,0.280463362,0.001752140,2.077408717,-1.125795761,-0.054489438,true,OK
1785072313.185007334,0.087214533,0.052045672,8.042613335,7.565657857,-0.006289665,-0.107073926,179.072312655,0.001815822,0.111905833,0.013395631,0.825548373,-1.110178779,-0.076423003,true,OK
1785072314.184971809,0.084548113,0.008751603,8.646368137,7.639831750,0.001807868,-0.105137588,179.535932699,0.001211965,0.314657797,0.009876544,2.564208292,-1.086850252,-0.100872118,true,OK
1785072315.184961557,0.185803994,0.087171434,8.772099151,7.627665815,0.007844937,-0.100476191,179.627656623,0.001098836,0.364232137,0.008951913,2.967299442,-1.101874027,-0.083069744,true,OK
1785072316.184986830,0.088900742,0.031328680,8.413330962,7.563477236,0.011105091,-0.098615064,179.414632395,0.000241993,0.071326251,0.001789535,0.527457791,-1.095560694,-0.089503044,true,OK
1785072317.185369968,0.085666652,0.122371936,8.743109957,7.694130985,0.012956262,-0.097055693,179.462834384,0.000524139,0.414958778,0.004255698,3.369218273,-1.103027462,-0.073247146,true,OK
1785072318.185327530,0.085767261,0.065184993,7.971455317,7.622268465,0.011123344,-0.099667433,179.878376970,0.001223923,0.148037520,0.009981174,1.207256353,-1.094086158,-0.062428579,true,OK
1785072319.184958935,0.087179359,0.009762017,8.501538289,7.556260980,0.010688107,-0.100072893,179.553777325,0.000524993,0.115349902,0.003888572,0.854385635,-1.092578075,-0.087175661,true,OK
1785072320.184920073,0.186346306,0.100491371,8.706508550,7.698743836,0.026069536,-0.091429182,179.745814364,0.001404417,0.048456644,0.010400649,0.358853826,-1.094508119,-0.099414008,true,OK
1785072321.184950590,0.088817000,0.044709374,8.406181009,7.633986134,0.027075214,-0.090182478,179.498028614,0.000475839,0.123540700,0.003874267,1.005864618,-1.102905121,-0.098880816,true,OK
1785072322.184966564,0.088949425,0.123453763,8.758961945,7.596167357,0.027661362,-0.090940807,179.747661945,0.000580967,0.206533808,0.004304307,1.530182719,-1.127366609,-0.089009399,true,OK
1785072323.184989691,0.086878095,0.079328015,7.963262252,7.696729956,0.027277879,-0.090915879,179.554706486,0.000036592,0.276245614,0.000270892,2.045037570,-1.128915254,-0.090131017,true,OK
1785072324.184976816,0.086958888,0.022855101,8.474166928,7.632139114,0.026854123,-0.090539679,179.255102613,0.000253001,0.100870555,0.002057933,0.820491281,-1.114241828,-0.090762335,true,OK
1785072325.184984922,0.188514207,0.101826180,8.759477804,7.625272451,0.026284636,-0.091476399,179.432454734,0.000326891,0.115349902,0.002660187,0.938700000,-1.115996048,-0.076832502,true,OK
1785072326.185039282,0.085549915,0.056711167,8.064059665,7.687683394,0.025969933,-0.092574394,179.142343543,0.000050022,0.052339156,0.000369979,0.387117006,-1.127451584,-0.071167567,true,OK
1785072327.184913635,0.086226660,0.000967811,8.698332774,7.635746115,0.026392549,-0.092268011,179.163701091,0.000741910,0.200768942,0.006047982,1.636649488,-1.135491697,-0.080310269,true,OK
1785072328.184934139,0.186778310,0.080014181,8.868037162,7.623528738,0.025756088,-0.091914532,178.985514262,0.000783034,0.429783464,0.006416399,3.521766367,-1.112740324,-0.068154827,true,OK
1785072329.185712099,0.082941905,0.024040596,8.336995688,7.549975194,0.025551952,-0.092410221,179.573612773,0.000187980,0.131221234,0.001391377,0.971265692,-1.085598435,-0.077225323,true,OK
1785072330.185013771,0.087722966,0.114900002,8.965422729,7.704383220,0.026103810,-0.092178435,179.510888238,0.000183554,0.076616680,0.001494863,0.623964594,-1.076676465,-0.071669673,true,OK
1785072331.185102701,0.086806390,0.058448815,8.029349777,7.618979076,0.021402967,-0.093339219,179.669330531,0.002756801,0.126668806,0.022455770,1.031792050,-1.080323308,-0.046990344,true,OK
1785072332.184939623,0.086100721,0.001396859,8.686432007,7.552340790,0.010429156,-0.097453522,179.596492133,0.001303314,0.276245614,0.009658875,2.047259561,-1.140085935,-0.060800692,true,OK
1785072333.185320854,0.186145087,0.093440737,8.803335871,7.702336699,0.022671547,-0.092335191,179.945362069,0.000079299,0.068528042,0.000587162,0.507410960,-1.127924190,-0.094108487,true,OK
1785072334.184952736,0.087587311,0.036804224,8.403829490,7.595363137,0.020279621,-0.094121587,179.880631476,0.000468499,0.052339156,0.003470355,0.387696515,-1.123455328,-0.080777216,true,OK
1785072335.184905767,0.082039226,0.113753986,8.731147321,7.566796184,0.014377775,-0.096806422,179.770068709,0.001398982,0.272681002,0.010354493,2.018234475,-1.147527188,-0.037671314,true,OK
1785072336.184988976,0.087936431,0.071891153,7.977389876,7.676868967,0.007171151,-0.099608756,179.529141657,0.000543137,0.048456644,0.004019548,0.358608967,-1.195447951,-0.029751371,true,OK
1785072337.184987545,0.087820803,0.015390246,8.554853977,7.590605761,0.016382856,-0.094656768,179.269664538,0.003451726,0.076616680,0.025544548,0.567002763,-1.174097309,-0.089935578,true,OK
1785072338.185063362,0.186338060,0.087948378,8.717955469,7.524317390,0.023910263,-0.090993875,179.362846427,0.000719184,0.094872788,0.005313843,0.700987844,-1.150224328,-0.084928212,true,OK
1785072339.185056210,0.087241895,0.050369630,8.198529063,7.700725881,0.023078428,-0.090304080,179.587841378,0.000200733,0.246288351,0.001487079,1.824560489,-1.152726626,-0.098659058,true,OK
1785072340.185005665,0.084608373,0.127650961,8.681927435,7.633169988,0.022523357,-0.090874947,179.776975479,0.000194008,0.113640914,0.001448405,0.848407634,-1.172340668,-0.090407060,true,OK
1785072341.184970140,0.084432576,0.071791539,7.974190464,7.586769830,0.022867314,-0.090989927,-179.981101288,0.000336330,0.123540700,0.002488457,0.914059547,-1.164523212,-0.086324398,true,OK
1785072342.184890270,0.086306772,0.028078926,8.479923375,7.687508287,0.022817540,-0.090997313,179.815673530,0.000180898,0.240662729,0.001339199,1.781637697,-1.188541198,-0.092001448,true,OK
1785072343.185128450,0.186953863,0.106748791,8.685712722,7.637154489,0.012272416,-0.095779522,179.626479331,0.000214710,0.110143430,0.001749097,0.897264752,-1.208760709,-0.090699549,true,OK
1785072344.184977055,0.085168459,0.050513491,8.055305295,7.574972622,0.005598824,-0.099082409,179.669923803,0.000136702,0.135620930,0.001011843,1.003845251,-1.174655872,-0.090818859,true,OK
1785072345.184945107,0.087805205,0.006667859,8.729663815,7.643946415,0.006058370,-0.099030085,179.885999189,0.000755771,0.217605878,0.006154302,1.771982098,-1.174612182,-0.099087947,true,OK
1785072346.184997797,0.187679618,0.084021091,8.858112542,7.615370803,0.006586321,-0.099095998,179.448254766,0.000285398,0.113640914,0.002321926,0.924552067,-1.173819684,-0.080138894,true,OK
1785072347.184984922,0.087087717,0.038312720,8.411730945,7.664926511,0.006208970,-0.099150989,179.448318712,0.000459725,0.365840247,0.003402891,2.707953954,-1.193655432,-0.070118617,true,OK
1785072348.184918880,0.087776256,0.119715021,8.833555965,7.683196883,0.005053555,-0.099595495,179.633808241,0.000736254,0.148037520,0.005953914,1.197144487,-1.198154666,-0.065931722,true,OK
1785072349.184951782,0.085586789,0.063766004,7.968785662,7.598108426,0.006233392,-0.100088702,179.587649989,0.000430054,0.160712550,0.003181768,1.189037653,-1.179208282,-0.080666187,true,OK
1785072350.184957981,0.083962046,0.019752568,7.710723179,7.273663758,0.008299875,-0.102162834,179.780464242,0.000480733,0.027976455,0.003556332,0.206962266,-1.177300503,-0.074813633,true,OK
1785072351.184997797,0.185413790,0.098784537,8.593570588,7.558148544,0.008345801,-0.101378180,-179.461691485,0.000159916,0.096913294,0.001302695,0.789466179,-1.164331440,-0.073806389,true,OK
1785072352.184970140,0.087298013,0.039407700,8.189899036,7.530827274,0.008635243,-0.102222640,-179.685208665,0.000033714,0.123540700,0.000249621,0.914708606,-1.184036053,-0.085106452,true,OK
1785072353.184968710,0.083508222,0.131737118,8.652480723,7.688076117,0.009091288,-0.101865766,-179.750345125,0.000588631,0.163129423,0.004797229,1.329472354,-1.197728299,-0.086673032,true,OK
1785072354.184995413,0.186559171,0.075080057,8.929333846,7.612021684,0.009120277,-0.100486177,-179.607855181,0.000004613,0.019782341,0.000037590,0.161194506,-1.193469242,-0.088558235,true,OK
1785072355.185564518,0.086754441,0.032778571,8.398155342,7.705231529,0.008826915,-0.100796898,-179.866463545,0.000389459,0.393664383,0.002902373,2.933711379,-1.185121724,-0.086213670,true,OK
1785072356.184932470,0.087551765,0.110239026,8.950164865,7.670930609,0.009220371,-0.101035202,-179.426427073,0.000486819,0.402025495,0.003962824,3.272582465,-1.191192357,-0.082787352,true,OK
1785072357.184971571,0.089528108,0.055438157,8.068689177,7.608022137,0.010498568,-0.100909419,-179.823470599,0.000758465,0.027976455,0.005607069,0.206820303,-1.207922285,-0.095238989,true,OK
1785072358.184974670,0.089567179,0.011204050,8.683949562,7.697794011,0.010123363,-0.100173449,-179.797045994,0.000063627,0.052339156,0.000470930,0.387381736,-1.240043475,-0.089524551,true,OK
1785072359.185012817,0.189161151,0.090000236,8.760422963,7.645401718,0.009843028,-0.100055079,-179.510380939,0.000871247,0.065610604,0.007093249,0.534168390,-1.197997191,-0.083238193,true,OK
1785072360.185004950,0.085549836,0.033714399,8.365896217,7.585996128,0.010637007,-0.100487206,-179.779564184,0.000513287,0.139882314,0.003799002,1.035313917,-1.179610364,-0.083974341,true,OK
1785072361.184982300,0.086280637,0.112938896,8.898723753,7.576371250,0.010839281,-0.100537331,-179.751765054,0.000296531,0.174712971,0.002195143,1.293357254,-1.184538731,-0.086061659,true,OK
1785072362.184953690,0.081430030,0.068666617,7.948364065,7.646433629,0.010260241,-0.099387243,-179.575984182,0.000713098,0.071326251,0.005804828,0.580616992,-1.182177740,-0.081780338,true,OK
1785072363.184959412,0.082850801,0.012076090,8.645146471,7.586346162,0.010949344,-0.099963364,-179.749455239,0.000027998,0.219396909,0.000207279,1.624263166,-1.219833320,-0.079894287,true,OK
1785072364.185033560,0.186923511,0.088898897,8.786633573,7.533797056,0.010336448,-0.100121895,-179.517463275,0.000511149,0.123540700,0.003777685,0.913036512,-1.200842624,-0.073182190,true,OK
1785072365.185116053,0.086338880,0.047091720,8.355331145,7.646725705,0.010707661,-0.099430934,-179.610795037,0.000317615,0.173589404,0.002590395,1.415754470,-1.193683784,-0.076165621,true,OK
1785072366.185054302,0.086935283,0.126084036,8.758007164,7.623043100,0.010191533,-0.099139991,-179.752101482,0.000398039,0.419647756,0.002945878,3.105804979,-1.186318291,-0.074295465,true,OK
1785072367.184996843,0.087689694,0.082157391,7.955635038,7.713936812,0.010252373,-0.098567333,-179.156424976,0.000488470,0.271242046,0.003637962,2.020122488,-1.193958598,-0.073205881,true,OK
1785072368.184902191,0.088055305,0.025498433,8.463413800,7.639200994,0.011073789,-0.098667598,-179.511751968,0.000287167,0.218503234,0.002341045,1.781280806,-1.196713370,-0.083142618,true,OK
1785072369.184980154,0.189461046,0.104251455,8.708960402,7.629325694,0.010790933,-0.097547299,-179.853570100,0.000309985,0.139882314,0.002495400,1.126061255,-1.194745159,-0.088099189,true,OK
1785072370.184988022,0.087908341,0.059855174,8.069849277,7.705747357,0.011092066,-0.097332442,-179.830498448,0.000655672,0.463938305,0.004814781,3.406827180,-1.174498698,-0.085407380,true,OK
1785072371.184905291,0.087735716,0.003508193,8.708198954,7.639318672,0.010708051,-0.097988927,-179.195835150,0.000282711,0.092787413,0.002285050,0.749966141,-1.166570659,-0.084805881,true,OK
1785072372.184996843,0.186667227,0.082800543,8.849237235,7.597263445,0.010346772,-0.098397784,-179.341917275,0.000757775,0.128204252,0.005609269,0.949005233,-1.160068840,-0.082727194,true,OK
1785072373.184975386,0.087360276,0.036931567,8.434806095,7.657317531,0.010633057,-0.097990102,-179.462509337,0.000305200,0.027976455,0.002259101,0.207082611,-1.183673745,-0.080829698,true,OK
1785072374.184975624,0.085616372,0.117036767,8.824194052,7.634323408,0.010111666,-0.098668918,-179.247161997,0.000476916,0.145369958,0.003527414,1.075199051,-1.177852487,-0.068676572,true,OK
1785072375.184966087,0.086362468,0.059884690,7.951531699,7.562575480,0.010443758,-0.099158321,-179.101093879,0.000138589,0.106531181,0.001033773,0.794644841,-1.175684022,-0.061401419,true,OK
1785072376.184965849,0.086142489,0.016746399,8.508231720,7.641261568,0.010365482,-0.098956565,-179.254459587,0.000372616,0.367973453,0.003031119,2.993354366,-1.180858022,-0.055252131,true,OK
1785072377.184991598,0.186414784,0.095522797,8.682339913,7.618348607,0.011371631,-0.097980834,-179.200136011,0.000555663,0.292083088,0.004519490,2.375662149,-1.208234226,-0.062287005,true,OK
1785072378.184993744,0.087257120,0.051878563,8.140867335,7.706620786,0.012901313,-0.097014978,-179.244494695,0.000119124,0.323851312,0.000882705,2.399718456,-1.212549119,-0.072717223,true,OK
1785072379.184967279,0.088331105,0.130404508,8.705742011,7.674775169,0.011997863,-0.097528540,-178.932898743,0.000503316,0.516998790,0.004104404,4.215982273,-1.222685148,-0.082760910,true,OK
1785072380.184975147,0.189285623,0.074080532,9.007822476,7.594104423,0.014628028,-0.094603144,-179.175879788,0.000771613,0.371677097,0.005712073,2.751441399,-1.217995676,-0.087330175,true,OK
1785072381.184998751,0.087216533,0.030474135,8.391881227,7.697343734,0.015255850,-0.093262767,-179.164718334,0.000583533,0.213978861,0.004325975,1.586314337,-1.207229250,-0.105599893,true,OK
1785072382.184876442,0.086145837,0.108780921,8.933119969,7.640718150,0.014930955,-0.093470225,-179.212089834,0.000485562,0.125114538,0.003590546,0.925174791,-1.200196180,-0.100966515,true,OK
1785072383.184918165,0.085873412,0.051915166,7.951353630,7.555344735,0.011305065,-0.096206064,-179.378031241,0.001685976,0.201741190,0.012484920,1.493925782,-1.209201514,-0.096067671,true,OK
1785072384.184959412,0.086542206,0.008642717,8.702464799,7.641850197,0.008688642,-0.097038776,-179.112197077,0.000196175,0.111905833,0.001598487,0.911840681,-1.254461807,-0.099049835,true,OK
1785072385.184979200,0.187757352,0.087377083,8.781483813,7.594431845,0.009137448,-0.097094265,-179.233668390,0.000523335,0.389667682,0.003874761,2.885090833,-1.217375753,-0.094006624,true,OK
1785072386.184996367,0.082010832,0.043601989,8.302864621,7.700939750,0.009525085,-0.097623849,-179.040134286,0.000060142,0.125114538,0.000445278,0.926313382,-1.209533356,-0.108845373,true,OK
1785072387.184957981,0.084514361,0.122140650,8.719193808,7.690320332,0.010577106,-0.097389779,-179.212912712,0.000431068,0.000000000,0.003507205,0.000000000,-1.210806563,-0.105609335,true,OK
1785072388.185127020,0.086902992,0.066004430,7.945900882,7.597600962,0.009664868,-0.097028532,-179.250789393,0.000508447,0.259443188,0.003775343,1.926430564,-1.219722212,-0.098359307,true,OK
1785072389.184924364,0.085003605,0.021673805,8.404248571,7.646100290,0.007516541,-0.098964033,-179.072553572,0.000710468,0.088469326,0.005774959,0.719112670,-1.233285183,-0.107049610,true,OK
1785072390.184964180,0.187297317,0.100743442,8.700759252,7.635063201,0.005303975,-0.101143387,-179.256486444,0.000346412,0.027976455,0.002812421,0.227132929,-1.232217649,-0.098794662,true,OK
1785072391.184951544,0.086984692,0.056458593,8.143215954,7.710737728,0.006122251,-0.100758492,-179.219504452,0.000518146,0.203671772,0.003836966,1.508226510,-1.208642182,-0.111203536,true,OK
1785072392.184898376,0.086978356,0.000322296,8.704879343,7.636382351,0.007812466,-0.098966469,-178.930509796,0.000372089,0.279764815,0.003030162,2.278308930,-1.196736380,-0.085277770,true,OK
1785072393.184987068,0.188664719,0.079211704,8.964749425,7.596806835,0.008246325,-0.099427777,-179.010179751,0.000432607,0.417778499,0.003204685,3.094839245,-1.190461997,-0.080665999,true,OK
1785072394.185010910,0.087098598,0.034842257,8.409603171,7.686511523,0.007333226,-0.100483489,-178.648878865,0.000582555,0.307104889,0.004310487,2.272353709,-1.232739163,-0.085026908,true,OK
1785072395.185027838,0.087535064,0.114070398,8.959828207,7.642320659,0.007746444,-0.100160453,-179.272817787,0.000345790,0.102792073,0.002559732,0.760925379,-1.242722076,-0.082829953,true,OK
1785072396.184949875,0.086320125,0.057305829,7.980320884,7.565540007,0.007821929,-0.099692800,-179.403810666,0.000386120,0.319593916,0.002857269,2.364977743,-1.221655964,-0.095507451,true,OK
1785072397.184968948,0.087240395,0.013442966,8.733570142,7.641009893,0.007946964,-0.100107745,-178.976672594,0.000061023,0.167858796,0.000498267,1.370599076,-1.218322406,-0.095379000,true,OK
1785072398.184965134,0.185394891,0.092081171,8.721273837,7.616416027,0.008822886,-0.099821264,-179.234163948,0.000384783,0.159490387,0.003133411,1.298780476,-1.221109565,-0.076794134,true,OK
1785072399.184999943,0.088293466,0.048307566,8.426266437,7.704065834,0.008414009,-0.099549958,-178.946207375,0.000367705,0.113640914,0.002724418,0.841993426,-1.236000717,-0.084279349,true,OK
1785072400.184956074,0.087398175,0.126976580,8.759741638,7.693240557,0.008211835,-0.099490398,-178.774072754,0.000147707,0.065610604,0.001203545,0.534609261,-1.218295117,-0.089898820,true,OK
1785072401.184992075,0.085456033,0.070445089,7.962955644,7.598514149,0.008815548,-0.099947525,-178.818606542,0.000276155,0.211217717,0.002035827,1.557104946,-1.180274594,-0.096756740,true,OK
1785072402.185041189,0.087283684,0.026590145,8.434708417,7.648219366,0.008849345,-0.100639517,-178.928377860,0.000347286,0.173589404,0.002831007,1.415067333,-1.181171890,-0.097310100,true,OK
1785072403.184917212,0.188136948,0.105431321,8.683409469,7.643755111,0.007784954,-0.101723663,-178.997033934,0.000535937,0.083929371,0.004364088,0.683429697,-1.194022296,-0.080132750,true,OK
1785072404.184995174,0.086997498,0.049173685,8.073851561,7.559683704,0.008328134,-0.104068548,-178.913505410,0.000483005,0.342640709,0.003577005,2.537506260,-1.199529866,-0.077798378,true,OK
1785072405.184987068,0.084730045,0.005227087,8.674197242,7.640205439,0.008997436,-0.104203253,-178.872781881,0.000560096,0.258687892,0.004552365,2.102569797,-1.216139003,-0.072535561,true,OK
1785072406.184998989,0.186276980,0.083399031,8.847569806,7.587565219,0.008673973,-0.103836641,-178.639825513,0.000243588,0.383594550,0.001806625,2.845020839,-1.212545486,-0.084177662,true,OK
1785072407.185036659,0.086672662,0.038603457,8.394561333,7.675343335,0.008667195,-0.103423149,-178.619892313,0.000380526,0.055952910,0.002818232,0.414395280,-1.209956545,-0.084742246,true,OK
1785072408.185027361,0.087857240,0.118274878,8.875765684,7.639400451,0.008784406,-0.103746980,-178.763475646,0.000098475,0.134170395,0.000729475,0.993894085,-1.209823678,-0.070323063,true,OK
1785072409.184971809,0.087049178,0.062007990,7.964756468,7.587734544,0.008866423,-0.103489918,-178.235859034,0.000340164,0.111905833,0.002491110,0.819514741,-1.209620488,-0.081242325,true,OK
1785072410.184927464,0.082745625,0.018287229,8.423808174,7.644037415,0.008906298,-0.103391954,-178.709287826,0.000363013,0.125114538,0.002952675,1.017657214,-1.227724605,-0.077869647,true,OK
1785072411.184961557,0.187447531,0.097251638,8.720292896,7.621400026,0.008110739,-0.103117248,-178.610007038,0.000359672,0.115349902,0.002932492,0.940476190,-1.214975484,-0.078897906,true,OK
1785072412.184972525,0.085212342,0.053223689,8.177796495,7.710103266,0.008930926,-0.103538703,-178.747581069,0.000170491,0.441018645,0.001260590,3.260832644,-1.189151866,-0.074165839,true,OK
1785072413.184990883,0.085700310,0.131741162,8.716012217,7.656211503,0.009051704,-0.104542324,-178.760820390,0.000098281,0.055952910,0.000727042,0.413915012,-1.190274001,-0.069592157,true,OK
1785072414.184977055,0.188671726,0.075558246,8.996867265,7.561932548,0.009220126,-0.104559873,-178.882024891,0.000965595,0.090654086,0.007151403,0.671403373,-1.199601785,-0.069356174,true,OK
1785072415.184975863,0.088497134,0.031021583,8.396450359,7.645493207,0.009108508,-0.104586480,-178.857063932,0.000649771,0.079129369,0.005382891,0.655530911,-1.221530469,-0.076575929,true,OK
1785072416.184965611,0.084586327,0.109075469,8.859812573,7.589638682,0.009016629,-0.105205205,-178.534180699,0.000101568,0.357180047,0.000751513,2.642817758,-1.201213644,-0.086651806,true,OK
1785072417.184935331,0.087908584,0.066083728,7.992712638,7.717525750,0.009129044,-0.105454938,-178.596689597,0.000086229,0.062557256,0.000628049,0.455633072,-1.204433969,-0.094215264,true,OK
1785072418.185677767,0.086407046,0.010412864,8.652034501,7.596533627,0.009483738,-0.104921775,-178.809527383,0.000503939,0.121946558,0.003723318,0.900993722,-1.206954305,-0.087817167,true,OK
1785072419.185285568,0.187035251,0.085833277,8.745961205,7.527480361,0.008540068,-0.104897116,-178.619186679,0.000143576,0.059347027,0.001067432,0.441222621,-1.195082905,-0.075748019,true,OK
1785072420.185863495,0.087570954,0.045573443,8.348950091,7.645517245,0.008828154,-0.104732825,-178.417374486,0.000036184,0.110143430,0.000294807,0.897396099,-1.197849767,-0.084484277,true,OK
1785072421.184958220,0.087127210,0.000318367,8.732157422,7.700610257,0.009164797,-0.105203389,-178.629150104,0.000248762,0.148037520,0.001842130,1.096247030,-1.206627097,-0.077094864,true,OK
1785072422.185003281,0.082619844,0.079716556,7.888970156,7.698027025,0.009361180,-0.104216282,-179.091842606,0.000327377,0.121946558,0.002416750,0.900228652,-1.203193962,-0.083182327,true,OK
1785072423.185255527,0.088006252,0.023646211,8.457591294,7.598189462,0.009275363,-0.103711243,-178.463769093,0.000193565,0.068528042,0.001422853,0.503735009,-1.202456605,-0.072603866,true,OK
1785072424.184940338,0.186428205,0.101583660,8.672564287,7.554097092,0.009440136,-0.103321579,-178.267582559,0.000842522,0.336881605,0.006227625,2.490108983,-1.208782439,-0.081547759,true,OK
1785072425.184973478,0.086645538,0.057932502,8.049335325,7.639863490,0.011173643,-0.102870096,-178.512624654,0.000651686,0.258687892,0.005306562,2.106449141,-1.215312988,-0.086993612,true,OK
1785072426.184971333,0.085703827,0.013141309,8.654602754,7.692754566,0.010936478,-0.102206920,-178.490667402,0.000114775,0.154505069,0.000849164,1.143103612,-1.231265552,-0.094360196,true,OK
1785072427.184980631,0.187113675,0.092171744,8.737720221,7.691799239,0.010749805,-0.102741925,-178.211536553,0.000523506,0.121946558,0.003899431,0.908340708,-1.208846017,-0.093167056,true,OK
1785072428.184994698,0.082944754,0.036104309,8.284676205,7.591777778,0.010942903,-0.102542540,-178.162345017,0.000286793,0.285990293,0.002120175,2.114238150,-1.182584195,-0.098507018,true,OK
1785072429.184976339,0.087322386,0.115305992,8.801516938,7.563999369,0.011167484,-0.103237611,-178.022810002,0.000671257,0.305187446,0.004967149,2.258318354,-1.198494320,-0.083075128,true,OK
1785072430.184929371,0.086150424,0.071194800,7.985047963,7.644528118,0.010703644,-0.102462744,-178.385716229,0.000408044,0.354430335,0.003325611,2.888651553,-1.199855652,-0.074388565,true,OK
1785072431.184955835,0.087192435,0.026913453,8.499258594,7.704953096,0.010033412,-0.103118431,-177.956832896,0.000555836,0.062557256,0.004115684,0.463204494,-1.196698795,-0.090456597,true,OK
1785072432.184986591,0.185297468,0.105795277,8.687693519,7.648892400,0.009963352,-0.103349296,-178.313738518,0.000128712,0.129721514,0.001048616,1.056838958,-1.162796014,-0.083288348,true,OK
1785072433.185224771,0.087082913,0.049853552,8.034430623,7.588670672,0.010037564,-0.103522812,-178.672625152,0.000493605,0.120331298,0.003655663,0.891178786,-1.153281213,-0.073851463,true,OK
1785072434.184921026,0.082412180,0.003153089,8.606891353,7.621983343,0.009592176,-0.103509273,-178.374270269,0.000046076,0.083929371,0.000375462,0.683920385,-1.173922787,-0.074391166,true,OK
1785072435.184969902,0.184059055,0.084052776,8.763268657,7.637390676,0.009720732,-0.103792198,-178.414325560,0.000173032,0.129721514,0.001408406,1.055876131,-1.175234328,-0.084146227,true,OK
1785072436.184988260,0.088661005,0.037980538,8.386968361,7.673482186,0.010298927,-0.103609629,-178.259925706,0.000063455,0.027976455,0.000469512,0.207001282,-1.187803645,-0.104222591,true,OK
1785072437.184892893,0.088547462,0.118390459,8.839076293,7.690373655,0.010369624,-0.103282336,-178.638756415,0.000206599,0.211217717,0.001677605,1.715105986,-1.191882151,-0.111405766,true,OK
1785072438.185091019,0.088307767,0.062358156,7.991716770,7.591667524,0.010391261,-0.103509959,-178.512511120,0.000305361,0.404935262,0.002264178,3.002499496,-1.179661736,-0.106063729,true,OK
1785072439.184976816,0.086315049,0.016734564,8.577645172,7.624258771,0.010902775,-0.103644476,-178.458381204,0.000026124,0.027976455,0.000212497,0.227561268,-1.187424539,-0.100545294,true,OK
1785072440.184975624,0.187764590,0.096327422,8.738766323,7.597637984,0.011047916,-0.103509743,-178.312413642,0.000531757,0.145369958,0.003937425,1.076399673,-1.185584166,-0.093254246,true,OK
1785072441.184992075,0.088341178,0.053487132,8.216536315,7.697670915,0.010053523,-0.102590590,-178.036926459,0.000088308,0.219396909,0.000654938,1.627169490,-1.190958741,-0.099639342,true,OK
1785072442.185047865,0.088347883,0.131907178,8.740000040,7.646512358,0.010461224,-0.102705771,-178.268786889,0.000154512,0.121946558,0.001143632,0.902598004,-1.194865279,-0.115395094,true,OK
1785072443.184998035,0.186128609,0.083820370,8.969266500,7.648385623,0.011163621,-0.102471849,-178.162876026,0.000944873,0.228141232,0.006987624,1.687173209,-1.170744723,-0.108594505,true,OK
1785072444.185212851,0.087436845,0.031667830,8.399820677,7.592963568,0.011393320,-0.101870699,-178.310731612,0.000149819,0.376385392,0.001099831,2.763075530,-1.177539179,-0.105295667,true,OK
1785072445.184956312,0.087502294,0.111099581,8.911781954,7.584591698,0.011360994,-0.101517508,-178.361891500,0.000133534,0.138476416,0.000988378,1.024959443,-1.212080416,-0.097284942,true,OK
1785072446.184976101,0.085003038,0.066849585,7.991740831,7.644464782,0.011249784,-0.102455874,-178.214170884,0.000229279,0.110143430,0.001872376,0.899473372,-1.222083081,-0.091719316,true,OK
1785072447.185053349,0.084407107,0.022608809,8.403355345,7.709178706,0.011673051,-0.102736756,-177.769457804,0.000128210,0.399094517,0.000948425,2.952268607,-1.223802912,-0.100810240,true,OK
1785072448.184976339,0.187326366,0.101612923,8.694835814,7.677261684,0.011708533,-0.102895401,-178.118005052,0.000283219,0.338041270,0.002094127,2.499485190,-1.203764994,-0.090647673,true,OK
1785072449.185018539,0.086008309,0.045110356,8.051668639,7.588966430,0.011402383,-0.103083073,-178.314875436,0.000280029,0.071326251,0.002070759,0.527443936,-1.193520854,-0.083876890,true,OK
1785072450.184919596,0.087892577,0.001438543,8.717957876,7.649982359,0.011604234,-0.103519995,-177.810829767,0.000279269,0.113640914,0.002276310,0.926281921,-1.199625330,-0.064513682,true,OK
1785072451.184916496,0.187156991,0.079939667,8.946151499,7.621998061,0.011685468,-0.103739355,-177.996644897,0.000348939,0.117033931,0.002844213,0.953948011,-1.208934846,-0.070408418,true,OK
1785072452.184991121,0.085734230,0.035010181,8.400279909,7.689095709,0.011407837,-0.103134057,-178.179854176,0.000214752,0.104678325,0.001589928,0.774991880,-1.201918277,-0.085379210,true,OK
1785072453.184917688,0.086232104,0.114766229,8.838893768,7.645981383,0.011611322,-0.102763176,-177.974839197,0.000260191,0.275536395,0.001925624,2.039189817,-1.168482724,-0.083724485,true,OK
1785072454.184976101,0.084970109,0.071000247,7.982915752,7.715696259,0.011336720,-0.103517974,-177.884763060,0.000135867,0.118694067,0.001009740,0.882113793,-1.171154718,-0.066992671,true,OK
1785072455.184944391,0.084491332,0.014627294,8.490279023,7.601792351,0.011551034,-0.103270641,-177.792465199,0.000166746,0.138476416,0.001233214,1.024141263,-1.175017903,-0.066778758,true,OK
1785072456.184967756,0.187370599,0.093383666,8.736856485,7.560249395,0.011163053,-0.102644749,-177.813773235,0.000245464,0.138476416,0.001816438,1.024727093,-1.196256223,-0.070919510,true,OK
1785072457.184986353,0.086409917,0.048544354,8.326429053,7.631398777,0.010735035,-0.103346639,-178.066398227,0.000234319,0.108352360,0.001910135,0.883272804,-1.208166122,-0.080624508,true,OK
1785072458.184895277,0.087726714,0.002800745,8.777784960,7.677736416,0.011479354,-0.103699642,-177.959897408,0.000397372,0.263929582,0.002941861,1.953949122,-1.167947506,-0.089657493,true,OK
1785072459.184968710,0.187420884,0.083617511,8.848732694,7.661853367,0.011764151,-0.104050182,-178.224855274,0.000285600,0.055952910,0.002336297,0.457712195,-1.164196604,-0.089601218,true,OK
1785072460.184961319,0.087787776,0.040014424,8.396560883,7.711990808,0.011412178,-0.103628819,-178.331818477,0.000537553,0.326858356,0.003980745,2.420485732,-1.180130898,-0.087399427,true,OK
1785072461.184965849,0.086385684,0.117240471,8.817345196,7.669668134,0.011267817,-0.103602355,-178.204008956,0.000255367,0.108352360,0.002075343,0.880569623,-1.191560139,-0.078987649,true,OK
1785072462.184981823,0.088725522,0.062660323,7.968874658,7.600419293,0.011454055,-0.104489603,-178.008069625,0.000471146,0.427958469,0.003499231,3.178472596,-1.186549742,-0.102336116,true,OK
1785072463.184990168,0.086805503,0.018100949,8.544255268,7.646186617,0.012053461,-0.104843686,-178.341143066,0.000504642,0.141274205,0.004098874,1.147476549,-1.178241375,-0.102728830,true,OK
1785072464.185014248,0.185939170,0.096664177,8.725042051,7.604026908,0.011822315,-0.104901863,-178.373465609,0.000501937,0.385121790,0.003712075,2.848166051,-1.176483178,-0.096485228,true,OK
1785072465.184960842,0.086694410,0.053416958,8.143497064,7.654322439,0.011668760,-0.104883334,-177.961760689,0.000482099,0.260947217,0.003919545,2.121546238,-1.169534179,-0.081202005,true,OK
1785072466.184961319,0.086208691,0.131628877,8.723818764,7.629682077,0.011719626,-0.104819801,-178.143385158,0.000265388,0.106531181,0.001962717,0.787867709,-1.197762317,-0.079677432,true,OK
1785072467.185006142,0.187670785,0.086214620,8.988819688,7.679516568,0.011713634,-0.104686470,-178.037469748,0.000309307,0.398603917,0.002289631,2.950647296,-1.205445055,-0.076875811,true,OK
1785072468.186303139,0.088791076,0.032621706,8.442364906,7.590356853,0.011468764,-0.103840779,-178.284584471,0.000527418,0.120331298,0.003920588,0.894489224,-1.220019774,-0.101375271,true,OK
1785072469.184964895,0.087185867,0.110720879,8.756241308,7.566667397,0.011466756,-0.103979378,-178.148308043,0.000151184,0.294750570,0.001118558,2.180755173,-1.199291924,-0.098787123,true,OK
1785072470.185012579,0.088032125,0.066829357,7.957882530,7.640770891,0.011046480,-0.104545590,-178.042718848,0.000210267,0.171320168,0.001711636,1.394598847,-1.201421435,-0.087429603,true,OK
1785072471.184884071,0.088986350,0.022118559,8.491642938,7.711611918,0.011478220,-0.104367154,-177.968890525,0.000529972,0.117033931,0.003892868,0.859663187,-1.234587801,-0.083538703,true,OK
1785072472.184926748,0.188823810,0.101684249,8.708558046,7.653898290,0.010674189,-0.104113125,-178.064179691,0.000595951,0.134170395,0.004854423,1.092907672,-1.234028202,-0.087616607,true,OK
1785072473.184976339,0.086743788,0.057183247,8.058940804,7.709255081,0.010385618,-0.104883566,-177.653988105,0.000195105,0.121946558,0.001441611,0.901050210,-1.226924228,-0.086724660,true,OK
1785072474.184916496,0.086267051,0.001083671,8.725658756,7.600655230,0.011005785,-0.104644789,-177.902464564,0.000282609,0.166689032,0.002091463,1.233590474,-1.210470619,-0.079541116,true,OK
1785072475.184995174,0.185792482,0.079956963,8.854224560,7.587647611,0.011269594,-0.104320678,-178.218666651,0.000545866,0.121946558,0.004040258,0.902594130,-1.203732037,-0.089616012,true,OK
1785072476.184975147,0.084875450,0.035592993,8.380024746,7.645011645,0.011065851,-0.104236182,-178.107273149,0.000122071,0.159490387,0.000996099,1.301445650,-1.224962140,-0.084251066,true,OK
1785072477.185014725,0.088128427,0.114760726,8.986439863,7.598398161,0.010707306,-0.104078055,-177.599760131,0.000526757,0.118694067,0.003896860,0.878078706,-1.235556911,-0.085061120,true,OK
1785072478.184909344,0.087276084,0.070025512,8.010229052,7.638829291,0.011611606,-0.104490134,-177.990118763,0.000441368,0.108352360,0.003592523,0.881935430,-1.236156777,-0.081190141,true,OK
1785072479.184971809,0.086828682,0.026703940,8.471323374,7.710980392,0.011815626,-0.103570459,-177.543696745,0.000342068,0.253337773,0.002531228,1.874641784,-1.220315904,-0.095273148,true,OK
1785072480.184974670,0.187211634,0.104748628,8.727386622,7.668201694,0.011142842,-0.104153772,-177.419752577,0.000271230,0.364232137,0.002009329,2.698306848,-1.204354330,-0.076264402,true,OK
1785072481.184989214,0.088578809,0.048863064,8.109430221,7.589081195,0.011379884,-0.104588607,-177.103499694,0.000066630,0.108352360,0.000492998,0.801697980,-1.206426093,-0.077173222,true,OK
1785072482.184991598,0.087021478,0.005256323,8.708527823,7.651881711,0.012243804,-0.104025044,-177.144690890,0.000227703,0.059347027,0.001829485,0.476825657,-1.217800764,-0.083625342,true,OK
1785072483.184981108,0.188513919,0.082881275,8.872129644,7.586264672,0.012518255,-0.103072628,-177.223960212,0.000311896,0.307741377,0.002308822,2.278065724,-1.210459161,-0.076856407,true,OK
1785072484.184972763,0.088056060,0.038950327,8.384373243,7.643668293,0.012617682,-0.103110949,-177.234315179,0.000090634,0.142652530,0.000737538,1.160845963,-1.208772028,-0.071470244,true,OK
1785072485.184905529,0.083278112,0.118196546,8.813271887,7.619159494,0.013013531,-0.103354266,-176.910781391,0.000206724,0.288714071,0.001551416,2.166730325,-1.186090288,-0.067624302,true,OK
1785072486.184974194,0.083533645,0.074601507,7.961131646,7.711435617,0.013393483,-0.103163893,-177.016690317,0.000215749,0.121946558,0.001597680,0.903046901,-1.199029760,-0.090079164,true,OK
1785072487.185031176,0.088537088,0.018564704,8.681213737,7.602370786,0.013113677,-0.102582060,-176.926385471,0.000217383,0.351102272,0.001605024,2.592323210,-1.223624629,-0.085443029,true,OK
1785072488.184994698,0.079262667,0.109673811,8.871980047,7.717503561,0.012961071,-0.103167732,-176.842318709,0.000078203,0.055952910,0.000635867,0.454949929,-1.238432353,-0.086388202,true,OK
1785072489.185007811,0.085233256,0.053162910,7.980853485,7.600738255,0.013118568,-0.103284643,-176.954547702,0.000554151,0.254877847,0.004092825,1.882466167,-1.201630029,-0.098679879,true,OK
1785072490.184988260,0.086782612,0.009315534,8.693434654,7.703720748,0.013735157,-0.102789413,-177.200715427,0.000399582,0.292083088,0.002959555,2.163350797,-1.196516281,-0.093211420,true,OK
1785072491.184956789,0.186990668,0.086458882,8.755068794,7.631327003,0.013868069,-0.102694673,-177.184483256,0.000324793,0.106531181,0.002642981,0.866889335,-1.202060501,-0.062624319,true,OK
1785072492.185062885,0.087959439,0.043953024,8.387388559,7.702464735,0.013884106,-0.103499785,-176.788328620,0.000093167,0.353324458,0.000690017,2.616790705,-1.229062774,-0.063571699,true,OK
1785072493.185051203,0.088313863,0.122436314,8.822325439,7.617656047,0.013563278,-0.103433629,-176.988807819,0.000551046,0.404451759,0.004075037,2.990957840,-1.237552685,-0.078074869,true,OK
1785072494.184987307,0.188396811,0.078830277,8.998242696,7.651069358,0.013642575,-0.102592176,-177.494837972,0.000361820,0.108352360,0.002942048,0.881038984,-1.226249113,-0.076677910,true,OK
1785072495.185054541,0.087746815,0.034621699,8.432073135,7.710306363,0.012896372,-0.102214352,-177.236187433,0.000473922,0.115349902,0.003505108,0.853123818,-1.197916637,-0.084535145,true,OK
1785072496.184975386,0.087786672,0.113662174,8.980379438,7.646239413,0.013013252,-0.102652319,-177.114943797,0.000053796,0.074018747,0.000398267,0.547980038,-1.184122528,-0.082383857,true,OK
1785072497.185006380,0.086236845,0.069772374,8.003336083,7.709372476,0.013315283,-0.102574363,-177.049549462,0.000295474,0.083929371,0.002186622,0.621110114,-1.187021384,-0.082886615,true,OK
1785072498.184933424,0.087728623,0.013491035,8.718922464,7.603436720,0.012832096,-0.101853957,-177.140116003,0.000293645,0.106531181,0.002171797,0.787904495,-1.200035689,-0.089716325,true,OK
1785072499.184948206,0.186710508,0.104445176,8.743152486,7.710677363,0.012694158,-0.102492152,-177.172833576,0.000516875,0.027976455,0.003826421,0.207109304,-1.196394082,-0.095023517,true,OK
1785072500.184996843,0.084986818,0.059573273,8.049060307,7.703760259,0.012738657,-0.102473984,-177.089754332,0.000167920,0.111905833,0.001242721,0.828177894,-1.178500130,-0.096555202,true,OK
1785072501.184954166,0.087298233,0.004026302,8.713845495,7.604521854,0.013097617,-0.102656833,-177.638338104,0.000297123,0.141274205,0.002197382,1.044798261,-1.191104830,-0.081577829,true,OK
1785072502.184975863,0.186828923,0.094847028,8.824577595,7.707339918,0.012326355,-0.102216068,-177.457641100,0.000193084,0.337461931,0.001429359,2.498157289,-1.200726016,-0.072286533,true,OK
1785072503.184973478,0.087827871,0.037109792,8.196191801,7.581972446,0.012194740,-0.102300588,-177.195232196,0.000231269,0.153233400,0.001711621,1.134081643,-1.222105675,-0.078180725,true,OK
1785072504.185014725,0.088348930,0.130075723,8.749583757,7.716493558,0.012015690,-0.102553576,-177.265284103,0.000368635,0.417309857,0.003005424,3.402259216,-1.218481009,-0.085616401,true,OK
1785072505.184926510,0.086723437,0.085545454,7.997125934,7.755384906,0.012131956,-0.102148808,-177.497926170,0.000253444,0.231546534,0.001872252,1.710491103,-1.193053645,-0.098463108,true,OK
1785072506.184957504,0.085808097,0.029685975,8.441466586,7.607330670,0.012236233,-0.101750349,-177.414156924,0.000385083,0.123540700,0.002855295,0.916023232,-1.197245265,-0.101698074,true,OK
1785072507.184957981,0.086674594,0.118856813,8.825709008,7.683660637,0.012639491,-0.102455604,-177.439944037,0.000379038,0.128204252,0.003034519,1.026383642,-1.215990610,-0.094641030,true,OK
1785072508.184982538,0.087217320,0.064411522,8.011936232,7.604166581,0.013559440,-0.102553649,-177.597126666,0.000102949,0.081564685,0.000761124,0.603025530,-1.208553755,-0.094409647,true,OK
1785072509.185003519,0.085720222,0.020022890,8.508085335,7.641705651,0.013835984,-0.102694462,-177.681177213,0.000541101,0.121946558,0.004394317,0.990335318,-1.234832556,-0.093531343,true,OK
1785072510.184969902,0.081012260,0.111139732,8.871747597,7.721795962,0.013025340,-0.102507305,-177.257846596,0.000364423,0.243089661,0.002966881,1.979070048,-1.211496106,-0.088048772,true,OK
1785072511.185284615,0.087722371,0.055614785,8.034099232,7.610542808,0.013268201,-0.103437323,-177.493109460,0.000670126,0.325658857,0.004948516,2.404814168,-1.220113699,-0.087493559,true,OK
1785072512.185101032,0.081724406,0.011524590,8.614715395,7.653921908,0.012860251,-0.103712856,-177.530505480,0.000285841,0.171320168,0.002326250,1.394250027,-1.224739085,-0.084114273,true,OK
1785072513.184987307,0.187350715,0.090164366,8.790834059,7.598628783,0.012743036,-0.103312702,-177.735898073,0.000826289,0.238211092,0.006121809,1.764858803,-1.228338330,-0.068951306,true,OK
1785072514.184957743,0.086854044,0.045904656,8.385494599,7.650190998,0.012360225,-0.103231315,-177.187878875,0.000055700,0.118694067,0.000454054,0.967565958,-1.225229534,-0.087983974,true,OK
1785072515.184926033,0.085406596,0.001961636,8.714129432,7.655697378,0.012948657,-0.103070452,-177.389525403,0.000022123,0.145369958,0.000180147,1.183739566,-1.205774727,-0.098566733,true,OK
1785072516.184975624,0.188470943,0.080433669,8.992654099,7.595971599,0.013336463,-0.102966921,-177.700856094,0.000139079,0.000000000,0.001029926,0.000000000,-1.170586138,-0.096135379,true,OK
1785072517.184970140,0.088101414,0.036709385,8.421454524,7.647598758,0.013117307,-0.102404423,-177.929637276,0.000302312,0.288714071,0.002464174,2.353333426,-1.184727059,-0.096421582,true,OK
1785072518.184968710,0.085220367,0.114081115,8.781240002,7.583476337,0.012458952,-0.103427096,-177.673920649,0.000270670,0.094872788,0.001985524,0.695947410,-1.191699730,-0.087142715,true,OK
1785072519.184990406,0.086980909,0.071798162,7.985622805,7.649648268,0.013356577,-0.104199226,-177.922456652,0.000713541,0.351102272,0.005815317,2.861462473,-1.189305377,-0.092082394,true,OK
1785072520.184965849,0.087373574,0.027528828,8.456666123,7.705005412,0.013301299,-0.104000035,-177.632389537,0.000566683,0.000000000,0.004194424,0.000000000,-1.203993756,-0.100108099,true,OK
1785072521.184969425,0.187716651,0.104763131,8.732725685,7.596708245,0.012372125,-0.102950385,-177.445981335,0.000869441,0.401050886,0.006433767,2.967732216,-1.190745856,-0.091336924,true,OK
1785072522.185103416,0.084752099,0.062072965,8.038115072,7.645441046,0.012705941,-0.103333424,-177.474586568,0.000346936,0.108352360,0.002795244,0.872990202,-1.171205331,-0.097459544,true,OK
1785072523.185295582,0.086092554,0.018839849,8.567437996,7.716630820,0.012502022,-0.103942527,-177.767228170,0.000350114,0.074018747,0.002585795,0.546670750,-1.199615798,-0.091152450,true,OK
1785072524.184984922,0.187236777,0.097346251,8.717315270,7.651606763,0.012203299,-0.103932508,-177.819397109,0.000511798,0.158258778,0.004164112,1.287630673,-1.212800352,-0.081231930,true,OK
1785072525.184993505,0.084539612,0.052744046,8.140640235,7.702457919,0.011822373,-0.103072426,-177.929015798,0.000165681,0.019782341,0.001225031,0.146269037,-1.200495416,-0.099710218,true,OK
1785072526.184938192,0.085702356,0.007842253,8.707847022,7.700324918,0.011639151,-0.103036318,-177.736092776,0.000663824,0.169020462,0.004912127,1.250707315,-1.191872966,-0.108606379,true,OK
1785072527.185161114,0.188380656,0.084664831,8.765019837,7.615514664,0.012202709,-0.103086425,-177.942115481,0.000430190,0.158258778,0.003504258,1.289150799,-1.186840401,-0.087585450,true,OK
1785072528.184942484,0.087837747,0.040048648,8.355258329,7.658232717,0.012086833,-0.102422218,-177.881506383,0.000367211,0.354981980,0.002716930,2.626451487,-1.196992493,-0.093989758,true,OK
1785072529.185017824,0.086157536,0.122857488,8.729077814,7.629200192,0.012507802,-0.102069876,-178.346169872,0.000831859,0.288035534,0.006171159,2.136796789,-1.218702783,-0.086007050,true,OK
1785072530.184983253,0.185040144,0.078027249,8.897954378,7.642798602,0.012591962,-0.102347272,-177.842738040,0.000032988,0.129721514,0.000267902,1.053505911,-1.218619498,-0.086645555,true,OK
1785072531.185002327,0.083798758,0.034964668,8.314738570,7.712619736,0.012816122,-0.102998866,-178.320851435,0.000289124,0.132704012,0.002140123,0.982287626,-1.196671558,-0.089950401,true,OK
1785072532.184996128,0.087470834,0.113743115,8.962559881,7.648137043,0.012798988,-0.103084013,-178.500702168,0.000326967,0.171320168,0.002419309,1.267641394,-1.198251627,-0.076247994,true,OK
1785072533.184936047,0.083122530,0.069814090,8.010857271,7.731519338,0.012909676,-0.102758946,-178.695228124,0.000543960,0.343780950,0.004025212,2.543922388,-1.207033360,-0.068076337,true,OK
1785072534.185139179,0.085920914,0.013775433,8.692406540,7.607780807,0.012796546,-0.103793804,-178.327965490,0.000049750,0.242283378,0.000368247,1.793375713,-1.214084450,-0.075869997,true,OK
1785072535.184979916,0.185486434,0.101791485,8.747989131,7.674494762,0.012639297,-0.104593921,-178.559836329,0.000379728,0.150657858,0.002812582,1.115896805,-1.217685921,-0.082812306,true,OK
1785072536.184978008,0.084507701,0.060508630,8.059511621,7.753982605,0.011838059,-0.104080414,-178.336048836,0.000152874,0.178041140,0.001131059,1.317258681,-1.188955946,-0.089953692,true,OK
1785072537.185020208,0.084207440,0.004067948,8.681692439,7.613844888,0.012020673,-0.104309133,-178.423408549,0.000090671,0.176938705,0.000661524,1.290921675,-1.202573908,-0.082287445,true,OK
1785072538.185003519,0.188193361,0.095083903,8.826588816,7.712801137,0.011451613,-0.104460584,-178.187534668,0.000510460,0.118694067,0.003777653,0.878394675,-1.217891950,-0.073163923,true,OK
1785072539.185002804,0.087851853,0.036894794,8.194417640,7.577264534,0.012540751,-0.104361082,-178.319236857,0.000694047,0.414014638,0.005133441,3.062214234,-1.216231370,-0.086246968,true,OK
1785072540.184927940,0.089879787,0.130115298,8.764607141,7.668844270,0.012494135,-0.103673804,-178.299265811,0.000116532,0.238211092,0.000863006,1.764127049,-1.216426749,-0.096849829,true,OK
1785072541.184959888,0.187847219,0.085353297,8.958458294,7.699831395,0.012537858,-0.104224083,-178.402987486,0.000382469,0.338041270,0.002832779,2.503722109,-1.182160783,-0.100541883,true,OK
1785072542.184968472,0.081424843,0.028241040,8.342514626,7.584176766,0.012607267,-0.103325938,-177.925965954,0.000597510,0.389165209,0.004421681,2.879890320,-1.179427251,-0.097723950,true,OK
1785072543.184981823,0.083137324,0.120818138,8.794391244,7.708258899,0.012485390,-0.103573985,-178.311798481,0.000164935,0.113640914,0.001342596,0.925056106,-1.185492394,-0.077982350,true,OK
1785072544.184988499,0.086262491,0.077066665,8.006907218,7.740166183,0.012023930,-0.102337536,-177.904072560,0.000505379,0.081564685,0.003743080,0.604107728,-1.207386734,-0.083442075,true,OK
1785072545.185018539,0.086020917,0.020765584,8.521598077,7.608234630,0.012043868,-0.103080481,-177.965130102,0.000159727,0.134170395,0.001182924,0.993654627,-1.225770374,-0.092271965,true,OK
1785072546.184972525,0.086879744,0.111252497,9.006820836,7.704335750,0.012692464,-0.103568580,-177.918450708,0.000146859,0.135620930,0.001194670,1.103249133,-1.221187609,-0.092511947,true,OK
1785072547.184947014,0.085317765,0.055259676,8.025432694,7.608713427,0.012155913,-0.102574177,-178.059221934,0.000372716,0.132704012,0.002741109,0.975960806,-1.196746047,-0.097928487,true,OK
1785072548.184966087,0.085257085,0.011211338,8.680616689,7.650330174,0.011651099,-0.102182448,-177.986521401,0.000240114,0.052339156,0.001953502,0.425816961,-1.215215036,-0.084578404,true,OK
1785072549.184987307,0.187354356,0.102441273,8.792666506,7.722364307,0.011985263,-0.103048057,-177.858061471,0.000220769,0.276953045,0.001622203,2.035037195,-1.246344913,-0.077226976,true,OK
1785072550.185006142,0.088303477,0.045781958,8.207707597,7.603239575,0.012533350,-0.102931120,-178.150547566,0.000302336,0.132704012,0.002236623,0.981717933,-1.242025871,-0.075251274,true,OK
1785072551.184927702,0.088897388,0.001982886,8.734808119,7.650637063,0.012159615,-0.102826925,-178.210727113,0.000098724,0.039564681,0.000803806,0.322134475,-1.222332971,-0.081268089,true,OK
1785072552.185016632,0.188135674,0.092608678,8.858846194,7.718677369,0.012228682,-0.102595513,-178.403509008,0.000375170,0.158258778,0.002779323,1.172407413,-1.213345307,-0.081685702,true,OK
1785072553.185186863,0.087074688,0.036501586,8.414845779,7.594577567,0.012747512,-0.103279790,-178.125642969,0.000340081,0.293419857,0.002517924,2.172449671,-1.204783730,-0.093911468,true,OK
1785072554.184956074,0.086055687,0.127511416,8.757034525,7.702595263,0.013309775,-0.103421872,-178.212192568,0.000266694,0.034264021,0.002163161,0.277916077,-1.232382039,-0.082364474,true,OK
1785072555.184958696,0.087233632,0.071691081,7.980317659,7.600037941,0.012957968,-0.102539509,-177.998670676,0.000292110,0.255644402,0.002159512,1.889931291,-1.233293886,-0.075933920,true,OK
1785072556.184964418,0.088654399,0.027884052,8.456004329,7.650443604,0.012881583,-0.103458249,-178.026571185,0.000126868,0.139882314,0.001031236,1.137018503,-1.221177307,-0.089010823,true,OK
1785072557.184958696,0.084626524,0.118433189,8.768174462,7.720319765,0.012774667,-0.103389181,-178.028300210,0.000450889,0.158258778,0.003672808,1.289128127,-1.201164914,-0.102173121,true,OK
1785072558.185000896,0.086796458,0.062424799,7.970052350,7.599669941,0.015548027,-0.102309740,-178.276197431,0.001263037,0.213978861,0.009350404,1.584109805,-1.185805217,-0.100957471,true,OK
1785072559.184981823,0.086752242,0.018568528,8.546880531,7.648037914,0.016631811,-0.100041556,-177.896728429,0.000339655,0.386643028,0.002766711,3.149454996,-1.194620093,-0.090330458,true,OK
1785072560.184972763,0.086920680,0.109130946,8.957379898,7.739352447,0.015394975,-0.100741735,-178.170185448,0.000421404,0.400562687,0.003431057,3.261368598,-1.218891886,-0.102526903,true,OK
1785072561.184957266,0.088978628,0.053375917,8.023015488,7.613111575,0.015411476,-0.101747901,-177.790724863,0.000446586,0.131221234,0.003291776,0.967228682,-1.210414113,-0.103233981,true,OK
1785072562.184942961,0.088516068,0.008694829,8.710700356,7.640209819,0.015391256,-0.102354512,-178.191931843,0.000362154,0.221173438,0.002947791,1.800265193,-1.207381218,-0.102677568,true,OK
1785072563.184980154,0.187252278,0.085812009,8.766794882,7.576235014,0.014869261,-0.102086827,-178.090852338,0.000667972,0.019782341,0.004944668,0.146438919,-1.181256728,-0.095069371,true,OK
1785072564.184979916,0.087552060,0.044169632,8.165933742,7.611995204,0.015221128,-0.101817639,-178.255176218,0.000262332,0.096913294,0.001941680,0.717315508,-1.205878130,-0.081798707,true,OK
1785072565.184978247,0.084848445,0.135056295,8.671426708,7.719962648,0.015208072,-0.102854710,-178.180131690,0.000104296,0.019782341,0.000858148,0.162769157,-1.225684075,-0.075506548,true,OK
1785072566.185009241,0.186652545,0.078109584,8.936426906,7.591179038,0.015518373,-0.102022263,-178.222457012,0.000540429,0.197823503,0.004001732,1.464829629,-1.208770909,-0.076478335,true,OK
1785072567.185396194,0.085194600,0.035342679,8.421371038,7.649252681,0.015362621,-0.102272655,-178.603091968,0.000678560,0.345484255,0.005529710,2.815416363,-1.215633215,-0.096430595,true,OK
1785072568.185416698,0.086188502,0.114344890,8.986406593,7.603846366,0.014920906,-0.102216021,-178.263534960,0.000077868,0.039564681,0.000576338,0.292836892,-1.200675117,-0.101552593,true,OK
1785072569.185025692,0.087147570,0.067022232,8.033468928,7.596558630,0.015649412,-0.101988567,-178.389257435,0.000196941,0.275536395,0.001459318,2.041703193,-1.217812112,-0.087834838,true,OK
1785072570.184961557,0.086277520,0.024748614,8.506129464,7.643897403,0.015045929,-0.101640190,-178.556792644,0.000290697,0.271242046,0.002368339,2.209838470,-1.237121053,-0.080058265,true,OK
1785072571.184979439,0.185807078,0.104076047,8.700754642,7.600882358,0.009099284,-0.105577477,-178.253507305,0.001982115,0.213062455,0.014593022,1.568640399,-1.230409536,-0.065981936,true,OK
1785072572.184984922,0.086203516,0.060668501,8.064473002,7.650706802,0.009565703,-0.106963785,-178.436654839,0.001142249,0.128204252,0.009305612,1.044447580,-1.207642427,-0.074878411,true,OK
1785072573.184929371,0.085155481,0.016240052,8.530037962,7.714324562,0.012270668,-0.104458083,-178.500257441,0.000281770,0.144017660,0.002051209,1.048409278,-1.202364223,-0.083576367,true,OK
1785072574.185008287,0.187852468,0.095558272,8.738822229,7.649262785,0.012452235,-0.103359867,-178.423926995,0.000155010,0.117033931,0.001261925,0.952762973,-1.202429083,-0.091784051,true,OK
1785072575.184983253,0.083619925,0.051171812,8.190745197,7.674215993,0.011319389,-0.103681612,-178.337172974,0.000699370,0.118694067,0.005673987,0.962964286,-1.221974752,-0.088038085,true,OK
1785072576.184944630,0.083397744,0.007254207,8.650389678,7.713183859,0.011403679,-0.104237638,-178.215560595,0.000417354,0.088469326,0.003090931,0.655205142,-1.230828214,-0.084033170,true,OK
1785072577.184990883,0.188906314,0.086096555,8.858330120,7.645571370,0.011673408,-0.104381840,-178.212944099,0.000317061,0.394657242,0.002582443,3.214454862,-1.196615317,-0.085377739,true,OK
1785072578.184977770,0.086992084,0.039018272,8.393845539,7.669371200,0.011478659,-0.104150038,-178.626421180,0.000453392,0.115349902,0.003355084,0.853584584,-1.204756667,-0.093257652,true,OK
1785072579.185256243,0.086047034,0.120990338,8.842644519,7.644163158,0.011749623,-0.103045598,-178.425510352,0.000339430,0.385629546,0.002513525,2.855641560,-1.193454282,-0.082098123,true,OK
1785072580.185589552,0.185434149,0.077671999,8.976823749,7.663591364,0.011974214,-0.103883729,-178.056765401,0.000528865,0.401050886,0.004315966,3.272897674,-1.208655363,-0.078425063,true,OK
1785072581.185038567,0.086801012,0.033085308,8.416362349,7.708543403,0.013547086,-0.102399545,-177.905054648,0.000160444,0.412594332,0.001188783,3.057054219,-1.225796714,-0.102810930,true,OK
1785072582.184979439,0.088766788,0.111594026,8.990598394,7.645167510,0.013062693,-0.102027968,-178.496533862,0.000810385,0.102792073,0.006001703,0.761277135,-1.237222038,-0.097971937,true,OK
1785072583.184988260,0.087738050,0.067660432,8.022675835,7.660060151,0.012293459,-0.103642295,-178.676704994,0.000094279,0.110143430,0.000766964,0.896025269,-1.213802129,-0.104014884,true,OK
1785072584.184998989,0.089121664,0.023922592,8.501319405,7.730837570,0.012171493,-0.104370411,-178.524841683,0.000214760,0.193826655,0.001588894,1.434021306,-1.218081220,-0.095186932,true,OK
1785072585.185391426,0.188660485,0.103177986,8.717589209,7.653228534,0.012598649,-0.103667949,-178.729832128,0.000413345,0.245492580,0.003368086,2.000364005,-1.223744335,-0.095007610,true,OK
1785072586.184984684,0.088017231,0.057312938,8.071097919,7.691325626,0.010873054,-0.104745153,-178.327636746,0.000411129,0.139882314,0.003046161,1.036425103,-1.220217538,-0.098202591,true,OK
1785072587.184967279,0.086523317,0.014804697,8.550616765,7.722490570,0.010503501,-0.105578061,-178.274686118,0.000462798,0.150657858,0.003423074,1.114337597,-1.212510222,-0.103303981,true,OK
1785072588.184971094,0.187459728,0.093420736,8.750193288,7.651903144,0.011004981,-0.105980466,-178.450080873,0.000025709,0.000000000,0.000209378,0.000000000,-1.207235285,-0.101494314,true,OK
1785072589.184986830,0.086400314,0.049441895,8.358443794,7.713528610,0.010872019,-0.105529180,-178.381474398,0.000246666,0.199791944,0.001825807,1.478847089,-1.189854222,-0.108685805,true,OK
1785072590.184982777,0.082171545,0.005223613,8.684168267,7.733091122,0.010900261,-0.105540722,-178.394013058,0.000259000,0.111905833,0.001923603,0.831128311,-1.203105027,-0.106611672,true,OK
1785072591.185025930,0.183797456,0.084408862,8.775823991,7.654738777,0.010628967,-0.106343135,-178.364824218,0.000311725,0.392170386,0.002539087,3.194342072,-1.216353075,-0.107739021,true,OK
1785072592.185048342,0.087203857,0.037861778,8.392780601,7.678865192,0.010861224,-0.106569704,-178.044798862,0.000258141,0.121946558,0.001911429,0.902964293,-1.233001651,-0.108081558,true,OK
1785072593.185015917,0.088719306,0.118679225,8.845577499,7.647613350,0.011243238,-0.106221337,-178.363050144,0.000163885,0.144017660,0.001213274,1.066191042,-1.212456237,-0.093823633,true,OK
1785072594.184948921,0.083212809,0.073864072,7.954212985,7.699908101,0.011332648,-0.105518791,-178.437920250,0.000284354,0.135620930,0.002103105,1.003063337,-1.213843351,-0.095748357,true,OK
1785072595.184950352,0.087503502,0.030745873,8.578495022,7.725008893,0.011545137,-0.106167318,-178.390462482,0.000124539,0.088469326,0.000922855,0.655574384,-1.246078441,-0.096170356,true,OK
1785072596.185021877,0.087870777,0.110071282,8.999257149,7.680766854,0.012114891,-0.106667146,-178.424710828,0.000325581,0.336300265,0.002648300,2.735487331,-1.265623103,-0.082713554,true,OK
1785072597.184989691,0.088249924,0.050733323,8.047791880,7.567702976,0.012573654,-0.105936053,-178.510843335,0.000427647,0.106531181,0.003128535,0.779350024,-1.235004722,-0.091025326,true,OK
1785072598.184985161,0.087807664,0.009833649,8.754731393,7.649503998,0.011779155,-0.105883759,-178.372436013,0.000632870,0.234902452,0.005150212,1.911604785,-1.222745420,-0.099659419,true,OK
1785072599.185087204,0.186539333,0.100947169,8.784104839,7.725433596,0.012001162,-0.106433646,-178.420071340,0.000403831,0.055952910,0.002976331,0.412386595,-1.197514310,-0.079730292,true,OK
1785072600.184976816,0.085765881,0.044688737,8.048925462,7.607457078,0.013315649,-0.106080376,-178.535768988,0.000302344,0.138476416,0.002237768,1.024917469,-1.208401901,-0.087796565,true,OK
1785072601.184938669,0.084368936,0.135361871,8.687760324,7.706420115,0.012848527,-0.105601635,-178.508538211,0.000752444,0.261696003,0.006122841,2.129492185,-1.238900086,-0.082155845,true,OK
1785072602.184948683,0.183404616,0.078172634,8.920170697,7.587710363,0.012635246,-0.106264049,-178.475544249,0.000254062,0.250229210,0.001880641,1.852266643,-1.227991093,-0.083619125,true,OK
1785072603.184998989,0.086721243,0.035069990,8.397223275,7.647456586,0.013345238,-0.106434703,-178.222994379,0.000285494,0.128204252,0.002325916,1.044480263,-1.238055058,-0.093258504,true,OK
1785072604.184964895,0.087671179,0.114189252,8.984799191,7.641340468,0.013509740,-0.106682088,-178.497774590,0.000171675,0.238211092,0.001271953,1.764918638,-1.230428077,-0.075690595,true,OK
1785072605.184966087,0.087658411,0.069784940,8.039293265,7.715044497,0.012702903,-0.106308431,-178.398365276,0.000388979,0.305187446,0.002880295,2.259837005,-1.214785330,-0.072715588,true,OK
1785072606.184992552,0.087788756,0.012097279,8.717275797,7.580912057,0.013022147,-0.106392455,-178.224988664,0.000402841,0.128204252,0.002978409,0.947880610,-1.246628861,-0.070895648,true,OK
1785072607.184921265,0.188892055,0.104886124,8.807414664,7.681672880,0.014071044,-0.106351197,-178.237432469,0.000144564,0.104678325,0.001159571,0.839642681,-1.261581309,-0.078621651,true,OK
1785072608.184989452,0.090131783,0.061037282,8.081675859,7.716517589,0.013519187,-0.105804427,-178.199251488,0.000597411,0.367441312,0.004405000,2.709324345,-1.230996585,-0.083428345,true,OK
1785072609.184941053,0.087917268,0.004653555,8.687490558,7.611029369,0.013082253,-0.105333916,-178.479442843,0.000105511,0.257930381,0.000766167,1.872965038,-1.225792075,-0.090414615,true,OK
1785072610.185004711,0.185134163,0.095857563,8.803070838,7.712426577,0.012627480,-0.106601048,-178.317107621,0.000303054,0.052339156,0.002243838,0.387524231,-1.215931129,-0.083251433,true,OK
1785072611.184996843,0.087041381,0.039244876,8.213717661,7.598152025,0.012155192,-0.107253495,-178.231464499,0.000249022,0.312160456,0.001841590,2.308516459,-1.217009483,-0.084759561,true,OK
1785072612.184969425,0.087074372,0.128138705,8.750723225,7.680767636,0.011974894,-0.106905523,-178.489298327,0.000259082,0.120331298,0.002119298,0.984312205,-1.241420732,-0.080297051,true,OK
1785072613.184984684,0.186808934,0.074286784,8.984964041,7.600998197,0.012124904,-0.106738505,-178.791511385,0.000349654,0.349985883,0.002584331,2.586782349,-1.226347517,-0.072509028,true,OK
1785072614.184995651,0.086260950,0.030385101,8.433896911,7.651320753,0.012553764,-0.106691595,-178.230781328,0.000238340,0.059347027,0.001952613,0.486204032,-1.209046950,-0.083868182,true,OK
1785072615.184949160,0.087397481,0.107952151,8.985485199,7.589937851,0.012698014,-0.106424077,-178.531743235,0.000042026,0.151951085,0.000311621,1.126709590,-1.208788447,-0.080771830,true,OK
1785072616.184983730,0.085189320,0.065073938,7.991522654,7.650312322,0.013507383,-0.106011824,-178.915369154,0.000945688,0.381035496,0.007695105,3.100501199,-1.205679754,-0.082647314,true,OK
1785072617.184986830,0.088536541,0.021025767,8.567911712,7.710987966,0.013030166,-0.106132702,-178.752088466,0.000379811,0.411169117,0.002813719,3.046027646,-1.215938025,-0.100293073,true,OK
1785072618.185000896,0.187044437,0.099843133,8.721785273,7.648775096,0.012974267,-0.106754047,-178.696466146,0.000056644,0.019782341,0.000460937,0.160977644,-1.223285966,-0.103610369,true,OK
1785072619.184970140,0.087884233,0.055499073,8.186630965,7.706013094,0.013741623,-0.106749958,-178.720863068,0.000409057,0.141274205,0.003027266,1.045514133,-1.209869634,-0.099323214,true,OK
1785072620.184991121,0.088441179,0.134821763,8.735996800,7.650109255,0.013420373,-0.106192129,-178.394943529,0.000117422,0.027976455,0.000868564,0.206939932,-1.199150977,-0.092255354,true,OK
1785072621.184931993,0.184969231,0.087093775,8.941377723,7.663513007,0.013489225,-0.107028477,-178.196811834,0.000230779,0.068528042,0.001708692,0.507382141,-1.197383434,-0.083334369,true,OK
1785072622.184967995,0.084986802,0.034129942,8.419199205,7.595346557,0.013265703,-0.107647510,-178.178545130,0.000358329,0.418246580,0.002654661,3.098553150,-1.224047228,-0.086014288,true,OK
1785072623.185003757,0.086262151,0.125073563,8.751392731,7.711238272,0.013928565,-0.107814320,-178.519295224,0.000304819,0.364232137,0.002483670,2.967769165,-1.242521993,-0.075343741,true,OK
1785072624.185002089,0.085652723,0.068294352,7.964870082,7.594129779,0.013889310,-0.107296502,-178.469723058,0.000195266,0.142652530,0.001465370,1.070534432,-1.228463341,-0.078677679,true,OK
1785072625.184976578,0.087628862,0.025171511,8.479297397,7.646949390,0.013693722,-0.107673672,-178.371673532,0.000447391,0.180225774,0.003640397,1.466486071,-1.217703725,-0.079360825,true,OK
1785072626.185010433,0.184839193,0.103516472,8.671320572,7.600208105,0.013970672,-0.107939002,-178.778170558,0.000217673,0.113640914,0.001595910,0.833180828,-1.219926100,-0.067341464,true,OK
1785072627.184975147,0.087054205,0.059558343,8.066758802,7.669961575,0.013485038,-0.107596951,-178.460662477,0.000218526,0.100870555,0.001619236,0.747433003,-1.241640182,-0.063528503,true,OK
1785072628.184903622,0.085932436,0.003823642,8.700154394,7.599065270,0.013843290,-0.107748866,-178.900519563,0.000507791,0.408782740,0.003758390,3.025587699,-1.225871566,-0.073907514,true,OK
1785072629.184975863,0.186953289,0.094878252,8.805678892,7.708949027,0.013811859,-0.108462419,-178.292057130,0.000340109,0.104678325,0.002520575,0.775779530,-1.217586695,-0.075970090,true,OK
1785072630.184973478,0.088576114,0.037849981,8.171716887,7.590157435,0.013841770,-0.108798985,-178.489892665,0.000129168,0.074018747,0.000956865,0.548323121,-1.191255594,-0.073389930,true,OK
1785072631.184958935,0.089268987,0.129777882,8.714176474,7.717856455,0.014215937,-0.107671783,-178.225506980,0.000296179,0.403482993,0.002409368,3.282273591,-1.195555347,-0.077069035,true,OK
1785072632.184994698,0.185258687,0.073856748,8.948663011,7.603099593,0.016042176,-0.105760234,-178.333363814,0.000407539,0.135620930,0.003017546,1.004178856,-1.181038688,-0.093536262,true,OK
1785072633.184992075,0.086068526,0.029515493,8.396590380,7.652425413,0.016120575,-0.106345507,-178.235763406,0.000228673,0.277658662,0.001865764,2.265445800,-1.220534099,-0.101289063,true,OK
1785072634.185002804,0.087699676,0.108374976,9.017214438,7.597606691,0.016439599,-0.106901686,-178.408792001,0.000306623,0.209356731,0.002269894,1.549842438,-1.216399363,-0.095393458,true,OK
1785072635.184962749,0.088691092,0.063466105,8.048148541,7.636588949,0.017625506,-0.106369640,-178.668631941,0.001453323,0.332790962,0.011810024,2.704332449,-1.245436133,-0.114046630,true,OK
1785072636.184973001,0.086733698,0.020268808,8.516337515,7.715170769,0.012756573,-0.109450046,-178.855135632,0.000187393,0.336881605,0.001395134,2.508074932,-1.181499389,-0.021108144,true,OK
1785072637.185250282,0.187135817,0.099549556,8.734810853,7.648616423,0.018067928,-0.106558958,-178.605261552,0.001443509,0.148037520,0.011747519,1.204753855,-1.175385700,-0.145081037,true,OK
1785072638.185094833,0.087225802,0.055489027,8.195587223,7.711332045,0.022103545,-0.104766972,-178.518617658,0.001670101,0.339196986,0.012370655,2.512476020,-1.156873675,-0.136657008,true,OK
1785072639.185086012,0.087671635,0.133999262,8.753989291,7.655898408,0.016545826,-0.106169719,-178.882107572,0.000074214,0.081564685,0.000549047,0.603430454,-1.185662051,-0.106805322,true,OK
1785072640.185017824,0.188904906,0.089682235,9.023785731,7.718266590,0.014751899,-0.108275950,-178.678822595,0.000289871,0.165510998,0.002145647,1.225124407,-1.183609327,-0.111524524,true,OK
1785072641.184902906,0.088363963,0.033049436,8.444243292,7.592979630,0.017311002,-0.105948168,-178.588258410,0.000398475,0.305827937,0.002947398,2.262117331,-1.195519937,-0.127601824,true,OK
1785072642.184927464,0.085752301,0.124757444,8.739542303,7.713930031,0.017219684,-0.105635474,-178.646188099,0.000944290,0.110143430,0.007696170,0.897693135,-1.217638901,-0.103625912,true,OK
1785072643.184952497,0.086429175,0.080980863,7.987647916,7.749309342,0.017315634,-0.105842897,-179.007305864,0.001140430,0.455424901,0.008449404,3.374224997,-1.234669046,-0.111785970,true,OK
1785072644.184989452,0.082143375,0.022788075,8.323502027,7.589116357,0.015901800,-0.107405795,-178.431705685,0.000520200,0.115349902,0.003871401,0.858449500,-1.252090904,-0.130441120,true,OK
1785072645.184970140,0.087579752,0.115596040,8.826066448,7.717228260,0.016295127,-0.107690554,-178.627905744,0.000029426,0.059347027,0.000241490,0.487041297,-1.233642797,-0.136034406,true,OK
1785072646.184972525,0.086975587,0.059384049,7.962052875,7.602113849,0.016544230,-0.107687088,-178.834924362,0.000111831,0.039564681,0.000827077,0.292610188,-1.223581524,-0.123532314,true,OK
1785072647.184987068,0.086853132,0.015302245,8.530493929,7.646340384,0.016394228,-0.107045776,-178.778682610,0.000182435,0.117033931,0.001485917,0.953230383,-1.243285018,-0.126109783,true,OK
1785072648.184944391,0.186094909,0.094300187,8.668612101,7.605698084,0.016032952,-0.107845194,-178.700412864,0.000304231,0.076616680,0.002251522,0.567016535,-1.224964730,-0.106643869,true,OK
1785072649.184969425,0.087207437,0.050192499,8.370198888,7.650118234,0.016698315,-0.107520322,-178.538273055,0.000275577,0.164324520,0.002245817,1.339165877,-1.218880829,-0.102643169,true,OK
1785072650.184981585,0.087578046,0.005331565,8.820528376,7.711359809,0.016107786,-0.107034143,-178.385977145,0.000185260,0.352770226,0.001371197,2.611025647,-1.185224113,-0.094149867,true,OK
1785072651.184993267,0.189447560,0.084773773,8.883395826,7.652678506,0.015455520,-0.106766278,-178.594015836,0.000919534,0.158258778,0.007546330,1.298780703,-1.174679784,-0.088731860,true,OK
1785072652.184975147,0.088245133,0.041050084,8.395275016,7.709158346,0.014927322,-0.107419574,-178.283712205,0.000134748,0.076616680,0.000998621,0.567806840,-1.207775541,-0.108150574,true,OK
1785072653.185005903,0.082247460,0.119703873,8.748217556,7.653371069,0.015358439,-0.107258955,-178.308555310,0.000051641,0.110143430,0.000385892,0.823060779,-1.214866705,-0.104179951,true,OK
1785072654.184992075,0.088579772,0.076227489,7.999297583,7.724441538,0.014960546,-0.106637950,-178.581969513,0.000229538,0.348304590,0.001695997,2.573529145,-1.226667750,-0.100239280,true,OK
1785072655.184930563,0.086446657,0.019333963,8.540780165,7.600786265,0.014219406,-0.106305259,-178.383294573,0.000185015,0.298051366,0.001386520,2.233621366,-1.206007618,-0.118470464,true,OK
1785072656.184929371,0.083801239,0.110416441,8.951028996,7.712659568,0.014568833,-0.106493146,-178.366133169,0.000223489,0.215799987,0.001834544,1.771428168,-1.194446124,-0.119298354,true,OK
1785072657.184981346,0.087906683,0.054355490,8.015969053,7.606414014,0.014906611,-0.106592574,-178.546869940,0.000280699,0.301315983,0.002053823,2.204675400,-1.184160969,-0.113499793,true,OK
1785072658.184967518,0.087311444,0.009391790,8.727083236,7.637578158,0.014180355,-0.106251400,-178.220776128,0.000083272,0.034264021,0.000678230,0.279072159,-1.207388588,-0.088637032,true,OK
1785072659.185298204,0.186986873,0.087043377,8.747581777,7.571522228,0.014729647,-0.107032251,-178.145868363,0.000425724,0.120331298,0.003148346,0.889883256,-1.194822175,-0.104661894,true,OK
1785072660.184957981,0.087526877,0.045108449,8.389622812,7.649555478,0.014166348,-0.106829511,-178.215229201,0.000393241,0.074018747,0.003207842,0.603803738,-1.214714313,-0.115064669,true,OK
1785072661.184882164,0.087330052,0.001309371,8.785369608,7.710028877,0.013812476,-0.106582133,-178.532439481,0.000732366,0.044234660,0.005420671,0.327406830,-1.193828503,-0.110878076,true,OK
1785072662.184962749,0.187935007,0.078396913,8.992823162,7.632759050,0.013799463,-0.105924567,-178.461619938,0.000337238,0.100870555,0.002747380,0.821762977,-1.182362032,-0.110430366,true,OK
1785072663.184969902,0.088636593,0.035785153,8.434922008,7.706036241,0.013273184,-0.106589785,-178.393730332,0.000522089,0.065610604,0.003865086,0.485723217,-1.219724915,-0.107998909,true,OK
1785072664.184947491,0.087474865,0.113904045,8.803008328,7.635762862,0.013631940,-0.106735898,-178.521037574,0.000091028,0.267610787,0.000674016,1.981527070,-1.223670118,-0.101431432,true,OK
1785072665.184986830,0.088588429,0.070820321,7.991094937,7.654652966,0.014106354,-0.106243349,-178.486290001,0.000489920,0.297394120,0.003991265,2.422803845,-1.204835911,-0.109920333,true,OK
1785072666.184969425,0.087375553,0.026809534,8.485635316,7.708354748,0.013838253,-0.105944141,-178.458428045,0.000328276,0.207479056,0.002426564,1.533652487,-1.196819971,-0.116884774,true,OK
1785072667.184982777,0.188378379,0.105591195,8.752557515,7.647228808,0.013738138,-0.106463381,-178.297381816,0.000084282,0.115349902,0.000686527,0.939599061,-1.185308323,-0.104167092,true,OK
1785072668.185008049,0.086830105,0.061661969,8.061543007,7.654904630,0.013715444,-0.106513473,-178.132118430,0.000530423,0.153233400,0.004319553,1.247872684,-1.210900003,-0.120846045,true,OK
1785072669.185418844,0.086465704,0.018395723,8.564382064,7.720073275,0.013580671,-0.106665819,-178.088757081,0.000434217,0.071326251,0.003211016,0.527454425,-1.245856709,-0.121042987,true,OK
1785072670.184994459,0.184314349,0.096554819,8.693839330,7.653703493,0.013444911,-0.106982804,-178.145076907,0.000126296,0.166689032,0.001018491,1.344227712,-1.230916672,-0.110015376,true,OK
1785072671.184984922,0.087434907,0.052161747,8.180072853,7.703480158,0.014092652,-0.106900286,-177.969537763,0.000361397,0.142652530,0.002675270,1.055996261,-1.216024686,-0.124726564,true,OK
1785072672.184991837,0.087863331,0.007975925,8.744970549,7.719435319,0.014269458,-0.106063448,-177.734631343,0.000572057,0.079129369,0.004226303,0.584600825,-1.219018172,-0.109590060,true,OK
1785072673.184982777,0.188584197,0.086686085,8.770339075,7.646643159,0.014186763,-0.105831952,-177.802737153,0.000307354,0.295413686,0.002503495,2.406241453,-1.210391129,-0.093154807,true,OK
1785072674.185158968,0.087724871,0.043422300,8.362688566,7.704968643,0.013835345,-0.106555734,-178.200319704,0.000124608,0.408303773,0.000922256,3.021960872,-1.224724165,-0.103068077,true,OK
1785072675.184910059,0.087512232,0.122123297,8.753168324,7.646045716,0.013946633,-0.107803686,-177.842104296,0.000051723,0.154505069,0.000382637,1.143006751,-1.259127256,-0.104157372,true,OK
1785072676.184947014,0.090028406,0.078403267,7.952324812,7.710852138,0.013954918,-0.107299566,-178.237573074,0.000190258,0.250229210,0.001408144,1.852002922,-1.220593242,-0.100949757,true,OK
1785072677.184953690,0.086570335,0.021042062,8.406763539,7.588745839,0.013956888,-0.106465256,-177.951288397,0.000431595,0.191796995,0.003193404,1.419119499,-1.216103171,-0.111214857,true,OK
1785072678.184992552,0.088091014,0.111626182,8.987376082,7.687649634,0.012945073,-0.106135498,-177.845682853,0.001084258,0.027976455,0.008825404,0.227716585,-1.197053113,-0.109702797,true,OK
1785072679.185098648,0.086411133,0.068949049,7.996498447,7.730754193,0.013282219,-0.106575007,-178.013612059,0.000684553,0.217605878,0.005049853,1.605248441,-1.190056101,-0.106166570,true,OK
1785072680.184985161,0.084794382,0.012845874,8.671402658,7.603373466,0.014088590,-0.106390220,-178.209344918,0.000352571,0.106531181,0.002606875,0.787680620,-1.202482393,-0.117246108,true,OK
1785072681.184969187,0.187082557,0.102980523,8.740065535,7.694954754,0.013502173,-0.106050235,-177.931173931,0.000551139,0.121946558,0.004082955,0.903405415,-1.171193231,-0.112228412,true,OK
1785072682.185003281,0.086817711,0.059533983,8.086510829,7.764833322,0.013600588,-0.106880149,-177.591555318,0.000145224,0.052339156,0.001074075,0.387099698,-1.167086687,-0.109399090,true,OK
1785072683.184954166,0.086525126,0.003332710,8.693513724,7.620625263,0.014008100,-0.106807462,-177.629983171,0.000454303,0.059347027,0.003286640,0.429344128,-1.192288475,-0.098681107,true,OK
1785072684.184989452,0.187356943,0.094863116,8.808831592,7.718969002,0.013407036,-0.107532724,-177.849628608,0.000519881,0.048456644,0.003849867,0.358835477,-1.209267318,-0.092519186,true,OK
1785072685.184960604,0.087934112,0.038433160,8.182982877,7.603225414,0.014804223,-0.104009486,-177.448253362,0.000536977,0.086229231,0.003972879,0.637975562,-1.221221329,-0.099406322,true,OK
1785072686.185008287,0.088451520,0.129662916,8.720146718,7.713728605,0.015653247,-0.103623989,-177.473471674,0.000426086,0.345484255,0.003469849,2.813467734,-1.218308289,-0.120480523,true,OK
1785072687.184975863,0.190271548,0.073532564,8.997224297,7.626406777,0.016581363,-0.103841615,-177.241208957,0.000390410,0.111905833,0.003179395,0.911331495,-1.193930977,-0.122088545,true,OK
1785072688.184977770,0.088594471,0.029279036,8.440417951,7.712388026,0.018221267,-0.103689376,-177.668212307,0.000765611,0.141274205,0.005666382,1.045588410,-1.194539947,-0.109143442,true,OK
1785072689.184952021,0.086859072,0.108176987,8.958096563,7.624710753,0.017069696,-0.103492972,-177.646406735,0.000275879,0.269069166,0.002049606,1.999015473,-1.223014234,-0.098851525,true,OK
1785072690.184979439,0.086774009,0.063974983,8.012134758,7.649592825,0.017624478,-0.104318994,-177.733409998,0.000260431,0.100870555,0.002122006,0.821897628,-1.227624701,-0.097245345,true,OK
1785072691.184966326,0.087851663,0.020242047,8.522185837,7.711540446,0.017469496,-0.105070316,-177.634720488,0.000132162,0.062557256,0.000977891,0.462872971,-1.231003156,-0.105970585,true,OK
1785072692.184968472,0.187691888,0.098601827,8.720609462,7.646521879,0.017239025,-0.104407302,-177.920847991,0.000059488,0.128204252,0.000485233,1.045735508,-1.211277962,-0.104775629,true,OK
1785072693.184970140,0.085741773,0.054512686,8.154905437,7.655371509,0.016138375,-0.104591856,-177.670887540,0.000582435,0.347179209,0.004740246,2.825578272,-1.232458781,-0.117071039,true,OK
1785072694.184965611,0.087948719,0.010013937,8.756041467,7.703284316,0.016574910,-0.105703649,-177.403448143,0.000363654,0.187671854,0.002738328,1.413174995,-1.251332637,-0.113933058,true,OK
1785072695.185003519,0.187447972,0.087349020,8.808895403,7.625401976,0.016752246,-0.105977822,-177.838672506,0.000364065,0.157017511,0.002965294,1.278901946,-1.258054116,-0.120077867,true,OK
1785072696.185372829,0.088567880,0.045693624,8.400941728,7.672417453,0.016114578,-0.105419694,-177.535710834,0.000335110,0.357727449,0.002729191,2.913389050,-1.243448649,-0.125086536,true,OK
1785072697.184968948,0.089154010,0.002024691,8.804896530,7.724974957,0.016437528,-0.105522741,-177.562636274,0.000402302,0.433861647,0.002972555,3.205744982,-1.235245346,-0.127634465,true,OK
1785072698.184935570,0.189274971,0.079854986,8.938327235,7.651228751,0.015367244,-0.106588501,-177.234658314,0.000519861,0.137056110,0.004313242,1.137141922,-1.226304337,-0.110832158,true,OK
1785072699.184987545,0.088414600,0.036596395,8.451974888,7.714226839,0.015958351,-0.106429163,-177.257914988,0.000298821,0.106531181,0.002209809,0.787807202,-1.216026987,-0.104478824,true,OK
1785072700.185040474,0.088120831,0.115598172,8.854574218,7.646613930,0.015323435,-0.106437612,-177.369144932,0.000275177,0.278362492,0.002037118,2.060700943,-1.237676089,-0.088614688,true,OK
1785072701.185001612,0.083383251,0.071678336,8.005542395,7.680273370,0.015334699,-0.106456185,-177.508426817,0.000528418,0.092787413,0.004303473,0.755667588,-1.226246440,-0.103566386,true,OK
1785072702.185060501,0.086209166,0.026443362,8.498642346,7.696167863,0.015765560,-0.107203091,-177.606492165,0.000247573,0.115349902,0.001832702,0.853899173,-1.214517020,-0.111212114,true,OK
1785072703.184956789,0.186554019,0.106136463,8.715928454,7.652670844,0.015939013,-0.106913142,-177.854129778,0.000354424,0.128204252,0.002887528,1.044492789,-1.214697302,-0.102837509,true,OK
1785072704.185011864,0.086879087,0.062516957,8.065257275,7.711109616,0.015328917,-0.106756270,-177.721944633,0.000496183,0.189745630,0.003670385,1.403594324,-1.229009109,-0.104721171,true,OK
1785072705.184944153,0.086546040,0.004103214,8.711996020,7.584746293,0.015720482,-0.107683510,-178.159781897,0.000343311,0.431600748,0.002537390,3.189935705,-1.240541037,-0.111472863,true,OK
1785072706.184981823,0.187097134,0.097034504,8.822774684,7.665480019,0.015930197,-0.107888163,-178.139746017,0.000289386,0.383084100,0.002358942,3.122726201,-1.235125308,-0.112512003,true,OK
1785072707.184966326,0.085880446,0.053108374,8.197176927,7.709029419,0.016466416,-0.107468018,-178.050389407,0.000457534,0.090654086,0.003386999,0.671087611,-1.230454523,-0.117281075,true,OK
1785072708.184964180,0.088531729,0.131834361,8.754869394,7.652564851,0.015843995,-0.107435280,-177.938962201,0.000296337,0.118694067,0.002193934,0.878752462,-1.204050173,-0.123581360,true,OK
1785072709.184964657,0.188931559,0.087876160,8.983830693,7.706721154,0.016016818,-0.108359269,-177.989940185,0.000486055,0.206533808,0.003595042,1.527599456,-1.202502352,-0.112694492,true,OK
1785072710.184965134,0.084520284,0.031231696,8.353871106,7.594179841,0.016297113,-0.108092555,-178.070841528,0.000396777,0.118694067,0.002937794,0.878828841,-1.218915820,-0.120517866,true,OK
1785072711.184982061,0.086498836,0.122854124,8.776940565,7.707540877,0.016783838,-0.107592245,-178.075456582,0.000184106,0.190774080,0.001497973,1.552229644,-1.222949875,-0.120573877,true,OK
1785072712.184976339,0.087241597,0.078962970,7.999965913,7.718143488,0.015703535,-0.107336761,-177.703944550,0.000853023,0.106531181,0.006311992,0.788283898,-1.226897584,-0.114687277,true,OK
1785072713.184997082,0.085497091,0.022466317,8.444513491,7.601553754,0.016253226,-0.108207750,-177.893729087,0.000424184,0.225553524,0.003137976,1.668572225,-1.229798501,-0.115691831,true,OK
1785072714.184957027,0.086644931,0.113963762,8.995903653,7.714898190,0.016296516,-0.108129864,-177.601934067,0.000824435,0.560928432,0.006723110,4.574265083,-1.234613934,-0.097324511,true,OK
1785072715.185126305,0.086853020,0.069388352,7.996461771,7.723386339,0.016619838,-0.106851697,-177.904727299,0.000343395,0.145369958,0.002540492,1.075471651,-1.244644403,-0.105806304,true,OK
1785072716.184987307,0.087710282,0.013567718,8.702118683,7.608377168,0.015997430,-0.107018230,-177.757881847,0.000925031,0.209356731,0.006838958,1.547820673,-1.255236652,-0.110058682,true,OK
1785072717.184985399,0.184905764,0.104448027,8.741687924,7.705841564,0.015527819,-0.107768486,-177.664253814,0.000490359,0.126668806,0.003629444,0.937552150,-1.247021731,-0.102321643,true,OK
1785072718.184979200,0.087631325,0.047180679,8.079090500,7.595386741,0.015534935,-0.108378471,-177.955170487,0.000466884,0.027976455,0.003453056,0.206912868,-1.224796380,-0.118639663,true,OK
1785072719.184909344,0.085733318,0.004317805,8.705224383,7.654378317,0.015797102,-0.107876347,-178.059095871,0.000722332,0.106531181,0.005774920,0.851698609,-1.227388524,-0.108607688,true,OK
1785072720.184988976,0.188176964,0.081656696,8.835175606,7.584174567,0.014894439,-0.108387769,-177.711320247,0.000667399,0.285990293,0.004936347,2.115296027,-1.227450914,-0.091907600,true,OK
1785072721.184984684,0.088391426,0.037669553,8.381589779,7.631865689,0.015400346,-0.108931847,-177.936128673,0.000178347,0.044234660,0.001452967,0.360374345,-1.225495401,-0.108057643,true,OK
1785072722.184921265,0.086542254,0.117805887,8.840212074,7.603661709,0.015427280,-0.107568623,-177.872859030,0.000501567,0.211217717,0.003713143,1.563663082,-1.207853923,-0.122221900,true,OK
1785072723.184961796,0.185551344,0.073998916,8.995307097,7.650694550,0.015098063,-0.106837248,-177.973656501,0.000283205,0.065610604,0.002311626,0.535539408,-1.174863358,-0.128392841,true,OK
1785072724.184952736,0.086593242,0.029957894,8.389650647,7.657966354,0.015152508,-0.107002753,-178.020348594,0.000248615,0.102792073,0.002025368,0.837406917,-1.190335225,-0.130160303,true,OK
1785072725.185969114,0.089298300,0.109237704,9.007161846,7.593787017,0.014570070,-0.108230199,-177.502420246,0.000519862,0.118694067,0.003847500,0.878455641,-1.200961787,-0.126652184,true,OK
1785072726.184985638,0.086878937,0.064728607,8.015844804,7.645215598,0.015299364,-0.107767717,-177.997270493,0.000403675,0.320205565,0.003286085,2.606610532,-1.202130059,-0.124838840,true,OK
1785072727.184970140,0.086705281,0.020820520,8.529383265,7.664451884,0.014968643,-0.107717586,-177.579455336,0.000198837,0.000000000,0.001620115,0.000000000,-1.215070590,-0.126455285,true,OK
1785072728.185002804,0.186640979,0.099012064,8.712283352,7.597164833,0.015170729,-0.108409328,-177.515003130,0.000125637,0.139882314,0.000930127,1.035587548,-1.201196460,-0.113536898,true,OK
1785072729.184936285,0.087361610,0.054703644,8.181798966,7.627681609,0.014907886,-0.108784541,-177.526634900,0.000312461,0.131221234,0.002276734,0.956137437,-1.201014669,-0.113272745,true,OK
1785072730.184953690,0.088218706,0.011360795,8.731445236,7.651307254,0.015090936,-0.108574791,-177.731086928,0.000435768,0.226419384,0.003551476,1.845300569,-1.212756389,-0.110495480,true,OK
1785072731.184974432,0.187427506,0.089874641,8.762003394,7.597007665,0.014724179,-0.108235492,-177.482735362,0.000024853,0.000000000,0.000183969,0.000000000,-1.236867492,-0.105473418,true,OK
1785072732.184973717,0.084309620,0.045822215,8.182242936,7.618414337,0.013080876,-0.110677364,-177.268478429,0.001987862,0.317135448,0.014743509,2.352119529,-1.244005148,-0.088034116,true,OK
1785072733.184964657,0.086710193,0.002589469,8.762549123,7.659824640,0.006040029,-0.115081003,-177.673732102,0.000973778,0.174712971,0.007933701,1.423445745,-1.200734297,-0.006187797,true,OK
1785072734.184997082,0.186902446,0.093185396,8.809175751,7.723405555,0.016153811,-0.109563930,-177.677035352,0.003116057,0.376385392,0.023165154,2.798095859,-1.234220305,-0.108564469,true,OK
1785072735.184965134,0.086182621,0.036761400,8.389093587,7.593840988,0.018977204,-0.107927620,-177.603673224,0.000414224,0.392170386,0.003069315,2.905905116,-1.238870913,-0.118014793,true,OK
1785072736.184987307,0.083840575,0.128360211,8.693974039,7.661333019,0.018392214,-0.110501193,-177.431164150,0.000068846,0.158258778,0.000511275,1.175283845,-1.245247487,-0.118733115,true,OK
1785072737.184986353,0.086461502,0.084810375,7.984409766,7.722161933,0.017566842,-0.111428818,-177.422773516,0.000116979,0.098911718,0.000865788,0.732067845,-1.242848582,-0.120265467,true,OK
1785072738.185094357,0.088508811,0.039189397,8.512157759,7.728400122,0.019127617,-0.110916985,-177.479030816,0.000814190,0.231546534,0.006025027,1.713450925,-1.230592589,-0.127116717,true,OK
1785072739.184989691,0.084960404,0.119298604,8.799253909,7.656125589,0.018600928,-0.110771092,-177.072429989,0.000565989,0.081564685,0.004205843,0.606104310,-1.226314104,-0.112908108,true,OK
1785072740.185039759,0.189533380,0.072038466,9.057344702,7.645824889,0.018784904,-0.111506555,-177.080375760,0.000439932,0.068528042,0.003583191,0.558151713,-1.234687837,-0.111163026,true,OK
1785072741.185007811,0.087873233,0.031156928,8.443617592,7.716129282,0.019146277,-0.111693058,-177.074376973,0.000836850,0.383084100,0.006233167,2.853353250,-1.257455984,-0.119743094,true,OK
1785072742.185003996,0.088484826,0.110351206,8.961479834,7.624722962,0.020003631,-0.110969325,-177.606418894,0.000665079,0.228141232,0.004921550,1.688234009,-1.257729122,-0.110341678,true,OK
1785072743.184933662,0.089816536,0.065947103,8.020079731,7.651489169,0.020182140,-0.111483529,-177.428144713,0.000192858,0.178041140,0.001573869,1.452952271,-1.233627956,-0.109000171,true,OK
1785072744.185120106,0.088046422,0.020227789,8.501781002,7.639295422,0.019927364,-0.112282326,-177.243669148,0.000425720,0.111905833,0.003466175,0.911127868,-1.221111906,-0.108265625,true,OK
1785072745.184980154,0.185973532,0.101099569,8.709032805,7.604997064,0.020483784,-0.111481246,-177.226138207,0.000235323,0.307741377,0.001741813,2.277841529,-1.203311492,-0.102031052,true,OK
1785072746.185005903,0.082078157,0.057354942,8.119088203,7.652196758,0.020656186,-0.111256106,-177.714756246,0.000652132,0.458849227,0.005282857,3.717093275,-1.220930890,-0.108317159,true,OK
1785072747.184965611,0.084249633,0.013400412,8.676201990,7.713470857,0.020503701,-0.112093577,-177.387822638,0.000201660,0.131221234,0.001490991,0.970196879,-1.246100136,-0.112614307,true,OK
1785072748.185113192,0.180387950,0.089633618,8.677186476,7.616163238,0.020853165,-0.111976653,-177.218912367,0.000618394,0.483759567,0.005074189,3.969455410,-1.225855950,-0.125634914,true,OK
1785072749.184915304,0.087085184,0.047990500,8.351929059,7.715348051,0.020657850,-0.111339025,-177.341823142,0.000464664,0.106531181,0.003463791,0.794125141,-1.229315939,-0.125417171,true,OK
1785072750.184965372,0.087692536,0.003854662,8.763269325,7.713570115,0.020385395,-0.111259248,-177.435387195,0.000262418,0.157017511,0.001942082,1.162043368,-1.226727419,-0.116972682,true,OK
1785072751.184972048,0.186980455,0.083085658,8.829515410,7.659542306,0.020693500,-0.111848764,-177.251858838,0.000112795,0.201741190,0.000918875,1.643464428,-1.236822293,-0.119693842,true,OK
1785072752.184984922,0.087147484,0.037544423,8.393178054,7.655720481,0.021348956,-0.111833695,-177.321422327,0.000318069,0.135620930,0.002592052,1.105222741,-1.231944794,-0.124784682,true,OK
1785072753.184997797,0.087346536,0.117467784,8.851273257,7.603749288,0.021283254,-0.111302596,-177.446758006,0.000438418,0.453703053,0.003247162,3.360373676,-1.225704311,-0.128975024,true,OK
1785072754.184983253,0.187535963,0.073557732,8.992002796,7.623287754,0.021129138,-0.111074214,-177.722419685,0.000406594,0.307104889,0.003010542,2.273897741,-1.214958715,-0.137472921,true,OK
1785072755.185078621,0.087350951,0.029827113,8.406261531,7.652234268,0.020929057,-0.111987083,-177.348452114,0.000270294,0.309642997,0.002201645,2.522159749,-1.221928128,-0.138144287,true,OK
1785072756.184892416,0.088032711,0.120697363,8.997029387,7.743470327,0.020970400,-0.111692551,-177.576763620,0.000208427,0.128204252,0.001695468,1.042889614,-1.214506836,-0.146195002,true,OK
1785072757.184952736,0.082542125,0.064550018,7.955691051,7.615470654,0.021016953,-0.110938031,-177.639483506,0.000600245,0.307741377,0.004442767,2.277777294,-1.212854047,-0.132521460,true,OK
1785072758.184979677,0.085532940,0.020208828,8.507800647,7.645240204,0.020909189,-0.111617409,-177.587733377,0.000307181,0.213978861,0.002501306,1.742382705,-1.236834575,-0.144039353,true,OK
1785072759.185364246,0.088708460,0.111817050,9.011415559,7.717119309,0.021725007,-0.111305479,-177.745219777,0.000287931,0.307104889,0.002343064,2.499095433,-1.232155542,-0.141647593,true,OK
1785072760.184984207,0.084894203,0.054791911,8.002525793,7.598353109,0.021769491,-0.111108062,-177.535793690,0.000486696,0.000000000,0.003599037,0.000000000,-1.219572290,-0.130614452,true,OK
1785072761.184954405,0.085020514,0.009496760,8.657872136,7.602975008,0.022067379,-0.110731724,-177.506168799,0.000170351,0.074018747,0.001260756,0.547807125,-1.229320002,-0.119694959,true,OK
1785072762.185038090,0.186482942,0.102664127,8.758177424,7.714995231,0.022637610,-0.110836102,-177.709359943,0.000480414,0.416840709,0.003557581,3.086805846,-1.237924914,-0.110550801,true,OK
1785072763.184937716,0.088468753,0.058082149,8.108384633,7.723345289,0.020126724,-0.113152680,-177.627827601,0.001075884,0.106531181,0.007969312,0.789100224,-1.227610227,-0.070404992,true,OK
1785072764.184954166,0.088379358,0.002544945,8.696733926,7.608350838,0.017680103,-0.115101183,-177.648154161,0.000321210,0.362076892,0.002369614,2.671094423,-1.198781477,-0.042773977,true,OK
1785072765.184960842,0.187681530,0.093323465,8.833381985,7.683806607,0.026926097,-0.106606386,-177.531195406,0.001063921,0.120331298,0.008707707,0.984856301,-1.123236208,-0.137479380,true,OK
1785072766.184973240,0.087592601,0.049308685,8.395276734,7.712151678,0.032083850,-0.105048622,-177.401110311,0.000775695,0.262442628,0.005752057,1.946107051,-1.120314565,-0.135493540,true,OK
1785072767.184930086,0.087000778,0.004894888,8.786735842,7.744869729,0.032940135,-0.105920600,-177.388630982,0.000564172,0.287355397,0.004179782,2.128930378,-1.161307769,-0.127377244,true,OK
1785072768.185030460,0.184811588,0.083879009,8.830198375,7.661833531,0.033440427,-0.106116201,-177.165570774,0.000813801,0.052339156,0.006611395,0.425208322,-1.136330427,-0.138704803,true,OK
1785072769.185000896,0.084563694,0.040128702,8.357684445,7.686563388,0.031452352,-0.106268476,-176.889895534,0.000597324,0.227281935,0.004863586,1.850596505,-1.142122695,-0.135639188,true,OK
1785072770.184962034,0.085870847,0.118771939,8.836699141,7.605060992,0.031929858,-0.106880105,-176.997385903,0.000095105,0.135620930,0.000704765,1.005002270,-1.126402231,-0.130448626,true,OK
1785072771.184993982,0.187065130,0.075241044,8.971929536,7.653762147,0.032417838,-0.107377851,-177.330455609,0.000982107,0.318981067,0.008050703,2.614809678,-1.104945008,-0.133940080,true,OK
1785072772.184989691,0.086858938,0.030659960,8.403484936,7.658473269,0.032354491,-0.106932479,-177.488108791,0.000479980,0.039564681,0.003962907,0.326661712,-1.123547735,-0.143846380,true,OK
1785072773.184973001,0.086994082,0.109614613,9.007649539,7.606999886,0.032223494,-0.106471567,-177.549203113,0.000755386,0.404935262,0.005592651,2.998018120,-1.107192453,-0.140752926,true,OK
1785072774.184966564,0.088130641,0.065756835,8.047751798,7.610599196,0.032075672,-0.107281838,-177.206289267,0.000467671,0.034264021,0.003458089,0.253357670,-1.113196970,-0.137198891,true,OK
1785072775.185008526,0.087511650,0.022013451,8.466850197,7.659020089,0.031499559,-0.107510739,-177.148880933,0.000699494,0.476012318,0.005689454,3.871724580,-1.113416590,-0.144667745,true,OK
1785072776.184950829,0.188227865,0.100965684,8.712518196,7.602983611,0.031419229,-0.106561250,-177.344442229,0.000307373,0.180225774,0.002274782,1.333798328,-1.119196985,-0.128734125,true,OK
1785072777.184936047,0.088834002,0.056113072,8.208762106,7.624462860,0.030745721,-0.106256680,-177.179097603,0.000863127,0.110143430,0.006373912,0.813373560,-1.139032408,-0.140210061,true,OK
1785072778.184989929,0.087379191,0.011771302,8.738656880,7.643497116,0.031257791,-0.106428754,-177.024130489,0.000270760,0.165510998,0.002203535,1.346984185,-1.177830351,-0.161466260,true,OK
1785072779.184985638,0.181823235,0.089176532,8.670123340,7.575133211,0.027771845,-0.108580423,-177.145042160,0.000274845,0.131221234,0.002031833,0.970073386,-1.169252577,-0.167641753,true,OK
1785072780.184989929,0.085960653,0.047428135,8.382577432,7.646262770,0.027694167,-0.107231214,-177.579318481,0.000666217,0.301964691,0.005428361,2.460419893,-1.145919062,-0.173238579,true,OK
1785072781.185107708,0.086940211,0.003856304,8.798793386,7.665540976,0.027128114,-0.107731152,-177.404466278,0.000291402,0.318367070,0.002353329,2.571095748,-1.149040248,-0.149224835,true,OK
1785072782.186864138,0.189602591,0.084412190,8.900931705,7.601064554,0.028461675,-0.107864753,-177.333035093,0.000426718,0.304545622,0.003158497,2.254194718,-1.144428375,-0.135509121,true,OK
1785072783.184907675,0.084941689,0.037155874,8.175672225,7.600699826,0.028830785,-0.107939059,-177.180091456,0.000452487,0.270519701,0.003346343,2.000614507,-1.160548723,-0.145382890,true,OK
1785072784.184928656,0.086306582,0.129807069,8.761169103,7.718131458,0.028291356,-0.107436781,-177.372680292,0.000203549,0.276245614,0.001659070,2.251598643,-1.162061550,-0.157829653,true,OK
1785072785.185003281,0.058555046,0.074348519,8.054672527,7.593446383,0.028914206,-0.108343412,-177.157882715,0.000915121,0.349985883,0.006770310,2.589288661,-1.141119751,-0.155359775,true,OK
1785072786.184970856,0.088432216,0.028656980,8.686078780,7.601418021,0.029297259,-0.109204128,-177.099883190,0.000066091,0.115349902,0.000489141,0.853701714,-1.130479159,-0.152824725,true,OK
1785072787.184966564,0.089096216,0.120506564,8.950435406,7.721248283,0.029420732,-0.108528133,-176.840340131,0.000305704,0.059347027,0.002494731,0.484307723,-1.142717488,-0.146840070,true,OK
1785072788.184988499,0.085247057,0.076028851,8.029714503,7.715266113,0.029221343,-0.107840528,-176.980434114,0.000170155,0.125114538,0.001260087,0.926539551,-1.142979695,-0.143200057,true,OK
1785072789.184983969,0.086397245,0.020291257,8.652259116,7.605433827,0.029205672,-0.108471421,-176.647966659,0.000188368,0.027976455,0.001394537,0.207116967,-1.156603505,-0.149771464,true,OK
1785072790.184916019,0.084102838,0.111361693,8.964606460,7.678965601,0.029673063,-0.109323502,-176.687113121,0.000837701,0.216704814,0.006201365,1.604229795,-1.143028389,-0.153318364,true,OK
1785072791.184973001,0.087215871,0.066795504,8.045400325,7.712024677,0.030133433,-0.108446323,-176.803476706,0.000692215,0.083929371,0.005119459,0.620721864,-1.129628460,-0.159567088,true,OK
1785072792.184983492,0.085936581,0.023152289,8.739523827,7.752604491,0.030124974,-0.108205757,-176.854366438,0.000984746,0.380007046,0.007287844,2.812330161,-1.157212058,-0.149823429,true,OK
1785072793.184961557,0.185311809,0.098794377,8.707944115,7.622721051,0.030815121,-0.107669927,-176.351962909,0.000620904,0.456283370,0.005052985,3.713283523,-1.191552528,-0.153392548,true,OK
1785072794.185013294,0.086367445,0.058228980,8.072724948,7.679565610,0.034045504,-0.105206785,-176.530964326,0.000293024,0.157017511,0.002387247,1.279211144,-1.202285659,-0.166790586,true,OK
1785072795.184960604,0.086607221,0.014367197,8.738112617,7.717604861,0.034613006,-0.104896158,-176.586156023,0.001014064,0.128204252,0.007497694,0.947904725,-1.182399363,-0.166718475,true,OK
1785072796.184972286,0.187469442,0.092832790,8.768676299,7.621381958,0.034334889,-0.104043277,-176.675132274,0.000392519,0.393167033,0.002904830,2.909627352,-1.176711236,-0.166525733,true,OK
1785072797.184895515,0.088307370,0.048314950,8.425645335,7.650934475,0.034997173,-0.104500325,-176.462115389,0.000256362,0.108352360,0.002090542,0.883573909,-1.188956994,-0.165728849,true,OK
1785072798.184900761,0.088357384,0.005043844,8.803451573,7.709003517,0.035562324,-0.104356761,-176.056055083,0.000254694,0.144017660,0.001885085,1.065929438,-1.161440978,-0.161034493,true,OK
1785072799.184941292,0.185424199,0.082929349,8.830684740,7.615607201,0.035999554,-0.103874299,-176.153290043,0.000658093,0.027976455,0.004837633,0.205654432,-1.202726634,-0.162994566,true,OK
1785072800.185083389,0.084637409,0.038605258,8.373451545,7.640861995,0.036415146,-0.103838211,-176.210905764,0.000197438,0.068528042,0.001609499,0.558635293,-1.196840262,-0.177078680,true,OK
1785072801.184976101,0.086292619,0.130969724,8.849021974,7.751327997,0.036195892,-0.103516347,-175.859133686,0.000712141,0.263187172,0.005805269,2.145463485,-1.176292786,-0.181009699,true,OK
1785072802.184988737,0.184527629,0.074847272,8.953274244,7.606229189,0.037543083,-0.102801718,-176.074712979,0.000776097,0.261696003,0.005742063,1.936194867,-1.188033840,-0.296998612,true,OK
1785072803.185000658,0.087658044,0.029207348,8.422506028,7.611572100,0.033520088,-0.101893542,-176.075690011,0.001078779,0.189745630,0.007988259,1.405048289,-0.931628399,-0.046519604,true,OK
1785072804.184931755,0.088483452,0.121581061,8.813609025,7.711159763,0.033739355,-0.101178781,-175.741376233,0.000927451,0.120331298,0.007546729,0.979143691,-1.030914276,-0.057820568,true,OK
1785072805.184972525,0.087331997,0.064413649,7.974761865,7.589072898,0.036799600,-0.101659495,-176.049738917,0.000305046,0.111905833,0.002270630,0.832978835,-0.988588278,-0.034578937,true,OK
1785072806.186155558,0.088271127,0.023116495,8.496799305,7.614891788,0.035688614,-0.102148528,-175.893635224,0.000314707,0.235733974,0.002327371,1.743336618,-0.954644422,-0.054968165,true,OK
1785072807.184967518,0.087321174,0.112865310,8.985828956,7.710853844,0.030491151,-0.102818047,-176.062048279,0.000151931,0.239848309,0.001237492,1.953583771,-0.911271070,0.027293675,true,OK
1785072808.184974670,0.088538194,0.056429301,8.015233505,7.610614837,0.027332358,-0.103896255,-175.834552167,0.000732637,0.382572983,0.005407461,2.823701905,-0.951742668,0.005567264,true,OK
1785072809.184969902,0.087234201,0.011882971,8.646194052,7.617160715,0.031491897,-0.102959820,-175.957864138,0.000451478,0.145369958,0.003339874,1.075396157,-1.010345844,-0.015633730,true,OK
1785072810.185025454,0.187488759,0.103840728,8.764109791,7.712857082,0.030711650,-0.103096391,-175.791412122,0.000700268,0.160712550,0.005185834,1.190156980,-0.987610886,-0.006393513,true,OK
1785072811.185006142,0.086400577,0.059558291,8.059929434,7.744709734,0.029913523,-0.103212616,-175.626087086,0.000207297,0.027976455,0.001533885,0.207010478,-0.990514221,-0.032952302,true,OK
1785072812.184928656,0.086788409,0.003457685,8.665033502,7.609238506,0.030416517,-0.103121728,-175.448202653,0.000503980,0.155766359,0.003713197,1.147646660,-0.978693852,-0.021634131,true,OK
1785072813.184982538,0.185171777,0.094553612,8.769312715,7.682730836,0.031553985,-0.102950066,-175.875015111,0.000694444,0.349985883,0.005709454,2.877451748,-0.993142829,-0.016080498,true,OK
1785072814.184994698,0.088655503,0.050277476,8.193023603,7.706793354,0.030793252,-0.103259583,-175.732367384,0.000532429,0.135620930,0.003942725,1.004296384,-1.005101425,-0.024142300,true,OK
1785072815.185165882,0.087646808,0.006757052,8.713406593,7.727963732,0.029406647,-0.102624708,-175.838233248,0.000589544,0.172458515,0.004361519,1.275868781,-1.013906009,-0.044593414,true,OK
1785072816.184942007,0.187063538,0.084865902,8.810356951,7.646220211,0.030234979,-0.103004759,-175.506320371,0.000656152,0.019782341,0.005338982,0.160965176,-1.005772899,-0.032232602,true,OK
1785072817.184959173,0.086871816,0.040766570,8.371235857,7.703280029,0.030620856,-0.103268150,-175.816686074,0.000672194,0.159490387,0.004976295,1.180717374,-0.987951691,-0.025177366,true,OK
1785072818.184943199,0.088762783,0.120274918,8.865600192,7.626165279,0.030280110,-0.102607458,-175.825813188,0.000368342,0.117033931,0.002725894,0.866101849,-1.005630995,-0.027516842,true,OK
1785072819.184998751,0.188335278,0.073512077,8.998349230,7.618789097,0.029657605,-0.102691500,-175.842587152,0.000279280,0.254877847,0.002265390,2.067451508,-1.010111706,-0.026560079,true,OK
1785072820.185014725,0.088286662,0.031543095,8.409253011,7.664785860,0.029596359,-0.103103354,-175.686030372,0.001141925,0.228997300,0.009282303,1.861437947,-1.014973017,-0.032863229,true,OK
1785072821.185012341,0.087091263,0.110147446,8.955705703,7.594750183,0.029984294,-0.103609431,-175.403104526,0.000715044,0.383084100,0.005258174,2.817060731,-1.039568403,-0.010653071,true,OK
1785072822.184995651,0.085994995,0.066414218,8.007607070,7.605037474,0.029738750,-0.102373036,-175.442795623,0.000147921,0.252564227,0.001095425,1.870363421,-0.971324868,-0.049809918,true,OK
1785072823.184974432,0.086996995,0.021725637,8.476145089,7.634970058,0.029225526,-0.102992339,-175.608388954,0.000476202,0.264669910,0.003872404,2.152258394,-0.984170027,-0.044033366,true,OK
1785072824.184966326,0.086398952,0.114291358,8.989175552,7.718897805,0.029065475,-0.103189144,-175.268489472,0.000715573,0.155766359,0.005822185,1.267377269,-1.011669810,-0.044781984,true,OK
1785072825.184949160,0.088374365,0.069770169,8.038539641,7.744550369,0.029866814,-0.103112349,-175.420910733,0.000473378,0.272681002,0.003504301,2.018591762,-1.008941122,-0.032876881,true,OK
1785072826.185420513,0.087785525,0.014545251,8.691361369,7.608538942,0.029094048,-0.102325581,-175.473828744,0.000520376,0.153233400,0.003866446,1.138538439,-0.990330945,-0.040726110,true,OK
1785072827.184976578,0.186524479,0.104957967,8.787605244,7.664991809,0.030345079,-0.102714401,-175.557503260,0.001274838,0.408782740,0.010210312,3.273984386,-0.976094406,-0.028464051,true,OK
1785072828.184994221,0.085731656,0.061274178,8.061374371,7.715022432,0.030735913,-0.102886004,-175.050593307,0.000850834,0.389165209,0.006295082,2.879324883,-0.963297024,-0.033034606,true,OK
1785072829.185001135,0.086803008,0.017276631,8.561314286,7.745725804,0.031340225,-0.102944628,-175.298161918,0.000715103,0.139882314,0.005240401,1.025082396,-1.009944420,-0.036402976,true,OK
1785072830.184986591,0.188720261,0.095979230,8.757017727,7.655249440,0.029186232,-0.102604780,-175.258977970,0.000968364,0.000000000,0.007882910,0.000000000,-1.030249046,-0.023901302,true,OK
1785072831.184942007,0.086259666,0.051606610,8.183631827,7.663896484,0.030285541,-0.103001899,-175.172868811,0.000082711,0.000000000,0.000673828,0.000000000,-1.044710506,-0.031607431,true,OK
1785072832.184938669,0.086085180,0.007886996,8.720948622,7.713305330,0.031049393,-0.103043263,-175.358822019,0.000280940,0.115349902,0.002065396,0.848022787,-1.019344625,-0.036516517,true,OK
1785072833.185006142,0.188453494,0.084366724,8.885920940,7.586023316,0.030496350,-0.102506803,-175.248284152,0.000227559,0.079129369,0.001684414,0.585722626,-1.003013959,-0.020006743,true,OK
1785072834.185000658,0.083211568,0.040728335,8.352246947,7.627839030,0.029768279,-0.102723497,-175.064418120,0.000222370,0.353324458,0.001812565,2.879988183,-1.029294499,-0.022820261,true,OK
1785072835.184996367,0.082185911,0.133968347,8.695666229,7.742091331,0.029915411,-0.103181813,-175.025635526,0.000686843,0.128204252,0.005604171,1.046059231,-1.026585583,-0.035765987,true,OK
1785072836.184983492,0.186739019,0.077597778,9.040970180,7.601688724,0.030423173,-0.103339798,-174.800352615,0.000521382,0.317135448,0.003860252,2.348035769,-1.044726713,-0.006682669,true,OK
1785072837.185278893,0.084089134,0.033150522,8.328265678,7.613275003,0.030489137,-0.102430252,-175.152966200,0.001188145,0.213978861,0.008794069,1.583767534,-0.981404802,-0.060482382,true,OK
1785072838.185016870,0.086059768,0.123926956,8.767972165,7.701553309,0.029504537,-0.102648833,-174.759702804,0.000550104,0.233230523,0.004476797,1.898051583,-0.991522556,-0.034372254,true,OK
1785072839.184981108,0.086281266,0.066323335,8.073684448,7.576686745,0.030150196,-0.103314620,-174.567197711,0.000375253,0.125114538,0.002794152,0.931609284,-0.974342380,-0.019866270,true,OK
1785072840.184967995,0.087571064,0.024268873,8.542735890,7.609606734,0.029063935,-0.103148503,-174.835526845,0.000154529,0.034264021,0.001143964,0.253652841,-0.999625600,-0.031949002,true,OK
1785072841.184967518,0.085082883,0.115394445,8.924865654,7.715378910,0.033377016,-0.101098499,-174.668261676,0.000379880,0.171320168,0.003099850,1.397986594,-1.015598065,-0.033411707,true,OK
1785072842.185029745,0.084090284,0.070114786,8.044074745,7.707070923,0.032341573,-0.101468851,-174.484336111,0.000590128,0.034264021,0.004364615,0.253418356,-0.984552131,-0.032242526,true,OK
1785072843.185001373,0.086740624,0.013799681,8.504764989,7.582191139,0.032438825,-0.101700886,-174.441806524,0.000104542,0.068528042,0.000772598,0.506445935,-0.965387600,-0.022465863,true,OK
1785072844.187340498,0.189833504,0.108928610,8.804886311,7.682384880,0.031746106,-0.101399812,-174.187394037,0.000806463,0.129721514,0.006570287,1.056847026,-0.986424452,-0.004716886,true,OK
1785072845.184956074,0.087758139,0.062644064,8.082089564,7.717484724,0.031801364,-0.101101973,-174.046050369,0.001002921,0.065610604,0.007468000,0.488552854,-1.009708071,-0.004890132,true,OK
1785072846.184996605,0.087816079,0.018650975,8.743666921,7.762532531,0.031437335,-0.101621965,-174.031779576,0.000352573,0.115349902,0.002599258,0.850388344,-1.017061780,0.000606545,true,OK
1785072847.184994221,0.178405236,0.097398147,8.716696605,7.721518579,0.030836138,-0.102545101,-174.075076213,0.000834494,0.094872788,0.006163942,0.700772256,-0.975111667,0.019862873,true,OK
1785072848.185710907,0.087277793,0.039321195,8.520926454,7.618462183,0.026133533,-0.103810407,-174.206902453,0.000327751,0.230699911,0.002667801,1.877835215,-0.956746561,0.010659529,true,OK
1785072849.184970856,0.081562176,0.119989589,8.813327191,7.642075931,0.026459046,-0.102653880,-173.995629761,0.000667441,0.134170395,0.004993490,1.003801838,-0.974089712,0.026379244,true,OK
1785072850.184977770,0.088320197,0.075972154,8.393973637,7.743406322,0.025743768,-0.103905787,-173.587162557,0.000603669,0.212142087,0.004494674,1.579523824,-0.982053106,0.015837290,true,OK
1785072851.185119390,0.086624076,0.031717406,8.590609785,7.748348408,0.029171029,-0.102944972,-173.784043627,0.000662331,0.247872207,0.004905781,1.835951328,-0.988860769,-0.016498589,true,OK
1785072852.184969902,0.087487131,0.110804673,8.987600204,7.654308230,0.029186066,-0.103147936,-173.994615291,0.000498817,0.102792073,0.003688970,0.760192267,-0.974259108,-0.021060674,true,OK
1785072853.184957027,0.086093086,0.066811410,7.980989937,7.660863601,0.028391336,-0.102484937,-174.172796557,0.000744595,0.388158290,0.006055491,3.156733423,-0.961904003,-0.019373630,true,OK
1785072854.185005426,0.086060805,0.022552056,8.426914628,7.676721315,0.033005529,-0.101336404,-173.711112201,0.000068902,0.209356731,0.000561226,1.705275913,-0.983561402,-0.027549387,true,OK
1785072855.184988499,0.189041658,0.101916946,8.705503247,7.606181323,0.033398314,-0.101014571,-173.945882671,0.000342524,0.170174190,0.002532901,1.258406591,-0.993476749,-0.019212754,true,OK
1785072856.185094118,0.086849800,0.057295853,8.043293341,7.611467389,0.032327812,-0.100764661,-173.847035520,0.000221563,0.373253110,0.001639162,2.761396535,-0.979583442,-0.027439273,true,OK
1785072857.184925556,0.086476444,0.013830174,8.506891390,7.616729705,0.031292717,-0.100829361,-173.575220885,0.000168293,0.126668806,0.001244849,0.936956102,-0.975536062,-0.033736013,true,OK
1785072858.184941769,0.187028222,0.104994943,8.728703915,7.665044201,0.032074746,-0.100994153,-173.677631774,0.000249129,0.344349643,0.002028335,2.803593694,-0.968398240,-0.018921701,true,OK
1785072859.184940100,0.085326878,0.060872265,8.051536358,7.664831596,0.032128389,-0.100803291,-173.499015244,0.000264063,0.131221234,0.002130456,1.058690450,-0.956330710,-0.004924090,true,OK
1785072860.184973478,0.087474066,0.017081683,8.508375731,7.679873738,0.033189406,-0.100413586,-173.616947538,0.001127087,0.027976455,0.009179158,0.227844258,-0.992662297,-0.015174657,true,OK
1785072861.184967756,0.088418918,0.108140496,9.006253569,7.752967059,0.031780410,-0.100138925,-173.573636608,0.000377939,0.301964691,0.003076072,2.457714461,-1.018440554,-0.019468398,true,OK
1785072862.184989691,0.087639560,0.064254082,8.020826039,7.756159675,0.032002076,-0.100812219,-173.196062208,0.000304085,0.088469326,0.002250611,0.654784820,-0.993574661,-0.022824885,true,OK
1785072863.185004711,0.087414130,0.020015838,8.670626758,7.758359199,0.033329989,-0.100591791,-173.203115361,0.001307936,0.019782341,0.009686194,0.146502258,-0.996037058,-0.024007842,true,OK
1785072864.184996843,0.186763585,0.098588270,8.742384948,7.653040140,0.032857062,-0.100617172,-172.947508104,0.000538160,0.000000000,0.004376179,0.000000000,-0.998879209,-0.011014473,true,OK
1785072865.184929609,0.089247943,0.054911030,8.179359108,7.666663458,0.031517352,-0.101512669,-172.856060596,0.001286374,0.239031114,0.010406437,1.933701383,-1.005461433,-0.004151769,true,OK
1785072866.184966326,0.088212066,0.010623290,8.723843803,7.674921957,0.031974904,-0.102026596,-173.023343651,0.000111755,0.308376558,0.000908406,2.506658820,-1.025735961,-0.022318870,true,OK
1785072867.184991837,0.188143030,0.102217937,8.775656033,7.753574742,0.033856820,-0.101750276,-172.884695120,0.001051257,0.076616680,0.007787943,0.567593263,-1.021175247,-0.024668945,true,OK
1785072868.184990406,0.087211576,0.057653160,8.062688511,7.748543005,0.032857888,-0.100428502,-173.045995081,0.000221565,0.102792073,0.001638978,0.760380492,-1.004926868,-0.030266823,true,OK
1785072869.185097694,0.085547494,0.013021091,8.679373169,7.741388116,0.033481438,-0.100324858,-172.672370307,0.000351414,0.294085961,0.002600346,2.176135355,-0.993715680,-0.028413712,true,OK
1785072870.184987545,0.186144004,0.089100204,8.769323336,7.614483298,0.034261079,-0.100545811,-172.608433790,0.000464559,0.108352360,0.003781623,0.882015126,-0.977183551,-0.016359376,true,OK
1785072871.185649633,0.088215662,0.049649022,8.431912116,7.667935657,0.033054524,-0.099923017,-172.664621070,0.001133606,0.171320168,0.009217877,1.393084326,-1.012920116,-0.040903737,true,OK
1785072872.184952497,0.088032510,0.005009884,8.801175616,7.669147430,0.032247538,-0.099702652,-172.623957993,0.000289023,0.027976455,0.002355706,0.228024774,-1.018153026,-0.036054218,true,OK
1785072873.185051203,0.186337965,0.096455343,8.825798217,7.736879797,0.032676061,-0.100585313,-172.405687952,0.000160941,0.137056110,0.001190668,1.013961228,-0.975728251,-0.030930344,true,OK
1785072874.184992790,0.087480150,0.051947614,8.222186798,7.752802311,0.033145220,-0.100502891,-172.479496370,0.000631173,0.254108970,0.004668480,1.879521500,-0.975957599,-0.028381561,true,OK
1785072875.184983969,0.088856928,0.008273280,8.756987677,7.760452030,0.032411592,-0.100146173,-172.351302714,0.000114504,0.106531181,0.000847299,0.788301759,-0.999506425,-0.006105394,true,OK
1785072876.184981108,0.187529392,0.086642807,8.767817790,7.652743166,0.031668586,-0.099997480,-172.515108888,0.000642853,0.335717938,0.005236563,2.734697123,-1.000458111,-0.008395043,true,OK
1785072877.184921503,0.087449010,0.042575549,8.355501480,7.651868615,0.032117375,-0.100720335,-172.093780425,0.000586397,0.118694067,0.004776074,0.966737194,-1.006056304,-0.011006075,true,OK
1785072878.184931755,0.088241638,0.134217472,8.733036726,7.719099363,0.031405780,-0.101346839,-172.048833438,0.000366909,0.199791944,0.002989668,1.627957360,-1.018178018,-0.025896149,true,OK
1785072879.184989214,0.186701480,0.088453821,8.963578395,7.698431346,0.031598776,-0.100624001,-172.132876768,0.000430242,0.117033931,0.003182287,0.865642510,-0.984557624,-0.017824804,true,OK
1785072880.184988737,0.086646795,0.046146294,8.420112730,7.717932858,0.031294779,-0.100483882,-172.048944142,0.000251424,0.222056360,0.001859698,1.642476103,-0.984100574,-0.009784358,true,OK
1785072881.184905291,0.085619937,0.002239116,8.752952720,7.722979145,0.032111055,-0.100796495,-172.020012741,0.000438081,0.145369958,0.003243690,1.076364182,-1.002885368,-0.018524240,true,OK
1785072882.185003042,0.189106929,0.081127962,8.888478873,7.626469182,0.032159368,-0.101316338,-171.836598416,0.000693363,0.421508743,0.005162475,3.138367257,-1.037452958,-0.022894918,true,OK
1785072883.184979677,0.087437028,0.036344766,8.409348634,7.619424008,0.032999501,-0.100958902,-172.364151396,0.000930932,0.086229231,0.006868055,0.636165804,-1.031321643,-0.041029156,true,OK
1785072884.184906006,0.088646325,0.127456891,8.774978485,7.705343041,0.032226352,-0.100817644,-172.195166979,0.000451727,0.104678325,0.003679198,0.852576741,-1.028674294,-0.037563771,true,OK
1785072885.185090780,0.084181274,0.084049663,7.965708497,7.718256665,0.032767889,-0.101345601,-172.180902643,0.000197516,0.198810171,0.001461817,1.471391314,-1.007373680,-0.028151248,true,OK
1785072886.184952021,0.087644390,0.036551244,8.471290400,7.674348628,0.033467595,-0.102261579,-172.460851386,0.000405326,0.222935800,0.003001671,1.650966003,-1.035446013,-0.029120779,true,OK
1785072887.185011625,0.087603905,0.118846544,8.840923010,7.632584657,0.033637338,-0.101052669,-172.587872448,0.000866342,0.090654086,0.006413354,0.671093960,-1.039016360,-0.031926990,true,OK
1785072888.185001373,0.189180296,0.075354174,8.993328226,7.634135774,0.033018310,-0.101511672,-172.397499824,0.000233803,0.096913294,0.001727691,0.716143238,-1.007789749,-0.054467055,true,OK
1785072889.184984207,0.087139009,0.031124619,8.379850505,7.661988983,0.031548600,-0.102793247,-172.071394397,0.000974923,0.134170395,0.007972736,1.097220052,-0.995927710,-0.045322666,true,OK
1785072890.184964418,0.086664098,0.121712445,8.805534621,7.730965423,0.032510753,-0.102524334,-172.090231591,0.000938312,0.407344184,0.007624285,3.309889898,-1.004730551,-0.034291888,true,OK
1785072891.184859991,0.086625354,0.078334060,7.989873772,7.736507379,0.032246158,-0.101653534,-172.281378998,0.000469515,0.172458515,0.003469823,1.274507381,-1.006592020,-0.033949678,true,OK
1785072892.187360764,0.083946161,0.036623959,8.326179044,7.741800875,0.031509206,-0.102993208,-171.835492509,0.000060938,0.044234660,0.000455080,0.330342866,-1.012756871,-0.037322921,true,OK
1785072893.185740948,0.015303214,0.109295206,8.112235913,7.672844627,0.028618157,-0.105567682,-172.084003960,0.000531332,0.138476416,0.004501375,1.173154632,-0.972844517,-0.012762312,true,OK
1785072894.185005426,0.087446069,0.052067226,8.261178863,7.665237313,0.028395638,-0.106050979,-172.119650562,0.000753414,0.203671772,0.005637417,1.523973340,-0.825617837,0.083425231,true,OK
1785072895.184885025,0.084030097,0.000460075,8.781382559,7.636837135,0.028095850,-0.105294278,-172.517085402,0.000190630,0.388158290,0.001542563,3.140941255,-0.869559468,0.009509220,true,OK
1785072896.184974909,0.179742968,0.077497119,8.903698778,7.610482532,0.028187950,-0.105388273,-171.965751739,0.001031791,0.302611985,0.008420033,2.469496296,-0.873699573,0.022216343,true,OK
1785072897.190291882,0.093475181,0.027486178,8.403826915,7.558986980,0.028642906,-0.105244675,-172.107574387,0.000210434,0.120331298,0.001558265,0.891053877,-0.896499085,0.034275004,true,OK
1785072898.185016394,0.188096656,0.102285527,8.749114923,7.564280322,0.028923754,-0.104845552,-172.607455252,0.000933903,0.039564681,0.006979987,0.295706311,-0.880069410,0.033531447,true,OK
1785072899.184949875,0.088582593,0.054211628,8.156207475,7.612676055,0.028096260,-0.104747795,-172.286744080,0.000692389,0.076616680,0.005682872,0.628841039,-0.880509437,0.028165225,true,OK
1785072900.184966326,0.087781145,0.136931540,8.732288149,7.642552920,0.029069627,-0.105057887,-172.228427137,0.000302919,0.113640914,0.002242052,0.841111530,-0.882283111,0.026474520,true,OK
1785072901.185023785,0.187300691,0.079588962,8.904046473,7.567883345,0.029496487,-0.104660438,-172.561188995,0.000168414,0.100870555,0.001246280,0.746452977,-0.882092455,0.022520974,true,OK
1785072902.185034275,0.084894542,0.034658222,8.430976719,7.700388442,0.028767925,-0.104770580,-172.401632454,0.000554615,0.305187446,0.004182490,2.301492613,-0.853108032,0.017438552,true,OK
1785072903.185090780,0.083541610,0.115309993,8.810095888,7.652844069,0.029120119,-0.104581220,-172.703851663,0.000479110,0.431600748,0.003543940,3.192517240,-0.888548896,0.034421938,true,OK
1785072904.185158253,0.084618536,0.057527291,7.980890507,7.577979327,0.029897259,-0.105253673,-172.185493846,0.000057324,0.094872788,0.000429549,0.710920679,-0.880399930,0.013957786,true,OK
1785072905.185054064,0.084863273,0.002242874,8.792783264,7.555258958,0.029784153,-0.105455932,-172.102643004,0.000255737,0.118694067,0.001893297,0.878728462,-0.876339785,0.027676010,true,OK
1785072906.186491728,0.180555373,0.095287620,8.657596259,7.703904409,0.029217469,-0.104700125,-172.570803473,0.000200959,0.144017660,0.001488625,1.066825166,-0.863574240,0.045367702,true,OK
1785072907.186320305,0.087727272,0.037162905,8.401138806,7.623065981,0.028846204,-0.104761014,-172.438689185,0.000677799,0.065610604,0.005505666,0.532945360,-0.878926974,0.055932848,true,OK
1785072908.185088158,0.085118044,0.116679828,8.816987339,7.649065771,0.029335134,-0.105112104,-172.350998300,0.000348221,0.200768942,0.002578502,1.486651776,-0.910637284,0.031670701,true,OK
1785072909.185245991,0.088888324,0.058089356,7.996699014,7.540205199,0.028753829,-0.104581954,-172.547933478,0.000611027,0.205584225,0.004520795,1.521052959,-0.899319438,0.027942669,true,OK
1785072910.186096668,0.090917546,0.016335336,8.555288047,7.644450744,0.028194048,-0.104192278,-172.938861767,0.000153276,0.071326251,0.001250056,0.581709466,-0.889894189,0.019501041,true,OK
1785072911.185029745,0.184194923,0.094981770,8.634934699,7.640543659,0.028319103,-0.104517322,-172.903479979,0.000435739,0.135620930,0.003548996,1.104602571,-0.875632036,0.029210050,true,OK
1785072912.184938669,0.084418977,0.038903883,8.114946031,7.589381552,0.028910729,-0.104448693,-172.925910594,0.000221692,0.134170395,0.001639628,0.992322001,-0.901698824,0.027037455,true,OK
1785072913.184950829,0.088797572,0.117286106,8.778573143,7.570628788,0.028623636,-0.105331107,-172.953466816,0.000415398,0.161925496,0.003075596,1.198891920,-0.922501699,0.023336872,true,OK
1785072914.185030699,0.081766968,0.072304067,8.016813166,7.635888552,0.028358761,-0.104813467,-172.846467843,0.000266735,0.052339156,0.002152691,0.422404172,-0.898876940,0.026330784,true,OK
1785072915.185009241,0.083116597,0.017365224,8.552156569,7.603607645,0.028344396,-0.105314839,-172.932018084,0.000467511,0.273397638,0.003461391,2.024199013,-0.897556859,0.027358058,true,OK
1785072916.185056210,0.181022871,0.094147107,8.603774467,7.572385184,0.028881395,-0.105447679,-173.150303693,0.000773655,0.167858796,0.005626363,1.220743131,-0.866329762,0.048420875,true,OK
1785072917.185454607,0.082454812,0.052743095,8.214625150,7.679152823,0.027732357,-0.104592270,-173.189400269,0.000312944,0.118694067,0.002316263,0.878518008,-0.892475002,0.034595421,true,OK
1785072918.185137033,0.084880313,0.130675511,8.724000588,7.691658268,0.027092263,-0.104608770,-172.750390020,0.000219818,0.129721514,0.001781286,1.051191028,-0.901275140,0.044867013,true,OK
1785072919.186008692,0.187080379,0.073724391,8.972784166,7.578419556,0.027567218,-0.104884698,-172.781665390,0.000575713,0.268340977,0.004264189,1.987547962,-0.879505576,0.032901600,true,OK
1785072920.185018301,0.089344979,0.030383160,8.547121142,7.732159428,0.028493900,-0.105167410,-172.957482623,0.000372636,0.065610604,0.002764687,0.486782621,-0.859723748,0.040380831,true,OK
1785072921.185011625,0.088584272,0.108299439,8.970652131,7.683894678,0.028022137,-0.105022753,-173.204589539,0.000969372,0.367441312,0.007874925,2.984995926,-0.860063655,0.048444754,true,OK
1785072922.187034845,0.081568706,0.055705923,8.108711502,7.656178671,0.027359598,-0.105722307,-172.937066924,0.000549108,0.165510998,0.004477104,1.349478478,-0.883615279,0.044057569,true,OK
1785072923.185579538,0.084339170,0.007871007,8.675833894,7.685179935,0.027939459,-0.106318792,-172.474887320,0.000451391,0.352215113,0.003340563,2.606601682,-0.902207880,0.038837571,true,OK
1785072924.185010910,0.185823109,0.083663667,8.886916922,7.640886160,0.028601383,-0.106152670,-172.923739705,0.000658024,0.228997300,0.004848704,1.687385995,-0.899274273,0.048820745,true,OK
1785072925.184993744,0.084776758,0.031889879,8.477884392,7.630185453,0.027647193,-0.106101387,-173.089559230,0.000255672,0.360452001,0.002081779,2.934934392,-0.884625125,0.040905123,true,OK
1785072926.185155392,0.082631031,0.111082443,8.940188056,7.612375829,0.027775101,-0.105438370,-172.835015726,0.000520389,0.110143430,0.003852423,0.815388018,-0.878191903,0.057816780,true,OK
1785072927.184990168,0.079948341,0.063627772,8.091007294,7.674445803,0.027643003,-0.105862104,-172.443710963,0.000841262,0.254108970,0.006111770,1.846102746,-0.902808267,0.062324823,true,OK
1785072928.186308146,0.086144659,0.010586897,8.737736109,7.631020699,0.028060013,-0.106385416,-172.474245044,0.000417331,0.373253110,0.003406213,3.046450093,-0.947382037,0.072045006,true,OK
1785072929.184999466,0.185116451,0.086564490,8.897166284,7.605511642,0.027324966,-0.105763010,-172.589292763,0.000503102,0.071326251,0.004181823,0.592869585,-0.878545281,0.027232889,true,OK
1785072930.185179472,0.087291914,0.031889634,8.396096822,7.552683680,0.028308046,-0.105902523,-172.641950273,0.000114898,0.142652530,0.000835562,1.037398695,-0.887923044,0.037511077,true,OK
1785072931.185018778,0.087001170,0.110651519,8.773720573,7.565141684,0.027992184,-0.105910616,-172.481903507,0.000524709,0.202708782,0.003894965,1.504726891,-0.885488870,0.057949174,true,OK
1785072932.185079813,0.086310779,0.066702265,8.017709712,7.676917277,0.027461869,-0.106068701,-172.526340797,0.000351506,0.092787413,0.002601051,0.686602239,-0.899568723,0.068261650,true,OK
1785072933.185055733,0.081550106,0.010901543,8.620316047,7.621255418,0.026813884,-0.106010532,-172.674081298,0.000473534,0.312160456,0.003857341,2.542816167,-0.876854830,0.022178427,true,OK
1785072934.185034037,0.187377129,0.089116811,8.741229361,7.606013128,0.027498733,-0.106412571,-172.298475695,0.000522705,0.361536080,0.004267746,2.951846802,-0.876599392,0.042789967,true,OK
1785072935.185126543,0.086877771,0.033681574,8.437295785,7.577939933,0.028001598,-0.106290690,-172.542307539,0.000301761,0.149353439,0.002233042,1.105219840,-0.902693312,0.038229469,true,OK
1785072936.185188055,0.087372380,0.112344096,8.998286243,7.583881166,0.027653127,-0.106127044,-172.370951866,0.000215010,0.098911718,0.001588794,0.730897772,-0.876158720,0.055362706,true,OK
1785072937.185006618,0.081420911,0.067779774,7.971119135,7.703897011,0.026911780,-0.106012047,-172.394867820,0.000250211,0.135620930,0.001828336,0.991007062,-0.864337325,0.043316409,true,OK
1785072938.185460806,0.086936319,0.013689081,8.724178328,7.634542669,0.027501674,-0.106881636,-172.055853315,0.000700235,0.248660374,0.005702080,2.024863817,-0.897857090,0.050959130,true,OK
1785072939.184943199,0.186460361,0.103651324,8.767028262,7.736019809,0.028382461,-0.106014582,-172.260726333,0.000531865,0.000000000,0.003938666,0.000000000,-0.885183701,0.051939440,true,OK
1785072940.184931755,0.087905852,0.047923872,8.076392855,7.605996938,0.027078710,-0.105749064,-172.241807336,0.000807632,0.228997300,0.005977209,1.694787430,-0.881398135,0.034348290,true,OK
1785072941.184940577,0.088974275,0.001455223,8.696756767,7.607131307,0.028457034,-0.106384568,-172.360197393,0.000606823,0.196831898,0.004383743,1.421930754,-0.874430201,0.030803571,true,OK
1785072942.185022116,0.182732139,0.095217720,8.729349141,7.722673892,0.029756154,-0.105850697,-172.292512646,0.000888780,0.128204252,0.006581219,0.949323613,-0.875182791,0.031305501,true,OK
1785072943.185117245,0.085853362,0.039000106,8.317620192,7.635160624,0.030550880,-0.105669048,-172.429433026,0.000813562,0.224684355,0.006702355,1.851014597,-0.887457574,0.021829436,true,OK
1785072944.185048103,0.080339154,0.115013609,8.711666698,7.593810410,0.029675313,-0.105125022,-172.758520465,0.000577837,0.132704012,0.004275760,0.981956399,-0.884632034,0.040582512,true,OK
1785072945.188008547,0.090762728,0.062843869,8.006070432,7.575333417,0.028549012,-0.105582673,-172.652963013,0.000452986,0.285305273,0.003353431,2.112100998,-0.868724016,0.030891564,true,OK
1785072946.186667442,0.083533261,0.014946393,8.605258200,7.691336611,0.027484306,-0.105980353,-172.466467839,0.000543268,0.184517467,0.003897938,1.323909903,-0.868399298,0.029310730,true,OK
1785072947.187002897,0.182428392,0.084215055,8.877185156,7.557605473,0.028183540,-0.105539788,-172.631617665,0.001106040,0.282548624,0.008185525,2.091071721,-0.886602470,0.038833611,true,OK
1785072948.185019970,0.084385090,0.035337859,9.259902680,7.714918639,0.027464991,-0.105180916,-172.703531879,0.000618755,0.369035414,0.004597916,2.742270275,-0.895595511,0.027531335,true,OK
1785072949.185160875,0.170687769,0.100748017,8.483764859,7.510530830,0.027786367,-0.105481235,-172.522859982,0.000539401,0.132704012,0.003991962,0.982107520,-0.927215510,0.040116922,true,OK
1785072950.186824799,0.079391677,0.055380989,8.158364256,7.587384485,0.027721923,-0.105333238,-172.617851212,0.000246869,0.236562561,0.001837046,1.760348103,-0.879391733,0.042331529,true,OK
1785072951.185049057,0.080167824,0.004661556,8.701141973,7.632598172,0.026921587,-0.105728382,-172.686835242,0.000514903,0.319593916,0.004189910,2.600626054,-0.857414197,0.034268114,true,OK
1785072952.185114384,0.087913433,0.082726618,8.054662878,7.678325552,0.027476144,-0.105531264,-172.711059515,0.000414765,0.118694067,0.003069303,0.878348192,-0.852365269,0.036419131,true,OK
1785072953.184970379,0.085863097,0.029066724,8.392046076,7.617274245,0.027759122,-0.106095326,-172.379607670,0.000621976,0.165510998,0.004606920,1.225925230,-0.848670925,0.043774219,true,OK
1785072954.184961796,0.088362355,0.107913022,8.843948308,7.592636459,0.028434499,-0.106285463,-172.834506446,0.000309172,0.153233400,0.002288614,1.134292909,-0.871170124,0.058050973,true,OK
1785072955.184997082,0.088821000,0.063727185,7.968380681,7.645965236,0.027410531,-0.105706683,-172.654848302,0.000648820,0.059347027,0.005287153,0.483611167,-0.885459945,0.055886389,true,OK
1785072956.184975386,0.089251146,0.019427314,8.599829361,7.672305672,0.027202401,-0.106378439,-172.456954235,0.000248319,0.092787413,0.002024532,0.756492334,-0.891293674,0.052644245,true,OK
1785072957.184977293,0.188113250,0.098527810,8.740767397,7.606164436,0.028196754,-0.106108049,-172.399361319,0.000121564,0.220286968,0.000897952,1.627184963,-0.874332096,0.053276941,true,OK
1785072958.184918642,0.087307641,0.054158144,7.329770318,7.148578321,0.027373258,-0.106486727,-172.264441484,0.000487684,0.126668806,0.003549563,0.921946788,-0.879286018,0.052209997,true,OK
1785072959.185088873,0.088555768,0.010929999,8.623361436,7.538649866,0.027711743,-0.105766501,-172.513336452,0.000250436,0.242283378,0.001852429,1.792123870,-0.890714069,0.036822318,true,OK
1785072960.185009480,0.187378920,0.102121820,8.758277167,7.666415116,0.027111922,-0.106503933,-172.174918948,0.000695082,0.118694067,0.005657179,0.966035630,-0.883221236,0.037317001,true,OK
1785072961.184977770,0.087176579,0.057403731,8.090768149,7.672922994,0.027377420,-0.106196582,-172.252947456,0.000044617,0.074018747,0.000363011,0.602233036,-0.862302334,0.046824553,true,OK
1785072962.184976101,0.087658651,0.013755072,8.711969348,7.684129558,0.028275511,-0.106579070,-172.037483490,0.000459460,0.117033931,0.003738780,0.952345352,-0.871319996,0.047149914,true,OK
1785072963.184967756,0.187165386,0.104343311,8.757391790,7.743708916,0.026066264,-0.105626767,-172.472061292,0.000973393,0.150657858,0.007207010,1.115471744,-0.860899550,0.051054140,true,OK
1785072964.184961557,0.086862739,0.048576211,8.073903940,7.609744071,0.026866903,-0.105758375,-172.323173160,0.000429075,0.106531181,0.003177560,0.788927179,-0.887927181,0.043185754,true,OK
1785072965.184900045,0.086906384,0.005037184,8.673221465,7.620172361,0.028269305,-0.105834312,-172.334917057,0.000766281,0.115349902,0.005670285,0.853560513,-0.908667882,0.026669306,true,OK
1785072966.184954166,0.187916595,0.095790472,8.839121233,7.668172008,0.028264840,-0.105962845,-172.247889911,0.000392044,0.207479056,0.003189884,1.688161730,-0.889343254,0.017808789,true,OK
1785072967.184980154,0.088764120,0.050409540,8.188245140,7.648438661,0.027489267,-0.105690350,-172.422790779,0.000391327,0.170174190,0.003184058,1.384634645,-0.869651229,0.009102081,true,OK
1785072968.184965611,0.083498083,0.007718442,8.623944120,7.665613413,0.028199893,-0.105953856,-172.569996967,0.000277606,0.399094517,0.002259598,3.248464254,-0.874476369,0.007005814,true,OK
1785072969.184985399,0.185689877,0.098514946,8.801804101,7.726519609,0.028288018,-0.106116782,-172.193658133,0.000285849,0.098911718,0.002115288,0.731949796,-0.898894605,0.026567051,true,OK
1785072970.186108589,0.088459762,0.056272886,8.212903964,7.731485756,0.028055186,-0.105593180,-172.144854530,0.000316276,0.264669910,0.002341225,1.959211627,-0.915008821,0.031940118,true,OK
1785072971.184992075,0.086839779,0.011182977,8.703023415,7.731642262,0.027366558,-0.105598871,-172.420699576,0.000416165,0.424745852,0.003080569,3.144088815,-0.883435402,0.027172001,true,OK
1785072972.184990883,0.189032676,0.088839702,8.810500447,7.617727372,0.026185187,-0.106258243,-172.089724577,0.001235085,0.323851312,0.009139880,2.396566143,-0.871927727,0.032862438,true,OK
1785072973.184946537,0.087058478,0.045841553,8.185465382,7.631340743,0.026307536,-0.105926733,-172.166829528,0.000402971,0.288714071,0.002980604,2.135495130,-0.868886817,0.035089724,true,OK
1785072974.184931040,0.086196069,0.001532296,8.676741012,7.625908068,0.026942187,-0.106060987,-172.439744524,0.000396774,0.123540700,0.002932707,0.913137134,-0.886100610,0.045706523,true,OK
1785072975.185548782,0.186884145,0.093749397,8.803061134,7.684094668,0.026636008,-0.106089769,-172.476053903,0.000387006,0.113640914,0.003153548,0.926012047,-0.909981161,0.030606749,true,OK
1785072976.184988499,0.088259397,0.049099621,8.398741368,7.681706399,0.027602329,-0.105683869,-172.486228194,0.000446189,0.203671772,0.003636474,1.659942049,-0.896260461,0.015733222,true,OK
1785072977.184916973,0.087713043,0.005081034,8.716560995,7.686080961,0.027464664,-0.105308139,-172.683125322,0.000284434,0.106531181,0.002288592,0.857164193,-0.869694626,0.018772679,true,OK
1785072978.184981585,0.189082000,0.096561739,8.830476625,7.759372076,0.026787767,-0.105298733,-172.354987760,0.000184625,0.111905833,0.001368548,0.829513559,-0.863916606,0.048749896,true,OK
1785072979.184899330,0.088861260,0.051740468,8.167468603,7.750932055,0.027035186,-0.105364207,-172.378432797,0.000310075,0.117033931,0.002294135,0.865892743,-0.857397460,0.044167476,true,OK
1785072980.184953690,0.085708168,0.008112699,8.679978806,7.759689594,0.028127985,-0.105693337,-172.086032426,0.000171033,0.243089661,0.001266577,1.800186945,-0.887894035,0.031862077,true,OK
1785072981.184987545,0.186766932,0.086864998,8.767032546,7.630392629,0.027940696,-0.105546051,-172.522434841,0.000324007,0.199791944,0.002399252,1.479447520,-0.869755822,0.039373197,true,OK
1785072982.185022116,0.087747940,0.043363804,8.157742685,7.630640286,0.027075565,-0.104612200,-172.694643484,0.000465322,0.265408184,0.003444938,1.964906755,-0.864829313,0.030296331,true,OK
1785072983.185118675,0.086384142,0.134346498,8.672623227,7.713030574,0.027613910,-0.104819891,-172.375719705,0.000472892,0.142652530,0.003851198,1.161752909,-0.861896862,0.033076527,true,OK
1785072984.184988976,0.186228308,0.088353972,8.945888591,7.695029127,0.028228402,-0.105470734,-172.210535155,0.000944723,0.413068310,0.006995954,3.058892137,-0.842242865,0.028942196,true,OK
1785072985.184931278,0.087043712,0.046232502,8.402518953,7.692163249,0.028274930,-0.105094245,-172.587480315,0.000513486,0.189745630,0.004205095,1.553884599,-0.888746988,0.024017471,true,OK
1785072986.184925795,0.086704840,0.002260887,8.756381608,7.684039222,0.028184233,-0.104524217,-172.844234190,0.000493572,0.120331298,0.004013745,0.978537344,-0.899100387,0.020669910,true,OK
1785072987.184949160,0.187478238,0.092836555,8.836705329,7.745128053,0.028146395,-0.104494724,-172.587392890,0.000759771,0.223811772,0.005627765,1.657814655,-0.868786149,0.026374395,true,OK
1785072988.184964418,0.089552222,0.036959988,8.418355963,7.603731052,0.029074929,-0.104436344,-172.373395926,0.000683540,0.441462100,0.005061116,3.268705853,-0.862562827,0.040722308,true,OK
1785072989.184959888,0.089369757,0.128201761,8.773262907,7.661396754,0.029246170,-0.103828355,-172.503521195,0.000201899,0.217605878,0.001496133,1.612526717,-0.890914994,0.060584384,true,OK
1785072990.184990168,0.189031686,0.082971779,9.008256486,7.666278592,0.028486633,-0.102880104,-172.877139253,0.000374932,0.132704012,0.003051029,1.079884979,-0.896830133,0.069235849,true,OK
1785072991.185037613,0.087527143,0.037743467,8.412807416,7.661238085,0.027797156,-0.103201124,-172.394048751,0.000142821,0.076616680,0.001163352,0.624083906,-0.886547747,0.036949503,true,OK
1785072992.184943676,0.087561641,0.131158398,8.908928636,7.740163238,0.027801132,-0.103277820,-172.630939175,0.000377007,0.266144404,0.003066498,2.164767089,-0.868781409,0.037912193,true,OK
1785072993.184960365,0.185716843,0.087416973,9.002637845,7.731356889,0.027165713,-0.102990396,-172.695267477,0.000231642,0.062557256,0.001714532,0.463027184,-0.838701162,0.051277128,true,OK
1785072994.184974432,0.087000563,0.043454106,8.408432817,7.751174907,0.026366014,-0.102704264,-172.662966609,0.000432241,0.117033931,0.003198259,0.865962944,-0.856237089,0.058141215,true,OK
1785072995.184996605,0.087113007,0.122402638,8.822956853,7.659628305,0.026603636,-0.103054191,-172.305305365,0.000274070,0.081564685,0.002032057,0.604751614,-0.865118040,0.047670380,true,OK
1785072996.185004473,0.187188644,0.078380550,8.955279290,7.658705132,0.027063562,-0.103364061,-172.607517437,0.000029254,0.068528042,0.000238834,0.559476064,-0.873123236,0.031192663,true,OK
1785072997.184974194,0.087772631,0.034389131,8.409805247,7.666748815,0.026302785,-0.102424541,-172.694901447,0.000612176,0.226419384,0.004971928,1.838917246,-0.892157423,0.023010137,true,OK
1785072998.184986830,0.087626815,0.125436034,8.713640148,7.727309868,0.026221697,-0.102341285,-172.545503278,0.000147806,0.137056110,0.001204398,1.116799777,-0.891896533,0.029979529,true,OK
1785072999.184928179,0.090944346,0.079668451,7.968850920,7.706028214,0.026453919,-0.102894362,-172.355666455,0.000326514,0.027976455,0.002449455,0.209875112,-0.880537646,0.042854961,true,OK
1785073000.184952021,0.089628790,0.036578293,8.460791690,7.711153190,0.027304242,-0.102997330,-172.326702077,0.000416772,0.090654086,0.003083867,0.670786667,-0.907714955,0.055029674,true,OK
1785073001.184982061,0.087371235,0.116315110,8.805563018,7.616342526,0.026298975,-0.102661357,-172.625308563,0.000114544,0.357180047,0.000849609,2.649320404,-0.895232691,0.045994163,true,OK
1785073002.185572624,0.088634880,0.084780958,7.994489367,7.753917546,0.025002680,-0.102680712,-172.533771681,0.000701001,0.237388267,0.005181102,1.754537744,-0.873234652,0.046365961,true,OK
1785073003.185001612,0.086058862,0.038116974,8.414274888,7.724434192,0.025156792,-0.103035841,-172.135185594,0.000952108,0.166689032,0.007047137,1.233767616,-0.862108065,0.030224184,true,OK
1785073004.184987545,0.086585101,0.119092506,8.851497073,7.652457011,0.026241651,-0.102128174,-172.434589964,0.000714951,0.278362492,0.005294805,2.061503972,-0.862624561,0.099177989,true,OK
1785073005.185211897,0.187277976,0.075934722,8.994883365,7.632286688,0.025096163,-0.101525424,-172.504054797,0.001266758,0.340348753,0.009370688,2.517689251,-0.986772439,-0.047065582,true,OK
1785073006.186301708,0.089164834,0.032757478,8.427336740,7.647813801,0.026543004,-0.100397614,-172.238528739,0.000454858,0.150657858,0.003699309,1.225284025,-1.021322430,-0.068556852,true,OK
1785073007.184968233,0.085076726,0.123005604,8.719991797,7.724555626,0.027150108,-0.101170771,-171.999460107,0.000293523,0.121946558,0.002388550,0.992341605,-1.018851116,-0.079585686,true,OK
1785073008.185016632,0.087133463,0.079024546,7.958555803,7.722141186,0.027629897,-0.100500875,-172.035506196,0.000148222,0.062557256,0.001099959,0.464239402,-0.994988277,-0.073774549,true,OK
1785073009.184962511,0.084973926,0.033842030,8.361902863,7.707873691,0.027460443,-0.099474750,-172.178616922,0.000939401,0.142652530,0.006936999,1.053416116,-0.977735995,-0.064175148,true,OK
1785073010.184977770,0.089823085,0.112002204,9.010758507,7.637191097,0.026266097,-0.100447712,-171.910480858,0.001482108,0.144017660,0.010967552,1.065725995,-0.990206274,-0.052613540,true,OK
1785073011.184986830,0.089834527,0.069622962,8.027628096,7.662628902,0.027556482,-0.101326062,-171.748136236,0.000743286,0.181308225,0.006043144,1.474092078,-1.001815993,-0.049433543,true,OK
1785073012.185023069,0.081754074,0.025558095,8.394519386,7.665719112,0.028040430,-0.100694809,-172.403066547,0.000810774,0.154505069,0.006601635,1.258039270,-1.003069747,-0.064936726,true,OK
1785073013.184997559,0.186597148,0.104711187,8.815343835,7.616332579,0.024103593,-0.101558114,-172.212244482,0.001883637,0.337461931,0.013784403,2.469537190,-0.969507784,-0.034650079,true,OK
1785073014.184981585,0.083953455,0.059205806,8.194969714,7.671744942,0.023510279,-0.102785164,-171.924260948,0.000586103,0.108352360,0.004328090,0.800129690,-0.974663931,-0.034797632,true,OK
1785073015.184906244,0.085466748,0.004279642,8.788464640,7.605836728,0.021797993,-0.103852099,-171.670324099,0.001672938,0.138476416,0.012314054,1.019288104,-0.919918332,0.027484521,true,OK
1785073016.184937239,0.187143747,0.095334047,8.863968156,7.711517894,0.015260039,-0.104865313,-172.038058289,0.004679477,0.090654086,0.034649544,0.671255070,-0.977174975,-0.003530633,true,OK
1785073017.184954405,0.085873429,0.050368888,8.206038499,7.736269653,0.010257806,-0.105787395,-171.729682352,0.002000704,0.044234660,0.014812469,0.327497010,-1.045587229,0.006808841,true,OK
1785073018.185011864,0.086885518,0.007345322,8.727634789,7.751656582,0.012095040,-0.105245627,-171.889975553,0.000992410,0.420579277,0.007355642,3.117292007,-1.051893342,0.002853076,true,OK
1785073019.185295820,0.180596560,0.085479167,8.825032968,7.653578534,0.012573417,-0.106329471,-171.677706987,0.000489214,0.150657858,0.003979028,1.225377744,-1.062153118,0.013034518,true,OK
1785073020.184952497,0.079783081,0.038035442,8.252248818,7.669907996,0.012373333,-0.106240213,-171.781688053,0.000442490,0.120331298,0.003278830,0.891649470,-1.046613154,0.007294756,true,OK
1785073021.185013056,0.087592994,0.121226385,8.996119765,7.667164070,0.011838720,-0.106124869,-171.613069612,0.000414358,0.132704012,0.003067326,0.982353855,-1.059337441,0.017659519,true,OK
1785073022.184985876,0.086612956,0.077344786,8.203992294,7.728175406,0.012212930,-0.106267451,-171.515427262,0.000245935,0.044234660,0.001822554,0.327810618,-1.061439964,0.009022757,true,OK
1785073023.184993982,0.089887338,0.018588748,8.584947259,7.573497932,0.012591014,-0.105765723,-171.542307898,0.000345840,0.358819746,0.002564634,2.660888806,-1.048112612,0.009022889,true,OK
1785073024.185879946,0.170389539,0.099024784,8.655276587,7.668019504,0.013252745,-0.105393655,-171.555746282,0.000664214,0.118694067,0.004911071,0.877600798,-1.020629854,0.023876632,true,OK
1785073025.194119453,0.096737916,0.057494480,8.537897702,7.589177477,0.013612075,-0.105746426,-171.764359756,0.000504134,0.163129423,0.004099779,1.326621935,-0.999457963,0.015176467,true,OK
1785073026.184983730,0.089039167,0.134718054,9.075324308,7.825086065,0.014355314,-0.106052606,-171.728379018,0.000113943,0.430693053,0.000928174,3.508397704,-1.014930478,0.005081900,true,OK
1785073027.185247898,0.188370739,0.090759662,9.039946558,7.742994163,0.014504288,-0.106271281,-172.205678734,0.000414173,0.290740155,0.003066300,2.152473086,-1.020118600,0.015054937,true,OK
1785073028.184989929,0.084463541,0.045046497,7.618463384,7.260256417,0.014800470,-0.104935065,-172.352831798,0.000661973,0.115349902,0.004899058,0.853669012,-1.018475671,-0.001265497,true,OK
1785073029.184968472,0.082625895,0.124937489,8.605634251,7.555303538,0.015078417,-0.104427805,-172.176957902,0.000076562,0.100870555,0.000566307,0.746104989,-1.030817295,-0.003241623,true,OK
1785073030.184945822,0.086048535,0.080872711,7.881911689,7.747706767,0.016467756,-0.104972657,-171.981822279,0.000510869,0.048456644,0.003704613,0.351387928,-1.027232965,0.006373677,true,OK
1785073031.184989452,0.085891682,0.021229296,8.397118569,7.575493392,0.010937709,-0.107321910,-171.929853850,0.002516211,0.348865919,0.018637179,2.583995169,-0.998556868,0.088054621,true,OK
1785073032.184927940,0.087077678,0.116146163,8.855358427,7.714895305,0.011136609,-0.106267289,-171.954916616,0.000750309,0.451541512,0.006115734,3.680494167,-0.914661630,0.138840814,true,OK
1785073033.184908390,0.076762028,0.058473284,7.921380492,7.586585070,0.016612751,-0.104214706,-171.729468253,0.000436315,0.179136785,0.003227415,1.325073330,-0.922765263,0.120522438,true,OK
1785073034.187453270,0.070841223,0.129145339,8.973315317,7.614967039,0.017617514,-0.103297232,-171.773053056,0.000180112,0.171320168,0.001333325,1.268238405,-0.971967775,0.002101974,true,OK
1785073035.185003042,0.189570485,0.082406737,12.308551936,7.998691073,0.019689020,-0.101405617,-171.804010068,0.001056581,0.081564685,0.007843322,0.605479210,-0.968179487,0.007388741,true,OK
1785073036.185029745,0.071050405,0.025603156,8.820799590,7.667614844,0.021306819,-0.100317747,-171.748746754,0.001065386,0.126668806,0.008667121,1.030475461,-0.974805787,0.012966163,true,OK
1785073037.184990883,0.188492683,0.105342895,8.941052951,7.646245390,0.022072015,-0.100452977,-171.672483383,0.000514260,0.391171230,0.004136843,3.146682892,-1.006283475,0.006095247,true,OK
1785073038.187362671,0.086578483,0.063657120,7.980717511,7.716729320,0.021789123,-0.099824685,-171.626548837,0.000580230,0.181308225,0.004295857,1.342354871,-1.024809576,-0.035376145,true,OK
1785073039.185224533,0.079327052,0.140468545,8.623343206,7.727435506,0.020043495,-0.101633015,-171.572880098,0.001342429,0.490188589,0.010936036,3.993297308,-0.977744726,0.029137997,true,OK
1785073040.184973478,0.186751583,0.084062319,8.935567512,7.663667022,0.022061520,-0.099907558,-171.704995620,0.000831331,0.144017660,0.006786481,1.175672441,-0.958391885,-0.009012629,true,OK
1785073041.185100317,0.087358329,0.035821411,8.559029982,7.619218597,0.020178057,-0.101556952,-171.691125587,0.000518282,0.108352360,0.004220487,0.882337410,-0.920623048,0.069031177,true,OK
1785073042.184995413,0.088875732,0.118631284,8.907647475,7.604241351,0.020552760,-0.101669735,-171.585044885,0.000605521,0.146709809,0.004482226,1.085985288,-0.946359294,0.056512333,true,OK
1785073043.185853243,0.091933243,0.071741394,8.767337903,7.647002141,0.019640502,-0.101426493,-172.039573918,0.000339715,0.132704012,0.002514045,0.982071020,-0.941960609,0.068511881,true,OK
1785073044.184975863,0.084743478,0.017832001,10.426636322,7.600848397,0.018658062,-0.101743118,-171.966428660,0.001305870,0.019782341,0.009784900,0.148229318,-0.938445693,0.075437061,true,OK
1785073045.185042143,0.184243404,0.094401419,9.133753931,7.567532244,0.020561248,-0.101781707,-172.265369698,0.000191457,0.126668806,0.001421604,0.940538246,-0.900020292,0.092086465,true,OK
1785073046.184924603,0.088310004,0.050668729,8.194450843,7.708359099,0.019697090,-0.101224324,-172.097942965,0.000953743,0.302611985,0.007057139,2.239151990,-0.916065145,0.088907402,true,OK
1785073047.184966326,0.084180511,0.009478684,8.681171424,7.750319378,0.022777479,-0.099556730,-172.357684060,0.000306213,0.120331298,0.002254511,0.885945381,-0.993274857,0.034012939,true,OK
1785073048.185825348,0.186965165,0.080533813,10.035740281,7.633660291,0.024376674,-0.098457763,-172.272126149,0.000499213,0.110143430,0.003984560,0.879129223,-0.996239002,0.030467499,true,OK
1785073049.185677767,0.078853945,0.030635639,8.574430543,7.597142472,0.024885670,-0.099577041,-172.152842135,0.000563429,0.214891358,0.004168100,1.589708853,-0.976535605,0.021903720,true,OK
1785073050.185009241,0.082067770,0.121631908,8.748422205,7.694144597,0.023724720,-0.099802254,-172.189723288,0.000268756,0.258687892,0.002188552,2.106563057,-0.952797833,0.025125523,true,OK
1785073051.185600042,0.007792039,0.019384514,7.266176879,7.287883338,0.022497685,-0.099267835,-172.327854139,0.000627918,0.442789825,0.004664818,3.289497748,-0.919096852,0.024259627,true,OK
1785073052.186311007,0.155889459,0.063285326,9.417685735,7.179382002,0.022230381,-0.099696611,-171.825861776,0.000521646,0.290740155,0.003817641,2.127769134,-0.967842527,0.013978338,true,OK
1785073053.186490059,0.177648817,0.091317412,9.167680316,7.447195711,0.022889871,-0.099651670,-172.211167768,0.000926180,0.225553524,0.006766807,1.647926219,-0.970484188,0.022503582,true,OK
1785073054.184957743,0.073811375,0.035514607,9.010356105,7.531319589,0.022461537,-0.099267373,-172.126522314,0.000272646,0.179136785,0.002180322,1.432540738,-0.956976962,0.027409899,true,OK
1785073055.184982538,0.083549500,0.123112912,9.211442494,7.675025703,0.022388371,-0.099199736,-172.116601985,0.000649744,0.374822532,0.004876875,2.813360234,-0.954388732,0.024970943,true,OK
1785073056.184969425,0.076771940,0.079636674,8.021743194,7.707769082,0.022241410,-0.100073416,-171.603792956,0.000286232,0.344349643,0.002119039,2.549294952,-0.961509146,0.030906420,true,OK
1785073057.184968472,0.067420533,0.020270973,8.913367279,7.605335545,0.022615176,-0.100213698,-171.836450957,0.000308595,0.086229231,0.002207934,0.616952792,-0.981489637,0.023398313,true,OK
1785073058.184990406,0.168753191,0.099964865,8.977105463,7.595933043,0.022930916,-0.099434393,-171.870503359,0.000717048,0.113640914,0.005297080,0.839504121,-0.999876319,0.022734549,true,OK
1785073059.185242414,0.085826414,0.057114054,8.131988027,7.608048059,0.021789522,-0.100075828,-171.738503690,0.000151238,0.065610604,0.001119127,0.485503221,-0.995148613,0.010157044,true,OK
1785073060.184949398,0.080958184,0.014910669,8.662841818,7.780575267,0.021914097,-0.100738947,-171.909032909,0.000361115,0.125114538,0.002941436,1.019110244,-0.988052437,0.008762548,true,OK
1785073061.184971809,0.187661638,0.088325221,8.823366124,7.573908074,0.022059357,-0.100464459,-171.734946542,0.000496891,0.019782341,0.003680024,0.146509907,-0.986692712,0.034450306,true,OK
1785073062.185015917,0.086449279,0.032795220,8.194099386,7.472044964,0.020272864,-0.100284068,-172.227338287,0.000505772,0.411169117,0.003744038,3.043727286,-0.982123234,0.037545367,true,OK
1785073063.184954643,0.088088385,0.004722285,8.729007122,7.668931213,0.020309350,-0.100865535,-171.993885787,0.000519265,0.129721514,0.004225751,1.055666453,-0.996615102,0.033878061,true,OK
1785073064.184985638,0.187313295,0.084836520,8.854524732,7.600861208,0.021189649,-0.101239117,-171.668318537,0.000220618,0.292752233,0.001668078,2.213475851,-0.974563468,0.044111014,true,OK
1785073065.185227633,0.089586859,0.031153777,8.198884311,7.531639701,0.020900038,-0.101429953,-171.607645073,0.000262783,0.231546534,0.001943027,1.712065204,-0.957040297,0.028175992,true,OK
1785073066.185396433,0.083386428,0.115649166,9.038173157,7.556199965,0.020547607,-0.100361093,-171.731946031,0.000593713,0.115349902,0.004314801,0.838303539,-0.966616614,0.020291803,true,OK
1785073067.184982300,0.082613633,0.073700840,8.219718527,7.669401140,0.016536127,-0.103642280,-171.986824198,0.000327086,0.000000000,0.002420092,0.000000000,-0.945821259,0.058811832,true,OK
1785073068.185232401,0.089750725,0.016627959,8.719935504,7.574859537,0.019877916,-0.103104452,-171.837051750,0.001307366,0.118694067,0.009654311,0.876502580,-0.975861256,0.058651108,true,OK
1785073069.185084581,0.187875203,0.095948968,8.837538012,7.596400838,0.019140400,-0.102768880,-172.343270055,0.000288861,0.151951085,0.002137107,1.124193568,-0.974755145,0.037662322,true,OK
1785073070.184990644,0.084171754,0.050747170,8.219661525,7.656618494,0.018506340,-0.102212921,-172.169812365,0.000226832,0.161925496,0.001679797,1.199131475,-0.956736877,0.013138166,true,OK
1785073071.185112000,0.085553731,0.131429709,8.778140820,7.687824584,0.018346744,-0.102974756,-171.955756771,0.000152639,0.142652530,0.001249964,1.168186198,-0.936219989,0.026735287,true,OK
1785073072.188325644,0.184302814,0.079351541,8.948181693,7.604672793,0.018823395,-0.102959525,-172.174161668,0.000482340,0.281855253,0.003572688,2.087697321,-0.945452748,0.044612965,true,OK
1785073073.185766459,0.081164868,0.015524998,9.991112383,7.652864360,0.017849793,-0.102794992,-171.989826375,0.000468507,0.422899113,0.003518372,3.175868048,-0.968626575,0.058528772,true,OK
1785073074.189132452,0.192187806,0.103478218,8.650466105,7.312074152,0.018327083,-0.102679271,-171.889021681,0.000334742,0.141274205,0.002720126,1.148000033,-0.958895076,0.046017100,true,OK
1785073075.185682774,0.085823946,0.029393184,8.145309942,7.376243114,0.018338620,-0.102629620,-171.958896790,0.000402156,0.164324520,0.002974859,1.215552844,-0.985436991,0.039295722,true,OK
1785073076.185152531,0.088331401,0.134262672,8.798797283,7.723355458,0.018122815,-0.102071425,-171.782035685,0.000877948,0.471053708,0.007149881,3.836193941,-0.974064928,0.037925217,true,OK
1785073077.185575247,0.188492140,0.076772300,9.039585774,7.611403740,0.018208130,-0.101041956,-171.922981868,0.000633500,0.108352360,0.005204530,0.890170349,-0.959127658,0.044929352,true,OK
1785073078.185064077,0.086434792,0.020459724,8.463737723,7.575624461,0.018034068,-0.101163508,-171.645183224,0.000440530,0.145369958,0.003288464,1.085156785,-0.971416321,0.039303949,true,OK
1785073079.185022831,0.088635175,0.111128541,9.010111141,7.697328131,0.018428201,-0.101582593,-171.680591638,0.000014438,0.074018747,0.000119049,0.610331077,-0.981458238,0.034430371,true,OK
1785073080.184938192,0.078375700,0.053984561,8.130229669,7.630650051,0.019091090,-0.100806239,-171.896947692,0.000448918,0.115349902,0.003639409,0.935150483,-0.968089643,0.036619729,true,OK
1785073081.184937239,0.082030096,0.134407716,8.705940070,7.599642090,0.018449700,-0.100546660,-171.580385966,0.000133155,0.279064534,0.000985527,2.065455323,-0.961594152,0.029242526,true,OK
1785073082.184996843,0.180806274,0.077844754,8.949785427,7.553297405,0.019081392,-0.100922290,-171.687777450,0.000282888,0.391171230,0.002095307,2.897344664,-0.958695913,0.043243579,true,OK
1785073083.184971094,0.085834528,0.028053647,8.405245252,7.578032470,0.019010082,-0.101198756,-171.410586509,0.000420623,0.141274205,0.003424433,1.150161608,-0.959006186,0.047056579,true,OK
1785073084.185776949,0.059298339,0.113543802,8.476906826,7.675442223,0.019460698,-0.100804613,-171.685587494,0.000270645,0.413541727,0.002003651,3.061553027,-0.970248340,0.037711983,true,OK
1785073085.184987307,0.086804281,0.061403925,8.027727459,7.648403093,0.018767520,-0.100763563,-171.759584543,0.000329423,0.059347027,0.002440869,0.439733360,-0.949427630,0.034913029,true,OK
1785073086.186302900,0.090069790,0.014819422,8.804989936,7.624924535,0.019191068,-0.101353676,-171.619237776,0.000382393,0.347742353,0.002827637,2.571408630,-0.945903415,0.031355632,true,OK
1785073087.184899807,0.182588163,0.086693409,8.750814704,7.511325720,0.019884928,-0.101475886,-171.957970576,0.000738563,0.234902452,0.005465733,1.738394476,-0.949912135,0.051467691,true,OK
1785073088.184953690,0.083097103,0.041826643,7.342638272,7.106718766,0.018996809,-0.101738432,-172.108898307,0.000205717,0.121946558,0.001676012,0.993519144,-0.961074905,0.039314046,true,OK
1785073089.184903383,0.089562750,0.004778153,9.418433718,7.638690169,0.018573281,-0.101435258,-172.199492488,0.000573146,0.444113574,0.004239784,3.285281445,-0.971853886,0.030889565,true,OK
1785073090.185135126,0.145232221,0.079057833,8.329142264,7.618102980,0.019105819,-0.101800286,-172.025375405,0.000702727,0.503966202,0.005768211,4.136718536,-0.954552855,0.037556706,true,OK
1785073091.184993029,0.087717344,0.039470721,10.519989673,7.741780174,0.018199973,-0.102746382,-171.398777613,0.000077917,0.257930381,0.000576328,1.907824112,-0.958710050,0.041253634,true,OK
1785073092.185018539,0.059402091,0.103228170,16.336338364,7.501033882,0.020283892,-0.101109084,-171.544700362,0.000157105,0.157017511,0.001076941,1.076342478,-0.953123560,0.050885378,true,OK
1785073093.184940100,0.087713064,0.074498620,9.659642603,7.735995039,0.019032218,-0.102379860,-171.496539187,0.000259726,0.377423687,0.001920406,2.790655681,-0.947659799,0.069467894,true,OK
1785073094.184955835,0.086810807,0.029590100,8.816321294,7.739649829,0.020060491,-0.101955227,-171.380579511,0.000576217,0.115349902,0.004262184,0.853224027,-0.974974172,0.046628733,true,OK
1785073095.184976339,0.188754010,0.106880043,9.157850139,7.664148631,0.019566577,-0.101672134,-171.396375057,0.000618134,0.269069166,0.005044448,2.195810800,-0.977836149,0.038582838,true,OK
1785073096.185482264,0.077157553,0.063027169,7.887158958,7.728037675,0.019247279,-0.100880331,-171.710762888,0.000349537,0.381548668,0.002591404,2.828734121,-0.938987269,0.045762857,true,OK
1785073097.186132431,0.083190794,0.008435624,9.010367704,7.758677672,0.019235146,-0.100998049,-171.406949440,0.000580771,0.150657858,0.004647579,1.205629135,-0.938220676,0.060486945,true,OK
1785073098.185079575,0.186922656,0.100161095,8.835021037,7.745328492,0.019467996,-0.101213032,-171.455124974,0.000532583,0.189745630,0.003943639,1.405016547,-0.937388614,0.058895170,true,OK
1785073099.185059309,0.087471390,0.056215631,8.196477221,7.735564452,0.020001626,-0.100955257,-171.380615181,0.000447988,0.125114538,0.003314637,0.925715235,-0.953826872,0.034301263,true,OK
1785073100.184968472,0.086758224,0.011888687,8.671943268,7.716188575,0.020396498,-0.100209176,-171.568110077,0.000470251,0.120331298,0.003479189,0.890280540,-0.953839151,0.025631025,true,OK
1785073101.184959173,0.188339809,0.090946118,8.756253941,7.630971017,0.019858316,-0.100887678,-171.339423751,0.000498196,0.165510998,0.003688606,1.225430253,-0.954884452,0.027460014,true,OK
1785073102.184968472,0.087404368,0.047081433,8.388686209,7.649100259,0.020465924,-0.101032465,-171.459087151,0.000393868,0.104678325,0.003208009,0.852592740,-0.944546638,0.041223474,true,OK
1785073103.184950113,0.087325755,0.002334752,8.805282429,7.650305781,0.020575485,-0.101150709,-171.504730654,0.000105877,0.039564681,0.000862337,0.322244177,-0.959610008,0.058303613,true,OK
1785073104.185007572,0.185041719,0.093544828,8.830814907,7.710516251,0.021879181,-0.099892831,-171.496968244,0.000547740,0.176938705,0.004056183,1.310285012,-0.963929342,0.055341203,true,OK
1785073105.185031176,0.085258111,0.050346810,8.202222679,7.730451176,0.024120483,-0.099720401,-171.320738998,0.000437134,0.283930297,0.003235206,2.101353836,-0.974946717,0.041078505,true,OK
1785073106.185169697,0.084783038,0.006286944,8.700225877,7.726849037,0.023387661,-0.099885686,-171.179724199,0.000673697,0.000000000,0.004994446,0.000000000,-0.966370349,0.029300465,true,OK
1785073107.184915543,0.187159944,0.084564611,8.817962102,7.648684247,0.023768834,-0.099517540,-171.399560735,0.000941567,0.238211092,0.007662609,1.938597290,-0.941928983,0.031270551,true,OK
1785073108.185002804,0.087265879,0.037544551,8.425652688,7.622880782,0.022691781,-0.099507065,-171.113786607,0.001384798,0.330430705,0.011275866,2.690568208,-0.911679993,0.055974025,true,OK
1785073109.184978962,0.086478269,0.131861850,8.779488517,7.724946548,0.028574523,-0.098306313,-170.896705409,0.000322250,0.104678325,0.002620152,0.851120124,-0.912660935,0.070863030,true,OK
1785073110.185004950,0.187892267,0.087679394,8.961735933,7.716519338,0.030216738,-0.097729793,-170.848535360,0.000661378,0.129721514,0.004898076,0.960699602,-0.946949400,0.034869884,true,OK
1785073111.184983253,0.087626189,0.043973900,8.381316822,7.716201742,0.030048188,-0.097517336,-170.930812413,0.000689731,0.128204252,0.005104224,0.948751375,-0.946072187,0.042368461,true,OK
1785073112.184911966,0.088331722,0.000327091,8.773930373,7.735996289,0.028561347,-0.097981622,-170.974838678,0.000241820,0.104678325,0.001790805,0.775198584,-0.926525329,0.050256641,true,OK
1785073113.184890509,0.187487353,0.078995565,8.960479255,7.627210727,0.028595309,-0.098021261,-170.730257028,0.001098615,0.205584225,0.008132698,1.521875144,-0.913757939,0.041413961,true,OK
1785073114.184946060,0.086493541,0.035042351,8.375658732,7.653940313,0.027603540,-0.098482596,-170.516102076,0.000861180,0.406382328,0.007014264,3.309961187,-0.933036883,0.047296512,true,OK
1785073115.184941053,0.087100612,0.125058157,8.752755101,7.702050277,0.027372630,-0.097938147,-170.622050950,0.000371879,0.090654086,0.003030614,0.738781846,-0.969808521,0.065642647,true,OK
1785073116.185008049,0.088281847,0.082605606,7.966321272,7.727789561,0.027047523,-0.098285427,-170.787418481,0.000471176,0.128204252,0.003487899,0.949037837,-0.961784234,0.057767672,true,OK
1785073117.185496569,0.087902088,0.038342025,8.421337852,7.713003347,0.027868720,-0.097963341,-170.451741899,0.000365648,0.019782341,0.002704894,0.146340683,-0.941853014,0.043732329,true,OK
1785073118.184978724,0.086345461,0.117314011,8.859743696,7.614252285,0.028699167,-0.097712418,-170.857114953,0.000176096,0.301964691,0.001304028,2.236112473,-0.938334506,0.071878768,true,OK
1785073119.185018063,0.184269643,0.072280617,8.932668757,7.600652098,0.027789301,-0.097374320,-170.902059626,0.000155255,0.155766359,0.001148686,1.152472991,-0.926082085,0.072004880,true,OK
1785073120.184908390,0.086689811,0.029413015,8.418107151,7.615922531,0.028082908,-0.097792837,-170.826828147,0.000237839,0.071326251,0.001760457,0.527947741,-0.950910064,0.058035748,true,OK
1785073121.184929132,0.087818139,0.119729626,8.916119132,7.677673370,0.028099643,-0.098050469,-170.868587637,0.000310659,0.000000000,0.002300780,0.000000000,-0.964262224,0.055635874,true,OK
1785073122.184966564,0.189497062,0.076398526,9.042117115,7.687851633,0.028939742,-0.097913619,-171.132790820,0.000477213,0.285990293,0.003862644,2.314855892,-0.935121664,0.051379107,true,OK
1785073123.184973001,0.088852541,0.032133209,8.434172346,7.687630863,0.027551401,-0.098581577,-171.161783579,0.000600494,0.199791944,0.004887351,1.626082997,-0.892080681,0.090489040,true,OK
1785073124.185107470,0.085340718,0.123494479,8.996045764,7.756882528,0.024011153,-0.098541903,-171.051100817,0.001271720,0.145369958,0.010359049,1.184139966,-0.955107491,0.160100740,true,OK
1785073125.184986591,0.083822906,0.079741383,8.011944545,7.739836067,0.023814974,-0.098348470,-170.749800789,0.000212614,0.198810171,0.001574004,1.471813141,-0.951199169,0.191745663,true,OK
1785073126.184915304,0.086617377,0.035351345,8.497161921,7.758411139,0.024047111,-0.101622666,-169.705867819,0.000314525,0.187671854,0.002326942,1.388448946,-0.713329705,0.244983293,true,OK
1785073127.184958696,0.085579842,0.114326802,9.004165593,7.656793688,0.023620072,-0.105755634,-168.177831025,0.001011043,0.419181222,0.007478436,3.100579558,-0.701164313,0.599723084,true,OK
1785073128.184958696,0.086446208,0.070470726,8.010679052,7.659604072,0.023710444,-0.108798317,-167.626692095,0.000314204,0.111905833,0.002558060,0.911069890,-0.789648956,0.801151613,true,OK
1785073129.184965134,0.086829207,0.026362781,8.455880017,7.663380900,0.024733141,-0.105140069,-167.941983966,0.001387971,0.276245614,0.011293699,2.247767156,-0.852162631,0.494422016,true,OK
1785073130.184999228,0.086907408,0.117586212,8.890949352,7.736123648,0.022536797,-0.105205542,-168.203813318,0.001237718,0.125114538,0.010095285,1.020480109,-0.867332603,0.464011035,true,OK
1785073131.184969425,0.087451498,0.071511978,7.966042013,7.709032503,0.017694052,-0.105762399,-168.642602359,0.000951061,0.269069166,0.007044767,1.993069323,-0.877711495,0.472849411,true,OK
1785073132.184975624,0.087801015,0.029841472,8.497690581,7.756388965,0.017889591,-0.106555235,-168.265928832,0.000613719,0.253337773,0.004524877,1.867828308,-0.894618154,0.465314589,true,OK
1785073133.184900045,0.089387156,0.108353591,9.057318589,7.655618136,0.017859171,-0.106371979,-168.300927956,0.000446177,0.113640914,0.003322529,0.846245839,-0.882781139,0.469475119,true,OK
1785073134.184980392,0.087631142,0.064584277,8.010193959,7.660694854,0.017499597,-0.105745777,-168.711068475,0.000419530,0.074018747,0.003422070,0.603764682,-0.862178087,0.490297277,true,OK
1785073135.185107231,0.084925817,0.018460399,8.484391843,7.639118438,0.017169111,-0.106132692,-168.957431498,0.000240070,0.104678325,0.001953742,0.851896591,-0.865210140,0.495185042,true,OK
1785073136.184965611,0.087631973,0.111706056,9.074018304,7.754437592,0.017359542,-0.106437648,-168.505938715,0.000807735,0.108352360,0.006576023,0.882130708,-0.914719302,0.503897814,true,OK
1785073137.184986353,0.090286981,0.067534116,8.038355279,7.764851764,0.017932382,-0.106651288,-168.477981750,0.000661252,0.145369958,0.004843060,1.064700668,-0.890596282,0.493501186,true,OK
1785073138.184978247,0.086747770,0.023691047,8.692255081,7.759379752,0.018382199,-0.106005338,-168.535730352,0.000694885,0.102792073,0.005139919,0.760331543,-0.876582251,0.464938563,true,OK
1785073139.185014725,0.187374323,0.102655714,8.822159597,7.658876001,0.017754322,-0.106452209,-168.478580892,0.000975351,0.220286968,0.007934308,1.791995413,-0.890320454,0.475777451,true,OK
1785073140.185649633,0.086224955,0.058440887,8.052516777,7.655724446,0.018122531,-0.106300548,-168.386716037,0.000077668,0.019782341,0.000634205,0.161534996,-0.892180717,0.475343261,true,OK
1785073141.184967518,0.087831392,0.014667430,8.751514189,7.667988018,0.019027005,-0.106682882,-168.488034209,0.000925202,0.178041140,0.007523522,1.447787461,-0.908180695,0.465908332,true,OK
1785073142.184971571,0.186233875,0.104657591,8.833725059,7.737692460,0.018612824,-0.105854226,-168.548673094,0.000088838,0.083929371,0.000657410,0.621085698,-0.884335358,0.470472461,true,OK
1785073143.185001612,0.088772257,0.061735335,8.106306878,7.780011302,0.018851218,-0.105516202,-168.582652895,0.000538316,0.096913294,0.003985880,0.717580455,-0.874182011,0.461111827,true,OK
1785073144.184954166,0.086916023,0.004948668,8.686095240,7.616819914,0.020131941,-0.105250388,-168.622725631,0.000575019,0.034264021,0.004176518,0.248868714,-0.887714126,0.480322567,true,OK
1785073145.184980631,0.188521693,0.096446617,8.831289057,7.671916993,0.020411097,-0.104964998,-168.629313269,0.000741846,0.164324520,0.006045390,1.339099242,-0.891924568,0.488208711,true,OK
1785073146.184991598,0.087534110,0.051854628,8.178349173,7.674673535,0.018606134,-0.104497059,-168.374164922,0.000575563,0.161925496,0.004686063,1.318350264,-0.911190097,0.486396915,true,OK
1785073147.184923649,0.087684682,0.008663431,8.738086739,7.685668817,0.019420453,-0.104777645,-168.571287397,0.000272209,0.368504821,0.002219467,3.004617925,-0.915287954,0.486522024,true,OK
1785073148.184981108,0.186726638,0.099807453,8.814412490,7.761266812,0.019829975,-0.104894193,-168.365782826,0.000631231,0.396635488,0.004683587,2.942942856,-0.905156125,0.483094518,true,OK
1785073149.184974670,0.087063368,0.043461916,8.205163013,7.608525496,0.020214814,-0.104637059,-168.596867052,0.000386391,0.055952910,0.002857483,0.413788867,-0.897692458,0.487968341,true,OK
1785073150.184997082,0.086553054,0.134605341,8.721874778,7.671018755,0.020247253,-0.104430489,-168.460082062,0.000347950,0.125114538,0.002575618,0.926132238,-0.881885580,0.494520534,true,OK
1785073151.185535908,0.186622797,0.088018825,8.928865175,7.650259529,0.019952726,-0.105132530,-168.492076045,0.000102371,0.123540700,0.000834938,1.007602780,-0.896230555,0.487775841,true,OK
1785073152.184986830,0.087117976,0.046832198,8.425384032,7.691436271,0.020993671,-0.105393668,-168.522986210,0.000823546,0.176938705,0.006715545,1.442833114,-0.898470877,0.468560670,true,OK
1785073153.184885979,0.084444818,0.002545769,8.715658951,7.684678670,0.020290310,-0.105981540,-168.700241732,0.000507495,0.248660374,0.004108542,2.013087998,-0.896704619,0.468378773,true,OK
1785073154.184957743,0.188643209,0.093923726,8.871927301,7.758974309,0.019253577,-0.105417785,-168.725801214,0.001142957,0.000000000,0.008511336,0.000000000,-0.874148308,0.471956889,true,OK
1785073155.184957027,0.087530212,0.036193458,8.367856633,7.589898213,0.019694649,-0.106398225,-168.731157863,0.000470823,0.377423687,0.003486324,2.794723548,-0.878793877,0.471130021,true,OK
1785073156.184936762,0.088147393,0.128965723,8.753409632,7.671785171,0.019598818,-0.106212619,-168.596975915,0.000339516,0.138476416,0.002516961,1.026577296,-0.897243804,0.485884131,true,OK
1785073157.184986353,0.184809994,0.083859927,8.795368068,7.654990642,0.018594407,-0.105615378,-168.777138790,0.000120990,0.059347027,0.000984229,0.482774812,-0.890752353,0.472410763,true,OK
1785073158.184994221,0.089498609,0.038467745,8.428752065,7.642977018,0.017716157,-0.105833983,-168.486849747,0.000963996,0.338041270,0.007847431,2.751833677,-0.883198743,0.466331844,true,OK
1785073159.184969187,0.082927373,0.131317376,8.752426919,7.743740626,0.018487701,-0.106232534,-168.269306151,0.000526764,0.217605878,0.004321899,1.785373367,-0.875126285,0.467605528,true,OK
1785073160.184975147,0.188240548,0.087682335,8.996057899,7.730390108,0.019300358,-0.106330871,-168.465205501,0.000775437,0.126668806,0.005741640,0.937906171,-0.862218810,0.475094610,true,OK
1785073161.185015917,0.087807408,0.043879871,8.435236991,7.741406998,0.019527989,-0.105775156,-168.463336897,0.000781495,0.048456644,0.005782427,0.358539604,-0.864581962,0.471376686,true,OK
1785073162.185580969,0.085381120,0.123427661,8.734726549,7.631372772,0.011910767,-0.108087258,-168.885003211,0.000518904,0.406382328,0.003844233,3.010631655,-0.855161365,0.486785963,true,OK
1785073163.185005665,0.185881013,0.078970903,9.009011249,7.655631336,0.014484841,-0.107970172,-168.618027624,0.001670181,0.301315983,0.013630564,2.459078132,-0.893619500,0.443855169,true,OK
1785073164.184986353,0.086513410,0.034355127,8.409237900,7.658030087,0.014979444,-0.108095055,-168.598374104,0.000765125,0.039564681,0.006227838,0.322042278,-0.882493946,0.435415246,true,OK
1785073165.184967756,0.087409738,0.126194238,8.759476644,7.737558202,0.013638473,-0.107595921,-168.809524153,0.000503794,0.275536395,0.004110596,2.248176698,-0.891580455,0.447081992,true,OK
1785073166.184983015,0.089871487,0.082197480,7.991807042,7.732605809,0.013658669,-0.107698765,-168.626310692,0.000322345,0.111905833,0.002401755,0.833797606,-0.923354327,0.454060824,true,OK
1785073167.185729504,0.089449562,0.037321764,8.457966106,7.712788022,0.014590478,-0.108149199,-168.803331813,0.000425804,0.309010431,0.003148698,2.285044632,-0.915337883,0.453138220,true,OK
1785073168.184951305,0.088376695,0.116173810,8.868780278,7.622262546,0.014125868,-0.107911691,-168.916646996,0.000269619,0.367441312,0.001987167,2.708144727,-0.903541778,0.450536195,true,OK
1785073169.184964418,0.186271035,0.072536830,9.036284244,7.624830627,0.013411527,-0.107317397,-168.892787424,0.000170064,0.150657858,0.001258443,1.114841042,-0.894634101,0.462141302,true,OK
1785073170.184986353,0.088227453,0.028811388,8.475389579,7.627134391,0.013592152,-0.108051916,-168.554660430,0.000106199,0.213062455,0.000786028,1.576978463,-0.908876488,0.462704890,true,OK
1785073171.184971094,0.086065275,0.120234697,8.844084977,7.685109962,0.013588023,-0.108062289,-168.515073951,0.000237127,0.146709809,0.001757356,1.087270644,-0.910936124,0.457102516,true,OK
1785073172.185011387,0.087560898,0.075979869,8.013201210,7.720424430,0.013536789,-0.108022389,-168.625236236,0.000285389,0.120331298,0.002112894,0.890879235,-0.915712109,0.458241501,true,OK
1785073173.185865879,0.088489874,0.033255610,8.526035245,7.731531522,0.013276867,-0.107632807,-168.597322801,0.000082161,0.359908734,0.000614957,2.693835161,-0.916136511,0.446526933,true,OK
1785073174.184933186,0.087659895,0.111106784,8.985257318,7.630970269,0.012751829,-0.108407269,-168.456305646,0.000208733,0.290066368,0.001544674,2.146564067,-0.917048317,0.449069888,true,OK
1785073175.184977770,0.087219414,0.066526940,8.014826045,7.624708752,0.013135475,-0.108801926,-168.419447411,0.000105709,0.192814506,0.000788546,1.438314640,-0.906293204,0.452222225,true,OK
1785073176.185038805,0.087035118,0.022810299,8.480712774,7.627273486,0.013674058,-0.108458215,-168.465056286,0.000320461,0.027976455,0.002373464,0.207204770,-0.920209799,0.458932595,true,OK
1785073177.184990406,0.086376916,0.114101676,8.948316655,7.682484213,0.013304227,-0.108088881,-168.393205370,0.000330674,0.132704012,0.002449300,0.982937799,-0.941311686,0.461266384,true,OK
1785073178.185768366,0.088299611,0.070822755,7.998046672,7.668809821,0.013723885,-0.109038275,-168.319621725,0.000224761,0.100870555,0.001829942,0.821259632,-0.938508765,0.438744195,true,OK
1785073179.184982300,0.088980885,0.025901711,8.489136407,7.681212330,0.014506562,-0.108800436,-168.272565350,0.001008708,0.261696003,0.008243096,2.138562230,-0.916770295,0.431171656,true,OK
1785073180.184894562,0.088383646,0.117143049,9.001196928,7.771155112,0.013204428,-0.108846024,-168.180579324,0.000649924,0.126668806,0.005295457,1.032073881,-0.893776750,0.458335796,true,OK
1785073181.185102701,0.088958328,0.073323687,8.050953500,7.756513184,0.013258752,-0.108493958,-168.251276717,0.000687576,0.173589404,0.005086899,1.284266898,-0.915223251,0.461445754,true,OK
1785073182.184989929,0.087645221,0.027879295,8.552775761,7.735440053,0.013310995,-0.109444966,-167.851918698,0.000051415,0.068528042,0.000380520,0.507170729,-0.941040395,0.446425926,true,OK
1785073183.184944630,0.087051556,0.108090526,8.986517614,7.655648720,0.013089199,-0.109821224,-167.974658492,0.000545988,0.117033931,0.004038355,0.865631369,-0.952210696,0.438405489,true,OK
1785073184.185011387,0.086896870,0.064320091,8.014027219,7.635374639,0.012818926,-0.109234149,-168.111377655,0.000241871,0.113640914,0.001790564,0.841279607,-0.933306761,0.431035354,true,OK
1785073185.185036898,0.087480885,0.020113344,8.540537850,7.648980784,0.012316794,-0.108842077,-168.278359011,0.000862832,0.139882314,0.007030905,1.139850026,-0.919872160,0.438396331,true,OK
1785073186.185016870,0.087344700,0.111196010,8.991252324,7.688644980,0.011991053,-0.109143745,-167.977393466,0.000056388,0.034264021,0.000416862,0.253303379,-0.920955434,0.450891321,true,OK
1785073187.185060978,0.087106793,0.067604724,8.011699349,7.714594929,0.012394477,-0.109024285,-168.272793284,0.000333103,0.266878623,0.002464595,1.974608502,-0.912706480,0.464220421,true,OK
1785073188.184949398,0.087203365,0.023179349,8.471323582,7.723594622,0.011812852,-0.108459741,-167.883533591,0.000237344,0.086229231,0.001757950,0.638679041,-0.927500396,0.453022182,true,OK
1785073189.184972286,0.187739192,0.102471412,8.729968703,7.617470618,0.012136154,-0.108841100,-168.229134131,0.000586604,0.299361482,0.004342877,2.216299760,-0.938039670,0.460576544,true,OK
1785073190.184999466,0.089437891,0.058159891,8.086430131,7.612830793,0.011899088,-0.109235394,-167.787361765,0.000238617,0.349985883,0.001765943,2.590156519,-0.911192823,0.462355822,true,OK
1785073191.184963703,0.086938567,0.014157053,8.676779853,7.612326433,0.012478767,-0.109489052,-168.213013404,0.000350323,0.362076892,0.002592212,2.679184089,-0.910922556,0.451611866,true,OK
1785073192.184988976,0.189002551,0.105330119,8.779000233,7.665961816,0.011372077,-0.109156375,-168.080229044,0.000417407,0.334550216,0.003397117,2.722779906,-0.931444221,0.459552022,true,OK
1785073193.184922218,0.085375867,0.059199810,8.075636753,7.658937680,0.011697655,-0.109173788,-168.253368823,0.000532191,0.353877837,0.004334067,2.881914964,-0.938318713,0.464610235,true,OK
1785073194.184938669,0.086922157,0.017340835,8.585796627,7.686802452,0.011935436,-0.109513516,-168.065721042,0.000117959,0.076616680,0.000960389,0.623790117,-0.942320708,0.456494714,true,OK
1785073195.185475588,0.087225877,0.108932582,8.975782656,7.759316540,0.012109261,-0.109016665,-167.991266537,0.000365725,0.403482993,0.002979886,3.287533226,-0.921507847,0.459483761,true,OK
1785073196.184975624,0.085707678,0.064301805,8.020279925,7.755774488,0.011225341,-0.108831426,-168.015991675,0.000344171,0.281855253,0.002545519,2.084624683,-0.909038595,0.462396262,true,OK
1785073197.184988737,0.087849743,0.008295891,8.734837822,7.607515384,0.011937512,-0.108902399,-168.013351607,0.000876156,0.125114538,0.006472636,0.924288363,-0.925370319,0.458036872,true,OK
1785073198.185004473,0.188587597,0.099232806,8.803283896,7.662279374,0.011160373,-0.108886520,-167.559657418,0.000415657,0.115349902,0.003381020,0.938274464,-0.969222947,0.402909948,true,OK
1785073199.184996128,0.085960064,0.053828718,8.146804660,7.652380860,0.012105609,-0.108046579,-167.709677968,0.000440869,0.096913294,0.003588594,0.788856791,-0.971314743,0.395100996,true,OK
1785073200.184965611,0.087884796,0.011121953,8.745374972,7.661626325,0.011289959,-0.107536151,-168.044925690,0.000120933,0.044234660,0.000979721,0.358361793,-0.964224845,0.389214326,true,OK
1785073201.184948444,0.186725747,0.102685176,8.738318242,7.736771944,0.011557072,-0.108233505,-167.438726071,0.000528118,0.121946558,0.003907690,0.902316135,-0.948570313,0.395707692,true,OK
1785073202.185000420,0.089309140,0.058504048,8.047428565,7.730686970,0.012839925,-0.107999030,-167.422383910,0.000008927,0.322033601,0.000065910,2.377721317,-0.900118902,0.447419436,true,OK
1785073203.185002089,0.088107551,0.014735438,8.715789935,7.733184269,0.013442703,-0.107280892,-167.822921174,0.000692445,0.365304984,0.005118829,2.700480767,-0.990067961,0.378120435,true,OK
1785073204.184983730,0.187494201,0.092485106,8.790064816,7.617542316,0.012544858,-0.106473710,-168.006141380,0.000875997,0.400562687,0.006487479,2.966497438,-1.018890468,0.359241757,true,OK
1785073205.184995890,0.087320219,0.048382664,8.150682414,7.616914122,0.012365270,-0.107363630,-167.627735453,0.000199980,0.121946558,0.001480835,0.903002385,-0.949647707,0.415404471,true,OK
1785073206.185008526,0.085182561,0.005406977,8.698615641,7.635369774,0.011095227,-0.108661776,-167.681469897,0.001296718,0.272681002,0.009599130,2.018557648,-0.989271277,0.372154103,true,OK
1785073207.185337782,0.186837753,0.096829788,8.820870632,7.685004896,0.015296314,-0.106440729,-168.102366844,0.000983705,0.113640914,0.007999504,0.924129905,-0.991712453,0.373743395,true,OK
1785073208.184987307,0.087630919,0.051759092,8.170536678,7.675671335,0.018722366,-0.104464977,-167.603918568,0.000462945,0.118694067,0.003770113,0.966616463,-0.944723823,0.452848066,true,OK
1785073209.184988737,0.086466979,0.007249932,8.692512199,7.666934950,0.017952482,-0.105235034,-167.493118619,0.000146327,0.110143430,0.001191007,0.896493220,-0.968447046,0.460823802,true,OK
1785073210.185014486,0.187870799,0.087289326,8.767790654,7.606605160,0.018372212,-0.105648059,-167.587317520,0.000525762,0.296075307,0.003893981,2.192841036,-0.933270920,0.471443242,true,OK
1785073211.184983015,0.086969346,0.043722699,8.176529674,7.615537195,0.017286373,-0.105585369,-167.690416984,0.000168261,0.125114538,0.001235373,0.918592683,-0.920793527,0.456229921,true,OK
1785073212.184985399,0.089228835,0.134472398,8.743244986,7.664437276,0.021291133,-0.103616869,-167.583095623,0.000606876,0.183453959,0.004488336,1.356790282,-1.256737778,0.078570156,true,OK
1785073213.184997320,0.188550827,0.090640272,8.830854001,7.671247645,0.023843442,-0.103480654,-167.633037029,0.000604338,0.034264021,0.004936712,0.279895799,-1.295623403,0.086803725,true,OK
1785073214.184938431,0.086082587,0.046962573,8.285535203,7.671048868,0.026345693,-0.106114346,-167.770333863,0.000933187,0.092787413,0.007608627,0.756530581,-1.254573293,0.098085858,true,OK
1785073215.184938192,0.086434381,0.002883191,8.725822812,7.686463735,0.023539302,-0.107247528,-167.612437368,0.001126372,0.153233400,0.009166538,1.247030117,-1.111225731,0.281069822,true,OK
1785073216.184988737,0.187488771,0.093523164,8.879949775,7.745613539,0.026903468,-0.105678110,-167.505457730,0.000456161,0.372728519,0.003374796,2.757542281,-1.079232353,0.287039504,true,OK
1785073217.185081482,0.087294635,0.037509206,8.342923788,7.606830073,0.024758008,-0.106969462,-167.412437977,0.001102260,0.301964691,0.008154742,2.233995703,-1.071021616,0.313494889,true,OK
1785073218.184972763,0.087986687,0.128742600,8.782548962,7.662953636,0.025449431,-0.107230117,-167.278988387,0.000249682,0.111905833,0.001847774,0.828158698,-1.084720444,0.300679819,true,OK
1785073219.184993744,0.189461534,0.084888644,8.882858689,7.669609353,0.024785434,-0.106991146,-167.704938200,0.000539914,0.383594550,0.004399157,3.125485661,-1.089718413,0.296639249,true,OK
1785073220.184988022,0.086690950,0.039695177,8.378161538,7.658998585,0.025128189,-0.106787697,-167.522372766,0.000197587,0.432506521,0.001606172,3.515814708,-1.071772127,0.291872616,true,OK
1785073221.184927464,0.088364127,0.129718389,8.851486502,7.707861257,0.024214267,-0.107289415,-167.231322433,0.000737820,0.216704814,0.005962661,1.751291937,-1.045883651,0.288065088,true,OK
1785073222.184964657,0.187632111,0.085776249,8.992552131,7.703336005,0.025761844,-0.105743068,-167.339754667,0.000190401,0.161925496,0.001410050,1.199166544,-1.028200483,0.295846013,true,OK
1785073223.184964418,0.088224015,0.043946046,8.452139122,7.728717453,0.019052906,-0.111508053,-167.139438226,0.002065867,0.153233400,0.015295168,1.134502188,-1.035043708,0.312407404,true,OK
1785073224.185098171,0.088462661,0.122873785,8.781974956,7.651299393,0.017075405,-0.112545628,-166.782542165,0.001245199,0.090654086,0.009220363,0.671268883,-1.061379808,0.311460133,true,OK
1785073225.186170578,0.186355797,0.076895157,9.747683896,7.826052796,0.018080735,-0.112871201,-166.807296301,0.000313855,0.118694067,0.002552540,0.965321400,-1.042287788,0.295482940,true,OK
1785073226.184986353,0.085887245,0.035135231,8.551532761,7.781327382,0.019041528,-0.112813179,-166.896419891,0.000733442,0.132704012,0.005431625,0.982761428,-1.074031894,0.289396661,true,OK
1785073227.184926510,0.084480176,0.113706083,8.952732579,7.662044219,0.017984415,-0.112104844,-166.666527677,0.000148995,0.092787413,0.001102710,0.686717290,-1.073551047,0.297999386,true,OK
1785073228.184968948,0.087213422,0.069670298,7.999292215,7.661418337,0.018635157,-0.112298488,-167.037051539,0.000457936,0.128204252,0.003741573,1.047494938,-1.067288471,0.326695990,true,OK
1785073229.184975863,0.088089826,0.025732143,8.438447816,7.654936538,0.018880227,-0.112068066,-166.960736875,0.000182880,0.071326251,0.001486514,0.579764875,-1.076135721,0.305841305,true,OK
1785073230.184991837,0.087900492,0.117068897,8.831581244,7.731628305,0.019382764,-0.111109076,-167.293828038,0.000282936,0.120331298,0.002314458,0.984328623,-1.054991242,0.291052267,true,OK
1785073231.185004234,0.086708256,0.072006156,7.980455562,7.710864449,0.020350179,-0.109677077,-167.216152806,0.002415347,0.344349643,0.017929644,2.556182464,-1.042118959,0.289547973,true,OK
1785073232.185048342,0.086812329,0.029214442,8.225289979,7.472685191,0.019605218,-0.110235076,-166.861157312,0.014006914,0.436907818,0.017807839,0.555467410,-1.058838520,0.281524146,false,LOW_ANGULAR_COVERAGE
1785073233.185089350,0.088673135,0.107891381,8.931695595,7.561323012,0.006808470,-0.104862580,-167.463722085,0.000023785,0.137056110,0.000175903,1.013589533,-1.077131285,0.292125835,true,OK
1785073234.184940577,0.086278441,0.064090560,7.998875885,7.610436238,0.006393380,-0.104311027,-167.703027236,0.000253043,0.111905833,0.001873281,0.828439253,-1.086000220,0.287841620,true,OK
1785073235.184936047,0.088496819,0.019435967,8.526491639,7.612606002,0.005923691,-0.104538234,-167.441373705,0.000550655,0.086229231,0.004075312,0.638168764,-1.099563122,0.286793810,true,OK
1785073236.184951305,0.087192824,0.111261677,8.952655997,7.683435336,0.006135154,-0.104686177,-167.344378769,0.000109988,0.118694067,0.000814471,0.878939239,-1.077285765,0.284650768,true,OK
1785073237.184985638,0.085141425,0.066897527,8.009971758,7.685966481,0.006525220,-0.104315360,-167.656148736,0.000117484,0.088469326,0.000957749,0.721219751,-1.046704486,0.298984985,true,OK
1785073238.184980154,0.083984874,0.022750933,8.375881492,7.665858607,0.006902578,-0.104465795,-167.713614800,0.001153058,0.356082708,0.009382840,2.897571981,-1.072588470,0.302193021,true,OK
1785073239.184979677,0.087193748,0.114171994,9.016508096,7.753733589,-0.004482481,-0.111834470,-167.820522595,0.001394313,0.135620930,0.011353254,1.104299293,-1.105167509,0.350467760,true,OK
1785073240.184968948,0.088280390,0.070115252,8.005376628,7.755962010,0.000698887,-0.107279311,-167.743957086,0.001866589,0.199791944,0.013811558,1.478331915,-1.250757275,0.149250977,true,OK
1785073241.184957981,0.081531587,0.025903566,8.679968220,7.784921136,0.003242254,-0.104628575,-167.647381045,0.001352542,0.019782341,0.010009508,0.146399550,-1.261236886,0.061797434,true,OK
1785073242.184958458,0.186754100,0.103221819,8.782842276,7.644592864,0.002096134,-0.103379757,-167.821971137,0.001863654,0.435661909,0.015161798,3.544337438,-1.246092937,0.054041991,true,OK
1785073243.185025454,0.087611132,0.060015500,8.075270629,7.646721009,-0.000157922,-0.100468118,-167.593061019,0.000214540,0.090654086,0.001747173,0.738270948,-1.319860126,0.101177170,true,OK
1785073244.184965134,0.088201813,0.016992476,8.526947327,7.659585136,-0.042189235,-0.109153225,-165.568780919,0.025314342,1.962938951,0.205934612,15.968697769,-2.495861567,3.970096269,true,OK
1785073245.184985638,0.189421657,0.095828332,8.755244446,7.598653968,-0.061734042,-0.120063309,-163.090235143,0.002464273,0.742040769,0.018233853,5.490569850,-1.639356445,-2.107033691,true,OK
1785073246.184973478,0.087239965,0.050437784,8.180539298,7.612760664,-0.060938930,-0.107456371,-166.881736090,0.001168822,0.137056110,0.008646693,1.013911098,0.919874049,-5.540071710,true,OK
1785073247.184995174,0.087298963,0.008112166,8.734283182,7.656653990,-0.107435238,-0.108828396,-163.709269688,0.006023144,0.438348468,0.049055043,3.570096315,1.613451384,-7.309209516,true,OK
1785073248.184961081,0.186697665,0.099159277,8.762736629,7.727799888,-0.122927324,-0.108969625,-161.901108573,0.000531851,0.362616904,0.003933841,2.682096817,1.219124609,-7.227602265,true,OK
1785073249.184963703,0.085088657,0.055235945,8.185539680,7.752851886,-0.120350447,-0.108422400,-165.427875230,0.002701795,0.631490743,0.019996605,4.673808651,1.412503057,-6.151044686,true,OK
1785073250.184957266,0.087272887,0.121260061,8.757046022,7.559022326,-0.123054846,-0.114644387,-164.438824271,0.003541937,0.320205565,0.026224702,2.370819917,0.372435332,-9.299058717,true,OK
1785073251.184974909,0.085247155,0.065085342,7.973648483,7.565882959,-0.164321521,-0.130749438,-166.405518653,0.014399422,0.320816066,0.106877669,2.381211737,-1.829923816,-1.608303731,true,OK
1785073252.184970856,0.083483385,0.131315308,8.610188062,7.524766602,-0.185946327,-0.115047594,-172.336726408,0.003565868,1.893308801,0.026384333,14.008844948,-0.437217399,0.689600697,true,OK
1785073253.184984922,0.087095867,0.063590533,7.966002215,7.527892885,-0.186434918,-0.104661671,-175.900698867,0.004111804,0.608128881,0.030752669,4.548268081,-0.870398162,-0.638787598,true,OK
1785073254.184910059,0.085217042,0.130121978,8.628622491,7.506335468,-0.184710357,-0.101412148,178.870854016,0.006785529,2.057474105,0.050207398,15.223634681,-1.993328568,4.518858330,true,OK
1785073255.184936285,0.087306383,0.061597838,7.942312414,7.483548784,-0.188570368,-0.109608779,165.652117415,0.003310291,2.002325024,0.024623747,14.894385773,-3.711340137,3.033133129,true,OK
1785073256.184958458,0.087966268,0.127680580,8.702708735,7.483210430,-0.176133774,-0.117706194,156.621816418,0.000379320,0.913645484,0.002809281,6.766549301,-3.649384267,2.962881918,true,OK
1785073257.184986591,0.086691014,0.058962831,7.943954197,7.472326152,-0.166095749,-0.117760474,149.923421244,0.001840907,1.051088313,0.013624947,7.779330535,-4.545381783,2.943168705,true,OK
1785073258.184979677,0.086253979,0.125165775,8.688769684,7.479477732,-0.165913683,-0.119309269,143.364869231,0.001577254,0.919197147,0.011583691,6.750778605,-4.803755230,3.291829013,true,OK
1785073259.184949875,0.086824476,0.053547967,8.159745348,7.465958362,-0.157408787,-0.123054718,136.298741048,0.002044135,0.795984483,0.015126589,5.890280341,-5.494020632,3.160704386,true,OK
1785073260.184994221,0.086571494,0.111823484,8.708456786,7.431162137,-0.156025658,-0.131626222,130.470921705,0.000964195,0.377941768,0.007136687,2.797414660,-6.090051301,2.777968696,true,OK
1785073261.184939146,0.086162700,0.030479391,8.235903889,7.408145158,-0.154655722,-0.134504697,125.854041596,0.001162645,1.235747493,0.008615328,9.157028672,-7.051068941,3.005975624,true,OK
1785073262.184990644,0.186456719,0.084030005,8.682969144,7.404844137,-0.159872990,-0.137618406,122.762243009,0.002456213,0.165510998,0.018187425,1.225552624,-7.824697486,3.487962704,true,OK
1785073263.184973478,0.082841140,0.002660672,8.290329371,7.396104387,-0.176387912,-0.160754951,117.614928808,0.005552055,0.121946558,0.040746949,0.894974895,-7.712934749,3.321982038,true,OK
1785073264.184998512,0.086076716,0.058422367,7.902217629,7.404581922,-0.185137060,-0.171118039,117.627244813,0.006335319,0.000000000,0.046909375,0.000000000,-7.416876985,3.684312951,true,OK
1785073265.185032606,0.087178433,0.112271830,8.700419766,7.403676859,-0.160472861,-0.134940236,121.380372343,0.010274605,0.188711590,0.076020006,1.396244080,-7.961364219,3.188546196,true,OK
1785073266.184971333,0.087887551,0.031275825,8.285496424,7.399678904,-0.176092850,-0.105222812,123.138075996,0.007948225,0.100870555,0.058772289,0.745876404,-6.995860237,3.284353491,true,OK
1785073267.184892654,0.186872752,0.073865553,8.651329979,7.382204292,-0.202181401,-0.062478445,123.050468031,0.005632341,0.241474428,0.042042230,1.802469680,-7.835077728,4.441197588,true,OK
1785073268.184905052,0.087446949,0.128506147,8.594110625,7.404770711,-0.256099179,-0.045501103,118.660281113,0.011370257,0.639496365,0.084173842,4.734182118,-6.228816265,4.498880768,true,OK
1785073269.186061382,0.088023045,0.048529276,7.951107708,7.412338885,-0.296137325,0.007790441,123.530672872,0.016600847,0.353877837,0.122801771,2.617747403,-7.115666876,5.175118755,true,OK
1785073270.184978247,0.183974928,0.101754904,8.490748874,7.417540322,-0.296395966,0.099286435,126.885353780,0.005009467,0.419181222,0.036401799,3.046022569,-6.573073987,5.317158775,true,OK
1785073271.185067415,0.087542941,0.021119735,8.345301787,7.425354211,-0.304214946,0.127093271,126.560916546,0.002470319,0.369565261,0.018786234,2.810462359,-6.428975918,5.700238768,true,OK
1785073272.185065746,0.086443794,0.062634803,7.682753540,7.331764129,-0.304897425,0.144004041,127.431211966,0.000675461,0.254108970,0.005014586,1.886490303,-5.973936458,5.696679484,true,OK
1785073273.185038090,0.087844124,0.117368539,8.656895085,7.397000745,-0.286979770,0.129369859,124.898599967,0.006166723,0.421508743,0.045664967,3.121298180,-6.036335762,5.058988560,true,OK
1785073274.184967518,0.082317532,0.032893216,8.064049614,7.372587794,-0.260495849,0.100694428,122.125438550,0.006399285,0.363694527,0.047047281,2.673867302,-5.348830825,4.289543849,true,OK
1785073275.184975624,0.185159745,0.088138567,8.635908641,7.380937904,-0.274605559,0.073760065,118.369404557,0.004092355,0.910856952,0.030141191,6.708682866,-6.007504167,3.778719961,true,OK
1785073276.185263395,0.086045240,0.022339728,8.354348921,7.553180301,-0.284505248,0.013066850,117.342072889,0.010008571,0.445872455,0.074030385,3.297984369,-6.730800011,1.442616898,true,OK
1785073277.184975386,0.186680159,0.074795594,8.849546318,7.420828567,-0.231861050,0.008254753,117.824387271,0.007878204,0.255644402,0.058301815,1.891869336,-6.409137662,2.932226396,true,OK
1785073278.185009718,0.089479315,0.130347738,8.678277126,7.414154129,-0.202441431,-0.008692649,117.694598167,0.003414813,0.503966202,0.025293226,3.732834009,-6.114588695,2.225081452,true,OK
1785073279.185003281,0.088785155,0.049439548,7.968924174,7.401571186,-0.193468678,-0.033308322,116.483576642,0.004747506,0.450673971,0.035148530,3.336599723,-5.614126683,1.408556084,true,OK
1785073280.184979916,0.186390729,0.103773396,8.313465380,7.410484177,-0.170759399,-0.058488688,116.459423906,0.004659099,0.430238498,0.034455041,3.181706619,-5.044334297,2.847587433,true,OK
1785073281.184944391,0.087078220,0.022004498,8.328395101,7.391406266,-0.144188672,-0.088618203,116.123184232,0.005457115,0.139882314,0.040328368,1.033737676,-5.371641590,1.630438165,true,OK
1785073282.185996056,0.188791377,0.090813949,8.706054667,7.502641613,-0.136969469,-0.080407158,115.476131670,0.004862933,0.376904886,0.036028091,2.792381304,-4.637799275,1.423633364,true,OK
1785073283.184976339,0.085611770,0.008738498,8.341899746,7.418984667,-0.137437547,-0.067206809,115.217553798,0.004234021,0.039564681,0.031326518,0.292729709,-5.252188009,0.427708475,true,OK
1785073284.184996367,0.183576188,0.075714996,8.780899181,7.532309219,-0.162902805,-0.016629701,111.279957279,0.015666903,0.385121790,0.127637685,3.137573106,-4.992664216,0.984123301,true,OK
1785073285.184967756,0.084213470,0.128638353,8.591816419,7.426622802,-0.159680105,0.016803371,106.634197548,0.002947095,0.068528042,0.022104715,0.513995271,-5.418555620,2.232728530,true,OK
1785073286.184980154,0.087221670,0.048467043,7.956093865,7.412449831,-0.154332240,0.035258353,99.908386689,0.002717159,1.230510659,0.020100341,9.102774877,-6.209906551,0.157545077,true,OK
1785073287.184949875,0.088205087,0.115471738,8.740946390,7.503880585,-0.151576628,0.023699790,90.952664767,0.002656771,0.850188277,0.019689846,6.300909774,-4.941766547,-0.884130819,true,OK
1785073288.184948444,0.087807209,0.033229890,8.150029100,7.412798397,-0.146532268,0.028057546,89.370204412,0.002977171,2.187669891,0.022072463,16.219175076,-4.218075083,-1.052441076,true,OK
1785073289.184945822,0.187185924,0.101177315,8.759287473,7.561275343,-0.140136223,0.045457630,74.426828184,0.003720761,1.605715789,0.027571372,11.898585572,-4.154790897,-2.175647127,true,OK
1785073290.184986353,0.086656133,0.020247321,8.317331739,7.445333384,-0.126909823,0.048369546,62.473597143,0.002385374,0.600030838,0.017735110,4.461193400,-3.909525793,-3.302989250,true,OK
1785073291.185000181,0.186958279,0.084141767,8.689824223,7.424319822,-0.122169260,0.049479602,58.198463041,0.001082404,0.577768743,0.008012444,4.276907726,-4.695473114,-1.611415803,true,OK
1785073292.185004711,0.084782753,0.018383594,8.323024852,7.491130745,-0.128124242,0.020698593,42.262105480,0.004152318,1.813912548,0.031485059,13.754040020,-3.919371235,-3.934226125,true,OK
1785073293.184975386,0.187446236,0.083733941,8.721770703,7.489176299,-0.126904772,0.006764189,40.070354338,0.002810576,0.788575115,0.020879725,5.858312465,-2.944108670,-4.099350640,true,OK
1785073294.184987545,0.087020145,0.016197363,8.386354587,7.513340939,-0.114630719,-0.012441807,27.665833082,0.002696050,2.192049109,0.019942670,16.214577050,-3.770935197,-5.001586304,true,OK
1785073295.185585976,0.187556559,0.083455062,8.800701784,7.564490121,-0.087309612,-0.003910480,16.952889983,0.004843851,0.231546534,0.039510417,1.888683393,-3.587731229,-4.087824420,true,OK
1785073296.184982538,0.087785667,0.014373395,8.525809280,7.525453260,-0.078382698,0.019840177,26.026372960,0.002630718,1.251013500,0.019566839,9.304829067,-1.756780750,-1.379514548,true,OK
1785073297.185065746,0.186800629,0.080968193,8.703082789,7.522543838,-0.092801442,0.051105201,36.589943958,0.005551268,1.506101962,0.041112275,11.154078940,-3.866227951,0.421075643,true,OK
1785073298.184978485,0.088513651,0.012068311,8.541196026,7.549978934,-0.098984077,0.078856879,36.076736457,0.002340612,0.164324520,0.019264973,1.352512671,-4.823305996,0.456756631,true,OK
1785073299.184994221,0.189496502,0.077496388,8.872456484,7.552337774,-0.116928993,0.103591310,41.068861237,0.003531512,1.184320971,0.028971418,9.715797737,-4.915645485,2.250604669,true,OK
1785073300.184982300,0.088094788,0.010459421,8.556923294,7.529591919,-0.124095769,0.072621362,40.377799805,0.006482616,0.376385392,0.047959464,2.784561340,-5.973771743,-2.696132646,true,OK
1785073301.184964180,0.188600775,0.075864215,8.871510059,7.520317558,-0.122848079,0.069626727,45.601408127,0.001321976,0.678108438,0.009798357,5.026073724,-3.971940130,-2.287084411,true,OK
1785073302.184910059,0.087342052,0.007786444,8.621517854,7.537676237,-0.121315802,0.072391286,46.620450387,0.001930744,0.145369958,0.015725978,1.184043247,-3.891095769,0.106034603,true,OK
1785073303.185424805,0.085940774,0.075516595,7.937079754,7.585335361,-0.122563237,0.076093531,46.694816219,0.002566481,0.138476416,0.019016029,1.026024379,-2.718915075,1.033645439,true,OK
1785073304.184983730,0.084890907,0.006451446,8.643184790,7.582199185,-0.109375360,0.091964452,43.247762392,0.004381076,1.369736488,0.032442695,10.143157469,-0.222469180,3.083506039,true,OK
1785073305.184993982,0.085711173,0.072596944,7.955585486,7.585289674,-0.096066771,0.113438514,43.308234801,0.005771939,1.205934038,0.042694945,8.920275725,0.007207337,0.700699085,true,OK
1785073306.184939146,0.087240743,0.004240105,8.693525055,7.583977153,-0.073232147,0.144721183,41.738222362,0.001971472,0.195835277,0.014603587,1.450640548,-0.875059091,-0.747521874,true,OK
1785073307.185004711,0.084386800,0.070965310,7.989536739,7.563396148,-0.068541972,0.165193096,40.920054587,0.001020406,0.346050174,0.008321739,2.822150394,-3.053623878,-1.721359172,true,OK
1785073308.184893131,0.087556538,0.000492172,8.766620786,7.516081639,-0.055031113,0.163119594,39.518290928,0.005830596,0.312786672,0.042853551,2.298910714,-2.559575189,0.405733390,true,OK
1785073309.184953451,0.087999781,0.068670500,7.976698649,7.527064546,-0.041181750,0.147045297,39.801372247,0.004644128,0.565098956,0.034486932,4.196380578,1.081403342,0.977038961,true,OK
1785073310.184932709,0.087518773,0.135298789,8.694133383,7.524568392,-0.038838225,0.145346978,38.703309108,0.000308604,1.874819266,0.002285448,13.884446479,1.136377774,0.905421625,true,OK
1785073311.184998512,0.088008016,0.066428933,7.928944223,7.478926759,-0.038467119,0.145417427,39.564860218,0.002705150,0.422436154,0.020029739,3.127844025,1.014339260,0.613803901,true,OK
1785073312.184973240,0.087919439,0.133262923,8.674361533,7.482210911,-0.036156770,0.149337158,39.094581630,0.000457790,0.331612915,0.003389613,2.455359254,1.035266977,0.614981746,true,OK
1785073313.184994698,0.089140190,0.077137923,7.971266972,7.604225615,-0.036018769,0.149746449,38.974892410,0.000223048,0.104678325,0.001651776,0.775192436,1.084514059,0.622875184,true,OK
1785073314.184983969,0.088275270,0.008906769,8.680388794,7.536155511,-0.035435225,0.151339399,38.743206714,0.000372149,0.121946558,0.002751162,0.901506824,1.113296899,0.613759357,true,OK
1785073315.185327768,0.186435481,0.075348287,8.919650554,7.504826192,-0.035042622,0.151129464,39.235582546,0.000374829,0.123540700,0.002775998,0.914946799,1.140090235,0.615666951,true,OK
1785073316.185219765,0.085782347,0.006679854,8.504938948,7.467674308,-0.035813311,0.151517354,39.195026864,0.001038631,0.138476416,0.007689322,1.025186146,1.143673686,0.611116125,true,OK
1785073317.184999704,0.187180440,0.072729993,8.802691716,7.460393778,-0.036271067,0.150739026,38.897775340,0.001219363,0.039564681,0.009011096,0.292383059,1.148343939,0.606180313,true,OK
1785073318.185153246,0.087203006,0.016897487,8.342372658,7.561952235,-0.035439289,0.150563367,38.815941397,0.000269427,0.096913294,0.002188219,0.787106834,1.122157211,0.603822713,true,OK
1785073319.184988260,0.183591333,0.083158494,8.656998187,7.532164346,-0.035836133,0.150566060,38.977920934,0.000065622,0.104678325,0.000485811,0.774946555,1.138298685,0.599574702,true,OK
1785073320.184965134,0.087040832,0.014580923,8.334458490,7.500535476,-0.038662223,0.146797328,39.065693067,0.001740448,0.347179209,0.012871981,2.567663419,1.134049558,0.592813898,true,OK
1785073321.185258389,0.185813198,0.081840716,8.667005329,7.488136089,-0.046934885,0.137943980,38.962989406,0.002374928,0.068528042,0.017615219,0.508283422,1.141391326,0.573566680,true,OK
1785073322.184955835,0.089037775,0.012591530,8.367621144,7.459704234,-0.043894186,0.140493234,38.848096453,0.002098912,0.190774080,0.015446055,1.403921420,1.124771503,0.575683093,true,OK
1785073323.184966087,0.186697141,0.087470347,8.659049901,7.553379917,-0.042005775,0.142608232,39.060941416,0.000100437,0.102792073,0.000743284,0.760711224,1.127483965,0.564386235,true,OK
1785073324.184959173,0.089526386,0.022123228,8.383972334,7.550926502,-0.041897107,0.142474235,39.341919037,0.000238203,0.186626315,0.001939906,1.519872166,1.124111100,0.553007742,true,OK
1785073325.185032845,0.185801101,0.084863054,8.719844698,7.484853250,-0.042046532,0.142277803,39.120378036,0.000134435,0.153233400,0.000992041,1.130764152,1.133370160,0.568259276,true,OK
1785073326.184966564,0.087719472,0.019525976,8.433593736,7.482788307,-0.039194502,0.145338558,38.993076043,0.000643299,0.110143430,0.004762558,0.815428276,1.280535922,0.790865714,true,OK
1785073327.184984207,0.185037377,0.086131322,8.681873633,7.477586081,-0.038268141,0.145646542,36.638217122,0.000736274,0.139882314,0.005471586,1.039528357,1.271061818,0.886630238,true,OK
1785073328.184970856,0.087423722,0.019002265,8.348680910,7.459252869,-0.037064140,0.145845947,36.663519908,0.000342258,0.126668806,0.002534576,0.938039305,1.321327769,0.726221435,true,OK
1785073329.185438395,0.186576828,0.097507423,8.655952985,7.597993181,-0.038792992,0.137840931,33.514747565,0.003058098,0.888454092,0.022608763,6.568412373,0.827489303,0.912606865,true,OK
1785073330.184966803,0.087311197,0.029432970,8.343817015,7.562331087,-0.042266813,0.130299500,29.262771592,0.000146581,0.382061172,0.001193364,3.110483766,0.706375575,1.082350350,true,OK
1785073331.184994698,0.187974961,0.095796676,8.730924350,7.536241408,-0.044126124,0.123721793,26.354475416,0.001560706,0.370622686,0.011557309,2.744527292,0.817001872,1.197202965,true,OK
1785073332.184979200,0.087760530,0.027207426,8.389093249,7.502733123,-0.042226985,0.116071558,22.571052542,0.000957108,0.090654086,0.007080062,0.670599886,0.850590479,1.181312361,true,OK
1785073333.185002327,0.187531537,0.093906891,8.686635146,7.484996053,-0.043550044,0.109005125,18.895858030,0.003027647,1.685975954,0.022431724,12.491331731,0.673399486,1.569148247,true,OK
1785073334.184983253,0.087513411,0.025260959,8.362479042,7.462371115,-0.042481651,0.091414212,12.008503885,0.003816267,1.273339147,0.028254880,9.427549355,0.581198475,1.521811090,true,OK
1785073335.184937239,0.187038854,0.089835452,8.686345766,7.456518240,-0.044960846,0.076031878,0.896291539,0.003355228,1.372163126,0.024830227,10.154636478,0.228280304,1.532026536,true,OK
1785073336.184958696,0.089649707,0.022958525,8.360409020,7.451535035,-0.043754361,0.070121975,-0.647678659,0.001077556,0.173589404,0.007980450,1.285614697,0.455649666,1.678076770,true,OK
1785073337.184981823,0.187281993,0.086948434,8.737291949,7.425137065,-0.043632325,0.071309164,-0.196915626,0.002056505,0.120331298,0.015227206,0.890982212,0.460938633,1.848588443,true,OK
1785073338.184964180,0.085471749,0.033446525,8.322716981,7.602746869,-0.043337128,0.069803597,-0.295052165,0.000269506,0.158258778,0.002017292,1.184588699,0.150401857,1.770958807,true,OK
1785073339.184977293,0.188240104,0.100040235,8.682048995,7.597622405,-0.050342919,0.067150410,-8.354815752,0.004347540,1.331485828,0.032344260,9.905813408,-0.381345076,1.928850555,true,OK
1785073340.185763121,0.088010808,0.030636938,8.375545649,7.537841790,-0.060206084,0.056149745,-21.146432342,0.003204617,2.106543252,0.026101088,17.157454277,-0.140823538,1.357668654,true,OK
1785073341.185193539,0.185556471,0.097707797,8.657003969,7.534603787,-0.061581437,0.056405338,-20.164904303,0.000972734,0.353324458,0.007192828,2.612638468,-0.166576359,1.811845916,true,OK
1785073342.184982300,0.086727622,0.029516090,8.371891965,7.502450185,-0.061941226,0.051819413,-20.089412970,0.002380097,0.272681002,0.017615241,2.018128362,-0.126097476,1.895399188,true,OK
1785073343.185034990,0.187957727,0.096262128,8.705942342,7.500628718,-0.062785483,0.048642017,-20.424698713,0.002610200,0.086229231,0.019306783,0.637809009,0.411643287,1.749288689,true,OK
1785073344.184959650,0.089763464,0.027045341,8.402112453,7.460761369,-0.055060118,0.050153294,-26.778687000,0.001901607,1.235272368,0.014084059,9.148918253,0.378622453,1.938085594,true,OK
1785073345.184987545,0.186506978,0.093868190,8.645644253,7.467362212,-0.046082802,0.055948002,-33.936232730,0.001025540,0.778334901,0.007578705,5.751868829,0.014313118,1.817947970,true,OK
1785073346.184964895,0.089072248,0.036971869,8.334954646,7.553482569,-0.045808046,0.058077123,-40.178093751,0.001339147,0.194833561,0.010900543,1.585928671,-0.345629201,1.852101063,true,OK
1785073347.184993267,0.190458268,0.104563537,8.725549520,7.537744954,-0.046925259,0.056247189,-45.082085425,0.000198141,0.891971052,0.001447246,6.515068274,-0.683337284,1.862510787,true,OK
1785073348.184997320,0.088428847,0.035889133,8.399246696,7.501165314,-0.048273939,0.053118037,-52.301657943,0.000911735,0.392170386,0.006752878,2.904658550,-0.937657814,1.900647556,true,OK
1785073349.184937954,0.186252898,0.102513287,8.788884867,7.485602733,-0.050297024,0.053564136,-57.189919985,0.000537140,0.588506441,0.003974207,4.354255648,-0.721651225,1.890612888,true,OK
1785073350.184972048,0.085287494,0.045947513,8.315993077,7.603867093,-0.048086613,0.050494118,-58.800260165,0.000651467,0.498500876,0.004823122,3.690637961,-0.797594093,1.667089248,true,OK
1785073351.184947968,0.086825027,0.111926693,8.880062294,7.586359917,-0.045121448,0.057574805,-71.705896652,0.001337024,1.292860575,0.010874458,10.515263841,-1.165695537,1.264045982,true,OK
1785073352.188321352,0.088208390,0.047289543,8.037571397,7.528745117,-0.043822014,0.056797978,-78.116106481,0.001954796,0.909351963,0.014468846,6.730766948,-0.740437599,0.948528530,true,OK
1785073353.184957743,0.087460269,0.110623876,8.746468182,7.505388393,-0.040304020,0.058215130,-87.063844365,0.000470170,1.226209454,0.003480730,9.077797997,-0.696852370,0.791816448,true,OK
1785073354.184980154,0.088609796,0.054272278,7.963147042,7.624925426,-0.041422017,0.058096451,-92.988530971,0.000529739,0.793029039,0.003921767,5.870962384,-0.036350134,0.674648083,true,OK
1785073355.184979677,0.088308253,0.120953624,8.736386634,7.570625740,-0.037939957,0.057117087,-98.069945613,0.001432905,1.275335376,0.010601694,9.435880486,-0.490087254,1.236720637,true,OK
1785073356.185023546,0.088699515,0.052143068,7.963731453,7.505913059,-0.037890870,0.071239024,-106.821376017,0.000994631,0.764382638,0.007360279,5.656439901,-1.746751212,1.881487840,true,OK
1785073357.184952021,0.089771726,0.118757891,8.725271226,7.499511100,-0.029443352,0.070717999,-117.103593219,0.000537770,0.679837596,0.003982831,5.035012743,-1.276598823,0.970155524,true,OK
1785073358.184982538,0.089217718,0.048698586,7.967116081,7.459114668,-0.026294923,0.075046765,-125.331346402,0.002461268,1.586342811,0.018199439,11.729951454,-0.922588904,0.139692489,true,OK
1785073359.184983253,0.088242224,0.129080803,8.706118714,7.614485686,-0.013678775,0.092050163,-136.687642601,0.005654151,1.926508857,0.045998864,15.672947311,-0.963825950,-0.727237241,true,OK
1785073360.184973478,0.085190524,0.060605832,7.954848330,7.520707685,-0.003443138,0.097497064,-144.508137164,0.003309510,1.005415265,0.024484461,7.438276522,-1.358283991,-0.157912978,true,OK
1785073361.185055256,0.086633795,0.126535696,8.674154022,7.494604202,-0.000100436,0.086546879,-143.982496834,0.004067630,0.048456644,0.030115903,0.358763083,-1.576942567,-0.141042447,true,OK
1785073362.184926510,0.086714739,0.071123082,7.937000742,7.612541891,-0.001243946,0.091293810,-143.881502162,0.001425691,0.193826655,0.010593925,1.440273376,-1.371423931,0.264232760,true,OK
1785073363.184950113,0.086361566,0.002387543,8.663556184,7.533962713,-0.000820619,0.090867752,-143.897391350,0.001265911,0.131221234,0.009337766,0.967930262,-1.424989162,0.160491450,true,OK
1785073364.184978247,0.086581177,0.068695221,7.938962978,7.510610757,0.001602726,0.097861409,-143.601521522,0.000556557,0.245492580,0.004179805,1.843677748,-1.439983156,0.150507122,true,OK
1785073365.184969187,0.088379729,0.012474013,8.774471024,7.627159267,0.001923829,0.099851690,-143.912253845,0.000779086,0.034264021,0.005776885,0.254066005,-1.439543995,0.138442162,true,OK
1785073366.184987307,0.187418447,0.078721297,8.875760276,7.577442607,0.001517399,0.097848241,-143.593647211,0.000848511,0.134170395,0.007018514,1.109798971,-1.412917693,0.149714447,true,OK
1785073367.184993744,0.087742996,0.009752856,8.361273999,7.504367390,0.000514550,0.097170474,-143.488006917,0.001089542,0.269069166,0.008061407,1.990813948,-1.432710723,0.169364785,true,OK
1785073368.185000658,0.188600282,0.076926535,8.678423677,7.493747607,0.002112360,0.098429332,-143.728789121,0.000727822,0.110143430,0.005426711,0.821240058,-1.422374439,0.189361833,true,OK
1785073369.184912443,0.089563879,0.020839204,8.363428026,7.613663695,0.001831588,0.098560164,-143.780205334,0.000280274,0.000000000,0.002076026,0.000000000,-1.441720584,0.183023929,true,OK
1785073370.184955359,0.188827125,0.086530865,8.695986547,7.557242913,0.003002598,0.098938616,-143.490801481,0.000245619,0.000000000,0.001995321,0.000000000,-1.441392968,0.198529887,true,OK
1785073371.185002565,0.086910977,0.018274437,8.364263021,7.507310273,0.003284271,0.099169895,-143.330354126,0.000569170,0.290066368,0.004256812,2.169402471,-1.423948038,0.192901562,true,OK
1785073372.184985399,0.183866899,0.085413757,8.619160073,7.489986501,0.002457076,0.099136073,-143.624159282,0.000382261,0.096913294,0.002835144,0.718783260,-1.404240653,0.201685440,true,OK
1785073373.184989452,0.086371671,0.028859688,8.326155923,7.574901735,0.004387345,0.099979961,-143.638485571,0.000694733,0.288714071,0.005661598,2.352821698,-1.423516173,0.195209967,true,OK
1785073374.185032368,0.187876224,0.095109735,8.683680013,7.530096021,0.005984105,0.102353942,-143.564388527,0.001164234,0.272681002,0.008580367,2.009650828,-1.441381538,0.189437141,true,OK
1785073375.184979439,0.086831300,0.027039242,8.333045453,7.475663472,0.006396856,0.102404911,-143.842255337,0.000566932,0.052339156,0.004198199,0.387577802,-1.448883431,0.191301664,true,OK
1785073376.186274290,0.188593072,0.106277411,8.689112464,7.602114423,0.005025727,0.103195645,-143.368122451,0.001024776,0.086229231,0.007590757,0.638719859,-1.437162495,0.197409608,true,OK
1785073377.184953451,0.086447385,0.037205857,8.358499882,7.533991888,0.005209782,0.102045509,-143.324315252,0.000239129,0.138476416,0.001769470,1.024678034,-1.445951575,0.192931270,true,OK
1785073378.184982777,0.185583866,0.104120088,8.466363527,7.496743834,0.006303555,0.101227141,-143.622533150,0.000340920,0.111905833,0.002520980,0.827502752,-1.458025459,0.203616425,true,OK
1785073379.184976339,0.086752826,0.045249154,8.158653725,7.578400724,0.005755156,0.100904446,-143.804392973,0.000500778,0.117033931,0.003700336,0.864784652,-1.460145139,0.192330154,true,OK
1785073380.184979916,0.089796983,0.112140955,8.885930599,7.545884704,0.005073953,0.100580180,-143.848305545,0.000312385,0.019782341,0.002319030,0.146856740,-1.459438706,0.191347453,true,OK
1785073381.184975386,0.087523588,0.045680118,8.003354881,7.512150342,0.005058928,0.099250648,-143.586102797,0.000383210,0.128204252,0.002839675,0.950022469,-1.441522448,0.172824639,true,OK
1785073382.184916496,0.087022785,0.109674258,8.779000286,7.449124423,0.005832397,0.099568793,-143.978965553,0.000018356,0.048456644,0.000135777,0.358434668,-1.444342220,0.170746914,true,OK
1785073383.184960365,0.085699196,0.056054787,7.982382465,7.570034188,0.005732379,0.100874408,-144.239189024,0.000508788,0.106531181,0.004137484,0.866316141,-1.445248369,0.183221505,true,OK
1785073384.184948206,0.086760945,0.122367668,8.698033360,7.533628929,0.005636579,0.101033014,-143.861447780,0.000690313,0.126668806,0.005111396,0.937914144,-1.465702629,0.192051870,true,OK
1785073385.184972763,0.086891480,0.052987588,7.998516553,7.474666296,0.006749745,0.101292611,-143.703030780,0.000393108,0.141274205,0.002880271,1.035103762,-1.464847983,0.191883769,true,OK
1785073386.184967756,0.085172314,0.119541765,8.685119346,7.465545395,0.006908577,0.101557170,-143.538683782,0.000138153,0.106531181,0.001022966,0.788817402,-1.462974348,0.188666161,true,OK
1785073387.184967518,0.087157626,0.061111588,7.937941681,7.530541833,0.005828559,0.101668760,-143.631939193,0.000100353,0.039564681,0.000816099,0.321750108,-1.431861454,0.198925089,true,OK
1785073388.185006142,0.086195689,0.130873437,8.703014483,7.569638757,0.006586959,0.100889667,-143.250318955,0.000046205,0.300665888,0.000341635,2.223090372,-1.430515112,0.214215031,true,OK
1785073389.184947968,0.087099640,0.062436837,7.975398283,7.497282841,0.007336580,0.100739844,-143.517931463,0.000135487,0.113640914,0.001002710,0.841031689,-1.433014168,0.198035411,true,OK
1785073390.184896469,0.089118712,0.006040444,8.714481776,7.607766166,0.007529678,0.101029556,-143.815216440,0.000710115,0.290740155,0.005257093,2.152395306,-1.440873894,0.186749729,true,OK
1785073391.184965611,0.088610630,0.072257998,7.938047453,7.590192121,0.006459661,0.100965093,-143.391539126,0.000585254,0.389667682,0.004331220,2.883765299,-1.433835642,0.183619908,true,OK
1785073392.184913397,0.088053975,0.003988518,8.728684600,7.529742806,0.006908348,0.100853890,-143.389143010,0.000129845,0.098911718,0.000961349,0.732321461,-1.432440983,0.173267450,true,OK
1785073393.184994459,0.086268548,0.070724128,7.981616461,7.505760461,0.002916197,0.096355457,-144.027212285,0.000308777,0.118694067,0.002281670,0.877075675,-1.452431958,0.275536290,true,OK
1785073394.184951067,0.085499632,0.002093223,8.490571817,7.475361806,0.005362655,0.101427829,-143.984051733,0.003307775,0.287355397,0.024507545,2.129036990,-1.483605226,0.223831954,true,OK
1785073395.184931278,0.086942642,0.068342029,7.810717915,7.463667573,0.010480542,0.107955923,-143.490234685,0.001237102,0.134170395,0.009167840,0.994301817,-1.481297920,0.192012396,true,OK
1785073396.184949398,0.089773499,0.013219657,8.617580567,7.560374220,0.012574166,0.110447608,-143.651285067,0.000539781,0.098911718,0.004392843,0.804963420,-1.472869178,0.187968678,true,OK
1785073397.184968233,0.187802031,0.076701194,8.918059561,7.509469450,0.013568738,0.111404683,-143.768941268,0.001281036,0.034264021,0.009496685,0.254008991,-1.441672962,0.196236335,true,OK
1785073398.184971333,0.087559363,0.010318167,8.414241321,7.488170626,0.012586180,0.111768408,-143.841281249,0.000261515,0.113640914,0.001935047,0.840870330,-1.456647619,0.199599987,true,OK
1785073399.184992552,0.188349692,0.076823783,8.710572220,7.469551973,0.013069413,0.110990447,-143.455463163,0.000148556,0.126668806,0.001101225,0.938979691,-1.449191121,0.207368862,true,OK
1785073400.184985161,0.089040872,0.020100161,8.367462387,7.560421355,0.013691769,0.111450137,-143.411455150,0.000466557,0.145369958,0.003801414,1.184446120,-1.497630367,0.191221243,true,OK
1785073401.184974432,0.189290284,0.086902036,8.693443092,7.531018917,0.012477460,0.110517813,-143.848364449,0.000502080,0.088469326,0.003708690,0.653492240,-1.498660190,0.211720814,true,OK
1785073402.184897900,0.090118599,0.016563999,8.413606113,7.468463187,0.012220298,0.110375017,-143.501466438,0.000333034,0.113640914,0.002466806,0.841745162,-1.483127404,0.214731481,true,OK
1785073403.184951782,0.187501517,0.084066191,8.689259418,7.477206920,0.012689519,0.110876884,-143.398853064,0.000626142,0.106531181,0.004631272,0.787960616,-1.452974516,0.218714824,true,OK
1785073404.184992313,0.087320921,0.028119360,8.368124456,7.604313013,0.013134167,0.110471714,-143.233613296,0.000246171,0.333964821,0.001851957,2.512433027,-1.484109580,0.220215495,true,OK
1785073405.185063601,0.190707203,0.095348915,8.730787833,7.572112558,0.012603339,0.110769260,-143.445190478,0.000062384,0.229850193,0.000506989,1.867981401,-1.491068614,0.217240498,true,OK
1785073406.185127974,0.087429769,0.026997997,8.322185939,7.507382637,0.012479700,0.110683533,-143.676428040,0.000209890,0.108352360,0.001553929,0.802189026,-1.498151526,0.205905972,true,OK
1785073407.185063124,0.187673166,0.092563794,8.681728035,7.478021933,0.012997627,0.110383251,-143.450514077,0.000214427,0.126668806,0.001593561,0.941366203,-1.474785706,0.212336638,true,OK
1785073408.184973240,0.084194996,0.024504788,8.316055285,7.464393092,0.012754319,0.111119316,-143.455592923,0.000339667,0.131221234,0.002516884,0.972330328,-1.467166326,0.200745811,true,OK
1785073409.184990406,0.186737296,0.091326019,8.667842096,7.457703821,0.012797244,0.111991437,-143.547296124,0.000773863,0.108352360,0.005695078,0.797396243,-1.437622714,0.193011611,true,OK
1785073410.185190916,0.088648123,0.035382864,8.360795439,7.563762325,0.010720522,0.109425259,-143.163079933,0.000881584,0.074018747,0.007170756,0.602064154,-1.492995609,0.217266558,true,OK
1785073411.184982061,0.188665803,0.101743994,8.702852932,7.532871570,0.010667867,0.108098392,-143.463767452,0.000067278,0.083929371,0.000497688,0.620870666,-1.492569796,0.207973653,true,OK
1785073412.184978724,0.088609062,0.032744690,8.352988457,7.496322603,0.013168272,0.110743327,-143.565867174,0.001437755,0.146709809,0.010645121,1.086237892,-1.478571583,0.194768876,true,OK
1785073413.185012341,0.188780164,0.099713489,8.687361876,7.486558581,0.012260494,0.109442042,-143.665479299,0.000351879,0.098911718,0.002605833,0.732489184,-1.474770386,0.217924387,true,OK
1785073414.185009241,0.087013396,0.042565495,8.332704854,7.593379198,0.012616424,0.110072910,-143.386607444,0.001302293,0.172458515,0.009634136,1.275817888,-1.464239683,0.205768139,true,OK
1785073415.184990883,0.088141404,0.110199370,8.925158153,7.603418755,0.013144041,0.110526754,-143.465455455,0.000446306,0.311533012,0.003633850,2.536519071,-1.498059553,0.209940219,true,OK
1785073416.184920788,0.085936141,0.038966981,8.085172649,7.506453146,0.011933478,0.111250212,-143.719579836,0.000151819,0.126668806,0.001123937,0.937743653,-1.488120007,0.213002260,true,OK
1785073417.184931993,0.085105780,0.107828122,8.904682849,7.890964681,0.011732788,0.111316271,-143.785735901,0.000824119,0.128204252,0.006097971,0.948631653,-1.487538438,0.206363495,true,OK
1785073418.184973717,0.085069481,0.038327177,8.020993250,7.534468080,0.012413867,0.111254496,-143.466203105,0.000414212,0.432506521,0.003068692,3.204225381,-1.480100847,0.209425992,true,OK
1785073419.185101509,0.188624986,0.105645042,8.482555259,7.498598551,0.013015302,0.111946680,-143.792306388,0.000323397,0.034264021,0.002345899,0.248548922,-1.463913860,0.204602546,true,OK
1785073420.184975624,0.087087939,0.049676734,8.174276783,7.606962672,0.012662702,0.112394244,-143.994536764,0.000441116,0.174712971,0.003253000,1.288416989,-1.481620265,0.194174572,true,OK
1785073421.184977055,0.088440151,0.116248793,8.727217491,7.564008941,0.013080090,0.111673694,-143.634056815,0.000194157,0.328053452,0.001438193,2.430011766,-1.508071742,0.202929246,true,OK
1785073422.184980154,0.087613086,0.047587714,7.940771973,7.507543302,0.014609561,0.112533883,-143.679056863,0.000530393,0.392669016,0.003920700,2.902635314,-1.518121816,0.189914194,true,OK
1785073423.184895754,0.088809743,0.114185436,8.704275538,7.491057874,0.013664875,0.113687517,-143.995641013,0.000272901,0.019782341,0.002021455,0.146533323,-1.508057359,0.184389052,true,OK
1785073424.184963942,0.089209725,0.039570589,7.976517864,7.395294502,0.013969159,0.113277569,-143.713185895,0.000219003,0.182384247,0.001615000,1.344962533,-1.480151995,0.182966931,true,OK
1785073425.185009718,0.087698192,0.124132402,8.689974026,7.608483433,0.012869813,0.112953865,-143.950117314,0.001081125,0.206533808,0.008805221,1.682113856,-1.490672149,0.191494475,true,OK
1785073426.184987545,0.087091407,0.055986409,7.946184136,7.542091016,0.011130019,0.110644379,-144.020640204,0.000845256,0.243089661,0.006245665,1.796209422,-1.492786155,0.196898341,true,OK
1785073427.184976101,0.084867330,0.121027389,8.278830280,7.017168828,0.012046333,0.114898896,-144.635949895,0.001737561,0.126668806,0.012960968,0.944859230,-1.476905480,0.188107694,true,OK
1785073428.184998751,0.087855576,0.053927463,7.881244449,7.407430761,0.013240438,0.115877966,-144.103965977,0.000087207,0.081564685,0.000647053,0.605190413,-1.461027080,0.202119747,true,OK
1785073429.185025930,0.084069820,0.120137190,8.612710401,7.448331011,0.017431891,0.121763740,-144.014524237,0.000522414,0.071326251,0.003867738,0.528069951,-1.465745385,0.202057470,true,OK
1785073430.184966564,0.088403224,0.063112980,7.964834330,7.550473311,0.020556972,0.127473368,-144.040431891,0.000318852,0.113640914,0.002571770,0.916596150,-1.490266024,0.194217332,true,OK
1785073431.184995174,0.088005811,0.130427416,8.677283445,7.551356540,0.020191347,0.127391841,-144.371580155,0.000110605,0.079129369,0.000817380,0.584772529,-1.518676477,0.195922108,true,OK
1785073432.185001135,0.087414341,0.062228303,7.943407299,7.506108174,0.019757497,0.127348187,-143.924262014,0.000218946,0.115349902,0.001620099,0.853534977,-1.530604962,0.179015413,true,OK
1785073433.184990644,0.086964835,0.128964787,8.665067080,7.504015490,0.016690311,0.123866072,-144.073092298,0.001216652,0.096913294,0.009011690,0.717832507,-1.530821897,0.203138513,true,OK
1785073434.184995174,0.089602706,0.060248043,7.967024170,7.469375740,0.017577785,0.125097674,-144.328111658,0.000338317,0.128204252,0.002500660,0.947617147,-1.496200410,0.198425201,true,OK
1785073435.184914589,0.089349184,0.003708456,8.717194184,7.590007519,0.018082848,0.123970964,-144.366591127,0.000266556,0.094872788,0.001973621,0.702453829,-1.521579589,0.221237123,true,OK
1785073436.184964657,0.089432997,0.070585938,7.952116018,7.560822873,0.018636797,0.123653595,-143.883847125,0.000127422,0.104678325,0.001037987,0.852715289,-1.522293790,0.212701538,true,OK
1785073437.184924603,0.089348957,0.001832403,8.515565931,7.505850067,0.022108514,0.126369888,-143.881125858,0.001104020,0.019782341,0.008181122,0.146593136,-1.536444440,0.192676591,true,OK
1785073438.184960604,0.088111833,0.068403416,7.777409927,7.487269281,0.024534093,0.129900742,-143.839191845,0.000308628,0.248660374,0.002298163,1.851620088,-1.494077479,0.183552429,true,OK
1785073439.184994459,0.087568809,0.134983908,8.659092346,7.483264091,0.024862186,0.129092017,-143.627484876,0.000486242,0.216704814,0.003595415,1.602380023,-1.480614389,0.176987723,true,OK
1785073440.184977055,0.085625124,0.078878978,7.914120561,7.607720770,0.025803145,0.129198201,-143.724273512,0.000350490,0.102792073,0.002594776,0.760998511,-1.478197986,0.195264036,true,OK
1785073441.185829401,0.088258050,0.011302812,8.656139316,7.535278964,0.025389409,0.129584879,-143.430022146,0.000315943,0.421044263,0.002338161,3.115966434,-1.505556219,0.177775314,true,OK
1785073442.185006142,0.184680697,0.076610919,8.901722125,7.503486405,0.025024796,0.129248016,-143.707241220,0.000400148,0.117033931,0.002959550,0.865598500,-1.517357085,0.168951793,true,OK
1785073443.185230494,0.087623763,0.008446270,8.472608548,7.483446119,0.025215576,0.128730482,-143.571443624,0.000218668,0.131221234,0.001619481,0.971839509,-1.499538805,0.177260791,true,OK
1785073444.184962273,0.188630183,0.073546354,8.753150412,7.455936258,0.025557641,0.128744941,-143.802466505,0.000691502,0.000000000,0.005121393,0.000000000,-1.475512355,0.191100583,true,OK
1785073445.184982777,0.085510613,0.018028067,8.322586447,7.564889892,0.025110742,0.130433981,-143.907846078,0.000085381,0.121946558,0.000696542,0.994845670,-1.484142779,0.193740455,true,OK
1785073446.184978485,0.188297819,0.084945272,8.699968634,7.557921307,0.025492261,0.128682303,-144.022803145,0.000333749,0.132704012,0.002716511,1.080130349,-1.500241476,0.192826184,true,OK
1785073447.184984922,0.087535069,0.015746326,8.332751553,7.499001043,0.024752700,0.126762535,-144.071542926,0.000178065,0.044234660,0.001316247,0.326979914,-1.504735608,0.180137733,true,OK
1785073448.185008526,0.188065326,0.082643585,8.770351565,7.489656411,0.025349611,0.127574749,-144.283616745,0.000448238,0.235733974,0.003273931,1.721800424,-1.481088240,0.180951025,true,OK
1785073449.185018301,0.085721791,0.026009701,8.325202596,7.601403456,0.024753675,0.127287134,-144.320576793,0.000526078,0.135620930,0.003887753,1.002247354,-1.476593678,0.176616782,true,OK
1785073450.185018301,0.186920920,0.091967208,8.741776338,7.582683253,0.024813094,0.126651505,-144.155619813,0.000163550,0.244694222,0.001212351,1.813846288,-1.480598391,0.197810705,true,OK
1785073451.184983492,0.086819184,0.022909342,8.392173577,7.521519958,0.025768914,0.127512741,-144.155891213,0.000278687,0.088469326,0.002062726,0.654813642,-1.494149128,0.187723135,true,OK
1785073452.185020685,0.187232635,0.089432795,8.696556670,7.491659085,0.024975880,0.127589316,-144.374542971,0.000440742,0.065610604,0.003267847,0.486464855,-1.494425778,0.184165210,true,OK
1785073453.184969902,0.087869688,0.022576079,8.361620585,7.471803992,0.024778881,0.126969467,-144.212013365,0.000647731,0.222056360,0.004797482,1.644682632,-1.506120262,0.181195150,true,OK
1785073454.184986115,0.186825197,0.089367161,8.657864204,7.457781789,0.025832804,0.126749143,-144.415459186,0.000150568,0.019782341,0.001113111,0.146245418,-1.493498933,0.179299940,true,OK
1785073455.184994221,0.086685009,0.032683340,8.329887516,7.556844295,0.026138064,0.126673460,-143.977340887,0.000405885,0.415430061,0.003302105,3.379762144,-1.490526973,0.171927857,true,OK
1785073456.184922934,0.187775770,0.098894024,8.687549470,7.526580491,0.025961569,0.127468554,-144.187506481,0.000172281,0.373776980,0.001275673,2.767664728,-1.494886925,0.197950246,true,OK
1785073457.184945822,0.088990503,0.031131975,8.365917570,7.486724718,0.026403832,0.126477252,-144.448646771,0.000324425,0.161925496,0.002402251,1.199000259,-1.530282307,0.195134686,true,OK
1785073458.184965611,0.189828980,0.097459138,8.708068697,7.471970503,0.026514030,0.126142827,-144.445063577,0.000261151,0.132704012,0.001932586,0.982043796,-1.531812120,0.192396503,true,OK
1785073459.184961081,0.089026314,0.039300849,8.380756721,7.577793592,0.026300128,0.126645405,-144.380832038,0.000406951,0.110143430,0.003010473,0.814800392,-1.511857229,0.193773747,true,OK
1785073460.184988737,0.188057717,0.107744377,8.731455757,7.563301985,0.026598005,0.126204740,-144.467588885,0.000265445,0.397128516,0.002165114,3.239201359,-1.507220567,0.195702201,true,OK
1785073461.184999943,0.086667070,0.037532001,8.173584795,7.509336972,0.026991442,0.125806901,-144.132982227,0.000346321,0.131221234,0.002563320,0.971244089,-1.521781123,0.199997693,true,OK
1785073462.184992790,0.187605279,0.106093082,8.500623195,7.512892435,0.027733962,0.125333948,-144.388804988,0.000473172,0.113640914,0.003495732,0.839564219,-1.513460995,0.185167734,true,OK
1785073463.184994698,0.088141336,0.037029866,8.269856377,7.467025143,0.026953518,0.125557672,-144.500510877,0.000348958,0.149353439,0.002584895,1.106331332,-1.521714223,0.185918875,true,OK
1785073464.184985161,0.186541150,0.103933302,8.415124692,7.460744630,0.025168296,0.122602254,-144.253865359,0.000622298,0.052339156,0.004567226,0.384132328,-1.504962277,0.180916430,true,OK
1785073465.184968710,0.085702129,0.047410274,8.190741015,7.564828404,0.025085416,0.122448897,-144.302936982,0.000842267,0.172458515,0.006870810,1.406832981,-1.485252982,0.187813062,true,OK
1785073466.184996605,0.086632985,0.114128613,8.854540735,7.532494807,0.025311496,0.122748672,-144.095701005,0.000410980,0.370622686,0.003043172,2.744342297,-1.491069217,0.194655573,true,OK
1785073467.184955120,0.087822918,0.045521202,7.962765160,7.500760869,0.024737689,0.123385843,-144.517812425,0.000428289,0.141274205,0.003171282,1.046070177,-1.513953919,0.204100416,true,OK
1785073468.184947014,0.089020665,0.111998869,8.712319301,7.490973502,0.024939149,0.122845364,-144.310657630,0.000194538,0.134170395,0.001453367,1.002368084,-1.521624076,0.210631557,true,OK
1785073469.184974909,0.090296506,0.055599866,7.969924854,7.611661819,0.025438626,0.122801349,-143.984233131,0.000051437,0.096913294,0.000378577,0.713290612,-1.506676186,0.202365732,true,OK
1785073470.184904337,0.090190133,0.121969121,8.711638563,7.592606844,0.025327476,0.122487180,-144.268469453,0.000446417,0.141274205,0.003638816,1.151548483,-1.495187743,0.205633331,true,OK
1785073471.184963226,0.087516075,0.052247320,7.922486256,7.514989110,0.024659111,0.122379863,-144.211975277,0.000453244,0.144017660,0.003354537,1.065900500,-1.487262936,0.196215000,true,OK
1785073472.184965849,0.087863445,0.120460531,8.693880167,7.536133406,0.024897254,0.122069867,-144.181081131,0.000074053,0.296075307,0.000548880,2.194512483,-1.510213002,0.191100414,true,OK
1785073473.185017586,0.088228928,0.051806518,7.952388950,7.486791366,0.026462011,0.124065180,-143.887277836,0.000111007,0.074018747,0.000821321,0.547652340,-1.511334449,0.182967174,true,OK
1785073474.185005426,0.088105794,0.118452456,8.691881295,7.471682875,0.026006605,0.124712484,-144.027402829,0.000414100,0.356631791,0.003070070,2.644009893,-1.504286413,0.167363103,true,OK
1785073475.185297728,0.087508140,0.062306517,7.969887247,7.599504641,0.026302654,0.124058209,-143.843265901,0.000398249,0.373253110,0.002944290,2.759491834,-1.491710749,0.158917557,true,OK
1785073476.185058117,0.087531805,0.128716338,8.691583732,7.563103076,0.026684390,0.124517377,-143.787807957,0.000156800,0.135620930,0.001160302,1.003581752,-1.502694099,0.167045032,true,OK
1785073477.184967279,0.084739283,0.059815108,7.949605674,7.504606675,0.026703021,0.125144098,-143.887415760,0.000384565,0.102792073,0.002846583,0.760875881,-1.512886670,0.167149789,true,OK
1785073478.184988022,0.086376460,0.126884152,8.675531961,7.492480176,0.025618439,0.125163831,-143.919452396,0.000419613,0.405418205,0.003107140,3.002030267,-1.527829983,0.171175798,true,OK
1785073479.184959412,0.088776678,0.057720739,7.984271147,7.462012533,0.025308885,0.124143015,-143.936348990,0.000395592,0.076616680,0.002928560,0.567191244,-1.504399917,0.171866506,true,OK
1785073480.184895277,0.090571040,0.001811642,8.737858347,7.593153201,0.025610400,0.125628725,-143.738386539,0.000518324,0.429783464,0.003833092,3.178320151,-1.489979573,0.174141635,true,OK
1785073481.185000420,0.089676273,0.068343439,7.973127852,7.559882897,0.023738879,0.122899907,-144.178769462,0.001146832,0.293419857,0.009341499,2.390045298,-1.486202539,0.189012270,true,OK
1785073482.185038805,0.089021785,0.134464508,8.718290446,7.547816076,0.023287224,0.122430228,-144.281567885,0.000866701,0.126668806,0.006423170,0.938749917,-1.490040627,0.177088655,true,OK
1785073483.184917688,0.087672496,0.065397730,7.930132744,7.492775676,0.024227075,0.122084416,-143.929377951,0.000652077,0.048456644,0.004822654,0.358377148,-1.488542359,0.176886342,true,OK
1785073484.184941292,0.087956885,0.131649723,8.654796447,7.472847110,0.024779911,0.121489038,-144.478062582,0.000221555,0.104678325,0.001625328,0.767918919,-1.504321401,0.171613403,true,OK
1785073485.184964418,0.087821289,0.064447665,7.921481043,7.468956915,0.023441785,0.122033377,-144.462494660,0.000135287,0.210289292,0.001001474,1.556687923,-1.470288239,0.173230394,true,OK
1785073486.186333656,0.088047122,0.009356434,8.709493013,7.561598223,0.024038901,0.121528843,-144.461137280,0.000156841,0.110143430,0.001277639,0.897236348,-1.452304230,0.166577820,true,OK
1785073487.185111284,0.184277981,0.074970660,8.861820574,7.536352863,0.024810534,0.121641457,-144.245087577,0.000397294,0.128204252,0.002943463,0.949835716,-1.475683603,0.181595538,true,OK
1785073488.184970140,0.087602670,0.004890811,8.465299547,7.490251180,0.025060992,0.121202653,-144.309234608,0.000918105,0.000000000,0.006794853,0.000000000,-1.500272427,0.184812033,true,OK
1785073489.184980154,0.187384031,0.071461003,8.763890485,7.472404801,0.022577662,0.119686069,-144.436983126,0.000612589,0.389667682,0.004540529,2.888230104,-1.500321244,0.183859973,true,OK
1785073490.184927225,0.087708741,0.016531112,8.388446150,7.616315540,0.017126553,0.113612534,-144.243288860,0.000884887,0.161925496,0.006533941,1.195646395,-1.483074851,0.209032924,true,OK
1785073491.184965611,0.189152720,0.082328889,8.713541056,7.569840252,0.022200946,0.119281313,-144.374313202,0.003177893,0.235733974,0.026139111,1.938981663,-1.586862221,-0.057782633,true,OK
1785073492.184963703,0.087016678,0.014637821,8.333202106,7.518278932,0.022064766,0.119449130,-144.084510811,0.000323201,0.240662729,0.002383807,1.775034670,-1.296600004,0.358023410,true,OK
1785073493.184969187,0.186932382,0.080943505,8.750982586,7.488284992,0.022449320,0.119633089,-143.747523814,0.001893493,0.255644402,0.014051967,1.897184679,-1.302215687,0.348956017,true,OK
1785073494.184982538,0.088007958,0.011527503,8.392613135,7.460025391,0.023555444,0.119599409,-143.720248268,0.000187834,0.111905833,0.001391000,0.828716922,-1.292330046,0.341655768,true,OK
1785073495.184979677,0.186189480,0.087748695,8.718800197,7.562104703,0.023509633,0.120382884,-143.925463583,0.000250823,0.068528042,0.001856957,0.507343518,-1.256666361,0.315943588,true,OK
1785073496.184986591,0.088023973,0.021904775,8.366071140,7.547567252,0.022979239,0.120403734,-144.192215123,0.000459204,0.055952910,0.003733867,0.454962929,-1.234462889,0.320126503,true,OK
1785073497.185285807,0.187063163,0.087903248,8.680460288,7.539889780,0.023274371,0.120368852,-144.048100773,0.000375878,0.108352360,0.003056709,0.881140874,-1.226156113,0.324136675,true,OK
1785073498.184996128,0.087157889,0.020889027,8.357457611,7.511086948,0.023978472,0.120752798,-144.109745631,0.000679900,0.141274205,0.005035114,1.046229584,-1.270398178,0.327172024,true,OK
1785073499.185000181,0.189222817,0.086488142,8.785821938,7.493486435,0.023006031,0.120745252,-144.265242912,0.000590761,0.149353439,0.004374333,1.105898217,-1.270401891,0.335847358,true,OK
1785073500.184988976,0.088621858,0.018792197,8.377280971,7.483137348,0.023243039,0.120925206,-144.237782590,0.000340532,0.106531181,0.002521731,0.788891863,-1.255409934,0.336980759,true,OK
1785073501.184991121,0.189037251,0.085185130,8.693899514,7.465786175,0.023781092,0.120675598,-143.972757381,0.000156209,0.290740155,0.001157292,2.153975689,-1.233878273,0.342696900,true,OK
1785073502.184976101,0.087437217,0.028946725,8.375631818,7.594523469,0.023520642,0.120288437,-143.868632935,0.000437024,0.221173438,0.003236736,1.638078976,-1.241568073,0.337734557,true,OK
1785073503.185008049,0.188241756,0.095573008,8.711789876,7.564826935,0.022681302,0.120579414,-143.992292413,0.000322391,0.052339156,0.002623643,0.425940535,-1.257983385,0.347859837,true,OK
1785073504.184951544,0.087727103,0.026733895,8.324093690,7.509272013,0.023510740,0.120473987,-144.186909362,0.000303300,0.081564685,0.002244996,0.603734295,-1.263815351,0.356840114,true,OK
1785073505.184966326,0.188959920,0.093603676,8.697320996,7.487730057,0.024260159,0.120744409,-143.723141718,0.000086968,0.142652530,0.000644184,1.056649306,-1.265420860,0.348656600,true,OK
1785073506.184983253,0.088383900,0.022434385,8.406186944,7.448334142,0.023682987,0.120308842,-143.827057817,0.000528330,0.414014638,0.003909116,3.063295805,-1.251399762,0.335419504,true,OK
1785073507.185005903,0.187781923,0.090512652,8.687412259,7.452823547,0.023569509,0.120819698,-144.146025657,0.000130541,0.218503234,0.000972879,1.628437199,-1.254320823,0.341249251,true,OK
1785073508.184989452,0.087982765,0.035397170,8.379424462,7.596560192,0.023325127,0.120108019,-143.710951870,0.001230888,0.233230523,0.009107623,1.725726524,-1.262141134,0.337304248,true,OK
1785073509.184981346,0.187463524,0.101909481,8.717843254,7.567551387,0.023974030,0.120526894,-144.216050949,0.000062807,0.276953045,0.000511597,2.255917631,-1.285608366,0.349856845,true,OK
1785073510.185339689,0.086374768,0.032711188,8.348678276,7.519072965,0.023704719,0.120803260,-144.152829484,0.000708151,0.141274205,0.005249729,1.047306078,-1.251028164,0.362190167,true,OK
1785073511.185113907,0.185753339,0.099877241,8.670973706,7.522773496,0.023461949,0.120676731,-144.183956304,0.000619864,0.115349902,0.004583240,0.852890121,-1.243039405,0.374650150,true,OK
1785073512.184942484,0.087681644,0.031059121,8.347338938,7.482155339,0.023735375,0.120027130,-143.891777403,0.000197247,0.104678325,0.001461436,0.775580446,-1.214970464,0.370574805,true,OK
1785073513.184970856,0.185694756,0.096877422,8.656902757,7.469402560,0.023506685,0.119961206,-143.982631525,0.000333881,0.000000000,0.002473852,0.000000000,-1.227643377,0.360882531,true,OK
1785073514.185118437,0.088415144,0.028207936,8.365384241,7.442216107,0.022778223,0.120466458,-143.812994906,0.000036924,0.299361482,0.000272985,2.213209421,-1.248245057,0.343005308,true,OK
1785073515.185021639,0.186524772,0.095577261,8.673847847,7.449496053,0.023008749,0.119891291,-143.928344515,0.000284505,0.111905833,0.002105002,0.827970379,-1.262674304,0.343655812,true,OK
1785073516.185147047,0.086070330,0.039731413,8.361061868,7.563794810,0.023599971,0.120622595,-143.892740346,0.000638396,0.106531181,0.005204048,0.868415587,-1.232870757,0.333884598,true,OK
1785073517.184976101,0.187084860,0.105706523,8.720137347,7.528404369,0.023164892,0.120365120,-144.167330606,0.000959083,0.000000000,0.007099407,0.000000000,-1.228286315,0.342925945,true,OK
1785073518.184939623,0.087752633,0.037358211,8.380156432,7.499020822,0.022289451,0.120514099,-144.058991973,0.000010904,0.102792073,0.000080745,0.761168924,-1.264583440,0.351434169,true,OK
1785073519.184976816,0.186042605,0.103865507,8.519106702,7.485468006,0.023562763,0.120155802,-143.832147624,0.000442054,0.111905833,0.003242190,0.820760252,-1.257125730,0.354376105,true,OK
1785073520.185000181,0.087189459,0.047512679,8.223036268,7.604819362,0.023897876,0.120279935,-143.842767461,0.000880065,0.065610604,0.006512076,0.485488032,-1.253563125,0.324495619,true,OK
1785073521.185016870,0.088045944,0.114600291,8.848576829,7.573346388,0.023134749,0.120195683,-144.068477755,0.000628136,0.155766359,0.004647082,1.152392443,-1.253444569,0.346054449,true,OK
1785073522.184983969,0.087366401,0.045816852,7.983880096,7.507240462,0.022485795,0.119835289,-143.941595652,0.000362399,0.297394120,0.002682666,2.201466720,-1.242525136,0.328553883,true,OK
1785073523.184897423,0.087444678,0.111918048,8.667647383,7.484471621,0.023140890,0.120208285,-144.114849677,0.000245302,0.115349902,0.001815621,0.853772036,-1.254391642,0.330018167,true,OK
1785073524.184966564,0.087453564,0.043255353,7.955838179,7.467793343,0.023165120,0.119954278,-144.186602145,0.000488453,0.323246547,0.003615501,2.392652058,-1.251100764,0.333304887,true,OK
1785073525.184952736,0.089217147,0.110164662,8.732603669,7.456829931,0.022407206,0.120245144,-144.420757170,0.000285684,0.000000000,0.002111988,0.000000000,-1.255865438,0.333888018,true,OK
1785073526.184985876,0.087653136,0.053816637,7.966110340,7.562071581,0.022903880,0.119968959,-144.390838960,0.000295371,0.104678325,0.002405774,0.852597171,-1.238935433,0.330742206,true,OK
1785073527.184970140,0.088682196,0.119266619,8.724072304,7.517304327,0.023641721,0.119957628,-144.504631286,0.000179073,0.102792073,0.001311787,0.752997239,-1.245162944,0.338793429,true,OK
1785073528.185004473,0.085815380,0.051296620,7.932046225,7.482212819,0.022641915,0.119735488,-144.856641306,0.000118452,0.120331298,0.000867620,0.881389055,-1.232747670,0.350578696,true,OK
1785073529.184973478,0.086074491,0.118505276,8.639563746,7.474779424,0.022024049,0.119748005,-144.835355055,0.000570876,0.260196297,0.004243212,1.933990267,-1.234849371,0.364536755,true,OK
1785073530.185821533,0.085618284,0.063021650,7.924883337,7.564469623,0.022420017,0.119552861,-144.570408559,0.000553924,0.055952910,0.004493836,0.453930732,-1.252780658,0.358663684,true,OK
1785073531.184924841,0.085534374,0.128802480,8.670492171,7.534011971,0.022674026,0.119443084,-144.280744245,0.000534526,0.375344188,0.003956776,2.778448696,-1.241926847,0.338895895,true,OK
1785073532.185017824,0.087046400,0.060238094,7.984863667,7.473158252,0.022757980,0.120183797,-144.688861134,0.000620156,0.222056360,0.004586554,1.642285182,-1.243185197,0.341773440,true,OK
1785073533.184975386,0.089005798,0.004245914,8.729750431,7.568203531,0.021980467,0.120088555,-144.888040408,0.000927129,0.088469326,0.007529522,0.718488836,-1.236193370,0.352999805,true,OK
1785073534.184998035,0.087691344,0.070080371,7.963693268,7.528639366,0.023737637,0.119428859,-144.868886847,0.000353671,0.117033931,0.002619373,0.866782152,-1.233066278,0.344320552,true,OK
1785073535.184952736,0.087993251,0.002267550,8.687026258,7.490908406,0.023323563,0.119621732,-145.041382160,0.000250173,0.100870555,0.001848558,0.745345201,-1.239274895,0.356771439,true,OK
1785073536.185639143,0.088158250,0.069492846,7.814467562,7.469637088,0.022153983,0.119596996,-145.193383605,0.000301906,0.301964691,0.002235565,2.235996931,-1.244639847,0.333782517,true,OK
1785073537.184896946,0.086378850,0.012031699,8.572639294,7.557745423,0.022994915,0.119743508,-144.910093175,0.000750732,0.090654086,0.006115052,0.738418737,-1.262288129,0.325797934,true,OK
1785073538.184978485,0.190177500,0.077777095,8.931843230,7.520221561,0.023839557,0.119635151,-144.808332721,0.000209255,0.142652530,0.001550071,1.056709027,-1.239907323,0.336280428,true,OK
1785073539.185007095,0.088446932,0.010335189,8.395922128,7.487073835,0.023464099,0.119364033,-145.307208894,0.000030923,0.034264021,0.000229054,0.253800568,-1.271677515,0.330090359,true,OK
1785073540.184975147,0.188218518,0.076832438,8.715721725,7.468274694,0.022997559,0.119208403,-145.032539720,0.000835628,0.252564227,0.006185315,1.869478320,-1.247803833,0.333012855,true,OK
1785073541.185004950,0.086054897,0.020830933,8.367041801,7.610626109,0.023968914,0.118928368,-145.059629424,0.000090757,0.104678325,0.000671376,0.774357575,-1.268619329,0.333181918,true,OK
1785073542.184976101,0.186112628,0.086774565,8.666648386,7.558858076,0.023361159,0.118756833,-144.866649206,0.000106374,0.228141232,0.000866707,1.858836022,-1.245487545,0.336960798,true,OK
1785073543.184984207,0.087862792,0.018577642,8.384761659,7.509505331,0.022988062,0.119269083,-145.481840756,0.000078667,0.088469326,0.000591502,0.665209610,-1.242231028,0.317969512,true,OK
1785073544.184964895,0.187887668,0.085448129,8.685333339,7.502009530,0.023182472,0.118803594,-144.968718326,0.000626424,0.298051366,0.004639237,2.207340036,-1.248153138,0.317262246,true,OK
1785073545.184974909,0.088166531,0.016176313,8.381659596,7.461861568,0.023496708,0.118775574,-145.253044760,0.000292009,0.071326251,0.002162870,0.528304053,-1.257575087,0.323324306,true,OK
1785073546.185030937,0.188789072,0.095099439,8.699978065,7.595083500,0.023124602,0.119335259,-145.117164650,0.000550679,0.351102272,0.004079565,2.601049488,-1.264452848,0.318489349,true,OK
1785073547.185004711,0.087455672,0.026926316,8.382865403,7.553911417,0.023092169,0.119770493,-145.359897854,0.000593595,0.148037520,0.004831948,1.205045864,-1.244036675,0.297600275,true,OK
1785073548.184993505,0.188025468,0.093514851,8.706786872,7.529798143,0.023223936,0.118999250,-144.915144513,0.000465142,0.052339156,0.003443867,0.387514401,-1.244496174,0.316750800,true,OK
1785073549.184970140,0.086382995,0.024987879,8.338517844,7.487611438,0.023874617,0.119070253,-144.830968038,0.000365707,0.117033931,0.002706807,0.866235777,-1.244105890,0.315415543,true,OK
1785073550.185194016,0.188689890,0.090588165,8.704857803,7.461920648,0.022919844,0.119268679,-145.007111553,0.000174776,0.129721514,0.001290896,0.958123866,-1.262489377,0.322569322,true,OK
1785073551.184925795,0.087535850,0.035056173,8.367768461,7.601745457,0.021922820,0.119403438,-144.578077189,0.001175817,0.211217717,0.008668115,1.557095373,-1.263006280,0.330675377,true,OK
1785073552.185256481,0.184462007,0.102265263,8.643364186,7.597578330,0.022333182,0.119232950,-144.304181822,0.000595023,0.301964691,0.004401927,2.233908771,-1.252188648,0.328877931,true,OK
1785073553.185827732,0.088573019,0.033290866,8.321035939,7.522375856,0.022224687,0.118937501,-144.769119723,0.000593695,0.059347027,0.004399707,0.439804052,-1.232941207,0.338790397,true,OK
1785073554.184960365,0.186977995,0.099464132,8.668139668,7.523330020,0.021362043,0.119055331,-144.550989616,0.000154508,0.000000000,0.001143665,0.000000000,-1.218170895,0.347544896,true,OK
1785073555.184968472,0.088333681,0.030769018,8.341710607,7.481761385,0.022071376,0.119134927,-144.577360896,0.000502327,0.100870555,0.003719993,0.746999059,-1.248496518,0.337255153,true,OK
1785073556.184986591,0.187851031,0.097883434,8.690741448,7.476633624,0.021931196,0.118631266,-144.498290391,0.000507482,0.000000000,0.003756355,0.000000000,-1.264428166,0.340086870,true,OK
1785073557.185045481,0.089296313,0.038490651,8.381641504,7.562811212,0.022697367,0.118531001,-144.595552591,0.001343320,0.165510998,0.009937854,1.224446633,-1.248868870,0.320719246,true,OK
1785073558.184924841,0.089339237,0.107857428,8.955610833,7.562344646,0.021457724,0.119297168,-144.813156135,0.000455366,0.289391006,0.003368973,2.141028186,-1.214477270,0.355142169,true,OK
1785073559.184945345,0.085864086,0.039512136,8.101745678,7.526434153,0.022925742,0.119342583,-144.800035728,0.000390570,0.110143430,0.002895644,0.816591145,-1.203810524,0.345496901,true,OK
1785073560.185085297,0.188785557,0.106147656,8.669215298,7.522316432,0.023139042,0.119318197,-144.774338122,0.000350411,0.065610604,0.002590599,0.485061107,-1.222630083,0.344635198,true,OK
1785073561.184984207,0.087885983,0.037388642,8.410909839,7.484707303,0.023422139,0.119993996,-145.018188956,0.000995733,0.185574892,0.007377238,1.374896520,-1.235164807,0.347539037,true,OK
1785073562.184997320,0.186546853,0.104206475,8.531726074,7.475433413,0.022391244,0.119800936,-144.903192302,0.000399718,0.175829360,0.002947045,1.296357356,-1.213927650,0.348596702,true,OK
1785073563.184997797,0.086543676,0.047905029,8.004640152,7.540302087,0.022472788,0.119702921,-144.894297248,0.001240867,0.129721514,0.009198764,0.961648530,-1.203622450,0.335931176,true,OK
1785073564.185115814,0.087622366,0.114890860,8.732862682,7.511474582,0.023890906,0.121901265,-145.129448362,0.001604282,0.120331298,0.011893881,0.892116214,-1.308226855,0.268329136,true,OK
1785073565.184974194,0.087648234,0.045742664,7.976722509,7.468971459,0.023648130,0.122630856,-145.163880239,0.000831020,0.039564681,0.006114030,0.291087668,-1.382220827,0.143187497,true,OK
1785073566.184967995,0.087396861,0.124680461,8.709690625,7.606329821,0.024247774,0.122982056,-144.997448956,0.000268052,0.138476416,0.002184436,1.128485267,-1.438140647,0.126296416,true,OK
1785073567.184971094,0.087577324,0.056233291,7.972538489,7.555987345,0.025344825,0.123965263,-144.799030393,0.000162135,0.128204252,0.001315788,1.040427890,-1.439132331,0.138380381,true,OK
1785073568.184984207,0.086401148,0.121585090,8.683686562,7.518959670,0.026200626,0.124473805,-144.930109574,0.001242322,0.183453959,0.009183207,1.356085740,-1.421538508,0.139284031,true,OK
1785073569.184958696,0.088036489,0.054137741,7.953006796,7.506972373,0.024757439,0.124412819,-144.852893725,0.000584895,0.115349902,0.004275683,0.843227169,-1.387676977,0.146274896,true,OK
1785073570.185113668,0.089182548,0.120913619,8.698146817,7.485792418,0.026676621,0.124860706,-145.010060987,0.000315338,0.279064534,0.002333959,2.065481999,-1.422846331,0.145711161,true,OK
1785073571.184933901,0.087268334,0.064483422,7.936252604,7.617908598,0.026723106,0.125198752,-144.983835389,0.000148553,0.098911718,0.001094078,0.728473880,-1.442941097,0.152687981,true,OK
1785073572.184924126,0.087587315,0.131020813,8.649391831,7.599158868,0.026151209,0.125113462,-145.283503709,0.000468312,0.027976455,0.003812073,0.227729232,-1.456514435,0.155137555,true,OK
1785073573.184973001,0.087493350,0.062526650,7.937725148,7.556080805,0.026177985,0.124326403,-145.165417929,0.000719538,0.144017660,0.005862711,1.173439529,-1.435650063,0.145742429,true,OK
1785073574.185049534,0.087923776,0.127481383,8.763247364,7.552600006,0.026895729,0.124139473,-144.979390023,0.000551565,0.121946558,0.004081628,0.902414845,-1.433282849,0.153323843,true,OK
1785073575.192013741,0.091008179,0.053048841,7.765753715,7.429490943,0.026498498,0.123960817,-144.969177036,0.000055121,0.000000000,0.000403670,0.000000000,-1.442693390,0.158264078,true,OK
1785073576.194561243,0.023974842,0.091791884,9.826633599,7.096907475,0.025700640,0.124622696,-144.928346818,0.000559056,0.110143430,0.004176773,0.822893841,-1.455626289,0.144369943,true,OK
1785073577.188583374,0.060102596,0.014474702,10.123500243,7.473309136,0.026411423,0.124252736,-144.597299929,0.000105142,0.126668806,0.000782200,0.942351425,-1.447016967,0.148187179,true,OK
1785073578.185300112,0.162873845,0.086356299,9.814667781,7.692450954,0.026235362,0.124298108,-144.495288534,0.000399683,0.150657858,0.002957681,1.114877919,-1.431421297,0.143563255,true,OK
1785073579.184926748,0.066417476,0.006834404,8.747783014,7.493068983,0.025897451,0.124198914,-144.661541915,0.000923060,0.096913294,0.006776027,0.711424203,-1.410867205,0.150339564,true,OK
1785073580.184934139,0.167076582,0.074045976,9.380256865,7.477105077,0.025472119,0.124440125,-144.732881747,0.000435692,0.100870555,0.003247062,0.751753872,-1.415799436,0.158057660,true,OK
1785073581.184892893,0.066685882,0.005329508,8.489841274,7.481073851,0.026119502,0.124276813,-144.489007762,0.000256066,0.358819746,0.001894642,2.654917006,-1.437414250,0.168954439,true,OK
1785073582.184957981,0.166400887,0.071860221,8.801633650,7.477141264,0.026164549,0.124547167,-144.863610602,0.000745821,0.206533808,0.005515323,1.527311529,-1.358013301,0.227992125,true,OK
1785073583.184933662,0.066972567,0.001791120,8.310055020,7.447013834,0.023451372,0.122413401,-144.903896385,0.001572375,0.139882314,0.011600750,1.032030693,-1.333859591,0.300989945,true,OK
1785073584.185042620,0.166323733,0.069200780,8.687552768,7.572116730,0.020819264,0.120742625,-144.722405593,0.001056642,0.125114538,0.007818626,0.925785008,-1.339035483,0.297702586,true,OK
1785073585.185035944,0.067245566,0.124151396,8.377981186,7.447225705,0.024538059,0.124393315,-144.657262133,0.000222758,0.019782341,0.001652293,0.146734395,-1.353427083,0.244444684,true,OK
1785073586.184935093,0.067231528,0.055705917,7.954943112,7.511983834,0.026287073,0.129471231,-144.775108663,0.001074072,0.139882314,0.007898446,1.028658136,-1.397729923,0.171151259,true,OK
1785073587.184958458,0.067840826,0.122323790,8.717036947,7.544290926,0.024546265,0.126998345,-144.650311809,0.000351025,0.088469326,0.002598742,0.654964107,-1.430567714,0.181967327,true,OK
1785073588.184988260,0.167530615,0.053649812,8.768721386,7.488999907,0.024485240,0.126093186,-144.587536422,0.000686947,0.117033931,0.005080819,0.865609614,-1.405447111,0.166328523,true,OK
1785073589.184997320,0.066926429,0.120331054,8.350863789,7.473875401,0.024496305,0.126351437,-144.928874699,0.000797082,0.142652530,0.005903531,1.056545870,-1.424303579,0.172245771,true,OK
1785073590.184957981,0.166149824,0.064023211,8.702231742,7.564994846,0.023259713,0.126199845,-144.958612529,0.000209164,0.359908734,0.001701130,2.927136303,-1.438559898,0.193733120,true,OK
1785073591.184904814,0.066279387,0.130603358,8.369760812,7.531588799,0.023631816,0.126205968,-144.845235774,0.000383232,0.200768942,0.002834474,1.484935566,-1.447223501,0.199602164,true,OK
1785073592.184913635,0.168608071,0.062179330,8.724394744,7.488846265,0.024207264,0.125117313,-144.987131477,0.000043747,0.000000000,0.000323770,0.000000000,-1.433100354,0.209066182,true,OK
1785073593.184926748,0.067295556,0.005730934,8.346200736,7.603959914,0.024029782,0.126446726,-145.017402428,0.000395684,0.338619621,0.002927417,2.505231450,-1.428630235,0.189948781,true,OK
1785073594.184956789,0.165502420,0.072334819,8.646539967,7.563985261,0.024185618,0.129082505,-145.205469072,0.000648625,0.223811772,0.005279661,1.821777730,-1.414795042,0.183954716,true,OK
1785073595.184911966,0.067394350,0.003624461,8.345121238,7.495227326,0.023374705,0.127671070,-144.656053605,0.000476007,0.377941768,0.003507358,2.784787451,-1.432823311,0.190612537,true,OK
1785073596.184975147,0.167403590,0.082264899,8.652683764,7.619107758,0.023845504,0.128051379,-144.810142472,0.000314513,0.094872788,0.002353698,0.709992065,-1.430907167,0.186272409,true,OK
1785073597.184957027,0.068582280,0.014250750,8.389849966,7.538972441,0.021973619,0.124853038,-145.168449334,0.001312913,0.083929371,0.009712656,0.620892079,-1.397567800,0.243528293,true,OK
1785073598.185630322,0.169574483,0.081483189,8.701083848,7.508981065,0.022685037,0.124828368,-144.999752439,0.000775619,0.141274205,0.005741975,1.045865058,-1.419390965,0.230488108,true,OK
1785073599.184972048,0.067139807,0.024249315,8.278455733,7.614537842,0.021502442,0.122174994,-144.756263556,0.000332627,0.115349902,0.002460838,0.853379688,-1.395943102,0.222462973,true,OK
1785073600.184987307,0.068051311,0.088671534,8.915368610,7.543154864,0.020261021,0.121563056,-144.823916886,0.000708594,0.115349902,0.005237748,0.852637241,-1.369964806,0.235071747,true,OK
1785073601.184973240,0.067421825,0.022346027,8.089687053,7.513025977,0.019191224,0.121664168,-145.077140120,0.000541131,0.253337773,0.004006728,1.875802305,-1.385884508,0.243585312,true,OK
1785073602.184990883,0.166293678,0.085227996,8.329701615,7.449501218,0.019101030,0.121674470,-144.973271104,0.000707598,0.313411608,0.005231922,2.317339933,-1.380481186,0.265107948,true,OK
1785073603.184972763,0.068192307,0.018891048,8.247757937,7.474402971,0.018486604,0.119006488,-144.758369413,0.000455742,0.044234660,0.003378735,0.327942923,-1.377304795,0.243012084,true,OK
1785073604.184993505,0.167019490,0.084520472,8.727107438,7.505590472,0.019887994,0.119548632,-145.021818591,0.000878064,0.019782341,0.006498440,0.146406542,-1.362412780,0.254566851,true,OK
1785073605.185037613,0.066204815,0.015266346,8.324266052,7.564939698,0.019083622,0.118313227,-145.084576046,0.000536430,0.108352360,0.003901880,0.788132094,-1.346568206,0.265032485,true,OK
1785073606.184988499,0.167115058,0.072534489,8.706349282,7.471412797,0.020326389,0.118291593,-144.871152520,0.000540441,0.141274205,0.004050809,1.058904404,-1.378209150,0.238098828,true,OK
1785073607.184981346,0.067817800,0.003943740,8.465705042,7.456738538,0.023787055,0.123435950,-144.752087897,0.000309233,0.161925496,0.002288182,1.198174271,-1.429570073,0.183151742,true,OK
1785073608.185012817,0.169890065,0.070767849,8.817150930,7.502645727,0.023377967,0.123990766,-144.863525253,0.000582413,0.106531181,0.004305597,0.787551842,-1.428823801,0.184756256,true,OK
1785073609.185600519,0.067653927,0.137406715,8.841873214,7.520689816,0.023582410,0.123583169,-144.883375462,0.000217971,0.214891358,0.001612979,1.590189099,-1.428731834,0.173999285,true,OK
1785073610.186614752,0.168439220,0.067460203,8.806409024,7.477905706,0.023950396,0.123416687,-144.796155055,0.000298361,0.128204252,0.002227681,0.957223207,-1.406685281,0.167907517,true,OK
1785073611.185010672,0.068259557,0.134562995,8.380173935,7.513584992,0.023916527,0.123096780,-144.897158485,0.000341343,0.135620930,0.002527003,1.004016913,-1.423998879,0.185104309,true,OK
1785073612.185029745,0.167611099,0.065433692,8.744757099,7.501670835,0.023689538,0.123369359,-144.949861561,0.000239759,0.086229231,0.001783050,0.641272447,-1.449381458,0.201961459,true,OK
1785073613.184994459,0.064425519,0.120782523,8.311263072,7.426831663,0.023408211,0.123716378,-144.670002157,0.000382316,0.068528042,0.002831602,0.507548661,-1.458971633,0.200963651,true,OK
1785073614.184997082,0.063197624,0.052027724,7.657453093,7.457426741,0.023788025,0.123007186,-144.708425950,0.000162736,0.108352360,0.001200249,0.799145171,-1.423394714,0.203984923,true,OK
1785073615.184971094,0.065438910,0.117502689,8.513684266,7.472028864,0.023604092,0.124202121,-144.743327342,0.000363898,0.111905833,0.002686280,0.826083355,-1.411164766,0.202613065,true,OK
1785073616.184982777,0.067157436,0.050296733,7.948272619,7.524127326,0.022744060,0.124062370,-144.536589362,0.000246969,0.027976455,0.001827134,0.206976497,-1.426920164,0.197346771,true,OK
1785073617.184952497,0.366703045,0.116976183,9.003765112,7.523735197,0.023818913,0.123916449,-144.840467318,0.000414903,0.125114538,0.003377227,1.018407511,-1.428993069,0.208866785,true,OK
1785073618.184957981,0.068514198,0.044933135,7.744251363,7.488905877,0.024686414,0.124446209,-145.097118613,0.000202571,0.309010431,0.001501126,2.289881465,-1.444591709,0.184439450,true,OK
1785073619.185039520,0.068693790,0.114904059,8.509059757,7.485795192,0.025027597,0.125365692,-144.871467919,0.000034801,0.132704012,0.000257412,0.981570700,-1.430294916,0.175818207,true,OK
1785073620.184985876,0.068683752,0.046297324,7.914773767,7.480505143,0.024856670,0.125298000,-144.638954536,0.000471077,0.144017660,0.003490060,1.066980324,-1.427453460,0.175284118,true,OK
1785073621.185035229,0.067925914,0.112875121,8.705163829,7.487800710,0.023918840,0.124163440,-144.574891978,0.000770544,0.104678325,0.005703756,0.774854877,-1.423340799,0.186970428,true,OK
1785073622.185010195,0.067689208,0.056557273,7.959850159,7.603762999,0.024496791,0.125150759,-144.630868438,0.000257572,0.320205565,0.001905437,2.368782931,-1.443532536,0.184822684,true,OK
1785073623.184981823,0.067584058,0.110597700,8.716627869,7.446527434,0.024119243,0.125332887,-144.582106490,0.000425246,0.234067968,0.003148492,1.733024642,-1.455462540,0.200496128,true,OK
1785073624.184902430,0.065850605,0.040984614,8.832847720,7.453933313,0.023057571,0.124208663,-144.450120315,0.000478722,0.142652530,0.003536028,1.053686464,-1.460967250,0.188959588,true,OK
1785073625.184929609,0.065652363,0.109034282,8.759881545,7.517020963,0.024277954,0.124962220,-144.391637774,0.000039689,0.131221234,0.000294089,0.972321502,-1.430481657,0.193816812,true,OK
1785073626.184929848,0.266406465,0.175266015,8.721059677,7.545414404,0.024455539,0.125559101,-144.460042872,0.000095089,0.134170395,0.000774567,1.092911002,-1.415730225,0.192734870,true,OK
1785073627.184989691,0.066705588,0.107110956,8.659516919,13.982829085,0.023526734,0.125125591,-144.327608792,0.000419742,0.079129369,0.003106422,0.585619722,-1.435040642,0.198628846,true,OK
1785073628.184955359,0.069226912,0.037820691,7.955513228,8.622817785,0.023947209,0.125064989,-143.921902613,0.000481626,0.398112730,0.003926256,3.245445974,-1.449473434,0.202377597,true,OK
1785073629.184971094,0.066997716,0.104937277,8.668749940,7.757985604,0.023985863,0.124595347,-144.061580355,0.000239281,0.118694067,0.001773274,0.879621389,-1.446552347,0.199923365,true,OK
1785073630.185018301,0.068258239,0.034694344,8.576504250,7.533933295,0.023886968,0.125642347,-144.175202939,0.000554545,0.135620930,0.004098153,1.002254754,-1.439170065,0.185358251,true,OK
1785073631.185144663,0.067973347,0.090772328,8.769291820,7.468851840,0.023280615,0.125380799,-144.383244632,0.000753325,0.083929371,0.005573643,0.620970119,-1.416144794,0.196563114,true,OK
1785073632.184947252,0.066716248,0.021436252,7.871609383,7.454464977,0.023280600,0.125118747,-144.432787356,0.000712479,0.138476416,0.005167117,1.004273027,-1.437899977,0.199942501,true,OK
1785073633.186467648,0.053779955,0.102146444,8.443716758,7.599730834,0.023216792,0.125427841,-144.129358837,0.000642565,0.319593916,0.005221718,2.597136405,-1.438837854,0.205866674,true,OK
1785073634.185652971,0.066635653,0.033250928,7.946402258,7.598699324,0.022836451,0.125743038,-144.548589881,0.000488952,0.115349902,0.003630590,0.856501564,-1.444830456,0.193390111,true,OK
1785073635.184969187,0.067282321,0.098547648,8.716537447,7.589052480,0.023565220,0.125464893,-144.252451955,0.000269070,0.100870555,0.002188794,0.820546832,-1.436191779,0.201624061,true,OK
1785073636.186413288,0.034094523,0.029042744,7.891337457,7.531980333,0.024148105,0.125362666,-144.304100745,0.000083991,0.048456644,0.000690411,0.398315013,-1.434263675,0.193413930,true,OK
1785073637.185342789,0.166585338,0.081781468,8.629073777,7.420699213,0.023635292,0.125964610,-144.386185619,0.000456834,0.123540700,0.003381340,0.914408644,-1.420914713,0.218591395,true,OK
1785073638.184976339,0.067771265,0.015725154,8.374526296,7.505108592,0.023541601,0.125720264,-144.646209593,0.000401161,0.115349902,0.002974596,0.855315990,-1.437070645,0.202114912,true,OK
1785073639.184975386,0.162806947,0.076753613,8.634826990,7.545745035,0.023777528,0.125618416,-144.235793691,0.000407376,0.121946558,0.002989795,0.894983907,-1.423563845,0.200293846,true,OK
1785073640.185172558,0.068904137,0.000627095,8.370900053,7.426509410,0.024677105,0.126479543,-144.005991189,0.000487530,0.062557256,0.003607503,0.462895909,-1.408127852,0.185786508,true,OK
1785073641.185026884,0.168832095,0.067314297,8.740738221,7.462797337,0.024250510,0.127001447,-143.890883552,0.000533962,0.102792073,0.003950150,0.760436153,-1.391245846,0.191061118,true,OK
1785073642.185746908,0.068773153,0.133830476,8.375142982,7.474725388,0.024464439,0.125433671,-143.749308645,0.000307436,0.146709809,0.002273442,1.084894994,-1.408552209,0.187721989,true,OK
1785073643.184992313,0.165956059,0.066154216,8.758021816,7.515113148,0.024923113,0.125267139,-143.837178228,0.000774067,0.123540700,0.005732004,0.914824913,-1.406617350,0.210327776,true,OK
1785073644.184997082,0.067032496,0.132950876,237.443624054,175.423841363,0.025959758,0.125989793,-143.913623253,0.000945613,0.266144404,0.006999438,1.970003796,-1.430202863,0.199444410,true,OK
1785073645.184962273,0.167591968,0.064384169,56.730748245,35.654148082,0.025214137,0.124727331,-143.805433278,0.000111046,0.144017660,0.000822024,1.066103458,-1.406463216,0.220733397,true,OK
1785073646.185134649,0.064922060,0.131063123,16.388134888,13.391892137,0.022650905,0.119950799,-143.919000789,0.000439683,0.000000000,0.003255024,0.000000000,-1.354809005,0.267811910,true,OK
1785073647.184967279,0.168945689,0.062320974,10.403881400,8.490525913,0.027672391,0.124351259,-143.832703726,0.001053153,0.019782341,0.007797357,0.146464986,-1.368511568,0.236397103,true,OK
1785073648.185018063,0.066401711,0.128721554,8.614703629,7.712936301,0.030121322,0.127067897,-143.998128221,0.000774559,0.000000000,0.005736403,0.000000000,-1.410306999,0.213641936,true,OK
1785073649.184983730,0.066961008,0.047162305,7.834504993,7.468956408,0.029977335,0.127370711,-143.957821700,0.000352858,0.145369958,0.002664281,1.097627610,-1.438688669,0.190822706,true,OK
1785073650.184972525,0.065708113,0.114639980,8.564249543,7.464937203,0.031008183,0.126749059,-144.305991294,0.000457268,0.132704012,0.003381774,0.981425891,-1.440314986,0.202695251,true,OK
1785073651.184905529,0.068509678,0.045350297,7.979247341,7.446723605,0.030277908,0.127388510,-144.457282498,0.000754838,0.138476416,0.005600645,1.027448855,-1.413807724,0.199456963,true,OK
1785073652.185227633,0.069554644,0.113120415,8.712110032,7.478544243,0.029647221,0.127074355,-144.548513002,0.000621253,0.118694067,0.004599518,0.878765220,-1.408698852,0.204140615,true,OK
1785073653.184942961,0.068599399,0.044179476,7.957675735,7.475510913,0.029710235,0.126209909,-144.417722170,0.000397616,0.086229231,0.002941452,0.637900101,-1.394802685,0.206235474,true,OK
1785073654.185332775,0.056263205,0.101679110,8.455422907,7.384559252,0.029976270,0.125809113,-144.357683379,0.000664859,0.000000000,0.004918326,0.000000000,-1.416153157,0.195846063,true,OK
1785073655.185167789,0.066453703,0.028680215,7.909252259,7.362750875,0.029426984,0.126147135,-144.534752118,0.000304100,0.192814506,0.002213264,1.403319262,-1.408623192,0.188507678,true,OK
1785073656.186895609,0.092143776,0.082797094,6.642139706,6.864596384,0.029560179,0.125615303,-144.282105832,0.000385832,0.052339156,0.002771908,0.376017231,-1.397651527,0.200731898,true,OK
1785073657.184973001,0.036555780,0.006801172,8.982115434,7.370713270,0.030329146,0.125076572,-144.117809717,0.000250053,0.000000000,0.001825926,0.000000000,-1.383577239,0.204568170,true,OK
1785073658.184923410,0.146002244,0.082083590,9.071857194,7.675123934,0.030123142,0.125622162,-144.183472794,0.000149099,0.083929371,0.001110575,0.625152565,-1.380874656,0.196412933,true,OK
1785073659.184944630,0.066659218,0.013193992,8.523864959,7.615195548,0.029365482,0.126178117,-144.365489162,0.000380502,0.111905833,0.002817058,0.828497391,-1.394244949,0.202199524,true,OK
1785073660.185007095,0.165545549,0.067739221,8.701113682,7.452261791,0.029933299,0.125907328,-143.921206060,0.000399917,0.068528042,0.002961300,0.507434916,-1.394693044,0.203633195,true,OK
1785073661.184986115,0.068105314,0.133957417,8.525084758,7.472755171,0.029358463,0.126378319,-144.186340824,0.000717268,0.170174190,0.005310327,1.259892684,-1.400096768,0.186905215,true,OK
1785073662.184951782,0.167544217,0.065806953,8.708795816,7.481819918,0.028970812,0.126887138,-144.315787673,0.001115550,0.034264021,0.008268090,0.253953570,-1.387238412,0.192833395,true,OK
1785073663.185043573,0.068370016,0.116228721,10.956590095,7.347772857,0.027883880,0.126053781,-144.183251280,0.000359911,0.048456644,0.002514723,0.338569497,-1.377427725,0.193827225,true,OK
1785073664.184987307,0.068964055,0.064201001,8.212014354,7.604576478,0.028310345,0.125773252,-143.991391435,0.000824417,0.019782341,0.006089001,0.146108963,-1.394523065,0.194652627,true,OK
1785073665.185634136,0.056858882,0.108989322,8.245712640,7.379398904,0.029114222,0.126092831,-143.831516230,0.000598694,0.120331298,0.004233124,0.850814698,-1.405193774,0.201449783,true,OK
1785073666.184968948,0.065804041,0.049423800,7.717977349,7.481823928,0.027969043,0.125984578,-143.827708359,0.000791803,0.125114538,0.005856760,0.925439735,-1.405057534,0.184914414,true,OK
1785073667.184932947,0.056318693,0.114536133,8.552703149,7.497894209,0.027762601,0.125173191,-143.726248834,0.000116314,0.142652530,0.000856931,1.050972930,-1.394804517,0.197440149,true,OK
1785073668.184962034,0.066305874,0.047550366,18.776074949,15.521907366,0.028135986,0.124921686,-143.314100365,0.000271432,0.048456644,0.002008373,0.358538885,-1.377451333,0.213901997,true,OK
1785073669.185006380,0.063879957,0.114161055,10.460750777,9.200652072,0.028189498,0.125815370,-143.439401193,0.000560054,0.422436154,0.004145082,3.126539740,-1.402037967,0.197944238,true,OK
1785073670.190262318,0.073718472,0.049944613,8.381792828,7.798335280,0.028608532,0.126734557,-143.710705860,0.000271744,0.019782341,0.002009316,0.146273871,-1.421623967,0.190583950,true,OK
1785073671.185062408,0.067806950,0.112242785,45.254750187,580.787900545,0.028444598,0.126320896,-143.668558750,0.000447232,0.164324520,0.003323356,1.221086860,-1.381285954,0.190005432,true,OK
1785073672.184913158,0.067253114,0.043546572,22.159599246,103.893302471,0.028502629,0.126177555,-143.703531440,0.000883093,0.171320168,0.007028202,1.363472928,-1.365119181,0.193642003,true,OK
1785073673.185009241,0.062267115,0.107432266,10.952089278,27.687068755,0.028339749,0.126377200,-144.035302329,0.000121211,0.034264021,0.000896706,0.253482471,-1.371388758,0.203123413,true,OK
1785073674.184965849,0.067092556,0.039571576,8.482182343,10.860034442,0.028140256,0.126150141,-144.096774467,0.000531360,0.106531181,0.003931055,0.788128661,-1.407667333,0.211085185,true,OK
1785073675.184982061,0.053074731,0.104979402,8.815459171,8.170239130,0.028267181,0.126079023,-143.518400006,0.000289787,0.200768942,0.002136350,1.480097197,-1.427647422,0.202020990,true,OK
1785073676.184965372,0.049784090,0.036789954,7.920499617,7.584742026,0.028360484,0.127015006,-143.673728860,0.000255620,0.048456644,0.001891922,0.358642819,-1.415920552,0.197321331,true,OK
1785073677.184996128,0.067312424,0.105442400,8.769481228,7.541255175,0.027583308,0.127321681,-143.929208779,0.000307892,0.117033931,0.002278026,0.865908382,-1.406615613,0.206669772,true,OK
1785073678.184977055,0.067405516,0.024777470,8.017463369,7.433348252,0.027243532,0.126066088,-143.732295489,0.000710399,0.034264021,0.005263897,0.253888680,-1.400865270,0.203317904,true,OK
1785073679.184934855,0.063642984,0.091747945,8.654852059,7.454201061,0.027437976,0.125992434,-143.622296898,0.001065379,0.120331298,0.007888602,0.890993434,-1.398124551,0.204527772,true,OK
1785073680.184955597,0.066431640,0.022623092,8.086163758,7.480475736,0.026571667,0.126150919,-143.406306890,0.000414036,0.145369958,0.003086154,1.083563892,-1.420469529,0.197032615,true,OK
1785073681.185022354,0.067787699,0.086668482,8.882447022,7.535539873,0.025435402,0.125553117,-143.722034536,0.000505405,0.052339156,0.004063389,0.420799504,-1.428774634,0.200191003,true,OK
1785073682.185112715,0.063924297,0.008887732,8.295308681,7.446728668,0.026637843,0.125138771,-143.533134155,0.000132182,0.079129369,0.000981456,0.587538391,-1.429091925,0.195491999,true,OK
1785073683.184978962,0.160147453,0.075099054,8.530710894,7.490457927,0.027092126,0.125054684,-143.912695805,0.000451043,0.123540700,0.003346453,0.916592742,-1.405684435,0.197339374,true,OK
1785073684.185085297,0.066239025,0.006761892,8.873060311,7.610261097,0.026809844,0.125928140,-143.556276643,0.000067729,0.134170395,0.000500967,0.992408751,-1.411439911,0.208073091,true,OK
1785073685.184962749,0.168464290,0.061066951,8.831823477,7.456427087,0.027130767,0.125453799,-143.500086795,0.000285767,0.121946558,0.002092124,0.892781909,-1.419813947,0.212216184,true,OK
1785073686.184967756,0.068626752,0.127258899,8.572748365,7.581801897,0.027689783,0.125321799,-143.455644708,0.000609474,0.083929371,0.004966032,0.683862234,-1.437915854,0.198878925,true,OK
1785073687.184962034,0.067778915,0.045815217,7.711829189,7.431225006,0.026814174,0.125173169,-143.842156736,0.000648259,0.137056110,0.004801603,1.015163902,-1.428401014,0.208457222,true,OK
1785073688.184982300,0.066453687,0.113767928,8.564756468,7.462975279,0.026490783,0.125576040,-143.886626083,0.000711592,0.366374709,0.005264079,2.710296914,-1.420711481,0.208286352,true,OK
1785073689.184963703,0.166092087,0.057127861,8.876077187,7.558657843,0.026402444,0.125576986,-143.824351596,0.000405974,0.039564681,0.003304627,0.322056263,-1.396756261,0.226071459,true,OK
1785073690.184962511,0.068156672,0.123612306,8.381626173,7.528516529,0.028369483,0.127405413,-143.878274166,0.000560250,0.044234660,0.004145253,0.327289108,-1.438628154,0.196118624,true,OK
1785073691.184973001,0.167096345,0.054202277,8.819570630,7.489953472,0.029120913,0.129700042,-144.116906695,0.000105362,0.210289292,0.000779207,1.555205554,-1.449273139,0.156282646,true,OK
1785073692.184933424,0.067834077,0.121620593,8.505877829,7.486863841,0.025834733,0.126538631,-144.068967885,0.002012993,0.079129369,0.014972620,0.588563355,-1.402862765,0.216473060,true,OK
1785073693.184929609,0.167502989,0.053144865,8.806354340,7.455770554,0.022127018,0.122188944,-143.989728334,0.001378475,0.157017511,0.010206837,1.162627117,-1.382339335,0.256939402,true,OK
1785073694.185189486,0.067524462,0.132703011,8.381817518,7.607968462,0.027285772,0.127231405,-143.727028716,0.000393377,0.027976455,0.003210192,0.228304777,-1.418758991,0.189732334,true,OK
1785073695.184972286,0.168379079,0.063640709,8.696060771,7.555356747,0.026143593,0.127413418,-143.665919998,0.000229195,0.184517467,0.001864264,1.500860127,-1.421855355,0.192511026,true,OK
1785073696.185001612,0.069198818,0.130400667,8.400015008,7.531702898,0.026899731,0.126542240,-143.464438355,0.000211752,0.132704012,0.001566713,0.981851655,-1.423793305,0.188949006,true,OK
1785073697.184960842,0.168354092,0.061359497,8.711652734,7.504127021,0.027239915,0.126437764,-143.424266104,0.000396339,0.340348753,0.002931555,2.517419413,-1.390448913,0.192036053,true,OK
1785073698.185159206,0.068949463,0.128451009,8.353153000,7.497501553,0.027960582,0.126720601,-143.702183536,0.000726562,0.110143430,0.005378861,0.815409870,-1.377505690,0.188297842,true,OK
1785073699.184952021,0.167091528,0.059630527,8.683144215,7.458454753,0.026730004,0.126630822,-143.708308984,0.001260681,0.019782341,0.009310029,0.146090978,-1.374927318,0.192087849,true,OK
1785073700.184955120,0.066014175,0.003290028,8.342801734,7.568920700,0.027127843,0.126959626,-143.596301485,0.000552167,0.081564685,0.004445364,0.656657469,-1.387086004,0.197396332,true,OK
1785073701.184967279,0.167716414,0.069940907,8.722186869,7.532461731,0.027476739,0.127025199,-143.817005668,0.000500811,0.039564681,0.003712448,0.293287744,-1.401230130,0.208272140,true,OK
1785073702.184919119,0.067209547,0.001307541,8.352268145,7.498644385,0.026992882,0.127192513,-143.790659174,0.000467316,0.123540700,0.003456437,0.913751029,-1.393282369,0.203217345,true,OK
1785073703.184936523,0.167228870,0.068047029,8.687967107,7.490833781,0.027050838,0.126545529,-143.696867436,0.000515246,0.176938705,0.003818395,1.311262140,-1.388306620,0.203160374,true,OK
1785073704.185468197,0.065999578,0.134998164,8.316212672,7.482488863,0.027929911,0.126404151,-143.676157369,0.000601136,0.138476416,0.004445413,1.024035938,-1.386482806,0.210323975,true,OK
1785073705.185035944,0.168385739,0.066225318,8.716642259,7.467125240,0.027373544,0.126798789,-144.063540119,0.000280569,0.118694067,0.002079078,0.879548320,-1.400120771,0.214859602,true,OK
1785073706.185026884,0.067626359,0.009790398,8.366608052,7.592830496,0.026680337,0.127108578,-143.893103267,0.000341430,0.123540700,0.002525426,0.913782125,-1.421380332,0.209400425,true,OK
1785073707.184974670,0.168573475,0.076301937,8.685827893,7.598271885,0.027033856,0.126399911,-143.666036469,0.000291741,0.118694067,0.002156483,0.877359649,-1.418459453,0.203441483,true,OK
1785073708.184959412,0.068872082,0.007691244,8.400467470,7.513829296,0.027552538,0.126782029,-143.826608370,0.000246288,0.228141232,0.001833816,1.698700381,-1.401874091,0.193576836,true,OK
1785073709.185026407,0.167133523,0.074378467,8.691088396,7.502043598,0.026565121,0.126875365,-143.937966027,0.000472155,0.243893275,0.003492027,1.803816743,-1.389335281,0.216145929,true,OK
1785073710.184961557,0.065862220,0.005126848,8.376983373,7.470241548,0.026269827,0.127490192,-143.784436891,0.000274379,0.120331298,0.002023724,0.887521202,-1.406923263,0.215198679,true,OK
1785073711.184968948,0.165468994,0.072284052,8.692506117,7.469195997,0.026830816,0.126836001,-143.585293468,0.000100706,0.059347027,0.000745855,0.439537950,-1.403604886,0.216267760,true,OK
1785073712.184898138,0.066770850,0.015978359,8.364830244,7.564421137,0.027268676,0.127034309,-143.830383074,0.000380744,0.104678325,0.003107581,0.854370059,-1.436557847,0.197340886,true,OK
1785073713.184940815,0.165553120,0.082614596,8.647363615,7.533711691,0.025640018,0.127492186,-143.757700196,0.000474087,0.218503234,0.003505857,1.615824588,-1.412884687,0.201936536,true,OK
1785073714.184930563,0.066108958,0.012740165,8.332300335,7.472310682,0.025686639,0.127270240,-143.863205928,0.000603727,0.203671772,0.004467867,1.507268476,-1.403798055,0.201805063,true,OK
1785073715.184958935,0.165759745,0.079610456,8.668005160,7.461216780,0.025632934,0.126082903,-143.971060538,0.000301048,0.027976455,0.002233722,0.207580367,-1.414429440,0.208157812,true,OK
1785073716.184969902,0.067685663,0.024270250,8.264475908,7.603760933,0.025643653,0.126194861,-144.025815447,0.000386252,0.055952910,0.002855295,0.413621294,-1.427359173,0.215699152,true,OK
1785073717.185007095,0.069245685,0.088248865,8.874151552,7.536999023,0.025154990,0.126152767,-143.876447407,0.000440810,0.104678325,0.003262856,0.774823980,-1.403732112,0.204486687,true,OK
1785073718.185000896,0.067792199,0.022312041,8.094626881,7.526711382,0.025540785,0.125237976,-143.734444426,0.000152560,0.071326251,0.001128061,0.527400190,-1.413749131,0.206204792,true,OK
1785073719.184945107,0.067843420,0.088919643,8.713972689,7.508610200,0.026329620,0.125752468,-143.672791770,0.000154066,0.117033931,0.001139716,0.865767644,-1.409681639,0.209390410,true,OK
1785073720.184928417,0.066316285,0.031653528,7.957990142,7.603129932,0.025584142,0.126295969,-143.447635734,0.000298084,0.372203181,0.002248118,2.807117793,-1.413420774,0.220693251,true,OK
1785073721.185008526,0.066953268,0.098675777,8.673690405,7.561832209,0.026085276,0.126280460,-143.622893293,0.000527296,0.135620930,0.003902931,1.003837560,-1.417166585,0.208293574,true,OK
1785073722.184968233,0.066827582,0.030584080,7.942272995,7.506434400,0.026209961,0.125420585,-143.513423590,0.000306442,0.120331298,0.002268844,0.890913125,-1.420164211,0.201860730,true,OK
1785073723.185027838,0.066927951,0.096787825,8.703957462,7.468992109,0.026402848,0.125719677,-143.670767202,0.000144366,0.115349902,0.001069457,0.854507498,-1.420838357,0.192071470,true,OK
1785073724.184958935,0.066539116,0.034667737,7.945202669,7.500944972,0.025499313,0.126607206,-143.943808543,0.000405157,0.144017660,0.003295401,1.171387755,-1.433186159,0.190352470,true,OK
1785073725.185019493,0.067067172,0.107484627,8.711259432,7.518417498,0.025260959,0.125734921,-143.989878650,0.000489935,0.100870555,0.003625935,0.746527485,-1.398971409,0.211651185,true,OK
1785073726.184897184,0.067646321,0.038848859,7.973611672,7.473513996,0.025748084,0.126120343,-143.869812095,0.000625323,0.113640914,0.004624805,0.840473032,-1.412824671,0.206404860,true,OK
1785073727.184944153,0.066836669,0.117473427,8.685111252,7.599921493,0.026152207,0.126708289,-143.895316935,0.000436591,0.110143430,0.003551801,0.896050710,-1.426973461,0.203268150,true,OK
1785073728.184947968,0.067325670,0.048496271,7.954530098,7.505016805,0.024605481,0.126560237,-143.965181298,0.000294196,0.111905833,0.002180291,0.829337038,-1.396179131,0.189577629,true,OK
1785073729.184952021,0.068160967,0.115900754,8.703425269,7.490484778,0.024382271,0.125066457,-143.775954308,0.000202192,0.132704012,0.001497290,0.982712246,-1.384531198,0.196289945,true,OK
1785073730.184996128,0.068104226,0.059640315,7.960644147,7.614485262,0.024354951,0.124610704,-144.118102630,0.000253838,0.108352360,0.001881590,0.803169402,-1.395760631,0.202690302,true,OK
1785073731.184956074,0.068984634,0.125677034,8.614411992,7.567444531,0.022804590,0.124219004,-143.887691881,0.000243117,0.399094517,0.001795856,2.948026993,-1.408018930,0.211371549,true,OK
1785073732.184981346,0.167078986,0.057059956,8.831570055,7.505697898,0.023273969,0.124982601,-144.285214093,0.000271110,0.118694067,0.002005846,0.878175460,-1.424558839,0.209991009,true,OK
1785073733.184924603,0.067640055,0.001240429,8.392578086,7.607803456,0.022281230,0.124363583,-143.967322302,0.000592896,0.055952910,0.004384566,0.413781303,-1.425196059,0.205489296,true,OK
1785073734.185081244,0.166983667,0.067912795,8.634202843,7.571134401,0.016942052,0.118231568,-144.477781312,0.002245258,0.071326251,0.018407362,0.584755984,-1.356384359,0.261205523,true,OK
1785073735.185055017,0.066246161,0.122377685,8.327790302,7.444339365,0.012775751,0.116002687,-144.477416210,0.001153961,0.104678325,0.008581861,0.778479268,-1.373511512,0.246362252,true,OK
1785073736.184985876,0.162634151,0.052710016,8.714725493,7.452086524,0.014150419,0.118962404,-143.723860923,0.001038841,0.272681002,0.007669040,2.013013165,-1.434982941,0.165224084,true,OK
1785073737.187498093,0.070138575,0.117920024,8.451143693,7.450834560,0.016531225,0.121917989,-143.675019134,0.000407834,0.118694067,0.003012064,0.876617497,-1.428024510,0.182692299,true,OK
1785073738.184935570,0.066059917,0.049343136,7.819620590,7.506179363,0.017513830,0.123527574,-143.995546544,0.000643480,0.117033931,0.004838135,0.879942702,-1.437702858,0.168496324,true,OK
1785073739.184994459,0.068046068,0.117202852,8.641324913,7.532346559,0.016266227,0.122946741,-143.906365235,0.000416044,0.034264021,0.003100250,0.255326731,-1.450357080,0.170677455,true,OK
1785073740.184962273,0.067359751,0.046117516,8.008496426,7.453665948,0.017416894,0.123200743,-143.730406815,0.000502584,0.071326251,0.003716185,0.527397749,-1.445842748,0.177120608,true,OK
1785073741.184942245,0.068962143,0.115495529,8.756968882,7.520923468,0.016305005,0.122814427,-143.843187512,0.000075167,0.106531181,0.000563565,0.798713526,-1.460682709,0.173628802,true,OK
1785073742.184989452,0.065800727,0.046980924,8.313748108,7.523663113,0.016466254,0.123606002,-143.839511296,0.000785966,0.275536395,0.005821231,2.040752212,-1.474354032,0.180732935,true,OK
1785073743.191704273,0.047902482,0.097761078,8.843844649,7.339280600,0.016383010,0.123937917,-143.449901811,0.000230332,0.115349902,0.001705621,0.854171189,-1.482857783,0.181809053,true,OK
1785073744.184945583,0.066777912,0.031767073,9.234466830,7.561061221,0.015482356,0.122183479,-143.346294415,0.000585914,0.151951085,0.004318965,1.120080591,-1.465802999,0.184163821,true,OK
1785073745.184952974,0.066668171,0.087093292,13.426075897,7.926391388,0.015394246,0.121978408,-143.261645033,0.000344285,0.337461931,0.002695328,2.641911642,-1.438517558,0.191391700,true,OK
1785073746.184973001,0.067874709,0.006462996,9.212158859,7.492429206,0.015087446,0.122027086,-143.487592133,0.000139187,0.117033931,0.001025535,0.862312058,-1.427949557,0.197427552,true,OK
1785073747.185000181,0.164762132,0.073122480,8.810088903,7.523562215,0.015233621,0.122102798,-143.548345818,0.000479717,0.246288351,0.003552552,1.823891398,-1.449728399,0.202376697,true,OK
1785073748.184934855,0.060185876,0.004937881,8.327815693,7.550002966,0.016071365,0.122051848,-143.465257991,0.000265562,0.158258778,0.002140668,1.275708889,-1.467911531,0.191764215,true,OK
1785073749.185014725,0.165535444,0.071636178,8.756569751,7.554077444,0.015557094,0.122514007,-143.876247315,0.000210401,0.088469326,0.001711687,0.719729636,-1.447610061,0.198284387,true,OK
1785073750.184927940,0.067714169,0.002732228,8.759488321,7.528791734,0.015510065,0.120790232,-143.624324299,0.000907005,0.248660374,0.006694449,1.835319452,-1.438997082,0.194284013,true,OK
1785073751.185184240,0.166624905,0.069319746,8.748184319,7.502849348,0.017381116,0.122708801,-143.601927308,0.000079206,0.106531181,0.000586727,0.789144088,-1.417113835,0.192013290,true,OK
1785073752.186151981,0.068174909,0.001746318,8.349063160,7.492696347,0.016794312,0.123046820,-143.705789973,0.000644765,0.111905833,0.004715075,0.818351865,-1.452198687,0.186588537,true,OK
1785073753.185854435,0.163938301,0.068011741,9.060300993,7.554835387,0.015488987,0.122625700,-143.489625745,0.000636910,0.137056110,0.004804923,1.033966851,-1.458680343,0.183455723,true,OK
1785073754.185264826,0.061134077,0.121511356,8.446280460,7.447145362,0.016016154,0.122181457,-143.436304812,0.000246514,0.113640914,0.001827167,0.842307860,-1.456037470,0.170379929,true,OK
1785073755.185006142,0.068642352,0.052992299,7.833256812,7.463545525,0.016973307,0.123078668,-143.159578207,0.000129228,0.039564681,0.000945552,0.289491509,-1.433672700,0.172341959,true,OK
1785073756.185008526,0.064303323,0.119643719,8.476585918,7.481934647,0.017409126,0.122266081,-143.025247436,0.000405582,0.173589404,0.003003813,1.285633930,-1.436394051,0.181428721,true,OK
1785073757.184935331,0.022227695,0.047335859,7.598927051,7.445769351,0.017006182,0.122197479,-143.356904680,0.000167128,0.121946558,0.001228582,0.896446301,-1.461086679,0.186011352,true,OK
1785073758.185271025,0.017980168,0.116273616,65.383367043,297.406170343,0.016433428,0.121867103,-143.302931378,0.000581747,0.141274205,0.004320092,1.049111554,-1.465643719,0.190386207,true,OK
1785073759.184958696,0.065814916,0.029846784,22.215880724,56.119707063,0.015824560,0.122898301,-143.184747141,0.000917411,0.138476416,0.006965445,1.051382165,-1.460059818,0.173059850,true,OK
1785073760.184941769,0.066916936,0.103101622,11.017623603,17.882081301,0.015652364,0.122744567,-143.042482945,0.000584049,0.141274205,0.004761381,1.151718347,-1.442960462,0.169512843,true,OK
1785073761.185035706,0.050792438,0.021543675,10.659824998,9.195648949,0.014830837,0.122407754,-143.020933525,0.000199756,0.281855253,0.001469637,2.073659129,-1.432236924,0.168402672,true,OK
1785073762.185026884,0.056225356,0.085712288,9.973655609,8.047242270,0.015261789,0.122136426,-142.966143588,0.000068515,0.125114538,0.000514373,0.939296529,-1.437369941,0.180408142,true,OK
1785073763.184956789,0.066367895,0.008228721,8.580064392,7.527114535,0.015108121,0.122224684,-142.916847025,0.000166539,0.065610604,0.001233057,0.485782707,-1.451590206,0.178394042,true,OK
1785073764.187210321,0.170752625,0.076426174,9.355356382,7.474868600,0.014728767,0.122403147,-143.180119451,0.000204627,0.163129423,0.001512209,1.205536980,-1.459653662,0.176152483,true,OK
1785073765.185497284,0.066493468,0.006722069,8.351211284,7.497213583,0.015647357,0.121107142,-142.832836422,0.000327115,0.074018747,0.002448238,0.553981267,-1.456979013,0.169790592,true,OK
1785073766.184946775,0.143067584,0.072782220,8.404162061,7.597409444,0.015508499,0.121461532,-142.933422463,0.000232243,0.110143430,0.001906261,0.904062232,-1.447145998,0.162008550,true,OK
1785073767.184991837,0.067294912,0.003139877,8.410704118,7.572362282,0.015248815,0.122426999,-143.343644859,0.000508061,0.149353439,0.003759348,1.105125589,-1.453213384,0.167548397,true,OK
1785073768.184972763,0.156774718,0.057515337,8.637454765,7.443403155,0.014641337,0.121558209,-143.201869313,0.000465760,0.019782341,0.003441394,0.146167158,-1.466402120,0.179122221,true,OK
1785073769.185027599,0.063615792,0.124430949,8.335817821,7.471518229,0.015200340,0.121211211,-142.959844228,0.000280123,0.104678325,0.002070641,0.773772258,-1.449340409,0.175697583,true,OK
1785073770.185026407,0.066620519,0.056039628,7.917707873,7.578250365,0.015741192,0.121269640,-143.469840219,0.000532836,0.121946558,0.003943170,0.902446686,-1.428477428,0.167798003,true,OK
1785073771.185262918,0.067665816,0.110440122,8.740722655,7.445300328,0.015752003,0.121332733,-143.478195438,0.000123103,0.157017511,0.000915363,1.167539236,-1.411756642,0.179027025,true,OK
1785073772.185103416,0.065559793,0.038615556,7.881062348,7.485562517,0.015837080,0.120875959,-143.457965932,0.000331034,0.055952910,0.002431798,0.411033823,-1.429760603,0.186229592,true,OK
1785073773.184945822,0.061757304,0.095202072,8.545315288,7.432183722,0.016201955,0.121273213,-143.504434650,0.000174079,0.132704012,0.001300905,0.991704461,-1.446375413,0.189507006,true,OK
1785073774.187579393,0.047192238,0.015716974,7.994129985,7.421431991,0.016224929,0.121828850,-143.686871761,0.000155812,0.000000000,0.001153759,0.000000000,-1.457825000,0.180498439,true,OK
1785073775.185000658,0.160594693,0.082392507,8.972984602,7.511121588,0.015880044,0.120905289,-143.677877129,0.000342292,0.118694067,0.002534565,0.878891130,-1.464343767,0.188689645,true,OK
1785073776.185474396,0.067305219,0.001482206,8.508490114,7.434831295,0.015783970,0.120082051,-143.377857862,0.000544164,0.062557256,0.003965408,0.455864319,-1.446530339,0.183646152,true,OK
1785073777.185091496,0.168905259,0.066942125,8.952261514,7.476268979,0.016101423,0.121232278,-143.527165123,0.000275975,0.154505069,0.002086011,1.167855698,-1.429115192,0.182361771,true,OK
1785073778.185144424,0.065436658,0.132934265,8.753436597,7.582100056,0.015965807,0.121552531,-143.484890835,0.000655616,0.214891358,0.004871089,1.596597667,-1.458657336,0.179093279,true,OK
1785073779.186314344,0.164384821,0.054150951,8.722168953,7.436964613,0.015638265,0.120671821,-143.544158392,0.000464666,0.120331298,0.003421044,0.885924522,-1.475101256,0.163946529,true,OK
1785073780.186096907,0.068457274,0.121368315,8.170389212,7.144824868,0.013361143,0.123661750,-143.935741475,0.000234961,0.123540700,0.001740302,0.915036666,-1.443531052,0.154251671,true,OK
1785073781.185720682,0.066745733,0.052333873,7.862252488,7.469029201,0.013241834,0.124089442,-144.101565454,0.000118361,0.102792073,0.000878993,0.763374935,-1.443546329,0.165826076,true,OK
1785073782.187408924,0.068264623,0.106096247,8.696128454,7.409289227,0.012627769,0.124291429,-143.704118656,0.000397605,0.123540700,0.002943228,0.914495569,-1.444008802,0.172939602,true,OK
1785073783.186036825,0.067855029,0.037792512,7.926700901,7.445396931,0.013371144,0.123301384,-143.597028337,0.000304290,0.088469326,0.002253952,0.655313316,-1.467941055,0.179781673,true,OK
1785073784.185278654,0.067048860,0.104343352,8.778583498,7.519272394,0.013335747,0.123470182,-143.597071472,0.000281741,0.137056110,0.002110016,1.026441059,-1.478807760,0.184051891,true,OK
1785073785.185001135,0.064692836,0.033780227,8.002011237,7.526464528,0.013407754,0.123818145,-143.590031903,0.000624983,0.019782341,0.004613351,0.146024490,-1.458130763,0.179798860,true,OK
1785073786.185950279,0.051849757,0.096486169,9.775005629,7.505778918,0.012800681,0.124111054,-143.283822017,0.000576070,0.104678325,0.004265978,0.775175231,-1.431095254,0.168779843,true,OK
1785073787.185596943,0.067967933,0.020887425,8.234893192,7.447767292,0.013338415,0.123897944,-143.374705277,0.000544493,0.111905833,0.004031739,0.828615336,-1.425652298,0.177591591,true,OK
1785073788.184962988,0.065771410,0.086724947,8.778820878,7.477174977,0.014009903,0.123905774,-143.497664479,0.000343975,0.139882314,0.002549425,1.036760099,-1.424511645,0.192791829,true,OK
1785073789.189438820,0.042597536,0.155185877,7.922419671,7.548857635,0.012126242,0.122172744,-143.843827737,0.000389882,0.117033931,0.003180923,0.954842584,-1.398277341,0.236738748,true,OK
1785073790.185119629,0.167005081,0.071254696,9.441505978,7.510594972,0.014578116,0.120208892,-143.389390186,0.000825306,0.121946558,0.006110331,0.902857088,-1.379867298,0.236050941,true,OK
1785073791.185105085,0.067205743,0.005149157,8.481249140,7.498970297,0.015409073,0.120582396,-143.368878601,0.000611711,0.128204252,0.004526368,0.948649827,-1.370431316,0.214621494,true,OK
1785073792.184957743,0.166802354,0.071568231,8.699158012,7.493397341,0.014723845,0.119911468,-143.531085141,0.000417915,0.090654086,0.003095350,0.671443649,-1.585709157,0.159711372,true,OK
1785073793.185871601,0.065252183,0.004069396,8.189450408,7.486976402,0.015629507,0.120216989,-143.511823453,0.000105727,0.108352360,0.000781961,0.801378522,-1.662814044,-0.045412426,true,OK
1785073794.189940453,0.173196397,0.074368752,9.653270638,11.649751166,0.016651502,0.119154195,-143.577388203,0.000920465,0.118694067,0.006889013,0.888338753,-1.660598240,-0.068699309,true,OK
1785073795.186905146,0.070429634,0.124739667,9.299277796,8.554957519,0.016453233,0.119230102,-143.709029634,0.000681459,0.100870555,0.005074327,0.751108770,-1.671669287,-0.064381872,true,OK
1785073796.185168743,0.167939810,0.055312849,9.175764592,7.693921989,0.015346709,0.119463271,-143.700449128,0.000480593,0.113640914,0.003472949,0.821211866,-1.661326084,-0.062209420,true,OK
1785073797.185128212,0.068041462,0.122230420,8.545528086,7.544011848,0.014300423,0.118102474,-143.636780173,0.000299217,0.094872788,0.002218370,0.703379885,-1.648449603,-0.037008326,true,OK
1785073798.185012817,0.067806424,0.053022770,7.748468870,7.523010723,0.015563016,0.118373561,-143.659273306,0.000182661,0.102792073,0.001349570,0.759469415,-1.649107877,-0.044179932,true,OK
1785073799.185476303,0.068271498,0.119153356,8.511481963,7.479945947,0.015423882,0.120247917,-143.675919665,0.000547314,0.092787413,0.004051785,0.686908557,-1.663422305,-0.034331921,true,OK
1785073800.184951067,0.065908511,0.051462766,7.827975985,7.471914964,0.015348145,0.121052908,-143.540294166,0.000401683,0.138476416,0.002972272,1.024661399,-1.647157144,-0.041007710,true,OK
1785073801.185354471,0.067056531,0.118310186,8.464161009,7.456372004,0.015435580,0.121165351,-143.440468195,0.000126925,0.125114538,0.000939999,0.926587838,-1.660572385,-0.053344230,true,OK
1785073802.185119152,0.067723550,0.062109245,7.734479681,7.595379535,0.017286772,0.122159806,-143.451916812,0.000478666,0.076616680,0.003542264,0.566985253,-1.639040302,-0.053555638,true,OK
1785073803.184998989,0.067155622,0.128033864,8.561752084,7.565941636,0.017783610,0.124146698,-143.362122923,0.001204239,0.126668806,0.008906000,0.936784318,-1.657699830,-0.037834993,true,OK
1785073804.185033560,0.166096181,0.058772682,8.738436023,7.519069293,0.017771592,0.125238606,-143.080098503,0.000803470,0.104678325,0.005938003,0.773619574,-1.662612769,-0.035352306,true,OK
1785073805.185134411,0.066980991,0.125069653,8.363269572,7.492550924,0.017658853,0.126816604,-143.069797892,0.000143909,0.062557256,0.001056275,0.459164015,-1.687937297,-0.043511285,true,OK
1785073806.185051680,0.168169753,0.056931530,8.733320707,7.478553483,0.017797131,0.127448270,-143.365568417,0.000183912,0.090654086,0.001361732,0.671225572,-1.672790730,-0.071750144,true,OK
1785073807.184977055,0.066442266,0.001426076,8.317775872,7.610389671,0.017054754,0.126748610,-143.562139300,0.000084401,0.106531181,0.000625009,0.788887954,-1.662504818,-0.070891524,true,OK
1785073808.185130596,0.168008564,0.067978637,8.682169724,7.612005997,0.016386296,0.123914096,-143.571783596,0.000102684,0.115349902,0.000762850,0.856947932,-1.636495144,-0.062720729,true,OK
1785073809.185245991,0.068587638,0.134787180,8.347805150,7.569304480,0.015712918,0.125371191,-143.432969399,0.000144506,0.068528042,0.001069892,0.507365977,-1.674840205,-0.049305713,true,OK
1785073810.185114622,0.168458357,0.066001059,8.719054280,7.506212878,0.015747740,0.125890948,-143.665984221,0.000406253,0.110143430,0.003013064,0.816903184,-1.684639343,-0.053195499,true,OK
1785073811.185158968,0.066782078,0.131659172,8.400431735,7.482065555,0.015184588,0.125746310,-143.482664575,0.000715750,0.034264021,0.005318830,0.254620300,-1.674756106,-0.057077383,true,OK
1785073812.185121775,0.167755019,0.064132888,8.695368450,7.468443790,0.014837582,0.124914899,-143.340872709,0.000788386,0.110143430,0.005838350,0.815661481,-1.655066642,-0.054771091,true,OK
1785073813.185869217,0.067584985,0.007408548,8.345480778,7.554914311,0.015137636,0.122783474,-143.667829382,0.000680151,0.092787413,0.005523897,0.753579722,-1.641442128,-0.048969903,true,OK
1785073814.185214996,0.165202437,0.074604457,8.635026361,7.538164596,0.012771556,0.121216794,-143.685406197,0.000350076,0.129721514,0.002592826,0.960776954,-1.472809811,0.156076507,true,OK
1785073815.185693741,0.069184263,0.006372916,8.317090307,7.501213279,0.006891256,0.115253956,-143.793098135,0.000299469,0.090654086,0.002212927,0.669887633,-1.513922079,0.174122620,true,OK
1785073816.185305119,0.167794882,0.072740731,8.664655510,7.502367500,0.009221261,0.122508772,-144.167794215,0.000646809,0.142652530,0.004789125,1.056232022,-1.560143896,0.091008303,true,OK
1785073817.185062647,0.067770371,0.003767505,8.382185117,7.471161035,0.010432067,0.123891978,-144.381939936,0.000186067,0.125114538,0.001375957,0.925214931,-1.548726673,0.092027405,true,OK
1785073818.184999943,0.167366247,0.082486964,8.696677154,7.606466310,0.010220147,0.124151886,-144.038454818,0.000336169,0.079129369,0.002489464,0.585984798,-1.532136362,0.095597246,true,OK
1785073819.185065031,0.066516312,0.014395946,8.367904786,7.543219836,0.009404393,0.122772635,-144.156519574,0.000386278,0.068528042,0.002864466,0.508173772,-1.537171550,0.092418234,true,OK
1785073820.185278177,0.167962188,0.080810942,8.681152698,7.510564244,0.010222239,0.123458807,-144.041834861,0.000282119,0.102792073,0.002088129,0.760824548,-1.529515667,0.104820726,true,OK
1785073821.185913324,0.067728960,0.024799626,8.217209167,7.611753373,0.010494416,0.124239206,-144.338061593,0.000828624,0.268340977,0.006137108,1.987437572,-1.541147604,0.098350174,true,OK
1785073822.184989929,0.066215569,0.090645267,8.859326438,7.565280589,0.009616741,0.123420537,-144.418133655,0.000446838,0.074018747,0.003307581,0.547900580,-1.530883410,0.105460548,true,OK
1785073823.184996843,0.065669937,0.021840881,8.080651371,7.501345263,0.009883613,0.122545341,-144.279796471,0.000151605,0.000000000,0.001120962,0.000000000,-1.527610317,0.113522635,true,OK
1785073824.185218811,0.067740755,0.088625114,8.719366148,7.480892105,0.010817360,0.122629507,-144.458844115,0.000250519,0.346615132,0.001854767,2.566238674,-1.523174418,0.111861175,true,OK
1785073825.184999466,0.065647621,0.032543116,7.933665459,7.601727704,0.010217029,0.124478652,-144.450878562,0.000520124,0.129721514,0.003848970,0.959952474,-1.559875620,0.094212894,true,OK
1785073826.185031652,0.066923400,0.098835293,8.729207092,7.566780275,0.010148713,0.124348911,-144.223449718,0.001044578,0.244694222,0.007735826,1.812130853,-1.561986201,0.085564463,true,OK
1785073827.185024738,0.066388324,0.030515409,7.963892064,7.524648271,0.011221586,0.123676305,-144.394053957,0.000320495,0.086229231,0.002372416,0.638298540,-1.556916824,0.092561645,true,OK
1785073828.185360193,0.068172566,0.096825677,8.704642789,7.497076082,0.010710215,0.123484758,-144.507698833,0.000195278,0.111905833,0.001444135,0.827575606,-1.526472605,0.097709374,true,OK
1785073829.185138702,0.066345804,0.027672423,7.936996142,7.456985756,0.009802424,0.123535058,-144.326168435,0.000233413,0.128204252,0.001728726,0.949519532,-1.548443907,0.095730205,true,OK
1785073830.185546160,0.068559232,0.094537412,8.708811412,7.452262748,0.010024050,0.122880434,-144.239646746,0.000386449,0.100870555,0.002858436,0.746105861,-1.557787182,0.092745976,true,OK
1785073831.185360670,0.068155138,0.036658155,7.947608884,7.541571970,0.009313124,0.121946272,-144.030303138,0.000939991,0.129721514,0.007656767,1.056656190,-1.585154488,0.080162721,true,OK
1785073832.184972286,0.056389846,0.092159684,8.621852501,7.440084461,0.006963572,0.120206643,-144.305291835,0.000165174,0.019782341,0.001225250,0.146744121,-1.614537387,0.073621782,true,OK
1785073833.185093403,0.057983107,0.010665531,7.951361500,7.319203733,0.005319170,0.119881962,-144.152906482,0.001010011,0.120331298,0.007476381,0.890725576,-1.585077282,0.077075129,true,OK
1785073834.185054541,0.064437946,0.090690292,8.865140672,7.487826558,0.006295985,0.119241859,-144.096231915,0.000104006,0.019782341,0.000769298,0.146323703,-1.586331284,0.087915541,true,OK
1785073835.185693741,0.065272336,0.017783373,9.231348003,7.519381484,0.006039550,0.118922421,-144.189084045,0.000585003,0.113640914,0.004399644,0.854661989,-1.595059259,0.082310455,true,OK
1785073836.185011864,0.166646822,0.077012312,11.166651762,7.581315028,0.005832118,0.119947424,-144.255505927,0.000864504,0.123540700,0.006396589,0.914095426,-1.603790658,0.087701465,true,OK
1785073837.185095787,0.067385799,0.020592190,8.768479728,7.618871283,0.005936654,0.118920463,-144.264384559,0.000650385,0.222935800,0.004819229,1.651912571,-1.583348554,0.066996415,true,OK
1785073838.184975386,0.066986224,0.087093821,9.002417872,7.567522603,0.006465018,0.117944586,-144.222111718,0.000138877,0.117033931,0.001028496,0.866727858,-1.585797346,0.070442998,true,OK
1785073839.184937239,0.066260482,0.018698892,8.142260151,7.523767067,0.007500738,0.122467779,-144.167919623,0.000591707,0.123540700,0.004382635,0.915036808,-1.604834377,0.062712577,true,OK
1785073840.184933186,0.168711762,0.085023705,8.680117998,7.505378697,0.006618300,0.120513320,-144.168902690,0.001084841,0.431600748,0.008056060,3.205078061,-1.609543859,0.139751744,true,OK
1785073841.184966803,0.067074537,0.016854408,8.041596229,7.474626929,0.008337110,0.120980349,-143.749006139,0.000654133,0.104678325,0.004847713,0.775760633,-1.615919284,0.093944891,true,OK
1785073842.184978247,0.068849908,0.095036881,8.753596832,7.599135712,0.010916678,0.126995011,-143.594712032,0.001191000,0.138476416,0.009695125,1.127242774,-1.603859689,0.085628164,true,OK
1785073843.185037851,0.068282685,0.026890677,8.169179479,7.556839834,0.010548250,0.126759636,-143.795743816,0.000378622,0.117033931,0.003082931,0.952948145,-1.557275675,0.105004771,true,OK
1785073844.185008287,0.065529959,0.093645877,8.820466189,7.566167770,0.009695761,0.124478462,-143.499184926,0.000670657,0.274825334,0.004963394,2.033926410,-1.554162686,0.116485678,true,OK
1785073845.185025692,0.064580068,0.013114810,8.211117058,7.440379370,0.010630622,0.124865864,-143.569257024,0.000183538,0.115349902,0.001359329,0.854308866,-1.563509165,0.125022827,true,OK
1785073846.184937477,0.165542358,0.078395526,8.644273601,7.479617777,0.010849497,0.125282571,-143.443538568,0.000563120,0.027976455,0.004169489,0.207145205,-1.586755264,0.116089694,true,OK
1785073847.184987068,0.062573342,0.131360821,8.266137416,7.411051552,0.010894137,0.125137610,-143.623829749,0.000212553,0.120331298,0.001573912,0.891028632,-1.588379331,0.116344414,true,OK
1785073848.185003281,0.167828375,0.065059178,8.785414329,7.466816441,0.012846498,0.126741182,-143.655820339,0.000128927,0.096913294,0.000940598,0.707040717,-1.543665008,0.110621627,true,OK
1785073849.184960842,0.065962974,0.117962138,8.347097176,7.412514168,0.013540960,0.127072934,-143.442245099,0.000255959,0.144017660,0.001877164,1.056201777,-1.538508663,0.103596888,true,OK
1785073850.184970140,0.068675198,0.046588806,7.680025493,7.417352603,0.013060810,0.127766604,-143.622448630,0.000486506,0.019782341,0.003600857,0.146418313,-1.552302110,0.114464571,true,OK
1785073851.185055971,0.067527419,0.111802111,8.481714101,7.436663465,0.013342911,0.127230606,-143.504818779,0.000732986,0.421972715,0.005405240,3.111744318,-1.552685677,0.128080206,true,OK
1785073852.185033321,0.065287897,0.048160010,8.460089809,7.490339172,0.013397388,0.126560375,-143.414634101,0.000906486,0.254108970,0.006720378,1.883876597,-1.562173803,0.130217658,true,OK
1785073853.184927940,0.068009899,0.115135815,8.766454044,7.534722298,0.013771863,0.126529163,-143.578304217,0.000241155,0.129721514,0.001786385,0.960927772,-1.546329518,0.131385103,true,OK
1785073854.185300112,0.068651510,0.033485810,7.999526150,7.420111063,0.013132109,0.127378141,-143.517924096,0.000368775,0.059347027,0.002728973,0.439173728,-1.538688828,0.134196108,true,OK
1785073855.184951544,0.057691240,0.098741056,8.708785697,7.439308978,0.012950788,0.126528861,-143.226764784,0.000411938,0.153233400,0.003016741,1.122171413,-1.552746754,0.130439609,true,OK
1785073856.185025215,0.062798429,0.028350379,7.970899559,7.433401559,0.013651293,0.126777473,-143.266089151,0.000457185,0.144017660,0.003371377,1.062014931,-1.568184009,0.114988491,true,OK
1785073857.185115814,0.067657692,0.096649589,8.726642425,7.518954280,0.014023720,0.127830407,-143.444522501,0.000569483,0.111905833,0.004190893,0.823527563,-1.562958867,0.122644080,true,OK
1785073858.185159683,0.060179147,0.013840920,9.098546366,7.424531005,0.010497196,0.124876907,-143.497924541,0.000193024,0.231546534,0.001428534,1.713627417,-1.586594489,0.122454231,true,OK
1785073859.185016155,0.164099018,0.084364910,8.765638140,7.556380725,0.011292400,0.126048855,-143.217467356,0.000393435,0.092787413,0.003204984,0.755861126,-1.585171713,0.106714775,true,OK
1785073860.184915781,0.066943153,0.013319530,8.425993979,7.494731357,0.012363439,0.125812023,-143.339781490,0.000748021,0.090654086,0.005543056,0.671773864,-1.594473064,0.115015614,true,OK
1785073861.185136318,0.167923204,0.071515470,9.364706095,7.423154765,0.011599297,0.126335490,-143.437115421,0.000277696,0.055952910,0.002079444,0.418986662,-1.607234620,0.121497738,true,OK
1785073862.184937477,0.067683410,0.001700538,9.381940758,7.623451454,0.011021151,0.125573734,-143.292261709,0.001034566,0.123540700,0.007989936,0.954102698,-1.611543245,0.114568588,true,OK
1785073863.185026646,0.164640826,0.067814781,8.835999883,7.505987169,0.012117348,0.124433306,-143.292274946,0.000863918,0.000000000,0.006388897,0.000000000,-1.597728725,0.109608795,true,OK
1785073864.185170412,0.069494448,0.134974392,8.469461477,7.505390783,0.008816175,0.117948268,-143.411515922,0.000701501,0.309642997,0.005190432,2.291059932,-1.583966999,0.141607930,true,OK
1785073865.184981823,0.168252974,0.066246296,8.693629445,7.497778245,0.009454352,0.118140487,-143.536505955,0.001639828,0.126668806,0.012126801,0.936736863,-1.580392396,0.117098210,true,OK
1785073866.184895277,0.366024027,0.132913517,8.657712201,7.485389059,0.012753845,0.121996380,-143.013899974,0.000507002,0.432506521,0.003782136,3.226417449,-1.587110355,0.112336454,true,OK
1785073867.184935570,0.161494817,0.076527118,9.931113239,7.608241653,0.014242332,0.124759079,-143.347149653,0.000517583,0.100870555,0.003833603,0.747121650,-1.605786723,0.125789584,true,OK
1785073868.184958458,0.059373974,0.006453246,8.486399834,7.518286087,0.014604624,0.125410974,-143.477989130,0.000468059,0.134170395,0.003436389,0.985049603,-1.596065775,0.128377732,true,OK
1785073869.184957504,0.159867849,0.062441698,9.426820768,7.481727720,0.015867466,0.125904153,-143.348702665,0.000666382,0.106531181,0.004956028,0.792294924,-1.545153096,0.095521113,true,OK
1785073870.185002565,0.058860564,0.116167850,8.478358867,7.497784135,0.015730648,0.124911918,-143.563435939,0.001471139,0.132704012,0.010860239,0.979647397,-1.564982563,0.121116912,true,OK
1785073871.184963703,0.158404271,0.048314204,9.521946678,7.486238022,0.015144897,0.122529456,-143.770266800,0.000426446,0.139882314,0.003217725,1.055473123,-1.540608645,0.127547504,true,OK
1785073872.185012341,0.061587288,0.114805291,8.622542203,7.501538497,0.014446917,0.122396260,-143.554129209,0.000322590,0.034264021,0.002388574,0.253703414,-1.562867310,0.128390187,true,OK
1785073873.185013771,0.036283416,0.040437234,13.610995416,7.539773333,0.014858402,0.122352682,-143.650326829,0.000201144,0.106531181,0.001549518,0.820664398,-1.563114087,0.119442672,true,OK
1785073874.184927225,0.057224673,0.085929453,10.024546924,7.320803007,0.015059251,0.121926624,-143.554690734,0.000237110,0.108352360,0.001729065,0.790133498,-1.523844073,0.125269624,true,OK
1785073875.185165167,0.044541533,0.032132061,8.190838525,7.481120272,0.014630138,0.122410377,-143.503715054,0.000278868,0.346050174,0.002088063,2.591099789,-1.524615339,0.134790133,true,OK
1785073876.184966326,0.036763508,0.084344746,8.370980666,7.489651772,0.013831878,0.122018897,-143.639789778,0.000324419,0.129721514,0.002512245,1.004540280,-1.533374623,0.134404912,true,OK
1785073877.185550690,0.055385354,0.010554508,9.335537706,7.501480079,0.012229434,0.118778479,-143.506361184,0.000532718,0.113640914,0.003935386,0.839507488,-1.572696491,0.150661032,true,OK
1785073878.185138226,0.024779277,0.060389653,20.256239366,7.774235212,0.011877940,0.117363794,-143.629407552,0.000486309,0.174712971,0.003580002,1.286162050,-1.581263334,0.126021962,true,OK
1785073879.185461521,0.061328061,0.138684058,10.866398227,7.699794795,0.011171378,0.116657363,-143.538433381,0.000865553,0.121946558,0.007037443,0.991495192,-1.590734152,0.115713770,true,OK
1785073880.185188770,0.156234847,0.056140965,10.014912886,7.573834543,0.010472904,0.115524745,-143.539919267,0.000974484,0.237388267,0.007220126,1.758852613,-1.565629987,0.120908487,true,OK
1785073881.187441349,0.063652469,0.106142682,14.448493795,7.307554023,0.011923168,0.117647804,-143.219775621,0.000747864,0.148037520,0.005631800,1.114799149,-1.589409461,0.113553679,true,OK
1785073882.184952259,0.061449133,0.043499232,9.285290138,7.469702513,0.011644275,0.118264306,-143.208190838,0.000471804,0.052339156,0.003491751,0.387354204,-1.592143326,0.123320158,true,OK
1785073883.184995651,0.060872410,0.110012812,8.938580846,7.556171365,0.008125207,0.116449987,-143.318637138,0.000401084,0.257170656,0.003273843,2.099154495,-1.584113790,0.123906718,true,OK
1785073884.185101032,0.061085909,0.162777418,8.369821199,7.425555617,0.008644526,0.115645375,-143.320153207,0.000834660,0.239848309,0.006106665,1.754813628,-1.572622165,0.113129784,true,OK
1785073885.184961796,0.061117779,0.095065226,9.100867717,7.528450803,0.008993075,0.115896578,-143.249642016,0.000294026,0.149353439,0.002177213,1.105936501,-1.558959162,0.113474057,true,OK
1785073886.185037136,0.062254317,0.025761331,8.087646254,7.491219397,0.007961060,0.116017402,-143.007434570,0.000601166,0.150657858,0.004452169,1.115755842,-1.545345951,0.118714803,true,OK
1785073887.188642979,0.054292088,0.094975687,9.473582427,7.538929016,0.007598176,0.115786200,-143.263621258,0.000182465,0.102792073,0.001410617,0.794673321,-1.557334807,0.111327855,true,OK
1785073888.184968233,0.077600269,0.012849434,11.706901520,7.664662245,0.007719759,0.115288137,-143.058953333,0.000188768,0.326259167,0.001353722,2.339721291,-1.574537777,0.108810531,true,OK
1785073889.185029268,0.176985437,0.065818853,9.889926838,7.468972805,0.007838265,0.115326326,-143.569787480,0.001048688,0.340348753,0.007799253,2.531225973,-1.556536214,0.106276922,true,OK
1785073890.184990644,0.075823747,0.119429699,8.894388176,7.412434531,0.007984552,0.116763899,-143.175628857,0.002595806,0.019782341,0.019090125,0.145483639,-1.532483532,0.092909088,true,OK
1785073891.185004711,0.071355188,0.050145565,7.904328730,7.426523853,0.010717066,0.120108461,-142.947671090,0.000608599,0.170174190,0.004501464,1.258681876,-1.541473568,0.097616556,true,OK
1785073892.185559750,0.072640114,0.116521713,8.927203093,7.484705749,0.010558994,0.120103210,-142.809041969,0.000256981,0.108352360,0.001907123,0.804110521,-1.561225704,0.107985066,true,OK
1785073893.184966087,0.072631576,0.033319167,8.222357959,7.409038901,0.009108594,0.119697029,-143.226706602,0.000593224,0.118694067,0.004385509,0.877466150,-1.572042746,0.102533440,true,OK
1785073894.184937954,0.075914467,0.105247704,8.784918922,7.548111816,0.009506952,0.118842811,-143.373198967,0.000819031,0.135620930,0.006075793,1.006072020,-1.569091010,0.115788914,true,OK
1785073895.185003281,0.075225613,0.035879760,8.250011792,7.537358279,0.009355544,0.117816112,-143.227296955,0.000525213,0.387148783,0.004278960,3.154138791,-1.542479432,0.110816920,true,OK
1785073896.184940338,0.175861257,0.081934468,8.479176751,7.341605714,0.009815682,0.118395181,-143.494823239,0.001028007,0.000000000,0.007610623,0.000000000,-1.545317652,0.130485306,true,OK
1785073897.184967518,0.075304149,0.022321048,8.148130267,7.469602054,0.008264074,0.118760974,-143.578921657,0.000288939,0.081564685,0.002132970,0.602117091,-1.573384056,0.120248566,true,OK
1785073898.184992552,0.174677735,0.074945185,8.625554298,7.417539379,0.009804842,0.118005607,-143.440147801,0.000069708,0.110143430,0.000519522,0.820879373,-1.570805951,0.108258340,true,OK
1785073899.187739611,0.072558998,0.118094428,8.368735647,6.814726269,0.010226310,0.119074248,-143.259856067,0.000073693,0.117033931,0.000527257,0.837347159,-1.563871923,0.105514535,true,OK
1785073900.185141802,0.014427896,0.056454971,7.818010241,114.091614682,0.010070997,0.118949657,-143.118581861,0.000465393,0.207550492,0.000572252,0.255206326,-1.552448154,0.107972454,false,LOW_ANGULAR_COVERAGE
1785073901.185030937,0.075515998,0.116761444,9.591156932,29.826461177,0.009548300,0.118771806,-143.312462464,0.000697917,0.138476416,0.005173258,1.026446170,-1.549399785,0.115717207,true,OK
1785073902.185003281,0.075119201,0.045639317,8.139412060,11.181219786,0.010688991,0.119158181,-142.849576078,0.000510994,0.123540700,0.003772789,0.912129240,-1.549683520,0.116461124,true,OK
1785073903.184986591,0.057718433,0.111166420,8.425406432,8.219070200,0.010697913,0.118257663,-143.218531751,0.000178281,0.120331298,0.001310820,0.884741934,-1.563719497,0.127415478,true,OK
1785073904.184967518,0.068350104,0.044788371,7.943087111,7.707818973,0.010407691,0.118007380,-143.080856502,0.000245007,0.195835277,0.001800051,1.438787986,-1.559950824,0.112369261,true,OK
1785073905.185021162,0.074980569,0.112490881,8.718685710,7.621601742,0.009671159,0.117578027,-142.922179842,0.001006776,0.100870555,0.008203375,0.821909824,-1.550815000,0.118871429,true,OK
1785073906.184955120,0.071838659,0.043486129,7.866134369,7.528911172,0.010463067,0.117394463,-143.032862284,0.000495374,0.071326251,0.003668461,0.528202465,-1.549503552,0.117302694,true,OK
1785073907.184906960,0.068664435,0.097980577,8.631275922,7.474922876,0.010349758,0.117708290,-143.019690504,0.000444829,0.150657858,0.003293777,1.115560106,-1.544920746,0.117142533,true,OK
1785073908.187258005,0.078542068,0.030683197,7.945846517,7.451569487,0.009427680,0.118048566,-143.064750814,0.000456615,0.121946558,0.003378873,0.902384661,-1.555252211,0.116786113,true,OK
1785073909.184963226,0.168353176,0.084186958,10.214478329,7.478514335,0.009427626,0.117610056,-143.146121162,0.000570699,0.094872788,0.004359756,0.724764122,-1.568483539,0.119139002,true,OK
1785073910.185419083,0.076099992,0.015989691,8.750454257,7.464951262,0.008988068,0.117698022,-143.192978755,0.000485749,0.248660374,0.003598649,1.842190805,-1.579795640,0.108994154,true,OK
1785073911.184942007,0.172330507,0.080810493,9.639883517,7.526921058,0.008797651,0.118965246,-143.283887959,0.001917793,0.179136785,0.014259059,1.331906719,-1.560115276,0.122456913,true,OK
1785073912.185590982,0.067372524,0.009121670,8.332473710,7.434930281,0.008332215,0.117290350,-143.191769378,0.000462623,0.421044263,0.003419862,3.112500283,-1.549326429,0.113334077,true,OK
1785073913.185013533,0.174930135,0.080058120,8.906181921,7.584665887,0.008588184,0.116825292,-142.860119684,0.000188956,0.129721514,0.001398321,0.959970469,-1.587645002,0.131335985,true,OK
1785073914.184911966,0.076891508,0.010478189,8.431310423,7.544316915,0.008224219,0.117027236,-142.981085102,0.000325405,0.086229231,0.002650106,0.702252872,-1.601984329,0.124389250,true,OK
1785073915.184910059,0.174378001,0.078183581,8.752768612,7.558397573,0.007657701,0.116825694,-142.752435642,0.000397093,0.225553524,0.003226221,1.832530455,-1.588339647,0.110602604,true,OK
1785073916.184958220,0.074920283,0.008453410,8.435910191,7.514668907,0.007820326,0.116637110,-142.755216956,0.000356925,0.125114538,0.002652323,0.929731854,-1.580600888,0.106754476,true,OK
1785073917.184988976,0.374167025,0.075432098,7.966858988,7.538773855,0.007942123,0.117612151,-142.905073981,0.000272233,0.118694067,0.002016200,0.879066716,-1.571472740,0.113824196,true,OK
1785073918.184982061,0.098295493,0.003342704,8.404795103,7.489190501,0.008416969,0.117709572,-142.903128445,0.000380902,0.121946558,0.002860468,0.915783953,-1.587250931,0.124322293,true,OK
1785073919.184968233,0.018573265,0.062233888,8.816319299,7.438511477,0.007607749,0.116948765,-142.718036235,0.000298860,0.242283378,0.002215663,1.796222526,-1.595252947,0.119344851,true,OK
1785073920.184926271,0.013928429,0.124548368,7.931906698,7.417418338,0.007558106,0.116520805,-142.966302742,0.000143813,0.052339156,0.001041891,0.379185943,-1.595574972,0.120026549,true,OK
1785073921.185572386,0.012923670,0.059818868,8.497521992,7.462234187,0.007576028,0.116113173,-143.048396517,0.000239712,0.052339156,0.001774044,0.387347989,-1.583331758,0.121351006,true,OK
1785073922.184964895,0.016847245,0.126531422,7.868731965,7.546111514,0.006952096,0.116692545,-143.163455295,0.000429054,0.134170395,0.003175848,0.993125273,-1.573756463,0.120231383,true,OK
1785073923.184989214,0.017689652,0.056761070,8.933935047,7.552217896,0.006844806,0.115691032,-142.814113971,0.000048162,0.092787413,0.000354097,0.682188413,-1.580596145,0.137482917,true,OK
1785073924.184991121,0.019037060,0.112357472,8.056670187,7.448421691,0.007250139,0.116171045,-142.602042094,0.000428028,0.123540700,0.003167764,0.914304108,-1.586647679,0.133855896,true,OK
1785073925.185311794,0.019824005,0.041682343,8.748455157,7.444492975,0.007234855,0.116315856,-142.454661354,0.000466654,0.019782341,0.003455402,0.146481048,-1.577015068,0.136729517,true,OK
1785073926.185003042,0.011385484,0.096886837,8.100851925,7.416830136,0.005713503,0.116702162,-142.655021898,0.000420731,0.120331298,0.003108432,0.889028957,-1.546892898,0.131290405,true,OK
1785073927.184953451,0.120730989,0.026360950,8.662019661,7.423973832,0.006733387,0.115913382,-142.531759170,0.000785604,0.000000000,0.005757184,0.000000000,-1.546575337,0.127970407,true,OK
1785073928.185590506,0.015672263,0.077118164,8.357459547,7.363012710,0.006311405,0.115814420,-142.647672803,0.000131101,0.115349902,0.000961657,0.846117361,-1.533163565,0.118365514,true,OK
1785073929.185046434,0.118764894,0.014779614,8.718168996,7.456101567,0.006355637,0.116515998,-142.749475971,0.000823353,0.138476416,0.006112841,1.028094629,-1.585305087,0.114574995,true,OK
1785073930.185057878,0.019873300,0.081969589,8.591360645,7.569657995,0.005664845,0.115703564,-142.462937595,0.000632825,0.055952910,0.005154777,0.455773162,-1.572333700,0.113275821,true,OK
1785073931.184971333,0.019710059,0.013267021,7.830755088,7.581906460,0.006339633,0.114840960,-142.469706900,0.000135786,0.111905833,0.001000415,0.824477388,-1.571587260,0.111314434,true,OK
1785073932.185034990,0.220632722,0.079717661,7.791370238,7.586864698,0.005728394,0.115336665,-142.872602177,0.000424169,0.027976455,0.003139341,0.207058255,-1.564157812,0.120891475,true,OK
1785073933.186193943,0.022095225,0.132011391,7.090884450,7.107411027,0.005947391,0.114503465,-142.851842632,0.000725824,0.153233400,0.005370910,1.133886934,-1.569738255,0.128607426,true,OK
1785073934.184931755,0.021738281,0.065416917,8.486265030,7.417348765,0.006105806,0.114785435,-142.745238400,0.000710617,0.138476416,0.005269129,1.026783496,-1.587155580,0.128336296,true,OK
1785073935.184975624,0.025053448,0.118765405,7.938482808,7.401271324,0.006689119,0.114408801,-143.194342481,0.001011969,0.178041140,0.007452755,1.311203354,-1.556881232,0.112215474,true,OK
1785073936.185010195,0.025413799,0.050298969,8.783130013,7.429662280,0.007431056,0.115773076,-143.152760170,0.000552521,0.000000000,0.004089884,0.000000000,-1.563567223,0.121941986,true,OK
1785073937.184963703,0.026147874,0.117659255,8.257265986,7.578867132,0.006715745,0.114587386,-142.874239263,0.000373567,0.284618625,0.003111699,2.370783986,-1.559951809,0.118625741,true,OK
1785073938.184960604,0.026016317,0.047886171,8.883427369,7.538011572,0.007550895,0.114972434,-142.918827324,0.000291311,0.110143430,0.002142257,0.809976786,-1.545164441,0.112250848,true,OK
1785073939.185009718,0.025971725,0.115994790,8.098950018,7.533960939,0.007004149,0.114287958,-142.800282374,0.000923876,0.142652530,0.006859034,1.059079630,-1.568019896,0.112717541,true,OK
1785073940.184909821,0.025233984,0.047187375,8.763116530,7.487023213,0.008898178,0.115166918,-142.609745653,0.001111348,0.102792073,0.008227280,0.760967154,-1.573413347,0.109598896,true,OK
1785073941.184907675,0.025893817,0.113902139,7.974651893,7.483338192,0.008452293,0.114214686,-142.517406385,0.000202611,0.298051366,0.001502667,2.210498836,-1.585777867,0.107136361,true,OK
1785073942.184928417,0.126600398,0.045172151,8.451001549,7.462640651,0.008800564,0.114102526,-142.465412974,0.000688823,0.153233400,0.005099287,1.134370775,-1.559371111,0.112830516,true,OK
1785073943.184990168,0.025168168,0.111982914,7.996296150,7.466245550,0.012749763,0.119695928,-142.465497311,0.000665875,0.128204252,0.004933740,0.949917108,-1.551040310,0.115917671,true,OK
1785073944.184957266,0.126598803,0.042913669,8.405224002,7.447315597,0.012639147,0.119950136,-142.356395532,0.000348492,0.403482993,0.002577776,2.984538508,-1.567478193,0.125944003,true,OK
1785073945.185003996,0.024891038,0.108430930,8.177408593,7.437921258,0.012692530,0.119546753,-142.301248812,0.000564030,0.132704012,0.004178343,0.983073812,-1.582318023,0.112321753,true,OK
1785073946.184958696,0.023871890,0.053296539,8.709808906,7.558432192,0.015735185,0.121296263,-142.284988172,0.000409715,0.298051366,0.003031347,2.205183036,-1.566456111,0.107222992,true,OK
1785073947.184927940,0.026197574,0.120182540,7.965590569,7.555408829,0.014977151,0.120933313,-142.621272950,0.000140366,0.059347027,0.001038389,0.439033116,-1.550952030,0.121879033,true,OK
1785073948.184889555,0.024139778,0.051499704,8.789522269,7.527594682,0.015354653,0.120367914,-142.505731509,0.000412278,0.394657242,0.003053604,2.923092197,-1.518897107,0.119307821,true,OK
1785073949.184948683,0.026907815,0.118107946,7.994246262,7.523814312,0.014866386,0.120638463,-142.264994656,0.000565538,0.174712971,0.004189269,1.294200140,-1.535570423,0.119099502,true,OK
1785073950.184956789,0.027175537,0.049217593,8.709912642,7.496604938,0.016811372,0.122666405,-142.588476584,0.000797237,0.113640914,0.005902379,0.841345180,-1.562958876,0.101871598,true,OK
1785073951.184983492,0.026802759,0.116277591,8.055997488,7.501558285,0.016112873,0.123669791,-142.438658879,0.000396931,0.111905833,0.002938448,0.828429477,-1.567571748,0.098135569,true,OK
1785073952.184957027,0.026044204,0.047152332,8.754603259,7.465100173,0.018871952,0.125230643,-142.389182483,0.000818508,0.272681002,0.006057558,2.018038644,-1.564042160,0.085816337,true,OK
1785073953.184911251,0.025514963,0.114223867,7.962401474,7.466505750,0.018284083,0.124975223,-142.328207567,0.000216277,0.134170395,0.001601639,0.993598158,-1.557166298,0.099084747,true,OK
1785073954.184934855,0.025777462,0.057966387,8.687562469,7.594819687,0.019137301,0.126199923,-142.469589935,0.000802877,0.212142087,0.006542882,1.728808271,-1.594694983,0.095175253,true,OK
1785073955.184956074,0.024934332,0.124131938,7.923524251,7.585838554,0.016402902,0.124833735,-142.449557387,0.000470322,0.110143430,0.003828013,0.896472381,-1.593264593,0.115246733,true,OK
1785073956.184996605,0.024641739,0.056010312,8.672839687,7.551842322,0.018193148,0.125358339,-142.118258394,0.000390109,0.247872207,0.002887408,1.834634147,-1.575219913,0.103824011,true,OK
1785073957.184977055,0.025858369,0.122442307,7.960194296,7.528492721,0.018809193,0.125297538,-142.472008447,0.000359009,0.106531181,0.002658294,0.788813255,-1.570754742,0.106576222,true,OK
1785073958.184959173,0.026223832,0.053888163,8.688771230,7.506283401,0.018503054,0.125756313,-142.243656560,0.000137228,0.367441312,0.001037245,2.777327401,-1.561404485,0.113384107,true,OK
1785073959.184959173,0.027260850,0.118787898,7.964538600,7.482387844,0.017596133,0.124605746,-142.298542688,0.000778492,0.166689032,0.005695687,1.219548702,-1.572372335,0.109511042,true,OK
1785073960.184883595,0.028408053,0.052115810,8.718977370,7.474064132,0.017765436,0.122582261,-142.514949521,0.000262780,0.123540700,0.001953953,0.918612145,-1.548795676,0.114214838,true,OK
1785073961.184946060,0.023350794,0.117993210,7.944260492,7.475256758,0.017714275,0.122547482,-142.310857260,0.000573144,0.000000000,0.004246121,0.000000000,-1.614489482,0.059052651,true,OK
1785073962.184939146,0.028080052,0.049046254,8.719854190,7.460660461,0.016059747,0.124636426,-142.365527055,0.001725565,0.027976455,0.012771126,0.207057293,-1.538545232,0.115321823,true,OK
1785073963.184950352,0.025053053,0.116637116,7.935792173,7.473614355,0.015736248,0.122756396,-142.219126339,0.000934728,0.134170395,0.006916796,0.992833866,-1.509316981,0.117519581,true,OK
1785073964.185004711,0.023142034,0.059377882,8.652251225,7.589369827,0.016190019,0.123759496,-142.380921074,0.000179833,0.194833561,0.001459267,1.580987065,-1.502901492,0.118279604,true,OK
1785073965.184972286,0.026169849,0.126405483,7.954465277,7.589895488,0.015850550,0.122816371,-142.420729289,0.000785366,0.094872788,0.006382085,0.770960160,-1.515774313,0.136317828,true,OK
1785073966.184958458,0.025682292,0.057640140,8.670762141,7.548158999,0.015052775,0.122227015,-142.253499226,0.000746759,0.153233400,0.005525523,1.133826215,-1.520945966,0.135022620,true,OK
1785073967.184895039,0.025939496,0.124728981,7.973836348,7.554893808,0.015390036,0.121714377,-142.291835972,0.000465422,0.110143430,0.003446989,0.815740085,-1.515616511,0.127784772,true,OK
1785073968.184912443,0.026283329,0.056252695,8.682173410,7.518653034,0.016043169,0.121720781,-142.256450723,0.000226790,0.118694067,0.001678907,0.878682334,-1.480930006,0.119932444,true,OK
1785073969.184955597,0.025932310,0.122686794,7.973219264,7.500920497,0.015579537,0.122800936,-142.388343899,0.000403877,0.098911718,0.002988151,0.731815492,-1.506330904,0.117760562,true,OK
1785073970.184971094,0.025549403,0.054268823,8.723002835,7.481599680,0.016055717,0.122411592,-142.126851240,0.000631393,0.378975821,0.004678598,2.808197235,-1.513227641,0.116633647,true,OK
1785073971.184981108,0.024942421,0.120721088,7.946457199,7.465834365,0.016669828,0.122193300,-142.175089451,0.000138473,0.000000000,0.001025011,0.000000000,-1.512227352,0.112542709,true,OK
1785073972.184955835,0.027084013,0.050901342,8.701503828,7.441096059,0.016545911,0.122857035,-142.367365513,0.000623303,0.328649386,0.004635030,2.443914302,-1.509009221,0.093812804,true,OK
1785073973.184953928,0.024885976,0.118735883,7.954988515,7.458180669,0.014843680,0.122955333,-142.187433331,0.000814853,0.227281935,0.006030771,1.682125766,-1.483706379,0.108726728,true,OK
1785073974.184892654,0.025514513,0.062474135,8.670585290,7.565343421,0.015812110,0.122869694,-142.302861587,0.000255263,0.128204252,0.001890497,0.949490960,-1.470980320,0.121765236,true,OK
1785073975.184950113,0.025068069,0.128675323,7.936401329,7.529313063,0.016051343,0.122756187,-141.973808592,0.000077803,0.111905833,0.000575937,0.828383312,-1.501643393,0.134132550,true,OK
1785073976.184947252,0.024230161,0.060131208,8.676031555,7.499119430,0.015680487,0.123483030,-142.301362427,0.000591818,0.193826655,0.004377826,1.433784380,-1.508981292,0.127994902,true,OK
1785073977.185028791,0.025245328,0.125847081,7.940669844,7.491669448,0.014808942,0.123041513,-142.391846195,0.000272513,0.120331298,0.002011357,0.888139763,-1.517056684,0.110640067,true,OK
1785073978.184989929,0.027325753,0.058388190,8.697637779,7.478376864,0.015172162,0.122402552,-142.395451628,0.000095915,0.000000000,0.000708514,0.000000000,-1.487837206,0.119566310,true,OK
1785073979.184977770,0.023480216,0.125042116,7.937801090,7.467424417,0.014706293,0.122683808,-142.661436883,0.000285333,0.121946558,0.002111894,0.902587108,-1.492053570,0.119431329,true,OK
1785073980.185022354,0.026473604,0.056568411,8.726433912,7.456781066,0.014551068,0.122829757,-142.831572753,0.001057929,0.027976455,0.007833856,0.207162834,-1.484722684,0.109901254,true,OK
1785073981.184877872,0.026451530,0.000399518,7.969870147,7.603533524,0.015225250,0.121221557,-142.546890129,0.000250522,0.113640914,0.001853081,0.840588007,-1.518931032,0.110117722,true,OK
1785073982.184945345,0.026275085,0.066268240,8.692941855,7.588996836,0.015479944,0.121178256,-142.503623648,0.000320926,0.083929371,0.002612234,0.683157020,-1.516529105,0.116477962,true,OK
1785073983.184957504,0.024721122,0.133600776,7.933975400,7.561926653,0.015233437,0.121909052,-142.281972577,0.000035420,0.345484255,0.000262523,2.560652713,-1.512609743,0.118442716,true,OK
1785073984.185016394,0.027399602,0.064743499,8.683961635,7.522449957,0.013939289,0.121264144,-142.415627126,0.000463648,0.330430705,0.003430751,2.445015497,-1.487632024,0.120743732,true,OK
1785073985.184978247,0.027220566,0.131544367,7.950629840,7.504301615,0.014553406,0.120387577,-142.156815731,0.000876808,0.062557256,0.006490654,0.463086053,-1.516441986,0.117971453,true,OK
1785073986.184962749,0.025828862,0.062811461,8.668480283,7.480922077,0.013396752,0.115757608,-142.128805512,0.000696049,0.125114538,0.005150756,0.925846391,-1.503159025,0.120825747,true,OK
1785073987.184911966,0.025725473,0.128616884,7.928457124,7.473500844,0.013295906,0.119442869,-142.051406999,0.000386590,0.129721514,0.002863228,0.960766508,-1.514683180,0.122140971,true,OK
1785073988.185021877,0.025651770,0.060409295,8.688721053,7.447904767,0.012440805,0.118725537,-142.077876530,0.000531600,0.195835277,0.003935520,1.449800067,-1.502950114,0.125492091,true,OK
1785073989.185003042,0.025769028,0.004680517,7.941270151,7.602938390,0.013125985,0.119379221,-141.528021123,0.000863012,0.137056110,0.006372077,1.011958094,-1.503253595,0.131066537,true,OK
1785073990.184971333,0.026051121,0.070809846,8.670148217,7.561319117,0.013454665,0.118202409,-141.676008124,0.000915958,0.160712550,0.006783010,1.190135766,-1.514869467,0.141019805,true,OK
1785073991.184942961,0.025158214,0.002653925,7.953166407,7.526814027,0.011858623,0.117325011,-141.529981826,0.000404728,0.148037520,0.002991125,1.094066064,-1.540533996,0.135756314,true,OK
1785073992.184964657,0.026263083,0.069261715,8.721467380,7.508417623,0.012248608,0.117000592,-141.133225652,0.000535647,0.074018747,0.003968214,0.548350097,-1.534552614,0.129688552,true,OK
1785073993.184911966,0.026568638,0.000365111,7.971092332,7.501049207,0.012721106,0.116895027,-141.362258884,0.000243383,0.110143430,0.001788628,0.809446849,-1.513831691,0.125745130,true,OK
1785073994.184929848,0.024686305,0.052714072,8.636198286,7.411497771,0.012537289,0.116816861,-141.366754981,0.000648124,0.161925496,0.004797173,1.198512452,-1.499192039,0.126507891,true,OK
1785073995.187673092,0.018282363,0.120564212,7.859822818,7.466791307,0.011590075,0.116791743,-141.402261212,0.000522858,0.100870555,0.003912743,0.754851796,-1.527928825,0.120919508,true,OK
1785073996.185656548,0.128015633,0.039467596,8.590037103,7.433605552,0.012580817,0.115562836,-141.280361599,0.000157303,0.090654086,0.001165120,0.671459603,-1.545192612,0.126739397,true,OK
1785073997.184988976,0.027393044,0.107180511,8.332031932,7.512181219,0.013756213,0.117386792,-141.273855374,0.001207954,0.117033931,0.008942234,0.866377732,-1.527101057,0.119558190,true,OK
1785073998.184980154,0.125240892,0.037856614,222.029887613,131.372219009,0.011932612,0.118097649,-141.549257499,0.000785945,0.301964691,0.006397827,2.458084221,-1.513550507,0.118477034,true,OK
1785073999.185028791,0.023633008,0.105090492,44.249636846,33.546935674,0.011849797,0.116659610,-141.002407841,0.001001627,0.439240314,0.007411442,3.250117496,-1.482731784,0.119527082,true,OK
1785074000.185954094,0.121475336,0.018265011,16.050505121,11.722087591,0.012530064,0.117518613,-141.321766339,0.000769109,0.000000000,0.005751297,0.000000000,-1.485910044,0.108894226,true,OK
1785074001.184936285,0.024382359,0.087480739,9.779695477,8.392936191,0.012960650,0.117832903,-141.436099622,0.000932188,0.110143430,0.006804991,0.804048841,-1.506440289,0.127673380,true,OK
1785074002.186091661,0.017140641,0.005270461,8.277799635,7.596326276,0.012429674,0.118717038,-141.418733826,0.000676782,0.167858796,0.004947607,1.227128894,-1.546991971,0.100254182,true,OK
1785074003.185206175,0.127327646,0.064635970,9.349932441,7.475055768,0.011808344,0.114686641,-140.873340313,0.000274036,0.404935262,0.002026305,2.994211922,-1.531428839,0.118308360,true,OK
1785074004.184978247,0.026014525,0.118688407,8.189320152,7.417827691,0.012781038,0.116058572,-141.134813661,0.000808464,0.062557256,0.005981547,0.462839821,-1.520708363,0.108788581,true,OK
1785074005.184973717,0.028386320,0.048044496,8.847634183,7.460822784,0.011881548,0.116471024,-141.470202783,0.000500331,0.086229231,0.003704484,0.638446686,-1.533038586,0.117135402,true,OK
1785074006.184973478,0.025106617,0.104767672,8.270858024,7.437355303,0.012340962,0.115586611,-141.657338974,0.000160919,0.220286968,0.001207776,1.653366891,-1.531193700,0.131388280,true,OK
1785074007.184887409,0.024470785,0.048201625,272.903606156,123.241032877,0.011558099,0.114734502,-141.281128013,0.000622450,0.117033931,0.005070366,0.953337499,-1.535290364,0.121898161,true,OK
1785074008.185686350,0.027256172,0.103103171,63.676824388,31.695357470,0.011877744,0.115160239,-141.643162977,0.000450990,0.098911718,0.003336443,0.731753069,-1.536457891,0.117601997,true,OK
1785074009.184984207,0.122766660,0.033950428,20.335932269,11.513726040,0.010418189,0.116486922,-141.541615266,0.000598397,0.378459154,0.004463249,2.822805948,-1.520871227,0.109211047,true,OK
1785074010.185017347,0.025570635,0.088067714,10.283980217,8.181844587,0.009442625,0.113232703,-140.871548202,0.000800633,0.365304984,0.005819774,2.655389070,-1.504925773,0.135198483,true,OK
1785074011.184976101,0.125592564,0.031499372,9.238019507,7.653665168,0.010122283,0.113499748,-141.049490791,0.001289889,0.252564227,0.009512891,1.862652952,-1.517729087,0.133935397,true,OK
1785074012.185050964,0.020649804,0.084480826,8.507575372,7.436975082,0.009667391,0.115952779,-141.290468556,0.000422820,0.076616680,0.003128146,0.566832087,-1.523615669,0.125382729,true,OK
1785074013.185092449,0.126916821,0.017711824,8.824583401,7.583028975,0.009089500,0.114846961,-141.110406861,0.000438104,0.144017660,0.003271798,1.075535412,-1.536551814,0.114821364,true,OK
1785074014.186649799,0.007411496,0.083660454,8.305762191,7.516713224,0.009224182,0.114738220,-141.037214273,0.000320715,0.110143430,0.002358746,0.810065904,-1.499333468,0.122285947,true,OK
1785074015.185337782,0.018376286,0.001618314,7.810595532,7.434781261,0.009883349,0.114606992,-141.110093387,0.000808361,0.027976455,0.005932873,0.205329883,-1.509176104,0.118782035,true,OK
1785074016.184948683,0.424948299,0.070213034,8.733409724,7.757464435,0.008691315,0.114567641,-141.186247469,0.000187385,0.144017660,0.001388333,1.067023922,-1.503419893,0.125672337,true,OK
1785074017.189031124,0.078842159,0.126516132,8.472189862,7.559953625,0.008851960,0.114993617,-140.961376123,0.000663755,0.049928976,0.000818659,0.061581111,-1.525592334,0.124308109,false,LOW_ANGULAR_COVERAGE
1785074018.191264629,0.031825166,0.044674678,7.721402172,7.419787494,0.009411578,0.114674044,-140.755800728,0.000329868,0.110143430,0.002424441,0.809524022,-1.525380309,0.118536601,true,OK
1785074019.184969664,0.076231530,0.110077565,9.112474868,7.535928196,0.008967251,0.115363172,-140.731822809,0.000165337,0.126668806,0.001223590,0.937419890,-1.510316517,0.129573997,true,OK
1785074020.184941053,0.063341703,0.062686351,7.009426935,9.506555508,0.009724895,0.115021061,-140.647596591,0.001066889,0.400562687,0.007811899,2.932971887,-1.497614904,0.140394386,true,OK
1785074021.184936047,0.162240865,0.084922652,8.086352977,7.777664558,0.009264118,0.114474097,-140.872785033,0.000119712,0.196831898,0.000895007,1.471576445,-1.503574719,0.133098788,true,OK
1785074022.185002804,0.062899943,0.020813988,8.054747001,7.554533840,0.009305987,0.114845271,-140.824201471,0.000696696,0.111905833,0.005112099,0.821124255,-1.522967029,0.129173114,true,OK
1785074023.184963942,0.176501113,0.068037569,9.661555558,7.446881659,0.008345365,0.115109539,-140.511814184,0.000695774,0.132704012,0.005250606,1.001441233,-1.522835403,0.130046958,true,OK
1785074024.184966803,0.074279083,0.012997677,9.072241354,7.599791323,0.008716054,0.115000488,-140.472971532,0.000808386,0.120331298,0.005976943,0.889690673,-1.530184730,0.119365634,true,OK
1785074025.184989214,0.174825630,0.079388931,8.839720660,7.736027428,0.009491645,0.115550785,-140.786511406,0.000830450,0.137056110,0.006165248,1.017502943,-1.514418153,0.134044196,true,OK
1785074026.185008526,0.076196488,0.008749550,8.497912485,7.554922098,0.009548651,0.115957856,-140.895115076,0.000954980,0.034264021,0.007781358,0.279189664,-1.518376600,0.142169903,true,OK
1785074027.184888124,0.174768534,0.065178254,8.686705697,7.445115664,0.009032335,0.116753349,-140.818446076,0.001289638,0.096913294,0.009560193,0.718426226,-1.534375257,0.128679486,true,OK
1785074028.184920311,0.073484322,0.008450717,8.339095381,7.583675581,0.009915510,0.116549981,-140.890552249,0.000262001,0.118694067,0.001940485,0.879097108,-1.532637912,0.124846770,true,OK
1785074029.184941769,0.063601846,0.061736366,10.580952243,7.639432333,0.011741380,0.118614457,-140.767356701,0.000414441,0.123540700,0.002981270,0.888686815,-1.508013657,0.132251660,true,OK
1785074030.184975386,0.074122117,0.129435895,9.024836459,7.531665247,0.013953757,0.123133958,-140.889599216,0.002963425,0.055952910,0.021888740,0.413284927,-1.506902026,0.119769926,true,OK
1785074031.184959173,0.176059676,0.060092662,9.039267345,7.478459959,0.014718951,0.121939928,-140.836983998,0.001012679,0.000000000,0.007498816,0.000000000,-1.501747810,0.125980744,true,OK
1785074032.184958696,0.056795423,0.110821202,9.620808883,7.401596889,0.013669482,0.116258077,-140.518463119,0.001678584,0.115349902,0.013307777,0.914491262,-1.511878218,0.129380864,true,OK
1785074033.185010910,0.076583687,0.047206245,8.704612695,7.451271221,0.014194491,0.119138234,-140.833809010,0.001475512,0.188711590,0.010860653,1.389030630,-1.532201176,0.115697060,true,OK
1785074034.184956312,0.075813113,0.112811439,8.774326983,7.513926974,0.013388281,0.120412754,-140.761275556,0.000509455,0.154505069,0.003804319,1.153754606,-1.526357193,0.110936128,true,OK
1785074035.184972763,0.066987563,0.030962422,7.937840335,7.423837776,0.011844724,0.115939297,-140.854829483,0.001535473,0.137056110,0.011365361,1.014470381,-1.520717202,0.121075140,true,OK
1785074036.185066938,0.074170188,0.097177134,8.787634114,7.476165961,0.012484333,0.114493375,-140.631336522,0.000070700,0.141274205,0.000524770,1.048609672,-1.516180290,0.128448363,true,OK
1785074037.184973240,0.068129247,0.017716543,8.208826068,7.415609747,0.011897952,0.112248128,-140.980993282,0.000992299,0.096913294,0.007338737,0.716741093,-1.531514765,0.136020361,true,OK
1785074038.185082674,0.177857481,0.082913809,8.871766037,7.508236213,0.010872790,0.108581428,-140.795227235,0.000069002,0.111905833,0.000511149,0.828970792,-1.528407788,0.141647262,true,OK
1785074039.185011148,0.064235952,0.002453720,8.150187459,7.442334804,0.011944609,0.110503678,-140.844922232,0.001534548,0.027976455,0.011326775,0.206499244,-1.516339824,0.122699386,true,OK
1785074040.184973240,0.275174498,0.058351363,8.540249125,7.418347369,0.013415641,0.114783251,-140.977737535,0.000738604,0.000000000,0.005467272,0.000000000,-1.502752492,0.107826231,true,OK
1785074041.185270309,0.054407273,0.121237778,9.398707969,7.545522423,0.012197098,0.115199918,-140.973877617,0.000668032,0.131221234,0.004992897,0.980752155,-1.501458242,0.126483715,true,OK
1785074042.224592447,0.220996535,0.050004851,7.803592687,7.186204697,0.013543625,0.115061358,-140.846117808,0.000433947,0.139882314,0.003169609,1.021720292,-1.518614246,0.136767987,true,OK
1785074043.188959837,0.207773673,0.091281615,9.402935469,7.445965482,0.014333975,0.115607850,-140.994564433,0.000504402,0.377423687,0.003745390,2.802521483,-1.542134030,0.128943615,true,OK
1785074044.184959173,0.005673699,0.029671884,9.484343871,7.710431903,0.013242536,0.115552468,-140.655092332,0.000536344,0.131221234,0.003968129,0.970836903,-1.531820787,0.118432518,true,OK
1785074045.185010195,0.006181921,0.081681824,8.410496551,7.444540845,0.012246742,0.115532070,-140.714464025,0.000200547,0.055952910,0.001457999,0.406783307,-1.504265407,0.118568792,true,OK
1785074046.184948683,0.107076026,0.015936062,8.645504684,7.460954443,0.012437193,0.115139713,-140.863352250,0.000384807,0.090654086,0.002856811,0.673017657,-1.505325583,0.112427317,true,OK
1785074047.184959650,0.005848754,0.082189175,8.201633357,7.568847752,0.014224310,0.114912278,-141.026886295,0.000881095,0.312786672,0.006792766,2.411415053,-1.520306611,0.125881209,true,OK
1785074048.185019255,0.095505867,0.127790859,8.400849272,7.357367322,0.012794877,0.115317940,-140.832650563,0.000434853,0.113640914,0.003138135,0.820094129,-1.530197160,0.120542800,true,OK
1785074049.184891939,0.005753810,0.067945000,8.314443444,7.483941417,0.012774147,0.114744110,-140.724446920,0.000413311,0.039564681,0.003061704,0.293085581,-1.534101092,0.114644651,true,OK
1785074050.185250282,0.102966581,0.134764315,8.687555805,7.505027390,0.013467533,0.114548214,-140.667391441,0.000350512,0.110143430,0.002622774,0.824169716,-1.538154773,0.108370989,true,OK
1785074051.184944630,0.003667164,0.052724956,8.501252617,7.419900710,0.011987668,0.114783290,-140.543019676,0.000908434,0.323246547,0.006737882,2.397528760,-1.516849438,0.113848268,true,OK
1785074052.184931755,0.006119495,0.119270289,43.981043640,165.027919996,0.011603247,0.114946536,-140.621660560,0.000689534,0.154505069,0.005065275,1.134984267,-1.516833611,0.123060410,true,OK
1785074053.184955120,0.105102781,0.049227477,15.827092397,33.885501867,0.012900635,0.113619307,-140.488079349,0.000708025,0.034264021,0.005222346,0.252729256,-1.523950319,0.119997469,true,OK
1785074054.184958220,0.005931440,0.104654763,9.197604169,12.949722333,0.013426961,0.113727634,-140.460216966,0.000392118,0.108352360,0.002877071,0.795008556,-1.525447571,0.112570207,true,OK
1785074055.184917450,0.006076902,0.035871747,91.286736422,621.851710261,0.012896993,0.114424011,-140.843948166,0.000159254,0.104678325,0.001185644,0.779327373,-1.508961777,0.106927790,true,OK
1785074056.184984922,0.006342143,0.104110687,25.265773490,136.318261953,0.012596210,0.113766020,-140.173374014,0.001338885,0.251009959,0.009948046,1.865027968,-1.509290828,0.115019513,true,OK
1785074057.184965611,0.002950238,0.033593119,11.658660803,29.065645166,0.012271227,0.114079665,-140.145583402,0.001214570,0.096913294,0.009037191,0.721098183,-1.509430001,0.114619264,true,OK
1785074058.184948921,0.006844309,0.100940836,8.856341989,12.107523784,0.012557183,0.114454021,-140.418441461,0.000733986,0.231546534,0.005964981,1.881738782,-1.530368854,0.123673136,true,OK
1785074059.184988022,0.102634261,0.018854613,8.490102217,8.186981406,0.011721509,0.114662557,-140.550085107,0.000574367,0.117033931,0.004237128,0.863363703,-1.556647244,0.116855806,true,OK
1785074060.185753584,0.003937922,0.088009384,8.243892407,7.699413474,0.011356106,0.114268862,-140.145945013,0.000838747,0.106531181,0.006348597,0.806350023,-1.523486863,0.116888839,true,OK
1785074061.184926510,0.104177220,0.004354700,8.666522306,7.450045637,0.012604944,0.114475756,-140.211587680,0.000308879,0.121946558,0.002287805,0.903232699,-1.514723334,0.127599132,true,OK
1785074062.184905767,0.001876258,0.060912963,8.328021542,7.424626057,0.011906144,0.113540241,-140.572314990,0.000631843,0.123540700,0.004676192,0.914308797,-1.499507202,0.146819382,true,OK
1785074063.185187101,0.103675645,0.126904995,8.672038801,7.437125473,0.010989631,0.111992162,-140.184500624,0.000534631,0.102792073,0.003958301,0.761052640,-1.527529364,0.138673622,true,OK
1785074064.184958935,0.005605532,0.045953254,8.598938546,7.421324718,0.011847229,0.111853517,-140.059915562,0.000257860,0.076616680,0.001907112,0.566651121,-1.533440959,0.130383833,true,OK
1785074065.185098171,0.175356188,0.098200834,8.559034120,7.390061073,0.012087259,0.112638653,-140.159664005,0.000891435,0.175829360,0.006625361,1.306805710,-1.511565814,0.127896481,true,OK
1785074066.184959650,0.005885050,0.032219266,8.933376588,7.446818441,0.011415981,0.115109428,-140.350030202,0.000988469,0.098911718,0.007323297,0.732809659,-1.499788625,0.115713587,true,OK
1785074067.184957266,0.007281067,0.098508129,10.589820741,64.850315751,0.012185017,0.113570691,-140.358953315,0.000562898,0.098911718,0.004162389,0.731409898,-1.504378720,0.136786114,true,OK
1785074068.184912682,0.004185904,0.028371843,9.094926462,17.138355904,0.012977462,0.113819581,-140.368971328,0.000226865,0.206533808,0.001679731,1.529198728,-1.535113025,0.134792383,true,OK
1785074069.184912443,0.001369517,0.083128160,8.289738441,9.440079250,0.012460064,0.114026564,-140.641678257,0.000095207,0.102792073,0.000704247,0.760350659,-1.546774507,0.139421098,true,OK
1785074070.189624786,0.212033627,0.021233646,8.296289142,7.786470736,0.012230557,0.113408094,-140.390679284,0.000177832,0.096913294,0.001315317,0.716809894,-1.550009137,0.139955918,true,OK
1785074071.185218096,0.104837009,0.083183752,7.746114760,7.558016152,0.011867871,0.113685744,-140.421274176,0.000213612,0.106531181,0.001583310,0.789618224,-1.521437926,0.128242901,true,OK
1785074072.185005903,0.067749285,0.132844425,8.949698784,7.449717868,0.012408197,0.113297435,-140.500262866,0.000590613,0.110143430,0.004432843,0.826680476,-1.512151065,0.124168657,true,OK
1785074073.184931040,0.005894790,0.068226747,8.425954535,7.478511176,0.010532393,0.113980383,-140.802753181,0.000288681,0.113640914,0.002133602,0.839905569,-1.511814460,0.131765509,true,OK
1785074074.185108423,0.102251935,0.134196440,10.531177056,7.553958918,0.011706501,0.113012943,-140.548819419,0.000108112,0.076616680,0.000805525,0.570859900,-1.505611102,0.133845170,true,OK
1785074075.184907675,0.006319568,0.066130971,8.876557563,7.559517886,0.011657976,0.112951881,-140.252340357,0.000399754,0.131221234,0.002958662,0.971195596,-1.494955003,0.130441295,true,OK
1785074076.184960842,0.105623170,0.133094031,8.771507411,7.586101886,0.011247749,0.113655313,-140.155784654,0.000171685,0.111905833,0.001396652,0.910352809,-1.503240095,0.134939734,true,OK
1785074077.184952259,0.107097854,0.052361909,8.314045566,7.445504559,0.010474280,0.113260255,-140.641274000,0.000671359,0.104678325,0.004992745,0.778468656,-1.503059495,0.134446568,true,OK
1785074078.184958696,0.006632104,0.113138736,8.571410947,7.444982769,0.011120906,0.112554729,-139.997910741,0.000138797,0.144017660,0.001029473,1.068197788,-1.516061512,0.152660342,true,OK
1785074079.184971809,0.007399585,0.036926869,8.715636321,7.419872954,0.012566728,0.112697609,-140.252935244,0.000835340,0.102792073,0.006173050,0.759619737,-1.542268769,0.145969931,true,OK
1785074080.185359478,0.005696771,0.105314056,7.940071366,7.451572864,0.010416009,0.113777227,-140.791228556,0.000434030,0.121946558,0.003215152,0.903340743,-1.520646371,0.140921992,true,OK
1785074081.184926510,0.007203066,0.034134130,8.650328835,7.420388673,0.010454367,0.113798621,-140.579245637,0.000661458,0.081564685,0.004848370,0.597855000,-1.519662311,0.137322427,true,OK
1785074082.184989452,0.006536789,0.102823483,7.947092005,7.460314405,0.011093863,0.113714294,-140.321653190,0.000090046,0.110143430,0.000667175,0.816080068,-1.525716647,0.138261877,true,OK
1785074083.184963226,0.006279308,0.046281154,8.688889759,7.588291583,0.011260517,0.113690176,-140.185568114,0.000815507,0.413541727,0.006641795,3.368038965,-1.527802710,0.131686767,true,OK
1785074084.184933424,0.005582402,0.113191582,8.109828651,7.598419475,0.009505987,0.114363793,-140.373033690,0.000825212,0.332202472,0.006711066,2.701648696,-1.561347067,0.131136768,true,OK
1785074085.184912920,0.005787309,0.044719729,8.732915497,7.554501233,0.010902667,0.113359269,-140.421249430,0.000147082,0.117033931,0.001089006,0.866528113,-1.556452102,0.125175678,true,OK
1785074086.184926271,0.005871883,0.110678657,7.967663736,7.549227343,0.011678011,0.113499820,-140.447547652,0.000802008,0.237388267,0.005937540,1.757465576,-1.532539329,0.128850523,true,OK
1785074087.184890985,0.006320141,0.042437472,8.637813828,7.531824908,0.010576144,0.113886442,-140.448093267,0.000395210,0.048456644,0.002923998,0.358511229,-1.515359812,0.123763187,true,OK
1785074088.184907913,0.006095141,0.108926269,7.955317613,7.522910394,0.009160965,0.113886599,-140.620053383,0.000672179,0.118694067,0.004976138,0.878692313,-1.530873649,0.132710490,true,OK
1785074089.184916735,0.006160382,0.040694084,8.670742263,7.501749818,0.009038857,0.116198655,-140.302049307,0.000870399,0.052339156,0.006442965,0.387430982,-1.669526132,-0.032553955,true,OK
1785074090.184940100,0.006028031,0.106924825,8.054943524,7.497531043,0.008767280,0.117077377,-140.532581678,0.000150299,0.432958701,0.001111009,3.200418850,-1.686618058,-0.069765422,true,OK
1785074091.184955835,0.006421530,0.037221236,8.731082477,7.487210885,0.007184368,0.118047660,-140.872536575,0.000800580,0.083929371,0.005970914,0.625964974,-1.663666482,-0.069328029,true,OK
1785074092.185094595,0.006086234,0.105558714,7.993021483,7.510132501,0.007165320,0.117585866,-140.408915514,0.000257210,0.100870555,0.001903533,0.746513562,-1.637620071,-0.068255711,true,OK
1785074093.185414076,0.006767363,0.036553255,8.712722755,7.492560942,0.007112186,0.116945736,-140.393544120,0.000902027,0.135620930,0.006672404,1.003204120,-1.649629744,-0.073067709,true,OK
1785074094.184891701,0.005008254,0.103256605,7.967403002,7.501779888,0.007690617,0.117064191,-140.404196485,0.000290603,0.134170395,0.002171758,1.002692675,-1.643523042,-0.068431966,true,OK
1785074095.184891939,0.005605976,0.033894480,8.712534944,7.476448414,0.007903296,0.117493185,-140.086890195,0.000322069,0.303902437,0.002380809,2.246516067,-1.680965620,-0.070652987,true,OK
1785074096.184896946,0.006822363,0.101269902,8.041683610,7.487663768,0.011634120,0.115883317,-136.797557549,0.000948201,0.236562561,0.007021907,1.751865507,-1.713707961,-0.075026999,true,OK
1785074097.184931278,0.004319865,0.032423295,8.681745631,7.474178381,0.009684703,0.112166744,-140.033232149,0.000879257,0.048456644,0.006500297,0.358237423,-1.683175086,0.540038211,true,OK
1785074098.184941053,0.006123715,0.098942903,8.065394576,7.527600468,0.008500831,0.100958810,-143.169332760,0.004182374,0.322033601,0.030974670,2.384981783,-1.761415172,-0.043140980,true,OK
1785074099.184941530,0.006569696,0.030507557,8.837980064,7.589710600,0.036305824,0.094915347,-145.104193304,0.004334047,0.530817810,0.035368269,4.331773022,-1.827947255,0.575774207,true,OK
1785074100.184948444,0.007096121,0.084862789,8.284169326,7.450636615,0.043523339,0.070896875,-143.078207331,0.005162644,0.144017660,0.038203339,1.065724394,-2.111089288,1.172302551,true,OK
1785074101.184912443,0.104960931,0.015915167,8.615526905,7.481858157,0.062853249,0.049785971,-145.391770308,0.004923485,0.106531181,0.036441708,0.788502105,-2.694654376,1.155721136,true,OK
1785074102.184939146,0.005934345,0.070626934,8.340979596,7.426262844,0.084086973,0.033363418,-151.289164011,0.007610588,1.893929068,0.056375758,14.029361514,-2.149819772,0.901396253,true,OK
1785074103.184912205,0.106220390,0.001762072,8.718443278,7.458130069,0.059200651,0.007036933,-157.255895607,0.004390942,0.905686392,0.032122978,6.625764126,-2.510123952,1.134652044,true,OK
1785074104.184971094,0.005757567,0.056561228,8.367146663,7.431999466,0.046406550,0.032669144,-160.129502277,0.004484224,0.744673114,0.033205425,5.514261951,-4.276319147,0.117433018,true,OK
1785074105.184941053,0.004150532,0.123301757,7.666400599,7.463112348,0.047446765,0.026799039,-165.278167388,0.003930029,3.288428727,0.029192082,24.426303512,-3.604661193,-0.079611520,true,OK
1785074106.184922695,0.005826271,0.052713566,8.652320262,7.523519378,0.022444715,0.049382416,169.622606272,0.003653271,1.476312519,0.027419008,11.080215137,-4.367612548,-1.668107981,true,OK
1785074107.184916258,0.005600419,0.108815310,7.966624459,7.435622448,0.041691881,0.065025179,165.831556904,0.005909230,1.169523153,0.043809570,8.670556077,-5.755429081,-3.108565149,true,OK
1785074108.184909821,0.006984102,0.035545067,8.657203161,7.414816824,0.070266113,0.096067305,155.603431758,0.003204530,1.773102701,0.023203792,12.838922592,-5.360712015,-5.054067263,true,OK
1785074109.184885502,0.006274640,0.106511849,7.977158210,7.566354944,0.047833575,0.087393125,145.210920394,0.007323728,1.273646505,0.059552948,10.356666517,-3.948971615,-3.328094078,true,OK
1785074110.185292721,0.106750996,0.024906858,8.330685418,7.420127438,0.030984566,0.080551982,140.013413373,0.003255779,0.300014405,0.024088157,2.219681767,-5.357619219,-6.261509997,true,OK
1785074111.184944153,0.007163195,0.091266830,8.114402385,7.481613787,0.076544712,0.099874851,131.668373543,0.003054037,0.148037520,0.022577710,1.094403154,-5.948248518,-2.514473740,true,OK
1785074112.184969902,0.107052958,0.010746931,8.641966680,7.410425217,0.087414064,0.101539715,127.856918578,0.001264016,0.217605878,0.009349726,1.609596295,-6.887667994,-2.609396261,true,OK
1785074113.184947252,0.005133605,0.065876731,8.341320718,7.426271038,0.079179827,0.105344933,117.923381839,0.002120052,2.455191538,0.015686343,18.166048768,-5.475099685,-2.196472797,true,OK
1785074114.184957981,0.004762734,0.120060050,7.861208924,7.409168092,0.085404504,0.089549578,107.861639887,0.007451598,1.179519562,0.055255032,8.746364131,-4.949624278,-5.331189805,true,OK
1785074115.184962988,0.006606232,0.026598448,8.690896632,7.280031083,0.096031952,0.103347713,99.026538526,0.007777558,1.342463329,0.052784750,9.111033393,-2.334448574,-2.819650765,true,OK
1785074116.184925795,0.005839826,0.068467338,8.249258675,7.278020770,0.095668031,0.103491547,93.571979827,0.001347840,0.776321062,0.009933771,5.721596172,-1.121741922,-1.360740228,true,OK
1785074117.184973478,0.006497065,0.123288600,7.698571295,7.378549655,0.120000979,0.122418909,82.732722812,0.003202314,2.046696921,0.023725396,15.163626764,0.780654259,0.511197199,true,OK
1785074118.184994698,0.004822198,0.040492558,8.628840223,7.383607566,0.131869412,0.129883736,74.636650634,0.002804585,0.894162156,0.020744007,6.613635831,2.309607682,0.619206006,true,OK
1785074119.184933424,0.005245141,0.084466093,8.131785583,7.344004391,0.148679138,0.123637452,64.354042776,0.003243445,1.172030259,0.024000147,8.672537660,4.063744100,-1.450206622,true,OK
1785074120.184902430,0.105971954,0.003401163,8.618941553,7.392893258,0.157259712,0.122140277,59.160356259,0.002607376,0.845341137,0.019453570,6.307071255,2.575739428,-1.643755148,true,OK
1785074121.184912682,0.006955287,0.057965498,8.354938535,7.407824091,0.170765575,0.113949653,51.191712065,0.003743256,1.752453225,0.027741957,12.987752885,3.761597558,-0.853089621,true,OK
1785074122.184926271,0.006029047,0.098541740,7.894413342,7.331726891,0.200255590,0.107305354,39.407665184,0.001912264,0.824007522,0.014056897,6.057212524,3.408709505,0.772448597,true,OK
1785074123.184972763,0.105957840,0.018961253,8.512727678,7.398147060,0.235341307,0.131596129,37.150502514,0.012455552,0.294750570,0.092119065,2.179923153,4.193885390,0.818454410,true,OK
1785074124.184995651,0.008856099,0.073116605,8.341031564,7.399337877,0.424308403,0.180849259,36.765432044,0.023992046,0.200768942,0.177571416,1.485943495,4.025645258,0.943701414,true,OK
1785074125.184992075,0.106737282,0.127898699,8.659097978,7.405744145,0.637686455,0.230983718,32.503106467,0.030390793,0.544645474,0.225189574,4.035711765,3.512952320,1.761316486,true,OK
1785074126.184930801,0.007783508,0.045556716,8.607964767,7.388740607,0.939268656,0.442388600,33.643770816,0.051267116,0.333378412,0.379606805,2.468496837,1.705907188,-0.801188750,true,OK
1785074127.184938908,0.005886658,0.088748120,7.916195500,7.286616039,1.263384141,0.564381949,34.804431746,0.042149642,0.892409679,0.286947373,6.075368600,2.431000687,-2.013522981,true,OK
1785074128.184891462,0.104965301,0.007840471,8.575436135,7.384268666,1.451516071,0.623014223,21.388926199,0.029575031,2.163651104,0.218822007,16.008587903,1.506557762,0.406868692,true,OK
1785074129.184928417,0.006253898,0.062494377,8.347122825,7.403351275,1.593753297,0.735443224,-0.337780473,0.013485734,2.778758303,0.099881697,20.580791904,3.216059155,0.583508036,true,OK
1785074130.184975624,0.006549140,0.116695006,7.830849244,7.415843310,1.695904115,0.728833430,-10.715938728,0.012120271,1.373303554,0.089767781,10.171258610,2.554464794,1.403875548,true,OK
1785074131.184975863,0.107854350,0.023664245,8.358894908,7.357940793,1.797434987,0.685695645,-17.893376583,0.019732230,1.474986395,0.146842538,10.976496232,2.066806953,1.882271753,true,OK
1785074132.184945107,0.006306751,0.077626392,8.304754368,7.393846918,1.957139135,0.594791367,-24.370751677,0.014376834,0.842094236,0.106519426,6.239161864,2.479052288,0.567448989,true,OK
1785074133.185039520,0.109177181,0.131236317,8.743533740,7.397805597,2.000857564,0.579558962,-29.156657972,0.004509349,0.753034706,0.033225778,5.548509186,2.462704427,0.509795425,true,OK
1785074134.184965372,0.007939248,0.034880562,8.520052692,7.311686748,2.028140562,0.553200722,-29.711810788,0.002766000,0.034264021,0.020414033,0.252880239,1.314953413,-1.550914163,true,OK
1785074135.184931517,0.008542377,0.093209331,7.976707569,7.397321717,2.020509595,0.529482024,-31.807943651,0.000953366,0.094872788,0.007046457,0.701217589,1.259789061,-3.730134226,true,OK
1785074136.184965849,0.097741657,0.012505575,8.465510946,7.408216488,2.035446848,0.526385822,-32.963930962,0.005837420,0.019782341,0.043342733,0.146883506,0.601613355,-3.637991500,true,OK
1785074137.185750246,0.004551753,0.066912534,8.259995564,7.401567100,2.070821905,0.508614893,-33.967201471,0.006407137,0.039564681,0.047438625,0.292938035,2.371396811,-0.740791951,true,OK
1785074138.184966564,0.008333062,0.120406013,7.727358631,7.400955197,2.114113064,0.583213770,-35.704486933,0.017939179,0.546796877,0.132940637,4.052110026,1.589265484,-3.781458756,true,OK
1785074139.184961319,0.007111953,0.040135758,8.670633411,7.409526760,2.142771463,0.604654015,-45.419998671,0.004244329,0.355532771,0.031413313,2.631384876,0.751189342,-3.245321292,true,OK
1785074140.184922457,0.004734975,0.093933679,7.932649016,7.399740565,2.156915373,0.600752322,-48.704203673,0.002616423,0.503966202,0.019375162,3.731975933,0.705554617,-3.954963948,true,OK
1785074141.184888363,0.106404439,0.013461185,8.613490093,7.409407948,2.124621964,0.510674819,-45.020957609,0.011454290,0.326858356,0.084653694,2.415668503,-0.931693213,-3.539251880,true,OK
1785074142.187564850,0.007941544,0.058026193,8.504066987,7.365123969,2.116071344,0.450870498,-42.605015439,0.018970594,1.261915549,0.144434626,9.607727676,-0.918950038,-4.718287436,true,OK
1785074143.184943914,0.006257861,0.109953303,7.913667712,7.397180115,2.143827404,0.338000476,-39.104247443,0.003300653,0.233230523,0.024446863,1.727462561,-0.657443732,-4.725400161,true,OK
1785074144.185106516,0.006415194,0.027788571,8.660316806,7.388224070,2.165728463,0.273261462,-37.219480634,0.021257933,0.958383436,0.156084782,7.036858697,-1.372190849,-4.921926446,true,OK
1785074145.184974432,0.007355304,0.082848304,8.255216499,7.402865679,2.197927120,0.237105428,-33.101911352,0.006662728,1.151480781,0.049288184,8.518192462,-0.225816589,-3.648074496,true,OK
1785074146.184989452,0.106229417,0.002387719,8.655147062,7.404149002,2.374693015,0.122783173,-25.927603911,0.036664266,1.206258472,0.270883669,8.912103075,-1.930500447,-3.721033259,true,OK
1785074147.184972763,0.007614026,0.056758971,8.394157659,7.407757181,2.544114980,0.111528737,-24.460094305,0.004864977,0.822819282,0.036068295,6.100273651,-1.113281942,-3.140061389,true,OK
1785074148.184857130,0.007760581,0.110832483,7.922590319,7.406130576,2.557113623,0.100623995,-24.972353197,0.001144569,1.245998006,0.008492978,9.245606131,-0.906004442,-2.501509233,true,OK
1785074149.184969187,0.007176230,0.030366677,8.696541854,7.404565951,2.552031303,0.093923477,-39.302022201,0.001641956,2.088722434,0.012159147,15.467581356,-1.073673699,-2.305361436,true,OK
1785074150.184960604,0.006141658,0.082727209,8.269842152,7.384644506,2.542990235,0.052101787,-45.132719494,0.001755696,1.279471590,0.012992985,9.468698666,-0.986815240,-2.782111427,true,OK
1785074151.184911251,0.105690766,0.003506587,8.644638703,7.403889217,2.556150051,0.060371605,-55.536300780,0.000795852,1.788488129,0.005890539,13.237588107,-0.148256447,-1.313634339,true,OK
1785074152.184910297,0.007045452,0.057168357,8.337748312,7.405479410,2.542626406,0.042144379,-68.517403467,0.001249486,1.653747493,0.009253585,12.247513512,-0.155401014,-1.240874525,true,OK
1785074153.184961557,0.006792416,0.111486997,8.016352283,7.400080416,2.510008669,0.004738645,-72.632658108,0.007770311,0.899616489,0.057507782,6.658028228,-0.467529173,-0.595901613,true,OK
1785074154.185028315,0.006728990,0.028760345,8.707663637,7.375490034,2.454190349,-0.026859388,-81.885342380,0.008771300,1.416374300,0.064888779,10.478127857,0.773746507,-1.546091947,true,OK
1785074155.184917927,0.007353008,0.085205313,8.164471918,7.405851479,2.428307835,-0.038318232,-87.752851392,0.001925470,1.011237148,0.014243357,7.480467558,0.226990085,-0.534820306,true,OK
1785074156.185054779,0.106876835,0.004798215,8.610541100,7.407880122,2.433545656,-0.043441036,-97.977608187,0.002619922,2.116553534,0.019159442,15.478317942,0.595763659,-0.035095277,true,OK
1785074157.184958935,0.006311583,0.058613205,8.307180089,7.399004223,2.420977026,-0.046518301,-107.716082728,0.002774179,1.020099638,0.020534671,7.550849845,0.337939856,-1.141387098,true,OK
1785074158.184983015,0.008188358,0.113317213,7.864404475,7.403336272,2.395895288,-0.050703537,-113.315523329,0.005526694,0.547154608,0.040898753,4.049064287,0.072882270,-0.786366957,true,OK
1785074159.184964418,0.007032637,0.032765152,8.652869957,7.407532209,2.320931312,-0.044809402,-118.572161032,0.008379482,0.633038154,0.062050059,4.687647123,-0.797268230,-0.765747061,true,OK
1785074160.184993744,0.007415673,0.086862456,8.194137649,7.402787054,2.302525153,-0.041249543,-125.080967977,0.003661991,0.947913183,0.027081129,7.010000016,-0.446757167,0.228140792,true,OK
1785074161.184903383,0.105299890,0.006045953,8.625400186,7.414457683,2.330391187,-0.044158766,-134.830973958,0.002366719,1.890929974,0.017263864,13.793251464,0.982945003,-1.374621027,true,OK
1785074162.184937716,0.005592232,0.072295497,8.364640982,7.519671134,2.326849354,-0.036075201,-146.054444108,0.003535025,1.139694543,0.026162546,8.434822448,0.347947676,-1.847342002,true,OK
1785074163.184966564,0.105987332,0.126545300,8.672861303,7.423471955,2.284403724,-0.021990142,-147.979899408,0.004054442,0.578783880,0.029994220,4.281765476,0.523140075,-2.282824811,true,OK
1785074164.184937000,0.006827804,0.044848818,8.610107805,7.398433274,2.272942968,-0.019013969,-156.368034664,0.001327565,1.244740931,0.009756588,9.147897654,0.944856891,-0.626742419,true,OK
1785074165.184962988,0.006755526,0.099853267,8.087527164,7.402449218,2.252183730,-0.004346559,-168.696941690,0.002808370,1.708460617,0.020767789,12.634000338,1.666144070,-0.702134772,true,OK
1785074166.185805082,0.106652663,0.020104246,8.536168164,7.406441474,2.232199369,0.008182207,-178.342221181,0.004871221,1.567729265,0.036068645,11.608151233,1.555128538,-0.539896694,true,OK
1785074167.184969902,0.006732230,0.073596881,8.364340418,7.402251672,2.206230324,0.047009247,168.931301849,0.007547570,1.970898896,0.055801856,14.571552613,1.170789148,-0.787444291,true,OK
1785074168.185162783,0.108476696,0.003994993,8.724170168,7.489293477,2.193180529,0.056039798,166.271347342,0.004683899,0.705543814,0.034616179,5.214294596,0.929944693,-0.815222433,true,OK
1785074169.184988260,0.006039435,0.059344312,8.364607067,7.425119401,2.096639580,0.138125993,167.046216796,0.026899199,0.369035414,0.199082692,2.731254734,0.676163212,-0.932383345,true,OK
1785074170.184908390,0.004016271,0.113252076,7.915342707,7.403509684,1.967979222,0.213507717,164.243407822,0.029042326,0.308376558,0.215025573,2.283179573,0.482779795,0.459715774,true,OK
1785074171.184925079,0.004459030,0.032836242,8.599263090,7.409064014,1.762207051,0.277226444,163.503367956,0.023343003,0.439685584,0.173421069,3.266535316,0.125070103,1.147111015,true,OK
1785074172.184913397,0.003682123,0.087077005,8.104410092,7.404827846,1.697987107,0.366322498,155.621187901,0.003623387,1.530718177,0.026802142,11.322701910,-0.782724392,2.332853339,true,OK
1785074173.184943438,0.105080271,0.006414971,8.654569025,7.409214965,1.693410453,0.412861137,149.872755867,0.015387236,1.017602884,0.113743194,7.522169742,-1.133434237,0.438882465,true,OK
1785074174.184902191,0.005459788,0.060719011,8.389109521,7.405989061,1.684531037,0.511300200,138.752438969,0.011357153,0.723616761,0.084232276,5.366827880,0.074831570,1.326829780,true,OK
1785074175.184931993,0.008753727,0.114153645,7.906663517,7.401796725,1.723904358,0.610916052,133.391537815,0.011755856,1.147736024,0.087062298,8.499979571,-0.091366593,0.244201248,true,OK
1785074176.184926271,0.007890302,0.046513885,8.727980689,7.466403601,1.743954257,0.699085212,140.525187614,0.007436919,1.620154062,0.055083559,12.000110876,-0.404744833,1.837892456,true,OK
1785074177.185253382,0.007961524,0.086032209,8.204057961,7.354896768,1.731384451,0.698933987,141.799675927,0.006177783,0.092787413,0.045751015,0.687158836,0.130939241,1.610055222,true,OK
1785074178.185033321,0.107619653,0.007071488,8.720031984,7.401778108,1.704641615,0.693313055,142.594587596,0.006257729,0.266144404,0.046286595,1.968592498,0.881632786,-0.309491091,true,OK
1785074179.185176373,0.003834642,0.073104952,8.311008535,7.511524490,1.659724786,0.667691403,145.205269672,0.009792221,3.048509581,0.072507473,22.572991436,-0.643210717,0.022287470,true,OK
1785074180.184971809,0.105339101,0.128122118,8.667004512,7.430932096,1.609197134,0.672920917,161.743627833,0.011714082,1.829275778,0.086788445,13.552918696,-0.219884864,2.175123013,true,OK
1785074181.185084820,0.006031786,0.047570735,8.659518738,7.409637062,1.520034701,0.569811340,174.388259180,0.014361616,1.664363635,0.106301184,12.319214209,-1.147759243,1.756843572,true,OK
1785074182.184925079,0.005993564,0.101735920,7.950577614,7.415449342,1.465828954,0.559241342,-176.360596328,0.004351712,1.159440513,0.032240201,8.589860291,-2.321927745,1.388208590,true,OK
1785074183.184935570,0.105688098,0.020188021,8.499425970,7.412632356,1.460463013,0.542886132,-169.869825778,0.003701770,1.039858095,0.027475506,7.718098642,-2.549522999,0.992748590,true,OK
1785074184.184937716,0.006120989,0.075070075,8.350298175,7.407971803,1.463474272,0.515347058,-159.996805262,0.002597009,0.908490825,0.019212517,6.720959438,-2.484261208,1.349223111,true,OK
1785074185.184996605,0.105999133,0.129626185,8.692408522,7.413128482,1.475877295,0.472508882,-150.399729191,0.011289217,1.555825419,0.083587201,11.519584766,-1.460187620,1.525917031,true,OK
1785074186.184936285,0.005732009,0.048434473,8.547909949,7.403412395,1.513316873,0.415314080,-142.083300196,0.009632788,1.188938393,0.071369926,8.808918904,-1.905476016,0.232444158,true,OK
1785074187.184949875,0.005451898,0.102953323,7.907882075,7.404137255,1.521701215,0.324080593,-140.300617461,0.045861708,0.559531338,0.339685808,4.144303928,0.209302912,1.361898682,true,OK
1785074188.185037613,0.104546449,0.021525000,8.329466761,7.401217307,1.334964026,0.031717407,-147.416506801,0.066682223,0.027976455,0.493631558,0.207102589,0.480304269,-0.784479012,true,OK
1785074189.184944153,0.005813101,0.076488145,8.289662813,7.407460999,0.896535018,-0.305300580,-157.711063647,0.078977272,2.064216569,0.584580651,15.279092752,-0.277398866,-1.038869150,true,OK
1785074190.184944391,0.105553761,0.130641365,8.662215843,7.405004268,0.598440214,-0.453070790,-159.616246665,0.038456484,0.577429955,0.284696930,4.274767753,-2.868083585,0.905733134,true,OK
1785074191.184971571,0.007290191,0.049066766,8.583913796,7.398733905,0.401440116,-0.502858513,-157.321149825,0.011696519,0.568551083,0.086665842,4.212702887,-3.517214224,0.329885421,true,OK
1785074192.184939146,0.005509843,0.104302151,8.004988010,7.414155925,0.375808854,-0.519693047,-156.393247469,0.001574547,0.412119794,0.011789376,3.085735257,-2.354232095,-0.642468389,true,OK
1785074193.184989214,0.106120776,0.023522329,8.432447894,7.409049618,0.366726883,-0.509379249,-156.995248549,0.003273025,0.065610604,0.024227559,0.485662296,-1.402712175,0.228465936,true,OK
1785074194.184916496,0.005641619,0.077612511,8.365126209,7.406464379,0.367559119,-0.510884737,-157.293093536,0.000212487,0.765917030,0.001573672,5.672355219,-1.375642327,-0.249247303,true,OK
1785074195.184954166,0.104291057,0.131674045,8.703371837,7.402441822,0.367889849,-0.510266677,-157.845106830,0.000889718,0.447187079,0.006579646,3.307039997,-1.325097368,-0.329761444,true,OK
1785074196.184957266,0.004625362,0.051201132,8.573456521,7.414907116,0.367681850,-0.509987687,-157.938243399,0.000516786,0.065610604,0.003827310,0.485911084,-1.292588037,-0.348955612,true,OK
1785074197.184873581,0.006251619,0.105006054,7.930010751,7.406809371,0.367075302,-0.509491034,-158.067525952,0.000099254,0.121946558,0.000736907,0.905391099,-1.284222209,-0.328798688,true,OK
1785074198.185004950,0.106411162,0.024179346,8.276654972,7.401589865,0.368199327,-0.509978202,-158.008632708,0.000160915,0.164324520,0.001203044,1.228534303,-1.290273826,-0.316810283,true,OK
1785074199.184907198,0.001362571,0.078645044,8.192807899,7.404723273,0.369124143,-0.509563663,-158.325712627,0.000160244,0.128204252,0.001186094,0.948944276,-1.290045459,-0.301271629,true,OK
1785074200.184976578,0.106100143,0.132032189,8.684925510,7.393513152,0.370077512,-0.508554735,-158.458801044,0.001405854,0.202708782,0.010338749,1.490734151,-1.290949816,-0.106680497,true,OK
1785074201.184966326,0.007462154,0.052426683,8.506578394,7.409730422,0.368703498,-0.513109560,-158.100915714,0.000599246,0.086229231,0.004435795,0.638294292,-1.277282359,-0.089652303,true,OK
1785074202.184955120,0.005208269,0.106426011,7.894702297,7.395681028,0.370121752,-0.509020935,-157.717169653,0.000223035,0.121946558,0.001651723,0.903095894,-1.271676716,-0.093500746,true,OK
1785074203.185002327,0.006334489,0.037882968,8.711033944,7.461724076,0.370537825,-0.508903801,-158.004046996,0.000391118,0.135620930,0.002902206,1.006345079,-1.280780917,-0.091494755,true,OK
1785074204.184985399,0.006389341,0.091946351,8.030014044,7.410509833,0.369653346,-0.508649708,-157.864693051,0.000381953,0.117033931,0.002823761,0.865227230,-1.295668604,-0.094994221,true,OK
1785074205.184965611,0.104602938,0.011415757,8.594223586,7.405260362,0.370856131,-0.509403587,-157.714441322,0.000110007,0.027976455,0.000817282,0.207847024,-1.284656521,-0.112037118,true,OK
1785074206.184947729,0.006798839,0.065770658,8.376511157,7.402624928,0.371149460,-0.507993751,-157.853998222,0.000240018,0.151951085,0.001776267,1.124522427,-1.276939571,-0.115720250,true,OK
1785074207.184914351,0.005751675,0.119598448,7.886456382,7.407678295,0.371229104,-0.506568391,-157.637694569,0.000368007,0.159490387,0.002724488,1.180765363,-1.278150604,-0.106146508,true,OK
1785074208.184887886,0.005551138,0.037098395,8.663670428,7.386101974,0.372059141,-0.506420469,-157.462852071,0.000581518,0.071326251,0.004291607,0.526388070,-1.288624577,-0.093806951,true,OK
1785074209.184907198,0.005909822,0.093033995,7.961822484,7.401889717,0.373830023,-0.506022691,-157.804158965,0.000506958,0.256408663,0.003745736,1.894514760,-1.290393893,-0.099313715,true,OK
1785074210.184948206,0.106653414,0.012756754,8.596501445,7.415722798,0.374235277,-0.504064311,-157.386839953,0.000550837,0.092787413,0.004083246,0.687815021,-1.276532019,-0.103459045,true,OK
1785074211.184946060,0.007007469,0.065786933,8.329611525,7.392527054,0.374238913,-0.502757041,-157.398408423,0.000626063,0.044234660,0.004601637,0.325130253,-1.250089115,-0.094579747,true,OK
1785074212.184943199,0.006477933,0.121358737,7.751009941,7.404089205,0.374890503,-0.502873095,-156.968082026,0.000218734,0.106531181,0.001618707,0.788366157,-1.254907029,-0.098877529,true,OK
1785074213.184990883,0.007468430,0.037651708,8.629565526,7.378681947,0.374660706,-0.502570315,-156.985804979,0.000403338,0.000000000,0.002979990,0.000000000,-1.270581778,-0.105585758,true,OK
1785074214.184902191,0.005117435,0.093964694,7.944318224,7.399818381,0.375085078,-0.502234943,-156.793694183,0.000118880,0.104678325,0.000879869,0.774757199,-1.281897248,-0.104611894,true,OK
1785074215.184900284,0.007056561,0.026142747,8.222920906,7.116815311,0.375446284,-0.503017004,-156.700864043,0.000211917,0.151951085,0.001567720,1.124104680,-1.277347317,-0.106707751,true,OK
1785074216.184925556,0.004247251,0.079651646,8.163386774,7.337114533,0.375871450,-0.502766557,-156.616290808,0.000197930,0.115349902,0.001456873,0.849036884,-1.259209923,-0.112579398,true,OK
1785074217.184989691,0.105298301,0.133374841,8.651909022,7.379195641,0.376855116,-0.502514563,-156.921099522,0.000728199,0.104678325,0.005377109,0.772957033,-1.254600292,-0.116889676,true,OK
1785074218.184950113,0.007119301,0.053518621,8.530228536,7.400380807,0.375923146,-0.502111501,-157.055835189,0.000293566,0.106531181,0.002170342,0.787586905,-1.251265474,-0.128670659,true,OK
1785074219.184903383,0.005608879,0.108098461,8.094639183,7.406227601,0.376716254,-0.502424259,-156.870072778,0.000156381,0.000000000,0.001157107,0.000000000,-1.265883670,-0.111755814,true,OK
1785074220.184976816,0.006398692,0.025551544,8.737582944,7.385828046,0.377274079,-0.502876713,-156.922224648,0.000145893,0.108352360,0.001079357,0.801620412,-1.277373856,-0.127705546,true,OK
1785074221.184930325,0.006489506,0.081670789,8.268290950,7.406547770,0.376640775,-0.502091265,-156.941799504,0.000103687,0.111905833,0.000771364,0.832508210,-1.256684762,-0.116178813,true,OK
1785074222.184990406,0.105541502,0.000260703,8.644710961,7.402572537,0.376430067,-0.501892242,-156.730071498,0.000951333,0.117033931,0.007035606,0.865527340,-1.255075191,-0.116277978,true,OK
1785074223.184958220,0.006863228,0.067096964,8.348867536,7.501331662,0.377210882,-0.499697020,-156.526013885,0.000499645,0.104678325,0.003706345,0.776499460,-1.262699158,-0.275265304,true,OK
1785074224.184940815,0.007599207,0.121783043,7.711409442,7.428050599,0.378550164,-0.501506869,-156.634587632,0.002142556,0.128204252,0.015866706,0.949416806,-1.339963165,-0.342120529,true,OK
1785074225.184979916,0.006524357,0.040971828,8.551856747,7.412990854,0.379822984,-0.504009167,-156.557835056,0.000683941,0.169020462,0.005065247,1.251760123,-1.099445399,0.055892487,true,OK
1785074226.184936285,0.006793931,0.094413706,7.927597118,7.400009350,0.373945764,-0.506316834,-162.357168154,0.003009724,1.679346615,0.022252072,12.416070494,-1.989368493,0.395658357,true,OK
1785074227.185080051,0.104768612,0.013846381,8.586961065,7.399013621,0.371800028,-0.496241196,-169.916301392,0.000799053,0.858889778,0.005916449,6.359498174,0.502643879,-1.373150821,true,OK
1785074228.184989929,0.005765044,0.068826255,8.401787286,7.409359851,0.373181351,-0.492610889,-177.714723932,0.000329394,1.224452708,0.002439774,9.069343555,1.578039710,-1.769841425,true,OK
1785074229.184913158,0.005551156,0.121727373,7.704385442,7.391967037,0.369523369,-0.496757631,175.603487539,0.000823240,1.312986154,0.006100550,9.729768964,1.848683560,-1.188246877,true,OK
1785074230.184908867,0.007172468,0.053084693,8.654248178,7.495372482,0.389161454,-0.501013707,164.806349099,0.003220266,1.607299432,0.024116671,12.037113236,1.139165789,-1.422369353,true,OK
1785074231.184941292,0.007536615,0.108515139,8.035552766,7.425739546,0.404416112,-0.513414864,157.179950103,0.008070078,0.455424901,0.059757732,3.372354023,2.068804934,-0.880023029,true,OK
1785074232.184934378,0.007966799,0.027586223,8.716712311,7.407578652,0.430975086,-0.519521868,145.129005949,0.001805455,1.264394267,0.013449021,9.418602097,2.010227975,-1.849894253,true,OK
1785074233.184996605,0.006600691,0.081907116,8.270218388,7.407831395,0.432590288,-0.530536665,138.139659738,0.001294132,1.331044854,0.009570608,9.843593847,2.529518425,-1.641624544,true,OK
1785074234.184922934,0.107510584,0.000630480,8.657905521,7.405530878,0.436205906,-0.535007649,129.244409936,0.000041840,0.931462352,0.000309088,6.881020096,2.348760182,-1.947401098,true,OK
1785074235.184860229,0.006892690,0.067591829,8.296362705,7.469197894,0.427923943,-0.528205654,116.169676562,0.005147968,1.761586575,0.038135717,13.049687072,1.619163011,-1.072438124,true,OK
1785074236.184931993,0.004939787,0.122050202,7.677380375,7.420395787,0.435240020,-0.509997678,107.136217136,0.005257487,2.521113323,0.038937341,18.671554419,0.224101268,0.028794239,true,OK
1785074237.184904337,0.005304341,0.040105698,8.599512402,7.397063468,0.462981196,-0.520009488,91.342173610,0.004767215,2.380554860,0.035276045,17.615432048,0.045752686,0.183239693,true,OK
1785074238.184863567,0.005508396,0.095526439,7.950177939,7.407875670,0.480679987,-0.528531151,78.384334654,0.002603495,1.543576435,0.019280939,11.431405611,0.002643834,1.673481977,true,OK
1785074239.184968472,0.005319768,0.026652743,8.670033557,7.438469148,0.491316146,-0.526746332,67.392497936,0.002419213,1.211438637,0.017896525,8.961817480,1.056144336,1.952357604,true,OK
1785074240.184924603,0.006016951,0.081198022,8.265772730,7.418623548,0.502926622,-0.528245363,60.436910148,0.002619257,1.308357740,0.019359268,9.670241292,1.136738362,1.819821943,true,OK
1785074241.185454369,0.106360915,0.134667710,8.683925522,7.397197437,0.486490191,-0.518034661,81.389648598,0.002607284,3.061901234,0.019308837,22.675613436,0.522827798,2.800491559,true,OK
1785074242.184902191,0.006115506,0.066731384,8.393455574,7.480008184,0.456997999,-0.513951813,104.382037561,0.006154775,2.740169015,0.045556417,20.282184281,-1.006258013,2.446433712,true,OK
1785074243.184932470,0.006454079,0.120697460,7.694565682,7.421985756,0.436811317,-0.511664823,122.391007168,0.002911133,2.851628951,0.021591808,21.150469200,-0.785805878,2.870930123,true,OK
1785074244.185127020,0.004698268,0.038914125,8.590831709,7.391378842,0.403382909,-0.502512349,141.276558343,0.005560681,3.147280520,0.040781850,23.082051696,-2.393661833,1.142178310,true,OK
1785074245.184950352,0.005739989,0.094407271,7.927822083,7.405967807,0.393849872,-0.492281123,158.059432261,0.003344027,2.309358035,0.024731948,17.079681528,-1.765510451,0.856770991,true,OK
1785074246.184964180,0.107326096,0.013524194,8.608333190,7.412732420,0.373343284,-0.480954840,156.707877963,0.008935884,3.343280269,0.066181120,24.761067901,-0.397662667,1.292869305,true,OK
1785074247.184948206,0.006776875,0.067553380,8.387576601,7.404184529,0.351887574,-0.462407607,157.283658134,0.014670135,6.872067194,0.108640797,50.891614246,-3.055538299,1.304945353,true,OK
1785074248.184989929,0.006357598,0.122033323,7.713638741,7.401441251,0.328407589,-0.528979593,-163.102819038,0.011944447,4.146804213,0.088292115,30.652747881,-2.966280288,-0.213121141,true,OK
1785074249.184958458,0.006095321,0.040406250,8.622044824,7.391908044,0.334807112,-0.549467679,-139.960597652,0.003318090,0.052339156,0.024521837,0.386804512,-1.380299292,0.982486106,true,OK
1785074250.184911251,0.007561540,0.083373106,8.164026467,7.323750580,0.342873318,-0.532533657,-139.340469410,0.002563197,0.231546534,0.018978526,1.714426477,-1.434117370,-0.505262429,true,OK
1785074251.185004473,0.004676768,0.125301649,7.634545026,7.262862261,0.345380276,-0.531786590,-139.078655426,0.001358118,0.356082708,0.009215162,2.416108271,-1.396814119,-0.497386292,true,OK
1785074252.185362101,0.003476789,0.045328424,8.547585842,7.384668216,0.345655070,-0.535796972,-139.460746887,0.000385067,0.184517467,0.002852812,1.367017165,-1.425788816,-0.160524311,true,OK
1785074253.184910059,0.005891210,0.084523306,8.106138577,7.319833145,0.346721521,-0.526628576,-138.833018955,0.001600640,0.088469326,0.011802223,0.652323107,-1.377069052,-0.152513421,true,OK
1785074254.184976101,0.105750706,0.138685638,8.635923681,7.365327523,0.346532237,-0.527508570,-138.979920462,0.000569868,0.110143430,0.004193331,0.810481420,-1.356361897,-0.139549650,true,OK
1785074255.184936285,0.004939675,0.047193698,8.537467937,7.372602203,0.346542230,-0.528166023,-139.253393119,0.000406937,0.237388267,0.003012598,1.757408563,-1.383295766,-0.141675107,true,OK
1785074256.184908390,0.006877005,0.087730835,8.147205094,7.303060680,0.346278870,-0.527914332,-139.130184017,0.000350598,0.196831898,0.002583318,1.450318283,-1.405597843,-0.119290801,true,OK
1785074257.184962511,0.106871868,0.009187036,8.660558538,7.391218922,0.346740197,-0.528058560,-138.932097572,0.000219426,0.148037520,0.001623368,1.095218991,-1.385016335,-0.117842610,true,OK
1785074258.184940338,0.006568320,0.051016096,8.472599787,7.353414489,0.347247897,-0.527217778,-138.865830041,0.000186717,0.106531181,0.001380477,0.787629989,-1.371421695,-0.126133796,true,OK
1785074259.184905529,0.004769472,0.105238556,7.904863818,7.404122662,0.347360089,-0.525479150,-138.820673753,0.000338922,0.282548624,0.002548970,2.124993263,-1.358695756,-0.127713607,true,OK
1785074260.184965611,0.105003445,0.010393386,8.573090371,7.353525115,0.347576046,-0.522458212,-138.484286903,0.000150696,0.088469326,0.001116411,0.655412616,-1.380519559,-0.116021069,true,OK
1785074261.185063124,0.005689821,0.053958774,8.343812573,7.273450254,0.347888524,-0.523469323,-138.445496591,0.000822234,0.165510998,0.005579399,1.123101681,-1.403368219,-0.119956697,true,OK
1785074262.184895277,0.005465729,0.108058641,7.867006293,7.373524380,0.347775580,-0.523403496,-138.806687520,0.000371700,0.153233400,0.002751636,1.134362688,-1.389488949,-0.123597772,true,OK
1785074263.184942484,0.105123295,0.015360282,8.309259717,7.274573866,0.346670738,-0.529111030,-138.873376980,0.000659558,0.102792073,0.004876246,0.759962415,-1.388580960,-0.119851029,true,OK
1785074264.184906721,0.008289853,0.069651593,8.387590345,7.381983713,0.348168278,-0.526783866,-138.652805442,0.001725569,0.094872788,0.012761810,0.701651798,-1.344022971,-0.085893891,true,OK
1785074265.184889078,0.006618578,0.111000985,7.681434421,7.271233277,0.351132547,-0.516304586,-138.319408788,0.001882508,0.120331298,0.012692528,0.811315529,-1.363385576,-0.098804779,true,OK
1785074266.185030222,0.006693800,0.031234711,8.656491951,7.391414174,0.351593765,-0.510673072,-138.229005536,0.000302910,0.121946558,0.002242113,0.902636193,-1.367412655,-0.110595569,true,OK
1785074267.184981823,0.007175855,0.073183288,8.275082371,7.338615903,0.351444288,-0.509295226,-137.930377980,0.000506031,0.000000000,0.003747387,0.000000000,-1.375957872,-0.127348385,true,OK
1785074268.184983253,0.106593623,0.127038523,8.673779350,7.392897852,0.352196726,-0.509699169,-137.766506807,0.000266337,0.421508743,0.001974411,3.124727883,-1.366638062,-0.130293631,true,OK
1785074269.185135841,0.007187206,0.032789985,8.613616415,7.344154585,0.352851778,-0.509197881,-138.128273032,0.000293186,0.367441312,0.002155507,2.701430359,-1.343749847,-0.131460275,true,OK
1785074270.184920311,0.006392876,0.087446996,8.138066862,7.385779180,0.352124131,-0.509188355,-138.044714961,0.000766270,0.309642997,0.005644076,2.280721124,-1.357088361,-0.129418394,true,OK
1785074271.184954405,0.104148831,0.130582828,8.611511158,7.355941793,0.352527746,-0.510062964,-137.855919074,0.000125204,0.371677097,0.000927070,2.752075590,-1.382681543,-0.128783754,true,OK
1785074272.184955835,0.006468060,0.049619744,8.615950331,7.399677671,0.352480426,-0.510155627,-137.728774389,0.000522407,0.228997300,0.003864890,1.694175379,-1.399584649,-0.136809832,true,OK
1785074273.184907436,0.005580785,0.090951987,7.986215198,7.345198702,0.352811076,-0.509762347,-137.906000564,0.000524507,0.281855253,0.003885515,2.087967597,-1.393800006,-0.144708580,true,OK
1785074274.184968472,0.104810753,0.010792106,8.585557727,7.398807764,0.352087989,-0.510793392,-137.457177241,0.000963296,0.343780950,0.007131460,2.545073864,-1.411123157,-0.137989476,true,OK
1785074275.184875250,0.006827077,0.052065460,8.518966808,7.368091148,0.352676948,-0.510182332,-137.347667658,0.000683662,0.120331298,0.005062935,0.891127064,-1.407574208,-0.123375569,true,OK
1785074276.184903860,0.006299745,0.106986525,8.012365672,7.406779233,0.353369893,-0.510462125,-137.772588400,0.000506492,0.253337773,0.003747758,1.874556503,-1.443765678,-0.118549225,true,OK
1785074277.185056686,0.105318640,0.013853377,8.521396908,7.353897673,0.352801949,-0.510281031,-137.674267347,0.000190784,0.118694067,0.001424848,0.886453572,-1.427428549,-0.130322792,true,OK
1785074278.184954882,0.007873242,0.068135202,8.362544604,7.392575677,0.353405448,-0.509128422,-137.486888661,0.000248919,0.144017660,0.001839935,1.064533646,-1.405552590,-0.128113017,true,OK
1785074279.184956074,0.006378652,0.110133480,7.930101614,7.340510820,0.353917592,-0.507891483,-137.397240340,0.000223980,0.115349902,0.001658541,0.854148817,-1.385742918,-0.130584068,true,OK
1785074280.184934855,0.005237637,0.028996491,8.688887767,7.389707230,0.355642281,-0.508325852,-137.229946049,0.000861587,0.055952910,0.006376185,0.414080041,-1.312414036,-0.095706879,true,OK
1785074281.184955120,0.003934361,0.070883065,8.267502559,7.348175419,0.354783082,-0.516714531,-137.153880805,0.001394865,0.139882314,0.010325422,1.035472582,-1.334061938,-0.069521720,true,OK
1785074282.184904099,0.005805839,0.124863556,7.683217642,7.385344428,0.354977951,-0.515672103,-136.864846449,0.000123948,0.108352360,0.000916350,0.801050080,-1.349147086,-0.090814562,true,OK
1785074283.185028076,0.006516838,0.032577558,8.661916132,7.354253399,0.355416787,-0.515092889,-137.603640468,0.001104001,0.250229210,0.008174072,1.852707775,-1.320224334,-0.089677671,true,OK
1785074284.184875727,0.004878637,0.084433979,8.128159436,7.368829235,0.354569092,-0.514881223,-137.679806709,0.000594622,0.121946558,0.004396417,0.901627548,-1.284315586,-0.091269238,true,OK
1785074285.184988022,0.106028689,0.127614474,8.640175031,7.291873512,0.354538389,-0.515543880,-137.578478451,0.000566994,0.170174190,0.004185806,1.256301960,-1.299578615,-0.070794970,true,OK
1785074286.184940815,0.006631022,0.047971744,8.620055976,7.392396530,0.354251445,-0.515470028,-137.552508121,0.000818295,0.098911718,0.006054145,0.731796650,-1.312274856,-0.071759966,true,OK
1785074287.184923887,0.006900078,0.086598732,8.152444175,7.270964824,0.353740917,-0.514763712,-137.634789782,0.000339670,0.160712550,0.002517862,1.191310869,-1.309968880,-0.082211110,true,OK
1785074288.185434341,0.104823117,0.009585238,8.617122162,7.390966703,0.352876292,-0.515188938,-137.648787298,0.000312482,0.034264021,0.002311941,0.253507191,-1.339760439,-0.085308706,true,OK
1785074289.184938192,0.007437149,0.063309709,8.369028398,7.404238703,0.354116232,-0.514870613,-137.287791089,0.000341253,0.118694067,0.002525682,0.878479320,-1.306586790,-0.088987846,true,OK
1785074290.184940100,0.006890707,0.105360040,7.912319169,7.369342768,0.353622131,-0.515114854,-137.489847468,0.000467534,0.139882314,0.003459397,1.035023843,-1.316029001,-0.080409103,true,OK
1785074291.184943438,0.104928133,0.023766169,8.308108935,7.389602147,0.352964472,-0.514787580,-137.363714685,0.000498629,0.065610604,0.003695005,0.486196448,-1.341758338,-0.078740089,true,OK
1785074292.184901476,0.004968377,0.066758201,8.340812679,7.357939508,0.354203867,-0.515326816,-137.300193872,0.000729961,0.100870555,0.005407930,0.747301186,-1.343871796,-0.077337159,true,OK
1785074293.184915543,0.005980375,0.120616227,7.704692801,7.397262822,0.353959500,-0.515360739,-137.812425277,0.000204297,0.000000000,0.001513480,0.000000000,-1.355722476,-0.074526997,true,OK
1785074294.184906960,0.006314301,0.027663733,8.578898615,7.325805289,0.353091911,-0.514316970,-137.714262258,0.000153968,0.184517467,0.001141383,1.367848789,-1.344853914,-0.090105350,true,OK
1785074295.184885740,0.004989581,0.079671189,8.218216447,7.367434068,0.352599876,-0.519492072,-137.539572044,0.003000647,0.000000000,0.022342803,0.000000000,-1.314315325,-0.060141217,true,OK
1785074296.184914112,0.107406180,0.136088875,8.697680956,7.404280976,0.353549158,-0.518789211,-137.491267636,0.000187386,0.019782341,0.001382983,0.146001692,-1.337836193,-0.069970413,true,OK
1785074297.184942007,0.006777780,0.038483709,8.598844471,7.331090253,0.353704142,-0.521243939,-137.795881633,0.000427483,0.044234660,0.003144414,0.325374243,-1.362091088,-0.059328314,true,OK
1785074298.184910774,0.001892737,0.097215869,7.896709956,7.408530345,0.351975960,-0.524401167,-137.732586237,0.000557694,0.118694067,0.004137730,0.880632986,-1.356507834,-0.044513707,true,OK
1785074299.185034037,0.104886574,0.004273139,8.571710483,7.420832537,0.352541555,-0.524101901,-137.300170602,0.000378261,0.359364667,0.002743413,2.606365219,-1.335803904,-0.049310869,true,OK
1785074300.184967518,0.102261579,0.045056878,8.179805265,7.377796884,0.354124698,-0.523988368,-137.574861874,0.000624104,0.249446032,0.004634056,1.852170149,-1.311021588,-0.049216527,true,OK
1785074301.185023546,0.002749475,0.061768265,14.499575403,901.218411270,0.352707849,-0.527770015,-138.034604755,0.000531242,0.454134102,0.003720961,3.180874415,-1.313692904,-0.056410565,true,OK
1785074302.185148954,0.106531069,0.130642179,11.322914990,195.126396525,0.353097148,-0.528445257,-137.216532388,0.001017963,0.027976455,0.007566856,0.207958249,-1.333813793,-0.043397883,true,OK
1785074304.210131168,1.232345516,1.195798064,8.570245582,46.733666803,0.353771033,-0.527679680,-137.476573031,0.000295377,0.027976455,0.002152930,0.203913188,-1.349099623,-0.052807820,true,OK
1785074304.245677710,1.267897897,1.231350630,8.570245582,46.733666803,0.353771033,-0.527679680,-137.476573031,0.000295377,0.027976455,0.002152930,0.203913188,-1.349099623,-0.052807820,false,STALE_SCAN
1785074305.185060263,0.011324196,0.124846099,25.164471633,383.617929644,0.352266422,-0.527691108,-137.060164692,0.000117587,0.120331298,0.000849232,0.869049429,-1.336631960,-0.051805143,true,OK
1785074306.184961319,0.120089646,0.037845505,12.012535642,70.475905051,0.353040877,-0.527880728,-136.990324113,0.000410808,0.125114538,0.003040685,0.926063606,-1.312636097,-0.052831063,true,OK
1785074307.185051918,0.020355305,0.091621953,8.950990587,20.610110133,0.353329572,-0.527744063,-137.077548617,0.000449157,0.142652530,0.003315740,1.053080530,-1.328449884,-0.032354393,true,OK
1785074308.185198784,0.019322881,0.001316534,7.937735493,9.593482262,0.352744801,-0.527138720,-137.428706238,0.000388463,0.417309857,0.002871990,3.085260360,-1.330283409,-0.045342017,true,OK
1785074309.184925556,0.017047534,0.043444491,8.663199461,7.804594955,0.353519980,-0.527711501,-136.915520195,0.000332474,0.138476416,0.002462097,1.025471313,-1.317665296,-0.063413570,true,OK
1785074310.185314894,0.016399462,0.079850627,8.290126311,7.329531050,0.353638154,-0.527569896,-136.940239963,0.000292536,0.164324520,0.002159996,1.213322246,-1.297014823,-0.061679086,true,OK
1785074311.184955835,0.019816454,0.138562730,7.776573827,7.396886925,0.353364622,-0.526928864,-137.725720596,0.000928145,0.100870555,0.006855588,0.745063172,-1.310623942,-0.068645884,true,OK
1785074312.184961557,0.019390380,0.046701798,8.645063059,7.377358082,0.352810651,-0.526730652,-137.445199987,0.001257967,0.434312413,0.009306369,3.213018247,-1.330033228,-0.061271438,true,OK
1785074313.185003281,0.019405047,0.093334409,9.023915986,7.327668598,0.353178958,-0.527517431,-137.028216825,0.000946005,0.243893275,0.006919526,1.783950025,-1.348188301,-0.052649871,true,OK
1785074314.184957266,0.115382524,0.003705936,8.735312541,7.342403262,0.352850877,-0.527495001,-137.043050275,0.000344146,0.203671772,0.002545647,1.506557645,-1.349173321,-0.057958474,true,OK
1785074315.185232639,0.021318320,0.049700401,8.677065598,7.358558291,0.352238302,-0.527904321,-137.043680080,0.000253104,0.128204252,0.001876009,0.950251250,-1.322230066,-0.063529837,true,OK
1785074316.185058117,0.020458915,0.090617248,8.436821875,7.285227429,0.352964590,-0.528921691,-137.031959836,0.000406882,0.128204252,0.003003011,0.946217529,-1.331036723,-0.045624822,true,OK
1785074317.184935331,0.116393668,0.144523823,8.683658924,7.381078575,0.353721183,-0.528626561,-137.022888210,0.001530690,0.189745630,0.011539201,1.430408770,-1.332302846,-0.059562966,true,OK
1785074318.184952497,0.021267968,0.050842564,8.626154046,7.357215872,0.352709520,-0.527657270,-136.956012147,0.000455257,0.207479056,0.003356127,1.529523909,-1.343626083,-0.051870962,true,OK
1785074319.185029745,0.018075123,0.104876824,7.938113604,7.374342241,0.351809208,-0.528808552,-136.599695596,0.000501517,0.039564681,0.003694513,0.291460104,-1.330207023,-0.056608521,true,OK
1785074320.185022354,0.120599453,0.014067874,8.637318863,7.373203239,0.353500466,-0.529938836,-136.873017342,0.000351488,0.160712550,0.002597813,1.187811612,-1.323794262,-0.066031285,true,OK
1785074321.184961557,0.019503138,0.054033889,8.504998904,7.348055229,0.353921317,-0.529023994,-136.982688490,0.001092127,0.281160175,0.008299296,2.136593054,-1.325662518,-0.049713088,true,OK
1785074322.185046196,0.018007234,0.096574806,8.228938442,7.300011047,0.352488019,-0.528916052,-136.734288257,0.000507816,0.065610604,0.003756827,0.485388019,-1.331948729,-0.036218399,true,OK
1785074323.184946060,0.113513430,0.005216783,8.530820838,7.273226878,0.352853954,-0.529100292,-136.441885591,0.000786671,0.086229231,0.005716238,0.626572813,-1.338690568,-0.036621828,true,OK
1785074324.184980154,0.020286766,0.059473190,8.589962836,7.375245413,0.353552812,-0.528872398,-136.670171644,0.000034614,0.000000000,0.000256476,0.000000000,-1.341965162,-0.048149264,true,OK
1785074325.185101032,0.018328345,0.113696725,7.917043653,7.396664164,0.352303777,-0.528265875,-136.527462465,0.000255730,0.092787413,0.001894350,0.687332987,-1.338485098,-0.038200846,true,OK
1785074326.184968472,0.120657004,0.033067254,8.552815852,7.405047143,0.353067680,-0.528500439,-136.492495905,0.000341609,0.137056110,0.002529702,1.014934264,-1.324927567,-0.037009469,true,OK
1785074327.184959173,0.020045989,0.074984411,8.328484935,7.306194531,0.353696359,-0.528352019,-136.541160643,0.000355177,0.229850193,0.002627185,1.700165682,-1.313226821,-0.035191448,true,OK
1785074328.184984207,0.020071618,0.129031612,7.858179385,7.382545430,0.354248336,-0.527408714,-136.600766223,0.000664348,0.110143430,0.004916847,0.815172754,-1.347471442,-0.037489322,true,OK
1785074329.184948206,0.019748785,0.047846495,8.659138937,7.397318936,0.353974398,-0.526893705,-136.512572192,0.000104938,0.212142087,0.000776938,1.570660097,-1.341056220,-0.047527377,true,OK
1785074330.184976578,0.020261154,0.102791083,8.156513428,7.406783237,0.354900758,-0.527124109,-136.657949456,0.000285628,0.382061172,0.002123739,2.840750447,-1.325523032,-0.029240587,true,OK
1785074331.184938669,0.116458031,0.021937872,8.574067260,7.407884116,0.355528845,-0.526664933,-136.774147058,0.001519374,0.149353439,0.011292661,1.110061359,-1.315103615,-0.052549202,true,OK
1785074332.184947491,0.019663655,0.076113054,8.345619714,7.403536590,0.353588167,-0.528351439,-136.627940149,0.000342441,0.217605878,0.002535556,1.611234287,-1.313001795,-0.046330488,true,OK
1785074333.184999704,0.019641840,0.130421903,7.894896242,7.407993009,0.353842706,-0.526083374,-136.465891356,0.000963835,0.120331298,0.007139289,0.891314439,-1.334110080,-0.045288872,true,OK
1785074334.184962749,0.113202926,0.036522040,8.222881881,7.273239627,0.354157900,-0.527060666,-136.507853931,0.000567900,0.027976455,0.004199072,0.206859060,-1.361500555,-0.045910022,true,OK
1785074335.184895039,0.018912602,0.089767187,8.264586117,7.357646598,0.353326239,-0.528076541,-136.636780001,0.000320706,0.108352360,0.002371676,0.801285253,-1.345509824,-0.046355402,true,OK
1785074336.185004711,0.119214207,0.010760251,8.732875048,7.412174403,0.352754814,-0.528318012,-136.676057738,0.000196365,0.128204252,0.001468031,0.958459189,-1.345740511,-0.041664019,true,OK
1785074337.184973717,0.018801769,0.050998726,8.655460168,7.348247315,0.352942439,-0.529212109,-136.538595515,0.000256510,0.039564681,0.001898814,0.292877303,-1.333752391,-0.040395721,true,OK
1785074338.184979677,0.019368341,0.093558491,7.719915147,6.769984449,0.343941147,-0.533784351,-137.252764770,0.022784116,2.081495027,0.167919566,15.340675819,-1.337864688,-0.035749749,true,OK
1785074339.184938431,0.119810426,0.001675051,8.548617634,7.197266849,0.342918103,-0.533484280,-137.371506885,0.000378022,0.230699911,0.002823251,1.722976898,-1.367275329,-0.039665008,true,OK
1785074340.184989452,0.017183920,0.053863181,8.642063051,7.355603784,0.343349397,-0.534525338,-137.371136704,0.000266955,0.154505069,0.001998658,1.156760291,-1.343078709,-0.047521463,true,OK
1785074341.185823202,0.020071579,0.096756946,8.331263980,7.342174665,0.344117210,-0.534495044,-137.452754817,0.000388319,0.135620930,0.002835735,0.990385121,-1.324972428,-0.047826194,true,OK
1785074342.184952259,0.005271190,0.001553848,7.688531049,7.340239794,0.344317288,-0.533479061,-137.497753684,0.000260061,0.088469326,0.001870855,0.636441198,-1.340366314,-0.028263846,true,OK
1785074343.184880018,0.000791127,0.044836851,8.324732826,7.320451426,0.344719181,-0.533554276,-137.355495811,0.000342375,0.139882314,0.002540824,1.038092113,-1.332617956,-0.031836308,true,OK
1785074344.184946537,0.014259131,0.100848563,8.072796850,7.391910612,0.346092440,-0.533683400,-137.248167860,0.000038359,0.234902452,0.000283536,1.736324524,-1.355508635,-0.027543227,true,OK
1785074345.184999228,0.113677290,0.020403393,8.507922434,7.428019468,0.345728633,-0.533292068,-137.650461439,0.000153509,0.120331298,0.001140723,0.894182514,-1.351302217,-0.045799270,true,OK
1785074346.185122490,0.014324779,0.062438140,8.540817887,7.384174724,0.344881485,-0.533039113,-137.438361784,0.000097593,0.106531181,0.000724295,0.790630648,-1.316377405,-0.047959566,true,OK
1785074347.185178995,0.017240512,0.100665896,8.046185224,7.310609342,0.345140233,-0.533401419,-137.236228212,0.000464478,0.117033931,0.003429407,0.864102893,-1.323267516,-0.042121699,true,OK
1785074348.185008287,0.118182296,0.009628235,8.637367359,7.285452986,0.345871966,-0.533347040,-137.572019902,0.000940192,0.238211092,0.006382868,1.617190345,-1.332327818,-0.038516998,true,OK
1785074349.184989452,0.019188155,0.065539873,8.591417377,7.391316122,0.344891419,-0.532184624,-137.135735629,0.000856505,0.039564681,0.006339898,0.292860135,-1.337403496,-0.047217848,true,OK
1785074350.184935331,0.018906915,0.107338266,8.125636841,7.388918813,0.344505620,-0.532695669,-137.445224747,0.000537602,0.366374709,0.003994636,2.722338403,-1.335251921,-0.040990617,true,OK
1785074351.184997082,0.117907961,0.014317149,8.666150620,7.325308454,0.343791888,-0.539509695,-137.200378087,0.001533077,0.257930381,0.011432263,1.923404464,-1.335502350,-0.094730928,true,OK
1785074352.185038805,0.016528032,0.067994791,8.606998130,7.385368573,0.345550728,-0.538480139,-137.132985457,0.000306956,0.065610604,0.002283278,0.488040944,-1.319869772,-0.070505037,true,OK
1785074353.185961485,0.019857246,0.100883319,8.135096572,7.254710565,0.343934997,-0.529000331,-137.038688783,0.001191019,0.083929371,0.008713087,0.613998351,-1.326523641,-0.095090016,true,OK
1785074354.184976578,0.114267932,0.017275530,8.521193516,7.356777107,0.345659338,-0.520876281,-136.966007939,0.001551563,0.153233400,0.011472071,1.132989194,-1.347745091,-0.149906453,true,OK
1785074355.184967756,0.019617339,0.072081483,8.406943252,7.399599166,0.345628448,-0.519910101,-136.887795158,0.000626001,0.128204252,0.004633822,0.949001447,-1.344158231,-0.141983187,true,OK
1785074356.185108662,0.011526730,0.113696859,7.843149155,7.373539677,0.345147903,-0.523706487,-137.127320861,0.001018271,0.259443188,0.007534525,1.919706709,-1.324981865,-0.124080729,true,OK
1785074357.184978008,0.099080322,0.020706817,8.356093461,7.375654994,0.344679493,-0.525081947,-136.827017693,0.001029685,0.132704012,0.007607536,0.980446297,-1.318532984,-0.120606963,true,OK
1785074358.184997320,0.017292827,0.062673580,8.557061054,7.366567304,0.344698394,-0.521760592,-137.005647384,0.000387815,0.000000000,0.002871184,0.000000000,-1.362978273,-0.124333531,true,OK
1785074359.186332941,0.116947627,0.098814451,7.733775020,7.046574156,0.342698362,-0.519749130,-137.151310439,0.001537356,0.132704012,0.011401959,0.984213246,-1.425668474,-0.306926514,true,OK
1785074360.185127020,0.118127920,0.010887380,9.648529107,7.337462073,0.342558253,-0.518379837,-136.892193993,0.000447378,0.115349902,0.003268803,0.842813118,-1.401767787,-0.383401452,true,OK
1785074361.184965611,0.020632687,0.053473604,8.708204600,7.298914496,0.342383319,-0.518787742,-136.642575929,0.000632785,0.106531181,0.004719038,0.794463419,-1.439314573,-0.400214538,true,OK
1785074362.185193539,0.221009932,0.106268838,8.677118954,7.367595812,0.343231948,-0.519202823,-136.813770608,0.001294826,0.153233400,0.009576477,1.133307809,-1.417662158,-0.361735848,true,OK
1785074363.184904337,0.119098304,0.014659222,8.940262326,7.399396941,0.341730128,-0.520687615,-136.793103176,0.000243930,0.144017660,0.001831251,1.081179014,-1.411416989,-0.373786872,true,OK
1785074364.184979439,0.004636617,0.068738878,8.407619725,7.408541153,0.341835310,-0.520819641,-136.607263674,0.000902226,0.106531181,0.006679664,0.788707738,-1.412472354,-0.375481123,true,OK
1785074365.185280561,0.051158923,0.101241406,7.053539397,7.354210307,0.343125869,-0.520492293,-136.730888964,0.000818828,0.166689032,0.006007801,1.223009945,-1.410168575,-0.379203523,true,OK
1785074366.184983253,0.115832867,0.017754936,9.050482880,7.386801278,0.341677147,-0.520476292,-136.694491786,0.000312998,0.139882314,0.002319124,1.036443641,-1.420756099,-0.396074467,true,OK
1785074367.185290098,0.016787975,0.072166461,8.520680898,7.484391472,0.341465241,-0.521050155,-136.392556921,0.000519088,0.121946558,0.003890224,0.913909516,-1.403214368,-0.394036391,true,OK
1785074368.185048342,0.018787952,0.114224871,8.107679392,7.434758984,0.342489148,-0.520967628,-136.290550934,0.000148540,0.102792073,0.001162405,0.804402214,-1.386996967,-0.386973631,true,OK
1785074369.184904099,0.110311380,0.020177263,15.137208801,7.435846175,0.343083497,-0.520512227,-136.636071861,0.000858840,0.360452001,0.006323281,2.653856883,-1.391629736,-0.388820298,true,OK
1785074370.184906960,0.020013671,0.060757934,10.122556315,7.368457652,0.341378044,-0.520249463,-136.641740358,0.000642270,0.148037520,0.004717442,1.087327773,-1.416414269,-0.381237301,true,OK
1785074371.185991526,0.084350003,0.082372767,12.831502842,7.364043478,0.342262139,-0.520525107,-136.161209649,0.001049701,0.279764815,0.006870439,1.831099870,-1.401861299,-0.384912530,true,OK
1785074372.184990883,0.012864540,0.121498683,9.327947249,7.714866094,0.342821174,-0.520052720,-136.435891183,0.000140159,0.088469326,0.001038902,0.655762275,-1.398490645,-0.394940290,true,OK
1785074373.185066223,0.094849456,0.033913449,8.459181783,7.383075871,0.341176409,-0.519926277,-136.367172183,0.000416037,0.000000000,0.003125147,0.000000000,-1.392627773,-0.393208997,true,OK
1785074374.186512709,0.113711443,0.075797080,14.807991560,7.393956111,0.342429565,-0.519396203,-136.191177124,0.000617862,0.117033931,0.004655847,0.881899864,-1.389326966,-0.389007618,true,OK
1785074375.185103178,0.002073254,0.118916818,9.121356012,7.515100910,0.342307082,-0.519483945,-135.741445613,0.000236771,0.360452001,0.001788853,2.723291872,-1.405043667,-0.393111098,true,OK
1785074376.185283184,0.091058317,0.019260597,8.433778299,7.326366531,0.342361968,-0.518664613,-136.090432194,0.000920395,0.383594550,0.006241062,2.601097520,-1.413727537,-0.392453140,true,OK
1785074377.184927940,0.001562126,0.054837597,9.371486585,7.337836987,0.341257878,-0.518944801,-136.165588501,0.000256318,0.100870555,0.001935122,0.761540601,-1.391951010,-0.393660811,true,OK
1785074378.184961081,0.015011793,0.104180004,8.138427178,7.299986661,0.342687295,-0.519029986,-136.105877868,0.000123657,0.098911718,0.000837341,0.669778467,-1.380419056,-0.384624816,true,OK
1785074379.184996367,0.107329310,0.023156828,8.683949718,7.395479914,0.342092684,-0.518369673,-135.983827550,0.000082540,0.131221234,0.000609454,0.968901781,-1.377237235,-0.379684629,true,OK
1785074380.184995890,0.009526160,0.062037447,8.515900552,7.342813054,0.341917270,-0.518007702,-136.263728689,0.000812753,0.405900560,0.005872339,2.932731674,-1.402304558,-0.369672685,true,OK
1785074381.184982538,0.013852037,0.099627051,8.436437463,7.232922636,0.342086130,-0.518383241,-135.994282055,0.000208560,0.371150265,0.001515894,2.697659571,-1.410252449,-0.372249970,true,OK
1785074382.184892654,0.104767704,0.026356504,8.573980897,7.404494360,0.342733788,-0.517687602,-136.209303627,0.000540046,0.320816066,0.004053043,2.407721645,-1.395360857,-0.371327454,true,OK
1785074383.185013771,0.086996714,0.019566134,9.642066462,6.977770770,0.341208869,-0.518036932,-135.968529724,0.000455898,0.281160175,0.003301527,2.036107242,-1.369633419,-0.375978811,true,OK
1785074384.188317299,0.206697544,0.097243631,8.382922408,6.525563733,0.341671239,-0.518417977,-135.875002850,0.000418532,0.121946558,0.003098049,0.902670308,-1.393987810,-0.372551319,true,OK
1785074385.342065573,0.332222153,0.711907867,7.083962578,7.093198307,0.342235078,-0.518210588,-135.729861650,0.000574708,0.175829360,0.004406198,1.348057240,-1.420963941,-0.371801216,false,STALE_SCAN
1785074386.185385704,0.043991309,0.039142192,6.906720340,10.119576153,0.342048400,-0.518604404,-135.806461108,0.000331393,0.185574892,0.002264058,1.267835195,-1.410623295,-0.379265108,true,OK
1785074387.184962988,0.161030274,0.069010501,10.720532335,7.914412213,0.341395056,-0.518770038,-135.604814860,0.000341903,0.138476416,0.002353850,0.953349004,-1.396264811,-0.391798492,true,OK
1785074388.185759783,0.056544719,0.124011502,8.527168449,7.437853982,0.342366991,-0.518165104,-135.638853655,0.000676354,0.251788307,0.005002401,1.862259067,-1.396849098,-0.391833470,true,OK
1785074389.185158968,0.055799888,0.034915629,7.617946589,7.307814986,0.342359668,-0.517293035,-136.188796313,0.000293543,0.019782341,0.001994840,0.134435453,-1.400837608,-0.395536280,true,OK
1785074390.185009718,0.155700823,0.078652660,8.876733462,7.268759226,0.341265469,-0.517368879,-136.130141463,0.000825748,0.193826655,0.006112361,1.434745626,-1.402685241,-0.393430417,true,OK
1785074391.186123848,0.034707499,0.081193060,8.107447363,6.953066605,0.341855800,-0.517608867,-136.005872851,0.000480193,0.369565261,0.003275865,2.521165134,-1.406580366,-0.398284156,true,OK
1785074392.185356855,0.056498552,0.027560889,8.964354206,8.034247628,0.342415183,-0.517475342,-135.954539157,0.000286295,0.102792073,0.002279123,0.818303033,-1.405028161,-0.405884850,true,OK
1785074393.186766148,0.137759981,0.069133166,8.263620290,7.574972869,0.342810488,-0.517318697,-136.277073070,0.001028684,0.144017660,0.007470638,1.045902665,-1.389800272,-0.400015842,true,OK
1785074394.185005903,0.031131527,0.108855466,8.788931227,7.700710248,0.342268227,-0.517670397,-136.331342798,0.000047512,0.394657242,0.000363989,3.023467048,-1.377010447,-0.394178633,true,OK
1785074395.184971094,0.060167523,0.150327168,8.789212642,7.437126714,0.342967586,-0.517537366,-136.024463852,0.000235674,0.229850193,0.001759570,1.716086248,-1.389936570,-0.398852831,true,OK
1785074396.184928179,0.163192337,0.048424110,9.098169185,7.390572576,0.342973977,-0.516842955,-136.264431423,0.000431552,0.288035534,0.003198540,2.134838106,-1.417827768,-0.399985269,true,OK
1785074397.185248375,0.054126965,0.087220320,8.836346815,7.262888609,0.341804155,-0.517004780,-136.243672464,0.000147176,0.305827937,0.001005182,2.088735636,-1.411210416,-0.393909944,true,OK
1785074398.185027838,0.020797907,0.103582757,8.686221371,7.255960890,0.342066206,-0.517463657,-135.825775010,0.000308980,0.228997300,0.002193594,1.625758640,-1.421768027,-0.386311841,true,OK
1785074399.185031414,0.133643916,0.040304039,10.282303668,7.461336572,0.343288245,-0.517654149,-135.959078658,0.000247455,0.123540700,0.001831919,0.914577554,-1.416149762,-0.384593332,true,OK
1785074400.185002804,0.014741941,0.081097946,11.716648187,7.435496332,0.342606726,-0.516862470,-136.165983853,0.000537560,0.340923183,0.003947241,2.503360291,-1.423985111,-0.370701447,true,OK
1785074401.188102961,0.117613439,0.117497365,8.259808876,7.389774481,0.343214126,-0.518077816,-135.653698766,0.000372760,0.019782341,0.002813876,0.149331979,-1.427277598,-0.377647667,true,OK
1785074402.188391447,0.059064024,0.011207507,10.360278537,8.005979751,0.343007754,-0.517666973,-135.772314444,0.000508221,0.288035534,0.001253735,0.710558100,-1.408454307,-0.380568960,true,OK
1785074403.187905788,0.021269127,0.058613099,10.022509478,7.890320036,0.343037690,-0.517159927,-136.041779121,0.000323626,0.086229231,0.002194571,0.584737445,-1.388729826,-0.374431138,true,OK
1785074404.187027216,0.127170893,0.090813882,8.203305036,7.491267779,0.342467616,-0.517343964,-136.351083817,0.000392174,0.111905833,0.002594054,0.740206085,-1.385606356,-0.369917853,true,OK
1785074405.185003281,0.014240590,0.008999827,8.343583691,7.458952655,0.343532229,-0.517603247,-135.796027887,0.000072381,0.288035534,0.000539792,2.148070774,-1.384665351,-0.374142093,true,OK
1785074406.184985638,0.121561333,0.041694793,8.683499704,7.282806642,0.343601219,-0.516523636,-136.188012997,0.000397451,0.000000000,0.002962045,0.000000000,-1.407930907,-0.373643576,true,OK
1785074407.185110092,0.021231331,0.079972910,8.510561765,7.243399899,0.342905627,-0.516302319,-136.745680141,0.000329098,0.110143430,0.002435210,0.815022551,-1.424985986,-0.394364148,true,OK
1785074408.184957266,0.032386411,0.125594137,7.649202585,7.280840408,0.343659692,-0.517339617,-136.309538184,0.000347774,0.131221234,0.002564005,0.967442798,-1.410396783,-0.409192059,true,OK
1785074409.185395718,0.131661490,0.033964314,8.542618072,7.295791974,0.343873292,-0.516753116,-136.614102329,0.000238767,0.098911718,0.001767740,0.732304002,-1.418298273,-0.403486715,true,OK
1785074410.186257362,0.011526079,0.080077446,8.057301031,7.325542694,0.343804547,-0.516974038,-136.400539289,0.000498696,0.390169514,0.003699068,2.894077984,-1.412676889,-0.393109875,true,OK
1785074411.185983419,0.031647154,0.122560828,7.908746977,7.364334408,0.342992600,-0.517185688,-136.562956092,0.000523720,0.411169117,0.003958972,3.108164736,-1.430984491,-0.378261259,true,OK
1785074412.185002327,0.110685695,0.016530677,8.326581944,7.260597960,0.343695431,-0.517303940,-136.168242448,0.000282377,0.118694067,0.001913609,0.804363899,-1.419136906,-0.379542120,true,OK
1785074413.189831018,0.089599086,0.177476713,7.399857796,7.276180041,0.343150506,-0.515978270,-136.512710072,0.000178686,0.115349902,0.001253347,0.809091141,-1.404954120,-0.378468011,true,OK
1785074414.184998989,0.029595066,0.096703807,9.994243645,7.062180875,0.342624359,-0.516369571,-136.301806417,0.000416791,0.180225774,0.003019247,1.305560175,-1.397975529,-0.360595481,true,OK
1785074415.184996843,0.017747265,0.011385727,7.864308999,7.378307532,0.343301987,-0.516388845,-136.269797909,0.000415739,0.121946558,0.003091776,0.906894751,-1.397658540,-0.368691321,true,OK
1785074416.185388088,0.121577940,0.049879250,8.173124644,7.319073443,0.344103531,-0.516683132,-136.431613108,0.000352467,0.055952910,0.002608451,0.414082428,-1.401195290,-0.380004352,true,OK
1785074417.184992790,0.027103629,0.094189498,8.419660455,7.353829735,0.343655042,-0.516616953,-136.313773819,0.000621617,0.048456644,0.004638771,0.361604007,-1.422681998,-0.379610005,true,OK
1785074418.185119629,0.025497244,0.124307302,7.460319148,7.350749180,0.343188306,-0.516911269,-136.257263361,0.000465007,0.164324520,0.003381447,1.194937045,-1.411643914,-0.383886832,true,OK
1785074419.185402393,0.132234187,0.045140911,9.262852775,7.416309347,0.343847990,-0.516653676,-136.189217782,0.000038605,0.000000000,0.000283547,0.000000000,-1.393766921,-0.391230018,true,OK
1785074420.185033560,0.032549427,0.082687622,10.479942523,7.369026306,0.343656990,-0.516899527,-136.385012038,0.000568653,0.228997300,0.004194282,1.689043859,-1.382477198,-0.389220319,true,OK
1785074421.184985638,0.029169456,0.134799697,8.411324493,7.352921463,0.342515835,-0.516661006,-136.579270576,0.000861478,0.233230523,0.006333280,1.714627394,-1.420339783,-0.389425293,true,OK
1785074422.184905291,0.126421609,0.047526385,8.403582219,7.387531448,0.343308194,-0.516827856,-136.325099159,0.000123736,0.113640914,0.000915858,0.841135218,-1.424959182,-0.396974339,true,OK
1785074423.188770294,0.129157434,0.089454582,7.910978449,7.435709257,0.344205045,-0.516095045,-136.669465830,0.000640810,0.227281935,0.004777368,1.694433619,-1.409627732,-0.381169597,true,OK
1785074424.184952021,0.026202723,0.132281443,8.190630337,7.476884296,0.343174960,-0.515368160,-136.874480868,0.000773705,0.439240314,0.005728274,3.251999453,-1.396314971,-0.381754730,true,OK
1785074425.184957027,0.131094965,0.048719400,8.405778118,7.390736976,0.344710347,-0.515753898,-136.695913856,0.000756088,0.132704012,0.005586010,0.980422270,-1.416877694,-0.407600669,true,OK
1785074426.184977293,0.031485041,0.093524977,8.338787716,7.381017763,0.344672545,-0.515869492,-136.561095202,0.000540072,0.120331298,0.003999684,0.891153528,-1.420715593,-0.410419754,true,OK
1785074427.184972525,0.016143788,0.008491384,10.612215588,7.433155328,0.344188322,-0.514921959,-136.842663467,0.000080350,0.260947217,0.000586156,1.903610517,-1.432815798,-0.403809828,true,OK
1785074428.185592175,0.100995808,0.053356868,8.873158231,7.504586840,0.344381890,-0.515356416,-136.727142494,0.000603483,0.052339156,0.004494779,0.389825201,-1.431406635,-0.406364524,true,OK
1785074429.185130596,0.031189875,0.096432857,9.088930872,7.417482244,0.344869694,-0.516101817,-136.296492883,0.001132061,0.274112407,0.008378706,2.028783477,-1.412391455,-0.410445262,true,OK
1785074430.184958220,0.029630843,0.003602063,7.875781175,7.332589611,0.345511026,-0.515025147,-136.698169918,0.000211416,0.134170395,0.001544371,0.980102009,-1.398279976,-0.394601081,true,OK
1785074431.184972763,0.032881222,0.057832633,8.714435691,7.391715736,0.344647057,-0.515235911,-136.617616900,0.000791706,0.108352360,0.005861599,0.802214981,-1.379555883,-0.361260280,true,OK
1785074432.184988499,0.032844574,0.112328589,8.151567634,7.413374402,0.344602139,-0.515570755,-136.230379012,0.000215787,0.125114538,0.001597434,0.926200297,-1.401631780,-0.360430731,true,OK
1785074433.185003042,0.131061332,0.027606737,8.670761291,7.367785730,0.345203372,-0.515389233,-136.254104274,0.000233801,0.125114538,0.001715483,0.918010922,-1.413101512,-0.372649899,true,OK
1785074434.184959888,0.029760064,0.073555662,8.549883824,7.376985058,0.344159791,-0.515634523,-136.155997798,0.000384484,0.353324458,0.002847221,2.616475151,-1.385807295,-0.375366941,true,OK
1785074435.185139656,0.032274242,0.127675525,7.935000490,7.398154539,0.343162092,-0.515591484,-136.596368175,0.001167838,0.446749280,0.008652926,3.310124244,-1.359125313,-0.374069102,true,OK
1785074436.185242414,0.132396623,0.046046202,8.355955060,7.394251323,0.343604870,-0.515869599,-136.143822332,0.000368886,0.193826655,0.002729515,1.434190877,-1.392903533,-0.376763643,true,OK
1785074437.184958935,0.029079084,0.100130881,8.294209990,7.397036890,0.343821308,-0.515710322,-135.929804478,0.000914187,0.359908734,0.006772459,2.666267421,-1.425205354,-0.371241955,true,OK
1785074438.184952736,0.033207239,0.008100199,7.848402434,7.383196591,0.342435853,-0.515432854,-136.074621944,0.000394281,0.044234660,0.002916383,0.327191482,-1.448302297,-0.384104525,true,OK
1785074439.185105324,0.026379702,0.062106582,8.558845561,7.395068860,0.342980275,-0.515516287,-135.910451730,0.000582494,0.195835277,0.004310844,1.449311768,-1.427147724,-0.393120697,true,OK
1785074440.185001135,0.030091118,0.116507314,8.092242534,7.408317307,0.343068112,-0.515755914,-135.928419156,0.000719411,0.209356731,0.005341823,1.554530810,-1.438855926,-0.383992917,true,OK
1785074441.184982061,0.132664786,0.035406491,8.673133395,7.408097768,0.342756880,-0.515561914,-136.129800988,0.000179928,0.111905833,0.001331985,0.828424460,-1.430098656,-0.393903681,true,OK
1785074442.184900284,0.027773105,0.077520926,8.443971704,7.352529574,0.341940578,-0.515638184,-136.121004044,0.000558022,0.121946558,0.004129203,0.902369183,-1.434198859,-0.379580946,true,OK
1785074443.184966803,0.031075522,0.131933269,7.920222353,7.393560023,0.342265325,-0.515807074,-135.931433494,0.001056718,0.062557256,0.007822674,0.463098991,-1.433484017,-0.388488588,true,OK
1785074444.185265779,0.130942846,0.051246500,8.389138515,7.406008006,0.342682324,-0.515400449,-136.157452998,0.000617142,0.108352360,0.004596121,0.806945981,-1.418074155,-0.390408626,true,OK
1785074445.184967995,0.027009700,0.105539900,8.243843661,7.414003280,0.342206492,-0.515337883,-136.266545380,0.000535154,0.108352360,0.004036098,0.817186552,-1.408282690,-0.394171524,true,OK
1785074446.184962273,0.131127974,0.012408835,8.688095424,7.283022530,0.341888759,-0.515923342,-135.846221008,0.000628693,0.123540700,0.004650402,0.913822282,-1.418740840,-0.386733960,true,OK
1785074447.184966803,0.029212953,0.066568271,8.571790142,7.385968754,0.342293805,-0.515946949,-135.744052884,0.001018563,0.322033601,0.007580876,2.396804575,-1.419449468,-0.370764318,true,OK
1785074448.184978247,0.023866616,0.120133246,7.893205587,7.401283611,0.342016959,-0.515146418,-135.905886606,0.000553975,0.132704012,0.004119539,0.986830489,-1.441093214,-0.374539916,true,OK
1785074449.184944868,0.128234037,0.036850967,8.620939224,7.374647230,0.341954478,-0.515333592,-136.125705359,0.000471438,0.402997756,0.003484457,2.978605043,-1.425973479,-0.379556060,true,OK
1785074450.184952497,0.031050021,0.094294338,8.353327651,7.407169035,0.342048026,-0.514926806,-136.147730398,0.000498818,0.096913294,0.003690776,0.717064965,-1.407957073,-0.369481103,true,OK
1785074451.184904814,0.026826903,0.000246721,7.690914921,7.314412523,0.342132758,-0.515051184,-135.828193584,0.000466744,0.110143430,0.003455662,0.815476477,-1.399657123,-0.379640893,true,OK
1785074452.184958935,0.032867127,0.055122896,8.722902294,7.394026788,0.341241949,-0.515255760,-136.155881014,0.000374156,0.231546534,0.002773343,1.716284431,-1.404495854,-0.375272905,true,OK
1785074453.184960842,0.031970999,0.109155313,8.266086662,7.396104822,0.341888451,-0.515942185,-135.979055854,0.000769819,0.332790962,0.005686730,2.458359679,-1.420052524,-0.381759167,true,OK
1785074454.184972286,0.132307967,0.028155585,8.681883449,7.395291111,0.342872552,-0.515098534,-136.479078762,0.000252918,0.111905833,0.001873920,0.829132744,-1.424707028,-0.386298364,true,OK
1785074455.184961081,0.031768407,0.083462461,8.394809539,7.408340768,0.342892545,-0.515457614,-136.377038871,0.000495563,0.128204252,0.003673276,0.950291814,-1.389987716,-0.390733096,true,OK
1785074456.184943199,0.030558763,0.125380246,7.859520450,7.342418659,0.342041304,-0.515637357,-136.548614944,0.000500482,0.294085961,0.003710033,2.180034808,-1.405137011,-0.388649773,true,OK
1785074457.184996843,0.131496412,0.043446670,8.539887687,7.383032193,0.342668676,-0.515216464,-136.502033134,0.000211645,0.236562561,0.001565209,1.749486880,-1.398483375,-0.386650073,true,OK
1785074458.184959650,0.031869147,0.098127750,8.382236997,7.405562302,0.342915512,-0.515585072,-136.600895036,0.000462651,0.076616680,0.003415671,0.565647360,-1.404764075,-0.391582836,true,OK
1785074459.184963942,0.128762864,0.017717262,8.674418213,7.405350567,0.341637988,-0.515667045,-136.690304594,0.000467636,0.111905833,0.003481767,0.833190419,-1.431592865,-0.399043471,true,OK
1785074460.185022116,0.025412315,0.072285196,8.540652511,7.410460893,0.341663007,-0.516114212,-136.167367450,0.000947067,0.094872788,0.007009518,0.702180806,-1.407855176,-0.384269548,true,OK
1785074461.184971333,0.028919637,0.112801298,8.104193166,7.361158059,0.342544202,-0.515775864,-136.409774205,0.000211948,0.111905833,0.001570076,0.828980236,-1.404704624,-0.383534280,true,OK
1785074462.184957981,0.131932871,0.033040310,8.654120444,7.398634052,0.341713180,-0.515650282,-136.634773480,0.000200884,0.096913294,0.001486346,0.717064211,-1.422107965,-0.379639008,true,OK
1785074463.184995651,0.026956717,0.084536511,8.268835416,7.374060707,0.341465430,-0.515957195,-136.281092951,0.000449884,0.108352360,0.003321649,0.800002930,-1.434944094,-0.384492417,true,OK
1785074464.184950113,0.031688314,0.006908442,7.822647794,7.411752117,0.341684915,-0.515736427,-135.995772564,0.000415563,0.111905833,0.003076296,0.828406577,-1.440534494,-0.389872754,true,OK
1785074465.184974432,0.032307053,0.060401248,8.719954075,7.399034852,0.342047830,-0.515939879,-136.468084501,0.000396641,0.317751846,0.002927488,2.345232899,-1.414098023,-0.400865467,true,OK
1785074466.184974194,0.026849013,0.102992862,8.197669995,7.363298670,0.340930020,-0.515501982,-136.167505571,0.000433942,0.123540700,0.003219604,0.916601148,-1.392423386,-0.395964660,true,OK
1785074467.184960604,0.131477760,0.022274471,8.682945826,7.401059206,0.341709600,-0.516271851,-136.258111212,0.000419233,0.300665888,0.003096983,2.221097610,-1.387633308,-0.393720045,true,OK
1785074468.184981585,0.030638409,0.076361182,8.486623499,7.426910605,0.341837662,-0.516296487,-136.138773206,0.000414896,0.027976455,0.003113458,0.209940433,-1.396657050,-0.396227467,true,OK
1785074469.184891224,0.020995919,0.130445096,7.868605242,7.415277694,0.341231215,-0.515978567,-136.580208766,0.000666921,0.351659146,0.004936069,2.602729549,-1.421129272,-0.394562428,true,OK
1785074470.184973001,0.129273283,0.049780241,8.384115735,7.408040062,0.341125555,-0.516350237,-136.156829125,0.000481169,0.150657858,0.003577896,1.120268272,-1.409293030,-0.397131136,true,OK
1785074471.184959412,0.030497650,0.091848802,8.270722219,7.282201910,0.341507881,-0.516231611,-136.328314524,0.000223705,0.090654086,0.001534881,0.621993107,-1.405474094,-0.384691770,true,OK
1785074472.184938431,0.027025049,0.010761746,7.802127470,7.386990636,0.341471596,-0.515467151,-136.256460454,0.000160152,0.135620930,0.001185242,1.003696384,-1.414396353,-0.366451826,true,OK
1785074473.184960604,0.032648847,0.065383676,8.704378633,7.405112455,0.340397234,-0.515163616,-136.351717180,0.000206834,0.102792073,0.001540968,0.765829119,-1.421558369,-0.374333932,true,OK
1785074474.185009718,0.031965127,0.119586885,7.957343667,7.408155380,0.341143166,-0.514878534,-136.060174304,0.000337325,0.120331298,0.002510611,0.895591614,-1.437852457,-0.383858449,true,OK
1785074475.185003042,0.131132387,0.034961859,8.557350360,7.361455562,0.341516646,-0.515401190,-136.057299335,0.000234144,0.104678325,0.001734068,0.775246298,-1.414141917,-0.401249820,true,OK
1785074476.184898853,0.031029760,0.092304743,8.304192113,7.399866251,0.340820520,-0.515037117,-136.319766661,0.000545915,0.126668806,0.004038162,0.936975792,-1.384405610,-0.406793144,true,OK
1785074477.185210943,0.029559634,0.135386503,7.792039643,7.361480401,0.340131225,-0.515386245,-135.980635976,0.000466372,0.137056110,0.003450985,1.014166719,-1.397523655,-0.398624625,true,OK
1785074478.185018778,0.128677801,0.051350588,8.283135968,7.370349372,0.340914065,-0.515115371,-135.846941478,0.000309352,0.134170395,0.002258115,0.979377075,-1.389804223,-0.409737972,true,OK
1785074479.185013056,0.031560590,0.107605956,8.317832730,7.393652807,0.340814820,-0.514201650,-136.315059007,0.000928161,0.349985883,0.006833135,2.576600724,-1.420078182,-0.398792946,true,OK
1785074480.185122013,0.129675093,0.025367461,8.642360938,7.378397651,0.339566844,-0.514484979,-136.042249665,0.000400207,0.121946558,0.002965198,0.903521735,-1.412108324,-0.405796070,true,OK
1785074481.185003519,0.020264680,0.070033142,8.323648450,7.361800438,0.340550412,-0.514911426,-135.791512747,0.000482476,0.301964691,0.003572803,2.236090516,-1.390660888,-0.407605023,true,OK
1785074482.184927464,0.030845148,0.124161127,7.889769447,7.396524393,0.340469429,-0.514261330,-135.763777470,0.000677107,0.134170395,0.005015499,0.993833216,-1.402543951,-0.397758824,true,OK
1785074483.184914589,0.131982993,0.040782581,8.565807015,7.378886663,0.339954291,-0.514566765,-136.084161403,0.000048554,0.131221234,0.000360810,0.975120143,-1.403229591,-0.400301401,true,OK
1785074484.184974670,0.021833564,0.096826098,8.189193856,7.402496733,0.339887177,-0.514740297,-135.866938269,0.000381713,0.108352360,0.002825491,0.802039729,-1.419231105,-0.397252688,true,OK
1785074485.184965849,0.033402177,0.016580358,7.723789498,7.410947234,0.340635849,-0.514984718,-135.616314323,0.000825337,0.323851312,0.006113763,2.398960783,-1.418672870,-0.396437959,true,OK
1785074486.184972763,0.033086752,0.058383991,8.675829001,7.368824606,0.340533204,-0.515073090,-135.694049653,0.000215759,0.108352360,0.001592320,0.799648314,-1.417745202,-0.391524972,true,OK
1785074487.184981108,0.029842354,0.112944455,8.129044772,7.402335089,0.339911697,-0.514999085,-135.781608911,0.000171606,0.402997756,0.001270214,2.982954064,-1.404147820,-0.385466122,true,OK
1785074488.184983253,0.131443233,0.030861518,8.649490638,7.390034202,0.339747044,-0.514476208,-135.276923110,0.000226824,0.052339156,0.001678342,0.387273207,-1.410727448,-0.390913079,true,OK
1785074489.185102940,0.032201273,0.086460905,8.360624779,7.405481213,0.340425335,-0.514662739,-135.177836669,0.000508986,0.108352360,0.003764900,0.801468125,-1.426028777,-0.405461611,true,OK
1785074490.184936523,0.019665663,0.128289389,7.841786086,7.324373417,0.339685240,-0.514666532,-135.268890254,0.000409512,0.315279024,0.003032124,2.334399828,-1.429660611,-0.398146035,true,OK
1785074491.184987545,0.131008733,0.047629800,8.388867394,7.390704360,0.339967868,-0.514408857,-135.302187960,0.000622087,0.134170395,0.004609907,0.994254535,-1.416525189,-0.410302883,true,OK
1785074492.184990883,0.028981171,0.101732784,8.262267658,7.404292696,0.339972310,-0.514745256,-134.987582196,0.000745073,0.121946558,0.005545947,0.907708790,-1.388711201,-0.403764672,true,OK
1785074493.184979916,0.130454844,0.020747474,8.649517544,7.403000318,0.340417896,-0.514134562,-135.444941295,0.000605395,0.276953045,0.004483878,2.051261533,-1.415173995,-0.388953812,true,OK
1785074494.184966564,0.030555351,0.074893180,8.619220764,7.403705808,0.339881758,-0.514222665,-135.260927647,0.000291889,0.110143430,0.002160040,0.815085567,-1.410484706,-0.380583532,true,OK
1785074495.184974909,0.031688626,0.129366144,7.948830795,7.404128913,0.339988408,-0.514973762,-135.040878816,0.000555105,0.138476416,0.004107571,1.024673454,-1.415403367,-0.389777169,true,OK
1785074496.184916735,0.132923614,0.033751472,8.361542776,7.298185850,0.340334202,-0.514746221,-134.929916556,0.000327501,0.055952910,0.002424445,0.414211178,-1.382804211,-0.394568666,true,OK
1785074497.184963703,0.032587623,0.086180274,8.368719243,7.342982888,0.339112494,-0.514658218,-135.056361402,0.000247236,0.019782341,0.001816812,0.145370548,-1.359384572,-0.389367334,true,OK
1785074498.184977055,0.031381811,0.010115006,7.834603291,7.407323087,0.339745188,-0.514848507,-135.060293974,0.000414639,0.125114538,0.003072244,0.927029475,-1.385777760,-0.379118903,true,OK
1785074499.184995651,0.030385444,0.064020934,8.669293600,7.404008732,0.339841253,-0.514776820,-134.808396877,0.000487100,0.106531181,0.003606857,0.788838114,-1.388481911,-0.374273041,true,OK
1785074500.184983492,0.031170367,0.118190157,7.934704456,7.402748814,0.339795944,-0.513899805,-134.834928062,0.000640665,0.120331298,0.004741916,0.890638538,-1.408274580,-0.388559532,true,OK
1785074501.184942007,0.133206444,0.025273533,8.642160420,7.364953765,0.339230571,-0.514514160,-134.899866724,0.000172163,0.121946558,0.001273150,0.901799064,-1.396989473,-0.421310456,true,OK
1785074502.185972929,0.030935831,0.080350569,8.523068032,7.392958855,0.339989073,-0.514648152,-134.888706974,0.000282401,0.312786672,0.002084613,2.308916452,-1.382798164,-0.408511292,true,OK
1785074503.184973717,0.028247932,0.134075625,7.887845852,7.409638347,0.340713249,-0.514196971,-135.042447588,0.000944135,0.312786672,0.006990447,2.315897067,-1.379354143,-0.407613025,true,OK
1785074504.184958696,0.028000506,0.053116170,8.681421651,7.404019657,0.340021894,-0.514720184,-134.850428713,0.000139904,0.160712550,0.001037002,1.191242681,-1.405045443,-0.399464617,true,OK
1785074505.184974194,0.021332972,0.107229208,8.072859485,7.402801920,0.339639741,-0.515380283,-134.653877760,0.000846319,0.079129369,0.006255352,0.584864670,-1.429110703,-0.397641190,true,OK
1785074506.184971094,0.032290549,0.014231049,7.707896103,7.305299004,0.340354575,-0.515243966,-134.613241909,0.000191438,0.000000000,0.001294448,0.000000000,-1.423130347,-0.404969858,true,OK
1785074507.184985399,0.031483181,0.068633733,8.624414229,7.388645851,0.340271389,-0.514708145,-134.819829965,0.000813719,0.088469326,0.006039131,0.656587963,-1.398927934,-0.404334583,true,OK
1785074508.185012579,0.022117969,0.122998195,7.870454210,7.406237889,0.339317551,-0.515404009,-134.721053299,0.000429193,0.340923183,0.003179487,2.525581574,-1.401830156,-0.402467301,true,OK
1785074509.184897900,0.131509113,0.041517446,8.530294759,7.399560305,0.340635713,-0.514805673,-134.443691549,0.000418672,0.027976455,0.003086791,0.206265266,-1.411938238,-0.402098686,true,OK
1785074510.184944153,0.030510702,0.095805334,8.339464183,7.403664228,0.340606740,-0.514541498,-134.549326158,0.000200997,0.027976455,0.001482308,0.206319774,-1.431377763,-0.391401906,true,OK
1785074511.184959650,0.029747204,0.015528952,7.717207253,7.407837790,0.339972398,-0.514452416,-134.573049559,0.000371027,0.098911718,0.002747064,0.732336990,-1.436249685,-0.393194798,true,OK
1785074512.184956312,0.032617843,0.057513211,8.689788264,7.364870695,0.339844590,-0.514499311,-134.429899058,0.000463177,0.219396909,0.003427718,1.623637222,-1.402071509,-0.391398111,true,OK
1785074513.184971571,0.031068774,0.111950894,8.133341538,7.398622438,0.340357543,-0.514207510,-134.165255835,0.000272028,0.096913294,0.002015111,0.717908707,-1.391480880,-0.380571571,true,OK
1785074514.185001373,0.128134491,0.028696856,8.580324373,7.382913298,0.340422020,-0.514174140,-134.230825951,0.000494417,0.118694067,0.003658095,0.878195036,-1.390409149,-0.385895426,true,OK
1785074515.185011625,0.031025182,0.085458420,7.987401288,7.030466419,0.339858990,-0.514136953,-134.530497144,0.000324719,0.401538497,0.002405464,2.974532090,-1.415128354,-0.388324841,true,OK
1785074516.185043097,0.031682550,0.004690596,7.843077550,7.342815110,0.339990775,-0.514263422,-134.418186783,0.000516423,0.096913294,0.003821109,0.717079465,-1.433361189,-0.394173689,true,OK
1785074517.184990883,0.132750810,0.042168499,8.516122192,7.316393648,0.340166169,-0.513254640,-134.754171539,0.000735762,0.118694067,0.005445315,0.878445395,-1.402035444,-0.400773750,true,OK
1785074518.184957027,0.030847182,0.100230706,8.370955218,7.393122806,0.339070624,-0.513909985,-134.475988693,0.000311781,0.104678325,0.002307377,0.774684685,-1.390838810,-0.382657312,true,OK
1785074519.185065746,0.126589032,0.018889830,8.587789627,7.393482218,0.340009259,-0.514076870,-134.524292968,0.000398425,0.146709809,0.002960677,1.090192885,-1.407767806,-0.387900650,true,OK
1785074520.184976101,0.023999777,0.073566752,8.471196388,7.398209919,0.339779981,-0.513983889,-134.131968618,0.000169738,0.106531181,0.001257996,0.789543843,-1.408230234,-0.384859118,true,OK
1785074521.184967518,0.033885949,0.128572710,7.956128185,7.410123094,0.339363108,-0.513051122,-134.582812743,0.000248980,0.115349902,0.001845080,0.854806950,-1.422872359,-0.382051567,true,OK
1785074522.185332775,0.131137442,0.034586465,8.329253261,7.269733528,0.338987228,-0.513752429,-134.266510124,0.000546953,0.111905833,0.004046692,0.827946941,-1.410815748,-0.396589262,true,OK
1785074523.184981108,0.025417106,0.088082280,8.173603477,7.362277944,0.339486477,-0.513699646,-133.922623987,0.000214897,0.059347027,0.001583062,0.437186345,-1.392499633,-0.404347217,true,OK
1785074524.184957743,0.029654036,0.008610084,7.789292619,7.398792813,0.339177764,-0.513604493,-134.442026736,0.000259473,0.342640709,0.001920571,2.536165476,-1.412203814,-0.386073268,true,OK
1785074525.184972048,0.030471756,0.063156469,8.656383064,7.409090023,0.338458427,-0.512845140,-134.373612159,0.000265109,0.108352360,0.001962927,0.802266705,-1.436213009,-0.381833629,true,OK
1785074526.184953928,0.023565278,0.116989355,7.900099271,7.400734462,0.338136032,-0.512926103,-134.175261798,0.000261054,0.074018747,0.001931783,0.547734458,-1.440974354,-0.399465347,true,OK
1785074527.184949160,0.132749694,0.035858684,8.659320263,7.396663434,0.338918453,-0.512655544,-134.076705877,0.000077924,0.186626315,0.000576968,1.381825161,-1.430690996,-0.402500744,true,OK
1785074528.184971094,0.030715014,0.078701160,8.497340787,7.385672197,0.338598451,-0.512976289,-134.239089995,0.000306762,0.102792073,0.002274187,0.762051938,-1.398645283,-0.392722117,true,OK
1785074529.184951067,0.028205652,0.132912619,7.883577775,7.402214253,0.338828047,-0.513678932,-134.385585394,0.000223238,0.100870555,0.001652629,0.746743086,-1.398722317,-0.401665176,true,OK
1785074530.184964180,0.130334182,0.051792800,8.347725880,7.402616259,0.340356065,-0.513631908,-134.206650346,0.000424561,0.096913294,0.003141072,0.717003255,-1.415233790,-0.400331500,true,OK
1785074531.184971333,0.031791659,0.105876018,8.277917225,7.404258005,0.341064946,-0.513977825,-134.577395983,0.000557647,0.100870555,0.004130805,0.747204256,-1.431440299,-0.401209693,true,OK
1785074532.185016632,0.130772087,0.025499660,8.656308309,7.411005412,0.340829416,-0.513680401,-134.508156727,0.000198965,0.198810171,0.001473512,1.472362962,-1.420467589,-0.414119732,true,OK
1785074533.185506821,0.033077617,0.080037970,8.562170221,7.404354352,0.341452851,-0.513709109,-134.431613092,0.000200324,0.096913294,0.001480057,0.716025787,-1.396100648,-0.414868195,true,OK
1785074534.184973001,0.031169642,0.131674417,7.978621571,7.378082844,0.341838800,-0.513691047,-134.265044668,0.000320943,0.071326251,0.002371478,0.527035793,-1.384526417,-0.406076886,true,OK
1785074535.184978724,0.131963638,0.039346746,8.545462906,7.348165011,0.341794805,-0.513674953,-134.563125520,0.000698477,0.134170395,0.005173830,0.993840475,-1.415622563,-0.396216520,true,OK
1785074536.184939623,0.030125534,0.095034403,8.352726358,7.398459034,0.341307650,-0.514451134,-134.380315640,0.000301214,0.125114538,0.002228598,0.925687798,-1.426531289,-0.380142833,true,OK
1785074537.184960842,0.031144661,0.014366214,7.716018596,7.406770516,0.342674420,-0.514398630,-134.208355869,0.000214153,0.065610604,0.001586434,0.486039146,-1.400008031,-0.385410424,true,OK
1785074538.184965372,0.029652906,0.068251709,8.584847226,7.403604471,0.342237745,-0.513924303,-134.414792240,0.000480968,0.171320168,0.003560855,1.268371237,-1.373283043,-0.387903104,true,OK
1785074539.184973717,0.032427860,0.122998128,7.945362173,7.406550325,0.341846873,-0.513686649,-134.564677954,0.000328508,0.113640914,0.002432797,0.841578849,-1.383593971,-0.380511537,true,OK
1785074540.184977293,0.131826673,0.039969817,8.508988094,7.386408904,0.343058186,-0.514067544,-134.273976583,0.000641809,0.108352360,0.004755763,0.802884548,-1.396694764,-0.370990043,true,OK
1785074541.184979200,0.021495784,0.084224713,8.173445916,7.284192507,0.342895804,-0.514330661,-134.289795736,0.000369346,0.213978861,0.002508386,1.453222572,-1.408351797,-0.380284625,true,OK
1785074542.184960365,0.032836377,0.003103675,7.873348632,7.381471386,0.343744727,-0.513706694,-134.457071371,0.001194542,0.088469326,0.008840702,0.654753990,-1.434418420,-0.396578209,true,OK
1785074543.184953451,0.031479900,0.057221281,8.656734531,7.401220656,0.343281639,-0.514346165,-134.450826791,0.000676719,0.098911718,0.005001857,0.731090278,-1.418097444,-0.404053904,true,OK
1785074544.184968710,0.023238334,0.111889903,7.974499885,7.404219735,0.343919073,-0.514490502,-134.187964393,0.000099700,0.048456644,0.000737742,0.358558799,-1.412844818,-0.399293695,true,OK
1785074545.184967756,0.130320195,0.030981697,8.639534529,7.408896017,0.343938125,-0.514308049,-134.325870058,0.000552390,0.076616680,0.004094779,0.567946775,-1.412549918,-0.394118378,true,OK
1785074546.184969902,0.029069925,0.085095969,8.326099850,7.401954014,0.342687999,-0.514219229,-134.483361033,0.000114260,0.071326251,0.000846584,0.528473547,-1.428911709,-0.388195261,true,OK
1785074547.184951067,0.025317549,0.004160523,7.834034737,7.407394365,0.342973699,-0.514014004,-134.168742670,0.000618879,0.079129369,0.004557291,0.582691644,-1.446105806,-0.389434883,true,OK
1785074548.184978247,0.129370308,0.045330151,8.527143812,7.348424283,0.343839919,-0.513315129,-134.396236861,0.000709158,0.115349902,0.005244531,0.853062833,-1.411112155,-0.395442131,true,OK
1785074549.185000896,0.031046568,0.100537752,8.327824908,7.395064473,0.343157478,-0.513476945,-134.334992315,0.000245700,0.187671854,0.001817293,1.388094288,-1.388668268,-0.390471264,true,OK
1785074550.184960842,0.132170113,0.019316938,8.690526569,7.399789674,0.343045745,-0.513744952,-134.468036720,0.000582291,0.094872788,0.004314154,0.702905772,-1.414273172,-0.390239465,true,OK
1785074551.184979677,0.031854601,0.074170391,8.606199033,7.403742204,0.343456968,-0.514829184,-134.107810395,0.000805426,0.115349902,0.005963362,0.854048372,-1.425575772,-0.396027181,true,OK
1785074552.184961796,0.031266215,0.128343643,7.933678140,7.402582179,0.343893034,-0.513866122,-134.328011946,0.000336160,0.132704012,0.002488128,0.982224881,-1.423322783,-0.389781202,true,OK
1785074553.184970140,0.132274908,0.043370509,8.355151102,7.361523979,0.342772324,-0.513395800,-134.732909285,0.001186594,0.350544518,0.008791230,2.597112490,-1.406583870,-0.390938440,true,OK
1785074554.184959888,0.033043097,0.085738206,8.350340731,7.291606243,0.343347568,-0.513562799,-134.252357358,0.000433993,0.090654086,0.003188337,0.665992657,-1.391069569,-0.370714459,true,OK
1785074555.185656309,0.033270781,0.009406062,7.823844744,7.392342634,0.343248949,-0.512993032,-134.146246988,0.000490828,0.106531181,0.003631491,0.788192465,-1.403003430,-0.365270522,true,OK
1785074556.184894562,0.027342523,0.062741094,8.579724006,7.401692145,0.342698648,-0.512742732,-134.029634116,0.000643005,0.019782341,0.004759571,0.146430452,-1.395188786,-0.365521859,true,OK
1785074557.184953451,0.030766789,0.117076400,7.950292130,7.401639134,0.341938730,-0.513993786,-134.069401972,0.000857346,0.184517467,0.006347902,1.366191012,-1.424241084,-0.366614300,true,OK
1785074558.184950829,0.129641007,0.034862572,8.588845355,7.394069390,0.342589671,-0.514385731,-134.144849552,0.001390067,0.150657858,0.010283135,1.114504180,-1.428443683,-0.387602399,true,OK
1785074559.184962034,0.026017064,0.089077064,8.284696317,7.387067738,0.342761137,-0.514200465,-133.938243814,0.000341493,0.211217717,0.002526020,1.562373476,-1.389794772,-0.379481431,true,OK
1785074560.184962273,0.030696456,0.132659478,7.853123096,7.281297555,0.341862051,-0.513759856,-134.474724551,0.000419132,0.404451759,0.002859805,2.759639116,-1.390356462,-0.383292461,true,OK
1785074561.184977055,0.131747592,0.051346130,8.351056696,7.376336997,0.342334536,-0.514101420,-133.781399965,0.000281971,0.117033931,0.002085656,0.865665650,-1.399247728,-0.392723829,true,OK
1785074562.184983969,0.023284461,0.106024860,8.137993569,7.403253974,0.342967682,-0.514041140,-133.625147168,0.000663513,0.423361538,0.004916443,3.136987603,-1.419563682,-0.390364183,true,OK
1785074563.184955597,0.129705820,0.025508973,8.675130029,7.405415321,0.342412269,-0.513852174,-133.851638793,0.000185422,0.115349902,0.001368074,0.851069067,-1.395510450,-0.405966314,true,OK
1785074564.184959412,0.032150137,0.079717630,8.536713655,7.406615438,0.342341871,-0.513810011,-133.733478273,0.000324859,0.145369958,0.002404214,1.075854305,-1.384344294,-0.396100424,true,OK
1785074565.184987307,0.028239723,0.121359957,7.933960206,7.302951395,0.342128301,-0.514357683,-133.672021231,0.000182145,0.270519701,0.001347676,2.001557776,-1.398610234,-0.383556196,true,OK
1785074566.185000181,0.129389543,0.040500868,8.601093670,7.383742321,0.342262197,-0.514361193,-133.905165750,0.000290835,0.192814506,0.002152250,1.426874861,-1.399209539,-0.383741850,true,OK
1785074567.184979439,0.031017788,0.095048432,8.333291217,7.403268300,0.341607346,-0.514398089,-134.039951822,0.000791919,0.366374709,0.005866236,2.713966281,-1.393795681,-0.376173138,true,OK
1785074568.184977770,0.023649220,0.014506601,7.651546576,7.407191989,0.342020287,-0.514428552,-133.595184284,0.000309896,0.128204252,0.002294963,0.949427964,-1.389201798,-0.395607338,true,OK
1785074569.184859753,0.031037251,0.068111519,8.679337870,7.406799470,0.341872299,-0.514163026,-133.732622551,0.000842082,0.315279024,0.006236152,2.334841529,-1.382877567,-0.397223451,true,OK
1785074570.185006142,0.029037035,0.122986839,7.948882300,7.407527952,0.341140257,-0.513999240,-134.030947959,0.000399186,0.120331298,0.002963859,0.893429788,-1.386271597,-0.383005930,true,OK
1785074571.184961796,0.130720610,0.029266905,8.603675199,7.368087531,0.341621603,-0.514304226,-133.871714091,0.000547011,0.125114538,0.004050416,0.926427776,-1.409655084,-0.392974110,true,OK
1785074572.184957504,0.027349467,0.083325746,8.290106589,7.396898540,0.342364514,-0.513787409,-134.104366856,0.000201260,0.385121790,0.001489415,2.850072761,-1.415147534,-0.392649768,true,OK
1785074573.184963226,0.030090716,0.003378026,7.846229669,7.407467654,0.342732216,-0.513197964,-134.412571725,0.000686980,0.379491794,0.005063223,2.796956192,-1.428083530,-0.396723879,true,OK
1785074574.184971094,0.021250023,0.056108131,8.486807593,7.391530176,0.341623030,-0.512948508,-134.360357797,0.000648604,0.106531181,0.004791546,0.786997012,-1.405436885,-0.392291040,true,OK
1785074575.184974194,0.033650000,0.111868745,8.301664812,7.411739010,0.342033035,-0.513624030,-134.311597930,0.000285189,0.000000000,0.002112106,0.000000000,-1.395106025,-0.385204796,true,OK
1785074576.184981823,0.131119219,0.030874065,8.662078622,7.404026073,0.341927573,-0.513104541,-134.386559143,0.000592728,0.335717938,0.004387856,2.485257211,-1.415996193,-0.381393627,true,OK
1785074577.184999228,0.019216789,0.073011465,8.289969484,7.329581337,0.341413620,-0.513167635,-133.871222277,0.000710717,0.131221234,0.005308841,0.980182946,-1.423154428,-0.374286415,true,OK
1785074578.184956789,0.030204419,0.127170175,7.893507396,7.388756879,0.340778045,-0.513755231,-133.780771650,0.000553972,0.118694067,0.004099934,0.878452534,-1.429438038,-0.392728474,true,OK
1785074579.184978485,0.129677889,0.046449088,8.473364786,7.404736941,0.341952570,-0.513087881,-133.922905925,0.000128293,0.385121790,0.000952568,2.859499860,-1.400913804,-0.393095694,true,OK
1785074580.184962511,0.023056276,0.100256596,8.175222354,7.407878026,0.342211702,-0.513248774,-133.809276664,0.000538938,0.326858356,0.003986859,2.417974242,-1.387551756,-0.386435018,true,OK
1785074581.184980631,0.130562348,0.019481381,8.667384628,7.406030413,0.341385918,-0.513519247,-134.147964907,0.000566360,0.400562687,0.004269613,3.019719520,-1.399165012,-0.386207325,true,OK
1785074582.184967518,0.029320589,0.074318329,8.573216513,7.423866361,0.341216165,-0.513934816,-133.700402128,0.000691526,0.125114538,0.005132894,0.928670929,-1.408063966,-0.392205925,true,OK
1785074583.184952497,0.021309559,0.128227225,7.926305332,7.407413943,0.341861183,-0.514152156,-133.623260941,0.000377144,0.118694067,0.002794934,0.879616266,-1.415871593,-0.383775097,true,OK
1785074584.184961319,0.131983824,0.034740681,8.587377666,7.351623996,0.341674704,-0.514155250,-133.944951371,0.000086137,0.135620930,0.000637955,1.004448612,-1.394817554,-0.399716140,true,OK
1785074585.184960842,0.030887972,0.086433011,8.364702359,7.358848424,0.341157835,-0.514567508,-133.485450262,0.000685209,0.139882314,0.005016244,1.024043416,-1.400688838,-0.389789695,true,OK
1785074586.185098410,0.019575898,0.008600398,7.735318100,7.398930938,0.341577207,-0.514361509,-133.326787318,0.000837922,0.144017660,0.006202030,1.065972358,-1.397096149,-0.383512559,true,OK
1785074587.184985399,0.032083024,0.061744518,8.723185133,7.390773394,0.342479226,-0.513615967,-133.422033813,0.000617437,0.208420008,0.004570526,1.542812601,-1.411954946,-0.378371498,true,OK
1785074588.185597181,0.032773966,0.116562188,7.979199837,7.389692492,0.340590212,-0.514188058,-133.467865836,0.000514025,0.113640914,0.003804923,0.841194231,-1.422013916,-0.385271609,true,OK
1785074589.185002565,0.131005326,0.034000165,8.633689857,7.378753592,0.341525235,-0.513988228,-133.236699925,0.000955991,0.096913294,0.007066245,0.716338056,-1.409501425,-0.398739250,true,OK
1785074590.184953451,0.030636491,0.087589617,8.379636156,7.372837748,0.341999143,-0.514164846,-133.560356242,0.000277471,0.180225774,0.002026308,1.316147540,-1.391465283,-0.401107277,true,OK
1785074591.184978008,0.031411636,0.009818041,7.864418217,7.403720005,0.341080175,-0.514207842,-133.534662772,0.000918216,0.113640914,0.006798424,0.841391227,-1.415126895,-0.405876214,true,OK
1785074592.184995651,0.129542958,0.051878309,8.293428787,7.364479740,0.341106746,-0.514615626,-133.211911622,0.000204197,0.238211092,0.001510349,1.761937170,-1.416987417,-0.409659120,true,OK
1785074593.184962988,0.031301914,0.106238276,8.332659094,7.405305813,0.341173631,-0.514615709,-133.071545445,0.000505389,0.120331298,0.003750549,0.892992616,-1.444370017,-0.396467438,true,OK
1785074594.184986115,0.127979667,0.024812362,8.661812119,7.395638166,0.341484179,-0.513970006,-133.292995900,0.000430457,0.117033931,0.003185164,0.865991100,-1.434770180,-0.403616082,true,OK
1785074595.184981585,0.021850964,0.079212532,8.338892750,7.403351735,0.341018510,-0.513504708,-133.615732983,0.001187809,0.340923183,0.008787664,2.522222049,-1.405917240,-0.411547753,true,OK
1785074596.184973717,0.031635265,0.133543314,7.910230067,7.401466107,0.341048492,-0.514697205,-133.079290099,0.000824054,0.239848309,0.006087915,1.771941448,-1.423178600,-0.398772827,true,OK
1785074597.184970140,0.030512917,0.053199656,8.642811303,7.407686881,0.341832157,-0.514064314,-133.318179734,0.000111510,0.328053452,0.000828746,2.438113227,-1.413148209,-0.389723678,true,OK
1785074598.184962511,0.021919260,0.106711681,8.057584817,7.396478202,0.340954083,-0.514030141,-133.375147402,0.000200941,0.318367070,0.001486788,2.355636977,-1.414844247,-0.393728479,true,OK
1785074599.184957743,0.030838971,0.014259119,7.667356569,7.341032279,0.340422516,-0.514746924,-133.061629883,0.000426822,0.104678325,0.003161825,0.775440139,-1.421905134,-0.402367532,true,OK
1785074600.184976816,0.030852193,0.068353198,8.646759149,7.410869022,0.340701437,-0.514446835,-132.992748059,0.000441624,0.106531181,0.003305657,0.797409425,-1.385418619,-0.395283671,true,OK
1785074601.185007334,0.023815661,0.122960311,7.939315911,7.409130341,0.341013176,-0.513953011,-133.336616481,0.000375464,0.224684355,0.002780278,1.663768806,-1.396756745,-0.377364246,true,OK
1785074602.184978962,0.129262753,0.042104193,8.525572503,7.405122782,0.340214158,-0.514192566,-133.414131324,0.000205548,0.269795407,0.001522048,1.997787432,-1.396210419,-0.388668478,true,OK
1785074603.184892654,0.030726767,0.095903438,8.319599797,7.400139563,0.340747515,-0.514175168,-133.285946609,0.000695401,0.157017511,0.005150528,1.162958738,-1.416119686,-0.390374329,true,OK
1785074604.185031652,0.019706545,0.015649855,7.646210807,7.406416086,0.340667014,-0.514191842,-133.253513803,0.000378020,0.138476416,0.002797486,1.024775293,-1.437371320,-0.397168135,true,OK
1785074605.184961081,0.027641055,0.069092639,8.639113882,7.400125011,0.340208125,-0.513806600,-133.600423139,0.000550754,0.188711590,0.004073467,1.395742154,-1.413254020,-0.397306563,true,OK
1785074606.185000181,0.030972414,0.110134612,8.144491542,7.327458239,0.339906553,-0.514107171,-133.523163188,0.000267254,0.121946558,0.001977478,0.902314112,-1.387621701,-0.398580954,true,OK
1785074607.185139418,0.131042616,0.031317913,8.614072833,7.399087814,0.340551602,-0.514283422,-133.185293553,0.000109613,0.121946558,0.000812931,0.904404093,-1.394369999,-0.403266375,true,OK
1785074608.184958935,0.034161126,0.085261825,8.371464470,7.412150387,0.340119744,-0.513768271,-133.671068323,0.000215628,0.071326251,0.001606379,0.531363456,-1.402903408,-0.392423843,true,OK
1785074609.184892893,0.031019507,0.004386523,7.852676107,7.409173274,0.339255890,-0.513841446,-133.772103556,0.000537856,0.176938705,0.003926537,1.291714739,-1.412364079,-0.401722880,true,OK
1785074610.185045958,0.023015793,0.058677432,8.489789689,7.407293999,0.339934650,-0.514164343,-133.375361990,0.000293904,0.039564681,0.002178536,0.293269420,-1.408243309,-0.398764348,true,OK
1785074611.185042143,0.030168121,0.113190397,8.076973993,7.408671979,0.340571141,-0.513929021,-133.454606932,0.000267112,0.137056110,0.001978683,1.015270213,-1.384878097,-0.398963679,true,OK
1785074612.184983015,0.131903222,0.032006781,8.635084156,7.407576340,0.339703142,-0.514362417,-133.374981140,0.000674444,0.102792073,0.004988668,0.760323950,-1.393128871,-0.398624603,true,OK
1785074613.184995651,0.018828436,0.086334245,8.154826844,7.407802778,0.340237057,-0.513966917,-133.428140702,0.000148136,0.126668806,0.001094281,0.935699925,-1.396068480,-0.393718175,true,OK
1785074614.185048342,0.029240439,0.128422307,7.878104950,7.362894281,0.340345681,-0.513975802,-133.415833055,0.000453171,0.083929371,0.003352355,0.620871948,-1.412286250,-0.402848316,true,OK
1785074615.184970856,0.128735102,0.045997363,8.340107038,7.383344787,0.339871893,-0.513110956,-133.817712758,0.000255943,0.079129369,0.001896977,0.586485278,-1.421482395,-0.411188583,true,OK
1785074616.184912205,0.020068006,0.101053991,8.129256302,7.396717730,0.339404074,-0.513446763,-133.420075726,0.000247700,0.079129369,0.001839885,0.587762970,-1.435512045,-0.400669937,true,OK
1785074617.184942484,0.131909721,0.020675190,8.693663436,7.405694696,0.339758450,-0.512609146,-133.623893595,0.000591522,0.312786672,0.004389822,2.321261653,-1.428970345,-0.395464235,true,OK
1785074618.184957504,0.032231521,0.075556578,8.594919397,7.409297737,0.340699004,-0.512605552,-133.358013501,0.000309451,0.121946558,0.002291305,0.902942905,-1.420740119,-0.382662972,true,OK
1785074619.184964657,0.023229718,0.128677119,7.899579945,7.392985559,0.339280752,-0.512416345,-133.387908805,0.000587725,0.117033931,0.004347180,0.865655354,-1.438806955,-0.398377523,true,OK
1785074620.184972048,0.130861927,0.048730483,8.378198257,7.407642452,0.339858930,-0.512729465,-133.596731280,0.000033593,0.378459154,0.000248533,2.799947005,-1.423444102,-0.399576185,true,OK
1785074621.184970856,0.031989206,0.087247018,8.339381011,7.247519259,0.339257270,-0.513057744,-133.170253588,0.000644787,0.108352360,0.004382008,0.736368242,-1.396580339,-0.398424369,true,OK
1785074622.185000658,0.024369176,0.009852781,7.835366726,7.386784582,0.339414596,-0.512629385,-133.466200122,0.000045966,0.079129369,0.000340300,0.585824985,-1.399122376,-0.393097056,true,OK
1785074623.184901953,0.032016484,0.064265670,8.765145163,7.406231534,0.338372894,-0.513059874,-133.481628769,0.000825260,0.154505069,0.006104384,1.142862674,-1.389003284,-0.386044062,true,OK
1785074624.184958935,0.031414060,0.117795155,7.976555943,7.395919520,0.338394134,-0.513277139,-133.247576716,0.000846231,0.079129369,0.006269121,0.586213255,-1.410853496,-0.383034483,true,OK
1785074625.184979200,0.127526974,0.032350112,8.588139420,7.345316755,0.339191856,-0.512225433,-133.547687290,0.000481063,0.330430705,0.003561136,2.446061798,-1.408501109,-0.387061939,true,OK
1785074626.184978724,0.027762220,0.092152353,8.336166341,7.408154611,0.338401107,-0.512235710,-133.243469771,0.000471387,0.000000000,0.003486670,0.000000000,-1.415330844,-0.388820622,true,OK
1785074627.184947729,0.031532355,0.009744837,7.844666674,7.392558109,0.338158007,-0.512236315,-133.137365677,0.000666301,0.195835277,0.004935440,1.450595429,-1.418855076,-0.387428593,true,OK
1785074628.184977055,0.017110552,0.065403740,8.414346539,7.405693977,0.337894403,-0.512363180,-132.931192398,0.000253303,0.123540700,0.001874578,0.914268727,-1.424062317,-0.387863643,true,OK
1785074629.185024738,0.031366171,0.107387133,8.196987637,7.353724691,0.338139198,-0.512061366,-133.424699386,0.000874412,0.191796995,0.006471049,1.419385907,-1.449415422,-0.388254999,true,OK
1785074630.184947014,0.131907920,0.026533577,8.652459225,7.394429224,0.337789439,-0.512582123,-133.324833756,0.000543148,0.125114538,0.004016664,0.925241793,-1.448524812,-0.394173561,true,OK
1785074631.184971571,0.022107887,0.080075430,8.339330230,7.397531413,0.338783643,-0.512323648,-132.857376183,0.000456610,0.131221234,0.003377306,0.970575106,-1.421016546,-0.381935597,true,OK
1785074632.184937239,0.030863320,0.135044150,7.892066329,7.408198525,0.339040736,-0.512472336,-133.066433259,0.000343024,0.132704012,0.002540453,0.982812828,-1.410516798,-0.385367306,true,OK
1785074633.185001373,0.033041461,0.054355369,8.722630506,7.415596293,0.338445989,-0.512482327,-133.347671821,0.000924956,0.276953045,0.007008152,2.098400682,-1.431272330,-0.388305424,true,OK
1785074634.184975386,0.021711982,0.108425555,8.084168074,7.402244069,0.338278365,-0.512459635,-132.861641176,0.000676688,0.276953045,0.005006477,2.049037604,-1.434527644,-0.399293502,true,OK
1785074635.184969425,0.129119391,0.027790053,8.612297983,7.406288848,0.338647485,-0.511840069,-132.777153890,0.000120220,0.120331298,0.000890674,0.891498009,-1.434451974,-0.401506448,true,OK
1785074636.184893608,0.029876360,0.081552258,8.362461877,7.401304819,0.338535464,-0.511528318,-132.978024577,0.000534780,0.352770226,0.003956241,2.609751618,-1.407719220,-0.397306089,true,OK
1785074637.185576439,0.027924330,0.135894090,7.880010171,7.400770326,0.337887705,-0.511247786,-133.102691691,0.000689415,0.094872788,0.005059953,0.696317380,-1.383227936,-0.402037575,true,OK
1785074638.184960604,0.126546344,0.043086352,8.453359660,7.346154701,0.338575146,-0.511640566,-132.975409749,0.000407774,0.149353439,0.003017482,1.105198387,-1.390562057,-0.388342574,true,OK
1785074639.184964895,0.030302377,0.097493610,8.297533988,7.392026546,0.338261764,-0.511197705,-133.032108050,0.000081615,0.142652530,0.000603469,1.054787669,-1.392221332,-0.378255276,true,OK
1785074640.184967518,0.030733191,0.016775016,7.659278583,7.407403901,0.337555185,-0.510897933,-132.940755977,0.000637259,0.106531181,0.004714979,0.788207534,-1.405319762,-0.400567446,true,OK
1785074641.184967279,0.032009298,0.071124403,8.669550768,7.411636129,0.337465461,-0.511383260,-133.008743433,0.000555154,0.135620930,0.004106796,1.003266622,-1.382281473,-0.401223230,true,OK
1785074642.184969664,0.030760320,0.125316827,7.959558160,7.410060976,0.338316180,-0.511360486,-132.892025952,0.000354030,0.106531181,0.002636813,0.793443632,-1.367251959,-0.400839960,true,OK
1785074643.184961557,0.130071348,0.035256601,8.483887281,7.310290084,0.338231824,-0.510685046,-133.008397762,0.000371797,0.055952910,0.002752653,0.414255182,-1.373448010,-0.390358890,true,OK
1785074644.184978724,0.032001686,0.098031496,8.350174593,7.405914570,0.337861791,-0.511210938,-133.155913960,0.000787307,0.108352360,0.005812948,0.800001483,-1.386196510,-0.391898481,true,OK
1785074645.184971333,0.031934649,0.005434444,7.686426561,7.344464539,0.338436084,-0.511207594,-133.273926889,0.000259451,0.386643028,0.001917587,2.857654921,-1.414941128,-0.392848847,true,OK
1785074646.184978485,0.018611898,0.060021978,8.394093518,7.391857011,0.338932536,-0.511141460,-132.905701425,0.000273127,0.098911718,0.002019074,0.731199764,-1.407024343,-0.408072242,true,OK
1785074647.184969664,0.030498376,0.114274883,8.125872657,7.402423408,0.338291264,-0.510736882,-133.307815959,0.000437376,0.137056110,0.003238072,1.014682208,-1.406483297,-0.397297090,true,OK
1785074648.185256481,0.128852018,0.032338573,8.621717205,7.391984917,0.338557935,-0.511526587,-132.632474268,0.000562271,0.123540700,0.004160980,0.914239079,-1.395286834,-0.393543846,true,OK
1785074649.184974670,0.018980953,0.087016662,8.133513226,7.397290993,0.338814894,-0.511007957,-132.613777606,0.000187603,0.113640914,0.001388238,0.840928422,-1.411693474,-0.385362570,true,OK
1785074650.185010195,0.029215825,0.006910625,7.818616299,7.409588023,0.338610594,-0.511115318,-132.809942467,0.000314193,0.113640914,0.002325208,0.841007477,-1.435276265,-0.381287407,true,OK
1785074651.184964418,0.032348666,0.059718127,8.679401328,7.395409382,0.337338326,-0.511336987,-132.711061451,0.000374305,0.062557256,0.002793953,0.466951350,-1.424065188,-0.381721583,true,OK
1785074652.184976816,0.025334671,0.115458174,8.026284775,7.408866620,0.338424720,-0.511456178,-132.542335561,0.000248963,0.111905833,0.001844343,0.829009112,-1.398232378,-0.387410001,true,OK
1785074653.184973478,0.132077245,0.034484103,8.671226768,7.404764732,0.339363476,-0.510493758,-132.834072978,0.000809298,0.111905833,0.005988833,0.828107091,-1.390583419,-0.385457650,true,OK
1785074654.185001612,0.032476109,0.075535867,8.536430030,7.333704691,0.338202963,-0.510597108,-132.811172189,0.000310063,0.019782341,0.002299072,0.146683270,-1.379352979,-0.384429173,true,OK
1785074655.185114384,0.028950400,0.130855046,7.915329648,7.394870942,0.338799209,-0.510420718,-132.804887721,0.000537599,0.376385392,0.003979158,2.785900779,-1.408968835,-0.393680109,true,OK
1785074656.184985161,0.131743468,0.049981437,8.374397863,7.405274719,0.339509478,-0.509862074,-132.646959174,0.000907185,0.173589404,0.006723217,1.286484212,-1.415571519,-0.398724872,true,OK
1785074657.184942245,0.030990892,0.102940438,8.324078666,7.389465414,0.338422487,-0.509681381,-132.554172348,0.000181707,0.142652530,0.001340666,1.052512240,-1.391008464,-0.379935186,true,OK
1785074658.184958696,0.128412609,0.023533641,8.666124397,7.404588181,0.337944742,-0.509630672,-132.674003734,0.000200682,0.135620930,0.001486245,1.004403607,-1.385475498,-0.389111482,true,OK
1785074659.184970140,0.030089895,0.076266382,8.563433044,7.392658816,0.338381120,-0.509067801,-132.037676991,0.000329373,0.000000000,0.002439562,0.000000000,-1.414589511,-0.385121840,true,OK
1785074660.184954643,0.029229194,0.131862485,7.914842918,7.411262754,0.338986735,-0.508600414,-132.143846072,0.000278896,0.100870555,0.002060990,0.745414149,-1.456882463,-0.382105558,true,OK
1785074661.184977293,0.131759356,0.050559731,8.358421252,7.403971708,0.338330812,-0.508825581,-132.128536523,0.000809127,0.139882314,0.005986772,1.034996327,-1.459796761,-0.405483454,true,OK
1785074662.184965611,0.030125210,0.093187953,8.255765627,7.367497062,0.338198738,-0.508004628,-132.416236502,0.000388979,0.094872788,0.002873872,0.700943221,-1.419580617,-0.406613663,true,OK
1785074663.184925795,0.032117332,0.012506253,7.659257119,7.399875764,0.338915496,-0.507706727,-132.615858633,0.000214537,0.350544518,0.001586932,2.592981116,-1.418435101,-0.406020700,true,OK
1785074664.184965611,0.024034675,0.066561082,8.526405005,7.405901466,0.339548986,-0.507649251,-132.461641582,0.000566996,0.132704012,0.004197919,0.982512009,-1.414359977,-0.395227854,true,OK
1785074665.184977770,0.032653145,0.120880059,7.926284525,7.409852290,0.339289044,-0.507749519,-132.427108864,0.000193406,0.224684355,0.001431511,1.663020846,-1.421591390,-0.396561673,true,OK
1785074666.185165405,0.128838253,0.040260452,8.565521940,7.405908625,0.340052894,-0.508085536,-132.009568402,0.000268884,0.027976455,0.001990710,0.207126778,-1.417128002,-0.412466110,true,OK
1785074667.184957743,0.021816924,0.091639031,8.144156394,7.381091991,0.340448988,-0.507670088,-132.058084636,0.000229119,0.102792073,0.001672822,0.750494454,-1.392899795,-0.408964718,true,OK
1785074668.184978724,0.030557189,0.013593711,7.662053243,7.406490732,0.338881909,-0.507623902,-131.933093121,0.000066634,0.113640914,0.000493481,0.841604166,-1.396808877,-0.404764193,true,OK
1785074669.185001612,0.032709626,0.055017751,8.668679315,7.314951637,0.339252638,-0.508212082,-131.620263033,0.000620316,0.110143430,0.004696321,0.833880035,-1.398563966,-0.399853744,true,OK
1785074670.184895039,0.024151267,0.109679116,8.121657088,7.385670559,0.339843495,-0.507711623,-131.855214442,0.000288948,0.290066368,0.002137545,2.145820631,-1.408640476,-0.381997570,true,OK
1785074671.184966087,0.131283076,0.029211527,8.657123840,7.406470910,0.339553671,-0.507061648,-131.702374215,0.000756009,0.052339156,0.005598054,0.387558249,-1.422007857,-0.387045338,true,OK
1785074672.185276747,0.030949873,0.081430733,8.361080851,7.382628855,0.338813391,-0.507586880,-131.752484052,0.000367681,0.247081560,0.002721013,1.828518286,-1.402924491,-0.391257256,true,OK
1785074673.184958935,0.025054245,0.002537640,7.856413336,7.406656181,0.339592030,-0.507822195,-131.404312911,0.000127541,0.120331298,0.000942591,0.889308960,-1.406087255,-0.388423871,true,OK
1785074674.184980631,0.031972443,0.055970859,8.738817837,7.402112696,0.340020761,-0.507066419,-131.787994398,0.000465506,0.163129423,0.003433863,1.203343868,-1.412815582,-0.386329781,true,OK
1785074675.184977293,0.031852591,0.110287761,8.261406232,7.403452907,0.338905695,-0.507398214,-131.700001343,0.000368526,0.137056110,0.002734148,1.016838775,-1.429242699,-0.385860629,true,OK
1785074676.184916258,0.131812591,0.029701099,8.673612720,7.401078347,0.339278022,-0.508278081,-131.287357852,0.000730662,0.121946558,0.005409479,0.902834829,-1.434371496,-0.402603475,true,OK
1785074677.184908390,0.033260828,0.083989093,8.420959477,7.401360875,0.339493617,-0.508082362,-131.730719679,0.000327955,0.260947217,0.002418639,1.924462512,-1.410584733,-0.397453655,true,OK
1785074678.184958696,0.030962410,0.003709617,7.925298719,7.404594274,0.339422849,-0.507097791,-131.936013054,0.000066037,0.164324520,0.000487490,1.213061440,-1.395875466,-0.402516150,true,OK
1785074679.184979677,0.131120742,0.044103326,8.531371055,7.322072746,0.339305955,-0.507626853,-131.836725055,0.000370073,0.413068310,0.002736620,3.054561914,-1.399169918,-0.399380006,true,OK
1785074680.184995413,0.028153289,0.098845373,8.339347074,7.386374588,0.339650075,-0.507608071,-131.488292119,0.000038304,0.000000000,0.000282861,0.000000000,-1.407680139,-0.378199420,true,OK
1785074681.184976101,0.131290999,0.018710378,8.713282317,7.402594206,0.339878743,-0.507245736,-131.590216484,0.000431641,0.096913294,0.003244548,0.728476064,-1.423509838,-0.389267588,true,OK
1785074682.184984207,0.025573725,0.073385981,8.503366324,7.403845714,0.338800313,-0.506971625,-131.725243381,0.000127848,0.074018747,0.000946625,0.548057247,-1.400229058,-0.395937094,true,OK
1785074683.184908867,0.027989753,0.127618105,7.927437473,7.406193568,0.339015809,-0.507754502,-131.476325535,0.000574032,0.323851312,0.004259256,2.402940012,-1.403679349,-0.396903716,true,OK
1785074684.184962749,0.132570161,0.046513002,8.368918253,7.406763739,0.339659793,-0.507648849,-131.598906219,0.000430981,0.121946558,0.003192468,0.903312518,-1.378324011,-0.391898700,true,OK
1785074685.184980631,0.032781681,0.100881772,8.303237345,7.405582634,0.339556398,-0.506982824,-131.806873026,0.000398961,0.123540700,0.002948927,0.913153306,-1.388884216,-0.373338126,true,OK
1785074686.184965611,0.132880141,0.020207521,8.706388336,7.404021200,0.338797257,-0.507524124,-131.688882442,0.000313827,0.115349902,0.002332984,0.857509080,-1.411370421,-0.392107179,true,OK
1785074687.185002804,0.029982468,0.074700550,8.549199138,7.403138144,0.339466040,-0.507927835,-131.625456825,0.000801708,0.113640914,0.005937261,0.841597740,-1.435546148,-0.401713926,true,OK
1785074688.185376406,0.023214529,0.127316215,7.852454491,7.385431921,0.340375171,-0.507325439,-131.636429357,0.000121371,0.110143430,0.000889196,0.806940061,-1.407277671,-0.395586323,true,OK
1785074689.185006142,0.132245697,0.034225656,8.549154026,7.353667417,0.339061796,-0.507682567,-131.563300743,0.000269444,0.128204252,0.001993416,0.948487008,-1.392769114,-0.402516262,true,OK
1785074690.185019732,0.030346744,0.077761631,8.342438841,7.317212172,0.339515560,-0.507337638,-131.467050571,0.000502114,0.113640914,0.003802385,0.860575346,-1.402405485,-0.391575039,true,OK
1785074691.184975386,0.024970671,0.132237104,7.815661308,7.396085294,0.340118061,-0.507165558,-131.709299465,0.000573656,0.106531181,0.004247476,0.788779988,-1.430674944,-0.391254103,true,OK
1785074692.184947729,0.132387048,0.051077189,8.430683991,7.406581266,0.339301898,-0.506792232,-132.079029831,0.000312885,0.121946558,0.002316234,0.902750202,-1.419394499,-0.410780424,true,OK
1785074693.184950829,0.029569488,0.105413959,8.304058717,7.414213245,0.339483137,-0.506636163,-132.115176026,0.000615399,0.413068310,0.004641326,3.115355101,-1.418764644,-0.411728931,true,OK
1785074694.184952259,0.018653582,0.009601410,7.609900222,7.289876583,0.340484453,-0.507093941,-131.575973879,0.000523064,0.126668806,0.003530505,0.854970999,-1.403645970,-0.407793043,true,OK
1785074695.185051918,0.030894445,0.065261286,8.629720278,7.382669917,0.341129480,-0.507002988,-131.490013154,0.000560523,0.340348753,0.004144005,2.516234732,-1.390678711,-0.400396505,true,OK
1785074696.185084105,0.032556570,0.108312096,8.284220908,7.351926287,0.340572920,-0.506342136,-131.668540118,0.000570252,0.108352360,0.004216110,0.801093498,-1.410481502,-0.405270436,true,OK
1785074697.184978724,0.127471731,0.026140018,8.688971514,7.382646721,0.340642172,-0.507025409,-131.425241042,0.000524384,0.125114538,0.003882491,0.926336474,-1.420832594,-0.411969097,true,OK
1785074698.184950590,0.031564350,0.068333423,8.689426765,7.352549466,0.340847696,-0.506829642,-131.270567627,0.000956055,0.111905833,0.007075941,0.828236216,-1.404124053,-0.415590548,true,OK
1785074699.184993267,0.030393317,0.111951527,8.206299614,7.311899078,0.340930896,-0.505655147,-131.640052193,0.000377767,0.248660374,0.002839676,1.869179645,-1.391807696,-0.412325042,true,OK
1785074700.185007811,0.132050547,0.030733057,8.663534099,7.391913513,0.340375911,-0.505917581,-131.429515140,0.000118165,0.126668806,0.000874879,0.937842854,-1.384423150,-0.400375654,true,OK
1785074701.185025215,0.029047341,0.083016129,8.351664088,7.376825227,0.340581017,-0.505801826,-131.573539077,0.000189863,0.117033931,0.001398708,0.862182173,-1.392015757,-0.381553117,true,OK
1785074702.184970856,0.030377521,0.127360471,7.902432063,7.354980899,0.340517598,-0.505188281,-131.678597468,0.000458507,0.034264021,0.003395851,0.253770630,-1.430800613,-0.391511606,true,OK
1785074703.184926987,0.129326130,0.045906669,8.476691681,7.392158565,0.339878885,-0.505213676,-132.031731548,0.000281779,0.383594550,0.002085137,2.838562868,-1.420836353,-0.395646494,true,OK
1785074704.184964180,0.031278222,0.085634231,8.364251782,7.259641144,0.339915435,-0.505753702,-131.662067453,0.001028823,0.034264021,0.006928053,0.230732613,-1.401854562,-0.390645986,true,OK
1785074705.184958220,0.025478224,0.007005437,7.768156000,7.388665947,0.341079039,-0.505223818,-131.812294052,0.000149226,0.090654086,0.001105503,0.671588314,-1.407125180,-0.391961017,true,OK
1785074706.184977055,0.028708786,0.061649853,8.619747585,7.399594571,0.340389295,-0.505368426,-132.038111592,0.000223324,0.059347027,0.001650333,0.438566248,-1.417033250,-0.399605701,true,OK
1785074707.184975147,0.031180388,0.103895627,8.232789938,7.365025884,0.339962178,-0.505535875,-131.889768674,0.000773140,0.145369958,0.005789742,1.088618448,-1.419184075,-0.386535211,true,OK
1785074708.184945345,0.132770802,0.020695777,8.706931116,7.371308631,0.341474692,-0.504915265,-132.113776054,0.000763422,0.300014405,0.005633712,2.213971185,-1.411032599,-0.408370004,true,OK
1785074709.367452621,0.914220237,0.935351699,8.676001387,7.405802107,0.340734802,-0.505038604,-131.997367226,0.000355720,0.120331298,0.002634279,0.891110836,-1.380828514,-0.408277480,false,STALE_SCAN
1785074710.184970856,0.031434979,0.130168403,7.563383977,6.941288148,0.340133899,-0.504910253,-132.298738651,0.000485611,0.123540700,0.003593126,0.914100154,-1.374441973,-0.395220298,true,OK
1785074711.184963942,0.130982362,0.050408356,8.268136025,7.332980910,0.340479752,-0.504444347,-132.506283914,0.000403343,0.106531181,0.002987624,0.789093900,-1.390181788,-0.388252876,true,OK
1785074712.184960604,0.029956559,0.103870886,8.278220298,7.382254151,0.340079207,-0.504354210,-132.228041150,0.000551452,0.202708782,0.004155555,1.527544919,-1.417664531,-0.391003813,true,OK
1785074713.184953928,0.030795834,0.012127993,7.673270602,7.353868997,0.339896105,-0.503818196,-132.566433561,0.000842641,0.173589404,0.006228952,1.283203462,-1.428824941,-0.394864545,true,OK
1785074714.184965611,0.024440523,0.066227410,8.515611778,7.404837562,0.339423974,-0.504581810,-132.506373613,0.000418233,0.123540700,0.003098441,0.915240740,-1.410888333,-0.396992507,true,OK
1785074715.185048819,0.231727480,0.253214607,8.729442340,7.381042176,0.340480389,-0.504395358,-132.221008550,0.000364280,0.118694067,0.002701454,0.880220405,-1.402143001,-0.400129455,true,OK
1785074716.185210466,0.128669110,0.027430105,8.341564987,7.240567387,0.338908369,-0.502561099,-132.712502186,0.000281358,0.271242046,0.002084849,2.009889945,-1.424456987,-0.399047606,true,OK
1785074717.185139656,0.033485009,0.068551901,8.545589726,7.289504405,0.338015373,-0.502583301,-132.799317579,0.000764471,0.123540700,0.005658284,0.914395480,-1.429024203,-0.389345472,true,OK
1785074718.185115099,0.009720724,0.123849572,7.797149153,7.392900310,0.338271584,-0.503280674,-132.423717759,0.000831524,0.263187172,0.006155452,1.948272721,-1.415441214,-0.391075540,true,OK
1785074719.184964657,0.131972801,0.030850926,8.640445974,7.375325819,0.338602969,-0.502361595,-132.799788988,0.000695640,0.360452001,0.005132781,2.659594766,-1.393137213,-0.394909664,true,OK
1785074720.184959650,0.030919685,0.083748050,8.278822939,7.392816914,0.337683144,-0.502307360,-132.496955443,0.000098755,0.250229210,0.000729764,1.849101571,-1.391136177,-0.388950483,true,OK
1785074721.185010433,0.023375193,0.125499732,7.817698671,7.367681939,0.337788398,-0.502577350,-132.256783623,0.000515780,0.149353439,0.003819000,1.105861279,-1.401500284,-0.388553544,true,OK
1785074722.184942484,0.121062025,0.033324546,8.338276331,7.311744483,0.338258435,-0.503166118,-131.986520448,0.000257731,0.148037520,0.001737176,0.997811794,-1.415105046,-0.388532604,true,OK
1785074723.184973478,0.027276105,0.086450724,8.321837361,7.373702487,0.337898650,-0.502718339,-132.145147316,0.000213344,0.108352360,0.001577597,0.801224846,-1.420311778,-0.391556313,true,OK
1785074724.184966564,0.019501892,0.126466431,7.798914280,7.308942493,0.337151057,-0.502509573,-132.231335989,0.000242659,0.115349902,0.001796622,0.854037837,-1.424382632,-0.393637728,true,OK
1785074725.184941053,0.126382116,0.048116956,8.362504711,7.397656463,0.337746458,-0.502474388,-132.013482977,0.000585371,0.389165209,0.004329300,2.878194674,-1.405026029,-0.376307387,true,OK
1785074726.184970856,0.032577216,0.088119755,8.369506833,7.348091636,0.337622993,-0.501774360,-132.257656417,0.000551922,0.260947217,0.004074290,1.926312154,-1.414877901,-0.380049429,true,OK
1785074727.185142756,0.014393115,0.130967487,7.680833801,7.304490269,0.336828169,-0.501505381,-132.391479193,0.000320511,0.117033931,0.002379047,0.868704435,-1.440084075,-0.390598475,true,OK
1785074728.184986591,0.130254676,0.049931486,8.339663984,7.380832667,0.336945557,-0.502096990,-132.146302769,0.000598882,0.000000000,0.004395288,0.000000000,-1.455653358,-0.387769299,true,OK
1785074729.184978724,0.027808733,0.094075306,8.241457523,7.374626941,0.337152480,-0.501390453,-132.651288450,0.000395479,0.388158290,0.002954802,2.900106844,-1.427077819,-0.397098353,true,OK
1785074730.185460806,0.011970753,0.135383879,6.968094087,6.787020065,0.336695059,-0.500667943,-132.719929810,0.001023696,0.305187446,0.007595893,2.264512149,-1.422540797,-0.404599348,true,OK
1785074731.185016632,0.027765621,0.053739341,8.560803480,7.300983724,0.336033667,-0.501002906,-132.378356505,0.000403708,0.098911718,0.003016183,0.738988394,-1.393436396,-0.402199058,true,OK
1785074732.185184002,0.029598466,0.096092965,8.289024025,7.333943751,0.337006057,-0.501025037,-132.161490648,0.000178806,0.000000000,0.001313050,0.000000000,-1.410297092,-0.394506035,true,OK
1785074733.184960604,0.022733918,0.004521428,7.626878021,7.308137666,0.336766812,-0.500980742,-132.024894169,0.000687218,0.092787413,0.004616177,0.623271231,-1.428788759,-0.405659719,true,OK
1785074734.184977055,0.030008799,0.058727898,8.651163311,7.386950184,0.336059803,-0.500481946,-132.346124736,0.000152887,0.113640914,0.001133390,0.842450248,-1.435641359,-0.399452326,true,OK
1785074735.184957266,0.031348627,0.099508786,8.118836665,7.325611467,0.336340466,-0.500699541,-132.278786621,0.000361501,0.126668806,0.002678415,0.938508052,-1.406447214,-0.396467003,true,OK
1785074736.184920549,0.129091307,0.016307903,8.854019732,7.365008400,0.336608187,-0.500706834,-132.135320437,0.000471135,0.405418205,0.003451381,2.969962098,-1.417993942,-0.397605954,true,OK
1785074737.185008049,0.027429344,0.061353942,8.689544814,7.372831481,0.335971672,-0.500355402,-132.144821337,0.000207205,0.123540700,0.001534383,0.914837025,-1.413021085,-0.400870427,true,OK
1785074738.184974670,0.032160975,0.104165064,8.157799803,7.316625577,0.335629296,-0.500155703,-132.517300814,0.000229115,0.416371027,0.001737379,3.157338442,-1.429832541,-0.404124212,true,OK
1785074739.184976816,0.128719456,0.022185789,8.625165590,7.381065164,0.336006731,-0.499770716,-132.083708919,0.000220918,0.392669016,0.001633056,2.902663980,-1.434853025,-0.402309808,true,OK
1785074740.184980154,0.028456600,0.063926396,8.523613246,7.348275851,0.335794431,-0.499046833,-132.568517409,0.000112424,0.074018747,0.000833911,0.549036952,-1.386336468,-0.396109336,true,OK
1785074741.184946537,0.031726180,0.119027250,7.927161496,7.403057079,0.334628047,-0.499186875,-132.244232347,0.000458450,0.196831898,0.003394493,1.457399047,-1.380078056,-0.394824760,true,OK
1785074742.184977055,0.129459527,0.019565003,8.519611919,7.319634667,0.335068354,-0.499401426,-132.007240991,0.000934810,0.323246547,0.006947380,2.402324629,-1.420199568,-0.384887590,true,OK
1785074743.184892416,0.031532478,0.067554790,8.548992319,7.341097445,0.335487908,-0.498650210,-132.175201296,0.000556467,0.364232137,0.004116086,2.694160009,-1.415741122,-0.383320292,true,OK
1785074744.184916735,0.032456122,0.122648792,7.926924390,7.398829202,0.335706389,-0.498172960,-132.374111559,0.000842283,0.117033931,0.006240039,0.867043322,-1.424185527,-0.384687248,true,OK
1785074745.184980631,0.131248963,0.028617284,8.582224238,7.374440862,0.335635146,-0.498510336,-132.192005149,0.000296418,0.115349902,0.002200938,0.856487731,-1.387102654,-0.400956265,true,OK
1785074746.185012579,0.032406437,0.070090132,8.563021380,7.336130737,0.335763810,-0.498962577,-131.898431572,0.000791750,0.106531181,0.005885661,0.791924362,-1.360013100,-0.394449635,true,OK
1785074747.185141325,0.025973609,0.124852265,7.846732468,7.390811823,0.335605477,-0.498069543,-132.352338917,0.000127781,0.106531181,0.000946549,0.789141370,-1.409354166,-0.394268228,true,OK
1785074748.184950829,0.123210326,0.029490151,8.535910988,7.349599767,0.334647930,-0.498609304,-132.409097349,0.000435207,0.118694067,0.003222250,0.878804447,-1.427572046,-0.400006228,true,OK
1785074749.184996128,0.027367529,0.072156994,8.452335654,7.313750338,0.335350723,-0.498517368,-132.355734855,0.000393380,0.139882314,0.002855373,1.015345592,-1.424393347,-0.396313464,true,OK
1785074750.184891939,0.026381143,0.128549139,7.828111238,7.395448638,0.335513336,-0.497860324,-132.603468931,0.000409866,0.086229231,0.003032268,0.637940442,-1.406085944,-0.401576653,true,OK
1785074751.184969902,0.128929101,0.032092660,8.492037954,7.335352818,0.335139359,-0.497451043,-132.740528206,0.001091811,0.076616680,0.008063997,0.565882283,-1.407558000,-0.394411755,true,OK
1785074752.184968472,0.030497222,0.075409241,8.350335989,7.279226260,0.334499984,-0.497872017,-132.496308719,0.000515395,0.121946558,0.003764341,0.890672523,-1.429880189,-0.392134404,true,OK
1785074753.184973240,0.032308251,0.132221551,7.883060471,7.398141575,0.335134478,-0.497783252,-132.505853162,0.000406995,0.106531181,0.003043499,0.796637377,-1.445537724,-0.394356600,true,OK
1785074754.187294006,0.128578101,0.036945030,8.438835461,7.315904466,0.334558666,-0.497249510,-132.753993927,0.000256458,0.285305273,0.001898492,2.112037034,-1.436019868,-0.403837899,true,OK
1785074755.184975386,0.030841424,0.080700628,8.586405861,7.324114226,0.333628463,-0.497233051,-132.607486823,0.000451222,0.137056110,0.003337043,1.013607404,-1.425716056,-0.407417937,true,OK
1785074756.184953690,0.030078408,0.133078010,8.040082628,7.373937110,0.334187008,-0.497464534,-132.487440272,0.000694666,0.352770226,0.005139167,2.609809848,-1.401262330,-0.397754161,true,OK
1785074757.184975863,0.130435130,0.029930408,8.596355600,7.256386106,0.334760841,-0.497210991,-132.661867389,0.000637174,0.356082708,0.004659639,2.604026020,-1.382423065,-0.388362621,true,OK
1785074758.185020208,0.019510521,0.083917061,8.258172524,7.357981036,0.334307797,-0.496863215,-132.842563175,0.000653841,0.121946558,0.004844689,0.903572695,-1.399517402,-0.382014512,true,OK
1785074759.184980392,0.031042441,0.124802095,7.845679865,7.263495690,0.334523487,-0.496768636,-132.708262626,0.000448857,0.153233400,0.003016901,1.029927614,-1.442167587,-0.391978493,true,OK
1785074760.184998035,0.126298090,0.044011263,8.421959840,7.382859523,0.334873265,-0.496270512,-132.565714130,0.000497902,0.098911718,0.003660631,0.727209762,-1.434667956,-0.403007246,true,OK
1785074761.184978008,0.029040559,0.086898105,8.398009861,7.370034787,0.334422821,-0.496071107,-132.630916030,0.000377107,0.126668806,0.002790680,0.937378739,-1.416566604,-0.397952511,true,OK
1785074762.184976578,0.032973267,0.128392507,7.908991886,7.298653999,0.333887470,-0.495893271,-132.809388092,0.000368581,0.126668806,0.002727938,0.937498740,-1.424600152,-0.384428368,true,OK
1785074763.185044765,0.133429118,0.048141137,8.405753216,7.388922149,0.334559911,-0.496168803,-132.278103665,0.000100907,0.039564681,0.000746609,0.292738615,-1.412363756,-0.380138505,true,OK
1785074764.184998989,0.030820386,0.087723324,8.365429875,7.339831502,0.334740693,-0.495786744,-132.763994712,0.000920104,0.062557256,0.006810582,0.463047066,-1.420856276,-0.378135250,true,OK
1785074765.184951305,0.031633846,0.130790405,7.956281109,7.286644673,0.333320451,-0.495840910,-132.750896050,0.000590151,0.431600748,0.004379613,3.202983207,-1.435851064,-0.390414667,true,OK
1785074766.184967279,0.123265155,0.049429299,8.287266902,7.374514150,0.334220768,-0.496366769,-132.122431441,0.000334713,0.128204252,0.002467385,0.945077058,-1.423788215,-0.395811437,true,OK
1785074767.185094357,0.031536698,0.094075893,8.264746784,7.376736757,0.334586342,-0.495677003,-132.385975401,0.000349009,0.000000000,0.002584199,0.000000000,-1.392473640,-0.379928936,true,OK
1785074768.185252905,0.030406461,0.134422316,7.658909654,7.287939824,0.333675624,-0.495773380,-132.318151936,0.000122580,0.110143430,0.000907288,0.815236595,-1.389587109,-0.379282134,true,OK
1785074769.184986115,0.015767348,0.054047485,8.391203202,7.392683490,0.333686026,-0.496091831,-132.178553528,0.000595058,0.108352360,0.004406261,0.802323485,-1.398829942,-0.384740627,true,OK
1785074770.184920788,0.028359451,0.095417183,8.235103550,7.348073938,0.334699853,-0.496019372,-132.046068129,0.000778730,0.371150265,0.005766932,2.748575422,-1.412764207,-0.398749226,true,OK
1785074771.184968472,0.026964344,0.003921819,7.650479046,7.314793565,0.334717233,-0.495316375,-132.314582552,0.000221501,0.235733974,0.001496083,1.592215113,-1.401076992,-0.403544898,true,OK
1785074772.184975147,0.024765186,0.057561620,8.537273879,7.379944424,0.334237557,-0.495168867,-132.503360696,0.000731240,0.044234660,0.005409923,0.327260529,-1.375617731,-0.387635171,true,OK
1785074773.184970140,0.032371694,0.099410260,8.286994401,7.371231167,0.335249313,-0.495512226,-132.123826861,0.000341831,0.086229231,0.002527873,0.637672787,-1.389977012,-0.379983004,true,OK
1785074774.185013294,0.026471883,0.006165144,7.709585847,7.360141230,0.335869194,-0.495391674,-132.470015179,0.000501956,0.166689032,0.003716234,1.234083194,-1.402341950,-0.383701456,true,OK
1785074775.185008287,0.133297448,0.048613005,8.356209177,7.299847410,0.335718313,-0.494823300,-132.637407516,0.001259817,0.395647592,0.008539729,2.681914996,-1.403608561,-0.398488474,true,OK
1785074776.184950829,0.028929319,0.103021765,8.345381187,7.386642364,0.335670968,-0.495619183,-132.400547088,0.000496061,0.333964821,0.003677726,2.475966497,-1.386666560,-0.396101007,true,OK
1785074777.185098410,0.031597623,0.006994678,7.870869927,7.342111472,0.336331882,-0.495424359,-132.169624121,0.000229315,0.104678325,0.001680931,0.767314768,-1.388529852,-0.406210118,true,OK
1785074778.184990883,0.016428198,0.051674474,8.443866887,7.323588228,0.335895235,-0.494919390,-132.185589035,0.000317920,0.155766359,0.002354550,1.153622513,-1.387337297,-0.398338862,true,OK
1785074779.185137987,0.027668304,0.105839143,8.170731678,7.383837034,0.335474784,-0.494974501,-132.273780958,0.000193859,0.110143430,0.001434854,0.815230356,-1.407163563,-0.400248184,true,OK
1785074780.185171127,0.031274976,0.013478227,7.594942043,7.376498117,0.336436379,-0.495080228,-132.316102557,0.000425449,0.200768942,0.003142956,1.483158623,-1.417665530,-0.398683858,true,OK
1785074781.184979677,0.013812023,0.053849058,8.355083530,7.335643396,0.336545243,-0.494183039,-132.585276522,0.000339917,0.113640914,0.002552104,0.853219069,-1.414184764,-0.404778299,true,OK
1785074782.185014486,0.029870815,0.108807075,8.242625672,7.396730326,0.335666130,-0.494553507,-132.783925164,0.000160008,0.148037520,0.001183895,1.095326727,-1.400043080,-0.401217917,true,OK
1785074783.185150385,0.031257291,0.015741423,7.640636065,7.372430993,0.335654440,-0.494545199,-132.262056044,0.000456961,0.138476416,0.003385778,1.026018525,-1.391008936,-0.394072417,true,OK
1785074784.185002327,0.026495901,0.056057939,8.547611610,7.329832000,0.335950111,-0.493798884,-132.394639548,0.000225217,0.048456644,0.001664618,0.358151214,-1.396507221,-0.401424892,true,OK
1785074785.184955597,0.031735104,0.100122274,8.032286002,7.273861566,0.335954041,-0.492958244,-132.474793028,0.000761938,0.052339156,0.005160547,0.354488883,-1.411351515,-0.397544318,true,OK
1785074786.184962511,0.133539001,0.019057132,8.602153735,7.387195656,0.335480514,-0.493545027,-132.538292987,0.000220393,0.113640914,0.001631740,0.841373124,-1.414909865,-0.397591689,true,OK
1785074787.184991837,0.015162832,0.060645236,8.321535062,7.341388068,0.336300957,-0.493743898,-132.454756336,0.000398127,0.062557256,0.002940379,0.462018539,-1.378642875,-0.408332840,true,OK
1785074788.185062170,0.029102114,0.103840760,8.049428628,7.271784497,0.336065253,-0.493022675,-132.584015298,0.000918092,0.118694067,0.006233090,0.805835505,-1.382096980,-0.390009709,true,OK
1785074789.184975147,0.132760003,0.022841803,8.690006375,7.391493283,0.334861118,-0.493646134,-132.601841704,0.000757637,0.110143430,0.005606192,0.815014989,-1.386550869,-0.390547824,true,OK
1785074790.184947491,0.022534304,0.064850313,8.368071593,7.361090199,0.335769631,-0.493557208,-132.312342535,0.000407861,0.111905833,0.003065312,0.841036781,-1.419082106,-0.394672093,true,OK
1785074791.184945822,0.027822674,0.105007588,7.862009430,7.258646082,0.336223374,-0.493306200,-132.330171156,0.000523908,0.123540700,0.003539525,0.834641294,-1.405970138,-0.409241350,true,OK
1785074792.184972286,0.128610537,0.023260450,8.528134328,7.365464856,0.335453055,-0.493186609,-132.284514690,0.000175197,0.131221234,0.001297286,0.971659438,-1.399718731,-0.396462415,true,OK
1785074793.185084343,0.030139091,0.065174959,8.555490805,7.328626653,0.335622174,-0.492982398,-132.347022870,0.000311460,0.365840247,0.002257895,2.652121656,-1.376397121,-0.386559921,true,OK
1785074794.184968472,0.029341908,0.108264965,8.184748451,7.283956568,0.336342867,-0.493100878,-132.007419368,0.000241601,0.121946558,0.001787288,0.902121264,-1.379519677,-0.386852531,true,OK
1785074795.184989929,0.131201193,0.028560615,8.645628277,7.385394385,0.336307165,-0.492900984,-132.091515210,0.000756999,0.138476416,0.005604263,1.025177941,-1.413409156,-0.393140339,true,OK
1785074796.184974194,0.033361893,0.071402121,8.640553059,7.369057026,0.334969067,-0.492826924,-131.859314051,0.000593106,0.291412395,0.004390274,2.157083633,-1.410297725,-0.397114776,true,OK
1785074797.184937477,0.028126784,0.113263093,8.043702325,7.298799277,0.335166734,-0.493191698,-131.371957096,0.000720409,0.382572983,0.005332511,2.831826556,-1.393801317,-0.395960345,true,OK
1785074798.184983492,0.125971323,0.032350878,8.594724713,7.393348874,0.336286172,-0.492527008,-131.694910731,0.001007868,0.027976455,0.007487966,0.207851429,-1.384502780,-0.403302089,true,OK
1785074799.185041189,0.021207994,0.071842322,8.507765233,7.337927233,0.334619557,-0.493206280,-131.756989147,0.000152670,0.113640914,0.001133590,0.843794299,-1.401133676,-0.385561284,true,OK
1785074800.185283422,0.025386516,0.116773209,7.916432998,7.326447121,0.334996099,-0.493155354,-131.779216957,0.000112022,0.153233400,0.000829505,1.134668969,-1.419996168,-0.392327874,true,OK
1785074801.184948206,0.127811871,0.035026368,8.574824499,7.405353491,0.335056899,-0.492756906,-131.860628823,0.000239889,0.111905833,0.001760137,0.821084901,-1.426230324,-0.402838952,true,OK
1785074802.184944630,0.011671048,0.077094561,8.209728616,7.373675564,0.334814882,-0.492820102,-131.838003054,0.000433444,0.141274205,0.003203077,1.043993142,-1.390794610,-0.406619485,true,OK
1785074803.184950590,0.029419501,0.119447180,7.917210509,7.347763653,0.333274282,-0.492995831,-131.929005687,0.000641570,0.314035316,0.004747920,2.324010634,-1.381379157,-0.400398649,true,OK
1785074804.184896231,0.128573997,0.026002069,8.590086995,7.301425582,0.334521646,-0.493761316,-131.520991076,0.000596619,0.213978861,0.004060095,1.456163502,-1.407405908,-0.403788095,true,OK
1785074805.184965372,0.024693889,0.079823199,8.347229296,7.380533319,0.335103444,-0.493097231,-131.776040487,0.000061988,0.000000000,0.000458164,0.000000000,-1.438058847,-0.391280684,true,OK
1785074806.185238361,0.032830746,0.122627982,7.973917579,7.351565965,0.333635311,-0.493051293,-131.845500616,0.000369553,0.104678325,0.002733106,0.774170408,-1.431081460,-0.399692246,true,OK
1785074807.184957743,0.129564271,0.028371911,8.646679996,7.327282832,0.333661700,-0.493038864,-131.745553691,0.000899767,0.104678325,0.006742811,0.784454117,-1.439860208,-0.402255386,true,OK
1785074808.185000896,0.032479692,0.083597592,8.369958602,7.396048081,0.334068967,-0.493033174,-131.721653685,0.000097125,0.086229231,0.000730635,0.648668306,-1.406490351,-0.403622101,true,OK
1785074809.184993744,0.029724776,0.125734414,7.934606109,7.377334273,0.333685538,-0.492971172,-132.071980496,0.000262754,0.149353439,0.001947251,1.106847332,-1.388052122,-0.391671122,true,OK
1785074810.184926033,0.126552559,0.032610321,8.494584088,7.353073197,0.333177146,-0.492907753,-131.902076965,0.000608852,0.110143430,0.004508651,0.815631292,-1.413518983,-0.394209651,true,OK
1785074811.184970140,0.030032238,0.074407811,8.425602299,7.278498791,0.333835317,-0.493080730,-131.836602559,0.000093114,0.081564685,0.000632675,0.554201274,-1.426459596,-0.403609123,true,OK
1785074812.184960604,0.027475840,0.127473815,7.875823113,7.382052112,0.333743776,-0.492476631,-131.782381189,0.000284110,0.088469326,0.002109331,0.656827829,-1.438477541,-0.420273885,true,OK
1785074813.184958935,0.124550862,0.035267829,8.440741772,7.361570199,0.332569832,-0.492269052,-131.846986367,0.000101425,0.153233400,0.000754465,1.139844789,-1.426770627,-0.416844354,true,OK
1785074814.184960604,0.031548510,0.076711858,8.336156026,7.287388977,0.333233762,-0.492109005,-131.956161145,0.000340484,0.120331298,0.002518843,0.890191883,-1.415912519,-0.405291574,true,OK
1785074815.184986591,0.026565658,0.132082907,7.853779607,7.384656012,0.333577661,-0.491480216,-132.109759933,0.000170917,0.106531181,0.001263474,0.787512603,-1.431406218,-0.390082826,true,OK
1785074816.185849905,0.129677842,0.036683194,8.542030321,7.332696566,0.332668219,-0.491373516,-131.990114409,0.000063639,0.320816066,0.000474429,2.391672619,-1.431355866,-0.379293498,true,OK
1785074817.184970379,0.025225294,0.080061937,8.295262594,7.293540464,0.332627986,-0.491375916,-131.922874718,0.000329520,0.117033931,0.002434831,0.864766728,-1.401960776,-0.396828269,true,OK
1785074818.184941530,0.032705987,0.133654308,7.831931681,7.371473688,0.333278147,-0.490953016,-131.832631651,0.000525934,0.192814506,0.003877410,1.421510114,-1.378080588,-0.396006842,true,OK
1785074819.184986115,0.131576334,0.041832156,8.460559503,7.360469848,0.333941363,-0.490136094,-132.176131249,0.000843883,0.366908397,0.006238042,2.712211198,-1.375206656,-0.385132658,true,OK
1785074820.185600519,0.021312808,0.084943659,8.202243964,7.325803792,0.333338221,-0.490418200,-132.082929889,0.000243414,0.155766359,0.001801598,1.152883866,-1.372031243,-0.385212243,true,OK
1785074821.185621977,0.029797516,0.004222132,7.852708202,7.403303408,0.333788307,-0.491220152,-131.370551914,0.000098300,0.329837999,0.000714867,2.398681346,-1.408128030,-0.403697737,true,OK
1785074822.185704708,0.131958295,0.045562215,8.540530756,7.374758286,0.333976421,-0.490638374,-131.791697563,0.000820814,0.396141847,0.006026312,2.908424832,-1.403181562,-0.413069383,true,OK
1785074823.185291529,0.023030375,0.087043984,8.168068120,7.343364146,0.334040969,-0.489780182,-132.199514218,0.001139512,0.367441312,0.008436109,2.720266426,-1.375807646,-0.408296624,true,OK
1785074824.184997797,0.028047116,0.136089353,7.793546738,7.336608330,0.333209357,-0.490712957,-131.815049993,0.000788700,0.100870555,0.005917025,0.756755702,-1.389963840,-0.408648492,true,OK
1785074825.185234070,0.129114305,0.046751637,8.395068721,7.360094002,0.333900213,-0.490250453,-131.689365595,0.000910457,0.401538497,0.006724827,2.965846883,-1.418086014,-0.392155870,true,OK
1785074826.186245203,0.029149352,0.088822106,8.294688086,7.298180283,0.334039173,-0.489424743,-131.760127547,0.000486259,0.113640914,0.003528944,0.824729761,-1.446022252,-0.379883925,true,OK
1785074827.184979200,0.028594095,0.009932537,7.729285743,7.398593215,0.333289995,-0.489689945,-131.587842195,0.000435982,0.113640914,0.003226415,0.840981263,-1.437094740,-0.399060384,true,OK
1785074828.185025215,0.132543681,0.050788973,8.357912284,7.361862089,0.334257268,-0.489548481,-131.604866488,0.000726301,0.336881605,0.005356294,2.484419319,-1.416390694,-0.397533221,true,OK
1785074829.184957743,0.032046044,0.093824439,8.390662856,7.302439703,0.334439095,-0.489234501,-131.554482597,0.000147584,0.222935800,0.001092043,1.649601963,-1.395634460,-0.386461465,true,OK
1785074830.184949398,0.029380887,0.013078339,7.638915470,7.395195045,0.333672943,-0.489105111,-131.491618543,0.000566643,0.120331298,0.004195069,0.890856678,-1.413124256,-0.379775973,true,OK
1785074831.185133934,0.030423476,0.055028957,8.679941147,7.386032712,0.333746163,-0.489362164,-131.303274916,0.000793589,0.113640914,0.005945298,0.851358594,-1.432904201,-0.379897886,true,OK
1785074832.184982061,0.031806545,0.097043685,8.212035290,7.330240931,0.334361882,-0.489271832,-131.053099576,0.000487130,0.369035414,0.003609552,2.734489820,-1.427516025,-0.384494050,true,OK
1785074833.184960604,0.031220195,0.014394538,7.743171748,7.377287833,0.333952722,-0.488859361,-131.477428026,0.000521821,0.108352360,0.003869668,0.803508349,-1.432690452,-0.395857543,true,OK
1785074834.184982538,0.026987138,0.057365577,8.820713121,7.373395685,0.333005088,-0.489115985,-131.353306569,0.000409999,0.094872788,0.003027431,0.700539553,-1.422371765,-0.395471622,true,OK
1785074835.184991121,0.032294580,0.098186811,8.430534174,7.310112813,0.333828537,-0.488583961,-131.336993462,0.000436518,0.294750570,0.003225451,2.177925575,-1.418879942,-0.403884823,true,OK
1785074836.184975863,0.127061421,0.005681682,8.673362005,7.263534761,0.334088156,-0.488157781,-131.431645073,0.000643982,0.288035534,0.004766375,2.131868203,-1.434099968,-0.385306770,true,OK
1785074837.184843540,0.031654675,0.060831138,8.628265125,7.440638922,0.332922248,-0.487963214,-131.226384855,0.000091161,0.303902437,0.000688790,2.296224390,-1.444268725,-0.390485518,true,OK
1785074838.184943438,0.031549009,0.103333679,8.321879451,7.374111987,0.333358450,-0.488276047,-131.117349316,0.000481059,0.221173438,0.003574447,1.643400260,-1.439954778,-0.389764406,true,OK
1785074839.184984207,0.028421669,0.009383631,7.631634206,7.301154638,0.333741621,-0.487591082,-131.271583952,0.000263613,0.027976455,0.001766843,0.187509677,-1.419495045,-0.389901626,true,OK
1785074840.184976816,0.028610687,0.064571067,8.629119393,7.417947542,0.333334527,-0.486861508,-131.275280776,0.001007053,0.253337773,0.007676932,1.931235657,-1.394303939,-0.384181358,true,OK
1785074841.185261488,0.033866167,0.106639129,8.350565798,7.377303796,0.332943899,-0.487391172,-131.409883173,0.000188604,0.372728519,0.001395444,2.757751632,-1.413447695,-0.378187084,true,OK
1785074842.184983253,0.033986833,0.013113283,7.705751734,7.335867559,0.333717724,-0.488105944,-131.171566994,0.001463496,0.257930381,0.010838457,1.910198421,-1.437185103,-0.389558519,true,OK
1785074843.184951067,0.033947759,0.067133021,8.685151381,7.401322915,0.333857695,-0.487806678,-131.307044737,0.000375499,0.125114538,0.002809903,0.936247103,-1.425855109,-0.403321072,true,OK
1785074844.184877157,0.032898726,0.109022841,8.347027148,7.371142547,0.333317237,-0.487776161,-131.406957745,0.000400380,0.153233400,0.002963295,1.134113387,-1.402870828,-0.388306899,true,OK
1785074845.185251474,0.028814167,0.016786473,7.679632983,7.355281382,0.334915807,-0.487536538,-131.189847442,0.000631592,0.065610604,0.004675147,0.485660779,-1.386225780,-0.392278458,true,OK
1785074846.184969664,0.026795267,0.058634034,8.597504477,7.331280256,0.334847306,-0.488359859,-131.014744157,0.000194059,0.125114538,0.001436587,0.926203259,-1.391677357,-0.389670232,true,OK
1785074847.185207605,0.031273565,0.113320287,8.142951866,7.395936667,0.334981566,-0.487388476,-131.348736765,0.000677528,0.150657858,0.005017304,1.115668111,-1.417521500,-0.402772804,true,OK
1785074848.184970379,0.127149919,0.017556988,8.634694910,7.352132567,0.335194084,-0.487954242,-130.742096946,0.000172519,0.104678325,0.001296454,0.786640796,-1.434830018,-0.398542367,true,OK
1785074849.184998035,0.029605775,0.061250487,8.627849078,7.356189690,0.335363342,-0.487602265,-130.957968743,0.000516130,0.360452001,0.003862298,2.697328026,-1.410129506,-0.397866100,true,OK
1785074850.184903145,0.026249751,0.115391667,8.099892988,7.394016663,0.335520905,-0.487470736,-131.018840516,0.000550948,0.160712550,0.004070405,1.187344822,-1.408565292,-0.385565786,true,OK
1785074851.184966803,0.130287573,0.022867264,8.641972336,7.374788768,0.335012500,-0.487260428,-131.473504305,0.000428024,0.182384247,0.003160712,1.346802911,-1.418816456,-0.381923672,true,OK
1785074852.184958220,0.030418624,0.064961491,8.490618899,7.355618945,0.335180014,-0.487679404,-131.116160813,0.000584649,0.158258778,0.004409692,1.193661073,-1.438897890,-0.376310662,true,OK
1785074853.184971094,0.030584123,0.105431150,7.909255787,7.264468362,0.336150795,-0.486157809,-131.412535561,0.000356646,0.332790962,0.002425524,2.263286081,-1.426543416,-0.385034679,true,OK
1785074854.185232401,0.134855314,0.022597209,8.652536748,7.351646832,0.334399145,-0.486847352,-131.582757709,0.000188167,0.384104306,0.001394619,2.846828342,-1.397923444,-0.396811042,true,OK
1785074855.185043812,0.031585064,0.067923905,8.526459017,7.372665681,0.334908765,-0.487808484,-131.204343898,0.000927684,0.121946558,0.006916679,0.909216102,-1.369034608,-0.403606655,true,OK
1785074856.185122490,0.031529693,0.108537896,8.252666607,7.284831913,0.335524928,-0.487494495,-131.147456947,0.000244489,0.118694067,0.001809670,0.878553935,-1.399319202,-0.389519414,true,OK
1785074857.185056448,0.129239206,0.028638816,8.619713676,7.386464715,0.335991283,-0.487577698,-131.177475088,0.000254060,0.131221234,0.001881902,0.971998083,-1.423681173,-0.392178914,true,OK
1785074858.185547352,0.027577709,0.069781861,8.497664448,7.380974659,0.335422209,-0.488098124,-131.239670577,0.000599001,0.106531181,0.004493803,0.799214937,-1.403263369,-0.399325774,true,OK
1785074859.185738564,0.025649790,0.113618451,8.018403814,7.338412211,0.336311380,-0.488112038,-131.302823393,0.000559403,0.100870555,0.004138471,0.746241922,-1.392962971,-0.401304502,true,OK
1785074860.184971571,0.132521785,0.019573480,8.676882096,7.298685528,0.336447661,-0.487500890,-131.484756893,0.000764733,0.263187172,0.005189388,1.785956366,-1.390461451,-0.398668165,true,OK
1785074861.184999943,0.026981322,0.074660934,8.556178430,7.396288474,0.335250560,-0.487540504,-131.664861671,0.000386512,0.381035496,0.002861445,2.820901045,-1.383953013,-0.402973696,true,OK
1785074862.184983730,0.028766982,0.115424203,8.135286902,7.369797100,0.335060044,-0.487663586,-131.437173620,0.000436574,0.111905833,0.003231641,0.828357944,-1.401714076,-0.396904723,true,OK
1785074863.184995174,0.133026616,0.022368376,8.653522191,7.341110310,0.335544495,-0.486804973,-131.445324023,0.001092782,0.319593916,0.008089087,2.365727151,-1.428702383,-0.403454499,true,OK
1785074864.184974194,0.029996643,0.064444547,8.589015225,7.305163716,0.334751644,-0.487062139,-131.408738935,0.000506883,0.137056110,0.003791997,1.025317357,-1.408630810,-0.403750201,true,OK
1785074865.185034513,0.027851818,0.119150020,7.914783947,7.395463618,0.333930817,-0.487804143,-131.315766834,0.000543401,0.165510998,0.004023417,1.225465802,-1.391735422,-0.402799053,true,OK
1785074866.184951067,0.130011664,0.025229551,8.617327606,7.369629728,0.334257090,-0.487624983,-131.427151184,0.000328343,0.146709809,0.002431831,1.086588207,-1.397123540,-0.400709144,true,OK
1785074867.185141087,0.026530435,0.067627220,8.441231716,7.362071027,0.334452745,-0.487783499,-131.620994501,0.000260399,0.128204252,0.001923506,0.947014973,-1.432899292,-0.386904537,true,OK
1785074868.185341120,0.029804681,0.109156689,8.096201178,7.310791042,0.334054450,-0.487279521,-131.692229892,0.000383227,0.108352360,0.002857463,0.807909922,-1.429812844,-0.383839331,true,OK
1785074869.184945583,0.130596920,0.014476833,8.780863582,7.255343440,0.334256897,-0.487328462,-131.568250793,0.000537670,0.120331298,0.004033861,0.902784138,-1.430973662,-0.408551220,true,OK
1785074870.184944868,0.028575463,0.070815855,8.619679627,7.376131380,0.335391177,-0.486695681,-131.360227176,0.000154368,0.351659146,0.001147860,2.614884829,-1.402965891,-0.397822064,true,OK
1785074871.185246944,0.031023936,0.111957548,8.139264206,7.346924084,0.334517286,-0.486753455,-131.769497968,0.000652505,0.229850193,0.004820185,1.697949313,-1.396489288,-0.396253527,true,OK
1785074872.184970856,0.129680812,0.018179226,8.694200661,7.338297815,0.334446550,-0.486421458,-131.408718098,0.000236327,0.226419384,0.001769969,1.695762115,-1.411620522,-0.403986416,true,OK
1785074873.185185909,0.032782224,0.062892442,8.639930599,7.332157422,0.334611071,-0.486300364,-131.522727709,0.000635296,0.110143430,0.004730471,0.820138282,-1.425606650,-0.404915622,true,OK
1785074874.185833693,0.034224571,0.117827765,7.967733911,7.394325106,0.335515446,-0.486014278,-131.466912964,0.001093760,0.068528042,0.008093867,0.507109982,-1.443625829,-0.377600628,true,OK
1785074875.185015440,0.130760122,0.021371324,8.562960903,7.355784393,0.334130946,-0.486396871,-131.633424631,0.000441854,0.104678325,0.003248407,0.769569758,-1.434323311,-0.388846313,true,OK
1785074876.184986353,0.032225449,0.065255302,8.537963169,7.374030870,0.334602386,-0.487082597,-131.243338774,0.000813987,0.055952910,0.006024924,0.414149296,-1.410627586,-0.386530773,true,OK
1785074877.185821772,0.032171041,0.107523600,8.200630116,7.307170195,0.335587130,-0.486151448,-131.487096973,0.000132824,0.113640914,0.000982947,0.840985134,-1.413382901,-0.374438553,true,OK
1785074878.184969425,0.132222875,0.026915303,8.698690739,7.401768863,0.334718582,-0.486562879,-131.214011076,0.000171154,0.244694222,0.001270075,1.815790641,-1.426579683,-0.383206598,true,OK
1785074879.184969425,0.031159786,0.068446234,8.663699552,7.371355298,0.334757859,-0.486430942,-131.272506250,0.000514521,0.210289292,0.003811353,1.557734861,-1.423450223,-0.390897834,true,OK
1785074880.184984207,0.032372837,0.110156609,8.200466313,7.334188759,0.334887735,-0.486144402,-130.987422695,0.000314199,0.416371027,0.002334452,3.093576437,-1.408990724,-0.391434911,true,OK
1785074881.184975386,0.131277749,0.017302914,8.677778516,7.298405844,0.334315782,-0.485945023,-131.266865624,0.000324058,0.110143430,0.002212585,0.752030374,-1.389394164,-0.404223709,true,OK
1785074882.184938431,0.029077701,0.072050442,8.684755756,7.387408908,0.334577430,-0.485968847,-131.138701707,0.000344995,0.120331298,0.002554499,0.890988070,-1.396268715,-0.392602741,true,OK
1785074883.184979916,0.030854713,0.113200893,8.170629250,7.354634479,0.334685792,-0.486453080,-130.952985701,0.000759975,0.322033601,0.005662364,2.399383153,-1.408144267,-0.391409366,true,OK
1785074884.185006380,0.129059979,0.020721956,8.623778452,7.331984625,0.334500552,-0.485524651,-131.265838968,0.000136914,0.303257891,0.001011832,2.241165770,-1.411172254,-0.392360752,true,OK
1785074885.184956074,0.026502452,0.074138248,8.478307843,7.387488609,0.333697688,-0.485495278,-131.169471615,0.000678010,0.345484255,0.005018032,2.556971288,-1.370289003,-0.393147550,true,OK
1785074886.184969664,0.032167079,0.117252969,8.091852094,7.387275764,0.334382777,-0.485701755,-130.752746380,0.000348697,0.129721514,0.002579013,0.959437843,-1.368065973,-0.400357639,true,OK
1785074887.184968948,0.132224188,0.023720315,8.706371115,7.356592915,0.334552997,-0.485848848,-131.221749116,0.000412027,0.274112407,0.003039181,2.021899722,-1.381360090,-0.391387160,true,OK
1785074888.185114384,0.030928842,0.064511674,8.606299032,7.295667404,0.333961761,-0.485715144,-131.184247743,0.000471817,0.282548624,0.003555682,2.129325965,-1.402615637,-0.379457309,true,OK
1785074889.185284853,0.031212897,0.120688807,7.949799890,7.395193747,0.333604493,-0.486454997,-130.989680719,0.000396344,0.044234660,0.002932233,0.327257316,-1.396092864,-0.372620375,true,OK
1785074890.184959888,0.131242580,0.025457067,8.689899711,7.357023922,0.334177588,-0.486334363,-130.676293024,0.000646352,0.370622686,0.004796787,2.750510684,-1.398159426,-0.371971316,true,OK
1785074891.185227871,0.029551495,0.068010271,8.498078382,7.329196406,0.334245786,-0.485719074,-130.989907350,0.000588231,0.222056360,0.004328829,1.634127044,-1.386863536,-0.362032695,true,OK
1785074892.185162306,0.033822016,0.110660216,8.174432064,7.288297943,0.333577306,-0.485333700,-131.258333964,0.000465704,0.125114538,0.003448609,0.926492023,-1.389381407,-0.357886523,true,OK
1785074893.184985161,0.125769416,0.030369141,8.521234147,7.398618472,0.334296001,-0.485593700,-131.045822473,0.000095944,0.159490387,0.000712657,1.184667932,-1.410467452,-0.372407055,true,OK
1785074894.184968710,0.029762291,0.071480721,8.514674068,7.354404120,0.334349874,-0.484880126,-131.097833773,0.000296363,0.125114538,0.002193402,0.925981558,-1.405896347,-0.370878283,true,OK
1785074895.185007334,0.034602143,0.114404682,8.289051413,7.343047291,0.335415655,-0.484835551,-131.089787690,0.000779607,0.120331298,0.005775792,0.891485473,-1.410259966,-0.383542282,true,OK
1785074896.184956074,0.129264920,0.020506735,8.583128668,7.287462940,0.335196489,-0.485867767,-131.181000338,0.000626719,0.207479056,0.004252216,1.407720207,-1.402123890,-0.390429883,true,OK
1785074897.184976816,0.026725877,0.075854351,8.488420386,7.392633909,0.335712192,-0.486218148,-131.156608412,0.000231627,0.102792073,0.001714841,0.761017255,-1.408991629,-0.368868701,true,OK
1785074898.184966564,0.030073567,0.117684687,7.904490205,7.372169911,0.335498451,-0.485603122,-131.177516955,0.000255613,0.291412395,0.001893021,2.158145121,-1.427402077,-0.364665104,true,OK
1785074899.184964180,0.129216401,0.024614144,8.553997594,7.360212916,0.334533038,-0.485747533,-131.254751787,0.000674791,0.115349902,0.005057601,0.864554286,-1.443775796,-0.387706814,true,OK
1785074900.184948206,0.029766143,0.066554480,8.545974365,7.321751305,0.335072066,-0.485706050,-131.138077942,0.000106521,0.135620930,0.000787744,1.002941610,-1.416524005,-0.391916388,true,OK
1785074901.185078382,0.030238881,0.120458787,7.925964562,7.395039467,0.335637970,-0.485661179,-131.123943259,0.000315740,0.108352360,0.002332813,0.800549910,-1.403384991,-0.390751188,true,OK
1785074902.184979916,0.128121312,0.026675895,8.471809351,7.363313580,0.334365390,-0.485921517,-131.527002753,0.000681370,0.171320168,0.005045313,1.268567142,-1.413794794,-0.392175685,true,OK
1785074903.184983015,0.031464561,0.068591694,8.476542300,7.331022170,0.333877529,-0.485796195,-131.143478200,0.000744807,0.048456644,0.005495035,0.357503168,-1.407710795,-0.381700844,true,OK
1785074904.185363293,0.028531147,0.110510418,8.122198042,7.283210200,0.334956667,-0.485439617,-131.256885540,0.000266752,0.027976455,0.001985368,0.208221536,-1.430701682,-0.385434864,true,OK
1785074905.184957266,0.129684324,0.031042267,8.784114435,7.391974420,0.334185296,-0.485400055,-131.411664974,0.000270397,0.104678325,0.002004403,0.775959953,-1.429327266,-0.401660459,true,OK
1785074906.184948206,0.029818772,0.072763121,8.651997265,7.373090627,0.334025316,-0.484952199,-131.357326664,0.000284396,0.100870555,0.002108930,0.748003539,-1.409584024,-0.394279591,true,OK
1785074907.185228825,0.031950504,0.111186359,8.133949557,7.298046422,0.335386063,-0.485173903,-130.936148732,0.000333795,0.144017660,0.002471131,1.066184191,-1.394331025,-0.390196273,true,OK
1785074908.185538292,0.135152543,0.020021774,8.708547639,7.280279028,0.335384207,-0.485027454,-130.972311905,0.000369613,0.034264021,0.002502446,0.231982535,-1.420449034,-0.393180471,true,OK
1785074909.184976101,0.032473409,0.075297797,8.650876136,7.378342961,0.334044627,-0.485521641,-130.897007309,0.000538801,0.106531181,0.003986604,0.788227474,-1.412369524,-0.398497146,true,OK
1785074910.184988499,0.031911949,0.118073295,7.978571909,7.355947397,0.335501276,-0.485394322,-130.693997304,0.000132885,0.079129369,0.000983703,0.585769727,-1.433348293,-0.397142215,true,OK
1785074911.184973717,0.132699682,0.024729717,8.590454520,7.320028694,0.335239380,-0.485197360,-130.692460102,0.000560532,0.129721514,0.004145181,0.959300836,-1.406701667,-0.406232152,true,OK
1785074912.185023546,0.033043092,0.079085152,8.513754105,7.397705591,0.334882736,-0.485115568,-130.894327570,0.000703501,0.247872207,0.005215224,1.837537179,-1.386407054,-0.394938475,true,OK
1785074913.185009003,0.028466628,0.120727488,7.901048451,7.363099628,0.334890992,-0.485329287,-131.126261551,0.000091445,0.118694067,0.000677720,0.879673451,-1.403280514,-0.389319279,true,OK
1785074914.184996367,0.126163059,0.028114722,8.597282265,7.334559304,0.335170103,-0.485618189,-130.794360688,0.000975355,0.123540700,0.007229333,0.915684378,-1.410195624,-0.389083339,true,OK
1785074915.184981823,0.030505361,0.068914155,8.331823554,7.258339524,0.335391326,-0.484589660,-130.974101745,0.000305916,0.238211092,0.002064421,1.607528912,-1.409563961,-0.401191844,true,OK
1785074916.185045004,0.026997875,0.124221010,7.898805199,7.381430339,0.334265239,-0.484909159,-130.981774008,0.000519311,0.126668806,0.003874487,0.945053273,-1.410794505,-0.401215251,true,OK
1785074917.184989452,0.132691162,0.030389862,8.550799313,7.347901110,0.335619706,-0.485322218,-130.850786668,0.000019166,0.071326251,0.000141423,0.526292289,-1.406646461,-0.397136908,true,OK
1785074918.184992552,0.030409436,0.072803398,8.324870109,7.276981243,0.335222136,-0.484514640,-131.249431024,0.000311763,0.295413686,0.002138651,2.026498539,-1.379602294,-0.400481848,true,OK
1785074919.185052872,0.025715936,0.126652982,7.823844871,7.370585966,0.335145818,-0.484537090,-131.285794158,0.001276938,0.134170395,0.009397595,0.987424182,-1.412176083,-0.393055342,true,OK
1785074920.184964895,0.133026901,0.034316216,8.692323911,7.370829261,0.335090705,-0.485236431,-131.068236724,0.000436405,0.193826655,0.003230253,1.434698080,-1.425954653,-0.405728905,true,OK
1785074921.185106993,0.028701739,0.076755456,8.275560705,7.308327887,0.335355977,-0.485254384,-130.708571049,0.000414991,0.126668806,0.003072221,0.937742793,-1.401627283,-0.408490960,true,OK
1785074922.184966326,0.032090966,0.128532863,7.808320395,7.369355990,0.335402230,-0.484776808,-130.832920379,0.000513322,0.118694067,0.003781027,0.874276419,-1.378387495,-0.417416930,true,OK
1785074923.184967279,0.130106375,0.035002935,8.553272045,7.338490781,0.334439877,-0.485139133,-131.148851253,0.000418030,0.137056110,0.003096349,1.015175414,-1.385587829,-0.416075050,true,OK
1785074924.184967995,0.030543769,0.079566815,8.356075751,7.304978251,0.334847301,-0.485073145,-130.917017817,0.000354591,0.111905833,0.002623584,0.827981320,-1.398204633,-0.416693652,true,OK
1785074925.186270952,0.032362742,0.133710268,7.832509421,7.374734529,0.335082134,-0.484977065,-131.221728364,0.000464426,0.138476416,0.003433632,1.023796172,-1.431251377,-0.414944152,true,OK
1785074926.184962511,0.130924001,0.036953168,8.557295718,7.340132782,0.333793768,-0.485219901,-131.138823841,0.000325305,0.062557256,0.002406912,0.462856721,-1.428644444,-0.430363453,true,OK
1785074927.184969902,0.025784917,0.079915499,8.295001607,7.293199110,0.333767584,-0.484986455,-131.185442530,0.000581892,0.172458515,0.004304762,1.275825184,-1.418264906,-0.416543293,true,OK
1785074928.186356306,0.035269212,0.137043921,7.885829619,7.380842365,0.334520966,-0.484730402,-131.268987915,0.000359085,0.118694067,0.002653877,0.877228122,-1.414424824,-0.400895691,true,OK
1785074929.184992075,0.128692620,0.043004015,8.415415426,7.357175677,0.333841806,-0.484681126,-131.089773777,0.000269675,0.110143430,0.001993843,0.814345304,-1.405773236,-0.399058338,true,OK
1785074930.184974432,0.032199132,0.085564642,8.318799480,7.325202279,0.333123893,-0.484581334,-131.266191490,0.000235023,0.120331298,0.001738937,0.890331814,-1.423062587,-0.393062782,true,OK
1785074931.185093880,0.031860855,0.003998280,7.884905163,7.383300953,0.334033481,-0.484725649,-131.031111653,0.000663884,0.216704814,0.004814437,1.571526680,-1.419461726,-0.390413564,true,OK
1785074932.185035944,0.130276743,0.046666167,8.362510322,7.368436693,0.333761086,-0.484049396,-131.208413327,0.000445911,0.111905833,0.003302883,0.828891147,-1.397364245,-0.403176757,true,OK
1785074933.185116768,0.030692749,0.087673875,8.284804634,7.313228867,0.333267902,-0.483452330,-131.461425812,0.000473380,0.401050886,0.003460977,2.932163911,-1.395678477,-0.385414737,true,OK
1785074934.184999943,0.032256946,0.141947530,7.773642929,7.375522058,0.333456076,-0.483550369,-130.921190165,0.000292571,0.108352360,0.002171534,0.804217503,-1.392178429,-0.383957804,true,OK
1785074935.184952974,0.130841388,0.050211838,8.345523426,7.383690238,0.334777379,-0.482878708,-131.265087082,0.001090518,0.209356731,0.008079192,1.551036741,-1.400022855,-0.396376359,true,OK
1785074936.185077667,0.030627490,0.091869691,8.353404341,7.336764776,0.333718260,-0.483232631,-131.042388924,0.000184096,0.094872788,0.001367982,0.704979595,-1.405900534,-0.396718373,true,OK
1785074937.185027599,0.032695925,0.146358141,7.780661210,7.394686010,0.333228009,-0.483030123,-131.048125279,0.000408968,0.108352360,0.003023814,0.801131222,-1.384854359,-0.405834946,true,OK
1785074938.185212851,0.028599479,0.053584769,8.640576749,7.375490450,0.333361606,-0.482442303,-131.047225735,0.000119136,0.094872788,0.000882494,0.702766981,-1.373374295,-0.395227531,true,OK
1785074939.184975863,0.032815332,0.095216066,8.253315916,7.319208333,0.333310006,-0.481938890,-131.149194276,0.000467853,0.055952910,0.003461447,0.413972352,-1.399375095,-0.386050114,true,OK
1785074940.184976578,0.031588967,0.002483713,7.666704177,7.275406964,0.332569106,-0.482048396,-131.279438433,0.000399681,0.174712971,0.002959027,1.293482068,-1.419472921,-0.381950029,true,OK
1785074941.185096264,0.031467468,0.055151726,8.635524337,7.363879601,0.333075803,-0.481674960,-130.991632207,0.000146910,0.034264021,0.001077566,0.251321829,-1.399326870,-0.399385569,true,OK
1785074942.184977055,0.032186168,0.098750514,8.290634344,7.339453308,0.333000784,-0.482074795,-131.120881946,0.000861515,0.086229231,0.006374543,0.638029447,-1.393572373,-0.393042417,true,OK
1785074943.186604023,0.028759256,0.005117072,7.656870645,7.253632769,0.332436512,-0.482103164,-131.085759331,0.000231820,0.336300265,0.001716242,2.489740142,-1.378146402,-0.388519797,true,OK
1785074944.184996128,0.032563333,0.058442823,8.705349171,7.369599663,0.332617497,-0.482413983,-131.139301384,0.000143914,0.407344184,0.001065333,3.015388000,-1.382988269,-0.390970053,true,OK
1785074945.185049534,0.028719997,0.100038121,8.155473856,7.321109745,0.333194690,-0.481802728,-130.902241346,0.000257676,0.000000000,0.001900429,0.000000000,-1.402822056,-0.394704500,true,OK
1785074946.185264349,0.129347670,0.018379260,8.629757346,7.375033574,0.333339013,-0.481863680,-131.063955787,0.000382922,0.175829360,0.002833733,1.301187959,-1.422390138,-0.402757057,true,OK
1785074947.184983969,0.026490691,0.060602240,8.594695062,7.351356924,0.332194680,-0.482097860,-130.972209888,0.000226109,0.123540700,0.001641931,0.897111864,-1.421443369,-0.396758065,true,OK
1785074948.184957504,0.027800371,0.104910749,8.160097199,7.326248499,0.332458567,-0.481749380,-130.951344400,0.000743422,0.129721514,0.005524050,0.963904459,-1.397191958,-0.385157622,true,OK
1785074949.185079336,0.125883813,0.024354163,8.558525510,7.395633088,0.332908779,-0.480662888,-130.873610717,0.000246103,0.264669910,0.001834138,1.972509544,-1.410675444,-0.401560691,true,OK
1785074950.184982300,0.028406368,0.065671072,8.387454398,7.348673687,0.332091089,-0.480422518,-131.235456897,0.000561578,0.182384247,0.004155081,1.349450440,-1.420721819,-0.400148582,true,OK
1785074951.184892178,0.033054794,0.107298498,7.935509531,7.267573024,0.332094649,-0.481061696,-130.732078919,0.000594138,0.104678325,0.004033773,0.710691172,-1.416751210,-0.395864395,true,OK
1785074952.185244322,0.129227114,0.027190688,8.524203803,7.380340229,0.333196448,-0.480476663,-131.181397171,0.000434658,0.104678325,0.003236478,0.779438556,-1.411649657,-0.402010015,true,OK
1785074953.184977293,0.029307883,0.067620878,8.472030923,7.329114699,0.332719103,-0.480338221,-131.138272459,0.000430520,0.110143430,0.003196502,0.817786443,-1.409105368,-0.391000858,true,OK
1785074954.185349226,0.030338379,0.123862783,7.909261778,7.400102133,0.332560669,-0.480756260,-131.085906819,0.000103599,0.096913294,0.000766846,0.717361808,-1.406400374,-0.381723072,true,OK
1785074955.184927702,0.129214114,0.028906459,8.546778151,7.373718085,0.333033837,-0.480250430,-131.208086197,0.000287482,0.096913294,0.002097849,0.707208323,-1.420514228,-0.381685761,true,OK
1785074956.184980631,0.031547226,0.072486711,8.503106127,7.334308450,0.333121423,-0.479484498,-131.402737725,0.000711145,0.213062455,0.005261841,1.576472587,-1.427885544,-0.384647469,true,OK
1785074957.184948921,0.028729163,0.126516625,7.879782558,7.394997473,0.331918464,-0.479967967,-131.288765083,0.000312308,0.131221234,0.002311217,0.971095873,-1.408598255,-0.387822174,true,OK
1785074958.184947491,0.126487531,0.033069201,8.449302419,7.361517409,0.332661596,-0.480200828,-130.791972941,0.000044501,0.111905833,0.000329929,0.829662984,-1.393337156,-0.407137538,true,OK
1785074959.185272932,0.022151800,0.076201029,8.452478404,7.330962325,0.332835840,-0.479652061,-130.867332908,0.000578308,0.396141847,0.004284766,2.935069359,-1.393912127,-0.396256262,true,OK
1785074960.184974909,0.032782776,0.128896781,7.886228696,7.390085115,0.332883299,-0.479202191,-131.063536489,0.000648933,0.098911718,0.004798965,0.731468125,-1.411784237,-0.385049623,true,OK
1785074961.184963703,0.126285698,0.035988245,8.532788698,7.364010537,0.332074931,-0.480224926,-130.754565676,0.000525240,0.074018747,0.003892083,0.548486406,-1.449224877,-0.392574054,true,OK
1785074962.184990644,0.025206603,0.077697171,8.366167792,7.309364169,0.332562096,-0.479801227,-130.685646266,0.000395890,0.126668806,0.002931452,0.937946653,-1.444108686,-0.386547721,true,OK
1785074963.185149670,0.032943757,0.133289615,7.892972240,7.391249287,0.332566554,-0.479222458,-131.062517255,0.000196340,0.321425421,0.001452892,2.378509815,-1.424369170,-0.395501685,true,OK
1785074964.185289145,0.130249960,0.037589460,8.605865906,7.344491768,0.331657959,-0.479933220,-131.015973341,0.000449382,0.179136785,0.003325468,1.325628105,-1.409441029,-0.399408705,true,OK
1785074965.184957266,0.032332500,0.079244534,8.442761427,7.289441272,0.332514522,-0.479831418,-130.760724132,0.000374065,0.108352360,0.002767216,0.801555874,-1.419558265,-0.388236007,true,OK
1785074966.185284853,0.031922909,0.136607249,7.881184011,7.390106774,0.332944965,-0.479428698,-130.817458025,0.000850916,0.278362492,0.006292840,2.058594518,-1.435983654,-0.396945972,true,OK
1785074967.185222387,0.127546174,0.043496196,8.461398422,7.369403277,0.333113596,-0.478983807,-130.930307209,0.000322189,0.115349902,0.002396874,0.858127911,-1.422419316,-0.399249394,true,OK
1785074968.184960365,0.028850718,0.085162640,8.324281183,7.321552906,0.336744132,-0.480647713,-130.815041787,0.000532660,0.294085961,0.003949209,2.180392788,-1.400444216,-0.399526531,true,OK
1785074969.185277462,0.029594159,0.004446668,7.858528112,7.395233287,0.335367980,-0.484065571,-130.787235660,0.002416848,0.252564227,0.017644578,1.843884843,-1.310898904,-0.152810339,true,OK
1785074970.186424017,0.132515820,0.047142256,8.472147695,7.368205024,0.335387152,-0.477127901,-130.734775058,0.000508228,0.172458515,0.003760854,1.276181384,-1.323109997,-0.180552033,true,OK
1785074971.184958220,0.031807094,0.087056873,8.380137546,7.320115368,0.334384207,-0.477412831,-130.472919739,0.000171222,0.121946558,0.001266956,0.902340912,-1.324689226,-0.172681089,true,OK
1785074972.184941292,0.030848043,0.005916568,7.797059179,7.384859753,0.335589618,-0.477834024,-130.545574582,0.000389540,0.167858796,0.002885813,1.243541135,-1.336954019,-0.193287564,true,OK
1785074973.185043097,0.130309310,0.048413917,8.311549178,7.371478392,0.334881980,-0.482928511,-131.089104635,0.001124207,0.213978861,0.008223118,1.565168284,-1.333628417,-0.186981726,true,OK
1785074974.184968472,0.029264549,0.091243930,8.303670906,7.310285481,0.332905603,-0.482424028,-130.717727558,0.001146743,0.117033931,0.008493061,0.866782017,-1.320737116,-0.173419967,true,OK
1785074975.184971094,0.030125601,0.010776624,7.757202228,7.394862772,0.332372339,-0.481606164,-130.777744297,0.001156575,0.132704012,0.008552804,0.981338589,-1.342028699,-0.173614745,true,OK
1785074976.185065746,0.033638550,0.052579030,8.679012502,7.370119954,0.333838937,-0.479249440,-130.489326639,0.000585309,0.312160456,0.004335045,2.311991818,-1.354315400,-0.180131266,true,OK
1785074977.185279131,0.034057122,0.093328958,8.359423599,7.288930911,0.334114286,-0.477947598,-130.692362370,0.000708587,0.246288351,0.005256062,1.826884774,-1.352501085,-0.193726366,true,OK
1785074978.184934855,0.031975742,0.013696334,7.694544523,7.394136861,0.333299925,-0.477192890,-130.408185292,0.000538545,0.161925496,0.003992673,1.200485621,-1.362975420,-0.197615081,true,OK
1785074979.184930325,0.028632755,0.056078034,8.627899247,7.355946489,0.333313682,-0.478251637,-130.067418610,0.001084864,0.118694067,0.008029129,0.878460648,-1.329077308,-0.193231094,true,OK
1785074980.184952974,0.027582278,0.108359268,8.221149458,7.388218301,0.334038562,-0.477539607,-130.364272997,0.000333866,0.088469326,0.002476737,0.656296966,-1.314217016,-0.198942302,true,OK
1785074981.184975386,0.127932541,0.013949685,8.677511969,7.347725098,0.333370051,-0.477220694,-130.300212778,0.000242339,0.125114538,0.001810483,0.934714821,-1.321705973,-0.201415584,true,OK
1785074982.184979439,0.029792436,0.059107744,8.599729696,7.341369300,0.333840857,-0.477971754,-130.522719484,0.000400134,0.407824272,0.002962041,3.018970570,-1.315640420,-0.204350997,true,OK
1785074983.185114622,0.031365299,0.113205600,8.156364555,7.388607756,0.334546767,-0.478156975,-130.231386944,0.000178399,0.076616680,0.001319877,0.566844635,-1.313823504,-0.207647172,true,OK
1785074984.184913158,0.127544135,0.018450241,8.588830946,7.358847966,0.334231179,-0.477601928,-130.172439676,0.000545861,0.019782341,0.004041843,0.146478959,-1.311764234,-0.211428745,true,OK
1785074985.184987545,0.031426632,0.062365138,8.579505342,7.337992267,0.333044535,-0.478380205,-130.082349160,0.000420425,0.226419384,0.003112567,1.676271062,-1.314106708,-0.198025597,true,OK
1785074986.184965849,0.029616103,0.115213646,8.105590889,7.374577536,0.333358459,-0.478204195,-129.906321345,0.000797063,0.123540700,0.005896599,0.913942887,-1.330291020,-0.181744297,true,OK
1785074987.184967518,0.133352722,0.023501702,8.705506819,7.381184961,0.333955273,-0.477486196,-130.085867488,0.000292471,0.079129369,0.002163664,0.585388847,-1.365427847,-0.193387025,true,OK
1785074988.185003757,0.034579434,0.064428296,8.620009220,7.314645112,0.333476460,-0.476865107,-130.493468262,0.000642108,0.405418205,0.004767309,3.010015205,-1.360610378,-0.194487516,true,OK
1785074989.184937954,0.033673883,0.116558215,7.979875979,7.361590149,0.333414463,-0.477848576,-130.043594273,0.000090916,0.034264021,0.000676290,0.254875987,-1.356352462,-0.180584124,true,OK
1785074990.185033798,0.125205050,0.026212802,8.513476805,7.373670901,0.334109860,-0.476356711,-130.059598711,0.000459546,0.126668806,0.003404749,0.938482415,-1.338297592,-0.181546772,true,OK
1785074991.184972763,0.031799039,0.068319058,8.604430173,7.342123382,0.333505031,-0.475521413,-129.963489138,0.000483844,0.092787413,0.003647946,0.699570953,-1.356136586,-0.180885354,true,OK
1785074992.184958458,0.031020597,0.122833948,7.950349717,7.395970288,0.334088448,-0.475533645,-130.261037238,0.000592907,0.390670679,0.004388800,2.891811748,-1.367165932,-0.185584705,true,OK
1785074993.184945583,0.133170462,0.027118353,8.624713758,7.358217815,0.334258741,-0.475264310,-130.015169737,0.000504585,0.027976455,0.003762515,0.208610580,-1.353376625,-0.191309465,true,OK
1785074994.185149431,0.028365182,0.070730251,8.289378791,7.302771050,0.334837314,-0.474613307,-130.397118988,0.000787400,0.345484255,0.005837290,2.561205444,-1.325061642,-0.198851552,true,OK
1785074995.184951305,0.031598650,0.123717000,7.853544369,7.368925327,0.333554642,-0.475066278,-130.190283545,0.000393337,0.131221234,0.002906952,0.969789473,-1.312040684,-0.193970824,true,OK
1785074996.185019970,0.130177900,0.032415906,8.481030240,7.350385386,0.333908692,-0.476157881,-130.240755721,0.000317643,0.138476416,0.002340306,1.020254400,-1.321886110,-0.196298918,true,OK
1785074997.185015440,0.025819414,0.084903620,8.287474311,7.378639773,0.334370979,-0.476306687,-130.073982772,0.000234483,0.126668806,0.001729962,0.934533247,-1.346017003,-0.188675561,true,OK
1785074998.184963942,0.033133199,0.128737109,7.940838163,7.372797500,0.333155559,-0.476951827,-130.081357969,0.000384817,0.128204252,0.002844296,0.947595848,-1.372708238,-0.197339625,true,OK
1785074999.184943914,0.129591254,0.035832373,8.411971285,7.329110365,0.332591984,-0.478510462,-129.818540561,0.000618458,0.083929371,0.004556912,0.618406617,-1.349754596,-0.219686307,true,OK
1785075000.185533047,0.026977132,0.087456109,8.386951376,7.363751048,0.333169800,-0.479032941,-129.720770698,0.000439942,0.071326251,0.003259147,0.528394175,-1.338653898,-0.207068779,true,OK
1785075001.184957504,0.031065411,0.131978873,7.888193758,7.375157847,0.333511672,-0.477693980,-130.001325448,0.000904929,0.019782341,0.006697365,0.146408798,-1.352164064,-0.209046867,true,OK
1785075002.184945107,0.121347675,0.036098354,8.123751249,7.283274153,0.332546481,-0.478279368,-129.951827514,0.000520073,0.100870555,0.003490083,0.676917261,-1.382471259,-0.197810772,true,OK
1785075003.185023546,0.029028901,0.093735565,8.227304873,7.394224054,0.333034924,-0.478444815,-129.567112213,0.000087268,0.090654086,0.000645360,0.670399619,-1.371968181,-0.192677623,true,OK
1785075004.185312748,0.031183893,0.135433525,7.812005559,7.337741235,0.333280641,-0.477863250,-129.756320074,0.000368276,0.372728519,0.002722599,2.755513772,-1.365259189,-0.196129361,true,OK
1785075005.184950829,0.131380134,0.042429143,8.462709886,7.288607836,0.332152462,-0.477634252,-129.935511647,0.000409345,0.115349902,0.002971574,0.837364937,-1.347610932,-0.185104430,true,OK
1785075006.184941292,0.032545979,0.096348572,8.373099375,7.382340240,0.332056084,-0.479757322,-129.754658760,0.001305384,0.123540700,0.009666109,0.914794361,-1.344739404,-0.181778857,true,OK
1785075007.185873747,0.026729447,0.004604019,7.832372136,7.361029321,0.332920575,-0.481263918,-129.688212032,0.000659735,0.111905833,0.004860013,0.824367170,-1.356922342,-0.196892015,true,OK
1785075008.185026884,0.132750295,0.045857962,8.421874749,7.279366434,0.331836198,-0.483067836,-129.925451036,0.001660363,0.139882314,0.012282474,1.034774178,-1.367049229,-0.186475556,true,OK
1785075009.185573339,0.031868722,0.099073783,8.399459170,7.371991628,0.330327223,-0.486149818,-129.969462527,0.000594022,0.155766359,0.004474826,1.173403513,-1.335285206,-0.185754946,true,OK
1785075010.185139418,0.033897288,0.006973083,7.860526876,7.356180924,0.330828403,-0.483420283,-129.258618760,0.000214851,0.392170386,0.001590888,2.903873812,-1.316652796,-0.187917476,true,OK
1785075011.185023308,0.024809603,0.060384681,8.691912768,7.397953517,0.331426267,-0.482591097,-129.503644806,0.000219349,0.250229210,0.001624672,1.853393755,-1.314646122,-0.189644892,true,OK
1785075012.184904099,0.028830809,0.102058252,8.242970545,7.373295971,0.330894753,-0.482073204,-129.507402627,0.000261214,0.052339156,0.001948494,0.390417595,-1.334511963,-0.173251874,true,OK
1785075013.185427666,0.028891234,0.010092034,7.738012379,7.339754695,0.331626406,-0.482331490,-129.356132173,0.000049331,0.048456644,0.000365213,0.358742472,-1.350130112,-0.169169615,true,OK
1785075014.184964418,0.131502077,0.050007889,8.379669875,7.250255331,0.332017130,-0.482488835,-129.497437791,0.000432011,0.118694067,0.003184566,0.874951903,-1.335655490,-0.185265039,true,OK
1785075015.186324120,0.029653898,0.107827580,8.247548590,7.401103423,0.331828080,-0.481547264,-129.444953064,0.000448763,0.131221234,0.003325423,0.972375634,-1.323408803,-0.178178663,true,OK
1785075016.184961796,0.031425298,0.011243899,7.778541802,7.348850153,0.331941413,-0.478047882,-129.357461155,0.001102627,0.145369958,0.008163728,1.076303464,-1.319918961,-0.189685825,true,OK
1785075017.185490370,0.031556982,0.055375293,8.678101157,7.320097840,0.331402921,-0.480173387,-129.310477341,0.001410381,0.086229231,0.010522875,0.643357633,-1.334967590,-0.160968135,true,OK
1785075018.186155558,0.033474327,0.109719572,8.229676657,7.380941806,0.332661138,-0.483095423,-129.631919444,0.001057484,0.081564685,0.007826399,0.603657089,-1.357472375,-0.127432286,true,OK
1785075019.184951544,0.033767363,0.015936694,7.684062175,7.366281360,0.330863924,-0.479434415,-129.430731993,0.001055994,0.125114538,0.007882938,0.933973570,-1.363182104,-0.157572341,true,OK
1785075020.185018778,0.033701566,0.056922750,8.697559109,7.269502511,0.331234501,-0.477401920,-128.949265535,0.000605054,0.048456644,0.004085293,0.327176718,-1.354935223,-0.163175649,true,OK
1785075021.184966087,0.030867596,0.112116340,8.228144105,7.379443744,0.332035639,-0.476370577,-129.154412323,0.000396855,0.137056110,0.002937582,1.014510090,-1.333573116,-0.160162493,true,OK
1785075022.184957743,0.125846265,0.018676146,8.628997911,7.348490214,0.331206907,-0.476057500,-129.242992372,0.000129156,0.108352360,0.000964765,0.809368179,-1.349087777,-0.150386206,true,OK
1785075023.186243296,0.031202762,0.062693744,8.568370622,7.271896186,0.330643528,-0.476644534,-129.058617499,0.000841995,0.079129369,0.005706793,0.536315393,-1.359481695,-0.135627325,true,OK
1785075024.184964418,0.030619875,0.114413738,8.131451617,7.368828347,0.331491086,-0.475279063,-128.932103057,0.000554673,0.363694527,0.004104084,2.691014252,-1.353440156,-0.145001921,true,OK
1785075025.184976578,0.127829516,0.017741779,8.647374348,7.314238236,0.332012312,-0.474995265,-128.994329943,0.000647827,0.102792073,0.004780930,0.758600104,-1.340183281,-0.156008142,true,OK
1785075026.185227633,0.032490886,0.065113327,8.555670530,7.306924386,0.331483680,-0.475374512,-129.168804157,0.000250218,0.378975821,0.001853128,2.806710350,-1.328060880,-0.146155291,true,OK
1785075027.186135292,0.027480350,0.119964474,7.840492268,7.385442918,0.331957784,-0.475180894,-128.909864151,0.000322675,0.134170395,0.002393570,0.995261075,-1.349825496,-0.145397979,true,OK
1785075028.184974432,0.130259728,0.025932672,8.684157793,7.371755766,0.331784373,-0.475263124,-128.692951150,0.000195902,0.392170386,0.001450306,2.903322496,-1.383014370,-0.140634311,true,OK
1785075029.184961557,0.030081174,0.067751483,8.532732655,7.309438130,0.331079888,-0.473246179,-128.885492229,0.000429976,0.128204252,0.003185387,0.949775349,-1.376448085,-0.150992061,true,OK
1785075030.184972525,0.032298109,0.117931056,7.931392762,7.347084557,0.331003976,-0.474224370,-128.502444341,0.000401660,0.092787413,0.002978120,0.687975410,-1.377168924,-0.169861695,true,OK
1785075031.184970379,0.132967161,0.027739498,8.494055368,7.357899914,0.331434927,-0.473843192,-128.631623632,0.000215923,0.159490387,0.001598916,1.181029840,-1.363830868,-0.152328883,true,OK
1785075032.184955597,0.028989937,0.071008821,8.329232740,7.284678041,0.331606037,-0.473451644,-128.644959752,0.000204775,0.039564681,0.001387989,0.268174674,-1.354854132,-0.160300887,true,OK
1785075033.187243700,0.029817471,0.127711071,7.878872170,7.385147100,0.330632719,-0.473865470,-128.710546003,0.000265855,0.383084100,0.001978821,2.851387188,-1.369264846,-0.156241506,true,OK
1785075034.184964180,0.127733016,0.032057999,8.511021756,7.373651765,0.331508718,-0.473915930,-128.243633938,0.000425362,0.296075307,0.003095614,2.154718496,-1.372188230,-0.165735572,true,OK
1785075035.184983969,0.030291709,0.072453315,8.310982101,7.285605976,0.330661503,-0.473617273,-128.309003864,0.000339528,0.115349902,0.002513118,0.853797554,-1.328962975,-0.164002704,true,OK
1785075036.184950829,0.028742623,0.128085625,7.862483156,7.386486732,0.330809906,-0.473539077,-128.556829154,0.000778936,0.083929371,0.005745124,0.619029739,-1.318492610,-0.168633409,true,OK
1785075037.184948921,0.127817811,0.034840765,8.515003367,7.362844154,0.331103712,-0.473799525,-128.711400270,0.000105713,0.373776980,0.000782992,2.768469165,-1.333571688,-0.158632067,true,OK
1785075038.185201645,0.028636327,0.077670534,8.463944322,7.325116835,0.331616995,-0.473583334,-128.852846297,0.000338712,0.283930297,0.002509142,2.103324380,-1.343716159,-0.149666002,true,OK
1785075039.185047626,0.031443297,0.131748498,7.953608043,7.399515522,0.331369775,-0.473242538,-128.876213849,0.000145321,0.170174190,0.001075380,1.259294896,-1.370753101,-0.146472388,true,OK
1785075040.185037851,0.132543958,0.037229329,8.613925698,7.367078272,0.330221398,-0.474239409,-128.661304354,0.000855669,0.094872788,0.006330912,0.701943314,-1.369935696,-0.148331446,true,OK
1785075041.185744286,0.030072543,0.080890780,8.489437749,7.336454463,0.330662096,-0.473632817,-128.779310587,0.000212602,0.196831898,0.001567248,1.450997914,-1.339159841,-0.163944321,true,OK
1785075042.186375618,0.034748783,0.135619445,7.928698320,7.384597152,0.330927524,-0.473279342,-128.896092649,0.000394058,0.176938705,0.002913657,1.308281324,-1.335086640,-0.154523533,true,OK
1785075043.184995413,0.131127278,0.038014622,8.535613088,7.348812111,0.329943088,-0.472788340,-128.507388793,0.000179847,0.336881605,0.001330881,2.492949209,-1.332272811,-0.160511169,true,OK
1785075044.185004234,0.030679596,0.083505510,8.343136039,7.360890720,0.330388570,-0.472945248,-128.107591327,0.000227821,0.347179209,0.001697139,2.586296301,-1.328738545,-0.165353089,true,OK
1785075045.185007811,0.029986544,0.125849077,7.871382900,7.303322510,0.331011191,-0.472300957,-128.562392058,0.000247151,0.188711590,0.001832277,1.399029073,-1.354308344,-0.160877867,true,OK
1785075046.184968948,0.129724876,0.044646521,8.494439317,7.390032450,0.330560899,-0.471128656,-128.872460788,0.001501429,0.454564777,0.011111031,3.363916342,-1.339641187,-0.156590303,true,OK
1785075047.184989214,0.027916700,0.086554146,8.292411560,7.372019649,0.329367508,-0.471697702,-128.265378400,0.001157450,0.184517467,0.008563089,1.365103981,-1.339170151,-0.151999205,true,OK
1785075048.184943914,0.028765068,0.128655751,7.749193468,7.322685879,0.331378405,-0.471695029,-128.430309980,0.000234410,0.401050886,0.001735369,2.969040366,-1.359139057,-0.150489942,true,OK
1785075049.184963703,0.127327422,0.035481540,8.269682789,7.268187774,0.331331466,-0.477202474,-128.638000394,0.001203161,0.000000000,0.008916673,0.000000000,-1.364209315,-0.095827458,true,OK
1785075050.184970856,0.028799475,0.087828232,8.286582678,7.355583479,0.331290974,-0.465748073,-128.569280420,0.003316943,0.503577788,0.024516011,3.722016848,-1.372028634,-0.114577992,true,OK
1785075051.185003519,0.032364886,0.131674756,7.832857021,7.359574828,0.331761352,-0.459710162,-128.171054498,0.001846525,0.389667682,0.013790119,2.910094727,-1.353742307,-0.112160601,true,OK
1785075052.185037374,0.128811027,0.038463731,8.231243272,7.283291459,0.331494896,-0.459237310,-127.879856934,0.000339999,0.164324520,0.002513221,1.214662708,-1.345449719,-0.117854791,true,OK
1785075053.184945583,0.033077956,0.086560033,8.321156363,7.315427231,0.331189727,-0.458780041,-127.960842513,0.000604658,0.173589404,0.004469127,1.283028124,-1.337059617,-0.114864754,true,OK
1785075054.185298204,0.032911550,0.134458818,7.819342782,7.346300608,0.331253093,-0.459887370,-127.872180505,0.000270240,0.363156116,0.001998401,2.685509396,-1.364008486,-0.113394721,true,OK
1785075055.185040712,0.132872139,0.040512148,8.389577733,7.314942266,0.331195683,-0.457292120,-127.668789197,0.000296156,0.135620930,0.002193506,1.004488138,-1.370723306,-0.145059475,true,OK
1785075056.184950352,0.032823976,0.095691033,8.324015368,7.390107378,0.331418709,-0.453970866,-127.682314399,0.000634928,0.210289292,0.004700331,1.556758624,-1.341385892,-0.146170729,true,OK
1785075057.187534332,0.033730232,0.138732782,7.904853157,7.352227826,0.330491925,-0.454270266,-127.609855797,0.000366401,0.055952910,0.002733148,0.417377088,-1.334614992,-0.130920631,true,OK
1785075058.184953928,0.127135107,0.044714798,8.462804163,7.363923279,0.332133496,-0.455096658,-127.742092275,0.000167992,0.120331298,0.001235835,0.885217961,-1.330987932,-0.117850291,true,OK
1785075059.185328960,0.031672741,0.085328131,8.387317345,7.280167264,0.332739004,-0.455945214,-127.974679606,0.000367338,0.281160175,0.002709469,2.073827634,-1.338316018,-0.122822893,true,OK
1785075060.185723305,0.033988286,0.138181802,7.850359837,7.345854805,0.331960712,-0.455549184,-128.362205590,0.000258756,0.367973453,0.001916290,2.725132662,-1.354973756,-0.130602757,true,OK
1785075061.184956074,0.131292145,0.048116136,8.385173220,7.369369329,0.331785547,-0.455240913,-127.970870115,0.000301922,0.251788307,0.002245900,1.872970917,-1.358538779,-0.168155520,true,OK
1785075062.184991837,0.029514508,0.087332586,8.336182623,7.268822041,0.331622448,-0.459156954,-127.957514754,0.000357783,0.216704814,0.002606807,1.578910542,-1.386310577,-0.148474449,true,OK
1785075063.184998751,0.030382986,0.004140705,7.882296406,7.331839074,0.331075998,-0.458809639,-128.031575149,0.000354106,0.110143430,0.002624406,0.816312291,-1.387381942,-0.146552944,true,OK
1785075064.184979916,0.131218330,0.051785713,8.371885696,7.379412480,0.331244366,-0.459798743,-128.070550437,0.000179067,0.290066368,0.001316668,2.132841004,-1.389938799,-0.150003959,true,OK
1785075065.184976816,0.026234595,0.093119505,8.224678720,7.318985579,0.331446933,-0.460294489,-127.823800309,0.000406909,0.094872788,0.003020724,0.704295481,-1.408210516,-0.149599468,true,OK
1785075066.186082125,0.032868754,0.148214093,7.783646052,7.380022242,0.331553363,-0.460227176,-127.717162573,0.000309983,0.106531181,0.002293252,0.788116178,-1.399362555,-0.149652719,true,OK
1785075067.184988499,0.027290165,0.052124674,8.598036253,7.359853204,0.331287929,-0.460354477,-127.928000558,0.000065753,0.034264021,0.000483704,0.252060402,-1.396750119,-0.150285280,true,OK
1785075068.184971809,0.027358258,0.096865546,8.216250692,7.362922788,0.332587144,-0.460502896,-127.780387230,0.000263573,0.123540700,0.001981298,0.928664422,-1.382819779,-0.145545619,true,OK
1785075069.184965372,0.028259180,0.002596137,7.640705481,7.312730450,0.333520283,-0.454206316,-127.538134767,0.000538287,0.318981067,0.003984738,2.361296165,-1.380447107,-0.150517772,true,OK
1785075070.184981823,0.025960596,0.056997024,8.566325153,7.376773885,0.334280331,-0.450526121,-127.863407740,0.000336845,0.125114538,0.002490407,0.925013166,-1.379614706,-0.168975167,true,OK
1785075071.185025454,0.027421016,0.099786292,8.190563772,7.372392226,0.334130949,-0.450167788,-127.752320957,0.000172604,0.106531181,0.001279232,0.789542796,-1.376228292,-0.155367075,true,OK
1785075072.186842442,0.031829054,0.142373172,7.831395676,7.329916712,0.334363740,-0.450323963,-127.613766801,0.000752353,0.353324458,0.005570050,2.615839993,-1.374275390,-0.153999542,true,OK
1785075073.185042620,0.131847604,0.048436078,8.383715252,7.309779665,0.335154943,-0.450110625,-127.950195057,0.000500563,0.098911718,0.003376283,0.667157067,-1.338072838,-0.145438157,true,OK
1785075074.189901114,0.113852493,0.108000183,7.726583932,7.384735820,0.334474157,-0.450989567,-127.436843349,0.000661867,0.305187446,0.004899815,2.259307998,-1.343016931,-0.132801965,true,OK
1785075075.184928417,0.098055336,0.004135057,10.546707460,7.361289682,0.334987801,-0.456798610,-127.429368960,0.000965259,0.274112407,0.007137870,2.026998073,-1.380371211,-0.127660544,true,OK
1785075076.184946537,0.097499653,0.051617491,8.417200699,7.392337055,0.334184342,-0.463110705,-127.775952016,0.000688481,0.117033931,0.005130004,0.872042593,-1.369541564,-0.120015940,true,OK
1785075077.185308218,0.198711457,0.094327295,8.705123366,7.342256162,0.333832635,-0.460373737,-127.741280898,0.000208875,0.148037520,0.001545248,1.095174403,-1.356070555,-0.129559341,true,OK
1785075078.184941292,0.095757827,0.131609752,8.367238869,7.238941499,0.333115260,-0.455161085,-127.659069086,0.001435551,0.074018747,0.009731429,0.501764426,-1.337245039,-0.126614073,true,OK
1785075079.184898138,0.096650694,0.054763885,7.927851194,7.392921871,0.333449933,-0.446230102,-127.198654272,0.001483820,0.131221234,0.010930040,0.966595448,-1.346057178,-0.133421971,true,OK
1785075080.184957027,0.197403555,0.093219356,8.517530552,7.330146577,0.332059753,-0.444432467,-127.279872851,0.000138955,0.117033931,0.001017685,0.857138336,-1.377151288,-0.133593914,true,OK
1785075081.185721636,0.096546583,0.136311585,8.363358728,7.313184028,0.332472483,-0.444465700,-127.399752521,0.000266621,0.128204252,0.001964440,0.944599323,-1.390844912,-0.148284126,true,OK
1785075082.186312914,0.096966654,0.046586325,7.864474246,7.302897901,0.332501733,-0.445171427,-127.076324691,0.000477272,0.157017511,0.003250292,1.069313014,-1.378860086,-0.156927223,true,OK
1785075083.187182903,0.194760064,0.102541965,8.611576207,7.388205639,0.332672892,-0.444911614,-127.205260143,0.000194583,0.111905833,0.001440733,0.828575561,-1.359017190,-0.142798411,true,OK
1785075084.185049772,0.094762701,0.003527633,8.495155479,7.341753946,0.331237668,-0.451870757,-127.421014917,0.001041072,0.157017511,0.007710225,1.162878465,-1.361519956,-0.121212828,true,OK
1785075085.184980631,0.097368893,0.047801654,7.964200519,7.349155382,0.331437394,-0.452421930,-127.372502421,0.000945880,0.257930381,0.006996709,1.907920188,-1.370269742,-0.119392342,true,OK
1785075086.185156345,0.197741145,0.088202098,8.645407096,7.289666815,0.332555638,-0.448511252,-127.485173425,0.000503124,0.314035316,0.003710426,2.315939340,-1.357550622,-0.110291687,true,OK
1785075087.185823202,0.099399421,0.145164806,8.560235623,7.381099813,0.332073855,-0.445009821,-127.310192290,0.000727244,0.000000000,0.005388352,0.000000000,-1.339020002,-0.109650572,true,OK
1785075088.184952497,0.096121787,0.052549949,7.945986208,7.391851467,0.331546956,-0.445674518,-127.173775029,0.000803776,0.192814506,0.005946173,1.426402883,-1.320735991,-0.124577568,true,OK
1785075089.185050249,0.197591700,0.094536645,8.486382741,7.357180893,0.332980220,-0.445362124,-127.376749148,0.000378158,0.375865150,0.002799284,2.782312810,-1.304996781,-0.125562091,true,OK
1785075090.185729027,0.098329556,0.136331843,8.518345417,7.320830295,0.332222871,-0.447586686,-127.325917715,0.000632472,0.213978861,0.004679341,1.583121303,-1.369881245,-0.129233782,true,OK
1785075091.185046673,0.096956913,0.043628986,7.968421509,7.281394785,0.330279827,-0.441042505,-127.020203282,0.001273431,0.019782341,0.009400206,0.146029167,-1.438436148,-0.391618760,true,OK
1785075092.185001612,0.194061418,0.097451892,8.546353740,7.378121308,0.334281624,-0.442733633,-127.211442368,0.001942806,0.354430335,0.014382751,2.623876324,-1.414235912,-0.407276202,true,OK
1785075093.185157537,0.094766588,0.137123598,8.523258333,7.338864500,0.335744451,-0.444183675,-127.547903130,0.000784358,0.312160456,0.005745974,2.286794712,-1.405366256,-0.378440883,true,OK
1785075094.185503244,0.097285282,0.046209049,8.114388411,7.370589674,0.326209653,-0.447381528,-127.117345045,0.004425589,0.478063243,0.033028527,3.567824489,-1.063527990,2.360064903,true,OK
1785075095.185104132,0.196362018,0.086915344,8.638256432,7.312194033,0.320402627,-0.462823029,-120.505682975,0.004095438,4.500889757,0.030419179,33.430705829,-1.720728238,-0.197196907,true,OK
1785075096.184961081,0.097989130,0.130805791,8.538060256,7.298433366,0.441882454,-0.388855218,-118.472626276,0.025270113,1.989184593,0.187052985,14.724228602,-2.637001903,-3.131875471,true,OK
1785075097.184868097,0.097160005,0.035190780,7.971776911,7.260533045,0.567190562,-0.242704015,-116.634588272,0.046709331,3.312157444,0.346702532,24.584667789,-4.927403936,-2.987222976,true,OK
1785075098.184976816,0.198261362,0.091361676,8.637476716,7.382253581,0.781210025,-0.031951410,-118.112180144,0.047648010,0.292752233,0.349970666,2.150240764,-2.133643527,-6.000235301,true,OK
1785075099.185263157,0.099057626,0.133999795,8.582883653,7.384870494,1.025924778,0.313520799,-118.236185345,0.046104625,0.019782341,0.348721099,0.149627494,-2.707131779,-4.698205486,true,OK
1785075100.185752630,0.096277545,0.038864672,8.319202985,7.340278077,1.187811930,0.627707085,-113.389033412,0.051893188,1.170024958,0.385942741,8.701770978,-3.077810787,-4.163558682,true,OK
1785075101.184976339,0.196089167,0.082376157,8.750782778,7.342676863,1.308567850,0.823833812,-122.343890127,0.029034835,1.833123095,0.215026460,13.575760850,-1.342532281,-2.619980168,true,OK
1785075102.186443329,0.094774106,0.125308887,8.557499940,7.285843716,1.327901807,0.933142403,-138.785260136,0.007358059,2.051758731,0.054513198,15.200738510,-1.916282586,-4.007901744,true,OK
1785075103.184952021,0.096208304,0.028987786,8.298193749,7.249994547,1.317425312,0.943728979,-153.531586047,0.005663993,2.068573376,0.041883768,15.296567149,-0.577972183,-4.215211727,true,OK
1785075104.184947968,0.196995663,0.082510934,8.922096024,7.356729846,1.286761943,0.945176535,-163.541793100,0.004245261,1.597406864,0.031352618,11.797363637,-0.828354783,-3.042979662,true,OK
1785075105.185108900,0.095982897,0.127768821,8.623115198,7.345791322,1.267142567,0.927458342,-178.884033699,0.004418359,1.961143465,0.032682507,14.506534954,-0.889594835,-1.788233164,true,OK
1785075106.185671091,0.097849963,0.035122687,7.957427147,7.303851020,1.264019517,0.931955503,172.099344038,0.001811106,1.281305602,0.012296078,8.699123155,-0.850895455,-2.801039509,true,OK
1785075107.184966803,0.197055791,0.082987988,8.622289558,7.333643962,1.281026264,0.968879505,156.192415414,0.007644847,2.551596030,0.056516217,18.863236928,-0.983143414,-2.126827179,true,OK
1785075108.186168432,0.099569067,0.132149617,8.603302675,7.369236811,1.213507030,1.112872355,154.886979087,0.043907901,1.339252607,0.324851278,9.908419869,0.033943416,-1.197125505,true,OK
1785075109.186928272,0.100458230,0.038952319,8.170133437,7.333789120,1.018082066,1.276722733,152.968244974,0.045328613,0.217605878,0.335483207,1.610530607,0.449134708,1.246392231,true,OK
1785075110.186260462,0.099608197,0.079568983,7.656049500,7.279858970,0.714817542,1.523884931,153.160040613,0.063073844,0.492180443,0.431438796,3.366621137,0.779417582,-0.593123676,true,OK
1785075111.187291622,0.099065032,0.133988516,8.856223724,7.366759271,0.384929402,1.788863603,157.828941144,0.042057702,1.333101488,0.311394216,9.870251377,0.334507133,1.751277571,true,OK
1785075112.185245514,0.089027833,0.039461372,8.185917283,7.364370266,0.204413429,1.902738756,165.792959059,0.023724916,1.542942402,0.175646837,11.423136274,1.140303236,2.254348467,true,OK
1785075113.186489820,0.198886783,0.083457690,8.694295668,7.355140284,0.140358867,1.947236749,-176.612680146,0.003814547,1.833016373,0.028292157,13.595321820,0.217323869,2.703501871,true,OK
1785075114.185065031,0.096205636,0.124692462,8.608543383,7.343475411,0.115768197,1.968104087,-164.384583083,0.006244771,1.482793515,0.046269043,10.986380937,0.613214691,2.008715785,true,OK
1785075115.184986353,0.094873642,0.031472610,8.297189778,7.344331370,0.027921547,1.944325134,-156.452807024,0.019771930,0.790310143,0.146323206,5.848731637,-1.006462424,2.129599756,true,OK
1785075116.184989214,0.093233667,0.073797766,7.546839258,7.316859607,-0.055999455,1.856407262,-147.098299838,0.014332340,0.714363562,0.106064471,5.286547348,-1.125852322,2.856068204,true,OK
1785075117.185064077,0.197687731,0.112823974,8.265148315,7.273578599,-0.105770697,1.807390222,-131.536371113,0.012276334,3.143483788,0.083236793,21.313652207,-0.312019988,3.500645729,true,OK
1785075118.184957981,0.097820204,0.021340392,8.424273663,7.293152819,-0.180876041,1.769469776,-113.872333210,0.009147699,0.920686128,0.062058619,6.245998141,-0.341529332,3.297356510,true,OK
1785075119.185083866,0.098741162,0.064853322,7.783709514,7.264477852,-0.193625568,1.750867140,-117.214700314,0.001238853,1.470202381,0.009118180,10.820955148,0.877616682,4.610749964,true,OK
1785075120.185604572,0.096858355,0.119018188,8.770365053,7.376133163,-0.236908138,1.718826130,-117.649700062,0.011856307,0.424284921,0.087896528,3.145429053,1.834231164,2.403161542,true,OK
1785075121.184951544,0.096140377,0.025091358,8.287450049,7.368128582,-0.306932043,1.670595879,-127.562575212,0.010351402,1.464333968,0.076641511,10.841890614,2.371562815,2.829166716,true,OK
1785075122.184968948,0.095949970,0.066832684,7.648573444,7.330046597,-0.345751570,1.653444081,-143.035769961,0.003415870,2.252553700,0.025285260,16.674056247,3.722383681,5.765153619,true,OK
1785075123.186152220,0.195023667,0.110989815,8.237125453,7.319942768,-0.362758133,1.654797824,-151.550185409,0.005740845,0.646192938,0.042528885,4.787076895,4.076220987,5.841238844,true,OK
1785075124.185235262,0.097714555,0.015041326,8.342980916,7.301982244,-0.495176757,1.599032992,-153.925089061,0.021025853,1.827670256,0.155805561,13.543383786,0.999384037,2.421940410,true,OK
1785075125.185092688,0.095025770,0.058436997,7.809510557,7.282040448,-0.592892138,1.503308950,-145.200577741,0.020929062,0.552138565,0.158441576,4.179915221,2.981117996,2.362466175,true,OK
1785075126.187685013,0.198195987,0.112471475,8.387437366,7.360796744,-0.691519312,1.358865762,-131.978116393,0.029011998,3.074980193,0.213412543,22.619584667,0.993639631,1.771746829,true,OK
1785075127.184947729,0.095107695,0.019753992,8.334263334,7.381148568,-0.791034502,1.191713679,-120.746818205,0.022246699,0.548939796,0.163875551,4.043647630,1.635218704,0.640602048,true,OK
1785075128.184964418,0.096717874,0.060826876,7.739962862,7.324717905,-0.833825343,1.073147490,-114.071595435,0.010884979,1.781691024,0.078849428,12.906346779,-0.118180591,1.743546961,true,OK
1785075129.185108900,0.194978037,0.103966343,8.232503670,7.274830763,-0.794241604,0.970818451,-95.133818605,0.011337414,0.935654488,0.083969328,6.929823827,-0.795142470,2.067923334,true,OK
1785075130.185475349,0.099952194,0.023019125,8.397675192,7.378683984,-0.714250624,0.864367760,-75.948549658,0.011889762,3.888920176,0.087589505,28.648899773,0.111154716,2.799287185,true,OK
1785075131.184920073,0.099172974,0.063827178,7.851034712,7.370263352,-0.643035231,0.817528950,-59.129715541,0.008139494,1.811537350,0.060236496,13.406320352,0.071862693,2.248650583,true,OK
1785075132.185226917,0.195573274,0.106003760,8.466182638,7.347914529,-0.563687679,0.796631201,-44.682336765,0.015329303,1.609489468,0.113671871,11.934898372,0.643745638,1.318650972,true,OK
1785075133.184970379,0.097535981,0.013365351,8.374307100,7.348713432,-0.455231602,0.856631957,-35.796505048,0.018941819,0.759760788,0.139802235,5.607500386,0.895510809,2.255329291,true,OK
1785075134.184955359,0.098187126,0.053994570,7.844904368,7.259528170,-0.272178127,0.926393103,-35.182360384,0.042340420,1.977144891,0.313267844,14.628478242,-0.127864063,-0.470048803,true,OK
1785075135.187256336,0.189961334,0.112140346,8.297193362,7.375814722,0.050039413,0.844724554,-36.064978960,0.042587452,0.372728519,0.315412617,2.760514441,0.414685026,-3.021958290,true,OK
1785075136.184972048,0.096116024,0.013172482,8.341013447,7.313448691,0.291271751,0.730071466,-34.743611904,0.009620445,1.042489318,0.071210835,7.716538834,-0.820846647,-5.155874333,true,OK
1785075137.184973240,0.096124061,0.070640963,7.872915860,7.393041933,0.478273579,0.498824347,-35.427335454,0.051198306,1.144149961,0.379629331,8.483735494,-0.039754672,-3.507759838,true,OK
1785075138.185618639,0.198927093,0.112637992,8.435568996,7.365061510,0.555673000,0.417451728,-31.495734200,0.005426899,0.963271184,0.040004141,7.100709992,-0.545438018,1.504702885,true,OK
1785075139.184947014,0.097134834,0.018253442,8.559472402,7.346291520,0.546136255,0.426596993,-31.348500134,0.000414031,0.153233400,0.003057663,1.131646266,-0.661711071,1.382019072,true,OK
1785075140.185266733,0.098324607,0.062989662,7.916567439,7.279362369,0.546155546,0.427467969,-31.076891112,0.000883442,0.301315983,0.006492716,2.214474909,-0.638113415,1.204074505,true,OK
1785075141.184988976,0.191083736,0.114780389,8.320543540,7.363881240,0.544875884,0.427786971,-31.229232592,0.000724531,0.374822532,0.005391066,2.788965514,-0.673157372,1.072318941,true,OK
1785075142.184971571,0.097662146,0.023262421,8.515133359,7.359637976,0.545834931,0.427304054,-31.036130897,0.000543536,0.088469326,0.004034216,0.656634357,-0.723694540,1.001000103,true,OK
1785075143.185754538,0.098580439,0.066236315,7.728992402,7.276492743,0.547570615,0.425570314,-30.976192401,0.000977195,0.126668806,0.007230439,0.937244731,-0.510330232,0.920925673,true,OK
1785075144.185789585,0.098579586,0.119594591,8.756571225,7.369605366,0.546403420,0.426951263,-30.709963266,0.000292364,0.076616680,0.002161179,0.566357042,-0.512920204,0.875677230,true,OK
1785075145.184944868,0.097633998,0.026635815,8.278269127,7.341696650,0.546109667,0.425157758,-31.059741376,0.000318655,0.048456644,0.002356410,0.358330641,-0.490402882,0.867120098,true,OK
1785075146.184991837,0.097744368,0.080114886,7.702358221,7.384354404,0.546868728,0.424637702,-30.706551960,0.000225248,0.142652530,0.001666631,1.055500406,-0.451108957,0.860657921,true,OK
1785075147.184954166,0.097287314,0.122492764,8.658763298,7.354148964,0.546253942,0.425514599,-30.860076308,0.000184629,0.166689032,0.001366695,1.233899394,-0.485138306,0.852942324,true,OK
1785075148.185223103,0.081223752,0.029602709,7.954890988,7.276003624,0.545562681,0.425474109,-30.583303826,0.000333527,0.125114538,0.002473575,0.927902294,-0.491879706,0.841173569,true,OK
1785075149.185238600,0.098287032,0.084458423,7.679761240,7.393893489,0.545976204,0.424209130,-30.699277023,0.000457531,0.117033931,0.003346051,0.855901294,-0.443894519,0.847204491,true,OK
1785075150.184984922,0.097845070,0.126542913,8.652151093,7.313738434,0.545983151,0.424047266,-30.267118742,0.000386617,0.208420008,0.002861895,1.542807416,-0.443326819,0.841001788,true,OK
1785075151.185035467,0.097650053,0.045366883,8.215068784,7.396601429,0.546444473,0.423507890,-30.324151795,0.000363522,0.121946558,0.002684351,0.900489110,-0.423308573,0.852913517,true,OK
1785075152.184853315,0.193696613,0.084430034,8.565306025,7.338124498,0.545479273,0.423361776,-30.724727689,0.000932394,0.174712971,0.006877531,1.288719480,-0.482105856,0.846123773,true,OK
1785075153.185577631,0.098381494,0.005707531,8.778952266,7.408202295,0.546207504,0.423286640,-30.345800266,0.000424881,0.094872788,0.003096582,0.691443923,-0.479618772,0.839399809,true,OK
1785075154.185543060,0.093662569,0.048442648,8.013848834,7.374786149,0.546154062,0.423541368,-30.109443344,0.000642163,0.113640914,0.004749983,0.840585439,-0.438716237,0.828377029,true,OK
1785075155.184969425,0.194372257,0.089756623,8.584878855,7.290973038,0.545713623,0.425935142,-30.226943169,0.000567240,0.354981980,0.003849212,2.408857799,-0.488869101,0.806559143,true,OK
1785075156.184942245,0.098076403,0.010014254,8.513497181,7.396410738,0.545558558,0.426271533,-30.226571010,0.000345270,0.125114538,0.002558036,0.926948382,-0.436986440,0.823918052,true,OK
1785075157.186087370,0.096195577,0.052942592,7.862048772,7.353573513,0.546536518,0.426428641,-29.601194914,0.000513262,0.027976455,0.003800537,0.207156435,-0.454518888,0.828175217,true,OK
1785075158.185461521,0.193576705,0.106440775,8.534609863,7.414687732,0.545238668,0.427157010,-29.912913676,0.000425543,0.111905833,0.003138689,0.825387769,-0.483107625,0.826887166,true,OK
1785075159.185396671,0.091847040,0.013045649,8.244718869,7.378135608,0.545265976,0.426485937,-29.661698031,0.000432134,0.092787413,0.003203750,0.687905789,-0.491991693,0.820680679,true,OK
1785075160.184985161,0.093772883,0.054016921,7.881196595,7.311001901,0.546684304,0.426504107,-29.533354214,0.000433425,0.254108970,0.002900728,1.700641274,-0.455585173,0.832451607,true,OK
1785075161.184958458,0.197919668,0.108998152,8.521555571,7.387620492,0.546481005,0.427177966,-29.698891437,0.000102961,0.108352360,0.000761773,0.801659485,-0.466688023,0.832341271,true,OK
1785075162.185733080,0.097790644,0.016320969,8.324898213,7.354552157,0.545247852,0.426886498,-29.753606909,0.000393081,0.197823503,0.002966758,1.493062264,-0.458015787,0.839382087,true,OK
1785075163.184985399,0.098006476,0.070708054,7.996870779,7.568839758,0.545580692,0.426357367,-29.789414189,0.000535644,0.104678325,0.003975350,0.776883084,-0.477951414,0.829384972,true,OK
1785075164.185978889,0.197540094,0.113549818,8.412526031,7.395301002,0.546226079,0.426612818,-29.630427455,0.000620534,0.204630240,0.004676824,1.542250873,-0.478536863,0.837449644,true,OK
1785075165.184904814,0.096856944,0.028952637,8.372313750,7.384022292,0.544896011,0.427460539,-29.601454913,0.000466534,0.086229231,0.003454079,0.638415805,-0.470482768,0.814444149,true,OK
1785075166.187196493,0.098741177,0.074904944,7.819694938,7.360452316,0.545679960,0.426467730,-29.485846251,0.000369783,0.343780950,0.002737091,2.544623798,-0.459635275,0.825343252,true,OK
1785075167.184960604,0.097948735,0.126916372,8.716540539,7.394388679,0.546317669,0.427055980,-29.407049997,0.000627161,0.088469326,0.004640070,0.654542864,-0.451229573,0.819515646,true,OK
1785075168.184939146,0.095297821,0.034003856,8.227527844,7.387848944,0.546388553,0.427773409,-29.402532447,0.000429861,0.139882314,0.003185872,1.036724991,-0.447954682,0.820110306,true,OK
1785075169.184986353,0.095154340,0.076698362,7.533026580,7.322710981,0.545064323,0.427848930,-29.542921830,0.000512751,0.115349902,0.003795076,0.853750386,-0.458690865,0.809321959,true,OK
1785075170.184966087,0.097109275,0.131324521,8.683423273,7.393287351,0.546231139,0.427870870,-29.190141095,0.000328868,0.132704012,0.002434535,0.982379103,-0.481535519,0.793158842,true,OK
1785075171.186708927,0.096330575,0.036864177,8.196103642,7.344416100,0.547048411,0.428421107,-28.965798911,0.000873602,0.055952910,0.006408912,0.410481066,-0.438397666,0.814654722,true,OK
1785075172.186193466,0.198689532,0.092749757,8.674988067,7.398686121,0.545673523,0.428821572,-29.007437372,0.000402833,0.115349902,0.002985503,0.854889308,-0.421620640,0.820046035,true,OK
1785075173.185263872,0.098170919,0.134450803,8.583308635,7.376607038,0.545587668,0.428701555,-29.207460113,0.000655345,0.129721514,0.004853251,0.960670909,-0.422504304,0.810006921,true,OK
1785075174.185943365,0.098602602,0.038279376,7.920798946,7.265092814,0.546610313,0.429177757,-28.855900985,0.000264803,0.088469326,0.001811496,0.605210769,-0.476496106,0.789863839,true,OK
1785075175.184991598,0.194795049,0.093823197,8.500511595,7.371747399,0.546056106,0.429794242,-28.972110404,0.000290888,0.113640914,0.002152205,0.840799208,-0.470648161,0.807777308,true,OK
1785075176.184966803,0.095877558,0.002388990,8.320176093,7.322722566,0.545380608,0.429607877,-28.832385545,0.000715831,0.090654086,0.004865858,0.616220421,-0.456039564,0.804568196,true,OK
1785075177.187340260,0.098329493,0.058196680,7.925929330,7.381096509,0.547056157,0.430655745,-28.651084134,0.000477310,0.092787413,0.003537765,0.687728860,-0.424899630,0.801616615,true,OK
1785075178.185312748,0.198936752,0.098024160,8.385388130,7.327604837,0.547338584,0.430008194,-28.447794648,0.000419856,0.120331298,0.003102482,0.889176459,-0.455689287,0.802131331,true,OK
1785075179.185252190,0.095985780,0.017322945,8.261060064,7.392836705,0.546623678,0.428799929,-28.682116367,0.000405760,0.059347027,0.003005692,0.439616880,-0.447059410,0.798929993,true,OK
1785075180.184931040,0.096838757,0.058770789,7.759031507,7.328682853,0.546815212,0.428752784,-28.691183653,0.000395670,0.110143430,0.002928957,0.815339157,-0.426540281,0.788792727,true,OK
1785075181.185032845,0.198030793,0.113513280,8.436499590,7.389818622,0.547872118,0.429403311,-28.537944777,0.000478642,0.096913294,0.003544969,0.717769506,-0.382514750,0.801404359,true,OK
1785075182.185097933,0.095289375,0.018572921,8.294135353,7.356573084,0.547265744,0.430163120,-28.426169642,0.000788149,0.121946558,0.005798419,0.897161969,-0.442134580,0.778457565,true,OK
1785075183.185709000,0.099819319,0.076005660,7.849962763,7.412175873,0.546308085,0.429820039,-28.826555590,0.000895900,0.135620930,0.006630206,1.003677978,-0.407732439,0.800730150,true,OK
1785075184.184939861,0.099036711,0.117194616,8.674449024,7.361533474,0.546735646,0.430072914,-28.889669572,0.000131968,0.126668806,0.000980066,0.940709649,-0.443667950,0.788143617,true,OK
1785075185.184964895,0.096582165,0.035718793,8.050051770,7.374269632,0.546381296,0.430752748,-28.483158698,0.000144688,0.081564685,0.000981318,0.553196129,-0.439311636,0.785130467,true,OK
1785075186.185250998,0.197216110,0.103191638,8.706855587,7.498264943,0.545137336,0.429781035,-28.829331503,0.000904103,0.121946558,0.006684809,0.901655894,-0.459260645,0.748150198,true,OK
1785075187.184980392,0.095718521,0.009127610,8.489414602,7.370602426,0.545289144,0.428693429,-28.675111001,0.000334650,0.128204252,0.002476943,0.948916160,-0.405817584,0.776279789,true,OK
1785075188.184940100,0.094673210,0.063954933,7.910028364,7.399709580,0.545805350,0.431057566,-28.803950140,0.000486078,0.110143430,0.003608548,0.817683319,-0.459605664,0.796670724,true,OK
1785075189.185000181,0.096592425,0.130599207,8.688798310,7.480258113,0.544976340,0.432639751,-28.730842690,0.000504295,0.220286968,0.003733642,1.630936018,-0.480905134,0.769823541,true,OK
1785075190.184982300,0.096589128,0.049694808,7.987153665,7.417632336,0.544556562,0.431588255,-28.869550578,0.000465837,0.027976455,0.003451358,0.207275899,-0.446768682,0.790237594,true,OK
1785075191.184947491,0.197308017,0.103432896,8.635373492,7.399675900,0.544601509,0.429853912,-28.568486272,0.000637694,0.138476416,0.004713658,1.023580079,-0.460870490,0.785345224,true,OK
1785075192.185311556,0.096225185,0.023378809,8.352744205,7.401714425,0.544782831,0.430606722,-28.821899788,0.000610082,0.019782341,0.004517858,0.146494718,-0.396960967,0.800810317,true,OK
1785075193.185060263,0.095962482,0.077093395,7.700078999,7.402421203,0.543254718,0.431368481,-28.853447659,0.000647312,0.083929371,0.004823399,0.625393300,-0.418927508,0.809612288,true,OK
1785075194.184994459,0.096623480,0.132111793,8.637105499,7.409155574,0.543405992,0.430725934,-29.004017648,0.000495089,0.151951085,0.003662523,1.124089154,-0.456856677,0.788982981,true,OK
1785075195.185792923,0.098573601,0.051047710,7.965224336,7.407058225,0.544102978,0.431234873,-28.558555178,0.000126767,0.121946558,0.000936827,0.901202798,-0.471425976,0.772152842,true,OK
1785075196.184975863,0.197410516,0.105389738,8.602289924,7.409554770,0.544063581,0.431337185,-28.351139505,0.000305194,0.111905833,0.002251656,0.825617728,-0.489387880,0.767162962,true,OK
1785075197.184983015,0.097783549,0.024176064,8.370427329,7.403727689,0.543225820,0.432454555,-28.658845839,0.000771565,0.055952910,0.005680095,0.411913270,-0.470913221,0.777873242,true,OK
1785075198.185283899,0.099060746,0.078882388,7.705059991,7.401558789,0.544243690,0.432673445,-28.562533688,0.000758124,0.115349902,0.005610224,0.853605675,-0.443443620,0.799130584,true,OK
1785075199.184993029,0.097179051,0.132586567,8.680278239,7.404845482,0.543923536,0.434000801,-28.527928665,0.000517102,0.138476416,0.003815902,1.021872744,-0.476426058,0.778341146,true,OK
1785075200.184972286,0.096112074,0.052144205,7.966926711,7.407004434,0.543248973,0.434545251,-28.890340817,0.000404023,0.111905833,0.002977983,0.824837558,-0.499220262,0.782734461,true,OK
1785075201.185093164,0.195321746,0.106182106,8.560245787,7.404531431,0.543746093,0.433523056,-28.787455556,0.000522185,0.239848309,0.003862588,1.774152312,-0.470261245,0.797251747,true,OK
1785075202.184948683,0.096215037,0.025737502,8.323112684,7.404840243,0.543598603,0.434716498,-28.796304727,0.000273237,0.144017660,0.002022447,1.065992201,-0.430483727,0.796996627,true,OK
1785075203.185536861,0.097796826,0.078777758,7.678356588,7.388720816,0.542871439,0.435158859,-28.901528867,0.000524845,0.068528042,0.003885983,0.507385229,-0.419926342,0.807148132,true,OK
1785075204.184953690,0.096122222,0.133981024,8.638038826,7.402731246,0.542543156,0.436465929,-28.763966372,0.000765288,0.104678325,0.005660740,0.774292186,-0.440589699,0.804422606,true,OK
1785075205.185027122,0.097557586,0.052014798,8.010344236,7.398782213,0.543035247,0.436748188,-28.720835128,0.000262459,0.175829360,0.001942395,1.301270688,-0.453804682,0.785329620,true,OK
1785075206.184995651,0.194203083,0.107605469,8.454801595,7.404785184,0.544106198,0.436873800,-28.454909624,0.001014424,0.132704012,0.007511459,0.982627386,-0.450033348,0.786835492,true,OK
1785075207.184993029,0.098861969,0.026857238,8.346754774,7.402810562,0.543463037,0.437865572,-28.662760284,0.000793076,0.341496652,0.005869532,2.527406079,-0.443413509,0.770115652,true,OK
1785075208.184973478,0.097251735,0.080752454,7.675183603,7.400434298,0.542928136,0.434380417,-28.801455413,0.001577314,0.027976455,0.011682099,0.207202641,-0.421808602,0.794383276,true,OK
1785075209.185792446,0.100156186,0.135217592,8.688898927,7.397689847,0.544179212,0.432642476,-28.675577121,0.000543496,0.135620930,0.004015878,1.002100139,-0.417915060,0.811841889,true,OK
1785075210.185041904,0.097019329,0.054746916,7.944089933,7.407048983,0.543753417,0.432854898,-28.672806359,0.000519226,0.263187172,0.003843744,1.948331133,-0.475383488,0.787254656,true,OK
1785075211.184920788,0.096499849,0.120544821,8.717040381,7.470998237,0.542650266,0.433571512,-28.715738320,0.000656312,0.285305273,0.004859977,2.112678023,-0.504046487,0.805260150,true,OK
1785075212.185281277,0.098346397,0.037717766,8.318571599,7.386096562,0.543979689,0.433347306,-28.691071479,0.000324396,0.102792073,0.002401597,0.760999773,-0.434459660,0.811404994,true,OK
1785075213.185085773,0.195973538,0.093687750,8.664545955,7.396738825,0.543834570,0.433439191,-28.508505088,0.000177605,0.071326251,0.001314770,0.528012396,-0.401497918,0.831552251,true,OK
1785075214.184940815,0.095913962,0.014041107,8.364614951,7.408835212,0.542673976,0.434030299,-28.419739102,0.000656545,0.108352360,0.004854541,0.801165781,-0.420185361,0.813615127,true,OK
1785075215.185031414,0.096033628,0.068280803,7.894093410,7.404958483,0.542006262,0.432583217,-28.690384441,0.001051856,0.166689032,0.007792797,1.234934813,-0.449416336,0.811747259,true,OK
1785075216.185093641,0.098171360,0.121909741,8.711750130,7.399062036,0.543107368,0.431461740,-28.510952964,0.000532204,0.098911718,0.003938176,0.731921371,-0.424341170,0.808894291,true,OK
1785075217.184952974,0.097235216,0.041536046,8.141163555,7.404349733,0.543014838,0.430494039,-28.337903763,0.000923394,0.135620930,0.006838357,1.004364162,-0.453034279,0.784294144,true,OK
1785075218.184983969,0.197727177,0.095797407,8.657793986,7.403729306,0.541945615,0.430304174,-28.669730801,0.000733770,0.141274205,0.005435911,1.046587433,-0.406528507,0.797291088,true,OK
1785075219.184946537,0.097305493,0.015125917,8.386196046,7.408530869,0.543110651,0.430159646,-28.420409340,0.000369889,0.153233400,0.002742947,1.136317927,-0.442265474,0.800875485,true,OK
1785075220.184967279,0.197471511,0.080446380,8.918204449,7.487523076,0.543278225,0.430794510,-27.904199547,0.000600310,0.120331298,0.004439805,0.889952966,-0.452794782,0.796914965,true,OK
1785075221.185045481,0.097131272,0.135866977,8.648427896,7.428066883,0.541591895,0.433966219,-28.343282707,0.000267097,0.081564685,0.001976545,0.603587880,-0.420710499,0.816163905,true,OK
1785075222.186286449,0.096838106,0.056376834,7.953642968,7.415581203,0.541459427,0.433446067,-28.599692704,0.001157587,0.098911718,0.008591240,0.734091284,-0.449532402,0.787572626,true,OK
1785075223.184960365,0.196992772,0.109195573,8.532785352,7.405618280,0.541820308,0.433930180,-28.476092033,0.000527609,0.104678325,0.003905272,0.774810657,-0.696937029,0.791951562,true,OK
1785075224.185011387,0.097176623,0.028333490,8.377906280,7.402482025,0.542468702,0.435666276,-28.636261750,0.000687533,0.100870555,0.005091074,0.746930387,-0.514307129,0.766882415,true,OK
1785075225.186390638,0.198714172,0.083959679,8.737560195,7.401423917,0.542362374,0.434459205,-28.522775347,0.000525084,0.121946558,0.003889689,0.903348485,-0.401040751,0.818383797,true,OK
1785075226.184956074,0.096643273,0.001941917,8.608912193,7.413520918,0.543154543,0.433888075,-28.583824725,0.000694446,0.135620930,0.005141203,1.004044853,-0.572454021,0.795912436,true,OK
1785075227.184943438,0.097979564,0.056092594,7.930122890,7.411830624,0.543251058,0.434633951,-28.061067346,0.000114261,0.104678325,0.000843873,0.773103706,-0.552008845,0.793029133,true,OK
1785075228.185649395,0.197374307,0.111307877,8.507922778,7.407831422,0.542892355,0.434723951,-28.517141815,0.000723679,0.102792073,0.005355618,0.760716837,-0.507524421,0.806768720,true,OK
1785075229.184969425,0.097492233,0.029741151,8.331177545,7.403245692,0.542097120,0.434328868,-28.378461881,0.000824872,0.126668806,0.006108304,0.938002329,-0.456774359,0.821883542,true,OK
1785075230.184903860,0.198862411,0.083867087,8.703099562,7.410777541,0.542703837,0.434589571,-28.317075533,0.000685335,0.104678325,0.005071845,0.774675914,-0.486748131,0.809289275,true,OK
1785075231.185554504,0.097016734,0.136399289,8.559585515,7.377858375,0.542864990,0.434057209,-28.191581112,0.001043683,0.117033931,0.007702834,0.863761329,-0.488552642,0.802781066,true,OK
1785075232.184967518,0.096992549,0.057145460,7.944757591,7.407974121,0.541357439,0.433841901,-28.535484125,0.000158447,0.106531181,0.001173897,0.789265486,-0.449972087,0.793338470,true,OK
1785075233.184965611,0.097265159,0.123624269,8.711502533,7.443374577,0.541745939,0.434278292,-28.150215359,0.000554367,0.117033931,0.004107227,0.867087980,-0.411719660,0.802136262,true,OK
1785075234.185035229,0.096524996,0.043042539,8.135227454,7.408512633,0.542431427,0.435448849,-28.041111451,0.001165362,0.000000000,0.008623981,0.000000000,-0.362030166,0.825628802,true,OK
1785075235.185134172,0.197313751,0.097430418,8.642029569,7.405778957,0.541445264,0.435775469,-28.050974731,0.000341405,0.000000000,0.002528081,0.000000000,-0.406550537,0.846948654,true,OK
1785075236.184995890,0.097629065,0.015856099,8.341064681,7.404528352,0.542486728,0.435340817,-27.841635429,0.000076915,0.138476416,0.000569198,1.024774967,-0.460038016,0.812113676,true,OK
1785075237.185251951,0.097019290,0.071198418,7.880106444,7.408773975,0.542537115,0.436266646,-27.620880074,0.000491268,0.125114538,0.003636465,0.926123922,-0.439072519,0.814236166,true,OK
1785075238.184907436,0.097452824,0.124730524,8.702413047,7.400545538,0.541663363,0.436136254,-27.385840884,0.000352413,0.110143430,0.002617943,0.818214732,-0.445380210,0.821945907,true,OK
1785075239.184951067,0.097841638,0.044080274,8.203112909,7.402815795,0.540688664,0.435735850,-27.544605694,0.000103834,0.339196986,0.000768884,2.511728930,-0.462425023,0.805293490,true,OK
1785075240.185426950,0.198155191,0.111558671,8.600270758,7.446773771,0.541853086,0.436138543,-27.681235299,0.000168888,0.345484255,0.001250789,2.558664994,-0.423840110,0.848401741,true,OK
1785075241.184994221,0.097683787,0.030058150,8.350825049,7.414102365,0.541604263,0.437221833,-27.369085595,0.000455900,0.158258778,0.003423044,1.188258933,-0.424159825,0.851081336,true,OK
1785075242.184991598,0.197672692,0.083837883,8.681525158,7.406688850,0.540559229,0.436676972,-27.892384934,0.000516117,0.335134597,0.003821792,2.481637372,-0.435850593,0.815176226,true,OK
1785075243.185489893,0.097676009,0.003932613,8.639846217,7.406574953,0.541453281,0.436231074,-27.525056133,0.000702520,0.131221234,0.005178934,0.967354732,-0.412049592,0.808529525,true,OK
1785075244.184900045,0.096004737,0.057422533,7.922658005,7.401147947,0.542273609,0.437101692,-27.237799868,0.000145321,0.088469326,0.001075739,0.654896249,-0.384576544,0.829380932,true,OK
1785075245.185018539,0.197007584,0.112248372,8.383515267,7.406572949,0.541121639,0.437060464,-27.257808513,0.000057157,0.062557256,0.000422799,0.462745974,-0.405722049,0.836538073,true,OK
1785075246.185575962,0.096792012,0.031996733,8.330248804,7.408217238,0.541392716,0.435871642,-27.427139071,0.000578308,0.137056110,0.004282812,1.015005331,-0.438476706,0.837059714,true,OK
1785075247.184966564,0.197352674,0.085353283,8.684691023,7.407595981,0.541844764,0.435874162,-27.431778884,0.000377434,0.098911718,0.002792481,0.731807663,-0.437074753,0.825767829,true,OK
1785075248.184955597,0.097372472,0.004912054,8.611652970,7.416204845,0.542177037,0.436842570,-27.377218346,0.000155642,0.083929371,0.001150280,0.620283302,-0.456278031,0.814558571,true,OK
1785075249.185515165,0.098725430,0.059329709,7.981724968,7.402130076,0.541224970,0.436865848,-27.337679115,0.000254219,0.125114538,0.001880440,0.925464262,-0.421030053,0.807310531,true,OK
1785075250.184988260,0.197647007,0.113449774,8.349899018,7.407075510,0.541323898,0.436883800,-27.513247393,0.000859720,0.106531181,0.006370131,0.789347149,-0.430086600,0.856087091,true,OK
1785075251.184959412,0.098989780,0.044764402,7.783533149,7.227162172,0.543554608,0.437070670,-27.544412459,0.000558674,0.145369958,0.004135246,1.076012912,-0.457588350,0.844987273,true,OK
1785075252.186561823,0.200264291,0.100549514,8.561175166,7.370968050,0.543399197,0.437642962,-27.333199364,0.000800600,0.126668806,0.005925216,0.937472173,-0.467832021,0.822757492,true,OK
1785075253.184960365,0.099566963,0.017788480,8.376398924,7.394217863,0.542237633,0.437541362,-27.429567067,0.000752979,0.034264021,0.005577258,0.253790998,-0.451196057,0.814448516,true,OK
1785075254.185086489,0.098910336,0.072705652,7.835116149,7.406734070,0.543241950,0.436656352,-27.429149832,0.000164718,0.062557256,0.001220119,0.463380798,-0.428117072,0.831549426,true,OK
1785075255.185031176,0.097591379,0.126705105,8.691950088,7.407366475,0.542976391,0.437150621,-27.289651769,0.000300448,0.027976455,0.002222057,0.206908565,-0.422900522,0.817513962,true,OK
1785075256.184941769,0.096146088,0.045421361,8.162675549,7.400457980,0.542252886,0.437915965,-27.180440436,0.000322689,0.129721514,0.002389339,0.960519091,-0.419994165,0.816504116,true,OK
1785075257.187349081,0.199367758,0.102702968,8.683642901,7.407575260,0.543103437,0.436324485,-27.610192537,0.000443243,0.055952910,0.003272387,0.413090352,-0.390361530,0.829430540,true,OK
1785075258.187020063,0.098871632,0.020597949,8.358895225,7.399829162,0.542828394,0.436825975,-27.319923611,0.000400522,0.126668806,0.003024538,0.956537459,-0.436755081,0.821761720,true,OK
1785075259.184962749,0.097872229,0.073614221,7.796744687,7.407799360,0.543154485,0.436735155,-27.395939548,0.000079537,0.000000000,0.000588586,0.000000000,-0.418960404,0.815096615,true,OK
1785075260.184957504,0.097363712,0.005397440,8.650849376,7.503730281,0.541712290,0.436279779,-27.519832612,0.000202359,0.121946558,0.001496466,0.901807947,-0.431780266,0.799243283,true,OK
1785075261.185255766,0.098129950,0.059702281,7.938435126,7.424335083,0.542839350,0.436189012,-27.427646763,0.000502389,0.092787413,0.003721438,0.687321735,-0.457314350,0.788866737,true,OK
1785075262.184969425,0.197957541,0.113688957,8.349724043,7.416526171,0.543186846,0.436529488,-27.535660242,0.000433432,0.379491794,0.003208330,2.809055582,-0.440607796,0.826247607,true,OK
1785075263.184960842,0.097940858,0.032824285,8.294625736,7.407885503,0.542473090,0.436212691,-27.398306181,0.000318430,0.106531181,0.002348049,0.785542289,-0.441490140,0.820229925,true,OK
1785075264.185559511,0.199000795,0.086092816,8.670274472,7.395480117,0.542286820,0.435443891,-27.854659024,0.000782481,0.039564681,0.005795444,0.293035786,-0.406654650,0.812902022,true,OK
1785075265.184990168,0.096521752,0.006481639,8.542613865,7.408207399,0.543262122,0.435806983,-27.666898305,0.000690594,0.132704012,0.005106149,0.981193740,-0.423830552,0.819396026,true,OK
1785075266.184982061,0.096003180,0.060371963,7.942586949,7.404993048,0.542705859,0.436459546,-27.425020033,0.000225787,0.110143430,0.001670549,0.814929005,-0.398434326,0.810434338,true,OK
1785075267.186568499,0.197832670,0.116631593,8.351475790,7.408386052,0.542314384,0.435945664,-27.749666996,0.000374537,0.117033931,0.002772247,0.866261270,-0.431104444,0.829784049,true,OK
1785075268.184990644,0.097369138,0.046681004,8.242970611,7.440367211,0.542613495,0.435773087,-27.627243824,0.000453956,0.113640914,0.003356163,0.840164532,-0.429223207,0.819417181,true,OK
1785075269.184975386,0.197425672,0.100452106,8.680392039,7.419152887,0.542416060,0.436253122,-27.384002341,0.000175581,0.000000000,0.001299499,0.000000000,-0.418558481,0.810585121,true,OK
1785075270.185287714,0.098124764,0.020372543,8.356749936,7.412102244,0.541606701,0.436864700,-27.766027028,0.000604846,0.158258778,0.004482279,1.172794692,-0.385409763,0.809178258,true,OK
1785075271.184960365,0.098767817,0.074197812,7.795461326,7.405953958,0.541362094,0.435565933,-27.817068578,0.000841838,0.139882314,0.006228010,1.034864864,-0.419111534,0.818134638,true,OK
1785075272.184965611,0.098826372,0.128602855,8.701408240,7.405262286,0.542921608,0.435943324,-27.526987289,0.000284731,0.214891358,0.002109750,1.592264929,-0.440499320,0.815005495,true,OK
1785075273.185281992,0.098055319,0.047869665,7.965435671,7.408909167,0.542470930,0.435718607,-27.386528012,0.000508038,0.083929371,0.003766738,0.622276186,-0.477998579,0.819675428,true,OK
1785075274.185173988,0.196566507,0.114371713,8.572310924,7.522420645,0.541382987,0.436454065,-27.678770834,0.000534225,0.106531181,0.004349498,0.867344128,-0.413515107,0.830880767,true,OK
1785075275.184965134,0.098392652,0.033386042,8.374921412,7.442782423,0.541660944,0.436456129,-27.987399068,0.000791683,0.098911718,0.005628166,0.703175223,-0.437242440,0.822754281,true,OK
1785075276.185099363,0.196663248,0.087334532,8.684966953,7.406978101,0.541854281,0.437060064,-27.729150450,0.000242076,0.135620930,0.001793918,1.005025105,-0.424819281,0.843125280,true,OK
1785075277.184973001,0.097823062,0.006656027,8.563128059,7.402748251,0.540536119,0.437664137,-27.694872085,0.000429653,0.106531181,0.003177750,0.787913388,-0.477823469,0.802857617,true,OK
1785075278.184944868,0.096307957,0.060993331,7.955653539,7.404447894,0.540422859,0.436356278,-28.107609024,0.000130063,0.000000000,0.000963018,0.000000000,-0.460703906,0.822041236,true,OK
1785075279.185584545,0.198888460,0.116124798,8.406822933,7.408775184,0.540475402,0.437089337,-27.643469268,0.000568298,0.111905833,0.004210599,0.829125594,-0.456987186,0.813120859,true,OK
1785075280.184955120,0.097279323,0.034497166,8.327112068,7.409825666,0.540644768,0.436939297,-27.733304926,0.000545596,0.217605878,0.004037559,1.610343226,-0.440266407,0.808673168,true,OK
1785075281.184973717,0.197170504,0.100965491,8.679715547,7.453430782,0.539847638,0.435971890,-27.894600183,0.000440290,0.083929371,0.003256419,0.620748120,-0.416784095,0.837952338,true,OK
1785075282.185127735,0.098374873,0.020386171,8.394058911,7.417636566,0.540363290,0.435149984,-27.828469800,0.000516269,0.104678325,0.003827786,0.776119415,-0.431776370,0.819428869,true,OK
1785075283.184967518,0.098789890,0.074643568,7.828554454,7.408320843,0.541293363,0.435646126,-27.770355629,0.000184613,0.113640914,0.001367100,0.841535704,-0.395768557,0.826318557,true,OK
1785075284.184917212,0.098449891,0.128867668,8.648881638,7.404164089,0.540423670,0.435939417,-27.877030850,0.000292276,0.048456644,0.002165257,0.358979041,-0.441248775,0.786223528,true,OK
1785075285.185246944,0.098397317,0.048222422,7.934180838,7.408352530,0.540329053,0.434743941,-28.071958229,0.000555186,0.000000000,0.004109869,0.000000000,-0.400527420,0.805719793,true,OK
1785075286.184944868,0.197962389,0.102055765,8.580411200,7.401507095,0.540818373,0.434824853,-27.892642605,0.000444326,0.083929371,0.003286015,0.620700683,-0.461561081,0.808810055,true,OK
1785075287.184971809,0.096382382,0.032245417,8.335118170,7.446654511,0.540461443,0.435121281,-27.808521802,0.000304999,0.104678325,0.002256180,0.774339967,-0.426427487,0.807343929,true,OK
1785075288.185645342,0.197540798,0.087149569,8.687930306,7.402199769,0.539771897,0.434845633,-28.116385228,0.000862130,0.131221234,0.006382881,0.971511577,-0.440958046,0.821924889,true,OK
1785075289.184989691,0.096812027,0.005847864,8.565391479,7.395531169,0.540218598,0.433360105,-28.310987016,0.000943188,0.048456644,0.006979180,0.358557873,-0.483829999,0.804689366,true,OK
1785075290.185016632,0.097422729,0.061130959,7.935186254,7.404788689,0.540335660,0.433179648,-28.023064894,0.000309342,0.115349902,0.002288421,0.853323326,-0.451584615,0.815562384,true,OK
1785075291.185052633,0.198337738,0.115295911,8.396017601,7.402211111,0.539169747,0.433029873,-28.210480531,0.000179552,0.019782341,0.001333092,0.146874763,-0.444402078,0.834459099,true,OK
1785075292.184937477,0.097694635,0.034595647,8.358960490,7.403121058,0.538846709,0.432550212,-28.234575450,0.000200320,0.088469326,0.001482180,0.654589473,-0.405715756,0.864538093,true,OK
1785075293.184991837,0.198739144,0.086674126,8.731986045,7.376095212,0.539082349,0.432486845,-28.077205314,0.000447389,0.118694067,0.003310540,0.878299712,-0.453744997,0.841945825,true,OK
1785075294.184972763,0.097674098,0.008296464,8.530211511,7.402905316,0.538481878,0.433870426,-27.593464671,0.000363418,0.068528042,0.002689986,0.507238587,-0.417417136,0.821079639,true,OK
1785075295.184950590,0.097726450,0.074905511,7.914853662,7.478565711,0.537487876,0.433855037,-27.693219197,0.000888973,0.129721514,0.006580191,0.960200751,-0.379960562,0.814076673,true,OK
1785075296.184966564,0.095040628,0.128772501,8.611380221,7.412927977,0.537820519,0.433145308,-27.767627658,0.000797299,0.126668806,0.005898141,0.937052121,-0.404417918,0.819938645,true,OK
1785075297.184981346,0.098675186,0.048523291,7.942292817,7.411154280,0.538705929,0.433863695,-27.666837845,0.000131851,0.120331298,0.000976224,0.890935909,-0.414833971,0.813552586,true,OK
1785075298.184940577,0.197241946,0.102645224,8.606737628,7.409769356,0.537877396,0.434038268,-27.477346646,0.000373970,0.071326251,0.002749717,0.524446351,-0.454201328,0.823657545,true,OK
1785075299.184972763,0.097529894,0.021556407,8.372425447,7.401440937,0.537299150,0.433235646,-27.612774750,0.000130021,0.111905833,0.000962903,0.828749794,-0.464916028,0.820270267,true,OK
1785075300.185089350,0.096322085,0.076175209,7.847356979,7.403263956,0.538553974,0.433823347,-27.307317771,0.000449369,0.118694067,0.003325424,0.878360984,-0.451112568,0.823313708,true,OK
1785075301.184977770,0.097903559,0.130331216,8.684047250,7.408620224,0.538797586,0.434958571,-27.306493433,0.000415344,0.106531181,0.003077769,0.789414123,-0.439202796,0.826957298,true,OK
1785075302.184969664,0.095255959,0.061708789,7.957673804,7.460508108,0.537969266,0.435019584,-27.619203679,0.000635701,0.090654086,0.004703844,0.670791402,-0.421077306,0.810435277,true,OK
1785075303.185545921,0.197302075,0.116413942,8.392110943,7.412523413,0.538149598,0.434594743,-27.287028264,0.000276186,0.059347027,0.002046182,0.439684169,-0.433610744,0.825169173,true,OK
1785075304.185281277,0.097146155,0.035599995,8.297434892,7.415018989,0.538489263,0.435282954,-26.955322448,0.000584655,0.059347027,0.004325130,0.439033938,-0.447372868,0.819786569,true,OK
1785075305.184969664,0.198290830,0.088383711,8.707683434,7.394238848,0.538171253,0.435598779,-27.011159265,0.000425831,0.132704012,0.003160897,0.985046329,-0.431255004,0.811467611,true,OK
1785075306.185461760,0.097552153,0.021183613,8.519603858,7.519908699,0.536777493,0.434866179,-27.396548613,0.000818857,0.305187446,0.006650395,2.478596526,-0.445097317,0.819084765,true,OK
1785075307.184969187,0.097258617,0.074941603,7.816001549,7.426918822,0.538279885,0.434901017,-27.000435821,0.000525085,0.148037520,0.003884369,1.095121499,-0.403131137,0.837104699,true,OK
1785075308.184972763,0.098162188,0.129262127,8.656581632,7.406986155,0.538040239,0.435819174,-26.453485432,0.000027627,0.092787413,0.000204373,0.686406633,-0.463847681,0.809670567,true,OK
1785075309.184986830,0.097710226,0.048769253,7.938777560,7.405133053,0.537171000,0.435739841,-26.552397150,0.000539645,0.111905833,0.003993248,0.828077494,-0.472280767,0.792788120,true,OK
1785075310.184952021,0.196683947,0.103178425,8.608007330,7.408312158,0.537981973,0.434553794,-26.385465125,0.000688619,0.123540700,0.005090890,0.913324170,-0.449989840,0.801189644,true,OK
1785075311.185343027,0.097086062,0.034236556,8.373865996,7.457095293,0.537878581,0.435099017,-26.170992476,0.000300794,0.098911718,0.002221784,0.730600299,-0.440856286,0.810797454,true,OK
1785075312.185058594,0.197024353,0.086377794,8.730344629,7.390725453,0.537119096,0.435340398,-26.293712703,0.000023451,0.102792073,0.000173671,0.761263875,-0.392445860,0.840338044,true,OK
1785075313.184964180,0.095764808,0.007646448,8.571705674,7.408911554,0.536784243,0.434715090,-26.486186646,0.000307586,0.113640914,0.002272312,0.839530783,-0.477958233,0.795605501,true,OK
1785075314.184968948,0.096624916,0.062204306,7.917047393,7.402705880,0.537635086,0.434556634,-26.286597742,0.000242203,0.121946558,0.001791182,0.901841080,-0.454221685,0.828827828,true,OK
1785075315.185039043,0.195502371,0.115119106,8.317262681,7.392722502,0.537538819,0.434526050,-26.286560016,0.000504727,0.108352360,0.003735325,0.801881895,-0.418166995,0.813230225,true,OK
1785075316.185121775,0.097923153,0.047891872,8.117003487,7.503405314,0.536318533,0.434223184,-26.287290722,0.000491966,0.123540700,0.003618623,0.908695960,-0.381678368,0.819728302,true,OK
1785075317.184966564,0.197257232,0.101724880,8.633574769,7.418350885,0.536774132,0.433364554,-26.486429357,0.000585647,0.139882314,0.004328483,1.033861518,-0.359041849,0.824290929,true,OK
1785075318.185122490,0.098088902,0.021297116,8.332942937,7.418313531,0.536963486,0.433999746,-26.217194158,0.000312192,0.100870555,0.002304742,0.744671099,-0.451459912,0.818018541,true,OK
1785075319.184964418,0.097779191,0.075635421,7.817672125,7.409253226,0.535941500,0.434015143,-26.156620919,0.000469050,0.110143430,0.003472750,0.815478880,-0.455061463,0.816704503,true,OK
1785075320.185004473,0.097764791,0.006893915,8.674541922,7.496649190,0.535989513,0.433643529,-26.243986516,0.000309928,0.121946558,0.002293742,0.902512587,-0.451083370,0.818798443,true,OK
1785075321.185155153,0.097446709,0.061150576,7.951354903,7.422325345,0.537425610,0.432933479,-26.503929824,0.000421258,0.090654086,0.003120120,0.671445270,-0.426665917,0.813818754,true,OK
1785075322.184966087,0.199068933,0.114764934,8.400326192,7.407714401,0.538041942,0.433618033,-26.120615530,0.000387695,0.096913294,0.002869952,0.717409962,-0.409004568,0.832249367,true,OK
1785075323.185091734,0.098405518,0.034054620,8.361680805,7.426935994,0.537284558,0.433694076,-26.368839686,0.000501277,0.189745630,0.003593748,1.360323173,-0.436210118,0.807071103,true,OK
1785075324.187361956,0.199792820,0.091083258,8.694060480,7.409227619,0.536770628,0.433111207,-26.451390141,0.000273133,0.065610604,0.002023600,0.486098793,-0.427930930,0.843256900,true,OK
1785075325.184959173,0.097212770,0.018721598,8.545880154,7.515096270,0.536579503,0.433350339,-26.197113017,0.000959680,0.139882314,0.007821255,1.140021521,-0.419754329,0.837197622,true,OK
1785075326.184954643,0.096871799,0.074239111,7.865427057,7.432974563,0.536580025,0.433807693,-26.045763419,0.000223088,0.126668806,0.001651874,0.937931798,-0.403508292,0.842890500,true,OK
1785075327.184960604,0.098600638,0.127994578,8.711248350,7.404657870,0.535169762,0.433648207,-26.552949861,0.000390208,0.155766359,0.002891684,1.154326041,-0.420533995,0.813353454,true,OK
1785075328.184963703,0.098805176,0.047164760,7.931746651,7.404302466,0.536104859,0.433218919,-26.341744719,0.000294081,0.027976455,0.002188765,0.208221037,-0.396375676,0.846672679,true,OK
1785075329.184978724,0.198492563,0.101164268,8.576817015,7.395889391,0.535602940,0.434003792,-26.386236588,0.000203808,0.108352360,0.001506514,0.800921678,-0.428910361,0.837792477,true,OK
1785075330.184991598,0.098000522,0.033339875,8.349786636,7.486656447,0.535268195,0.433865869,-26.452097127,0.000755524,0.138476416,0.005590700,1.024692857,-0.435516489,0.837236209,true,OK
1785075331.184978008,0.199226673,0.087154995,8.715073867,7.415737472,0.534147095,0.433270031,-26.324629362,0.000902085,0.052339156,0.006680150,0.387583476,-0.418802471,0.833864930,true,OK
1785075332.185091257,0.097266669,0.006809866,8.510283776,7.415950157,0.534096580,0.433925737,-26.295088277,0.000708788,0.144017660,0.005251060,1.066956049,-0.410231169,0.841993116,true,OK
1785075333.185787201,0.096778616,0.061078612,7.930952076,7.401637806,0.533851827,0.434786349,-26.049179819,0.000621393,0.102792073,0.004598834,0.760748674,-0.397205771,0.869730731,true,OK
1785075334.184984922,0.197694501,0.115021647,8.362022186,7.407385862,0.532719626,0.433787744,-26.151229155,0.000567790,0.125114538,0.004202518,0.926040034,-0.490304831,0.828663256,true,OK
1785075335.185110569,0.097646476,0.045945906,8.246930718,7.432503292,0.533806464,0.433866624,-26.045725478,0.000263922,0.106531181,0.001954117,0.788772115,-0.429050864,0.835411757,true,OK
1785075336.184982061,0.196719914,0.100552817,8.660070470,7.410675966,0.534296635,0.434850568,-25.488996131,0.000345661,0.142652530,0.002561143,1.056970739,-0.460016375,0.812949996,true,OK
1785075337.184950352,0.096822582,0.019658253,8.422934261,7.404666615,0.533897711,0.435440484,-25.527272482,0.000841262,0.106531181,0.006227756,0.788636996,-0.434648969,0.817230242,true,OK
1785075338.184913397,0.098304962,0.074138335,7.844807568,7.408010427,0.534074460,0.434341921,-25.759626866,0.000268030,0.104678325,0.001981306,0.773792495,-0.386485876,0.847770141,true,OK
1785075339.184964895,0.096974590,0.005409217,8.655929550,7.550938322,0.534715356,0.434601914,-25.580035239,0.000354396,0.088469326,0.002626671,0.655707237,-0.425904853,0.845526401,true,OK
1785075340.184998512,0.098274905,0.056667683,7.947626680,7.401072426,0.534589045,0.435529389,-25.448028227,0.000756963,0.120331298,0.005596099,0.889589271,-0.437630091,0.820240395,true,OK
1785075341.184985876,0.197298719,0.114147489,8.336139427,7.414947523,0.533115301,0.435185017,-25.581552588,0.000618816,0.000000000,0.004578627,0.000000000,-0.445619440,0.826655678,true,OK
1785075342.185108900,0.096778812,0.033123993,8.258297164,7.404258593,0.534257818,0.435115103,-25.633110298,0.000030837,0.094872788,0.000228251,0.702227437,-0.446456185,0.821924981,true,OK
1785075343.185006618,0.196594387,0.087209176,8.648679165,7.401052669,0.534372105,0.435668788,-25.099228021,0.000314806,0.065610604,0.002332175,0.486062404,-0.407282930,0.835119997,true,OK
1785075344.185005426,0.097617206,0.006310889,8.538616782,7.403058119,0.533156985,0.435226469,-25.362054468,0.000698904,0.209356731,0.005183336,1.552669592,-0.442074979,0.829737471,true,OK
1785075345.184974194,0.096947404,0.072797089,7.934485981,7.454740706,0.532505013,0.434452911,-25.292564223,0.000445759,0.118694067,0.003298219,0.878229592,-0.457350599,0.838865646,true,OK
1785075346.184957981,0.096655750,0.126907348,8.701092988,7.411981917,0.532865704,0.434260732,-25.301706438,0.000277764,0.071326251,0.002054225,0.527499152,-0.439354167,0.838324512,true,OK
1785075347.184973240,0.096420952,0.046196700,8.148062766,7.405044254,0.532813197,0.434804494,-25.124463031,0.000693541,0.154505069,0.005138446,1.144728464,-0.424164892,0.804324199,true,OK
1785075348.184954166,0.197111821,0.100577723,8.654584096,7.405576430,0.531566435,0.434245380,-25.645456600,0.000389777,0.146709809,0.002888085,1.087056994,-0.419461845,0.828830871,true,OK
1785075349.184972048,0.095392328,0.019392959,8.342857069,7.404642242,0.532917512,0.433866862,-25.830594654,0.000345691,0.110143430,0.002580610,0.822229049,-0.448993552,0.821541139,true,OK
1785075350.184962511,0.196992074,0.085345971,8.694637808,7.452047582,0.533273488,0.434702159,-25.657991838,0.000556756,0.155766359,0.004123658,1.153695192,-0.419407080,0.826483536,true,OK
1785075351.185351849,0.098300268,0.005668538,8.610602251,7.414856101,0.532583351,0.435212517,-25.697440612,0.000165972,0.134170395,0.001227694,0.992457435,-0.453644415,0.811378554,true,OK
1785075352.185108185,0.096574785,0.058916211,7.908458726,7.399625010,0.532648808,0.434045652,-25.960953685,0.000327890,0.131221234,0.002423265,0.969787560,-0.448208563,0.804089907,true,OK
1785075353.185016632,0.197345537,0.113815141,8.365840547,7.404711670,0.533391655,0.434659310,-25.940425939,0.000210295,0.113640914,0.001556142,0.840919430,-0.415720241,0.828522680,true,OK
1785075354.184972763,0.096355886,0.032758605,8.312730919,7.402602781,0.533347460,0.435450671,-26.029075504,0.000589919,0.149353439,0.004368408,1.105976057,-0.433965831,0.819705924,true,OK
1785075355.184975147,0.196641577,0.086578918,8.688674647,7.401045399,0.532030911,0.436038301,-26.428265590,0.000527723,0.000000000,0.003907295,0.000000000,-0.420059307,0.827069377,true,OK
1785075356.184978008,0.095704003,0.005786949,8.530720741,7.410963520,0.531970643,0.435717109,-26.538980042,0.000634866,0.104678325,0.004694865,0.774101250,-0.427700833,0.828885002,true,OK
1785075357.184965849,0.097304498,0.060420146,7.938010184,7.408785984,0.532090207,0.436239907,-26.494445934,0.000631855,0.104678325,0.004683188,0.775856211,-0.398628830,0.820535255,true,OK
1785075358.184904814,0.098108918,0.126588320,8.705532937,7.548814752,0.531114062,0.436661305,-26.582516231,0.000225142,0.271962471,0.001832533,2.213627299,-0.389634572,0.815046384,true,OK
1785075359.184990168,0.097393448,0.045563303,8.168572164,7.423770663,0.531239012,0.435248761,-26.782650349,0.000166044,0.027976455,0.001228696,0.207020646,-0.400690110,0.810031802,true,OK
1785075360.184957027,0.196437570,0.098068194,8.648626858,7.386081130,0.532487804,0.435795195,-26.699585824,0.000421490,0.110143430,0.003120363,0.815411065,-0.404526350,0.819572626,true,OK
1785075361.184987545,0.097758021,0.019407734,8.403423464,7.411396123,0.532527151,0.436559813,-26.696528553,0.000982520,0.378459154,0.007364823,2.836872052,-0.430673711,0.797425394,true,OK
1785075362.184975386,0.097087591,0.073371336,7.815585597,7.401251994,0.530558614,0.436416138,-27.009420146,0.001132880,0.337461931,0.008386333,2.498117843,-0.414633787,0.800056964,true,OK
1785075363.184971809,0.095521618,0.128016979,8.624286231,7.405267138,0.531244170,0.436517601,-26.907581379,0.000758478,0.108352360,0.005615074,0.802141042,-0.412496327,0.821439641,true,OK
1785075364.184981346,0.096414449,0.045775145,7.924246313,7.393849298,0.531867257,0.437279051,-26.878511917,0.000637948,0.117033931,0.004723305,0.866507788,-0.424708160,0.759916070,true,OK
1785075365.184903383,0.197505550,0.100759760,8.610872387,7.403356971,0.530435322,0.436959820,-27.197936793,0.000472795,0.234902452,0.003494640,1.736270981,-0.431167460,0.770144488,true,OK
1785075366.184937000,0.095050514,0.019574474,8.377619501,7.407295197,0.529933139,0.436456007,-27.072775023,0.000406576,0.055952910,0.003069847,0.422471928,-0.421748166,0.775493937,true,OK
1785075367.185108662,0.096739994,0.086703569,7.824686308,7.550433864,0.530379313,0.436423106,-26.690678460,0.000694409,0.154505069,0.005144563,1.144659109,-0.459029961,0.794074868,true,OK
1785075368.184985399,0.097046148,0.004714577,8.667958305,7.423558258,0.529242153,0.436320528,-26.504136682,0.000501232,0.118694067,0.003647967,0.863854883,-0.229745159,0.774648515,true,OK
1785075369.184970856,0.096532226,0.060049729,7.960166261,7.409205849,0.526249834,0.430402084,-26.662296166,0.001914724,0.141274205,0.014177523,1.046061347,0.067664004,0.739471937,true,OK
1785075370.184967756,0.197176409,0.114455143,8.384896816,7.411071990,0.517954835,0.423107357,-26.977726226,0.000624069,0.144017660,0.004618570,1.065836849,0.163806768,0.908243095,true,OK
1785075371.184963942,0.095961774,0.033514738,8.311890329,7.412261993,0.519748734,0.425675463,-26.820762107,0.000562272,0.113640914,0.004133834,0.835489956,-0.615817027,1.544494599,true,OK
1785075372.184964657,0.097187712,0.075373346,7.723952569,7.306482028,0.487963142,0.286805101,11.360533177,0.025184389,5.390706312,0.170794009,36.558375811,-0.856429410,1.058547100,true,OK
1785075373.184966326,0.098432744,0.117407530,8.676167789,7.334629584,0.475262482,0.276660645,14.982273802,0.001180728,0.239031114,0.008834551,1.788499729,-0.025136434,0.445848404,true,OK
