[INFO] [1785061934.022835750] [vertical_lidar_mapper]: vertical_lidar_mapper started. scan_topic='/scan_vertical' target_frame='odom' local_voxel=0.100 global_voxel=0.080 global_cap=400000 global_publish=3.0Hz revoxel_every=10
[INFO] [1785061934.024670248] [vertical_lidar_mapper]: Global integration mode: keyframe (keyframe_min_translation=0.030m keyframe_min_yaw=0.025rad keyframe_max_interval=0.100s max_keyframes=10000).
[INFO] [1785061934.024766416] [vertical_lidar_mapper]: Full-pose deskew: enabled (required=true odom_topic='/mavros/local_position/odom' odom_frame='odom' stamp_reference='start' pose_gap<=0.100s wait_timeout=0.350s queue=30 poll=100.0Hz output='/vertical_points_deskewed').
[INFO] [1785061934.024804212] [vertical_lidar_mapper]: Stable integration gate: enabled (odom_age<=0.200s |yaw_rate|<=0.700rad/s |vertical_speed|<=0.400m/s tilt_rate<=0.450rad/s).
[INFO] [1785061934.024831602] [vertical_lidar_mapper]: Map-rebase: disabled (map_frame='map' odom_frame='odom' trans_th=0.080m yaw_th=0.040rad)
[INFO] [1785061934.024856231] [vertical_lidar_mapper]: Relative-pose gate: disabled (map='map' odom='odom' trans_err_th=0.080m yaw_err_th=0.060rad min_motion=0.030m max_map_step=0.250m max_map_yaw=0.150rad)
[INFO] [1785061934.024883084] [vertical_lidar_mapper]: 3D scan matching: enabled (map_frame='vertical_map' max_rate=4.0Hz radius=4.00m voxel=0.12m corr_dist=0.45m overlap>=0.30 rmse<=0.18m correction<=0.30m/17.2deg drop_failure=true).
[INFO] [1785061934.024932732] [vertical_lidar_mapper]: Map-rebase cooldown: 6 scans after correction.
[INFO] [1785061934.025007455] [vertical_lidar_mapper]: Floor filter: disabled (drop z <= 0.10 m in 'odom' frame).
[INFO] [1785061934.025097215] [vertical_lidar_mapper]: Floor stabilization: enabled (percentile=0.10 band=0.08m min_points=30 max_correction=0.25m drop_failure=true).
[INFO] [1785061934.025200679] [vertical_lidar_mapper]: PCD export service: '/vertical_lidar_mapper/save_pcd' dir='/home/pi5drone/drone_ros_ws/maps/vertical_3d' binary=true
[INFO] [1785061934.025277717] [vertical_lidar_mapper]: SLAM 2D map export on save: enabled (topic='/map' prefix='slam2d_map').
[INFO] [1785061934.025344032] [vertical_lidar_mapper]: Structural GLB export on save: enabled (prefix='lidar2_structural_environment' auto_height=true ceiling=false grid_cap=2000000).
[INFO] [1785061934.025373051] [vertical_lidar_mapper]: Loop-closure dedup-only mode: disabled
[INFO] [1785061934.025392884] [vertical_lidar_mapper]: Global rebuild service: '/vertical_lidar_mapper/rebuild_global' (rebuild_on_map_correction=false corr_trans_th=0.080m corr_yaw_th=0.040rad freeze_scans=6).
[WARN] [1785061934.392997267] [vertical_lidar_mapper]: Dropping vertical scan after waiting 0.355s for odometry through its final beam (remaining lag 0.000s).
[WARN] [1785061935.453700073] [vertical_lidar_mapper]: Dropping vertical scan: pose history starts 0.380s after the first beam.
[INFO] [1785061935.554845072] [vertical_lidar_mapper]: Initialized floor stabilization reference at z=-1.355m in frame 'odom'.
[WARN] [1785061936.745590281] [vertical_lidar_mapper]: 3D scan matching rejected keyframe: insufficient scan or submap geometry (source=84 submap=99 overlap=0.00 rmse=0.000m correction=0.000m/0.00deg).
[WARN] [1785061937.745751258] [vertical_lidar_mapper]: 3D scan matching rejected keyframe: insufficient scan or submap geometry (source=77 submap=95 overlap=0.00 rmse=0.000m correction=0.000m/0.00deg).
[WARN] [1785061938.947791753] [vertical_lidar_mapper]: 3D scan matching rejected keyframe: insufficient scan or submap geometry (source=79 submap=90 overlap=0.00 rmse=0.000m correction=0.000m/0.00deg).
[WARN] [1785061939.636490381] [vertical_lidar_mapper]: Dropped unstable global scan: odom_age=0.376s (max 0.200), |yaw|=0.003 (max 0.700), |vz|=0.001 (max 0.400), tilt_rate=0.001 (max 0.450).
[WARN] [1785061940.093438059] [vertical_lidar_mapper]: Vertical scan deskew failed (scan_age=0.369s): only 10.9% of valid beams had interpolated poses
[WARN] [1785061940.134759606] [vertical_lidar_mapper]: 3D scan matching rejected keyframe: insufficient scan or submap geometry (source=69 submap=98 overlap=0.00 rmse=0.000m correction=0.000m/0.00deg).
[WARN] [1785061941.135381998] [vertical_lidar_mapper]: 3D scan matching rejected keyframe: insufficient scan or submap geometry (source=74 submap=92 overlap=0.00 rmse=0.000m correction=0.000m/0.00deg).
[WARN] [1785061942.197255361] [vertical_lidar_mapper]: 3D scan matching rejected keyframe: insufficient scan or submap geometry (source=79 submap=101 overlap=0.00 rmse=0.000m correction=0.000m/0.00deg).
[WARN] [1785061943.265283081] [vertical_lidar_mapper]: 3D scan matching rejected keyframe: insufficient scan or submap geometry (source=72 submap=104 overlap=0.00 rmse=0.000m correction=0.000m/0.00deg).
[WARN] [1785061944.268736755] [vertical_lidar_mapper]: 3D scan matching rejected keyframe: insufficient scan or submap geometry (source=71 submap=95 overlap=0.00 rmse=0.000m correction=0.000m/0.00deg).
[WARN] [1785061945.354804889] [vertical_lidar_mapper]: 3D scan matching rejected keyframe: insufficient scan or submap geometry (source=71 submap=104 overlap=0.00 rmse=0.000m correction=0.000m/0.00deg).
[WARN] [1785061946.454608572] [vertical_lidar_mapper]: 3D scan matching rejected keyframe: insufficient scan or submap geometry (source=74 submap=99 overlap=0.00 rmse=0.000m correction=0.000m/0.00deg).
[WARN] [1785061947.462486651] [vertical_lidar_mapper]: 3D scan matching rejected keyframe: insufficient scan or submap geometry (source=77 submap=94 overlap=0.00 rmse=0.000m correction=0.000m/0.00deg).
[WARN] [1785061948.556846675] [vertical_lidar_mapper]: 3D scan matching rejected keyframe: insufficient scan or submap geometry (source=74 submap=110 overlap=0.00 rmse=0.000m correction=0.000m/0.00deg).
[WARN] [1785061949.645872124] [vertical_lidar_mapper]: 3D scan matching rejected keyframe: insufficient scan or submap geometry (source=78 submap=102 overlap=0.00 rmse=0.000m correction=0.000m/0.00deg).
[WARN] [1785061950.735365196] [vertical_lidar_mapper]: 3D scan matching rejected keyframe: insufficient scan or submap geometry (source=76 submap=101 overlap=0.00 rmse=0.000m correction=0.000m/0.00deg).
[WARN] [1785061951.837648863] [vertical_lidar_mapper]: 3D scan matching rejected keyframe: insufficient scan or submap geometry (source=78 submap=93 overlap=0.00 rmse=0.000m correction=0.000m/0.00deg).
[WARN] [1785061953.034892411] [vertical_lidar_mapper]: 3D scan matching rejected keyframe: insufficient scan or submap geometry (source=83 submap=101 overlap=0.00 rmse=0.000m correction=0.000m/0.00deg).
[WARN] [1785061954.228626201] [vertical_lidar_mapper]: 3D scan matching rejected keyframe: insufficient scan or submap geometry (source=86 submap=102 overlap=0.00 rmse=0.000m correction=0.000m/0.00deg).
[WARN] [1785061955.231069066] [vertical_lidar_mapper]: 3D scan matching rejected keyframe: insufficient scan or submap geometry (source=81 submap=99 overlap=0.00 rmse=0.000m correction=0.000m/0.00deg).
[WARN] [1785061956.324769370] [vertical_lidar_mapper]: 3D scan matching rejected keyframe: insufficient scan or submap geometry (source=73 submap=105 overlap=0.00 rmse=0.000m correction=0.000m/0.00deg).
[WARN] [1785061957.525056577] [vertical_lidar_mapper]: 3D scan matching rejected keyframe: insufficient scan or submap geometry (source=71 submap=104 overlap=0.00 rmse=0.000m correction=0.000m/0.00deg).
[WARN] [1785061958.714762588] [vertical_lidar_mapper]: 3D scan matching rejected keyframe: insufficient scan or submap geometry (source=75 submap=98 overlap=0.00 rmse=0.000m correction=0.000m/0.00deg).
[WARN] [1785061959.915414966] [vertical_lidar_mapper]: 3D scan matching rejected keyframe: insufficient scan or submap geometry (source=73 submap=93 overlap=0.00 rmse=0.000m correction=0.000m/0.00deg).
[WARN] [1785061961.065070993] [vertical_lidar_mapper]: 3D scan matching rejected keyframe: insufficient scan or submap geometry (source=85 submap=103 overlap=0.00 rmse=0.000m correction=0.000m/0.00deg).
[WARN] [1785061962.136695649] [vertical_lidar_mapper]: 3D scan matching rejected keyframe: insufficient scan or submap geometry (source=81 submap=98 overlap=0.00 rmse=0.000m correction=0.000m/0.00deg).
[WARN] [1785061963.253752727] [vertical_lidar_mapper]: 3D scan matching rejected keyframe: insufficient scan or submap geometry (source=77 submap=96 overlap=0.00 rmse=0.000m correction=0.000m/0.00deg).
[WARN] [1785061964.130506593] [vertical_lidar_mapper]: Dropped unstable global scan: odom_age=0.286s (max 0.200), |yaw|=0.000 (max 0.700), |vz|=0.005 (max 0.400), tilt_rate=0.004 (max 0.450).
[WARN] [1785061964.335375612] [vertical_lidar_mapper]: 3D scan matching rejected keyframe: insufficient scan or submap geometry (source=73 submap=107 overlap=0.00 rmse=0.000m correction=0.000m/0.00deg).
[WARN] [1785061965.339943559] [vertical_lidar_mapper]: 3D scan matching rejected keyframe: insufficient scan or submap geometry (source=83 submap=100 overlap=0.00 rmse=0.000m correction=0.000m/0.00deg).
[WARN] [1785061966.526499091] [vertical_lidar_mapper]: 3D scan matching rejected keyframe: insufficient scan or submap geometry (source=71 submap=97 overlap=0.00 rmse=0.000m correction=0.000m/0.00deg).
[WARN] [1785061967.530491968] [vertical_lidar_mapper]: 3D scan matching rejected keyframe: insufficient scan or submap geometry (source=74 submap=104 overlap=0.00 rmse=0.000m correction=0.000m/0.00deg).
[WARN] [1785061968.624888533] [vertical_lidar_mapper]: 3D scan matching rejected keyframe: insufficient scan or submap geometry (source=71 submap=103 overlap=0.00 rmse=0.000m correction=0.000m/0.00deg).
[WARN] [1785061969.825717157] [vertical_lidar_mapper]: 3D scan matching rejected keyframe: insufficient scan or submap geometry (source=69 submap=94 overlap=0.00 rmse=0.000m correction=0.000m/0.00deg).
[WARN] [1785061970.915022182] [vertical_lidar_mapper]: 3D scan matching rejected keyframe: insufficient scan or submap geometry (source=77 submap=106 overlap=0.00 rmse=0.000m correction=0.000m/0.00deg).
[WARN] [1785061971.916335076] [vertical_lidar_mapper]: 3D scan matching rejected keyframe: insufficient scan or submap geometry (source=75 submap=103 overlap=0.00 rmse=0.000m correction=0.000m/0.00deg).
[WARN] [1785061973.104966033] [vertical_lidar_mapper]: 3D scan matching rejected keyframe: insufficient scan or submap geometry (source=73 submap=102 overlap=0.00 rmse=0.000m correction=0.000m/0.00deg).
[WARN] [1785061974.204588091] [vertical_lidar_mapper]: 3D scan matching rejected keyframe: insufficient scan or submap geometry (source=75 submap=95 overlap=0.00 rmse=0.000m correction=0.000m/0.00deg).
[WARN] [1785061975.236691256] [vertical_lidar_mapper]: 3D scan matching rejected keyframe: insufficient scan or submap geometry (source=75 submap=104 overlap=0.00 rmse=0.000m correction=0.000m/0.00deg).
[WARN] [1785061976.294770998] [vertical_lidar_mapper]: 3D scan matching rejected keyframe: insufficient scan or submap geometry (source=74 submap=103 overlap=0.00 rmse=0.000m correction=0.000m/0.00deg).
[WARN] [1785061977.348413759] [vertical_lidar_mapper]: 3D scan matching rejected keyframe: insufficient scan or submap geometry (source=74 submap=91 overlap=0.00 rmse=0.000m correction=0.000m/0.00deg).
[WARN] [1785061978.424860831] [vertical_lidar_mapper]: 3D scan matching rejected keyframe: insufficient scan or submap geometry (source=69 submap=106 overlap=0.00 rmse=0.000m correction=0.000m/0.00deg).
[WARN] [1785061979.525159328] [vertical_lidar_mapper]: 3D scan matching rejected keyframe: insufficient scan or submap geometry (source=66 submap=104 overlap=0.00 rmse=0.000m correction=0.000m/0.00deg).
[WARN] [1785061980.615696805] [vertical_lidar_mapper]: 3D scan matching rejected keyframe: insufficient scan or submap geometry (source=71 submap=99 overlap=0.00 rmse=0.000m correction=0.000m/0.00deg).
[WARN] [1785061981.714641188] [vertical_lidar_mapper]: 3D scan matching rejected keyframe: insufficient scan or submap geometry (source=69 submap=92 overlap=0.00 rmse=0.000m correction=0.000m/0.00deg).
[WARN] [1785061982.714726566] [vertical_lidar_mapper]: 3D scan matching rejected keyframe: insufficient scan or submap geometry (source=71 submap=103 overlap=0.00 rmse=0.000m correction=0.000m/0.00deg).
[WARN] [1785061983.904999012] [vertical_lidar_mapper]: 3D scan matching rejected keyframe: insufficient scan or submap geometry (source=70 submap=99 overlap=0.00 rmse=0.000m correction=0.000m/0.00deg).
[WARN] [1785061985.004576234] [vertical_lidar_mapper]: 3D scan matching rejected keyframe: insufficient scan or submap geometry (source=73 submap=96 overlap=0.00 rmse=0.000m correction=0.000m/0.00deg).
[WARN] [1785061986.104886915] [vertical_lidar_mapper]: 3D scan matching rejected keyframe: insufficient scan or submap geometry (source=70 submap=107 overlap=0.00 rmse=0.000m correction=0.000m/0.00deg).
[WARN] [1785061987.294967175] [vertical_lidar_mapper]: 3D scan matching rejected keyframe: insufficient scan or submap geometry (source=69 submap=105 overlap=0.00 rmse=0.000m correction=0.000m/0.00deg).
[WARN] [1785061988.394680801] [vertical_lidar_mapper]: 3D scan matching rejected keyframe: insufficient scan or submap geometry (source=75 submap=102 overlap=0.00 rmse=0.000m correction=0.000m/0.00deg).
[WARN] [1785061989.394691256] [vertical_lidar_mapper]: 3D scan matching rejected keyframe: insufficient scan or submap geometry (source=73 submap=95 overlap=0.00 rmse=0.000m correction=0.000m/0.00deg).
[WARN] [1785061990.394712103] [vertical_lidar_mapper]: 3D scan matching rejected keyframe: insufficient scan or submap geometry (source=71 submap=103 overlap=0.00 rmse=0.000m correction=0.000m/0.00deg).
[WARN] [1785061991.484885990] [vertical_lidar_mapper]: 3D scan matching rejected keyframe: insufficient scan or submap geometry (source=68 submap=104 overlap=0.00 rmse=0.000m correction=0.000m/0.00deg).
[WARN] [1785061992.614943439] [vertical_lidar_mapper]: 3D scan matching rejected keyframe: insufficient scan or submap geometry (source=76 submap=94 overlap=0.00 rmse=0.000m correction=0.000m/0.00deg).
[WARN] [1785061993.685003163] [vertical_lidar_mapper]: 3D scan matching rejected keyframe: insufficient scan or submap geometry (source=70 submap=108 overlap=0.00 rmse=0.000m correction=0.000m/0.00deg).
[WARN] [1785061994.714562577] [vertical_lidar_mapper]: 3D scan matching rejected keyframe: insufficient scan or submap geometry (source=75 submap=102 overlap=0.00 rmse=0.000m correction=0.000m/0.00deg).
[WARN] [1785061995.906217793] [vertical_lidar_mapper]: 3D scan matching rejected keyframe: insufficient scan or submap geometry (source=69 submap=104 overlap=0.00 rmse=0.000m correction=0.000m/0.00deg).
[WARN] [1785061997.005184867] [vertical_lidar_mapper]: 3D scan matching rejected keyframe: insufficient scan or submap geometry (source=67 submap=109 overlap=0.00 rmse=0.000m correction=0.000m/0.00deg).
[WARN] [1785061998.204913298] [vertical_lidar_mapper]: 3D scan matching rejected keyframe: insufficient scan or submap geometry (source=66 submap=102 overlap=0.00 rmse=0.000m correction=0.000m/0.00deg).
[WARN] [1785061999.295444395] [vertical_lidar_mapper]: 3D scan matching rejected keyframe: insufficient scan or submap geometry (source=68 submap=107 overlap=0.00 rmse=0.000m correction=0.000m/0.00deg).
[WARN] [1785062000.394635991] [vertical_lidar_mapper]: 3D scan matching rejected keyframe: insufficient scan or submap geometry (source=61 submap=111 overlap=0.00 rmse=0.000m correction=0.000m/0.00deg).
[WARN] [1785062000.994125249] [vertical_lidar_mapper]: Dropping vertical scan: floor correction -0.262m exceeds 0.250m. Check MAVROS altitude continuity.
[WARN] [1785062001.994289812] [vertical_lidar_mapper]: Dropping vertical scan: floor correction -0.526m exceeds 0.250m. Check MAVROS altitude continuity.
[WARN] [1785062003.084190230] [vertical_lidar_mapper]: Dropping vertical scan: floor correction -0.854m exceeds 0.250m. Check MAVROS altitude continuity.
[WARN] [1785062004.084516077] [vertical_lidar_mapper]: Dropping vertical scan: floor correction -0.863m exceeds 0.250m. Check MAVROS altitude continuity.
[WARN] [1785062005.085142819] [vertical_lidar_mapper]: Dropping vertical scan: floor correction -0.835m exceeds 0.250m. Check MAVROS altitude continuity.
[WARN] [1785062006.174396252] [vertical_lidar_mapper]: Dropping vertical scan: floor correction -0.849m exceeds 0.250m. Check MAVROS altitude continuity.
[WARN] [1785062007.174474885] [vertical_lidar_mapper]: Dropping vertical scan: floor correction -0.800m exceeds 0.250m. Check MAVROS altitude continuity.
[WARN] [1785062008.274309625] [vertical_lidar_mapper]: Dropping vertical scan: floor correction -0.845m exceeds 0.250m. Check MAVROS altitude continuity.
[WARN] [1785062009.364467173] [vertical_lidar_mapper]: Dropping vertical scan: floor correction -0.779m exceeds 0.250m. Check MAVROS altitude continuity.
[WARN] [1785062010.364492368] [vertical_lidar_mapper]: Dropping vertical scan: floor correction -0.792m exceeds 0.250m. Check MAVROS altitude continuity.
[WARN] [1785062011.394298140] [vertical_lidar_mapper]: Dropping vertical scan: floor correction -0.692m exceeds 0.250m. Check MAVROS altitude continuity.
[WARN] [1785062012.394305734] [vertical_lidar_mapper]: Dropping vertical scan: floor correction -0.664m exceeds 0.250m. Check MAVROS altitude continuity.
[WARN] [1785062013.485516756] [vertical_lidar_mapper]: Dropping vertical scan: floor correction -0.712m exceeds 0.250m. Check MAVROS altitude continuity.
[WARN] [1785062014.494549004] [vertical_lidar_mapper]: Dropping vertical scan: floor correction -0.732m exceeds 0.250m. Check MAVROS altitude continuity.
[WARN] [1785062015.585162339] [vertical_lidar_mapper]: Dropping vertical scan: floor correction -0.727m exceeds 0.250m. Check MAVROS altitude continuity.
[WARN] [1785062016.684476855] [vertical_lidar_mapper]: Dropping vertical scan: floor correction -0.762m exceeds 0.250m. Check MAVROS altitude continuity.
[WARN] [1785062017.774299536] [vertical_lidar_mapper]: Dropping vertical scan: floor correction -0.902m exceeds 0.250m. Check MAVROS altitude continuity.
[WARN] [1785062018.774334669] [vertical_lidar_mapper]: Dropping vertical scan: floor correction -0.933m exceeds 0.250m. Check MAVROS altitude continuity.
[WARN] [1785062019.774530791] [vertical_lidar_mapper]: Dropping vertical scan: floor correction -0.963m exceeds 0.250m. Check MAVROS altitude continuity.
[WARN] [1785062020.874281981] [vertical_lidar_mapper]: Dropping vertical scan: floor correction -0.946m exceeds 0.250m. Check MAVROS altitude continuity.
[WARN] [1785062021.964396319] [vertical_lidar_mapper]: Dropping vertical scan: floor correction -1.060m exceeds 0.250m. Check MAVROS altitude continuity.
[WARN] [1785062022.965048197] [vertical_lidar_mapper]: Dropping vertical scan: floor correction -1.228m exceeds 0.250m. Check MAVROS altitude continuity.
[WARN] [1785062024.064549388] [vertical_lidar_mapper]: Dropping vertical scan: floor correction -1.451m exceeds 0.250m. Check MAVROS altitude continuity.
[WARN] [1785062025.094288922] [vertical_lidar_mapper]: Dropping vertical scan: floor correction -1.589m exceeds 0.250m. Check MAVROS altitude continuity.
[WARN] [1785062026.154465559] [vertical_lidar_mapper]: Dropping vertical scan: floor correction -1.613m exceeds 0.250m. Check MAVROS altitude continuity.
[WARN] [1785062027.254275311] [vertical_lidar_mapper]: Dropping vertical scan: floor correction -1.600m exceeds 0.250m. Check MAVROS altitude continuity.
[WARN] [1785062028.284399915] [vertical_lidar_mapper]: Dropping vertical scan: floor correction -1.611m exceeds 0.250m. Check MAVROS altitude continuity.
[WARN] [1785062029.374285228] [vertical_lidar_mapper]: Dropping vertical scan: floor correction -1.619m exceeds 0.250m. Check MAVROS altitude continuity.
[WARN] [1785062030.374357767] [vertical_lidar_mapper]: Dropping vertical scan: floor correction -1.604m exceeds 0.250m. Check MAVROS altitude continuity.
[WARN] [1785062031.374615351] [vertical_lidar_mapper]: Dropping vertical scan: floor correction -1.625m exceeds 0.250m. Check MAVROS altitude continuity.
[WARN] [1785062032.465182271] [vertical_lidar_mapper]: Dropping vertical scan: floor correction -1.608m exceeds 0.250m. Check MAVROS altitude continuity.
[WARN] [1785062033.564224646] [vertical_lidar_mapper]: Dropping vertical scan: floor correction -1.584m exceeds 0.250m. Check MAVROS altitude continuity.
[WARN] [1785062034.564355895] [vertical_lidar_mapper]: Dropping vertical scan: floor correction -1.649m exceeds 0.250m. Check MAVROS altitude continuity.
[WARN] [1785062035.664172874] [vertical_lidar_mapper]: Dropping vertical scan: floor correction -1.640m exceeds 0.250m. Check MAVROS altitude continuity.
[WARN] [1785062036.754343878] [vertical_lidar_mapper]: Dropping vertical scan: floor correction -1.623m exceeds 0.250m. Check MAVROS altitude continuity.
[WARN] [1785062037.854296548] [vertical_lidar_mapper]: Dropping vertical scan: floor correction -1.581m exceeds 0.250m. Check MAVROS altitude continuity.
[WARN] [1785062038.944150981] [vertical_lidar_mapper]: Dropping vertical scan: floor correction -1.541m exceeds 0.250m. Check MAVROS altitude continuity.
[WARN] [1785062039.944207666] [vertical_lidar_mapper]: Dropping vertical scan: floor correction -1.595m exceeds 0.250m. Check MAVROS altitude continuity.
[WARN] [1785062040.944268063] [vertical_lidar_mapper]: Dropping vertical scan: floor correction -1.572m exceeds 0.250m. Check MAVROS altitude continuity.
[WARN] [1785062041.944323895] [vertical_lidar_mapper]: Dropping vertical scan: floor correction -1.548m exceeds 0.250m. Check MAVROS altitude continuity.
[WARN] [1785062043.044167177] [vertical_lidar_mapper]: Dropping vertical scan: floor correction -1.603m exceeds 0.250m. Check MAVROS altitude continuity.
[WARN] [1785062044.044281949] [vertical_lidar_mapper]: Dropping vertical scan: floor correction -1.626m exceeds 0.250m. Check MAVROS altitude continuity.
[WARN] [1785062045.064510981] [vertical_lidar_mapper]: Dropping vertical scan: floor correction -1.618m exceeds 0.250m. Check MAVROS altitude continuity.
[WARN] [1785062046.164483537] [vertical_lidar_mapper]: Dropping vertical scan: floor correction -1.572m exceeds 0.250m. Check MAVROS altitude continuity.
[WARN] [1785062047.264168502] [vertical_lidar_mapper]: Dropping vertical scan: floor correction -1.589m exceeds 0.250m. Check MAVROS altitude continuity.
[WARN] [1785062048.354423887] [vertical_lidar_mapper]: Dropping vertical scan: floor correction -1.599m exceeds 0.250m. Check MAVROS altitude continuity.
[WARN] [1785062049.454408417] [vertical_lidar_mapper]: Dropping vertical scan: floor correction -1.593m exceeds 0.250m. Check MAVROS altitude continuity.
[WARN] [1785062050.554323987] [vertical_lidar_mapper]: Dropping vertical scan: floor correction -1.562m exceeds 0.250m. Check MAVROS altitude continuity.
[WARN] [1785062051.644292346] [vertical_lidar_mapper]: Dropping vertical scan: floor correction -1.559m exceeds 0.250m. Check MAVROS altitude continuity.
[WARN] [1785062052.744311870] [vertical_lidar_mapper]: Dropping vertical scan: floor correction -1.389m exceeds 0.250m. Check MAVROS altitude continuity.
[WARN] [1785062053.844205342] [vertical_lidar_mapper]: Dropping vertical scan: floor correction -1.292m exceeds 0.250m. Check MAVROS altitude continuity.
[WARN] [1785062054.944312561] [vertical_lidar_mapper]: Dropping vertical scan: floor correction -0.887m exceeds 0.250m. Check MAVROS altitude continuity.
[WARN] [1785062056.034346438] [vertical_lidar_mapper]: Dropping vertical scan: floor correction -0.488m exceeds 0.250m. Check MAVROS altitude continuity.
[WARN] [1785062057.134463849] [vertical_lidar_mapper]: Dropping vertical scan: floor correction -0.329m exceeds 0.250m. Check MAVROS altitude continuity.
[WARN] [1785062058.026683851] [vertical_lidar_mapper]: 3D scan matching rejected keyframe: insufficient scan or submap geometry (source=82 submap=250 overlap=0.00 rmse=0.000m correction=0.000m/0.00deg).
[WARN] [1785062059.124675323] [vertical_lidar_mapper]: 3D scan matching rejected keyframe: insufficient scan or submap geometry (source=67 submap=393 overlap=0.00 rmse=0.000m correction=0.000m/0.00deg).
[WARN] [1785062060.224659587] [vertical_lidar_mapper]: 3D scan matching rejected keyframe: insufficient scan or submap geometry (source=65 submap=456 overlap=0.00 rmse=0.000m correction=0.000m/0.00deg).
[WARN] [1785062061.255096828] [vertical_lidar_mapper]: 3D scan matching rejected keyframe: insufficient scan or submap geometry (source=61 submap=462 overlap=0.00 rmse=0.000m correction=0.000m/0.00deg).
[WARN] [1785062062.315338568] [vertical_lidar_mapper]: 3D scan matching rejected keyframe: insufficient scan or submap geometry (source=65 submap=482 overlap=0.00 rmse=0.000m correction=0.000m/0.00deg).
[WARN] [1785062063.546333975] [vertical_lidar_mapper]: 3D scan matching rejected keyframe: insufficient scan or submap geometry (source=68 submap=498 overlap=0.00 rmse=0.000m correction=0.000m/0.00deg).
[WARN] [1785062064.744888417] [vertical_lidar_mapper]: 3D scan matching rejected keyframe: insufficient scan or submap geometry (source=69 submap=492 overlap=0.00 rmse=0.000m correction=0.000m/0.00deg).
[WARN] [1785062065.935444138] [vertical_lidar_mapper]: 3D scan matching rejected keyframe: insufficient scan or submap geometry (source=66 submap=499 overlap=0.00 rmse=0.000m correction=0.000m/0.00deg).
[WARN] [1785062067.035500041] [vertical_lidar_mapper]: 3D scan matching rejected keyframe: insufficient scan or submap geometry (source=61 submap=495 overlap=0.00 rmse=0.000m correction=0.000m/0.00deg).
[WARN] [1785062068.235269136] [vertical_lidar_mapper]: 3D scan matching rejected keyframe: insufficient scan or submap geometry (source=64 submap=491 overlap=0.00 rmse=0.000m correction=0.000m/0.00deg).
[WARN] [1785062069.325013520] [vertical_lidar_mapper]: 3D scan matching rejected keyframe: insufficient scan or submap geometry (source=63 submap=491 overlap=0.00 rmse=0.000m correction=0.000m/0.00deg).
[WARN] [1785062070.325079957] [vertical_lidar_mapper]: 3D scan matching rejected keyframe: insufficient scan or submap geometry (source=65 submap=490 overlap=0.00 rmse=0.000m correction=0.000m/0.00deg).
[WARN] [1785062071.325499055] [vertical_lidar_mapper]: 3D scan matching rejected keyframe: insufficient scan or submap geometry (source=67 submap=498 overlap=0.00 rmse=0.000m correction=0.000m/0.00deg).
[WARN] [1785062072.515162810] [vertical_lidar_mapper]: 3D scan matching rejected keyframe: insufficient scan or submap geometry (source=69 submap=493 overlap=0.00 rmse=0.000m correction=0.000m/0.00deg).
[WARN] [1785062073.517643307] [vertical_lidar_mapper]: 3D scan matching rejected keyframe: insufficient scan or submap geometry (source=65 submap=500 overlap=0.00 rmse=0.000m correction=0.000m/0.00deg).
[WARN] [1785062074.614970893] [vertical_lidar_mapper]: 3D scan matching rejected keyframe: insufficient scan or submap geometry (source=61 submap=587 overlap=0.00 rmse=0.000m correction=0.000m/0.00deg).
[WARN] [1785062075.615149327] [vertical_lidar_mapper]: 3D scan matching rejected keyframe: insufficient scan or submap geometry (source=61 submap=623 overlap=0.00 rmse=0.000m correction=0.000m/0.00deg).
[WARN] [1785062076.705681753] [vertical_lidar_mapper]: 3D scan matching rejected keyframe: insufficient scan or submap geometry (source=62 submap=675 overlap=0.00 rmse=0.000m correction=0.000m/0.00deg).
[WARN] [1785062077.905239484] [vertical_lidar_mapper]: 3D scan matching rejected keyframe: insufficient scan or submap geometry (source=66 submap=749 overlap=0.00 rmse=0.000m correction=0.000m/0.00deg).
[WARN] [1785062079.005118555] [vertical_lidar_mapper]: 3D scan matching rejected keyframe: insufficient scan or submap geometry (source=65 submap=755 overlap=0.00 rmse=0.000m correction=0.000m/0.00deg).
[WARN] [1785062080.035133060] [vertical_lidar_mapper]: 3D scan matching rejected keyframe: insufficient scan or submap geometry (source=60 submap=791 overlap=0.00 rmse=0.000m correction=0.000m/0.00deg).
[WARN] [1785062081.225083762] [vertical_lidar_mapper]: 3D scan matching rejected keyframe: insufficient scan or submap geometry (source=65 submap=807 overlap=0.00 rmse=0.000m correction=0.000m/0.00deg).
[WARN] [1785062082.315531573] [vertical_lidar_mapper]: 3D scan matching rejected keyframe: insufficient scan or submap geometry (source=76 submap=825 overlap=0.00 rmse=0.000m correction=0.000m/0.00deg).
[WARN] [1785062083.515258527] [vertical_lidar_mapper]: 3D scan matching rejected keyframe: insufficient scan or submap geometry (source=69 submap=826 overlap=0.00 rmse=0.000m correction=0.000m/0.00deg).
[WARN] [1785062084.705780411] [vertical_lidar_mapper]: 3D scan matching rejected keyframe: insufficient scan or submap geometry (source=65 submap=845 overlap=0.00 rmse=0.000m correction=0.000m/0.00deg).
[WARN] [1785062085.805640114] [vertical_lidar_mapper]: 3D scan matching rejected keyframe: insufficient scan or submap geometry (source=69 submap=870 overlap=0.00 rmse=0.000m correction=0.000m/0.00deg).
[WARN] [1785062086.895687138] [vertical_lidar_mapper]: 3D scan matching rejected keyframe: insufficient scan or submap geometry (source=66 submap=891 overlap=0.00 rmse=0.000m correction=0.000m/0.00deg).
[WARN] [1785062088.095214405] [vertical_lidar_mapper]: 3D scan matching rejected keyframe: insufficient scan or submap geometry (source=62 submap=938 overlap=0.00 rmse=0.000m correction=0.000m/0.00deg).
[WARN] [1785062089.295073693] [vertical_lidar_mapper]: 3D scan matching rejected keyframe: insufficient scan or submap geometry (source=74 submap=1007 overlap=0.00 rmse=0.000m correction=0.000m/0.00deg).
[WARN] [1785062090.385698313] [vertical_lidar_mapper]: 3D scan matching rejected keyframe: insufficient scan or submap geometry (source=68 submap=1076 overlap=0.00 rmse=0.000m correction=0.000m/0.00deg).
[WARN] [1785062091.525602339] [vertical_lidar_mapper]: 3D scan matching rejected keyframe: insufficient scan or submap geometry (source=67 submap=1089 overlap=0.00 rmse=0.000m correction=0.000m/0.00deg).
[WARN] [1785062092.615678604] [vertical_lidar_mapper]: 3D scan matching rejected keyframe: insufficient scan or submap geometry (source=68 submap=1118 overlap=0.00 rmse=0.000m correction=0.000m/0.00deg).
[WARN] [1785062093.685077650] [vertical_lidar_mapper]: 3D scan matching rejected keyframe: insufficient scan or submap geometry (source=62 submap=1253 overlap=0.00 rmse=0.000m correction=0.000m/0.00deg).
[WARN] [1785062094.706762004] [vertical_lidar_mapper]: 3D scan matching rejected keyframe: insufficient scan or submap geometry (source=68 submap=1382 overlap=0.00 rmse=0.000m correction=0.000m/0.00deg).
[WARN] [1785062095.806871617] [vertical_lidar_mapper]: 3D scan matching rejected keyframe: insufficient scan or submap geometry (source=67 submap=1485 overlap=0.00 rmse=0.000m correction=0.000m/0.00deg).
[WARN] [1785062096.905811086] [vertical_lidar_mapper]: 3D scan matching rejected keyframe: insufficient scan or submap geometry (source=58 submap=1541 overlap=0.00 rmse=0.000m correction=0.000m/0.00deg).
[WARN] [1785062098.395679517] [vertical_lidar_mapper]: 3D scan matching rejected keyframe: insufficient scan or submap geometry (source=77 submap=1699 overlap=0.00 rmse=0.000m correction=0.000m/0.00deg).
[WARN] [1785062099.496468390] [vertical_lidar_mapper]: 3D scan matching rejected keyframe: insufficient scan or submap geometry (source=71 submap=1757 overlap=0.00 rmse=0.000m correction=0.000m/0.00deg).
[WARN] [1785062100.996454128] [vertical_lidar_mapper]: 3D scan matching rejected keyframe: insufficient scan or submap geometry (source=76 submap=1832 overlap=0.00 rmse=0.000m correction=0.000m/0.00deg).
[WARN] [1785062102.086119246] [vertical_lidar_mapper]: 3D scan matching rejected keyframe: insufficient scan or submap geometry (source=62 submap=1929 overlap=0.00 rmse=0.000m correction=0.000m/0.00deg).
[WARN] [1785062103.086131103] [vertical_lidar_mapper]: 3D scan matching rejected keyframe: insufficient scan or submap geometry (source=59 submap=1983 overlap=0.00 rmse=0.000m correction=0.000m/0.00deg).
[WARN] [1785062104.585809399] [vertical_lidar_mapper]: 3D scan matching rejected keyframe: insufficient scan or submap geometry (source=79 submap=2084 overlap=0.00 rmse=0.000m correction=0.000m/0.00deg).
[WARN] [1785062109.466410838] [vertical_lidar_mapper]: 3D scan matching rejected keyframe: insufficient scan or submap geometry (source=77 submap=2243 overlap=0.00 rmse=0.000m correction=0.000m/0.00deg).
[WARN] [1785062110.696086280] [vertical_lidar_mapper]: 3D scan matching rejected keyframe: insufficient scan or submap geometry (source=74 submap=2321 overlap=0.00 rmse=0.000m correction=0.000m/0.00deg).
[WARN] [1785062111.796182017] [vertical_lidar_mapper]: 3D scan matching rejected keyframe: insufficient scan or submap geometry (source=70 submap=2462 overlap=0.00 rmse=0.000m correction=0.000m/0.00deg).
[WARN] [1785062112.886824233] [vertical_lidar_mapper]: 3D scan matching rejected keyframe: insufficient scan or submap geometry (source=66 submap=2652 overlap=0.00 rmse=0.000m correction=0.000m/0.00deg).
[WARN] [1785062113.887009057] [vertical_lidar_mapper]: 3D scan matching rejected keyframe: insufficient scan or submap geometry (source=71 submap=2732 overlap=0.00 rmse=0.000m correction=0.000m/0.00deg).
[WARN] [1785062115.086529668] [vertical_lidar_mapper]: 3D scan matching rejected keyframe: insufficient scan or submap geometry (source=68 submap=2785 overlap=0.00 rmse=0.000m correction=0.000m/0.00deg).
[WARN] [1785062116.286231062] [vertical_lidar_mapper]: 3D scan matching rejected keyframe: insufficient scan or submap geometry (source=70 submap=2787 overlap=0.00 rmse=0.000m correction=0.000m/0.00deg).
[WARN] [1785062117.376696875] [vertical_lidar_mapper]: 3D scan matching rejected keyframe: insufficient scan or submap geometry (source=66 submap=3047 overlap=0.00 rmse=0.000m correction=0.000m/0.00deg).
[WARN] [1785062118.376799640] [vertical_lidar_mapper]: 3D scan matching rejected keyframe: insufficient scan or submap geometry (source=66 submap=3238 overlap=0.00 rmse=0.000m correction=0.000m/0.00deg).
[WARN] [1785062119.576188784] [vertical_lidar_mapper]: 3D scan matching rejected keyframe: insufficient scan or submap geometry (source=69 submap=3406 overlap=0.00 rmse=0.000m correction=0.000m/0.00deg).
[WARN] [1785062120.576661986] [vertical_lidar_mapper]: 3D scan matching rejected keyframe: insufficient scan or submap geometry (source=70 submap=3540 overlap=0.00 rmse=0.000m correction=0.000m/0.00deg).
[WARN] [1785062121.667448146] [vertical_lidar_mapper]: 3D scan matching rejected keyframe: insufficient scan or submap geometry (source=67 submap=3726 overlap=0.00 rmse=0.000m correction=0.000m/0.00deg).
[WARN] [1785062122.766790959] [vertical_lidar_mapper]: 3D scan matching rejected keyframe: insufficient scan or submap geometry (source=66 submap=3842 overlap=0.00 rmse=0.000m correction=0.000m/0.00deg).
[WARN] [1785062123.956662575] [vertical_lidar_mapper]: 3D scan matching rejected keyframe: insufficient scan or submap geometry (source=62 submap=3974 overlap=0.00 rmse=0.000m correction=0.000m/0.00deg).
[WARN] [1785062124.958366838] [vertical_lidar_mapper]: 3D scan matching rejected keyframe: insufficient scan or submap geometry (source=70 submap=4080 overlap=0.00 rmse=0.000m correction=0.000m/0.00deg).
[WARN] [1785062126.156843999] [vertical_lidar_mapper]: 3D scan matching rejected keyframe: insufficient scan or submap geometry (source=68 submap=4288 overlap=0.00 rmse=0.000m correction=0.000m/0.00deg).
[WARN] [1785062127.187453789] [vertical_lidar_mapper]: 3D scan matching rejected keyframe: insufficient scan or submap geometry (source=69 submap=4447 overlap=0.00 rmse=0.000m correction=0.000m/0.00deg).
[WARN] [1785062128.287101402] [vertical_lidar_mapper]: 3D scan matching rejected keyframe: insufficient scan or submap geometry (source=62 submap=4641 overlap=0.00 rmse=0.000m correction=0.000m/0.00deg).
[WARN] [1785062129.477105235] [vertical_lidar_mapper]: 3D scan matching rejected keyframe: insufficient scan or submap geometry (source=64 submap=4803 overlap=0.00 rmse=0.000m correction=0.000m/0.00deg).
[WARN] [1785062130.679383466] [vertical_lidar_mapper]: 3D scan matching rejected keyframe: insufficient scan or submap geometry (source=68 submap=4978 overlap=0.00 rmse=0.000m correction=0.000m/0.00deg).
[WARN] [1785062131.767641042] [vertical_lidar_mapper]: 3D scan matching rejected keyframe: insufficient scan or submap geometry (source=63 submap=5084 overlap=0.00 rmse=0.000m correction=0.000m/0.00deg).
[WARN] [1785062132.868392781] [vertical_lidar_mapper]: 3D scan matching rejected keyframe: insufficient scan or submap geometry (source=57 submap=5133 overlap=0.00 rmse=0.000m correction=0.000m/0.00deg).
[WARN] [1785062133.967583565] [vertical_lidar_mapper]: 3D scan matching rejected keyframe: insufficient scan or submap geometry (source=57 submap=5145 overlap=0.00 rmse=0.000m correction=0.000m/0.00deg).
[WARN] [1785062134.967858214] [vertical_lidar_mapper]: 3D scan matching rejected keyframe: insufficient scan or submap geometry (source=66 submap=5284 overlap=0.00 rmse=0.000m correction=0.000m/0.00deg).
[WARN] [1785062136.057827850] [vertical_lidar_mapper]: 3D scan matching rejected keyframe: insufficient scan or submap geometry (source=66 submap=5361 overlap=0.00 rmse=0.000m correction=0.000m/0.00deg).
[WARN] [1785062137.162949970] [vertical_lidar_mapper]: 3D scan matching rejected keyframe: insufficient scan or submap geometry (source=54 submap=5555 overlap=0.00 rmse=0.000m correction=0.000m/0.00deg).
[WARN] [1785062138.248049285] [vertical_lidar_mapper]: 3D scan matching rejected keyframe: insufficient scan or submap geometry (source=60 submap=5652 overlap=0.00 rmse=0.000m correction=0.000m/0.00deg).
[WARN] [1785062139.249343797] [vertical_lidar_mapper]: 3D scan matching rejected keyframe: insufficient scan or submap geometry (source=67 submap=5689 overlap=0.00 rmse=0.000m correction=0.000m/0.00deg).
[WARN] [1785062140.347510606] [vertical_lidar_mapper]: 3D scan matching rejected keyframe: insufficient scan or submap geometry (source=63 submap=5736 overlap=0.00 rmse=0.000m correction=0.000m/0.00deg).
[WARN] [1785062141.447614491] [vertical_lidar_mapper]: 3D scan matching rejected keyframe: insufficient scan or submap geometry (source=55 submap=5775 overlap=0.00 rmse=0.000m correction=0.000m/0.00deg).
[WARN] [1785062142.448044457] [vertical_lidar_mapper]: 3D scan matching rejected keyframe: insufficient scan or submap geometry (source=55 submap=5801 overlap=0.00 rmse=0.000m correction=0.000m/0.00deg).
[WARN] [1785062143.570332008] [vertical_lidar_mapper]: 3D scan matching rejected keyframe: insufficient scan or submap geometry (source=46 submap=5792 overlap=0.00 rmse=0.000m correction=0.000m/0.00deg).
[WARN] [1785062144.638084493] [vertical_lidar_mapper]: 3D scan matching rejected keyframe: insufficient scan or submap geometry (source=49 submap=5869 overlap=0.00 rmse=0.000m correction=0.000m/0.00deg).
[WARN] [1785062145.767452480] [vertical_lidar_mapper]: 3D scan matching rejected keyframe: insufficient scan or submap geometry (source=54 submap=5882 overlap=0.00 rmse=0.000m correction=0.000m/0.00deg).
[WARN] [1785062146.858849134] [vertical_lidar_mapper]: 3D scan matching rejected keyframe: insufficient scan or submap geometry (source=53 submap=5950 overlap=0.00 rmse=0.000m correction=0.000m/0.00deg).
[WARN] [1785062148.057679431] [vertical_lidar_mapper]: 3D scan matching rejected keyframe: insufficient scan or submap geometry (source=54 submap=5989 overlap=0.00 rmse=0.000m correction=0.000m/0.00deg).
[WARN] [1785062149.058361736] [vertical_lidar_mapper]: 3D scan matching rejected keyframe: insufficient scan or submap geometry (source=54 submap=5992 overlap=0.00 rmse=0.000m correction=0.000m/0.00deg).
[WARN] [1785062150.158218178] [vertical_lidar_mapper]: 3D scan matching rejected keyframe: insufficient scan or submap geometry (source=51 submap=5991 overlap=0.00 rmse=0.000m correction=0.000m/0.00deg).
[WARN] [1785062151.247875200] [vertical_lidar_mapper]: 3D scan matching rejected keyframe: insufficient scan or submap geometry (source=56 submap=5995 overlap=0.00 rmse=0.000m correction=0.000m/0.00deg).
[WARN] [1785062152.248320907] [vertical_lidar_mapper]: 3D scan matching rejected keyframe: insufficient scan or submap geometry (source=56 submap=5996 overlap=0.00 rmse=0.000m correction=0.000m/0.00deg).
[WARN] [1785062153.347514338] [vertical_lidar_mapper]: 3D scan matching rejected keyframe: insufficient scan or submap geometry (source=55 submap=5996 overlap=0.00 rmse=0.000m correction=0.000m/0.00deg).
[WARN] [1785062154.437359556] [vertical_lidar_mapper]: 3D scan matching rejected keyframe: insufficient scan or submap geometry (source=57 submap=5996 overlap=0.00 rmse=0.000m correction=0.000m/0.00deg).
[WARN] [1785062155.538084466] [vertical_lidar_mapper]: 3D scan matching rejected keyframe: insufficient scan or submap geometry (source=54 submap=5997 overlap=0.00 rmse=0.000m correction=0.000m/0.00deg).
[WARN] [1785062156.637424776] [vertical_lidar_mapper]: 3D scan matching rejected keyframe: insufficient scan or submap geometry (source=51 submap=5996 overlap=0.00 rmse=0.000m correction=0.000m/0.00deg).
[WARN] [1785062157.728296580] [vertical_lidar_mapper]: 3D scan matching rejected keyframe: insufficient scan or submap geometry (source=56 submap=5996 overlap=0.00 rmse=0.000m correction=0.000m/0.00deg).
[WARN] [1785062158.858546018] [vertical_lidar_mapper]: 3D scan matching rejected keyframe: insufficient scan or submap geometry (source=58 submap=5996 overlap=0.00 rmse=0.000m correction=0.000m/0.00deg).
[WARN] [1785062160.057991515] [vertical_lidar_mapper]: 3D scan matching rejected keyframe: insufficient scan or submap geometry (source=53 submap=5996 overlap=0.00 rmse=0.000m correction=0.000m/0.00deg).
[WARN] [1785062161.117858340] [vertical_lidar_mapper]: 3D scan matching rejected keyframe: insufficient scan or submap geometry (source=54 submap=5996 overlap=0.00 rmse=0.000m correction=0.000m/0.00deg).
[WARN] [1785062162.147680831] [vertical_lidar_mapper]: 3D scan matching rejected keyframe: insufficient scan or submap geometry (source=56 submap=5997 overlap=0.00 rmse=0.000m correction=0.000m/0.00deg).
[WARN] [1785062163.218113105] [vertical_lidar_mapper]: 3D scan matching rejected keyframe: insufficient scan or submap geometry (source=53 submap=5997 overlap=0.00 rmse=0.000m correction=0.000m/0.00deg).
[WARN] [1785062164.247447075] [vertical_lidar_mapper]: 3D scan matching rejected keyframe: insufficient scan or submap geometry (source=54 submap=5998 overlap=0.00 rmse=0.000m correction=0.000m/0.00deg).
[WARN] [1785062165.447817643] [vertical_lidar_mapper]: 3D scan matching rejected keyframe: insufficient scan or submap geometry (source=56 submap=5998 overlap=0.00 rmse=0.000m correction=0.000m/0.00deg).
[WARN] [1785062166.537513625] [vertical_lidar_mapper]: 3D scan matching rejected keyframe: insufficient scan or submap geometry (source=55 submap=5999 overlap=0.00 rmse=0.000m correction=0.000m/0.00deg).
[WARN] [1785062167.637731166] [vertical_lidar_mapper]: 3D scan matching rejected keyframe: insufficient scan or submap geometry (source=55 submap=5999 overlap=0.00 rmse=0.000m correction=0.000m/0.00deg).
[WARN] [1785062168.827376788] [vertical_lidar_mapper]: 3D scan matching rejected keyframe: insufficient scan or submap geometry (source=53 submap=5999 overlap=0.00 rmse=0.000m correction=0.000m/0.00deg).
[WARN] [1785062169.929586976] [vertical_lidar_mapper]: 3D scan matching rejected keyframe: insufficient scan or submap geometry (source=55 submap=5999 overlap=0.00 rmse=0.000m correction=0.000m/0.00deg).
[WARN] [1785062171.131658115] [vertical_lidar_mapper]: 3D scan matching rejected keyframe: insufficient scan or submap geometry (source=54 submap=5999 overlap=0.00 rmse=0.000m correction=0.000m/0.00deg).
[WARN] [1785062172.229603397] [vertical_lidar_mapper]: 3D scan matching rejected keyframe: insufficient scan or submap geometry (source=55 submap=5999 overlap=0.00 rmse=0.000m correction=0.000m/0.00deg).
[WARN] [1785062173.318314712] [vertical_lidar_mapper]: 3D scan matching rejected keyframe: insufficient scan or submap geometry (source=50 submap=5999 overlap=0.00 rmse=0.000m correction=0.000m/0.00deg).
[WARN] [1785062174.517808553] [vertical_lidar_mapper]: 3D scan matching rejected keyframe: insufficient scan or submap geometry (source=56 submap=6000 overlap=0.00 rmse=0.000m correction=0.000m/0.00deg).
[WARN] [1785062175.708915575] [vertical_lidar_mapper]: 3D scan matching rejected keyframe: insufficient scan or submap geometry (source=53 submap=6000 overlap=0.00 rmse=0.000m correction=0.000m/0.00deg).
[WARN] [1785062176.808211294] [vertical_lidar_mapper]: 3D scan matching rejected keyframe: insufficient scan or submap geometry (source=51 submap=6000 overlap=0.00 rmse=0.000m correction=0.000m/0.00deg).
[WARN] [1785062177.907829142] [vertical_lidar_mapper]: 3D scan matching rejected keyframe: insufficient scan or submap geometry (source=51 submap=5999 overlap=0.00 rmse=0.000m correction=0.000m/0.00deg).
[WARN] [1785062179.038262074] [vertical_lidar_mapper]: 3D scan matching rejected keyframe: insufficient scan or submap geometry (source=54 submap=5999 overlap=0.00 rmse=0.000m correction=0.000m/0.00deg).
[WARN] [1785062180.127717617] [vertical_lidar_mapper]: 3D scan matching rejected keyframe: insufficient scan or submap geometry (source=56 submap=6000 overlap=0.00 rmse=0.000m correction=0.000m/0.00deg).
[WARN] [1785062181.227916052] [vertical_lidar_mapper]: 3D scan matching rejected keyframe: insufficient scan or submap geometry (source=57 submap=5999 overlap=0.00 rmse=0.000m correction=0.000m/0.00deg).
[WARN] [1785062182.232251097] [vertical_lidar_mapper]: 3D scan matching rejected keyframe: insufficient scan or submap geometry (source=52 submap=6000 overlap=0.00 rmse=0.000m correction=0.000m/0.00deg).
[WARN] [1785062183.317783389] [vertical_lidar_mapper]: 3D scan matching rejected keyframe: insufficient scan or submap geometry (source=53 submap=6004 overlap=0.00 rmse=0.000m correction=0.000m/0.00deg).
[WARN] [1785062184.517764570] [vertical_lidar_mapper]: 3D scan matching rejected keyframe: insufficient scan or submap geometry (source=58 submap=6010 overlap=0.00 rmse=0.000m correction=0.000m/0.00deg).
[WARN] [1785062185.617751112] [vertical_lidar_mapper]: 3D scan matching rejected keyframe: insufficient scan or submap geometry (source=59 submap=6014 overlap=0.00 rmse=0.000m correction=0.000m/0.00deg).
[WARN] [1785062186.709647451] [vertical_lidar_mapper]: 3D scan matching rejected keyframe: insufficient scan or submap geometry (source=58 submap=6017 overlap=0.00 rmse=0.000m correction=0.000m/0.00deg).
[WARN] [1785062187.908366490] [vertical_lidar_mapper]: 3D scan matching rejected keyframe: insufficient scan or submap geometry (source=58 submap=6017 overlap=0.00 rmse=0.000m correction=0.000m/0.00deg).
[WARN] [1785062188.908417380] [vertical_lidar_mapper]: 3D scan matching rejected keyframe: insufficient scan or submap geometry (source=59 submap=6016 overlap=0.00 rmse=0.000m correction=0.000m/0.00deg).
[WARN] [1785062189.998214991] [vertical_lidar_mapper]: 3D scan matching rejected keyframe: insufficient scan or submap geometry (source=58 submap=6018 overlap=0.00 rmse=0.000m correction=0.000m/0.00deg).
[WARN] [1785062191.097637841] [vertical_lidar_mapper]: 3D scan matching rejected keyframe: insufficient scan or submap geometry (source=56 submap=6018 overlap=0.00 rmse=0.000m correction=0.000m/0.00deg).
[WARN] [1785062192.097722458] [vertical_lidar_mapper]: 3D scan matching rejected keyframe: insufficient scan or submap geometry (source=57 submap=6017 overlap=0.00 rmse=0.000m correction=0.000m/0.00deg).
[WARN] [1785062193.128996287] [vertical_lidar_mapper]: 3D scan matching rejected keyframe: insufficient scan or submap geometry (source=56 submap=6017 overlap=0.00 rmse=0.000m correction=0.000m/0.00deg).
[WARN] [1785062194.288535885] [vertical_lidar_mapper]: 3D scan matching rejected keyframe: insufficient scan or submap geometry (source=56 submap=6019 overlap=0.00 rmse=0.000m correction=0.000m/0.00deg).
[WARN] [1785062195.320429791] [vertical_lidar_mapper]: 3D scan matching rejected keyframe: insufficient scan or submap geometry (source=59 submap=6019 overlap=0.00 rmse=0.000m correction=0.000m/0.00deg).
[WARN] [1785062196.426675063] [vertical_lidar_mapper]: 3D scan matching rejected keyframe: insufficient scan or submap geometry (source=56 submap=6018 overlap=0.00 rmse=0.000m correction=0.000m/0.00deg).
[WARN] [1785062197.517634547] [vertical_lidar_mapper]: 3D scan matching rejected keyframe: insufficient scan or submap geometry (source=60 submap=6019 overlap=0.00 rmse=0.000m correction=0.000m/0.00deg).
[WARN] [1785062198.608699512] [vertical_lidar_mapper]: 3D scan matching rejected keyframe: insufficient scan or submap geometry (source=59 submap=6018 overlap=0.00 rmse=0.000m correction=0.000m/0.00deg).
[WARN] [1785062199.710185108] [vertical_lidar_mapper]: 3D scan matching rejected keyframe: insufficient scan or submap geometry (source=59 submap=6017 overlap=0.00 rmse=0.000m correction=0.000m/0.00deg).
[WARN] [1785062200.808211735] [vertical_lidar_mapper]: 3D scan matching rejected keyframe: insufficient scan or submap geometry (source=55 submap=6019 overlap=0.00 rmse=0.000m correction=0.000m/0.00deg).
[WARN] [1785062201.908270126] [vertical_lidar_mapper]: 3D scan matching rejected keyframe: insufficient scan or submap geometry (source=56 submap=6018 overlap=0.00 rmse=0.000m correction=0.000m/0.00deg).
[WARN] [1785062202.997658182] [vertical_lidar_mapper]: 3D scan matching rejected keyframe: insufficient scan or submap geometry (source=60 submap=6018 overlap=0.00 rmse=0.000m correction=0.000m/0.00deg).
[WARN] [1785062203.997753504] [vertical_lidar_mapper]: 3D scan matching rejected keyframe: insufficient scan or submap geometry (source=57 submap=6016 overlap=0.00 rmse=0.000m correction=0.000m/0.00deg).
[WARN] [1785062205.088238619] [vertical_lidar_mapper]: 3D scan matching rejected keyframe: insufficient scan or submap geometry (source=58 submap=6017 overlap=0.00 rmse=0.000m correction=0.000m/0.00deg).
[WARN] [1785062206.187760751] [vertical_lidar_mapper]: 3D scan matching rejected keyframe: insufficient scan or submap geometry (source=58 submap=6017 overlap=0.00 rmse=0.000m correction=0.000m/0.00deg).
[WARN] [1785062207.188204896] [vertical_lidar_mapper]: 3D scan matching rejected keyframe: insufficient scan or submap geometry (source=61 submap=6018 overlap=0.00 rmse=0.000m correction=0.000m/0.00deg).
[WARN] [1785062208.288061976] [vertical_lidar_mapper]: 3D scan matching rejected keyframe: insufficient scan or submap geometry (source=59 submap=6017 overlap=0.00 rmse=0.000m correction=0.000m/0.00deg).
[WARN] [1785062209.377939502] [vertical_lidar_mapper]: 3D scan matching rejected keyframe: insufficient scan or submap geometry (source=60 submap=6017 overlap=0.00 rmse=0.000m correction=0.000m/0.00deg).
[WARN] [1785062210.379305120] [vertical_lidar_mapper]: 3D scan matching rejected keyframe: insufficient scan or submap geometry (source=58 submap=6017 overlap=0.00 rmse=0.000m correction=0.000m/0.00deg).
[WARN] [1785062211.408229399] [vertical_lidar_mapper]: 3D scan matching rejected keyframe: insufficient scan or submap geometry (source=58 submap=6015 overlap=0.00 rmse=0.000m correction=0.000m/0.00deg).
[WARN] [1785062212.577919824] [vertical_lidar_mapper]: 3D scan matching rejected keyframe: insufficient scan or submap geometry (source=60 submap=6016 overlap=0.00 rmse=0.000m correction=0.000m/0.00deg).
[WARN] [1785062213.698148517] [vertical_lidar_mapper]: 3D scan matching rejected keyframe: insufficient scan or submap geometry (source=58 submap=6017 overlap=0.00 rmse=0.000m correction=0.000m/0.00deg).
[WARN] [1785062214.897658712] [vertical_lidar_mapper]: 3D scan matching rejected keyframe: insufficient scan or submap geometry (source=59 submap=6016 overlap=0.00 rmse=0.000m correction=0.000m/0.00deg).
[WARN] [1785062215.898189563] [vertical_lidar_mapper]: 3D scan matching rejected keyframe: insufficient scan or submap geometry (source=59 submap=6015 overlap=0.00 rmse=0.000m correction=0.000m/0.00deg).
[WARN] [1785062217.087545424] [vertical_lidar_mapper]: 3D scan matching rejected keyframe: insufficient scan or submap geometry (source=60 submap=6018 overlap=0.00 rmse=0.000m correction=0.000m/0.00deg).
[WARN] [1785062218.187869661] [vertical_lidar_mapper]: 3D scan matching rejected keyframe: insufficient scan or submap geometry (source=58 submap=6017 overlap=0.00 rmse=0.000m correction=0.000m/0.00deg).
[WARN] [1785062219.288270603] [vertical_lidar_mapper]: 3D scan matching rejected keyframe: insufficient scan or submap geometry (source=61 submap=6016 overlap=0.00 rmse=0.000m correction=0.000m/0.00deg).
[WARN] [1785062220.378773142] [vertical_lidar_mapper]: 3D scan matching rejected keyframe: insufficient scan or submap geometry (source=58 submap=6017 overlap=0.00 rmse=0.000m correction=0.000m/0.00deg).
[WARN] [1785062221.478237919] [vertical_lidar_mapper]: 3D scan matching rejected keyframe: insufficient scan or submap geometry (source=57 submap=6020 overlap=0.00 rmse=0.000m correction=0.000m/0.00deg).
[WARN] [1785062222.479108695] [vertical_lidar_mapper]: 3D scan matching rejected keyframe: insufficient scan or submap geometry (source=56 submap=6020 overlap=0.00 rmse=0.000m correction=0.000m/0.00deg).
[WARN] [1785062223.668858446] [vertical_lidar_mapper]: 3D scan matching rejected keyframe: insufficient scan or submap geometry (source=56 submap=6020 overlap=0.00 rmse=0.000m correction=0.000m/0.00deg).
[WARN] [1785062224.767800153] [vertical_lidar_mapper]: 3D scan matching rejected keyframe: insufficient scan or submap geometry (source=55 submap=6021 overlap=0.00 rmse=0.000m correction=0.000m/0.00deg).
[WARN] [1785062225.797348556] [vertical_lidar_mapper]: 3D scan matching rejected keyframe: insufficient scan or submap geometry (source=55 submap=6019 overlap=0.00 rmse=0.000m correction=0.000m/0.00deg).
[WARN] [1785062226.958296266] [vertical_lidar_mapper]: 3D scan matching rejected keyframe: insufficient scan or submap geometry (source=57 submap=6021 overlap=0.00 rmse=0.000m correction=0.000m/0.00deg).
[WARN] [1785062228.058269165] [vertical_lidar_mapper]: 3D scan matching rejected keyframe: insufficient scan or submap geometry (source=54 submap=6019 overlap=0.00 rmse=0.000m correction=0.000m/0.00deg).
[WARN] [1785062229.087842613] [vertical_lidar_mapper]: 3D scan matching rejected keyframe: insufficient scan or submap geometry (source=56 submap=6020 overlap=0.00 rmse=0.000m correction=0.000m/0.00deg).
[WARN] [1785062230.188676426] [vertical_lidar_mapper]: 3D scan matching rejected keyframe: insufficient scan or submap geometry (source=57 submap=6020 overlap=0.00 rmse=0.000m correction=0.000m/0.00deg).
[WARN] [1785062231.387698767] [vertical_lidar_mapper]: 3D scan matching rejected keyframe: insufficient scan or submap geometry (source=56 submap=6020 overlap=0.00 rmse=0.000m correction=0.000m/0.00deg).
[WARN] [1785062232.578656226] [vertical_lidar_mapper]: 3D scan matching rejected keyframe: insufficient scan or submap geometry (source=58 submap=6021 overlap=0.00 rmse=0.000m correction=0.000m/0.00deg).
[WARN] [1785062233.678531041] [vertical_lidar_mapper]: 3D scan matching rejected keyframe: insufficient scan or submap geometry (source=57 submap=6020 overlap=0.00 rmse=0.000m correction=0.000m/0.00deg).
[WARN] [1785062234.678599852] [vertical_lidar_mapper]: 3D scan matching rejected keyframe: insufficient scan or submap geometry (source=55 submap=6022 overlap=0.00 rmse=0.000m correction=0.000m/0.00deg).
[WARN] [1785062235.868204184] [vertical_lidar_mapper]: 3D scan matching rejected keyframe: insufficient scan or submap geometry (source=58 submap=6020 overlap=0.00 rmse=0.000m correction=0.000m/0.00deg).
[WARN] [1785062236.967858191] [vertical_lidar_mapper]: 3D scan matching rejected keyframe: insufficient scan or submap geometry (source=58 submap=6021 overlap=0.00 rmse=0.000m correction=0.000m/0.00deg).
[WARN] [1785062238.066699940] [vertical_lidar_mapper]: 3D scan matching rejected keyframe: insufficient scan or submap geometry (source=58 submap=6022 overlap=0.00 rmse=0.000m correction=0.000m/0.00deg).
[WARN] [1785062239.158068219] [vertical_lidar_mapper]: 3D scan matching rejected keyframe: insufficient scan or submap geometry (source=58 submap=6022 overlap=0.00 rmse=0.000m correction=0.000m/0.00deg).
[WARN] [1785062240.357793529] [vertical_lidar_mapper]: 3D scan matching rejected keyframe: insufficient scan or submap geometry (source=55 submap=6021 overlap=0.00 rmse=0.000m correction=0.000m/0.00deg).
[WARN] [1785062241.358608475] [vertical_lidar_mapper]: 3D scan matching rejected keyframe: insufficient scan or submap geometry (source=53 submap=6022 overlap=0.00 rmse=0.000m correction=0.000m/0.00deg).
[WARN] [1785062242.547722533] [vertical_lidar_mapper]: 3D scan matching rejected keyframe: insufficient scan or submap geometry (source=54 submap=6022 overlap=0.00 rmse=0.000m correction=0.000m/0.00deg).
[WARN] [1785062243.648091519] [vertical_lidar_mapper]: 3D scan matching rejected keyframe: insufficient scan or submap geometry (source=56 submap=6021 overlap=0.00 rmse=0.000m correction=0.000m/0.00deg).
[WARN] [1785062244.777411414] [vertical_lidar_mapper]: 3D scan matching rejected keyframe: insufficient scan or submap geometry (source=56 submap=6021 overlap=0.00 rmse=0.000m correction=0.000m/0.00deg).
[WARN] [1785062245.777982266] [vertical_lidar_mapper]: 3D scan matching rejected keyframe: insufficient scan or submap geometry (source=56 submap=6021 overlap=0.00 rmse=0.000m correction=0.000m/0.00deg).
[WARN] [1785062246.878804096] [vertical_lidar_mapper]: 3D scan matching rejected keyframe: insufficient scan or submap geometry (source=56 submap=6021 overlap=0.00 rmse=0.000m correction=0.000m/0.00deg).
[WARN] [1785062248.067527329] [vertical_lidar_mapper]: 3D scan matching rejected keyframe: insufficient scan or submap geometry (source=54 submap=6022 overlap=0.00 rmse=0.000m correction=0.000m/0.00deg).
[WARN] [1785062249.068203546] [vertical_lidar_mapper]: 3D scan matching rejected keyframe: insufficient scan or submap geometry (source=53 submap=6022 overlap=0.00 rmse=0.000m correction=0.000m/0.00deg).
[WARN] [1785062250.157598705] [vertical_lidar_mapper]: 3D scan matching rejected keyframe: insufficient scan or submap geometry (source=55 submap=6021 overlap=0.00 rmse=0.000m correction=0.000m/0.00deg).
[WARN] [1785062251.158006340] [vertical_lidar_mapper]: 3D scan matching rejected keyframe: insufficient scan or submap geometry (source=53 submap=6020 overlap=0.00 rmse=0.000m correction=0.000m/0.00deg).
[WARN] [1785062252.158329425] [vertical_lidar_mapper]: 3D scan matching rejected keyframe: insufficient scan or submap geometry (source=53 submap=6020 overlap=0.00 rmse=0.000m correction=0.000m/0.00deg).
[WARN] [1785062253.258184202] [vertical_lidar_mapper]: 3D scan matching rejected keyframe: insufficient scan or submap geometry (source=55 submap=6020 overlap=0.00 rmse=0.000m correction=0.000m/0.00deg).
[WARN] [1785062254.348022286] [vertical_lidar_mapper]: 3D scan matching rejected keyframe: insufficient scan or submap geometry (source=51 submap=6020 overlap=0.00 rmse=0.000m correction=0.000m/0.00deg).
[WARN] [1785062255.547821179] [vertical_lidar_mapper]: 3D scan matching rejected keyframe: insufficient scan or submap geometry (source=53 submap=6020 overlap=0.00 rmse=0.000m correction=0.000m/0.00deg).
[WARN] [1785062256.547898395] [vertical_lidar_mapper]: 3D scan matching rejected keyframe: insufficient scan or submap geometry (source=51 submap=6021 overlap=0.00 rmse=0.000m correction=0.000m/0.00deg).
[WARN] [1785062257.638176250] [vertical_lidar_mapper]: 3D scan matching rejected keyframe: insufficient scan or submap geometry (source=52 submap=6021 overlap=0.00 rmse=0.000m correction=0.000m/0.00deg).
[WARN] [1785062258.738198157] [vertical_lidar_mapper]: 3D scan matching rejected keyframe: insufficient scan or submap geometry (source=53 submap=6021 overlap=0.00 rmse=0.000m correction=0.000m/0.00deg).
[WARN] [1785062259.937219819] [vertical_lidar_mapper]: 3D scan matching rejected keyframe: insufficient scan or submap geometry (source=56 submap=6021 overlap=0.00 rmse=0.000m correction=0.000m/0.00deg).
[WARN] [1785062261.028188556] [vertical_lidar_mapper]: 3D scan matching rejected keyframe: insufficient scan or submap geometry (source=52 submap=6020 overlap=0.00 rmse=0.000m correction=0.000m/0.00deg).
[WARN] [1785062262.057961994] [vertical_lidar_mapper]: 3D scan matching rejected keyframe: insufficient scan or submap geometry (source=54 submap=6021 overlap=0.00 rmse=0.000m correction=0.000m/0.00deg).
[WARN] [1785062263.158150323] [vertical_lidar_mapper]: 3D scan matching rejected keyframe: insufficient scan or submap geometry (source=52 submap=6021 overlap=0.00 rmse=0.000m correction=0.000m/0.00deg).
[WARN] [1785062264.357661384] [vertical_lidar_mapper]: 3D scan matching rejected keyframe: insufficient scan or submap geometry (source=53 submap=6021 overlap=0.00 rmse=0.000m correction=0.000m/0.00deg).
[WARN] [1785062265.448289155] [vertical_lidar_mapper]: 3D scan matching rejected keyframe: insufficient scan or submap geometry (source=51 submap=6022 overlap=0.00 rmse=0.000m correction=0.000m/0.00deg).
[WARN] [1785062266.547902366] [vertical_lidar_mapper]: 3D scan matching rejected keyframe: insufficient scan or submap geometry (source=54 submap=6023 overlap=0.00 rmse=0.000m correction=0.000m/0.00deg).
[WARN] [1785062267.647774173] [vertical_lidar_mapper]: 3D scan matching rejected keyframe: insufficient scan or submap geometry (source=52 submap=6024 overlap=0.00 rmse=0.000m correction=0.000m/0.00deg).
[WARN] [1785062268.838289867] [vertical_lidar_mapper]: 3D scan matching rejected keyframe: insufficient scan or submap geometry (source=53 submap=6023 overlap=0.00 rmse=0.000m correction=0.000m/0.00deg).
[WARN] [1785062270.037478903] [vertical_lidar_mapper]: 3D scan matching rejected keyframe: insufficient scan or submap geometry (source=51 submap=6023 overlap=0.00 rmse=0.000m correction=0.000m/0.00deg).
[WARN] [1785062271.237517089] [vertical_lidar_mapper]: 3D scan matching rejected keyframe: insufficient scan or submap geometry (source=53 submap=6024 overlap=0.00 rmse=0.000m correction=0.000m/0.00deg).
[WARN] [1785062272.237585747] [vertical_lidar_mapper]: 3D scan matching rejected keyframe: insufficient scan or submap geometry (source=52 submap=6024 overlap=0.00 rmse=0.000m correction=0.000m/0.00deg).
[WARN] [1785062273.328521789] [vertical_lidar_mapper]: 3D scan matching rejected keyframe: insufficient scan or submap geometry (source=50 submap=6023 overlap=0.00 rmse=0.000m correction=0.000m/0.00deg).
[WARN] [1785062274.427147064] [vertical_lidar_mapper]: 3D scan matching rejected keyframe: insufficient scan or submap geometry (source=52 submap=6023 overlap=0.00 rmse=0.000m correction=0.000m/0.00deg).
[WARN] [1785062275.528733735] [vertical_lidar_mapper]: 3D scan matching rejected keyframe: insufficient scan or submap geometry (source=53 submap=6023 overlap=0.00 rmse=0.000m correction=0.000m/0.00deg).
[WARN] [1785062276.617384456] [vertical_lidar_mapper]: 3D scan matching rejected keyframe: insufficient scan or submap geometry (source=56 submap=6023 overlap=0.00 rmse=0.000m correction=0.000m/0.00deg).
[WARN] [1785062277.647921023] [vertical_lidar_mapper]: 3D scan matching rejected keyframe: insufficient scan or submap geometry (source=50 submap=6023 overlap=0.00 rmse=0.000m correction=0.000m/0.00deg).
[WARN] [1785062278.808302536] [vertical_lidar_mapper]: 3D scan matching rejected keyframe: insufficient scan or submap geometry (source=49 submap=6023 overlap=0.00 rmse=0.000m correction=0.000m/0.00deg).
[WARN] [1785062279.937661138] [vertical_lidar_mapper]: 3D scan matching rejected keyframe: insufficient scan or submap geometry (source=52 submap=6023 overlap=0.00 rmse=0.000m correction=0.000m/0.00deg).
[WARN] [1785062280.937686513] [vertical_lidar_mapper]: 3D scan matching rejected keyframe: insufficient scan or submap geometry (source=53 submap=6023 overlap=0.00 rmse=0.000m correction=0.000m/0.00deg).
[WARN] [1785062281.938280487] [vertical_lidar_mapper]: 3D scan matching rejected keyframe: insufficient scan or submap geometry (source=52 submap=6023 overlap=0.00 rmse=0.000m correction=0.000m/0.00deg).
[WARN] [1785062283.038417935] [vertical_lidar_mapper]: 3D scan matching rejected keyframe: insufficient scan or submap geometry (source=52 submap=6023 overlap=0.00 rmse=0.000m correction=0.000m/0.00deg).
[WARN] [1785062284.130105788] [vertical_lidar_mapper]: 3D scan matching rejected keyframe: insufficient scan or submap geometry (source=53 submap=6023 overlap=0.00 rmse=0.000m correction=0.000m/0.00deg).
[WARN] [1785062285.327445911] [vertical_lidar_mapper]: 3D scan matching rejected keyframe: insufficient scan or submap geometry (source=53 submap=6023 overlap=0.00 rmse=0.000m correction=0.000m/0.00deg).
[WARN] [1785062286.328955356] [vertical_lidar_mapper]: 3D scan matching rejected keyframe: insufficient scan or submap geometry (source=51 submap=6023 overlap=0.00 rmse=0.000m correction=0.000m/0.00deg).
[WARN] [1785062287.417381742] [vertical_lidar_mapper]: 3D scan matching rejected keyframe: insufficient scan or submap geometry (source=53 submap=6023 overlap=0.00 rmse=0.000m correction=0.000m/0.00deg).
[WARN] [1785062288.417501941] [vertical_lidar_mapper]: 3D scan matching rejected keyframe: insufficient scan or submap geometry (source=56 submap=6023 overlap=0.00 rmse=0.000m correction=0.000m/0.00deg).
[WARN] [1785062289.417824037] [vertical_lidar_mapper]: 3D scan matching rejected keyframe: insufficient scan or submap geometry (source=55 submap=6024 overlap=0.00 rmse=0.000m correction=0.000m/0.00deg).
[WARN] [1785062290.517950636] [vertical_lidar_mapper]: 3D scan matching rejected keyframe: insufficient scan or submap geometry (source=59 submap=6024 overlap=0.00 rmse=0.000m correction=0.000m/0.00deg).
[WARN] [1785062291.609349049] [vertical_lidar_mapper]: 3D scan matching rejected keyframe: insufficient scan or submap geometry (source=55 submap=6024 overlap=0.00 rmse=0.000m correction=0.000m/0.00deg).
[WARN] [1785062292.707451491] [vertical_lidar_mapper]: 3D scan matching rejected keyframe: insufficient scan or submap geometry (source=51 submap=6023 overlap=0.00 rmse=0.000m correction=0.000m/0.00deg).
[WARN] [1785062293.708025152] [vertical_lidar_mapper]: 3D scan matching rejected keyframe: insufficient scan or submap geometry (source=54 submap=6023 overlap=0.00 rmse=0.000m correction=0.000m/0.00deg).
[WARN] [1785062294.897462610] [vertical_lidar_mapper]: 3D scan matching rejected keyframe: insufficient scan or submap geometry (source=56 submap=6024 overlap=0.00 rmse=0.000m correction=0.000m/0.00deg).
[WARN] [1785062295.929972250] [vertical_lidar_mapper]: 3D scan matching rejected keyframe: insufficient scan or submap geometry (source=54 submap=6023 overlap=0.00 rmse=0.000m correction=0.000m/0.00deg).
[WARN] [1785062296.988325709] [vertical_lidar_mapper]: 3D scan matching rejected keyframe: insufficient scan or submap geometry (source=54 submap=6023 overlap=0.00 rmse=0.000m correction=0.000m/0.00deg).
[WARN] [1785062298.028125349] [vertical_lidar_mapper]: 3D scan matching rejected keyframe: insufficient scan or submap geometry (source=53 submap=6024 overlap=0.00 rmse=0.000m correction=0.000m/0.00deg).
[WARN] [1785062299.121481862] [vertical_lidar_mapper]: 3D scan matching rejected keyframe: insufficient scan or submap geometry (source=54 submap=6024 overlap=0.00 rmse=0.000m correction=0.000m/0.00deg).
[WARN] [1785062300.218899994] [vertical_lidar_mapper]: 3D scan matching rejected keyframe: insufficient scan or submap geometry (source=54 submap=6024 overlap=0.00 rmse=0.000m correction=0.000m/0.00deg).
[WARN] [1785062301.318045114] [vertical_lidar_mapper]: 3D scan matching rejected keyframe: insufficient scan or submap geometry (source=55 submap=6024 overlap=0.00 rmse=0.000m correction=0.000m/0.00deg).
[WARN] [1785062302.508890941] [vertical_lidar_mapper]: 3D scan matching rejected keyframe: insufficient scan or submap geometry (source=56 submap=6024 overlap=0.00 rmse=0.000m correction=0.000m/0.00deg).
[WARN] [1785062303.609097888] [vertical_lidar_mapper]: 3D scan matching rejected keyframe: insufficient scan or submap geometry (source=57 submap=6023 overlap=0.00 rmse=0.000m correction=0.000m/0.00deg).
[WARN] [1785062304.807928266] [vertical_lidar_mapper]: 3D scan matching rejected keyframe: insufficient scan or submap geometry (source=54 submap=6024 overlap=0.00 rmse=0.000m correction=0.000m/0.00deg).
[WARN] [1785062305.998183180] [vertical_lidar_mapper]: 3D scan matching rejected keyframe: insufficient scan or submap geometry (source=53 submap=6024 overlap=0.00 rmse=0.000m correction=0.000m/0.00deg).
[WARN] [1785062307.097576551] [vertical_lidar_mapper]: 3D scan matching rejected keyframe: insufficient scan or submap geometry (source=58 submap=6024 overlap=0.00 rmse=0.000m correction=0.000m/0.00deg).
[WARN] [1785062308.188729016] [vertical_lidar_mapper]: 3D scan matching rejected keyframe: insufficient scan or submap geometry (source=61 submap=6024 overlap=0.00 rmse=0.000m correction=0.000m/0.00deg).
[WARN] [1785062309.288961289] [vertical_lidar_mapper]: 3D scan matching rejected keyframe: insufficient scan or submap geometry (source=61 submap=6024 overlap=0.00 rmse=0.000m correction=0.000m/0.00deg).
[WARN] [1785062310.325913964] [vertical_lidar_mapper]: 3D scan matching rejected keyframe: insufficient scan or submap geometry (source=58 submap=6024 overlap=0.00 rmse=0.000m correction=0.000m/0.00deg).
[WARN] [1785062311.487650780] [vertical_lidar_mapper]: 3D scan matching rejected keyframe: insufficient scan or submap geometry (source=60 submap=6024 overlap=0.00 rmse=0.000m correction=0.000m/0.00deg).
[WARN] [1785062312.618411735] [vertical_lidar_mapper]: 3D scan matching rejected keyframe: insufficient scan or submap geometry (source=60 submap=6024 overlap=0.00 rmse=0.000m correction=0.000m/0.00deg).
[WARN] [1785062313.711285827] [vertical_lidar_mapper]: 3D scan matching rejected keyframe: insufficient scan or submap geometry (source=58 submap=6024 overlap=0.00 rmse=0.000m correction=0.000m/0.00deg).
[WARN] [1785062314.808233964] [vertical_lidar_mapper]: 3D scan matching rejected keyframe: insufficient scan or submap geometry (source=59 submap=6024 overlap=0.00 rmse=0.000m correction=0.000m/0.00deg).
[WARN] [1785062316.007760876] [vertical_lidar_mapper]: 3D scan matching rejected keyframe: insufficient scan or submap geometry (source=57 submap=6024 overlap=0.00 rmse=0.000m correction=0.000m/0.00deg).
[WARN] [1785062317.098189911] [vertical_lidar_mapper]: 3D scan matching rejected keyframe: insufficient scan or submap geometry (source=59 submap=6024 overlap=0.00 rmse=0.000m correction=0.000m/0.00deg).
[WARN] [1785062318.197621884] [vertical_lidar_mapper]: 3D scan matching rejected keyframe: insufficient scan or submap geometry (source=55 submap=6024 overlap=0.00 rmse=0.000m correction=0.000m/0.00deg).
[WARN] [1785062319.298135400] [vertical_lidar_mapper]: 3D scan matching rejected keyframe: insufficient scan or submap geometry (source=58 submap=6024 overlap=0.00 rmse=0.000m correction=0.000m/0.00deg).
[WARN] [1785062320.388267994] [vertical_lidar_mapper]: 3D scan matching rejected keyframe: insufficient scan or submap geometry (source=58 submap=6023 overlap=0.00 rmse=0.000m correction=0.000m/0.00deg).
[WARN] [1785062321.488234803] [vertical_lidar_mapper]: 3D scan matching rejected keyframe: insufficient scan or submap geometry (source=58 submap=6024 overlap=0.00 rmse=0.000m correction=0.000m/0.00deg).
[WARN] [1785062322.588025618] [vertical_lidar_mapper]: 3D scan matching rejected keyframe: insufficient scan or submap geometry (source=54 submap=6024 overlap=0.00 rmse=0.000m correction=0.000m/0.00deg).
[WARN] [1785062323.680237679] [vertical_lidar_mapper]: 3D scan matching rejected keyframe: insufficient scan or submap geometry (source=59 submap=6024 overlap=0.00 rmse=0.000m correction=0.000m/0.00deg).
[WARN] [1785062324.778450805] [vertical_lidar_mapper]: 3D scan matching rejected keyframe: insufficient scan or submap geometry (source=56 submap=6023 overlap=0.00 rmse=0.000m correction=0.000m/0.00deg).
[WARN] [1785062325.879869069] [vertical_lidar_mapper]: 3D scan matching rejected keyframe: insufficient scan or submap geometry (source=58 submap=6024 overlap=0.00 rmse=0.000m correction=0.000m/0.00deg).
[WARN] [1785062326.979802802] [vertical_lidar_mapper]: 3D scan matching rejected keyframe: insufficient scan or submap geometry (source=57 submap=6024 overlap=0.00 rmse=0.000m correction=0.000m/0.00deg).
[WARN] [1785062327.997982646] [vertical_lidar_mapper]: 3D scan matching rejected keyframe: insufficient scan or submap geometry (source=59 submap=6024 overlap=0.00 rmse=0.000m correction=0.000m/0.00deg).
[WARN] [1785062329.068517941] [vertical_lidar_mapper]: 3D scan matching rejected keyframe: insufficient scan or submap geometry (source=58 submap=6024 overlap=0.00 rmse=0.000m correction=0.000m/0.00deg).
[WARN] [1785062330.097970306] [vertical_lidar_mapper]: 3D scan matching rejected keyframe: insufficient scan or submap geometry (source=63 submap=6024 overlap=0.00 rmse=0.000m correction=0.000m/0.00deg).
[WARN] [1785062331.258391309] [vertical_lidar_mapper]: 3D scan matching rejected keyframe: insufficient scan or submap geometry (source=59 submap=6024 overlap=0.00 rmse=0.000m correction=0.000m/0.00deg).
[WARN] [1785062332.288505042] [vertical_lidar_mapper]: 3D scan matching rejected keyframe: insufficient scan or submap geometry (source=62 submap=6024 overlap=0.00 rmse=0.000m correction=0.000m/0.00deg).
[WARN] [1785062333.488103700] [vertical_lidar_mapper]: 3D scan matching rejected keyframe: insufficient scan or submap geometry (source=56 submap=6024 overlap=0.00 rmse=0.000m correction=0.000m/0.00deg).
[WARN] [1785062334.579313242] [vertical_lidar_mapper]: 3D scan matching rejected keyframe: insufficient scan or submap geometry (source=60 submap=6024 overlap=0.00 rmse=0.000m correction=0.000m/0.00deg).
[WARN] [1785062335.680827296] [vertical_lidar_mapper]: 3D scan matching rejected keyframe: insufficient scan or submap geometry (source=59 submap=6024 overlap=0.00 rmse=0.000m correction=0.000m/0.00deg).
[WARN] [1785062336.878707565] [vertical_lidar_mapper]: 3D scan matching rejected keyframe: insufficient scan or submap geometry (source=60 submap=6024 overlap=0.00 rmse=0.000m correction=0.000m/0.00deg).
[WARN] [1785062337.878893646] [vertical_lidar_mapper]: 3D scan matching rejected keyframe: insufficient scan or submap geometry (source=59 submap=6024 overlap=0.00 rmse=0.000m correction=0.000m/0.00deg).
[WARN] [1785062338.967745183] [vertical_lidar_mapper]: 3D scan matching rejected keyframe: insufficient scan or submap geometry (source=59 submap=6024 overlap=0.00 rmse=0.000m correction=0.000m/0.00deg).
[WARN] [1785062340.067766488] [vertical_lidar_mapper]: 3D scan matching rejected keyframe: insufficient scan or submap geometry (source=61 submap=6024 overlap=0.00 rmse=0.000m correction=0.000m/0.00deg).
[WARN] [1785062341.168538894] [vertical_lidar_mapper]: 3D scan matching rejected keyframe: insufficient scan or submap geometry (source=59 submap=6024 overlap=0.00 rmse=0.000m correction=0.000m/0.00deg).
[WARN] [1785062342.257952806] [vertical_lidar_mapper]: 3D scan matching rejected keyframe: insufficient scan or submap geometry (source=61 submap=6024 overlap=0.00 rmse=0.000m correction=0.000m/0.00deg).
[WARN] [1785062343.358185617] [vertical_lidar_mapper]: 3D scan matching rejected keyframe: insufficient scan or submap geometry (source=59 submap=6024 overlap=0.00 rmse=0.000m correction=0.000m/0.00deg).
[WARN] [1785062344.388195702] [vertical_lidar_mapper]: 3D scan matching rejected keyframe: insufficient scan or submap geometry (source=59 submap=6024 overlap=0.00 rmse=0.000m correction=0.000m/0.00deg).
[WARN] [1785062345.448228227] [vertical_lidar_mapper]: 3D scan matching rejected keyframe: insufficient scan or submap geometry (source=55 submap=6025 overlap=0.00 rmse=0.000m correction=0.000m/0.00deg).
[WARN] [1785062346.647806059] [vertical_lidar_mapper]: 3D scan matching rejected keyframe: insufficient scan or submap geometry (source=57 submap=6024 overlap=0.00 rmse=0.000m correction=0.000m/0.00deg).
[WARN] [1785062347.679463060] [vertical_lidar_mapper]: 3D scan matching rejected keyframe: insufficient scan or submap geometry (source=57 submap=6024 overlap=0.00 rmse=0.000m correction=0.000m/0.00deg).
[WARN] [1785062348.878403980] [vertical_lidar_mapper]: 3D scan matching rejected keyframe: insufficient scan or submap geometry (source=59 submap=6024 overlap=0.00 rmse=0.000m correction=0.000m/0.00deg).
[WARN] [1785062349.878810050] [vertical_lidar_mapper]: 3D scan matching rejected keyframe: insufficient scan or submap geometry (source=59 submap=6024 overlap=0.00 rmse=0.000m correction=0.000m/0.00deg).
[WARN] [1785062350.969147362] [vertical_lidar_mapper]: 3D scan matching rejected keyframe: insufficient scan or submap geometry (source=60 submap=6024 overlap=0.00 rmse=0.000m correction=0.000m/0.00deg).
[WARN] [1785062352.168154544] [vertical_lidar_mapper]: 3D scan matching rejected keyframe: insufficient scan or submap geometry (source=59 submap=6024 overlap=0.00 rmse=0.000m correction=0.000m/0.00deg).
[WARN] [1785062353.258596427] [vertical_lidar_mapper]: 3D scan matching rejected keyframe: insufficient scan or submap geometry (source=59 submap=6024 overlap=0.00 rmse=0.000m correction=0.000m/0.00deg).
[WARN] [1785062354.358132338] [vertical_lidar_mapper]: 3D scan matching rejected keyframe: insufficient scan or submap geometry (source=59 submap=6024 overlap=0.00 rmse=0.000m correction=0.000m/0.00deg).
[WARN] [1785062355.358475509] [vertical_lidar_mapper]: 3D scan matching rejected keyframe: insufficient scan or submap geometry (source=58 submap=6024 overlap=0.00 rmse=0.000m correction=0.000m/0.00deg).
[WARN] [1785062356.557979444] [vertical_lidar_mapper]: 3D scan matching rejected keyframe: insufficient scan or submap geometry (source=60 submap=6024 overlap=0.00 rmse=0.000m correction=0.000m/0.00deg).
[WARN] [1785062357.747984886] [vertical_lidar_mapper]: 3D scan matching rejected keyframe: insufficient scan or submap geometry (source=60 submap=6024 overlap=0.00 rmse=0.000m correction=0.000m/0.00deg).
[WARN] [1785062358.848264756] [vertical_lidar_mapper]: 3D scan matching rejected keyframe: insufficient scan or submap geometry (source=60 submap=6025 overlap=0.00 rmse=0.000m correction=0.000m/0.00deg).
[WARN] [1785062359.947313598] [vertical_lidar_mapper]: 3D scan matching rejected keyframe: insufficient scan or submap geometry (source=59 submap=6026 overlap=0.00 rmse=0.000m correction=0.000m/0.00deg).
[WARN] [1785062360.947853112] [vertical_lidar_mapper]: 3D scan matching rejected keyframe: insufficient scan or submap geometry (source=61 submap=6025 overlap=0.00 rmse=0.000m correction=0.000m/0.00deg).
[WARN] [1785062361.947863525] [vertical_lidar_mapper]: 3D scan matching rejected keyframe: insufficient scan or submap geometry (source=61 submap=6025 overlap=0.00 rmse=0.000m correction=0.000m/0.00deg).
[WARN] [1785062362.967927412] [vertical_lidar_mapper]: 3D scan matching rejected keyframe: insufficient scan or submap geometry (source=59 submap=6027 overlap=0.00 rmse=0.000m correction=0.000m/0.00deg).
[WARN] [1785062364.068020439] [vertical_lidar_mapper]: 3D scan matching rejected keyframe: insufficient scan or submap geometry (source=58 submap=6027 overlap=0.00 rmse=0.000m correction=0.000m/0.00deg).
[WARN] [1785062365.158090511] [vertical_lidar_mapper]: 3D scan matching rejected keyframe: insufficient scan or submap geometry (source=57 submap=6025 overlap=0.00 rmse=0.000m correction=0.000m/0.00deg).
[WARN] [1785062366.158108687] [vertical_lidar_mapper]: 3D scan matching rejected keyframe: insufficient scan or submap geometry (source=58 submap=6025 overlap=0.00 rmse=0.000m correction=0.000m/0.00deg).
[WARN] [1785062367.158523539] [vertical_lidar_mapper]: 3D scan matching rejected keyframe: insufficient scan or submap geometry (source=58 submap=6027 overlap=0.00 rmse=0.000m correction=0.000m/0.00deg).
[WARN] [1785062368.247958529] [vertical_lidar_mapper]: 3D scan matching rejected keyframe: insufficient scan or submap geometry (source=57 submap=6027 overlap=0.00 rmse=0.000m correction=0.000m/0.00deg).
[WARN] [1785062369.348097843] [vertical_lidar_mapper]: 3D scan matching rejected keyframe: insufficient scan or submap geometry (source=60 submap=6027 overlap=0.00 rmse=0.000m correction=0.000m/0.00deg).
[WARN] [1785062370.547555346] [vertical_lidar_mapper]: 3D scan matching rejected keyframe: insufficient scan or submap geometry (source=59 submap=6025 overlap=0.00 rmse=0.000m correction=0.000m/0.00deg).
[WARN] [1785062371.638416937] [vertical_lidar_mapper]: 3D scan matching rejected keyframe: insufficient scan or submap geometry (source=59 submap=6027 overlap=0.00 rmse=0.000m correction=0.000m/0.00deg).
[WARN] [1785062372.837804770] [vertical_lidar_mapper]: 3D scan matching rejected keyframe: insufficient scan or submap geometry (source=57 submap=6027 overlap=0.00 rmse=0.000m correction=0.000m/0.00deg).
[WARN] [1785062373.938026341] [vertical_lidar_mapper]: 3D scan matching rejected keyframe: insufficient scan or submap geometry (source=61 submap=6027 overlap=0.00 rmse=0.000m correction=0.000m/0.00deg).
[WARN] [1785062375.028541903] [vertical_lidar_mapper]: 3D scan matching rejected keyframe: insufficient scan or submap geometry (source=61 submap=6024 overlap=0.00 rmse=0.000m correction=0.000m/0.00deg).
[WARN] [1785062376.029684946] [vertical_lidar_mapper]: 3D scan matching rejected keyframe: insufficient scan or submap geometry (source=60 submap=6026 overlap=0.00 rmse=0.000m correction=0.000m/0.00deg).
[WARN] [1785062377.128535581] [vertical_lidar_mapper]: 3D scan matching rejected keyframe: insufficient scan or submap geometry (source=57 submap=6026 overlap=0.00 rmse=0.000m correction=0.000m/0.00deg).
[WARN] [1785062378.219443894] [vertical_lidar_mapper]: 3D scan matching rejected keyframe: insufficient scan or submap geometry (source=59 submap=6026 overlap=0.00 rmse=0.000m correction=0.000m/0.00deg).
[WARN] [1785062379.347848416] [vertical_lidar_mapper]: 3D scan matching rejected keyframe: insufficient scan or submap geometry (source=60 submap=6026 overlap=0.00 rmse=0.000m correction=0.000m/0.00deg).
[WARN] [1785062380.517887274] [vertical_lidar_mapper]: 3D scan matching rejected keyframe: insufficient scan or submap geometry (source=59 submap=6026 overlap=0.00 rmse=0.000m correction=0.000m/0.00deg).
[WARN] [1785062381.717859507] [vertical_lidar_mapper]: 3D scan matching rejected keyframe: insufficient scan or submap geometry (source=59 submap=6025 overlap=0.00 rmse=0.000m correction=0.000m/0.00deg).
[WARN] [1785062382.837413260] [vertical_lidar_mapper]: 3D scan matching rejected keyframe: insufficient scan or submap geometry (source=61 submap=6026 overlap=0.00 rmse=0.000m correction=0.000m/0.00deg).
[WARN] [1785062383.837865540] [vertical_lidar_mapper]: 3D scan matching rejected keyframe: insufficient scan or submap geometry (source=57 submap=6027 overlap=0.00 rmse=0.000m correction=0.000m/0.00deg).
[WARN] [1785062384.838011701] [vertical_lidar_mapper]: 3D scan matching rejected keyframe: insufficient scan or submap geometry (source=60 submap=6025 overlap=0.00 rmse=0.000m correction=0.000m/0.00deg).
[WARN] [1785062385.928757765] [vertical_lidar_mapper]: 3D scan matching rejected keyframe: insufficient scan or submap geometry (source=60 submap=6025 overlap=0.00 rmse=0.000m correction=0.000m/0.00deg).
[WARN] [1785062387.031373152] [vertical_lidar_mapper]: 3D scan matching rejected keyframe: insufficient scan or submap geometry (source=59 submap=6024 overlap=0.00 rmse=0.000m correction=0.000m/0.00deg).
[WARN] [1785062388.228631938] [vertical_lidar_mapper]: 3D scan matching rejected keyframe: insufficient scan or submap geometry (source=62 submap=6027 overlap=0.00 rmse=0.000m correction=0.000m/0.00deg).
[WARN] [1785062389.230291363] [vertical_lidar_mapper]: 3D scan matching rejected keyframe: insufficient scan or submap geometry (source=59 submap=6028 overlap=0.00 rmse=0.000m correction=0.000m/0.00deg).
[WARN] [1785062390.317568189] [vertical_lidar_mapper]: 3D scan matching rejected keyframe: insufficient scan or submap geometry (source=62 submap=6027 overlap=0.00 rmse=0.000m correction=0.000m/0.00deg).
[WARN] [1785062391.317769321] [vertical_lidar_mapper]: 3D scan matching rejected keyframe: insufficient scan or submap geometry (source=63 submap=6027 overlap=0.00 rmse=0.000m correction=0.000m/0.00deg).
[WARN] [1785062392.418182387] [vertical_lidar_mapper]: 3D scan matching rejected keyframe: insufficient scan or submap geometry (source=59 submap=6027 overlap=0.00 rmse=0.000m correction=0.000m/0.00deg).
[WARN] [1785062393.510393335] [vertical_lidar_mapper]: 3D scan matching rejected keyframe: insufficient scan or submap geometry (source=57 submap=6032 overlap=0.00 rmse=0.000m correction=0.000m/0.00deg).
[WARN] [1785062394.547619213] [vertical_lidar_mapper]: 3D scan matching rejected keyframe: insufficient scan or submap geometry (source=60 submap=6029 overlap=0.00 rmse=0.000m correction=0.000m/0.00deg).
[WARN] [1785062395.708167055] [vertical_lidar_mapper]: 3D scan matching rejected keyframe: insufficient scan or submap geometry (source=56 submap=6028 overlap=0.00 rmse=0.000m correction=0.000m/0.00deg).
[WARN] [1785062396.737777900] [vertical_lidar_mapper]: 3D scan matching rejected keyframe: insufficient scan or submap geometry (source=62 submap=6030 overlap=0.00 rmse=0.000m correction=0.000m/0.00deg).
[WARN] [1785062397.838168091] [vertical_lidar_mapper]: 3D scan matching rejected keyframe: insufficient scan or submap geometry (source=62 submap=6028 overlap=0.00 rmse=0.000m correction=0.000m/0.00deg).
[WARN] [1785062398.929356701] [vertical_lidar_mapper]: 3D scan matching rejected keyframe: insufficient scan or submap geometry (source=58 submap=6027 overlap=0.00 rmse=0.000m correction=0.000m/0.00deg).
[WARN] [1785062400.129707310] [vertical_lidar_mapper]: 3D scan matching rejected keyframe: insufficient scan or submap geometry (source=59 submap=6028 overlap=0.00 rmse=0.000m correction=0.000m/0.00deg).
[WARN] [1785062401.318447005] [vertical_lidar_mapper]: 3D scan matching rejected keyframe: insufficient scan or submap geometry (source=58 submap=6029 overlap=0.00 rmse=0.000m correction=0.000m/0.00deg).
[WARN] [1785062402.417791679] [vertical_lidar_mapper]: 3D scan matching rejected keyframe: insufficient scan or submap geometry (source=62 submap=6029 overlap=0.00 rmse=0.000m correction=0.000m/0.00deg).
[WARN] [1785062403.518184992] [vertical_lidar_mapper]: 3D scan matching rejected keyframe: insufficient scan or submap geometry (source=63 submap=6028 overlap=0.00 rmse=0.000m correction=0.000m/0.00deg).
[WARN] [1785062404.717782897] [vertical_lidar_mapper]: 3D scan matching rejected keyframe: insufficient scan or submap geometry (source=61 submap=6027 overlap=0.00 rmse=0.000m correction=0.000m/0.00deg).
[WARN] [1785062405.907967666] [vertical_lidar_mapper]: 3D scan matching rejected keyframe: insufficient scan or submap geometry (source=59 submap=6028 overlap=0.00 rmse=0.000m correction=0.000m/0.00deg).
[WARN] [1785062407.008393416] [vertical_lidar_mapper]: 3D scan matching rejected keyframe: insufficient scan or submap geometry (source=59 submap=6029 overlap=0.00 rmse=0.000m correction=0.000m/0.00deg).
[WARN] [1785062408.098124086] [vertical_lidar_mapper]: 3D scan matching rejected keyframe: insufficient scan or submap geometry (source=60 submap=6028 overlap=0.00 rmse=0.000m correction=0.000m/0.00deg).
[WARN] [1785062409.197592024] [vertical_lidar_mapper]: 3D scan matching rejected keyframe: insufficient scan or submap geometry (source=61 submap=6027 overlap=0.00 rmse=0.000m correction=0.000m/0.00deg).
[WARN] [1785062410.297690804] [vertical_lidar_mapper]: 3D scan matching rejected keyframe: insufficient scan or submap geometry (source=61 submap=6029 overlap=0.00 rmse=0.000m correction=0.000m/0.00deg).
[WARN] [1785062411.397731929] [vertical_lidar_mapper]: 3D scan matching rejected keyframe: insufficient scan or submap geometry (source=57 submap=6030 overlap=0.00 rmse=0.000m correction=0.000m/0.00deg).
[WARN] [1785062412.488329808] [vertical_lidar_mapper]: 3D scan matching rejected keyframe: insufficient scan or submap geometry (source=63 submap=6040 overlap=0.00 rmse=0.000m correction=0.000m/0.00deg).
[WARN] [1785062413.488874600] [vertical_lidar_mapper]: 3D scan matching rejected keyframe: insufficient scan or submap geometry (source=58 submap=6042 overlap=0.00 rmse=0.000m correction=0.000m/0.00deg).
[WARN] [1785062414.617726469] [vertical_lidar_mapper]: 3D scan matching rejected keyframe: insufficient scan or submap geometry (source=58 submap=6041 overlap=0.00 rmse=0.000m correction=0.000m/0.00deg).
[WARN] [1785062415.818101247] [vertical_lidar_mapper]: 3D scan matching rejected keyframe: insufficient scan or submap geometry (source=59 submap=6040 overlap=0.00 rmse=0.000m correction=0.000m/0.00deg).
[WARN] [1785062416.917694147] [vertical_lidar_mapper]: 3D scan matching rejected keyframe: insufficient scan or submap geometry (source=61 submap=6040 overlap=0.00 rmse=0.000m correction=0.000m/0.00deg).
[WARN] [1785062418.008226412] [vertical_lidar_mapper]: 3D scan matching rejected keyframe: insufficient scan or submap geometry (source=56 submap=6040 overlap=0.00 rmse=0.000m correction=0.000m/0.00deg).
[WARN] [1785062419.098692632] [vertical_lidar_mapper]: 3D scan matching rejected keyframe: insufficient scan or submap geometry (source=58 submap=6040 overlap=0.00 rmse=0.000m correction=0.000m/0.00deg).
[WARN] [1785062420.197815175] [vertical_lidar_mapper]: 3D scan matching rejected keyframe: insufficient scan or submap geometry (source=58 submap=6040 overlap=0.00 rmse=0.000m correction=0.000m/0.00deg).
[WARN] [1785062421.298328394] [vertical_lidar_mapper]: 3D scan matching rejected keyframe: insufficient scan or submap geometry (source=59 submap=6040 overlap=0.00 rmse=0.000m correction=0.000m/0.00deg).
[WARN] [1785062422.397765828] [vertical_lidar_mapper]: 3D scan matching rejected keyframe: insufficient scan or submap geometry (source=57 submap=6040 overlap=0.00 rmse=0.000m correction=0.000m/0.00deg).
[WARN] [1785062423.488150444] [vertical_lidar_mapper]: 3D scan matching rejected keyframe: insufficient scan or submap geometry (source=58 submap=6040 overlap=0.00 rmse=0.000m correction=0.000m/0.00deg).
[WARN] [1785062424.587526419] [vertical_lidar_mapper]: 3D scan matching rejected keyframe: insufficient scan or submap geometry (source=60 submap=6041 overlap=0.00 rmse=0.000m correction=0.000m/0.00deg).
[WARN] [1785062425.688174867] [vertical_lidar_mapper]: 3D scan matching rejected keyframe: insufficient scan or submap geometry (source=57 submap=6040 overlap=0.00 rmse=0.000m correction=0.000m/0.00deg).
[WARN] [1785062426.878281693] [vertical_lidar_mapper]: 3D scan matching rejected keyframe: insufficient scan or submap geometry (source=58 submap=6040 overlap=0.00 rmse=0.000m correction=0.000m/0.00deg).
[WARN] [1785062427.981209050] [vertical_lidar_mapper]: 3D scan matching rejected keyframe: insufficient scan or submap geometry (source=59 submap=6040 overlap=0.00 rmse=0.000m correction=0.000m/0.00deg).
[WARN] [1785062428.981536909] [vertical_lidar_mapper]: 3D scan matching rejected keyframe: insufficient scan or submap geometry (source=62 submap=6041 overlap=0.00 rmse=0.000m correction=0.000m/0.00deg).
[WARN] [1785062430.077713051] [vertical_lidar_mapper]: 3D scan matching rejected keyframe: insufficient scan or submap geometry (source=62 submap=6042 overlap=0.00 rmse=0.000m correction=0.000m/0.00deg).
[WARN] [1785062431.108277827] [vertical_lidar_mapper]: 3D scan matching rejected keyframe: insufficient scan or submap geometry (source=62 submap=6042 overlap=0.00 rmse=0.000m correction=0.000m/0.00deg).
[WARN] [1785062432.201575215] [vertical_lidar_mapper]: 3D scan matching rejected keyframe: insufficient scan or submap geometry (source=59 submap=6041 overlap=0.00 rmse=0.000m correction=0.000m/0.00deg).
[WARN] [1785062433.298050853] [vertical_lidar_mapper]: 3D scan matching rejected keyframe: insufficient scan or submap geometry (source=62 submap=6041 overlap=0.00 rmse=0.000m correction=0.000m/0.00deg).
[WARN] [1785062434.387641690] [vertical_lidar_mapper]: 3D scan matching rejected keyframe: insufficient scan or submap geometry (source=58 submap=6042 overlap=0.00 rmse=0.000m correction=0.000m/0.00deg).
[WARN] [1785062435.387936066] [vertical_lidar_mapper]: 3D scan matching rejected keyframe: insufficient scan or submap geometry (source=60 submap=6044 overlap=0.00 rmse=0.000m correction=0.000m/0.00deg).
[WARN] [1785062436.487816255] [vertical_lidar_mapper]: 3D scan matching rejected keyframe: insufficient scan or submap geometry (source=63 submap=6044 overlap=0.00 rmse=0.000m correction=0.000m/0.00deg).
[WARN] [1785062437.687879367] [vertical_lidar_mapper]: 3D scan matching rejected keyframe: insufficient scan or submap geometry (source=59 submap=6042 overlap=0.00 rmse=0.000m correction=0.000m/0.00deg).
[WARN] [1785062438.778737416] [vertical_lidar_mapper]: 3D scan matching rejected keyframe: insufficient scan or submap geometry (source=60 submap=6042 overlap=0.00 rmse=0.000m correction=0.000m/0.00deg).
[WARN] [1785062439.878480138] [vertical_lidar_mapper]: 3D scan matching rejected keyframe: insufficient scan or submap geometry (source=59 submap=6043 overlap=0.00 rmse=0.000m correction=0.000m/0.00deg).
[WARN] [1785062440.978052835] [vertical_lidar_mapper]: 3D scan matching rejected keyframe: insufficient scan or submap geometry (source=59 submap=6043 overlap=0.00 rmse=0.000m correction=0.000m/0.00deg).
[WARN] [1785062442.168005383] [vertical_lidar_mapper]: 3D scan matching rejected keyframe: insufficient scan or submap geometry (source=57 submap=6042 overlap=0.00 rmse=0.000m correction=0.000m/0.00deg).
[WARN] [1785062443.269294323] [vertical_lidar_mapper]: 3D scan matching rejected keyframe: insufficient scan or submap geometry (source=59 submap=6042 overlap=0.00 rmse=0.000m correction=0.000m/0.00deg).
[WARN] [1785062444.358474596] [vertical_lidar_mapper]: 3D scan matching rejected keyframe: insufficient scan or submap geometry (source=63 submap=6042 overlap=0.00 rmse=0.000m correction=0.000m/0.00deg).
[WARN] [1785062445.457538763] [vertical_lidar_mapper]: 3D scan matching rejected keyframe: insufficient scan or submap geometry (source=59 submap=6044 overlap=0.00 rmse=0.000m correction=0.000m/0.00deg).
[WARN] [1785062446.457772517] [vertical_lidar_mapper]: 3D scan matching rejected keyframe: insufficient scan or submap geometry (source=59 submap=6044 overlap=0.00 rmse=0.000m correction=0.000m/0.00deg).
[WARN] [1785062447.559722262] [vertical_lidar_mapper]: 3D scan matching rejected keyframe: insufficient scan or submap geometry (source=57 submap=6044 overlap=0.00 rmse=0.000m correction=0.000m/0.00deg).
[WARN] [1785062448.688217151] [vertical_lidar_mapper]: 3D scan matching rejected keyframe: insufficient scan or submap geometry (source=57 submap=6045 overlap=0.00 rmse=0.000m correction=0.000m/0.00deg).
[WARN] [1785062449.782285109] [vertical_lidar_mapper]: 3D scan matching rejected keyframe: insufficient scan or submap geometry (source=59 submap=6043 overlap=0.00 rmse=0.000m correction=0.000m/0.00deg).
[WARN] [1785062450.878521652] [vertical_lidar_mapper]: 3D scan matching rejected keyframe: insufficient scan or submap geometry (source=58 submap=6043 overlap=0.00 rmse=0.000m correction=0.000m/0.00deg).
[WARN] [1785062451.979234833] [vertical_lidar_mapper]: 3D scan matching rejected keyframe: insufficient scan or submap geometry (source=62 submap=6044 overlap=0.00 rmse=0.000m correction=0.000m/0.00deg).
[WARN] [1785062453.068675217] [vertical_lidar_mapper]: 3D scan matching rejected keyframe: insufficient scan or submap geometry (source=59 submap=6043 overlap=0.00 rmse=0.000m correction=0.000m/0.00deg).
[WARN] [1785062454.268458119] [vertical_lidar_mapper]: 3D scan matching rejected keyframe: insufficient scan or submap geometry (source=63 submap=6044 overlap=0.00 rmse=0.000m correction=0.000m/0.00deg).
[WARN] [1785062455.268734230] [vertical_lidar_mapper]: 3D scan matching rejected keyframe: insufficient scan or submap geometry (source=60 submap=6045 overlap=0.00 rmse=0.000m correction=0.000m/0.00deg).
[WARN] [1785062456.457769272] [vertical_lidar_mapper]: 3D scan matching rejected keyframe: insufficient scan or submap geometry (source=61 submap=6043 overlap=0.00 rmse=0.000m correction=0.000m/0.00deg).
[WARN] [1785062457.458027222] [vertical_lidar_mapper]: 3D scan matching rejected keyframe: insufficient scan or submap geometry (source=62 submap=6045 overlap=0.00 rmse=0.000m correction=0.000m/0.00deg).
[WARN] [1785062458.458065203] [vertical_lidar_mapper]: 3D scan matching rejected keyframe: insufficient scan or submap geometry (source=60 submap=6043 overlap=0.00 rmse=0.000m correction=0.000m/0.00deg).
[WARN] [1785062459.557589449] [vertical_lidar_mapper]: 3D scan matching rejected keyframe: insufficient scan or submap geometry (source=61 submap=6043 overlap=0.00 rmse=0.000m correction=0.000m/0.00deg).
[WARN] [1785062460.748076518] [vertical_lidar_mapper]: 3D scan matching rejected keyframe: insufficient scan or submap geometry (source=58 submap=6045 overlap=0.00 rmse=0.000m correction=0.000m/0.00deg).
[WARN] [1785062461.847550250] [vertical_lidar_mapper]: 3D scan matching rejected keyframe: insufficient scan or submap geometry (source=63 submap=6044 overlap=0.00 rmse=0.000m correction=0.000m/0.00deg).
[WARN] [1785062462.878759761] [vertical_lidar_mapper]: 3D scan matching rejected keyframe: insufficient scan or submap geometry (source=61 submap=6044 overlap=0.00 rmse=0.000m correction=0.000m/0.00deg).
[WARN] [1785062463.968907782] [vertical_lidar_mapper]: 3D scan matching rejected keyframe: insufficient scan or submap geometry (source=60 submap=6043 overlap=0.00 rmse=0.000m correction=0.000m/0.00deg).
[WARN] [1785062465.038208478] [vertical_lidar_mapper]: 3D scan matching rejected keyframe: insufficient scan or submap geometry (source=58 submap=6044 overlap=0.00 rmse=0.000m correction=0.000m/0.00deg).
[WARN] [1785062466.068744675] [vertical_lidar_mapper]: 3D scan matching rejected keyframe: insufficient scan or submap geometry (source=60 submap=6045 overlap=0.00 rmse=0.000m correction=0.000m/0.00deg).
[WARN] [1785062467.167574949] [vertical_lidar_mapper]: 3D scan matching rejected keyframe: insufficient scan or submap geometry (source=59 submap=6046 overlap=0.00 rmse=0.000m correction=0.000m/0.00deg).
[WARN] [1785062468.358344820] [vertical_lidar_mapper]: 3D scan matching rejected keyframe: insufficient scan or submap geometry (source=61 submap=6046 overlap=0.00 rmse=0.000m correction=0.000m/0.00deg).
[WARN] [1785062469.458630876] [vertical_lidar_mapper]: 3D scan matching rejected keyframe: insufficient scan or submap geometry (source=61 submap=6046 overlap=0.00 rmse=0.000m correction=0.000m/0.00deg).
[WARN] [1785062470.558162797] [vertical_lidar_mapper]: 3D scan matching rejected keyframe: insufficient scan or submap geometry (source=58 submap=6046 overlap=0.00 rmse=0.000m correction=0.000m/0.00deg).
[WARN] [1785062471.747342944] [vertical_lidar_mapper]: 3D scan matching rejected keyframe: insufficient scan or submap geometry (source=60 submap=6047 overlap=0.00 rmse=0.000m correction=0.000m/0.00deg).
[WARN] [1785062472.849266294] [vertical_lidar_mapper]: 3D scan matching rejected keyframe: insufficient scan or submap geometry (source=60 submap=6047 overlap=0.00 rmse=0.000m correction=0.000m/0.00deg).
[WARN] [1785062474.047911421] [vertical_lidar_mapper]: 3D scan matching rejected keyframe: insufficient scan or submap geometry (source=60 submap=6047 overlap=0.00 rmse=0.000m correction=0.000m/0.00deg).
[WARN] [1785062475.238574193] [vertical_lidar_mapper]: 3D scan matching rejected keyframe: insufficient scan or submap geometry (source=57 submap=6047 overlap=0.00 rmse=0.000m correction=0.000m/0.00deg).
[WARN] [1785062476.240281447] [vertical_lidar_mapper]: 3D scan matching rejected keyframe: insufficient scan or submap geometry (source=58 submap=6047 overlap=0.00 rmse=0.000m correction=0.000m/0.00deg).
[WARN] [1785062477.338325145] [vertical_lidar_mapper]: 3D scan matching rejected keyframe: insufficient scan or submap geometry (source=56 submap=6048 overlap=0.00 rmse=0.000m correction=0.000m/0.00deg).
[WARN] [1785062478.569186163] [vertical_lidar_mapper]: 3D scan matching rejected keyframe: insufficient scan or submap geometry (source=58 submap=6047 overlap=0.00 rmse=0.000m correction=0.000m/0.00deg).
[WARN] [1785062479.628480284] [vertical_lidar_mapper]: 3D scan matching rejected keyframe: insufficient scan or submap geometry (source=58 submap=6048 overlap=0.00 rmse=0.000m correction=0.000m/0.00deg).
[WARN] [1785062480.628745424] [vertical_lidar_mapper]: 3D scan matching rejected keyframe: insufficient scan or submap geometry (source=61 submap=6048 overlap=0.00 rmse=0.000m correction=0.000m/0.00deg).
[WARN] [1785062481.658060112] [vertical_lidar_mapper]: 3D scan matching rejected keyframe: insufficient scan or submap geometry (source=59 submap=6049 overlap=0.00 rmse=0.000m correction=0.000m/0.00deg).
[WARN] [1785062482.747988118] [vertical_lidar_mapper]: 3D scan matching rejected keyframe: insufficient scan or submap geometry (source=59 submap=6048 overlap=0.00 rmse=0.000m correction=0.000m/0.00deg).
[WARN] [1785062483.947711146] [vertical_lidar_mapper]: 3D scan matching rejected keyframe: insufficient scan or submap geometry (source=58 submap=6048 overlap=0.00 rmse=0.000m correction=0.000m/0.00deg).
[WARN] [1785062485.048519946] [vertical_lidar_mapper]: 3D scan matching rejected keyframe: insufficient scan or submap geometry (source=56 submap=6049 overlap=0.00 rmse=0.000m correction=0.000m/0.00deg).
[WARN] [1785062486.137749601] [vertical_lidar_mapper]: 3D scan matching rejected keyframe: insufficient scan or submap geometry (source=56 submap=6048 overlap=0.00 rmse=0.000m correction=0.000m/0.00deg).
[WARN] [1785062487.237518445] [vertical_lidar_mapper]: 3D scan matching rejected keyframe: insufficient scan or submap geometry (source=60 submap=6048 overlap=0.00 rmse=0.000m correction=0.000m/0.00deg).
[WARN] [1785062488.338020023] [vertical_lidar_mapper]: 3D scan matching rejected keyframe: insufficient scan or submap geometry (source=58 submap=6049 overlap=0.00 rmse=0.000m correction=0.000m/0.00deg).
[WARN] [1785062489.437442449] [vertical_lidar_mapper]: 3D scan matching rejected keyframe: insufficient scan or submap geometry (source=54 submap=6049 overlap=0.00 rmse=0.000m correction=0.000m/0.00deg).
[WARN] [1785062490.530767317] [vertical_lidar_mapper]: 3D scan matching rejected keyframe: insufficient scan or submap geometry (source=58 submap=6050 overlap=0.00 rmse=0.000m correction=0.000m/0.00deg).
[WARN] [1785062491.627861047] [vertical_lidar_mapper]: 3D scan matching rejected keyframe: insufficient scan or submap geometry (source=54 submap=6049 overlap=0.00 rmse=0.000m correction=0.000m/0.00deg).
[WARN] [1785062492.827539633] [vertical_lidar_mapper]: 3D scan matching rejected keyframe: insufficient scan or submap geometry (source=60 submap=6049 overlap=0.00 rmse=0.000m correction=0.000m/0.00deg).
[WARN] [1785062493.917703375] [vertical_lidar_mapper]: 3D scan matching rejected keyframe: insufficient scan or submap geometry (source=58 submap=6049 overlap=0.00 rmse=0.000m correction=0.000m/0.00deg).
[WARN] [1785062494.918090333] [vertical_lidar_mapper]: 3D scan matching rejected keyframe: insufficient scan or submap geometry (source=61 submap=6051 overlap=0.00 rmse=0.000m correction=0.000m/0.00deg).
[WARN] [1785062496.108749074] [vertical_lidar_mapper]: 3D scan matching rejected keyframe: insufficient scan or submap geometry (source=57 submap=6049 overlap=0.00 rmse=0.000m correction=0.000m/0.00deg).
[WARN] [1785062497.117460940] [vertical_lidar_mapper]: 3D scan matching rejected keyframe: insufficient scan or submap geometry (source=57 submap=6049 overlap=0.00 rmse=0.000m correction=0.000m/0.00deg).
[WARN] [1785062498.147625247] [vertical_lidar_mapper]: 3D scan matching rejected keyframe: insufficient scan or submap geometry (source=59 submap=6048 overlap=0.00 rmse=0.000m correction=0.000m/0.00deg).
[WARN] [1785062499.208179523] [vertical_lidar_mapper]: 3D scan matching rejected keyframe: insufficient scan or submap geometry (source=52 submap=6049 overlap=0.00 rmse=0.000m correction=0.000m/0.00deg).
[WARN] [1785062500.238279820] [vertical_lidar_mapper]: 3D scan matching rejected keyframe: insufficient scan or submap geometry (source=57 submap=6050 overlap=0.00 rmse=0.000m correction=0.000m/0.00deg).
[WARN] [1785062501.328516578] [vertical_lidar_mapper]: 3D scan matching rejected keyframe: insufficient scan or submap geometry (source=58 submap=6049 overlap=0.00 rmse=0.000m correction=0.000m/0.00deg).
[WARN] [1785062502.427700639] [vertical_lidar_mapper]: 3D scan matching rejected keyframe: insufficient scan or submap geometry (source=56 submap=6049 overlap=0.00 rmse=0.000m correction=0.000m/0.00deg).
[WARN] [1785062503.627418662] [vertical_lidar_mapper]: 3D scan matching rejected keyframe: insufficient scan or submap geometry (source=57 submap=6050 overlap=0.00 rmse=0.000m correction=0.000m/0.00deg).
[WARN] [1785062504.627889537] [vertical_lidar_mapper]: 3D scan matching rejected keyframe: insufficient scan or submap geometry (source=55 submap=6050 overlap=0.00 rmse=0.000m correction=0.000m/0.00deg).
[WARN] [1785062505.817456502] [vertical_lidar_mapper]: 3D scan matching rejected keyframe: insufficient scan or submap geometry (source=57 submap=6050 overlap=0.00 rmse=0.000m correction=0.000m/0.00deg).
[WARN] [1785062506.917654742] [vertical_lidar_mapper]: 3D scan matching rejected keyframe: insufficient scan or submap geometry (source=58 submap=6049 overlap=0.00 rmse=0.000m correction=0.000m/0.00deg).
[WARN] [1785062508.017387255] [vertical_lidar_mapper]: 3D scan matching rejected keyframe: insufficient scan or submap geometry (source=61 submap=6050 overlap=0.00 rmse=0.000m correction=0.000m/0.00deg).
[WARN] [1785062509.108395048] [vertical_lidar_mapper]: 3D scan matching rejected keyframe: insufficient scan or submap geometry (source=57 submap=6050 overlap=0.00 rmse=0.000m correction=0.000m/0.00deg).
[WARN] [1785062510.208155698] [vertical_lidar_mapper]: 3D scan matching rejected keyframe: insufficient scan or submap geometry (source=56 submap=6049 overlap=0.00 rmse=0.000m correction=0.000m/0.00deg).
[WARN] [1785062511.297615351] [vertical_lidar_mapper]: 3D scan matching rejected keyframe: insufficient scan or submap geometry (source=53 submap=6049 overlap=0.00 rmse=0.000m correction=0.000m/0.00deg).
[WARN] [1785062512.329954014] [vertical_lidar_mapper]: 3D scan matching rejected keyframe: insufficient scan or submap geometry (source=58 submap=6052 overlap=0.00 rmse=0.000m correction=0.000m/0.00deg).
[WARN] [1785062513.398143362] [vertical_lidar_mapper]: 3D scan matching rejected keyframe: insufficient scan or submap geometry (source=63 submap=6049 overlap=0.00 rmse=0.000m correction=0.000m/0.00deg).
[WARN] [1785062514.587813057] [vertical_lidar_mapper]: 3D scan matching rejected keyframe: insufficient scan or submap geometry (source=58 submap=6052 overlap=0.00 rmse=0.000m correction=0.000m/0.00deg).
[WARN] [1785062515.728521605] [vertical_lidar_mapper]: 3D scan matching rejected keyframe: insufficient scan or submap geometry (source=59 submap=6052 overlap=0.00 rmse=0.000m correction=0.000m/0.00deg).
[WARN] [1785062516.819198397] [vertical_lidar_mapper]: 3D scan matching rejected keyframe: insufficient scan or submap geometry (source=64 submap=6053 overlap=0.00 rmse=0.000m correction=0.000m/0.00deg).
[WARN] [1785062517.918786602] [vertical_lidar_mapper]: 3D scan matching rejected keyframe: insufficient scan or submap geometry (source=63 submap=6053 overlap=0.00 rmse=0.000m correction=0.000m/0.00deg).
[WARN] [1785062519.017255173] [vertical_lidar_mapper]: 3D scan matching rejected keyframe: insufficient scan or submap geometry (source=60 submap=6058 overlap=0.00 rmse=0.000m correction=0.000m/0.00deg).
[WARN] [1785062520.115063591] [vertical_lidar_mapper]: 3D scan matching rejected keyframe: insufficient scan or submap geometry (source=60 submap=6058 overlap=0.00 rmse=0.000m correction=0.000m/0.00deg).
[WARN] [1785062521.208437470] [vertical_lidar_mapper]: 3D scan matching rejected keyframe: insufficient scan or submap geometry (source=59 submap=6058 overlap=0.00 rmse=0.000m correction=0.000m/0.00deg).
[WARN] [1785062522.307812339] [vertical_lidar_mapper]: 3D scan matching rejected keyframe: insufficient scan or submap geometry (source=60 submap=6057 overlap=0.00 rmse=0.000m correction=0.000m/0.00deg).
[WARN] [1785062523.398009841] [vertical_lidar_mapper]: 3D scan matching rejected keyframe: insufficient scan or submap geometry (source=64 submap=6057 overlap=0.00 rmse=0.000m correction=0.000m/0.00deg).
[WARN] [1785062524.398434535] [vertical_lidar_mapper]: 3D scan matching rejected keyframe: insufficient scan or submap geometry (source=60 submap=6057 overlap=0.00 rmse=0.000m correction=0.000m/0.00deg).
[WARN] [1785062525.598387718] [vertical_lidar_mapper]: 3D scan matching rejected keyframe: insufficient scan or submap geometry (source=59 submap=6056 overlap=0.00 rmse=0.000m correction=0.000m/0.00deg).
[WARN] [1785062526.688672908] [vertical_lidar_mapper]: 3D scan matching rejected keyframe: insufficient scan or submap geometry (source=61 submap=6056 overlap=0.00 rmse=0.000m correction=0.000m/0.00deg).
[WARN] [1785062527.788309232] [vertical_lidar_mapper]: 3D scan matching rejected keyframe: insufficient scan or submap geometry (source=63 submap=6057 overlap=0.00 rmse=0.000m correction=0.000m/0.00deg).
[WARN] [1785062528.887978070] [vertical_lidar_mapper]: 3D scan matching rejected keyframe: insufficient scan or submap geometry (source=62 submap=6057 overlap=0.00 rmse=0.000m correction=0.000m/0.00deg).
[WARN] [1785062529.978747708] [vertical_lidar_mapper]: 3D scan matching rejected keyframe: insufficient scan or submap geometry (source=63 submap=6057 overlap=0.00 rmse=0.000m correction=0.000m/0.00deg).
[WARN] [1785062530.978954133] [vertical_lidar_mapper]: 3D scan matching rejected keyframe: insufficient scan or submap geometry (source=63 submap=6056 overlap=0.00 rmse=0.000m correction=0.000m/0.00deg).
[WARN] [1785062532.078614030] [vertical_lidar_mapper]: 3D scan matching rejected keyframe: insufficient scan or submap geometry (source=63 submap=6056 overlap=0.00 rmse=0.000m correction=0.000m/0.00deg).
[WARN] [1785062533.168802857] [vertical_lidar_mapper]: 3D scan matching rejected keyframe: insufficient scan or submap geometry (source=62 submap=6057 overlap=0.00 rmse=0.000m correction=0.000m/0.00deg).
[WARN] [1785062534.208138952] [vertical_lidar_mapper]: 3D scan matching rejected keyframe: insufficient scan or submap geometry (source=59 submap=6056 overlap=0.00 rmse=0.000m correction=0.000m/0.00deg).
[WARN] [1785062535.397588855] [vertical_lidar_mapper]: 3D scan matching rejected keyframe: insufficient scan or submap geometry (source=64 submap=6056 overlap=0.00 rmse=0.000m correction=0.000m/0.00deg).
[WARN] [1785062536.497353787] [vertical_lidar_mapper]: 3D scan matching rejected keyframe: insufficient scan or submap geometry (source=59 submap=6057 overlap=0.00 rmse=0.000m correction=0.000m/0.00deg).
[WARN] [1785062537.687747048] [vertical_lidar_mapper]: 3D scan matching rejected keyframe: insufficient scan or submap geometry (source=61 submap=6056 overlap=0.00 rmse=0.000m correction=0.000m/0.00deg).
[WARN] [1785062538.788103507] [vertical_lidar_mapper]: 3D scan matching rejected keyframe: insufficient scan or submap geometry (source=62 submap=6056 overlap=0.00 rmse=0.000m correction=0.000m/0.00deg).
[WARN] [1785062539.987498637] [vertical_lidar_mapper]: 3D scan matching rejected keyframe: insufficient scan or submap geometry (source=62 submap=6056 overlap=0.00 rmse=0.000m correction=0.000m/0.00deg).
[WARN] [1785062541.078612280] [vertical_lidar_mapper]: 3D scan matching rejected keyframe: insufficient scan or submap geometry (source=61 submap=6056 overlap=0.00 rmse=0.000m correction=0.000m/0.00deg).
[WARN] [1785062542.079943418] [vertical_lidar_mapper]: 3D scan matching rejected keyframe: insufficient scan or submap geometry (source=66 submap=6056 overlap=0.00 rmse=0.000m correction=0.000m/0.00deg).
[WARN] [1785062543.179108913] [vertical_lidar_mapper]: 3D scan matching rejected keyframe: insufficient scan or submap geometry (source=61 submap=6056 overlap=0.00 rmse=0.000m correction=0.000m/0.00deg).
[WARN] [1785062544.278137682] [vertical_lidar_mapper]: 3D scan matching rejected keyframe: insufficient scan or submap geometry (source=60 submap=6055 overlap=0.00 rmse=0.000m correction=0.000m/0.00deg).
[WARN] [1785062545.468775535] [vertical_lidar_mapper]: 3D scan matching rejected keyframe: insufficient scan or submap geometry (source=65 submap=6055 overlap=0.00 rmse=0.000m correction=0.000m/0.00deg).
[WARN] [1785062546.568210590] [vertical_lidar_mapper]: 3D scan matching rejected keyframe: insufficient scan or submap geometry (source=63 submap=6055 overlap=0.00 rmse=0.000m correction=0.000m/0.00deg).
[WARN] [1785062547.658194668] [vertical_lidar_mapper]: 3D scan matching rejected keyframe: insufficient scan or submap geometry (source=60 submap=6055 overlap=0.00 rmse=0.000m correction=0.000m/0.00deg).
[WARN] [1785062548.697788554] [vertical_lidar_mapper]: 3D scan matching rejected keyframe: insufficient scan or submap geometry (source=59 submap=6054 overlap=0.00 rmse=0.000m correction=0.000m/0.00deg).
[WARN] [1785062549.788255437] [vertical_lidar_mapper]: 3D scan matching rejected keyframe: insufficient scan or submap geometry (source=57 submap=6050 overlap=0.00 rmse=0.000m correction=0.000m/0.00deg).
[WARN] [1785062550.889841897] [vertical_lidar_mapper]: 3D scan matching rejected keyframe: insufficient scan or submap geometry (source=61 submap=6051 overlap=0.00 rmse=0.000m correction=0.000m/0.00deg).
[WARN] [1785062552.087757101] [vertical_lidar_mapper]: 3D scan matching rejected keyframe: insufficient scan or submap geometry (source=59 submap=6051 overlap=0.00 rmse=0.000m correction=0.000m/0.00deg).
[WARN] [1785062553.181769633] [vertical_lidar_mapper]: 3D scan matching rejected keyframe: insufficient scan or submap geometry (source=57 submap=6051 overlap=0.00 rmse=0.000m correction=0.000m/0.00deg).
[WARN] [1785062554.377930939] [vertical_lidar_mapper]: 3D scan matching rejected keyframe: insufficient scan or submap geometry (source=58 submap=6051 overlap=0.00 rmse=0.000m correction=0.000m/0.00deg).
[WARN] [1785062555.581854861] [vertical_lidar_mapper]: 3D scan matching rejected keyframe: insufficient scan or submap geometry (source=55 submap=6051 overlap=0.00 rmse=0.000m correction=0.000m/0.00deg).
[WARN] [1785062556.768407685] [vertical_lidar_mapper]: 3D scan matching rejected keyframe: insufficient scan or submap geometry (source=59 submap=6050 overlap=0.00 rmse=0.000m correction=0.000m/0.00deg).
[WARN] [1785062557.868284117] [vertical_lidar_mapper]: 3D scan matching rejected keyframe: insufficient scan or submap geometry (source=57 submap=6050 overlap=0.00 rmse=0.000m correction=0.000m/0.00deg).
[WARN] [1785062558.868405691] [vertical_lidar_mapper]: 3D scan matching rejected keyframe: insufficient scan or submap geometry (source=59 submap=6051 overlap=0.00 rmse=0.000m correction=0.000m/0.00deg).
[WARN] [1785062559.958231940] [vertical_lidar_mapper]: 3D scan matching rejected keyframe: insufficient scan or submap geometry (source=56 submap=6051 overlap=0.00 rmse=0.000m correction=0.000m/0.00deg).
[WARN] [1785062561.158192822] [vertical_lidar_mapper]: 3D scan matching rejected keyframe: insufficient scan or submap geometry (source=59 submap=6050 overlap=0.00 rmse=0.000m correction=0.000m/0.00deg).
[WARN] [1785062562.258168828] [vertical_lidar_mapper]: 3D scan matching rejected keyframe: insufficient scan or submap geometry (source=57 submap=6050 overlap=0.00 rmse=0.000m correction=0.000m/0.00deg).
[WARN] [1785062563.448009860] [vertical_lidar_mapper]: 3D scan matching rejected keyframe: insufficient scan or submap geometry (source=58 submap=6050 overlap=0.00 rmse=0.000m correction=0.000m/0.00deg).
[WARN] [1785062564.577687305] [vertical_lidar_mapper]: 3D scan matching rejected keyframe: insufficient scan or submap geometry (source=56 submap=6052 overlap=0.00 rmse=0.000m correction=0.000m/0.00deg).
[WARN] [1785062565.637992602] [vertical_lidar_mapper]: 3D scan matching rejected keyframe: insufficient scan or submap geometry (source=58 submap=6050 overlap=0.00 rmse=0.000m correction=0.000m/0.00deg).
[WARN] [1785062566.779449654] [vertical_lidar_mapper]: 3D scan matching rejected keyframe: insufficient scan or submap geometry (source=58 submap=6052 overlap=0.00 rmse=0.000m correction=0.000m/0.00deg).
[WARN] [1785062567.878455176] [vertical_lidar_mapper]: 3D scan matching rejected keyframe: insufficient scan or submap geometry (source=56 submap=6051 overlap=0.00 rmse=0.000m correction=0.000m/0.00deg).
[WARN] [1785062568.968577000] [vertical_lidar_mapper]: 3D scan matching rejected keyframe: insufficient scan or submap geometry (source=57 submap=6050 overlap=0.00 rmse=0.000m correction=0.000m/0.00deg).
[WARN] [1785062570.168402491] [vertical_lidar_mapper]: 3D scan matching rejected keyframe: insufficient scan or submap geometry (source=60 submap=6052 overlap=0.00 rmse=0.000m correction=0.000m/0.00deg).
[WARN] [1785062571.258506472] [vertical_lidar_mapper]: 3D scan matching rejected keyframe: insufficient scan or submap geometry (source=58 submap=6051 overlap=0.00 rmse=0.000m correction=0.000m/0.00deg).
[WARN] [1785062572.358090994] [vertical_lidar_mapper]: 3D scan matching rejected keyframe: insufficient scan or submap geometry (source=59 submap=6051 overlap=0.00 rmse=0.000m correction=0.000m/0.00deg).
[WARN] [1785062573.558366840] [vertical_lidar_mapper]: 3D scan matching rejected keyframe: insufficient scan or submap geometry (source=63 submap=6051 overlap=0.00 rmse=0.000m correction=0.000m/0.00deg).
[WARN] [1785062574.649166493] [vertical_lidar_mapper]: 3D scan matching rejected keyframe: insufficient scan or submap geometry (source=57 submap=6052 overlap=0.00 rmse=0.000m correction=0.000m/0.00deg).
[WARN] [1785062575.748113688] [vertical_lidar_mapper]: 3D scan matching rejected keyframe: insufficient scan or submap geometry (source=59 submap=6050 overlap=0.00 rmse=0.000m correction=0.000m/0.00deg).
[WARN] [1785062576.847572766] [vertical_lidar_mapper]: 3D scan matching rejected keyframe: insufficient scan or submap geometry (source=63 submap=6052 overlap=0.00 rmse=0.000m correction=0.000m/0.00deg).
[WARN] [1785062578.038054420] [vertical_lidar_mapper]: 3D scan matching rejected keyframe: insufficient scan or submap geometry (source=59 submap=6052 overlap=0.00 rmse=0.000m correction=0.000m/0.00deg).
[WARN] [1785062579.070367661] [vertical_lidar_mapper]: 3D scan matching rejected keyframe: insufficient scan or submap geometry (source=59 submap=6052 overlap=0.00 rmse=0.000m correction=0.000m/0.00deg).
[WARN] [1785062580.238223313] [vertical_lidar_mapper]: 3D scan matching rejected keyframe: insufficient scan or submap geometry (source=62 submap=6052 overlap=0.00 rmse=0.000m correction=0.000m/0.00deg).
[WARN] [1785062581.337528282] [vertical_lidar_mapper]: 3D scan matching rejected keyframe: insufficient scan or submap geometry (source=60 submap=6050 overlap=0.00 rmse=0.000m correction=0.000m/0.00deg).
[WARN] [1785062582.358640450] [vertical_lidar_mapper]: 3D scan matching rejected keyframe: insufficient scan or submap geometry (source=62 submap=6053 overlap=0.00 rmse=0.000m correction=0.000m/0.00deg).
[WARN] [1785062583.457726837] [vertical_lidar_mapper]: 3D scan matching rejected keyframe: insufficient scan or submap geometry (source=62 submap=6053 overlap=0.00 rmse=0.000m correction=0.000m/0.00deg).
[WARN] [1785062584.557866219] [vertical_lidar_mapper]: 3D scan matching rejected keyframe: insufficient scan or submap geometry (source=60 submap=6053 overlap=0.00 rmse=0.000m correction=0.000m/0.00deg).
[WARN] [1785062585.558338030] [vertical_lidar_mapper]: 3D scan matching rejected keyframe: insufficient scan or submap geometry (source=62 submap=6053 overlap=0.00 rmse=0.000m correction=0.000m/0.00deg).
[WARN] [1785062586.747701576] [vertical_lidar_mapper]: 3D scan matching rejected keyframe: insufficient scan or submap geometry (source=65 submap=6054 overlap=0.00 rmse=0.000m correction=0.000m/0.00deg).
[WARN] [1785062587.847538298] [vertical_lidar_mapper]: 3D scan matching rejected keyframe: insufficient scan or submap geometry (source=62 submap=6055 overlap=0.00 rmse=0.000m correction=0.000m/0.00deg).
[WARN] [1785062588.937400342] [vertical_lidar_mapper]: 3D scan matching rejected keyframe: insufficient scan or submap geometry (source=60 submap=6055 overlap=0.00 rmse=0.000m correction=0.000m/0.00deg).
[WARN] [1785062589.937733102] [vertical_lidar_mapper]: 3D scan matching rejected keyframe: insufficient scan or submap geometry (source=63 submap=6056 overlap=0.00 rmse=0.000m correction=0.000m/0.00deg).
[WARN] [1785062591.044012323] [vertical_lidar_mapper]: 3D scan matching rejected keyframe: insufficient scan or submap geometry (source=61 submap=6056 overlap=0.00 rmse=0.000m correction=0.000m/0.00deg).
[WARN] [1785062592.228795740] [vertical_lidar_mapper]: 3D scan matching rejected keyframe: insufficient scan or submap geometry (source=63 submap=6055 overlap=0.00 rmse=0.000m correction=0.000m/0.00deg).
[WARN] [1785062593.328798201] [vertical_lidar_mapper]: 3D scan matching rejected keyframe: insufficient scan or submap geometry (source=62 submap=6056 overlap=0.00 rmse=0.000m correction=0.000m/0.00deg).
[WARN] [1785062594.528823925] [vertical_lidar_mapper]: 3D scan matching rejected keyframe: insufficient scan or submap geometry (source=64 submap=6055 overlap=0.00 rmse=0.000m correction=0.000m/0.00deg).
[WARN] [1785062595.617808780] [vertical_lidar_mapper]: 3D scan matching rejected keyframe: insufficient scan or submap geometry (source=59 submap=6056 overlap=0.00 rmse=0.000m correction=0.000m/0.00deg).
[WARN] [1785062596.717678803] [vertical_lidar_mapper]: 3D scan matching rejected keyframe: insufficient scan or submap geometry (source=66 submap=6056 overlap=0.00 rmse=0.000m correction=0.000m/0.00deg).
[WARN] [1785062597.948162550] [vertical_lidar_mapper]: 3D scan matching rejected keyframe: insufficient scan or submap geometry (source=59 submap=6057 overlap=0.00 rmse=0.000m correction=0.000m/0.00deg).
[WARN] [1785062599.047724398] [vertical_lidar_mapper]: 3D scan matching rejected keyframe: insufficient scan or submap geometry (source=60 submap=6053 overlap=0.00 rmse=0.000m correction=0.000m/0.00deg).
[WARN] [1785062600.138013384] [vertical_lidar_mapper]: 3D scan matching rejected keyframe: insufficient scan or submap geometry (source=59 submap=6052 overlap=0.00 rmse=0.000m correction=0.000m/0.00deg).
[WARN] [1785062601.237977538] [vertical_lidar_mapper]: 3D scan matching rejected keyframe: insufficient scan or submap geometry (source=60 submap=6053 overlap=0.00 rmse=0.000m correction=0.000m/0.00deg).
[WARN] [1785062602.239490497] [vertical_lidar_mapper]: 3D scan matching rejected keyframe: insufficient scan or submap geometry (source=59 submap=6053 overlap=0.00 rmse=0.000m correction=0.000m/0.00deg).
[WARN] [1785062603.337649351] [vertical_lidar_mapper]: 3D scan matching rejected keyframe: insufficient scan or submap geometry (source=61 submap=6052 overlap=0.00 rmse=0.000m correction=0.000m/0.00deg).
[WARN] [1785062604.427319026] [vertical_lidar_mapper]: 3D scan matching rejected keyframe: insufficient scan or submap geometry (source=59 submap=6052 overlap=0.00 rmse=0.000m correction=0.000m/0.00deg).
[WARN] [1785062605.528231942] [vertical_lidar_mapper]: 3D scan matching rejected keyframe: insufficient scan or submap geometry (source=58 submap=6052 overlap=0.00 rmse=0.000m correction=0.000m/0.00deg).
[WARN] [1785062606.528805555] [vertical_lidar_mapper]: 3D scan matching rejected keyframe: insufficient scan or submap geometry (source=60 submap=6053 overlap=0.00 rmse=0.000m correction=0.000m/0.00deg).
[WARN] [1785062607.718104668] [vertical_lidar_mapper]: 3D scan matching rejected keyframe: insufficient scan or submap geometry (source=59 submap=6052 overlap=0.00 rmse=0.000m correction=0.000m/0.00deg).
[WARN] [1785062608.918349448] [vertical_lidar_mapper]: 3D scan matching rejected keyframe: insufficient scan or submap geometry (source=56 submap=6051 overlap=0.00 rmse=0.000m correction=0.000m/0.00deg).
[WARN] [1785062609.918596902] [vertical_lidar_mapper]: 3D scan matching rejected keyframe: insufficient scan or submap geometry (source=59 submap=6051 overlap=0.00 rmse=0.000m correction=0.000m/0.00deg).
[WARN] [1785062611.009290795] [vertical_lidar_mapper]: 3D scan matching rejected keyframe: insufficient scan or submap geometry (source=59 submap=6052 overlap=0.00 rmse=0.000m correction=0.000m/0.00deg).
[WARN] [1785062612.137376784] [vertical_lidar_mapper]: 3D scan matching rejected keyframe: insufficient scan or submap geometry (source=60 submap=6052 overlap=0.00 rmse=0.000m correction=0.000m/0.00deg).
[WARN] [1785062613.137626080] [vertical_lidar_mapper]: 3D scan matching rejected keyframe: insufficient scan or submap geometry (source=59 submap=6052 overlap=0.00 rmse=0.000m correction=0.000m/0.00deg).
[WARN] [1785062614.238120912] [vertical_lidar_mapper]: 3D scan matching rejected keyframe: insufficient scan or submap geometry (source=51 submap=6053 overlap=0.00 rmse=0.000m correction=0.000m/0.00deg).
[WARN] [1785062615.328588476] [vertical_lidar_mapper]: 3D scan matching rejected keyframe: insufficient scan or submap geometry (source=58 submap=6059 overlap=0.00 rmse=0.000m correction=0.000m/0.00deg).
[WARN] [1785062616.428723727] [vertical_lidar_mapper]: 3D scan matching rejected keyframe: insufficient scan or submap geometry (source=57 submap=6060 overlap=0.00 rmse=0.000m correction=0.000m/0.00deg).
[WARN] [1785062617.528010846] [vertical_lidar_mapper]: 3D scan matching rejected keyframe: insufficient scan or submap geometry (source=45 submap=6064 overlap=0.00 rmse=0.000m correction=0.000m/0.00deg).
[WARN] [1785062618.628303497] [vertical_lidar_mapper]: 3D scan matching rejected keyframe: insufficient scan or submap geometry (source=59 submap=6068 overlap=0.00 rmse=0.000m correction=0.000m/0.00deg).
[WARN] [1785062619.818077713] [vertical_lidar_mapper]: 3D scan matching rejected keyframe: insufficient scan or submap geometry (source=59 submap=6067 overlap=0.00 rmse=0.000m correction=0.000m/0.00deg).
[WARN] [1785062620.917862969] [vertical_lidar_mapper]: 3D scan matching rejected keyframe: insufficient scan or submap geometry (source=51 submap=6075 overlap=0.00 rmse=0.000m correction=0.000m/0.00deg).
[WARN] [1785062622.017350887] [vertical_lidar_mapper]: 3D scan matching rejected keyframe: insufficient scan or submap geometry (source=61 submap=6099 overlap=0.00 rmse=0.000m correction=0.000m/0.00deg).
[WARN] [1785062623.017775414] [vertical_lidar_mapper]: 3D scan matching rejected keyframe: insufficient scan or submap geometry (source=63 submap=6099 overlap=0.00 rmse=0.000m correction=0.000m/0.00deg).
[WARN] [1785062624.107385913] [vertical_lidar_mapper]: 3D scan matching rejected keyframe: insufficient scan or submap geometry (source=58 submap=6101 overlap=0.00 rmse=0.000m correction=0.000m/0.00deg).
[WARN] [1785062625.108083247] [vertical_lidar_mapper]: 3D scan matching rejected keyframe: insufficient scan or submap geometry (source=57 submap=6098 overlap=0.00 rmse=0.000m correction=0.000m/0.00deg).
[WARN] [1785062626.137774226] [vertical_lidar_mapper]: 3D scan matching rejected keyframe: insufficient scan or submap geometry (source=58 submap=6099 overlap=0.00 rmse=0.000m correction=0.000m/0.00deg).
[WARN] [1785062627.197875884] [vertical_lidar_mapper]: 3D scan matching rejected keyframe: insufficient scan or submap geometry (source=60 submap=6099 overlap=0.00 rmse=0.000m correction=0.000m/0.00deg).
[WARN] [1785062628.197932896] [vertical_lidar_mapper]: 3D scan matching rejected keyframe: insufficient scan or submap geometry (source=56 submap=6098 overlap=0.00 rmse=0.000m correction=0.000m/0.00deg).
[WARN] [1785062629.228503438] [vertical_lidar_mapper]: 3D scan matching rejected keyframe: insufficient scan or submap geometry (source=61 submap=6099 overlap=0.00 rmse=0.000m correction=0.000m/0.00deg).
[WARN] [1785062630.328613811] [vertical_lidar_mapper]: 3D scan matching rejected keyframe: insufficient scan or submap geometry (source=61 submap=6099 overlap=0.00 rmse=0.000m correction=0.000m/0.00deg).
[WARN] [1785062631.517997321] [vertical_lidar_mapper]: 3D scan matching rejected keyframe: insufficient scan or submap geometry (source=53 submap=6098 overlap=0.00 rmse=0.000m correction=0.000m/0.00deg).
[WARN] [1785062632.617351354] [vertical_lidar_mapper]: 3D scan matching rejected keyframe: insufficient scan or submap geometry (source=59 submap=6099 overlap=0.00 rmse=0.000m correction=0.000m/0.00deg).
[WARN] [1785062633.808548114] [vertical_lidar_mapper]: 3D scan matching rejected keyframe: insufficient scan or submap geometry (source=63 submap=6097 overlap=0.00 rmse=0.000m correction=0.000m/0.00deg).
[WARN] [1785062634.908910417] [vertical_lidar_mapper]: 3D scan matching rejected keyframe: insufficient scan or submap geometry (source=59 submap=6098 overlap=0.00 rmse=0.000m correction=0.000m/0.00deg).
[WARN] [1785062636.008062236] [vertical_lidar_mapper]: 3D scan matching rejected keyframe: insufficient scan or submap geometry (source=58 submap=6097 overlap=0.00 rmse=0.000m correction=0.000m/0.00deg).
[WARN] [1785062637.097786250] [vertical_lidar_mapper]: 3D scan matching rejected keyframe: insufficient scan or submap geometry (source=60 submap=6097 overlap=0.00 rmse=0.000m correction=0.000m/0.00deg).
[WARN] [1785062638.198107117] [vertical_lidar_mapper]: 3D scan matching rejected keyframe: insufficient scan or submap geometry (source=57 submap=6098 overlap=0.00 rmse=0.000m correction=0.000m/0.00deg).
[WARN] [1785062639.297406834] [vertical_lidar_mapper]: 3D scan matching rejected keyframe: insufficient scan or submap geometry (source=53 submap=6097 overlap=0.00 rmse=0.000m correction=0.000m/0.00deg).
[WARN] [1785062640.388514911] [vertical_lidar_mapper]: 3D scan matching rejected keyframe: insufficient scan or submap geometry (source=58 submap=6097 overlap=0.00 rmse=0.000m correction=0.000m/0.00deg).
[WARN] [1785062641.588441447] [vertical_lidar_mapper]: 3D scan matching rejected keyframe: insufficient scan or submap geometry (source=57 submap=6097 overlap=0.00 rmse=0.000m correction=0.000m/0.00deg).
[WARN] [1785062642.688003653] [vertical_lidar_mapper]: 3D scan matching rejected keyframe: insufficient scan or submap geometry (source=59 submap=6097 overlap=0.00 rmse=0.000m correction=0.000m/0.00deg).
[WARN] [1785062643.887611627] [vertical_lidar_mapper]: 3D scan matching rejected keyframe: insufficient scan or submap geometry (source=62 submap=6099 overlap=0.00 rmse=0.000m correction=0.000m/0.00deg).
[WARN] [1785062645.017661822] [vertical_lidar_mapper]: 3D scan matching rejected keyframe: insufficient scan or submap geometry (source=60 submap=6101 overlap=0.00 rmse=0.000m correction=0.000m/0.00deg).
[WARN] [1785062646.078077516] [vertical_lidar_mapper]: 3D scan matching rejected keyframe: insufficient scan or submap geometry (source=61 submap=6098 overlap=0.00 rmse=0.000m correction=0.000m/0.00deg).
[WARN] [1785062647.207865649] [vertical_lidar_mapper]: 3D scan matching rejected keyframe: insufficient scan or submap geometry (source=58 submap=6099 overlap=0.00 rmse=0.000m correction=0.000m/0.00deg).
[WARN] [1785062648.208193513] [vertical_lidar_mapper]: 3D scan matching rejected keyframe: insufficient scan or submap geometry (source=61 submap=6098 overlap=0.00 rmse=0.000m correction=0.000m/0.00deg).
[WARN] [1785062649.397628335] [vertical_lidar_mapper]: 3D scan matching rejected keyframe: insufficient scan or submap geometry (source=57 submap=6098 overlap=0.00 rmse=0.000m correction=0.000m/0.00deg).
[WARN] [1785062650.497553277] [vertical_lidar_mapper]: 3D scan matching rejected keyframe: insufficient scan or submap geometry (source=61 submap=6099 overlap=0.00 rmse=0.000m correction=0.000m/0.00deg).
[WARN] [1785062651.688288275] [vertical_lidar_mapper]: 3D scan matching rejected keyframe: insufficient scan or submap geometry (source=61 submap=6100 overlap=0.00 rmse=0.000m correction=0.000m/0.00deg).
[WARN] [1785062652.887783461] [vertical_lidar_mapper]: 3D scan matching rejected keyframe: insufficient scan or submap geometry (source=63 submap=6101 overlap=0.00 rmse=0.000m correction=0.000m/0.00deg).
[WARN] [1785062653.887800736] [vertical_lidar_mapper]: 3D scan matching rejected keyframe: insufficient scan or submap geometry (source=63 submap=6098 overlap=0.00 rmse=0.000m correction=0.000m/0.00deg).
[WARN] [1785062655.087568526] [vertical_lidar_mapper]: 3D scan matching rejected keyframe: insufficient scan or submap geometry (source=64 submap=6099 overlap=0.00 rmse=0.000m correction=0.000m/0.00deg).
[WARN] [1785062656.178205576] [vertical_lidar_mapper]: 3D scan matching rejected keyframe: insufficient scan or submap geometry (source=60 submap=6100 overlap=0.00 rmse=0.000m correction=0.000m/0.00deg).
[WARN] [1785062657.278779961] [vertical_lidar_mapper]: 3D scan matching rejected keyframe: insufficient scan or submap geometry (source=60 submap=6098 overlap=0.00 rmse=0.000m correction=0.000m/0.00deg).
[WARN] [1785062658.478357722] [vertical_lidar_mapper]: 3D scan matching rejected keyframe: insufficient scan or submap geometry (source=63 submap=6099 overlap=0.00 rmse=0.000m correction=0.000m/0.00deg).
[WARN] [1785062659.567855023] [vertical_lidar_mapper]: 3D scan matching rejected keyframe: insufficient scan or submap geometry (source=61 submap=6099 overlap=0.00 rmse=0.000m correction=0.000m/0.00deg).
[WARN] [1785062660.568522725] [vertical_lidar_mapper]: 3D scan matching rejected keyframe: insufficient scan or submap geometry (source=57 submap=6099 overlap=0.00 rmse=0.000m correction=0.000m/0.00deg).
[WARN] [1785062661.667961099] [vertical_lidar_mapper]: 3D scan matching rejected keyframe: insufficient scan or submap geometry (source=57 submap=6099 overlap=0.00 rmse=0.000m correction=0.000m/0.00deg).
[WARN] [1785062662.697978476] [vertical_lidar_mapper]: 3D scan matching rejected keyframe: insufficient scan or submap geometry (source=60 submap=6098 overlap=0.00 rmse=0.000m correction=0.000m/0.00deg).
[WARN] [1785062663.857877055] [vertical_lidar_mapper]: 3D scan matching rejected keyframe: insufficient scan or submap geometry (source=60 submap=6099 overlap=0.00 rmse=0.000m correction=0.000m/0.00deg).
[WARN] [1785062664.988929931] [vertical_lidar_mapper]: 3D scan matching rejected keyframe: insufficient scan or submap geometry (source=58 submap=6098 overlap=0.00 rmse=0.000m correction=0.000m/0.00deg).
[WARN] [1785062666.088410904] [vertical_lidar_mapper]: 3D scan matching rejected keyframe: insufficient scan or submap geometry (source=56 submap=6103 overlap=0.00 rmse=0.000m correction=0.000m/0.00deg).
[WARN] [1785062667.180305088] [vertical_lidar_mapper]: 3D scan matching rejected keyframe: insufficient scan or submap geometry (source=63 submap=6099 overlap=0.00 rmse=0.000m correction=0.000m/0.00deg).
[WARN] [1785062668.378678673] [vertical_lidar_mapper]: 3D scan matching rejected keyframe: insufficient scan or submap geometry (source=60 submap=6099 overlap=0.00 rmse=0.000m correction=0.000m/0.00deg).
[WARN] [1785062669.378867187] [vertical_lidar_mapper]: 3D scan matching rejected keyframe: insufficient scan or submap geometry (source=61 submap=6099 overlap=0.00 rmse=0.000m correction=0.000m/0.00deg).
[WARN] [1785062670.569213851] [vertical_lidar_mapper]: 3D scan matching rejected keyframe: insufficient scan or submap geometry (source=64 submap=6100 overlap=0.00 rmse=0.000m correction=0.000m/0.00deg).
[WARN] [1785062671.668207939] [vertical_lidar_mapper]: 3D scan matching rejected keyframe: insufficient scan or submap geometry (source=62 submap=6099 overlap=0.00 rmse=0.000m correction=0.000m/0.00deg).
[WARN] [1785062672.767674432] [vertical_lidar_mapper]: 3D scan matching rejected keyframe: insufficient scan or submap geometry (source=61 submap=6098 overlap=0.00 rmse=0.000m correction=0.000m/0.00deg).
[WARN] [1785062673.968166442] [vertical_lidar_mapper]: 3D scan matching rejected keyframe: insufficient scan or submap geometry (source=58 submap=6097 overlap=0.00 rmse=0.000m correction=0.000m/0.00deg).
[WARN] [1785062675.158426500] [vertical_lidar_mapper]: 3D scan matching rejected keyframe: insufficient scan or submap geometry (source=63 submap=6100 overlap=0.00 rmse=0.000m correction=0.000m/0.00deg).
[WARN] [1785062676.257702169] [vertical_lidar_mapper]: 3D scan matching rejected keyframe: insufficient scan or submap geometry (source=63 submap=6102 overlap=0.00 rmse=0.000m correction=0.000m/0.00deg).
[WARN] [1785062677.448397146] [vertical_lidar_mapper]: 3D scan matching rejected keyframe: insufficient scan or submap geometry (source=60 submap=6104 overlap=0.00 rmse=0.000m correction=0.000m/0.00deg).
[WARN] [1785062678.580588242] [vertical_lidar_mapper]: 3D scan matching rejected keyframe: insufficient scan or submap geometry (source=61 submap=6098 overlap=0.00 rmse=0.000m correction=0.000m/0.00deg).
[WARN] [1785062679.748512357] [vertical_lidar_mapper]: 3D scan matching rejected keyframe: insufficient scan or submap geometry (source=63 submap=6102 overlap=0.00 rmse=0.000m correction=0.000m/0.00deg).
[WARN] [1785062680.978131954] [vertical_lidar_mapper]: 3D scan matching rejected keyframe: insufficient scan or submap geometry (source=61 submap=6103 overlap=0.00 rmse=0.000m correction=0.000m/0.00deg).
[WARN] [1785062682.169892120] [vertical_lidar_mapper]: 3D scan matching rejected keyframe: insufficient scan or submap geometry (source=62 submap=6102 overlap=0.00 rmse=0.000m correction=0.000m/0.00deg).
[WARN] [1785062683.268226086] [vertical_lidar_mapper]: 3D scan matching rejected keyframe: insufficient scan or submap geometry (source=60 submap=6103 overlap=0.00 rmse=0.000m correction=0.000m/0.00deg).
[WARN] [1785062684.368682547] [vertical_lidar_mapper]: 3D scan matching rejected keyframe: insufficient scan or submap geometry (source=59 submap=6103 overlap=0.00 rmse=0.000m correction=0.000m/0.00deg).
[WARN] [1785062685.557994819] [vertical_lidar_mapper]: 3D scan matching rejected keyframe: insufficient scan or submap geometry (source=63 submap=6103 overlap=0.00 rmse=0.000m correction=0.000m/0.00deg).
[WARN] [1785062686.558380810] [vertical_lidar_mapper]: 3D scan matching rejected keyframe: insufficient scan or submap geometry (source=56 submap=6102 overlap=0.00 rmse=0.000m correction=0.000m/0.00deg).
[WARN] [1785062687.658095819] [vertical_lidar_mapper]: 3D scan matching rejected keyframe: insufficient scan or submap geometry (source=58 submap=6103 overlap=0.00 rmse=0.000m correction=0.000m/0.00deg).
[WARN] [1785062688.758211639] [vertical_lidar_mapper]: 3D scan matching rejected keyframe: insufficient scan or submap geometry (source=60 submap=6104 overlap=0.00 rmse=0.000m correction=0.000m/0.00deg).
[WARN] [1785062689.847632010] [vertical_lidar_mapper]: 3D scan matching rejected keyframe: insufficient scan or submap geometry (source=62 submap=6103 overlap=0.00 rmse=0.000m correction=0.000m/0.00deg).
[WARN] [1785062690.847773881] [vertical_lidar_mapper]: 3D scan matching rejected keyframe: insufficient scan or submap geometry (source=58 submap=6102 overlap=0.00 rmse=0.000m correction=0.000m/0.00deg).
[WARN] [1785062691.947799138] [vertical_lidar_mapper]: 3D scan matching rejected keyframe: insufficient scan or submap geometry (source=54 submap=6103 overlap=0.00 rmse=0.000m correction=0.000m/0.00deg).
[WARN] [1785062692.947823782] [vertical_lidar_mapper]: 3D scan matching rejected keyframe: insufficient scan or submap geometry (source=59 submap=6102 overlap=0.00 rmse=0.000m correction=0.000m/0.00deg).
[WARN] [1785062694.037389957] [vertical_lidar_mapper]: 3D scan matching rejected keyframe: insufficient scan or submap geometry (source=61 submap=6102 overlap=0.00 rmse=0.000m correction=0.000m/0.00deg).
[WARN] [1785062695.167985661] [vertical_lidar_mapper]: 3D scan matching rejected keyframe: insufficient scan or submap geometry (source=57 submap=6103 overlap=0.00 rmse=0.000m correction=0.000m/0.00deg).
[WARN] [1785062696.258080719] [vertical_lidar_mapper]: 3D scan matching rejected keyframe: insufficient scan or submap geometry (source=62 submap=6102 overlap=0.00 rmse=0.000m correction=0.000m/0.00deg).
[WARN] [1785062697.358268425] [vertical_lidar_mapper]: 3D scan matching rejected keyframe: insufficient scan or submap geometry (source=56 submap=6098 overlap=0.00 rmse=0.000m correction=0.000m/0.00deg).
[WARN] [1785062698.528999079] [vertical_lidar_mapper]: 3D scan matching rejected keyframe: insufficient scan or submap geometry (source=60 submap=6098 overlap=0.00 rmse=0.000m correction=0.000m/0.00deg).
[WARN] [1785062699.558449276] [vertical_lidar_mapper]: 3D scan matching rejected keyframe: insufficient scan or submap geometry (source=58 submap=6099 overlap=0.00 rmse=0.000m correction=0.000m/0.00deg).
[WARN] [1785062700.748450506] [vertical_lidar_mapper]: 3D scan matching rejected keyframe: insufficient scan or submap geometry (source=62 submap=6099 overlap=0.00 rmse=0.000m correction=0.000m/0.00deg).
[WARN] [1785062701.948110960] [vertical_lidar_mapper]: 3D scan matching rejected keyframe: insufficient scan or submap geometry (source=57 submap=6099 overlap=0.00 rmse=0.000m correction=0.000m/0.00deg).
[WARN] [1785062703.047551321] [vertical_lidar_mapper]: 3D scan matching rejected keyframe: insufficient scan or submap geometry (source=62 submap=6099 overlap=0.00 rmse=0.000m correction=0.000m/0.00deg).
[WARN] [1785062704.138162322] [vertical_lidar_mapper]: 3D scan matching rejected keyframe: insufficient scan or submap geometry (source=61 submap=6101 overlap=0.00 rmse=0.000m correction=0.000m/0.00deg).
[WARN] [1785062705.338103211] [vertical_lidar_mapper]: 3D scan matching rejected keyframe: insufficient scan or submap geometry (source=63 submap=6102 overlap=0.00 rmse=0.000m correction=0.000m/0.00deg).
[WARN] [1785062706.427499301] [vertical_lidar_mapper]: 3D scan matching rejected keyframe: insufficient scan or submap geometry (source=65 submap=6102 overlap=0.00 rmse=0.000m correction=0.000m/0.00deg).
[WARN] [1785062707.528946223] [vertical_lidar_mapper]: 3D scan matching rejected keyframe: insufficient scan or submap geometry (source=67 submap=6102 overlap=0.00 rmse=0.000m correction=0.000m/0.00deg).
[WARN] [1785062708.728440363] [vertical_lidar_mapper]: 3D scan matching rejected keyframe: insufficient scan or submap geometry (source=60 submap=6100 overlap=0.00 rmse=0.000m correction=0.000m/0.00deg).
[WARN] [1785062709.828726022] [vertical_lidar_mapper]: 3D scan matching rejected keyframe: insufficient scan or submap geometry (source=54 submap=6100 overlap=0.00 rmse=0.000m correction=0.000m/0.00deg).
[WARN] [1785062710.858351953] [vertical_lidar_mapper]: 3D scan matching rejected keyframe: insufficient scan or submap geometry (source=62 submap=6100 overlap=0.00 rmse=0.000m correction=0.000m/0.00deg).
[WARN] [1785062711.921952200] [vertical_lidar_mapper]: 3D scan matching rejected keyframe: insufficient scan or submap geometry (source=64 submap=6100 overlap=0.00 rmse=0.000m correction=0.000m/0.00deg).
[WARN] [1785062713.017700451] [vertical_lidar_mapper]: 3D scan matching rejected keyframe: insufficient scan or submap geometry (source=63 submap=6103 overlap=0.00 rmse=0.000m correction=0.000m/0.00deg).
[WARN] [1785062714.047837633] [vertical_lidar_mapper]: 3D scan matching rejected keyframe: insufficient scan or submap geometry (source=63 submap=6106 overlap=0.00 rmse=0.000m correction=0.000m/0.00deg).
[WARN] [1785062715.137996055] [vertical_lidar_mapper]: 3D scan matching rejected keyframe: insufficient scan or submap geometry (source=62 submap=6107 overlap=0.00 rmse=0.000m correction=0.000m/0.00deg).
[WARN] [1785062716.138536426] [vertical_lidar_mapper]: 3D scan matching rejected keyframe: insufficient scan or submap geometry (source=57 submap=6107 overlap=0.00 rmse=0.000m correction=0.000m/0.00deg).
[WARN] [1785062717.238661439] [vertical_lidar_mapper]: 3D scan matching rejected keyframe: insufficient scan or submap geometry (source=57 submap=6106 overlap=0.00 rmse=0.000m correction=0.000m/0.00deg).
[WARN] [1785062718.338525968] [vertical_lidar_mapper]: 3D scan matching rejected keyframe: insufficient scan or submap geometry (source=59 submap=6109 overlap=0.00 rmse=0.000m correction=0.000m/0.00deg).
[WARN] [1785062719.528064893] [vertical_lidar_mapper]: 3D scan matching rejected keyframe: insufficient scan or submap geometry (source=58 submap=6107 overlap=0.00 rmse=0.000m correction=0.000m/0.00deg).
[WARN] [1785062720.528747792] [vertical_lidar_mapper]: 3D scan matching rejected keyframe: insufficient scan or submap geometry (source=56 submap=6107 overlap=0.00 rmse=0.000m correction=0.000m/0.00deg).
[WARN] [1785062721.627493668] [vertical_lidar_mapper]: 3D scan matching rejected keyframe: insufficient scan or submap geometry (source=57 submap=6108 overlap=0.00 rmse=0.000m correction=0.000m/0.00deg).
[WARN] [1785062722.817596048] [vertical_lidar_mapper]: 3D scan matching rejected keyframe: insufficient scan or submap geometry (source=62 submap=6106 overlap=0.00 rmse=0.000m correction=0.000m/0.00deg).
[WARN] [1785062724.017719242] [vertical_lidar_mapper]: 3D scan matching rejected keyframe: insufficient scan or submap geometry (source=62 submap=6108 overlap=0.00 rmse=0.000m correction=0.000m/0.00deg).
[WARN] [1785062725.109103240] [vertical_lidar_mapper]: 3D scan matching rejected keyframe: insufficient scan or submap geometry (source=61 submap=6108 overlap=0.00 rmse=0.000m correction=0.000m/0.00deg).
[WARN] [1785062726.308325536] [vertical_lidar_mapper]: 3D scan matching rejected keyframe: insufficient scan or submap geometry (source=57 submap=6108 overlap=0.00 rmse=0.000m correction=0.000m/0.00deg).
[WARN] [1785062727.508855976] [vertical_lidar_mapper]: 3D scan matching rejected keyframe: insufficient scan or submap geometry (source=58 submap=6107 overlap=0.00 rmse=0.000m correction=0.000m/0.00deg).
[WARN] [1785062728.597987867] [vertical_lidar_mapper]: 3D scan matching rejected keyframe: insufficient scan or submap geometry (source=58 submap=6125 overlap=0.00 rmse=0.000m correction=0.000m/0.00deg).
[WARN] [1785062729.637785250] [vertical_lidar_mapper]: 3D scan matching rejected keyframe: insufficient scan or submap geometry (source=62 submap=6122 overlap=0.00 rmse=0.000m correction=0.000m/0.00deg).
[WARN] [1785062730.729350495] [vertical_lidar_mapper]: 3D scan matching rejected keyframe: insufficient scan or submap geometry (source=59 submap=6122 overlap=0.00 rmse=0.000m correction=0.000m/0.00deg).
[WARN] [1785062731.798005406] [vertical_lidar_mapper]: 3D scan matching rejected keyframe: insufficient scan or submap geometry (source=59 submap=6122 overlap=0.00 rmse=0.000m correction=0.000m/0.00deg).
[WARN] [1785062733.018006694] [vertical_lidar_mapper]: 3D scan matching rejected keyframe: insufficient scan or submap geometry (source=57 submap=6123 overlap=0.00 rmse=0.000m correction=0.000m/0.00deg).
[WARN] [1785062734.117798102] [vertical_lidar_mapper]: 3D scan matching rejected keyframe: insufficient scan or submap geometry (source=60 submap=6121 overlap=0.00 rmse=0.000m correction=0.000m/0.00deg).
[WARN] [1785062735.217461710] [vertical_lidar_mapper]: 3D scan matching rejected keyframe: insufficient scan or submap geometry (source=57 submap=6122 overlap=0.00 rmse=0.000m correction=0.000m/0.00deg).
[WARN] [1785062736.217770184] [vertical_lidar_mapper]: 3D scan matching rejected keyframe: insufficient scan or submap geometry (source=58 submap=6123 overlap=0.00 rmse=0.000m correction=0.000m/0.00deg).
[WARN] [1785062737.308304574] [vertical_lidar_mapper]: 3D scan matching rejected keyframe: insufficient scan or submap geometry (source=59 submap=6123 overlap=0.00 rmse=0.000m correction=0.000m/0.00deg).
[WARN] [1785062738.408084612] [vertical_lidar_mapper]: 3D scan matching rejected keyframe: insufficient scan or submap geometry (source=58 submap=6123 overlap=0.00 rmse=0.000m correction=0.000m/0.00deg).
[WARN] [1785062739.508396454] [vertical_lidar_mapper]: 3D scan matching rejected keyframe: insufficient scan or submap geometry (source=59 submap=6123 overlap=0.00 rmse=0.000m correction=0.000m/0.00deg).
[WARN] [1785062740.597903105] [vertical_lidar_mapper]: 3D scan matching rejected keyframe: insufficient scan or submap geometry (source=58 submap=6122 overlap=0.00 rmse=0.000m correction=0.000m/0.00deg).
[WARN] [1785062741.598142798] [vertical_lidar_mapper]: 3D scan matching rejected keyframe: insufficient scan or submap geometry (source=57 submap=6124 overlap=0.00 rmse=0.000m correction=0.000m/0.00deg).
[WARN] [1785062742.798259394] [vertical_lidar_mapper]: 3D scan matching rejected keyframe: insufficient scan or submap geometry (source=55 submap=6127 overlap=0.00 rmse=0.000m correction=0.000m/0.00deg).
[WARN] [1785062743.988444012] [vertical_lidar_mapper]: 3D scan matching rejected keyframe: insufficient scan or submap geometry (source=62 submap=6129 overlap=0.00 rmse=0.000m correction=0.000m/0.00deg).
[WARN] [1785062745.088263562] [vertical_lidar_mapper]: 3D scan matching rejected keyframe: insufficient scan or submap geometry (source=59 submap=6129 overlap=0.00 rmse=0.000m correction=0.000m/0.00deg).
[WARN] [1785062746.117364867] [vertical_lidar_mapper]: 3D scan matching rejected keyframe: insufficient scan or submap geometry (source=61 submap=6129 overlap=0.00 rmse=0.000m correction=0.000m/0.00deg).
[WARN] [1785062747.117779873] [vertical_lidar_mapper]: 3D scan matching rejected keyframe: insufficient scan or submap geometry (source=60 submap=6129 overlap=0.00 rmse=0.000m correction=0.000m/0.00deg).
[WARN] [1785062748.208819124] [vertical_lidar_mapper]: 3D scan matching rejected keyframe: insufficient scan or submap geometry (source=59 submap=6130 overlap=0.00 rmse=0.000m correction=0.000m/0.00deg).
[WARN] [1785062749.308548122] [vertical_lidar_mapper]: 3D scan matching rejected keyframe: insufficient scan or submap geometry (source=64 submap=6130 overlap=0.00 rmse=0.000m correction=0.000m/0.00deg).
[WARN] [1785062750.407872559] [vertical_lidar_mapper]: 3D scan matching rejected keyframe: insufficient scan or submap geometry (source=59 submap=6128 overlap=0.00 rmse=0.000m correction=0.000m/0.00deg).
[WARN] [1785062751.497975055] [vertical_lidar_mapper]: 3D scan matching rejected keyframe: insufficient scan or submap geometry (source=58 submap=6130 overlap=0.00 rmse=0.000m correction=0.000m/0.00deg).
[WARN] [1785062752.598253082] [vertical_lidar_mapper]: 3D scan matching rejected keyframe: insufficient scan or submap geometry (source=58 submap=6130 overlap=0.00 rmse=0.000m correction=0.000m/0.00deg).
[WARN] [1785062753.698215567] [vertical_lidar_mapper]: 3D scan matching rejected keyframe: insufficient scan or submap geometry (source=59 submap=6130 overlap=0.00 rmse=0.000m correction=0.000m/0.00deg).
[WARN] [1785062754.797424041] [vertical_lidar_mapper]: 3D scan matching rejected keyframe: insufficient scan or submap geometry (source=58 submap=6129 overlap=0.00 rmse=0.000m correction=0.000m/0.00deg).
[WARN] [1785062755.887654322] [vertical_lidar_mapper]: 3D scan matching rejected keyframe: insufficient scan or submap geometry (source=60 submap=6128 overlap=0.00 rmse=0.000m correction=0.000m/0.00deg).
[WARN] [1785062756.988147632] [vertical_lidar_mapper]: 3D scan matching rejected keyframe: insufficient scan or submap geometry (source=58 submap=6129 overlap=0.00 rmse=0.000m correction=0.000m/0.00deg).
[WARN] [1785062758.089172134] [vertical_lidar_mapper]: 3D scan matching rejected keyframe: insufficient scan or submap geometry (source=60 submap=6128 overlap=0.00 rmse=0.000m correction=0.000m/0.00deg).
[WARN] [1785062759.277726297] [vertical_lidar_mapper]: 3D scan matching rejected keyframe: insufficient scan or submap geometry (source=62 submap=6129 overlap=0.00 rmse=0.000m correction=0.000m/0.00deg).
[WARN] [1785062760.279276216] [vertical_lidar_mapper]: 3D scan matching rejected keyframe: insufficient scan or submap geometry (source=60 submap=6128 overlap=0.00 rmse=0.000m correction=0.000m/0.00deg).
[WARN] [1785062761.280059223] [vertical_lidar_mapper]: 3D scan matching rejected keyframe: insufficient scan or submap geometry (source=59 submap=6128 overlap=0.00 rmse=0.000m correction=0.000m/0.00deg).
[WARN] [1785062762.368421854] [vertical_lidar_mapper]: 3D scan matching rejected keyframe: insufficient scan or submap geometry (source=60 submap=6128 overlap=0.00 rmse=0.000m correction=0.000m/0.00deg).
[WARN] [1785062763.397778697] [vertical_lidar_mapper]: 3D scan matching rejected keyframe: insufficient scan or submap geometry (source=59 submap=6128 overlap=0.00 rmse=0.000m correction=0.000m/0.00deg).
[WARN] [1785062764.397803840] [vertical_lidar_mapper]: 3D scan matching rejected keyframe: insufficient scan or submap geometry (source=60 submap=6128 overlap=0.00 rmse=0.000m correction=0.000m/0.00deg).
[WARN] [1785062765.497956030] [vertical_lidar_mapper]: 3D scan matching rejected keyframe: insufficient scan or submap geometry (source=59 submap=6128 overlap=0.00 rmse=0.000m correction=0.000m/0.00deg).
[WARN] [1785062766.598105406] [vertical_lidar_mapper]: 3D scan matching rejected keyframe: insufficient scan or submap geometry (source=58 submap=6128 overlap=0.00 rmse=0.000m correction=0.000m/0.00deg).
[WARN] [1785062767.788261905] [vertical_lidar_mapper]: 3D scan matching rejected keyframe: insufficient scan or submap geometry (source=58 submap=6128 overlap=0.00 rmse=0.000m correction=0.000m/0.00deg).
[WARN] [1785062768.888514635] [vertical_lidar_mapper]: 3D scan matching rejected keyframe: insufficient scan or submap geometry (source=61 submap=6128 overlap=0.00 rmse=0.000m correction=0.000m/0.00deg).
[WARN] [1785062770.078559866] [vertical_lidar_mapper]: 3D scan matching rejected keyframe: insufficient scan or submap geometry (source=59 submap=6128 overlap=0.00 rmse=0.000m correction=0.000m/0.00deg).
[WARN] [1785062771.177582483] [vertical_lidar_mapper]: 3D scan matching rejected keyframe: insufficient scan or submap geometry (source=61 submap=6128 overlap=0.00 rmse=0.000m correction=0.000m/0.00deg).
[WARN] [1785062772.178735709] [vertical_lidar_mapper]: 3D scan matching rejected keyframe: insufficient scan or submap geometry (source=58 submap=6128 overlap=0.00 rmse=0.000m correction=0.000m/0.00deg).
[WARN] [1785062773.179367991] [vertical_lidar_mapper]: 3D scan matching rejected keyframe: insufficient scan or submap geometry (source=61 submap=6128 overlap=0.00 rmse=0.000m correction=0.000m/0.00deg).
[WARN] [1785062774.368574650] [vertical_lidar_mapper]: 3D scan matching rejected keyframe: insufficient scan or submap geometry (source=61 submap=6128 overlap=0.00 rmse=0.000m correction=0.000m/0.00deg).
[WARN] [1785062775.469689957] [vertical_lidar_mapper]: 3D scan matching rejected keyframe: insufficient scan or submap geometry (source=64 submap=6128 overlap=0.00 rmse=0.000m correction=0.000m/0.00deg).
[WARN] [1785062776.658520959] [vertical_lidar_mapper]: 3D scan matching rejected keyframe: insufficient scan or submap geometry (source=62 submap=6129 overlap=0.00 rmse=0.000m correction=0.000m/0.00deg).
[WARN] [1785062777.658655455] [vertical_lidar_mapper]: 3D scan matching rejected keyframe: insufficient scan or submap geometry (source=59 submap=6129 overlap=0.00 rmse=0.000m correction=0.000m/0.00deg).
[WARN] [1785062778.758231153] [vertical_lidar_mapper]: 3D scan matching rejected keyframe: insufficient scan or submap geometry (source=60 submap=6128 overlap=0.00 rmse=0.000m correction=0.000m/0.00deg).
[WARN] [1785062779.758506442] [vertical_lidar_mapper]: 3D scan matching rejected keyframe: insufficient scan or submap geometry (source=59 submap=6129 overlap=0.00 rmse=0.000m correction=0.000m/0.00deg).
[WARN] [1785062780.759023687] [vertical_lidar_mapper]: 3D scan matching rejected keyframe: insufficient scan or submap geometry (source=60 submap=6128 overlap=0.00 rmse=0.000m correction=0.000m/0.00deg).
[WARN] [1785062781.948177087] [vertical_lidar_mapper]: 3D scan matching rejected keyframe: insufficient scan or submap geometry (source=62 submap=6128 overlap=0.00 rmse=0.000m correction=0.000m/0.00deg).
[WARN] [1785062782.978581393] [vertical_lidar_mapper]: 3D scan matching rejected keyframe: insufficient scan or submap geometry (source=62 submap=6128 overlap=0.00 rmse=0.000m correction=0.000m/0.00deg).
[WARN] [1785062784.078870562] [vertical_lidar_mapper]: 3D scan matching rejected keyframe: insufficient scan or submap geometry (source=59 submap=6128 overlap=0.00 rmse=0.000m correction=0.000m/0.00deg).
[WARN] [1785062785.268258367] [vertical_lidar_mapper]: 3D scan matching rejected keyframe: insufficient scan or submap geometry (source=63 submap=6129 overlap=0.00 rmse=0.000m correction=0.000m/0.00deg).
[WARN] [1785062786.368479870] [vertical_lidar_mapper]: 3D scan matching rejected keyframe: insufficient scan or submap geometry (source=59 submap=6128 overlap=0.00 rmse=0.000m correction=0.000m/0.00deg).
[WARN] [1785062787.567722057] [vertical_lidar_mapper]: 3D scan matching rejected keyframe: insufficient scan or submap geometry (source=59 submap=6128 overlap=0.00 rmse=0.000m correction=0.000m/0.00deg).
[WARN] [1785062788.454615966] [vertical_lidar_mapper]: Dropped unstable global scan: odom_age=0.220s (max 0.200), |yaw|=0.007 (max 0.700), |vz|=0.011 (max 0.400), tilt_rate=0.003 (max 0.450).
[WARN] [1785062788.657998734] [vertical_lidar_mapper]: 3D scan matching rejected keyframe: insufficient scan or submap geometry (source=61 submap=6128 overlap=0.00 rmse=0.000m correction=0.000m/0.00deg).
[WARN] [1785062789.658491094] [vertical_lidar_mapper]: 3D scan matching rejected keyframe: insufficient scan or submap geometry (source=61 submap=6128 overlap=0.00 rmse=0.000m correction=0.000m/0.00deg).
[WARN] [1785062790.758223806] [vertical_lidar_mapper]: 3D scan matching rejected keyframe: insufficient scan or submap geometry (source=61 submap=6128 overlap=0.00 rmse=0.000m correction=0.000m/0.00deg).
[WARN] [1785062791.848792351] [vertical_lidar_mapper]: 3D scan matching rejected keyframe: insufficient scan or submap geometry (source=61 submap=6128 overlap=0.00 rmse=0.000m correction=0.000m/0.00deg).
[WARN] [1785062792.948214843] [vertical_lidar_mapper]: 3D scan matching rejected keyframe: insufficient scan or submap geometry (source=59 submap=6128 overlap=0.00 rmse=0.000m correction=0.000m/0.00deg).
[WARN] [1785062794.048333087] [vertical_lidar_mapper]: 3D scan matching rejected keyframe: insufficient scan or submap geometry (source=61 submap=6129 overlap=0.00 rmse=0.000m correction=0.000m/0.00deg).
[WARN] [1785062795.137832144] [vertical_lidar_mapper]: 3D scan matching rejected keyframe: insufficient scan or submap geometry (source=60 submap=6128 overlap=0.00 rmse=0.000m correction=0.000m/0.00deg).
[WARN] [1785062796.237508054] [vertical_lidar_mapper]: 3D scan matching rejected keyframe: insufficient scan or submap geometry (source=59 submap=6128 overlap=0.00 rmse=0.000m correction=0.000m/0.00deg).
[WARN] [1785062797.237954552] [vertical_lidar_mapper]: 3D scan matching rejected keyframe: insufficient scan or submap geometry (source=60 submap=6128 overlap=0.00 rmse=0.000m correction=0.000m/0.00deg).
[WARN] [1785062798.337559379] [vertical_lidar_mapper]: 3D scan matching rejected keyframe: insufficient scan or submap geometry (source=58 submap=6128 overlap=0.00 rmse=0.000m correction=0.000m/0.00deg).
[WARN] [1785062799.367981503] [vertical_lidar_mapper]: 3D scan matching rejected keyframe: insufficient scan or submap geometry (source=62 submap=6128 overlap=0.00 rmse=0.000m correction=0.000m/0.00deg).
[WARN] [1785062800.559663071] [vertical_lidar_mapper]: 3D scan matching rejected keyframe: insufficient scan or submap geometry (source=60 submap=6128 overlap=0.00 rmse=0.000m correction=0.000m/0.00deg).
[WARN] [1785062801.657370751] [vertical_lidar_mapper]: 3D scan matching rejected keyframe: insufficient scan or submap geometry (source=60 submap=6128 overlap=0.00 rmse=0.000m correction=0.000m/0.00deg).
[WARN] [1785062802.758132535] [vertical_lidar_mapper]: 3D scan matching rejected keyframe: insufficient scan or submap geometry (source=63 submap=6128 overlap=0.00 rmse=0.000m correction=0.000m/0.00deg).
[WARN] [1785062803.948335842] [vertical_lidar_mapper]: 3D scan matching rejected keyframe: insufficient scan or submap geometry (source=59 submap=6128 overlap=0.00 rmse=0.000m correction=0.000m/0.00deg).
[WARN] [1785062805.048121023] [vertical_lidar_mapper]: 3D scan matching rejected keyframe: insufficient scan or submap geometry (source=57 submap=6133 overlap=0.00 rmse=0.000m correction=0.000m/0.00deg).
[WARN] [1785062806.147446848] [vertical_lidar_mapper]: 3D scan matching rejected keyframe: insufficient scan or submap geometry (source=61 submap=6134 overlap=0.00 rmse=0.000m correction=0.000m/0.00deg).
[WARN] [1785062807.239386667] [vertical_lidar_mapper]: 3D scan matching rejected keyframe: insufficient scan or submap geometry (source=58 submap=6134 overlap=0.00 rmse=0.000m correction=0.000m/0.00deg).
[WARN] [1785062808.438287946] [vertical_lidar_mapper]: 3D scan matching rejected keyframe: insufficient scan or submap geometry (source=60 submap=6133 overlap=0.00 rmse=0.000m correction=0.000m/0.00deg).
[WARN] [1785062809.628912276] [vertical_lidar_mapper]: 3D scan matching rejected keyframe: insufficient scan or submap geometry (source=56 submap=6133 overlap=0.00 rmse=0.000m correction=0.000m/0.00deg).
[WARN] [1785062810.731403991] [vertical_lidar_mapper]: 3D scan matching rejected keyframe: insufficient scan or submap geometry (source=60 submap=6134 overlap=0.00 rmse=0.000m correction=0.000m/0.00deg).
[WARN] [1785062811.828731749] [vertical_lidar_mapper]: 3D scan matching rejected keyframe: insufficient scan or submap geometry (source=59 submap=6133 overlap=0.00 rmse=0.000m correction=0.000m/0.00deg).
[WARN] [1785062812.831020047] [vertical_lidar_mapper]: 3D scan matching rejected keyframe: insufficient scan or submap geometry (source=60 submap=6134 overlap=0.00 rmse=0.000m correction=0.000m/0.00deg).
[WARN] [1785062814.058302613] [vertical_lidar_mapper]: 3D scan matching rejected keyframe: insufficient scan or submap geometry (source=59 submap=6134 overlap=0.00 rmse=0.000m correction=0.000m/0.00deg).
[WARN] [1785062815.162686238] [vertical_lidar_mapper]: 3D scan matching rejected keyframe: insufficient scan or submap geometry (source=58 submap=6135 overlap=0.00 rmse=0.000m correction=0.000m/0.00deg).
[WARN] [1785062816.217774172] [vertical_lidar_mapper]: 3D scan matching rejected keyframe: insufficient scan or submap geometry (source=60 submap=6135 overlap=0.00 rmse=0.000m correction=0.000m/0.00deg).
[WARN] [1785062817.247743120] [vertical_lidar_mapper]: 3D scan matching rejected keyframe: insufficient scan or submap geometry (source=63 submap=6136 overlap=0.00 rmse=0.000m correction=0.000m/0.00deg).
[WARN] [1785062818.338588706] [vertical_lidar_mapper]: 3D scan matching rejected keyframe: insufficient scan or submap geometry (source=58 submap=6136 overlap=0.00 rmse=0.000m correction=0.000m/0.00deg).
[WARN] [1785062819.538397769] [vertical_lidar_mapper]: 3D scan matching rejected keyframe: insufficient scan or submap geometry (source=54 submap=6136 overlap=0.00 rmse=0.000m correction=0.000m/0.00deg).
[WARN] [1785062820.737588748] [vertical_lidar_mapper]: 3D scan matching rejected keyframe: insufficient scan or submap geometry (source=55 submap=6136 overlap=0.00 rmse=0.000m correction=0.000m/0.00deg).
[WARN] [1785062821.929786614] [vertical_lidar_mapper]: 3D scan matching rejected keyframe: insufficient scan or submap geometry (source=58 submap=6138 overlap=0.00 rmse=0.000m correction=0.000m/0.00deg).
[WARN] [1785062823.028955771] [vertical_lidar_mapper]: 3D scan matching rejected keyframe: insufficient scan or submap geometry (source=63 submap=6137 overlap=0.00 rmse=0.000m correction=0.000m/0.00deg).
[WARN] [1785062824.029271111] [vertical_lidar_mapper]: 3D scan matching rejected keyframe: insufficient scan or submap geometry (source=62 submap=6136 overlap=0.00 rmse=0.000m correction=0.000m/0.00deg).
[WARN] [1785062825.118027491] [vertical_lidar_mapper]: 3D scan matching rejected keyframe: insufficient scan or submap geometry (source=61 submap=6135 overlap=0.00 rmse=0.000m correction=0.000m/0.00deg).
[WARN] [1785062826.218204141] [vertical_lidar_mapper]: 3D scan matching rejected keyframe: insufficient scan or submap geometry (source=59 submap=6136 overlap=0.00 rmse=0.000m correction=0.000m/0.00deg).
[WARN] [1785062827.317430191] [vertical_lidar_mapper]: 3D scan matching rejected keyframe: insufficient scan or submap geometry (source=62 submap=6136 overlap=0.00 rmse=0.000m correction=0.000m/0.00deg).
[WARN] [1785062828.409297963] [vertical_lidar_mapper]: 3D scan matching rejected keyframe: insufficient scan or submap geometry (source=63 submap=6138 overlap=0.00 rmse=0.000m correction=0.000m/0.00deg).
[WARN] [1785062829.510090360] [vertical_lidar_mapper]: 3D scan matching rejected keyframe: insufficient scan or submap geometry (source=59 submap=6137 overlap=0.00 rmse=0.000m correction=0.000m/0.00deg).
[WARN] [1785062830.737421733] [vertical_lidar_mapper]: 3D scan matching rejected keyframe: insufficient scan or submap geometry (source=63 submap=6137 overlap=0.00 rmse=0.000m correction=0.000m/0.00deg).
[WARN] [1785062831.808710652] [vertical_lidar_mapper]: 3D scan matching rejected keyframe: insufficient scan or submap geometry (source=61 submap=6138 overlap=0.00 rmse=0.000m correction=0.000m/0.00deg).
[WARN] [1785062833.029714849] [vertical_lidar_mapper]: 3D scan matching rejected keyframe: insufficient scan or submap geometry (source=61 submap=6138 overlap=0.00 rmse=0.000m correction=0.000m/0.00deg).
[WARN] [1785062834.133406577] [vertical_lidar_mapper]: 3D scan matching rejected keyframe: insufficient scan or submap geometry (source=63 submap=6138 overlap=0.00 rmse=0.000m correction=0.000m/0.00deg).
[WARN] [1785062835.328718080] [vertical_lidar_mapper]: 3D scan matching rejected keyframe: insufficient scan or submap geometry (source=59 submap=6138 overlap=0.00 rmse=0.000m correction=0.000m/0.00deg).
[WARN] [1785062836.418115998] [vertical_lidar_mapper]: 3D scan matching rejected keyframe: insufficient scan or submap geometry (source=62 submap=6140 overlap=0.00 rmse=0.000m correction=0.000m/0.00deg).
[WARN] [1785062837.517499259] [vertical_lidar_mapper]: 3D scan matching rejected keyframe: insufficient scan or submap geometry (source=56 submap=6137 overlap=0.00 rmse=0.000m correction=0.000m/0.00deg).
[WARN] [1785062838.518005760] [vertical_lidar_mapper]: 3D scan matching rejected keyframe: insufficient scan or submap geometry (source=61 submap=6137 overlap=0.00 rmse=0.000m correction=0.000m/0.00deg).
[WARN] [1785062839.608195600] [vertical_lidar_mapper]: 3D scan matching rejected keyframe: insufficient scan or submap geometry (source=60 submap=6137 overlap=0.00 rmse=0.000m correction=0.000m/0.00deg).
[WARN] [1785062840.610258235] [vertical_lidar_mapper]: 3D scan matching rejected keyframe: insufficient scan or submap geometry (source=58 submap=6137 overlap=0.00 rmse=0.000m correction=0.000m/0.00deg).
[WARN] [1785062841.707793038] [vertical_lidar_mapper]: 3D scan matching rejected keyframe: insufficient scan or submap geometry (source=58 submap=6138 overlap=0.00 rmse=0.000m correction=0.000m/0.00deg).
[WARN] [1785062842.707856445] [vertical_lidar_mapper]: 3D scan matching rejected keyframe: insufficient scan or submap geometry (source=59 submap=6137 overlap=0.00 rmse=0.000m correction=0.000m/0.00deg).
[WARN] [1785062843.708733318] [vertical_lidar_mapper]: 3D scan matching rejected keyframe: insufficient scan or submap geometry (source=57 submap=6137 overlap=0.00 rmse=0.000m correction=0.000m/0.00deg).
[WARN] [1785062844.828579288] [vertical_lidar_mapper]: 3D scan matching rejected keyframe: insufficient scan or submap geometry (source=60 submap=6137 overlap=0.00 rmse=0.000m correction=0.000m/0.00deg).
[WARN] [1785062845.897858199] [vertical_lidar_mapper]: 3D scan matching rejected keyframe: insufficient scan or submap geometry (source=57 submap=6138 overlap=0.00 rmse=0.000m correction=0.000m/0.00deg).
[WARN] [1785062846.988696657] [vertical_lidar_mapper]: 3D scan matching rejected keyframe: insufficient scan or submap geometry (source=59 submap=6138 overlap=0.00 rmse=0.000m correction=0.000m/0.00deg).
[WARN] [1785062848.128271676] [vertical_lidar_mapper]: 3D scan matching rejected keyframe: insufficient scan or submap geometry (source=57 submap=6138 overlap=0.00 rmse=0.000m correction=0.000m/0.00deg).
[WARN] [1785062849.217421290] [vertical_lidar_mapper]: 3D scan matching rejected keyframe: insufficient scan or submap geometry (source=59 submap=6138 overlap=0.00 rmse=0.000m correction=0.000m/0.00deg).
[WARN] [1785062850.217939419] [vertical_lidar_mapper]: 3D scan matching rejected keyframe: insufficient scan or submap geometry (source=58 submap=6137 overlap=0.00 rmse=0.000m correction=0.000m/0.00deg).
[WARN] [1785062851.308293492] [vertical_lidar_mapper]: 3D scan matching rejected keyframe: insufficient scan or submap geometry (source=59 submap=6137 overlap=0.00 rmse=0.000m correction=0.000m/0.00deg).
[WARN] [1785062852.308830087] [vertical_lidar_mapper]: 3D scan matching rejected keyframe: insufficient scan or submap geometry (source=59 submap=6138 overlap=0.00 rmse=0.000m correction=0.000m/0.00deg).
[WARN] [1785062853.407970715] [vertical_lidar_mapper]: 3D scan matching rejected keyframe: insufficient scan or submap geometry (source=59 submap=6139 overlap=0.00 rmse=0.000m correction=0.000m/0.00deg).
[WARN] [1785062854.500578081] [vertical_lidar_mapper]: 3D scan matching rejected keyframe: insufficient scan or submap geometry (source=58 submap=6138 overlap=0.00 rmse=0.000m correction=0.000m/0.00deg).
[WARN] [1785062855.597818625] [vertical_lidar_mapper]: 3D scan matching rejected keyframe: insufficient scan or submap geometry (source=58 submap=6138 overlap=0.00 rmse=0.000m correction=0.000m/0.00deg).
[WARN] [1785062856.797692888] [vertical_lidar_mapper]: 3D scan matching rejected keyframe: insufficient scan or submap geometry (source=58 submap=6138 overlap=0.00 rmse=0.000m correction=0.000m/0.00deg).
[WARN] [1785062857.797954454] [vertical_lidar_mapper]: 3D scan matching rejected keyframe: insufficient scan or submap geometry (source=56 submap=6137 overlap=0.00 rmse=0.000m correction=0.000m/0.00deg).
[WARN] [1785062858.888229542] [vertical_lidar_mapper]: 3D scan matching rejected keyframe: insufficient scan or submap geometry (source=59 submap=6137 overlap=0.00 rmse=0.000m correction=0.000m/0.00deg).
[WARN] [1785062860.088022113] [vertical_lidar_mapper]: 3D scan matching rejected keyframe: insufficient scan or submap geometry (source=57 submap=6135 overlap=0.00 rmse=0.000m correction=0.000m/0.00deg).
[WARN] [1785062861.088022780] [vertical_lidar_mapper]: 3D scan matching rejected keyframe: insufficient scan or submap geometry (source=59 submap=6136 overlap=0.00 rmse=0.000m correction=0.000m/0.00deg).
[WARN] [1785062862.179845576] [vertical_lidar_mapper]: 3D scan matching rejected keyframe: insufficient scan or submap geometry (source=60 submap=6136 overlap=0.00 rmse=0.000m correction=0.000m/0.00deg).
[WARN] [1785062863.277802049] [vertical_lidar_mapper]: 3D scan matching rejected keyframe: insufficient scan or submap geometry (source=61 submap=6136 overlap=0.00 rmse=0.000m correction=0.000m/0.00deg).
[WARN] [1785062864.377960742] [vertical_lidar_mapper]: 3D scan matching rejected keyframe: insufficient scan or submap geometry (source=59 submap=6136 overlap=0.00 rmse=0.000m correction=0.000m/0.00deg).
[WARN] [1785062865.407337281] [vertical_lidar_mapper]: 3D scan matching rejected keyframe: insufficient scan or submap geometry (source=58 submap=6136 overlap=0.00 rmse=0.000m correction=0.000m/0.00deg).
[WARN] [1785062866.407908806] [vertical_lidar_mapper]: 3D scan matching rejected keyframe: insufficient scan or submap geometry (source=62 submap=6136 overlap=0.00 rmse=0.000m correction=0.000m/0.00deg).
[WARN] [1785062867.597503436] [vertical_lidar_mapper]: 3D scan matching rejected keyframe: insufficient scan or submap geometry (source=64 submap=6135 overlap=0.00 rmse=0.000m correction=0.000m/0.00deg).
[WARN] [1785062868.698394375] [vertical_lidar_mapper]: 3D scan matching rejected keyframe: insufficient scan or submap geometry (source=60 submap=6136 overlap=0.00 rmse=0.000m correction=0.000m/0.00deg).
[WARN] [1785062869.888957860] [vertical_lidar_mapper]: 3D scan matching rejected keyframe: insufficient scan or submap geometry (source=63 submap=6135 overlap=0.00 rmse=0.000m correction=0.000m/0.00deg).
[WARN] [1785062870.988416351] [vertical_lidar_mapper]: 3D scan matching rejected keyframe: insufficient scan or submap geometry (source=61 submap=6135 overlap=0.00 rmse=0.000m correction=0.000m/0.00deg).
[WARN] [1785062872.087927404] [vertical_lidar_mapper]: 3D scan matching rejected keyframe: insufficient scan or submap geometry (source=59 submap=6135 overlap=0.00 rmse=0.000m correction=0.000m/0.00deg).
[WARN] [1785062873.093637663] [vertical_lidar_mapper]: 3D scan matching rejected keyframe: insufficient scan or submap geometry (source=62 submap=6135 overlap=0.00 rmse=0.000m correction=0.000m/0.00deg).
[WARN] [1785062874.178217365] [vertical_lidar_mapper]: 3D scan matching rejected keyframe: insufficient scan or submap geometry (source=63 submap=6135 overlap=0.00 rmse=0.000m correction=0.000m/0.00deg).
[WARN] [1785062875.178859549] [vertical_lidar_mapper]: 3D scan matching rejected keyframe: insufficient scan or submap geometry (source=58 submap=6135 overlap=0.00 rmse=0.000m correction=0.000m/0.00deg).
[WARN] [1785062876.179084167] [vertical_lidar_mapper]: 3D scan matching rejected keyframe: insufficient scan or submap geometry (source=60 submap=6136 overlap=0.00 rmse=0.000m correction=0.000m/0.00deg).
[WARN] [1785062877.268620091] [vertical_lidar_mapper]: 3D scan matching rejected keyframe: insufficient scan or submap geometry (source=61 submap=6135 overlap=0.00 rmse=0.000m correction=0.000m/0.00deg).
[WARN] [1785062878.468133566] [vertical_lidar_mapper]: 3D scan matching rejected keyframe: insufficient scan or submap geometry (source=60 submap=6135 overlap=0.00 rmse=0.000m correction=0.000m/0.00deg).
[WARN] [1785062879.568259857] [vertical_lidar_mapper]: 3D scan matching rejected keyframe: insufficient scan or submap geometry (source=60 submap=6134 overlap=0.00 rmse=0.000m correction=0.000m/0.00deg).
[WARN] [1785062880.658241458] [vertical_lidar_mapper]: 3D scan matching rejected keyframe: insufficient scan or submap geometry (source=57 submap=6135 overlap=0.00 rmse=0.000m correction=0.000m/0.00deg).
[WARN] [1785062881.857773525] [vertical_lidar_mapper]: 3D scan matching rejected keyframe: insufficient scan or submap geometry (source=58 submap=6135 overlap=0.00 rmse=0.000m correction=0.000m/0.00deg).
[WARN] [1785062882.887743472] [vertical_lidar_mapper]: 3D scan matching rejected keyframe: insufficient scan or submap geometry (source=60 submap=6135 overlap=0.00 rmse=0.000m correction=0.000m/0.00deg).
[WARN] [1785062884.087371013] [vertical_lidar_mapper]: 3D scan matching rejected keyframe: insufficient scan or submap geometry (source=63 submap=6135 overlap=0.00 rmse=0.000m correction=0.000m/0.00deg).
[WARN] [1785062885.178160469] [vertical_lidar_mapper]: 3D scan matching rejected keyframe: insufficient scan or submap geometry (source=61 submap=6135 overlap=0.00 rmse=0.000m correction=0.000m/0.00deg).
[WARN] [1785062886.278863314] [vertical_lidar_mapper]: 3D scan matching rejected keyframe: insufficient scan or submap geometry (source=61 submap=6135 overlap=0.00 rmse=0.000m correction=0.000m/0.00deg).
[WARN] [1785062887.378493320] [vertical_lidar_mapper]: 3D scan matching rejected keyframe: insufficient scan or submap geometry (source=62 submap=6135 overlap=0.00 rmse=0.000m correction=0.000m/0.00deg).
[WARN] [1785062888.468336775] [vertical_lidar_mapper]: 3D scan matching rejected keyframe: insufficient scan or submap geometry (source=60 submap=6135 overlap=0.00 rmse=0.000m correction=0.000m/0.00deg).
[WARN] [1785062889.468559134] [vertical_lidar_mapper]: 3D scan matching rejected keyframe: insufficient scan or submap geometry (source=55 submap=6135 overlap=0.00 rmse=0.000m correction=0.000m/0.00deg).
[WARN] [1785062890.668126267] [vertical_lidar_mapper]: 3D scan matching rejected keyframe: insufficient scan or submap geometry (source=61 submap=6135 overlap=0.00 rmse=0.000m correction=0.000m/0.00deg).
[WARN] [1785062891.758328587] [vertical_lidar_mapper]: 3D scan matching rejected keyframe: insufficient scan or submap geometry (source=58 submap=6136 overlap=0.00 rmse=0.000m correction=0.000m/0.00deg).
[WARN] [1785062892.858135771] [vertical_lidar_mapper]: 3D scan matching rejected keyframe: insufficient scan or submap geometry (source=61 submap=6137 overlap=0.00 rmse=0.000m correction=0.000m/0.00deg).
[WARN] [1785062893.957327717] [vertical_lidar_mapper]: 3D scan matching rejected keyframe: insufficient scan or submap geometry (source=56 submap=6135 overlap=0.00 rmse=0.000m correction=0.000m/0.00deg).
[WARN] [1785062895.188434521] [vertical_lidar_mapper]: 3D scan matching rejected keyframe: insufficient scan or submap geometry (source=62 submap=6135 overlap=0.00 rmse=0.000m correction=0.000m/0.00deg).
[WARN] [1785062896.347759909] [vertical_lidar_mapper]: 3D scan matching rejected keyframe: insufficient scan or submap geometry (source=58 submap=6136 overlap=0.00 rmse=0.000m correction=0.000m/0.00deg).
[WARN] [1785062897.577968525] [vertical_lidar_mapper]: 3D scan matching rejected keyframe: insufficient scan or submap geometry (source=59 submap=6135 overlap=0.00 rmse=0.000m correction=0.000m/0.00deg).
[WARN] [1785062898.679386821] [vertical_lidar_mapper]: 3D scan matching rejected keyframe: insufficient scan or submap geometry (source=60 submap=6135 overlap=0.00 rmse=0.000m correction=0.000m/0.00deg).
[WARN] [1785062899.768430167] [vertical_lidar_mapper]: 3D scan matching rejected keyframe: insufficient scan or submap geometry (source=59 submap=6137 overlap=0.00 rmse=0.000m correction=0.000m/0.00deg).
[WARN] [1785062900.768688581] [vertical_lidar_mapper]: 3D scan matching rejected keyframe: insufficient scan or submap geometry (source=60 submap=6137 overlap=0.00 rmse=0.000m correction=0.000m/0.00deg).
[WARN] [1785062901.868063310] [vertical_lidar_mapper]: 3D scan matching rejected keyframe: insufficient scan or submap geometry (source=58 submap=6138 overlap=0.00 rmse=0.000m correction=0.000m/0.00deg).
[WARN] [1785062903.063370293] [vertical_lidar_mapper]: 3D scan matching rejected keyframe: insufficient scan or submap geometry (source=61 submap=6138 overlap=0.00 rmse=0.000m correction=0.000m/0.00deg).
[WARN] [1785062904.064658847] [vertical_lidar_mapper]: 3D scan matching rejected keyframe: insufficient scan or submap geometry (source=57 submap=6138 overlap=0.00 rmse=0.000m correction=0.000m/0.00deg).
[WARN] [1785062905.257694537] [vertical_lidar_mapper]: 3D scan matching rejected keyframe: insufficient scan or submap geometry (source=59 submap=6138 overlap=0.00 rmse=0.000m correction=0.000m/0.00deg).
[WARN] [1785062906.348791392] [vertical_lidar_mapper]: 3D scan matching rejected keyframe: insufficient scan or submap geometry (source=60 submap=6138 overlap=0.00 rmse=0.000m correction=0.000m/0.00deg).
[WARN] [1785062907.548243874] [vertical_lidar_mapper]: 3D scan matching rejected keyframe: insufficient scan or submap geometry (source=58 submap=6138 overlap=0.00 rmse=0.000m correction=0.000m/0.00deg).
[WARN] [1785062908.647394950] [vertical_lidar_mapper]: 3D scan matching rejected keyframe: insufficient scan or submap geometry (source=58 submap=6139 overlap=0.00 rmse=0.000m correction=0.000m/0.00deg).
[WARN] [1785062909.647666626] [vertical_lidar_mapper]: 3D scan matching rejected keyframe: insufficient scan or submap geometry (source=60 submap=6138 overlap=0.00 rmse=0.000m correction=0.000m/0.00deg).
[WARN] [1785062910.838079398] [vertical_lidar_mapper]: 3D scan matching rejected keyframe: insufficient scan or submap geometry (source=56 submap=6136 overlap=0.00 rmse=0.000m correction=0.000m/0.00deg).
[WARN] [1785062911.838082966] [vertical_lidar_mapper]: 3D scan matching rejected keyframe: insufficient scan or submap geometry (source=57 submap=6138 overlap=0.00 rmse=0.000m correction=0.000m/0.00deg).
[WARN] [1785062913.030844744] [vertical_lidar_mapper]: 3D scan matching rejected keyframe: insufficient scan or submap geometry (source=59 submap=6137 overlap=0.00 rmse=0.000m correction=0.000m/0.00deg).
[WARN] [1785062914.127878235] [vertical_lidar_mapper]: 3D scan matching rejected keyframe: insufficient scan or submap geometry (source=60 submap=6137 overlap=0.00 rmse=0.000m correction=0.000m/0.00deg).
[WARN] [1785062915.227981715] [vertical_lidar_mapper]: 3D scan matching rejected keyframe: insufficient scan or submap geometry (source=60 submap=6137 overlap=0.00 rmse=0.000m correction=0.000m/0.00deg).
[WARN] [1785062916.257917061] [vertical_lidar_mapper]: 3D scan matching rejected keyframe: insufficient scan or submap geometry (source=57 submap=6139 overlap=0.00 rmse=0.000m correction=0.000m/0.00deg).
[WARN] [1785062917.261241676] [vertical_lidar_mapper]: 3D scan matching rejected keyframe: insufficient scan or submap geometry (source=60 submap=6139 overlap=0.00 rmse=0.000m correction=0.000m/0.00deg).
[WARN] [1785062918.347728297] [vertical_lidar_mapper]: 3D scan matching rejected keyframe: insufficient scan or submap geometry (source=58 submap=6139 overlap=0.00 rmse=0.000m correction=0.000m/0.00deg).
[WARN] [1785062919.348448336] [vertical_lidar_mapper]: 3D scan matching rejected keyframe: insufficient scan or submap geometry (source=59 submap=6139 overlap=0.00 rmse=0.000m correction=0.000m/0.00deg).
[WARN] [1785062920.447953573] [vertical_lidar_mapper]: 3D scan matching rejected keyframe: insufficient scan or submap geometry (source=57 submap=6137 overlap=0.00 rmse=0.000m correction=0.000m/0.00deg).
[WARN] [1785062921.638080297] [vertical_lidar_mapper]: 3D scan matching rejected keyframe: insufficient scan or submap geometry (source=58 submap=6139 overlap=0.00 rmse=0.000m correction=0.000m/0.00deg).
[WARN] [1785062922.638393611] [vertical_lidar_mapper]: 3D scan matching rejected keyframe: insufficient scan or submap geometry (source=60 submap=6139 overlap=0.00 rmse=0.000m correction=0.000m/0.00deg).
[WARN] [1785062923.638479457] [vertical_lidar_mapper]: 3D scan matching rejected keyframe: insufficient scan or submap geometry (source=59 submap=6138 overlap=0.00 rmse=0.000m correction=0.000m/0.00deg).
[WARN] [1785062924.731401240] [vertical_lidar_mapper]: 3D scan matching rejected keyframe: insufficient scan or submap geometry (source=60 submap=6138 overlap=0.00 rmse=0.000m correction=0.000m/0.00deg).
[WARN] [1785062925.928705952] [vertical_lidar_mapper]: 3D scan matching rejected keyframe: insufficient scan or submap geometry (source=61 submap=6139 overlap=0.00 rmse=0.000m correction=0.000m/0.00deg).
[WARN] [1785062927.029759549] [vertical_lidar_mapper]: 3D scan matching rejected keyframe: insufficient scan or submap geometry (source=58 submap=6139 overlap=0.00 rmse=0.000m correction=0.000m/0.00deg).
[WARN] [1785062928.128494869] [vertical_lidar_mapper]: 3D scan matching rejected keyframe: insufficient scan or submap geometry (source=59 submap=6138 overlap=0.00 rmse=0.000m correction=0.000m/0.00deg).
[WARN] [1785062929.217616170] [vertical_lidar_mapper]: 3D scan matching rejected keyframe: insufficient scan or submap geometry (source=56 submap=6137 overlap=0.00 rmse=0.000m correction=0.000m/0.00deg).
[WARN] [1785062930.318151866] [vertical_lidar_mapper]: 3D scan matching rejected keyframe: insufficient scan or submap geometry (source=57 submap=6137 overlap=0.00 rmse=0.000m correction=0.000m/0.00deg).
[WARN] [1785062931.410123184] [vertical_lidar_mapper]: 3D scan matching rejected keyframe: insufficient scan or submap geometry (source=58 submap=6137 overlap=0.00 rmse=0.000m correction=0.000m/0.00deg).
[WARN] [1785062932.508041318] [vertical_lidar_mapper]: 3D scan matching rejected keyframe: insufficient scan or submap geometry (source=59 submap=6137 overlap=0.00 rmse=0.000m correction=0.000m/0.00deg).
[WARN] [1785062933.508041450] [vertical_lidar_mapper]: 3D scan matching rejected keyframe: insufficient scan or submap geometry (source=61 submap=6138 overlap=0.00 rmse=0.000m correction=0.000m/0.00deg).
[WARN] [1785062934.394473413] [vertical_lidar_mapper]: Dropped unstable global scan: odom_age=0.201s (max 0.200), |yaw|=0.001 (max 0.700), |vz|=0.005 (max 0.400), tilt_rate=0.004 (max 0.450).
[WARN] [1785062934.537749810] [vertical_lidar_mapper]: 3D scan matching rejected keyframe: insufficient scan or submap geometry (source=62 submap=6137 overlap=0.00 rmse=0.000m correction=0.000m/0.00deg).
[WARN] [1785062935.637229518] [vertical_lidar_mapper]: 3D scan matching rejected keyframe: insufficient scan or submap geometry (source=61 submap=6137 overlap=0.00 rmse=0.000m correction=0.000m/0.00deg).
[WARN] [1785062936.731179937] [vertical_lidar_mapper]: 3D scan matching rejected keyframe: insufficient scan or submap geometry (source=59 submap=6137 overlap=0.00 rmse=0.000m correction=0.000m/0.00deg).
[WARN] [1785062937.929140830] [vertical_lidar_mapper]: 3D scan matching rejected keyframe: insufficient scan or submap geometry (source=57 submap=6138 overlap=0.00 rmse=0.000m correction=0.000m/0.00deg).
[WARN] [1785062939.017999863] [vertical_lidar_mapper]: 3D scan matching rejected keyframe: insufficient scan or submap geometry (source=54 submap=6138 overlap=0.00 rmse=0.000m correction=0.000m/0.00deg).
[WARN] [1785062940.219747236] [vertical_lidar_mapper]: 3D scan matching rejected keyframe: insufficient scan or submap geometry (source=61 submap=6138 overlap=0.00 rmse=0.000m correction=0.000m/0.00deg).
[WARN] [1785062941.317369032] [vertical_lidar_mapper]: 3D scan matching rejected keyframe: insufficient scan or submap geometry (source=61 submap=6137 overlap=0.00 rmse=0.000m correction=0.000m/0.00deg).
[WARN] [1785062942.417838204] [vertical_lidar_mapper]: 3D scan matching rejected keyframe: insufficient scan or submap geometry (source=61 submap=6137 overlap=0.00 rmse=0.000m correction=0.000m/0.00deg).
[WARN] [1785062943.608537725] [vertical_lidar_mapper]: 3D scan matching rejected keyframe: insufficient scan or submap geometry (source=62 submap=6137 overlap=0.00 rmse=0.000m correction=0.000m/0.00deg).
[WARN] [1785062944.707795850] [vertical_lidar_mapper]: 3D scan matching rejected keyframe: insufficient scan or submap geometry (source=57 submap=6137 overlap=0.00 rmse=0.000m correction=0.000m/0.00deg).
[WARN] [1785062945.808629930] [vertical_lidar_mapper]: 3D scan matching rejected keyframe: insufficient scan or submap geometry (source=57 submap=6137 overlap=0.00 rmse=0.000m correction=0.000m/0.00deg).
[WARN] [1785062946.998254117] [vertical_lidar_mapper]: 3D scan matching rejected keyframe: insufficient scan or submap geometry (source=58 submap=6137 overlap=0.00 rmse=0.000m correction=0.000m/0.00deg).
[WARN] [1785062948.029763999] [vertical_lidar_mapper]: 3D scan matching rejected keyframe: insufficient scan or submap geometry (source=60 submap=6137 overlap=0.00 rmse=0.000m correction=0.000m/0.00deg).
[WARN] [1785062949.188369873] [vertical_lidar_mapper]: 3D scan matching rejected keyframe: insufficient scan or submap geometry (source=63 submap=6137 overlap=0.00 rmse=0.000m correction=0.000m/0.00deg).
[WARN] [1785062950.188793120] [vertical_lidar_mapper]: 3D scan matching rejected keyframe: insufficient scan or submap geometry (source=63 submap=6137 overlap=0.00 rmse=0.000m correction=0.000m/0.00deg).
[WARN] [1785062951.227852977] [vertical_lidar_mapper]: 3D scan matching rejected keyframe: insufficient scan or submap geometry (source=64 submap=6137 overlap=0.00 rmse=0.000m correction=0.000m/0.00deg).
[WARN] [1785062952.317701291] [vertical_lidar_mapper]: 3D scan matching rejected keyframe: insufficient scan or submap geometry (source=62 submap=6137 overlap=0.00 rmse=0.000m correction=0.000m/0.00deg).
[WARN] [1785062953.417364869] [vertical_lidar_mapper]: 3D scan matching rejected keyframe: insufficient scan or submap geometry (source=64 submap=6135 overlap=0.00 rmse=0.000m correction=0.000m/0.00deg).
[WARN] [1785062954.509641716] [vertical_lidar_mapper]: 3D scan matching rejected keyframe: insufficient scan or submap geometry (source=61 submap=6135 overlap=0.00 rmse=0.000m correction=0.000m/0.00deg).
[WARN] [1785062955.517274225] [vertical_lidar_mapper]: 3D scan matching rejected keyframe: insufficient scan or submap geometry (source=63 submap=6134 overlap=0.00 rmse=0.000m correction=0.000m/0.00deg).
[WARN] [1785062956.707956627] [vertical_lidar_mapper]: 3D scan matching rejected keyframe: insufficient scan or submap geometry (source=59 submap=6134 overlap=0.00 rmse=0.000m correction=0.000m/0.00deg).
[WARN] [1785062957.899894700] [vertical_lidar_mapper]: 3D scan matching rejected keyframe: insufficient scan or submap geometry (source=62 submap=6134 overlap=0.00 rmse=0.000m correction=0.000m/0.00deg).
[WARN] [1785062958.997498077] [vertical_lidar_mapper]: 3D scan matching rejected keyframe: insufficient scan or submap geometry (source=61 submap=6135 overlap=0.00 rmse=0.000m correction=0.000m/0.00deg).
[WARN] [1785062959.998042346] [vertical_lidar_mapper]: 3D scan matching rejected keyframe: insufficient scan or submap geometry (source=60 submap=6133 overlap=0.00 rmse=0.000m correction=0.000m/0.00deg).
[WARN] [1785062961.097850160] [vertical_lidar_mapper]: 3D scan matching rejected keyframe: insufficient scan or submap geometry (source=61 submap=6133 overlap=0.00 rmse=0.000m correction=0.000m/0.00deg).
[WARN] [1785062962.288371572] [vertical_lidar_mapper]: 3D scan matching rejected keyframe: insufficient scan or submap geometry (source=59 submap=6133 overlap=0.00 rmse=0.000m correction=0.000m/0.00deg).
[WARN] [1785062963.487524767] [vertical_lidar_mapper]: 3D scan matching rejected keyframe: insufficient scan or submap geometry (source=59 submap=6132 overlap=0.00 rmse=0.000m correction=0.000m/0.00deg).
[WARN] [1785062964.578008612] [vertical_lidar_mapper]: 3D scan matching rejected keyframe: insufficient scan or submap geometry (source=59 submap=6130 overlap=0.00 rmse=0.000m correction=0.000m/0.00deg).
[WARN] [1785062965.708225305] [vertical_lidar_mapper]: 3D scan matching rejected keyframe: insufficient scan or submap geometry (source=57 submap=6130 overlap=0.00 rmse=0.000m correction=0.000m/0.00deg).
[WARN] [1785062966.810527463] [vertical_lidar_mapper]: 3D scan matching rejected keyframe: insufficient scan or submap geometry (source=60 submap=6130 overlap=0.00 rmse=0.000m correction=0.000m/0.00deg).
[WARN] [1785062968.015055921] [vertical_lidar_mapper]: 3D scan matching rejected keyframe: insufficient scan or submap geometry (source=55 submap=6131 overlap=0.00 rmse=0.000m correction=0.000m/0.00deg).
[WARN] [1785062969.107715022] [vertical_lidar_mapper]: 3D scan matching rejected keyframe: insufficient scan or submap geometry (source=59 submap=6131 overlap=0.00 rmse=0.000m correction=0.000m/0.00deg).
[WARN] [1785062970.198100224] [vertical_lidar_mapper]: 3D scan matching rejected keyframe: insufficient scan or submap geometry (source=60 submap=6130 overlap=0.00 rmse=0.000m correction=0.000m/0.00deg).
[WARN] [1785062971.297987147] [vertical_lidar_mapper]: 3D scan matching rejected keyframe: insufficient scan or submap geometry (source=56 submap=6131 overlap=0.00 rmse=0.000m correction=0.000m/0.00deg).
[WARN] [1785062972.398304032] [vertical_lidar_mapper]: 3D scan matching rejected keyframe: insufficient scan or submap geometry (source=57 submap=6131 overlap=0.00 rmse=0.000m correction=0.000m/0.00deg).
[WARN] [1785062973.587900296] [vertical_lidar_mapper]: 3D scan matching rejected keyframe: insufficient scan or submap geometry (source=63 submap=6131 overlap=0.00 rmse=0.000m correction=0.000m/0.00deg).
[WARN] [1785062974.587902323] [vertical_lidar_mapper]: 3D scan matching rejected keyframe: insufficient scan or submap geometry (source=60 submap=6130 overlap=0.00 rmse=0.000m correction=0.000m/0.00deg).
[WARN] [1785062975.688070618] [vertical_lidar_mapper]: 3D scan matching rejected keyframe: insufficient scan or submap geometry (source=59 submap=6131 overlap=0.00 rmse=0.000m correction=0.000m/0.00deg).
[WARN] [1785062976.779505096] [vertical_lidar_mapper]: 3D scan matching rejected keyframe: insufficient scan or submap geometry (source=57 submap=6131 overlap=0.00 rmse=0.000m correction=0.000m/0.00deg).
[WARN] [1785062977.878472850] [vertical_lidar_mapper]: 3D scan matching rejected keyframe: insufficient scan or submap geometry (source=61 submap=6130 overlap=0.00 rmse=0.000m correction=0.000m/0.00deg).
[WARN] [1785062978.978823390] [vertical_lidar_mapper]: 3D scan matching rejected keyframe: insufficient scan or submap geometry (source=59 submap=6130 overlap=0.00 rmse=0.000m correction=0.000m/0.00deg).
[WARN] [1785062980.068750061] [vertical_lidar_mapper]: 3D scan matching rejected keyframe: insufficient scan or submap geometry (source=59 submap=6130 overlap=0.00 rmse=0.000m correction=0.000m/0.00deg).
[WARN] [1785062981.167979189] [vertical_lidar_mapper]: 3D scan matching rejected keyframe: insufficient scan or submap geometry (source=63 submap=6130 overlap=0.00 rmse=0.000m correction=0.000m/0.00deg).
[WARN] [1785062982.168445906] [vertical_lidar_mapper]: 3D scan matching rejected keyframe: insufficient scan or submap geometry (source=59 submap=6130 overlap=0.00 rmse=0.000m correction=0.000m/0.00deg).
[WARN] [1785062983.259624021] [vertical_lidar_mapper]: 3D scan matching rejected keyframe: insufficient scan or submap geometry (source=59 submap=6130 overlap=0.00 rmse=0.000m correction=0.000m/0.00deg).
[WARN] [1785062984.358012147] [vertical_lidar_mapper]: 3D scan matching rejected keyframe: insufficient scan or submap geometry (source=59 submap=6130 overlap=0.00 rmse=0.000m correction=0.000m/0.00deg).
[WARN] [1785062985.387885814] [vertical_lidar_mapper]: 3D scan matching rejected keyframe: insufficient scan or submap geometry (source=56 submap=6130 overlap=0.00 rmse=0.000m correction=0.000m/0.00deg).
[WARN] [1785062986.487837004] [vertical_lidar_mapper]: 3D scan matching rejected keyframe: insufficient scan or submap geometry (source=59 submap=6130 overlap=0.00 rmse=0.000m correction=0.000m/0.00deg).
[WARN] [1785062987.581024029] [vertical_lidar_mapper]: 3D scan matching rejected keyframe: insufficient scan or submap geometry (source=55 submap=6130 overlap=0.00 rmse=0.000m correction=0.000m/0.00deg).
[WARN] [1785062988.778731948] [vertical_lidar_mapper]: 3D scan matching rejected keyframe: insufficient scan or submap geometry (source=59 submap=6130 overlap=0.00 rmse=0.000m correction=0.000m/0.00deg).
[WARN] [1785062989.779098849] [vertical_lidar_mapper]: 3D scan matching rejected keyframe: insufficient scan or submap geometry (source=63 submap=6130 overlap=0.00 rmse=0.000m correction=0.000m/0.00deg).
[WARN] [1785062990.780383722] [vertical_lidar_mapper]: 3D scan matching rejected keyframe: insufficient scan or submap geometry (source=60 submap=6130 overlap=0.00 rmse=0.000m correction=0.000m/0.00deg).
[WARN] [1785062991.967845838] [vertical_lidar_mapper]: 3D scan matching rejected keyframe: insufficient scan or submap geometry (source=61 submap=6130 overlap=0.00 rmse=0.000m correction=0.000m/0.00deg).
[WARN] [1785062992.974343479] [vertical_lidar_mapper]: 3D scan matching rejected keyframe: insufficient scan or submap geometry (source=64 submap=6131 overlap=0.00 rmse=0.000m correction=0.000m/0.00deg).
[WARN] [1785062994.068526897] [vertical_lidar_mapper]: 3D scan matching rejected keyframe: insufficient scan or submap geometry (source=64 submap=6132 overlap=0.00 rmse=0.000m correction=0.000m/0.00deg).
[WARN] [1785062995.157812522] [vertical_lidar_mapper]: 3D scan matching rejected keyframe: insufficient scan or submap geometry (source=62 submap=6133 overlap=0.00 rmse=0.000m correction=0.000m/0.00deg).
[WARN] [1785062996.258185473] [vertical_lidar_mapper]: 3D scan matching rejected keyframe: insufficient scan or submap geometry (source=60 submap=6134 overlap=0.00 rmse=0.000m correction=0.000m/0.00deg).
[WARN] [1785062997.457440855] [vertical_lidar_mapper]: 3D scan matching rejected keyframe: insufficient scan or submap geometry (source=63 submap=6135 overlap=0.00 rmse=0.000m correction=0.000m/0.00deg).
[WARN] [1785062998.487621823] [vertical_lidar_mapper]: 3D scan matching rejected keyframe: insufficient scan or submap geometry (source=62 submap=6134 overlap=0.00 rmse=0.000m correction=0.000m/0.00deg).
[WARN] [1785062999.647994597] [vertical_lidar_mapper]: 3D scan matching rejected keyframe: insufficient scan or submap geometry (source=59 submap=6135 overlap=0.00 rmse=0.000m correction=0.000m/0.00deg).
[WARN] [1785063000.679943243] [vertical_lidar_mapper]: 3D scan matching rejected keyframe: insufficient scan or submap geometry (source=60 submap=6133 overlap=0.00 rmse=0.000m correction=0.000m/0.00deg).
[WARN] [1785063001.778184505] [vertical_lidar_mapper]: 3D scan matching rejected keyframe: insufficient scan or submap geometry (source=56 submap=6131 overlap=0.00 rmse=0.000m correction=0.000m/0.00deg).
[WARN] [1785063002.967709153] [vertical_lidar_mapper]: 3D scan matching rejected keyframe: insufficient scan or submap geometry (source=58 submap=6131 overlap=0.00 rmse=0.000m correction=0.000m/0.00deg).
[WARN] [1785063003.968497716] [vertical_lidar_mapper]: 3D scan matching rejected keyframe: insufficient scan or submap geometry (source=61 submap=6131 overlap=0.00 rmse=0.000m correction=0.000m/0.00deg).
[WARN] [1785063005.067905716] [vertical_lidar_mapper]: 3D scan matching rejected keyframe: insufficient scan or submap geometry (source=60 submap=6131 overlap=0.00 rmse=0.000m correction=0.000m/0.00deg).
[WARN] [1785063006.258159148] [vertical_lidar_mapper]: 3D scan matching rejected keyframe: insufficient scan or submap geometry (source=63 submap=6132 overlap=0.00 rmse=0.000m correction=0.000m/0.00deg).
[WARN] [1785063007.258419775] [vertical_lidar_mapper]: 3D scan matching rejected keyframe: insufficient scan or submap geometry (source=61 submap=6134 overlap=0.00 rmse=0.000m correction=0.000m/0.00deg).
[WARN] [1785063008.358381121] [vertical_lidar_mapper]: 3D scan matching rejected keyframe: insufficient scan or submap geometry (source=60 submap=6135 overlap=0.00 rmse=0.000m correction=0.000m/0.00deg).
[WARN] [1785063009.457809384] [vertical_lidar_mapper]: 3D scan matching rejected keyframe: insufficient scan or submap geometry (source=61 submap=6135 overlap=0.00 rmse=0.000m correction=0.000m/0.00deg).
[WARN] [1785063010.548423505] [vertical_lidar_mapper]: 3D scan matching rejected keyframe: insufficient scan or submap geometry (source=60 submap=6136 overlap=0.00 rmse=0.000m correction=0.000m/0.00deg).
[WARN] [1785063011.648478860] [vertical_lidar_mapper]: 3D scan matching rejected keyframe: insufficient scan or submap geometry (source=59 submap=6136 overlap=0.00 rmse=0.000m correction=0.000m/0.00deg).
[WARN] [1785063012.847759326] [vertical_lidar_mapper]: 3D scan matching rejected keyframe: insufficient scan or submap geometry (source=61 submap=6136 overlap=0.00 rmse=0.000m correction=0.000m/0.00deg).
[WARN] [1785063013.938495825] [vertical_lidar_mapper]: 3D scan matching rejected keyframe: insufficient scan or submap geometry (source=60 submap=6136 overlap=0.00 rmse=0.000m correction=0.000m/0.00deg).
[WARN] [1785063015.037791364] [vertical_lidar_mapper]: 3D scan matching rejected keyframe: insufficient scan or submap geometry (source=61 submap=6136 overlap=0.00 rmse=0.000m correction=0.000m/0.00deg).
[WARN] [1785063016.137899017] [vertical_lidar_mapper]: 3D scan matching rejected keyframe: insufficient scan or submap geometry (source=58 submap=6135 overlap=0.00 rmse=0.000m correction=0.000m/0.00deg).
[WARN] [1785063017.328353542] [vertical_lidar_mapper]: 3D scan matching rejected keyframe: insufficient scan or submap geometry (source=60 submap=6135 overlap=0.00 rmse=0.000m correction=0.000m/0.00deg).
[WARN] [1785063018.358485076] [vertical_lidar_mapper]: 3D scan matching rejected keyframe: insufficient scan or submap geometry (source=59 submap=6135 overlap=0.00 rmse=0.000m correction=0.000m/0.00deg).
[WARN] [1785063019.457456745] [vertical_lidar_mapper]: 3D scan matching rejected keyframe: insufficient scan or submap geometry (source=59 submap=6135 overlap=0.00 rmse=0.000m correction=0.000m/0.00deg).
[WARN] [1785063020.658245239] [vertical_lidar_mapper]: 3D scan matching rejected keyframe: insufficient scan or submap geometry (source=59 submap=6135 overlap=0.00 rmse=0.000m correction=0.000m/0.00deg).
[WARN] [1785063021.748092390] [vertical_lidar_mapper]: 3D scan matching rejected keyframe: insufficient scan or submap geometry (source=60 submap=6135 overlap=0.00 rmse=0.000m correction=0.000m/0.00deg).
[WARN] [1785063022.748162825] [vertical_lidar_mapper]: 3D scan matching rejected keyframe: insufficient scan or submap geometry (source=61 submap=6135 overlap=0.00 rmse=0.000m correction=0.000m/0.00deg).
[WARN] [1785063023.847838970] [vertical_lidar_mapper]: 3D scan matching rejected keyframe: insufficient scan or submap geometry (source=59 submap=6135 overlap=0.00 rmse=0.000m correction=0.000m/0.00deg).
[WARN] [1785063024.943449149] [vertical_lidar_mapper]: 3D scan matching rejected keyframe: insufficient scan or submap geometry (source=60 submap=6135 overlap=0.00 rmse=0.000m correction=0.000m/0.00deg).
[WARN] [1785063026.037537866] [vertical_lidar_mapper]: 3D scan matching rejected keyframe: insufficient scan or submap geometry (source=59 submap=6135 overlap=0.00 rmse=0.000m correction=0.000m/0.00deg).
[WARN] [1785063027.037542760] [vertical_lidar_mapper]: 3D scan matching rejected keyframe: insufficient scan or submap geometry (source=58 submap=6135 overlap=0.00 rmse=0.000m correction=0.000m/0.00deg).
[WARN] [1785063028.228050867] [vertical_lidar_mapper]: 3D scan matching rejected keyframe: insufficient scan or submap geometry (source=61 submap=6135 overlap=0.00 rmse=0.000m correction=0.000m/0.00deg).
[WARN] [1785063029.329099434] [vertical_lidar_mapper]: 3D scan matching rejected keyframe: insufficient scan or submap geometry (source=58 submap=6135 overlap=0.00 rmse=0.000m correction=0.000m/0.00deg).
[WARN] [1785063030.427259825] [vertical_lidar_mapper]: 3D scan matching rejected keyframe: insufficient scan or submap geometry (source=58 submap=6137 overlap=0.00 rmse=0.000m correction=0.000m/0.00deg).
[WARN] [1785063031.617741491] [vertical_lidar_mapper]: 3D scan matching rejected keyframe: insufficient scan or submap geometry (source=55 submap=6137 overlap=0.00 rmse=0.000m correction=0.000m/0.00deg).
[WARN] [1785063032.617968770] [vertical_lidar_mapper]: 3D scan matching rejected keyframe: insufficient scan or submap geometry (source=58 submap=6137 overlap=0.00 rmse=0.000m correction=0.000m/0.00deg).
[WARN] [1785063033.717788186] [vertical_lidar_mapper]: 3D scan matching rejected keyframe: insufficient scan or submap geometry (source=57 submap=6137 overlap=0.00 rmse=0.000m correction=0.000m/0.00deg).
[WARN] [1785063034.809239895] [vertical_lidar_mapper]: 3D scan matching rejected keyframe: insufficient scan or submap geometry (source=58 submap=6137 overlap=0.00 rmse=0.000m correction=0.000m/0.00deg).
[WARN] [1785063035.838120578] [vertical_lidar_mapper]: 3D scan matching rejected keyframe: insufficient scan or submap geometry (source=60 submap=6137 overlap=0.00 rmse=0.000m correction=0.000m/0.00deg).
[WARN] [1785063036.838334634] [vertical_lidar_mapper]: 3D scan matching rejected keyframe: insufficient scan or submap geometry (source=60 submap=6137 overlap=0.00 rmse=0.000m correction=0.000m/0.00deg).
[WARN] [1785063037.937580761] [vertical_lidar_mapper]: 3D scan matching rejected keyframe: insufficient scan or submap geometry (source=58 submap=6137 overlap=0.00 rmse=0.000m correction=0.000m/0.00deg).
[WARN] [1785063039.128122492] [vertical_lidar_mapper]: 3D scan matching rejected keyframe: insufficient scan or submap geometry (source=58 submap=6137 overlap=0.00 rmse=0.000m correction=0.000m/0.00deg).
[WARN] [1785063040.129227851] [vertical_lidar_mapper]: 3D scan matching rejected keyframe: insufficient scan or submap geometry (source=59 submap=6136 overlap=0.00 rmse=0.000m correction=0.000m/0.00deg).
[WARN] [1785063041.227190568] [vertical_lidar_mapper]: 3D scan matching rejected keyframe: insufficient scan or submap geometry (source=60 submap=6136 overlap=0.00 rmse=0.000m correction=0.000m/0.00deg).
[WARN] [1785063042.317641421] [vertical_lidar_mapper]: 3D scan matching rejected keyframe: insufficient scan or submap geometry (source=56 submap=6137 overlap=0.00 rmse=0.000m correction=0.000m/0.00deg).
[WARN] [1785063043.418209176] [vertical_lidar_mapper]: 3D scan matching rejected keyframe: insufficient scan or submap geometry (source=57 submap=6137 overlap=0.00 rmse=0.000m correction=0.000m/0.00deg).
[WARN] [1785063044.518683854] [vertical_lidar_mapper]: 3D scan matching rejected keyframe: insufficient scan or submap geometry (source=58 submap=6137 overlap=0.00 rmse=0.000m correction=0.000m/0.00deg).
[WARN] [1785063045.717331095] [vertical_lidar_mapper]: 3D scan matching rejected keyframe: insufficient scan or submap geometry (source=59 submap=6136 overlap=0.00 rmse=0.000m correction=0.000m/0.00deg).
[WARN] [1785063046.907854075] [vertical_lidar_mapper]: 3D scan matching rejected keyframe: insufficient scan or submap geometry (source=56 submap=6135 overlap=0.00 rmse=0.000m correction=0.000m/0.00deg).
[WARN] [1785063048.008474374] [vertical_lidar_mapper]: 3D scan matching rejected keyframe: insufficient scan or submap geometry (source=60 submap=6136 overlap=0.00 rmse=0.000m correction=0.000m/0.00deg).
[WARN] [1785063049.011084926] [vertical_lidar_mapper]: 3D scan matching rejected keyframe: insufficient scan or submap geometry (source=57 submap=6136 overlap=0.00 rmse=0.000m correction=0.000m/0.00deg).
[WARN] [1785063050.138337786] [vertical_lidar_mapper]: 3D scan matching rejected keyframe: insufficient scan or submap geometry (source=57 submap=6136 overlap=0.00 rmse=0.000m correction=0.000m/0.00deg).
[WARN] [1785063051.143239081] [vertical_lidar_mapper]: 3D scan matching rejected keyframe: insufficient scan or submap geometry (source=60 submap=6136 overlap=0.00 rmse=0.000m correction=0.000m/0.00deg).
[WARN] [1785063052.147176666] [vertical_lidar_mapper]: 3D scan matching rejected keyframe: insufficient scan or submap geometry (source=59 submap=6136 overlap=0.00 rmse=0.000m correction=0.000m/0.00deg).
[INFO] [1785063053.154111444] [vertical_lidar_mapper]: Saved PCD: /home/pi5drone/drone_ros_ws/maps/vertical_3d/lidar2_vertical_global_map_1785063053_062829136.pcd | 2D map: /home/pi5drone/drone_ros_ws/maps/vertical_3d/lidar2_vertical_map2d_1785063053_062829136.pgm (yaml: /home/pi5drone/drone_ros_ws/maps/vertical_3d/lidar2_vertical_map2d_1785063053_062829136.yaml) | slam2d: /home/pi5drone/drone_ros_ws/maps/vertical_3d/slam2d_map_1785063053_062829136.pgm (yaml: /home/pi5drone/drone_ros_ws/maps/vertical_3d/slam2d_map_1785063053_062829136.yaml) | trajectory: /home/pi5drone/drone_ros_ws/maps/vertical_3d/lidar2_vertical_trajectory_1785063053_062829136.csv | structural GLB: /home/pi5drone/drone_ros_ws/maps/vertical_3d/lidar2_structural_environment_1785063053_062829136.glb
[WARN] [1785063053.172456232] [vertical_lidar_mapper]: 3D scan matching rejected keyframe: insufficient scan or submap geometry (source=57 submap=6136 overlap=0.00 rmse=0.000m correction=0.000m/0.00deg).
[INFO] [1785063053.614260701] [rclcpp]: signal_handler(SIGINT/SIGTERM)
