timestamp,raw_odom_age_sec,scan_age_sec,rf2o_rate_hz,scan_rate_hz,x,y,yaw_deg,delta_translation_m,delta_yaw_deg,translation_speed_mps,yaw_rate_degps,roll_deg,pitch_deg,valid,status_reason
1785679365.823348284,inf,inf,0.000000000,0.000000000,0.000000000,0.000000000,0.000000000,0.000000000,0.000000000,0.000000000,0.000000000,0.000000000,0.000000000,false,WAITING_FOR_SCAN
1785679366.822168112,inf,0.084793481,0.000000000,7.398383203,0.000000000,0.000000000,0.000000000,0.000000000,0.000000000,0.000000000,0.000000000,0.000000000,0.000000000,false,WAITING_FOR_ODOM
1785679367.822106123,0.052589296,0.116290519,8.416998687,3380.459134213,0.000363963,-0.000029867,-0.233982504,0.000163540,0.153233400,0.001211345,1.135004764,-0.656733119,0.767638130,false,WAITING_FOR_ODOM
1785679368.822169065,0.051681574,0.022066352,7.663270919,573.225942443,0.000582939,0.000028253,-0.025459904,0.000357842,0.158258778,0.002640626,1.167840636,-0.764849094,0.755806086,true,OK
1785679369.822140455,0.151397500,0.065264556,8.383538239,125.998209526,0.000470749,-0.000406812,-0.114828947,0.000150353,0.118694067,0.001113385,0.878944758,-0.720023470,0.745957638,true,OK
1785679370.821993113,0.053708074,0.119738185,8.325272008,32.278177315,-0.000005463,-0.000305981,0.000701552,0.000155881,0.076616680,0.001154584,0.567487370,-0.722866906,0.757703640,true,OK
1785679371.821997881,0.154261426,0.038855389,8.705421552,11.578399872,-0.000219319,-0.000291112,-0.074920403,0.000056468,0.139882314,0.000420771,1.042338537,-0.796599701,0.750270260,true,OK
1785679372.822019100,0.054353574,0.078398111,8.668472771,8.229897889,-0.000063214,-0.000082347,0.211796077,0.000222880,0.161925496,0.001681249,1.221449628,-0.645699380,0.759079103,true,OK
1785679373.822011948,0.045774463,0.120712648,8.658443858,7.515465831,-0.000660181,-0.000578419,0.185615735,0.000317679,0.144017660,0.002393890,1.085253039,-0.715989828,0.773042704,true,OK
1785679374.822255850,0.054065444,0.028378407,7.965593938,7.380149066,-0.000842170,-0.000832982,-0.068300936,0.000339894,0.314035316,0.002536376,2.343414994,-0.676915771,0.756240995,true,OK
1785679375.822063923,0.154448055,0.070622426,8.561219462,7.357269443,-0.000916793,-0.000650955,0.270510037,0.000325271,0.169020462,0.002422372,1.258736540,-0.782742554,0.749549230,true,OK
1785679376.822077036,0.049344852,0.092491444,8.501523875,7.164622672,0.000164022,-0.001376668,0.242869236,0.000214014,0.106531181,0.001442150,0.717869580,-0.738408156,0.754843140,true,OK
1785679377.822060823,0.052794111,0.008624797,7.912765565,7.322124911,0.000218867,-0.002056645,-0.087389237,0.000397130,0.125114538,0.002942386,0.926988491,-0.690803295,0.743526403,true,OK
1785679378.822050333,0.145575871,0.054879723,8.400905816,7.317653674,-0.000635422,-0.001967878,-0.217611703,0.000633992,0.222056360,0.004886250,1.711413855,-0.731485029,0.753395821,true,OK
1785679379.822029591,0.053712908,0.102196426,8.352151199,7.328882169,0.000093205,-0.001659851,0.239959085,0.000256735,0.106531181,0.001867261,0.774811669,-0.821280523,0.744255932,true,OK
1785679380.822057009,0.054249685,0.023907630,209.143445856,226.664283801,0.000319624,-0.002681176,-0.544385755,0.000427344,0.125114538,0.003160028,0.925169078,-0.725755510,0.748815890,true,OK
1785679381.822158098,0.153937592,0.065396148,50.580668712,53.302410931,-0.000274008,-0.002086206,-0.173964114,0.000264607,0.197823503,0.001959897,1.465242298,-1.110329125,-0.064974393,true,OK
1785679382.822066069,0.053757685,0.119113426,15.442220080,17.023848019,0.000083989,-0.001948183,-0.239705059,0.000095208,0.159490387,0.000705688,1.182151340,-1.034009837,-0.085091271,true,OK
1785679383.822060823,0.052372407,0.027163130,9.283806899,8.991630051,0.000503604,-0.002198885,-0.596640288,0.000165184,0.121946558,0.001222871,0.902779294,-1.019521015,-0.075869388,true,OK
1785679384.822068930,0.053243834,0.081187278,8.920216971,7.733301615,0.000710395,-0.002653218,-0.903608012,0.000454738,0.148037520,0.003369189,1.096822170,-1.098664643,-0.057507401,true,OK
1785679385.822076321,0.052104944,0.123282334,8.248611677,7.401869350,-0.000444265,-0.002253268,-0.661293356,0.000360412,0.128204252,0.002671669,0.950355572,-1.100299799,-0.080775116,true,OK
1785679386.822049856,0.148800537,0.042360778,8.407277151,7.413307627,0.000049233,-0.002306883,-0.666756413,0.000016843,0.209356731,0.000125582,1.560945310,-1.070839358,-0.065905748,true,OK
1785679387.822087049,0.054750204,0.082223092,8.625248901,7.351680381,0.000737181,-0.003006500,-1.371796207,0.000180849,0.125114538,0.001334259,0.923066140,-1.095026061,-0.061443965,true,OK
1785679388.822126150,0.053786797,0.125951371,8.232589700,7.349108209,0.001219291,-0.002818307,-1.314954772,0.000238051,0.094872788,0.001761090,0.701864475,-1.042383248,-0.094998023,true,OK
1785679389.822054386,0.049377000,0.031871518,7.704238471,7.337483821,0.001520187,-0.002531473,-1.422531206,0.000045423,0.154505069,0.000335917,1.142612432,-1.055933318,-0.088534742,true,OK
1785679390.822099447,0.042347240,0.074948666,8.632959313,7.347119916,0.001893934,-0.002778912,-1.215286684,0.000030408,0.342640709,0.000224897,2.534152963,-1.074467194,-0.083337721,true,OK
1785679391.822247028,0.053923315,0.117720945,8.352251649,7.358552227,0.001808183,-0.002944783,-1.755430274,0.000288798,0.148037520,0.002143646,1.098830072,-1.097202723,-0.100194781,true,OK
1785679392.822049141,0.047915000,0.024151537,7.776368969,7.352819937,0.001267829,-0.002152321,-1.395051527,0.000093795,0.048456644,0.000685376,0.354081501,-1.007081046,-0.151968235,true,OK
1785679393.822032690,0.150629703,0.065841500,8.625823495,7.345458898,0.001384732,-0.002322390,-1.394717538,0.000728069,0.263187172,0.005403921,1.953444712,-1.085241080,-0.172558321,true,OK
1785679394.822076559,0.054063407,0.104251852,8.419631431,7.275235301,0.001525941,-0.002611276,-1.617150573,0.000089696,0.121946558,0.000660337,0.897762396,-1.109192906,-0.210907229,true,OK
1785679395.822046757,0.054365277,0.015155852,7.869252574,7.365769400,0.001345823,-0.002089330,-1.387439178,0.000179577,0.074018747,0.001309431,0.539726026,-1.096939835,-0.242683325,true,OK
1785679396.822099686,0.152987463,0.069482981,8.331428320,7.399923692,0.000798382,-0.001946735,-1.582066716,0.000329763,0.149353439,0.002442202,1.106101007,-1.123455456,-0.248575262,true,OK
1785679397.822069407,0.053903407,0.110707222,8.327035851,7.362150722,0.001396932,-0.001821456,-1.649032712,0.000152534,0.181308225,0.001125136,1.337385957,-1.065833627,-0.239710501,true,OK
1785679398.822068691,0.053696018,0.030653852,7.817758588,7.396920507,0.001178947,-0.001907777,-1.499306654,0.000259402,0.048456644,0.001919677,0.358598195,-1.096178086,-0.263296212,true,OK
1785679399.822065592,0.054764500,0.084442981,8.677758396,7.394851696,0.001212757,-0.002016235,-1.483809065,0.000190202,0.108352360,0.001405560,0.800707162,-1.031580884,-0.255810009,true,OK
1785679400.822013140,0.053180870,0.004143315,7.974118270,7.405402298,0.001107202,-0.001642568,-1.565377052,0.000204228,0.180225774,0.001510711,1.333161978,-1.126340697,-0.262467569,true,OK
1785679401.822059155,0.153591351,0.057434352,8.615323200,7.395145603,0.000837224,-0.002149498,-1.442802964,0.000054274,0.226419384,0.000401978,1.676963235,-1.095429200,-0.235266857,true,OK
1785679402.822075129,0.053444463,0.112697093,8.369913373,7.402760268,0.001325776,-0.001802337,-1.645240212,0.000331138,0.501631237,0.002452247,3.714836578,-1.071750156,-0.231183065,true,OK
1785679403.822057009,0.051117352,0.031792500,7.659757836,7.403466244,0.001352973,-0.001703625,-1.085036059,0.000398250,0.434312413,0.002948346,3.215326804,-1.123660397,-0.236735013,true,OK
1785679404.822064877,0.052504166,0.085982500,8.663228353,7.405260290,0.001141662,-0.002055127,-1.537275644,0.000281171,0.092787413,0.002081681,0.686961926,-1.055476464,-0.222087996,true,OK
1785679405.822060108,0.048333740,0.128231352,8.184743699,7.373360900,0.001439823,-0.001800003,-1.620637903,0.000233755,0.213062455,0.001732275,1.578928295,-1.097514462,-0.224615653,true,OK
1785679406.822261572,0.153073093,0.047514889,8.698717704,7.397691334,0.001183066,-0.001360221,-1.583940832,0.000209641,0.076616680,0.001550594,0.566688933,-1.083939025,-0.210607448,true,OK
1785679407.822042465,0.052189963,0.101481741,8.330521173,7.402621547,0.000834429,-0.001362848,-1.509954612,0.000104445,0.120331298,0.000772319,0.889790876,-1.085076727,-0.189241718,true,OK
1785679408.822051048,0.053957962,0.020576686,7.894403411,7.400248737,0.000315115,-0.001767942,-1.479449885,0.000198699,0.220286968,0.001469525,1.629181703,-1.094145634,-0.198926255,true,OK
1785679409.822057486,0.054392537,0.074941223,8.697146422,7.413693328,-0.000292110,-0.001727090,-1.512507907,0.000467346,0.113640914,0.003467979,0.843281981,-1.017622333,-0.195200026,true,OK
1785679410.822062254,0.054321370,0.129151796,8.257963212,7.402250167,-0.001011999,-0.001525769,-1.348497443,0.000414793,0.243089661,0.003068594,1.798352193,-1.140698868,-0.191166302,true,OK
1785679411.822064400,0.153343370,0.048774870,8.662580585,7.408173755,-0.000797374,-0.001897547,-1.786359073,0.000168858,0.150657858,0.001248871,1.114264889,-1.105133082,-0.192916794,true,OK
1785679412.822059870,0.052925555,0.102950334,8.361346440,7.404611681,-0.000717602,-0.001969316,-1.758965172,0.000244253,0.115349902,0.001810395,0.854969134,-1.087166156,-0.184379766,true,OK
1785679413.821968555,0.053143704,0.021255463,7.871030838,7.404150920,-0.001383274,-0.001738717,-1.527137919,0.000156346,0.118694067,0.001157721,0.878911246,-1.084625774,-0.195211338,true,OK
1785679414.822035789,0.153072482,0.063856037,8.496443928,7.362632160,-0.001549856,-0.001702416,-1.674567005,0.000194310,0.192814506,0.001439360,1.428281457,-1.047397054,-0.173209199,true,OK
1785679415.822036266,0.052569908,0.118073000,8.325158686,7.392677256,-0.001182015,-0.001625070,-1.352627566,0.000370702,0.172458515,0.002736481,1.273068867,-1.120258355,-0.165747345,true,OK
1785679416.822070360,0.154293556,0.037519314,8.707711004,7.406720624,-0.001405315,-0.001260754,-1.032477023,0.000108770,0.184517467,0.000805805,1.366972311,-1.108453227,-0.169042359,true,OK
1785679417.822079182,0.052862518,0.091768852,8.613968454,7.405387550,-0.000706268,-0.000765474,-0.829887734,0.000266402,0.034264021,0.001974254,0.253923900,-1.095686982,-0.161370390,true,OK
1785679418.822080612,0.054100648,0.007879463,7.941074607,7.370686096,-0.000810714,-0.001261515,-1.014267971,0.000314827,0.164324520,0.002331023,1.216682261,-1.103169889,-0.169472383,true,OK
1785679419.822048664,0.152890222,0.065410500,8.499248979,7.408636918,-0.000520287,-0.001023174,-0.994953650,0.000320120,0.421044263,0.002369021,3.115903597,-1.102842313,-0.152983975,true,OK
1785679420.822163343,0.053800315,0.119492037,8.362063853,7.404850565,-0.000642044,-0.000681652,-0.939193073,0.000205579,0.158258778,0.001521356,1.171167488,-1.093349036,-0.147501258,true,OK
1785679421.822047472,0.154245537,0.038716296,8.715018869,7.404538818,-0.000490293,-0.001305021,-0.923510111,0.000125395,0.148037520,0.000927598,1.095096516,-1.090841102,-0.151953455,true,OK
1785679422.822177649,0.054511130,0.080492611,8.666679574,7.360750226,-0.000837924,-0.001243802,-1.004900613,0.000203708,0.111905833,0.001506665,0.827677978,-1.087240293,-0.139977812,true,OK
1785679423.822074413,0.054521167,0.134802611,8.181651552,7.396770743,-0.001413288,-0.001087245,-0.908979137,0.000195718,0.044234660,0.001447371,0.327123202,-1.072615461,-0.159078401,true,OK
1785679424.822050810,0.154673240,0.054008204,8.662847518,7.403341317,-0.000929768,-0.001153290,-0.939124964,0.000031193,0.131221234,0.000230297,0.968797757,-1.065828298,-0.153407923,true,OK
1785679425.822107077,0.053738037,0.107600407,8.348651817,7.399595813,-0.000226951,-0.001113059,-1.049774689,0.000402710,0.257930381,0.002969539,1.901951064,-1.092882452,-0.147778239,true,OK
1785679426.822149038,0.053737629,0.027502296,7.836239412,7.408704222,-0.000388594,-0.001326086,-1.090822378,0.000084534,0.220286968,0.000624854,1.628302819,-1.106163801,-0.159361831,true,OK
1785679427.822345734,0.052805018,0.082172556,8.678040330,7.405043214,-0.000478192,-0.001139197,-0.807138255,0.000150458,0.065610604,0.001113761,0.485679887,-1.148136741,-0.137726782,true,OK
1785679428.822103739,0.053832556,0.000782519,8.181479069,7.403941717,0.000305158,-0.000904016,-0.664555258,0.000258000,0.137056110,0.001911147,1.015247854,-1.079808485,-0.153695481,true,OK
1785679429.822091103,0.152061204,0.055040630,8.633425135,7.406709019,0.000826615,-0.000998555,-1.174704467,0.000220176,0.115349902,0.001629632,0.853761533,-1.067308585,-0.136164504,true,OK
1785679430.822074890,0.052912315,0.106694241,8.355249055,7.372493161,0.001126132,-0.000652486,-0.904542919,0.000128073,0.234902452,0.000936741,1.718102115,-1.057947224,-0.135462082,true,OK
1785679431.822107315,0.054210056,0.028730426,7.821795793,7.409379647,0.001070153,-0.000426828,-1.104570118,0.000069622,0.205584225,0.000515769,1.522989227,-1.005635681,-0.145934291,true,OK
1785679432.822096825,0.150478074,0.070685537,8.267777917,7.282039923,0.001216922,-0.001008045,-1.677609916,0.000161107,0.086229231,0.001192132,0.638065465,-1.091743393,-0.138779022,true,OK
1785679433.822065592,0.054817426,0.124898944,8.283766289,7.377222368,0.001160628,-0.001069375,-1.452790411,0.000154101,0.027976455,0.001140869,0.207119864,-1.090922245,-0.155033508,true,OK
1785679434.822043657,0.154055037,0.043391037,8.667864951,7.391837157,0.001101744,-0.000893774,-1.392699087,0.000307928,0.137056110,0.002276707,1.013341374,-1.094166296,-0.140734395,true,OK
1785679435.822037458,0.054072444,0.098424667,8.525923034,7.403662049,0.001162814,-0.001195781,-1.601010425,0.000278691,0.079129369,0.002061109,0.585215561,-1.086383023,-0.154722110,true,OK
1785679436.822102308,0.051353926,0.017756593,7.866206688,7.405855305,0.002201857,-0.001629887,-1.864612260,0.000212700,0.234067968,0.001574988,1.733210560,-1.107594511,-0.143545556,true,OK
1785679437.822127819,0.152874685,0.071497870,8.371076035,7.397178924,0.002164485,-0.000984515,-1.618702985,0.000126872,0.277658662,0.000938618,2.054159618,-1.026950006,-0.133439433,true,OK
1785679438.822080612,0.052335351,0.126316111,8.363681168,7.411480477,0.002369999,-0.000859994,-1.162864157,0.000520250,0.159490387,0.003897902,1.194959205,-1.126390054,-0.149894732,true,OK
1785679439.822075605,0.152290148,0.045537888,8.687851548,7.405100957,0.003762042,-0.000995944,-1.448624491,0.000093281,0.154505069,0.000691095,1.144689732,-1.084540447,-0.156876820,true,OK
1785679440.822097301,0.054440444,0.099638352,8.554916782,7.403938176,0.004326377,-0.001190186,-1.589695518,0.000262831,0.484971499,0.001947285,3.593092187,-1.088451860,-0.151951432,true,OK
1785679441.821975708,0.054347777,0.018687538,7.937948824,7.401951541,0.005119617,-0.000996642,-0.940425453,0.000039504,0.065610604,0.000292547,0.485881501,-1.064244359,-0.164241654,true,OK
1785679442.822013378,0.052545537,0.073010778,8.679963384,7.409069032,0.005508365,-0.000971926,-0.913900594,0.000328217,0.500459647,0.002444772,3.727748678,-1.095760262,-0.126307988,true,OK
1785679443.822086096,0.052902574,0.127540167,8.248869675,7.405856570,0.005325600,-0.001401476,-1.183633630,0.000219287,0.275536395,0.001624566,2.041283332,-1.058891349,-0.169027454,true,OK
1785679444.822078705,0.151554259,0.046366629,8.619627547,7.406714102,0.005060469,-0.001253890,-1.424180833,0.000200959,0.098911718,0.001483238,0.730047716,-1.068230241,-0.162681130,true,OK
1785679445.822070599,0.054209759,0.087695204,8.611039535,7.363865463,0.003665687,-0.001324876,-1.272196546,0.000337531,0.039564681,0.002497068,0.292700718,-1.066246801,-0.147857418,true,OK
1785679446.822114468,0.051206314,0.129971852,8.057614361,7.358486814,0.002233322,-0.001549051,-1.601931752,0.000194331,0.115349902,0.001437194,0.853082535,-1.066091943,-0.158611717,true,OK
1785679447.822062254,0.152160130,0.037201204,8.669018706,7.368513457,0.003240995,-0.001456351,-1.457075646,0.000308324,0.330430705,0.002284975,2.448806523,-1.091377017,-0.161275589,true,OK
1785679448.822267294,0.050338926,0.077387629,8.556717847,7.338092704,0.002818646,-0.001389993,-1.117328997,0.000648424,0.113640914,0.004800490,0.841320035,-1.095744688,-0.157491303,true,OK
1785679449.822153807,0.047664260,0.120929982,8.105421677,7.341169085,0.003009428,-0.001549160,-1.449524680,0.000290946,0.019782341,0.002154880,0.146517386,-1.108969738,-0.166686356,true,OK
1785679450.822129488,0.048714018,0.028291037,7.610466115,7.344243020,0.003103501,-0.001942633,-1.424438336,0.000360132,0.100870555,0.002666488,0.746865040,-1.038315584,-0.175535816,true,OK
1785679451.822663784,0.153295592,0.067485167,8.268598205,7.282816506,0.002023785,-0.001679188,-1.210083321,0.000374192,0.202708782,0.002761200,1.495808910,-1.054385775,-0.172298333,true,OK
1785679452.822075367,0.052661055,0.107802611,8.337498470,7.246144858,0.002810164,-0.001756855,-1.136870823,0.000075415,0.106531181,0.000547233,0.773020565,-0.998778878,-0.166982212,true,OK
1785679453.822104692,0.053834925,0.031386537,7.872445920,7.401120875,0.002839149,-0.002290432,-1.426900591,0.000436830,0.269069166,0.003265705,2.011537966,-1.079757398,-0.173477117,true,OK
1785679454.822141886,0.053075648,0.073504908,8.636812820,7.361976909,0.002667948,-0.002034327,-1.537045295,0.000208417,0.102792073,0.001542804,0.760918090,-1.075814781,-0.174271572,true,OK
1785679455.822026014,0.047841445,0.115610611,8.127593842,7.299055703,0.003008618,-0.002024721,-1.267201130,0.000198292,0.163129423,0.001371281,1.128113157,-1.062476259,-0.180138870,true,OK
1785679456.822148800,0.050426426,0.034247334,6.964237648,7.399023071,0.002943438,-0.002065286,-1.537290162,0.000277918,0.196831898,0.002024974,1.434159984,-1.068165082,-0.184692760,true,OK
1785679457.822091818,0.049043240,0.076152333,8.470631090,7.381684332,0.003039945,-0.002100138,-1.618669104,0.000040662,0.092787413,0.000302234,0.689676095,-1.073122008,-0.188780550,true,OK
1785679458.822080612,0.053337926,0.118541055,8.255535869,7.371488425,0.002766194,-0.001663637,-1.423936776,0.000473567,0.146709809,0.003506687,1.086361407,-1.072411181,-0.166621087,true,OK
1785679459.822097063,0.054107704,0.022408760,7.766983938,7.342851461,0.002168484,-0.001488275,-1.540760585,0.000024496,0.000000000,0.000181387,0.000000000,-1.088779405,-0.188642432,true,OK
1785679460.822053194,0.149742185,0.067382463,8.259921912,7.363191553,0.002327076,-0.001533593,-1.848929562,0.000240239,0.145369958,0.001780713,1.077518208,-1.057516223,-0.174492312,true,OK
1785679461.822121382,0.052546518,0.089295333,381.586817254,1622.631672247,0.002034549,-0.001482550,-1.744245836,0.000191849,0.111905833,0.001421720,0.829292818,-1.076358685,-0.168551027,true,OK
1785679462.822013140,0.051295704,0.028612500,85.913800311,278.433592787,0.001640115,-0.001499084,-1.660577752,0.000188660,0.261696003,0.001416253,1.964529583,-1.072442181,-0.167699968,true,OK
1785679463.822113752,0.049733407,0.082284740,21.698004182,64.235460298,0.001090898,-0.001965698,-1.972643943,0.000131339,0.102792073,0.000972462,0.761091594,-1.091678013,-0.158558339,true,OK
1785679464.822089434,0.039120759,0.125107296,10.831685216,19.257301554,0.001212897,-0.001897418,-2.142539936,0.000127181,0.129721514,0.000953839,0.972893649,-1.076687261,-0.179949005,true,OK
1785679465.822124243,0.153271093,0.040784481,9.289192626,9.358502183,0.001638162,-0.001625727,-1.742543971,0.000519738,0.181308225,0.003845631,1.341530906,-1.021341247,-0.165774988,true,OK
1785679466.822079659,0.053949926,0.085874166,8.901963453,7.783901706,0.001164830,-0.001517798,-1.895123782,0.000457633,0.155766359,0.003388819,1.153464764,-1.063361720,-0.156568144,true,OK
1785679467.822064400,0.053268685,0.127863074,8.232638442,7.387967473,0.001587737,-0.001652789,-1.975200700,0.000174642,0.174712971,0.001292454,1.292981816,-1.094475976,-0.172405135,true,OK
1785679468.822162390,0.129033074,0.046552759,8.439993291,7.393827758,0.001153234,-0.001080406,-1.982992638,0.000492408,0.065610604,0.003643848,0.485522014,-1.050151260,-0.172684460,true,OK
1785679469.822000265,0.054724259,0.101184055,8.361906891,7.398929742,0.001917972,-0.000143437,-1.410000145,0.000353688,0.364768947,0.002617396,2.699397602,-1.082008007,-0.172687900,true,OK
1785679470.822468281,0.050200982,0.142539500,7.856175000,7.342220252,0.003280668,0.000126339,-1.599423795,0.000347422,0.148037520,0.002589176,1.103255193,-1.043994420,-0.168448022,true,OK
1785679471.822040796,0.153205129,0.048103500,8.533341309,7.330506676,0.004515869,0.000985379,-1.319649015,0.000154209,0.159490387,0.001141554,1.180648928,-1.081093843,-0.159326945,true,OK
1785679472.822961330,0.055163963,0.092339444,8.683024964,7.350170384,0.004239869,0.000870149,-1.299643188,0.000140945,0.000000000,0.001045437,0.000000000,-1.075298286,-0.160175936,true,OK
1785679473.823203802,0.053730463,0.135642519,8.140153601,7.324359807,0.005031122,0.000959396,-1.443421821,0.000434243,0.240662729,0.003218671,1.783825202,-1.113078247,-0.164915243,true,OK
1785679474.822089195,0.155179537,0.053776574,8.669133406,7.398121634,0.005000039,0.000382985,-1.853417321,0.000207258,0.144017660,0.001533847,1.065827707,-1.071308594,-0.157707426,true,OK
1785679475.822122812,0.053680926,0.095740740,9.202654739,7.372291655,0.005236516,0.000986886,-1.337267490,0.000026816,0.145369958,0.000198697,1.077136166,-1.086106613,-0.145956008,true,OK
1785679476.822016478,0.052445389,0.001086833,8.260058723,7.361863072,0.005319241,0.000957064,-1.071418171,0.000367755,0.210289292,0.002729359,1.560701257,-1.038275276,-0.167712259,true,OK
1785679477.822072983,0.144704130,0.043214500,9.498388408,7.337784836,0.006204864,0.000387812,-1.523387763,0.000094671,0.218503234,0.000706910,1.631561613,-1.079154164,-0.168493032,true,OK
1785679478.822055578,0.052669723,0.086285926,8.724625903,7.341772310,0.005965873,0.000523665,-1.381552705,0.000340635,0.148037520,0.002514227,1.092664160,-1.079849600,-0.163247226,true,OK
1785679479.822051048,0.052553982,0.005317778,59.884792161,969.245971973,0.005803950,0.000953742,-1.348296328,0.000045716,0.125114538,0.000338231,0.925663937,-1.084153771,-0.168379966,true,OK
1785679480.822159052,0.152110518,0.057399333,19.475098440,209.087181555,0.006258214,0.000818651,-1.434081336,0.000188297,0.145369958,0.001394369,1.076487568,-1.106432263,-0.152670002,true,OK
1785679481.822079659,0.051423982,0.101675092,10.223959691,49.627636748,0.006490455,0.000375802,-1.683287616,0.000092655,0.019782341,0.000684770,0.146202099,-1.087215829,-0.171108128,true,OK
1785679482.822067738,0.052099296,0.021187444,8.275181888,14.502929051,0.006281087,0.000382083,-1.459682804,0.000362044,0.326858356,0.002680228,2.419744067,-1.068788235,-0.190761553,true,OK
1785679483.822023153,0.054491055,0.072533870,9.111401157,8.902124367,0.006736812,0.000699274,-1.441450124,0.000243978,0.148037520,0.001785042,1.083102450,-1.079986020,-0.175677617,true,OK
1785679484.822075129,0.048848851,0.104453389,8.390397919,7.568186257,0.007531330,0.000269354,-1.811316207,0.000462102,0.086229231,0.003384162,0.631492371,-1.067067062,-0.174748358,true,OK
1785679485.822248459,0.052249222,0.008057740,8.007321015,7.287766964,0.006854331,0.000459682,-1.860768691,0.000145196,0.132704012,0.001074661,0.982204358,-1.005339798,-0.174677183,true,OK
1785679486.822080374,0.153659759,0.066356796,8.585648004,7.392104583,0.007092695,0.000519651,-1.732083165,0.000163513,0.126668806,0.001214481,0.940821093,-1.082851228,-0.170575441,true,OK
1785679487.822710037,0.047748204,0.116628370,8.153499172,7.357388755,0.006089124,-0.000687776,-1.748027818,0.000575040,0.123540700,0.004254675,0.914068183,-1.073890657,-0.168788144,true,OK
1785679488.822388887,0.055120666,0.014758463,7.835624581,7.316049409,0.005839312,-0.001164999,-2.226397265,0.000641527,0.150657858,0.004341046,1.019461925,-1.047593182,-0.162834950,true,OK
1785679489.822672844,0.108825889,0.064609815,7.836216749,7.342918203,0.005780857,-0.001000243,-2.105064817,0.000235461,0.141274205,0.001748220,1.048912405,-1.099787920,-0.133574560,true,OK
1785679490.822027445,0.052183834,0.108203482,8.407753816,7.345789825,0.007078414,-0.000898845,-1.780519985,0.000146828,0.108352360,0.001080965,0.797705010,-0.990407568,-0.165155053,true,OK
1785679491.822124004,0.053420796,0.017127389,7.925772822,7.365201838,0.006592297,-0.001389003,-1.977179200,0.000538180,0.294085961,0.003980489,2.175119928,-1.049890773,-0.152384040,true,OK
1785679492.822118998,0.151645777,0.060310908,8.368313665,7.308308535,0.005002315,0.000004579,-1.825458497,0.000998243,0.228997300,0.006770245,1.553097143,-1.017069601,-0.132235726,true,OK
1785679493.822055101,0.054542537,0.114756907,8.364426440,7.385950068,0.005109267,0.000896981,-1.448669978,0.000239549,0.113640914,0.001773529,0.841353714,-1.119303589,-0.140301211,true,OK
1785679494.822319984,0.052430445,0.033895852,7.678845271,7.409097665,0.004749302,0.000306938,-1.788988582,0.000556420,0.110143430,0.004060886,0.803853537,-1.093952441,-0.132618930,true,OK
1785679495.822111130,0.051510815,0.075682889,8.647252019,7.328735308,0.004659225,-0.000018783,-1.380110894,0.000264132,0.201741190,0.001955022,1.493222909,-1.098195687,-0.139668072,true,OK
1785679496.822102308,0.007550445,0.128819185,7.678628298,7.388881519,0.003736468,0.000689182,-1.257275184,0.000258066,0.125114538,0.001909827,0.925914621,-1.104354125,-0.139019269,true,OK
1785679497.823971987,0.014262314,0.025813760,7.591384004,7.263427738,0.003607596,0.000815102,-1.212114614,0.000342812,0.226419384,0.002540887,1.678198129,-1.095119078,-0.157454437,true,OK
1785679498.822051287,0.044740556,0.075257537,9.496939689,7.341530514,0.004382410,0.000554664,-1.302540915,0.000318905,0.503966202,0.002361823,3.732395357,-1.053201394,-0.149962545,true,OK
1785679499.822770119,0.049777519,0.118800278,8.449839043,7.438151226,0.004208132,0.000947423,-0.971353994,0.000385240,0.135620930,0.002882052,1.014605383,-1.034478144,-0.140643649,true,OK
1785679500.824656725,0.056868741,0.029894000,7.876506007,7.362511123,0.005430137,0.001080523,-0.851066255,0.000133617,0.150657858,0.000988341,1.114390358,-1.069036903,-0.150359871,true,OK
1785679501.822134256,0.155036926,0.069433333,8.347043177,7.302503755,0.004734679,0.000126444,-1.174627624,0.000173967,0.113640914,0.001189327,0.776908830,-1.062911972,-0.138817986,true,OK
1785679502.824367762,0.048597981,0.113239481,8.121424329,7.261103207,0.004832280,-0.000121458,-1.282468589,0.000225005,0.115349902,0.001524994,0.781794822,-1.071334610,-0.134845810,true,OK
1785679503.822035789,0.052481278,0.031004352,7.805361610,7.384671646,0.004286496,0.000123727,-1.290483582,0.000246004,0.000000000,0.001820708,0.000000000,-1.076730854,-0.145684882,true,OK
1785679504.822095633,0.143947000,0.039825000,8.252396238,7.071914202,0.003487803,0.000299104,-1.321877743,0.000421960,0.183453959,0.003122627,1.357611998,-1.087030190,-0.140807206,true,OK
1785679505.822122812,0.043710925,0.102987074,8.701239083,7.313200090,0.003175716,-0.000373165,-1.500808622,0.000416927,0.189745630,0.002907856,1.323380303,-1.097254406,-0.141026373,true,OK
1785679506.823368788,0.044803241,0.155272407,8.246141532,7.379922410,0.003185793,0.000458232,-1.068951876,0.000074028,0.146709809,0.000547854,1.085746661,-1.082894734,-0.142881670,true,OK
1785679507.824009895,0.152928148,0.045853519,9.017148552,7.488436721,0.002835113,-0.000004448,-1.068312526,0.000205130,0.369565261,0.001511207,2.722612193,-1.097715025,-0.160981879,true,OK
1785679508.822082520,0.042471870,0.075107408,12.281307884,7.504557337,0.003277898,-0.000494941,-1.125129488,0.000245288,0.201741190,0.001907812,1.569112184,-1.071136096,-0.153349279,true,OK
1785679509.822112560,0.025034611,0.103692592,8.586960467,7.324337502,0.003109805,-0.000316934,-0.959037917,0.000168705,0.071326251,0.001244661,0.526226079,-1.081978868,-0.154916225,true,OK
1785679510.822061777,0.033957037,0.000941203,12.758450619,7.260060653,0.003336387,0.000059552,-0.658095553,0.000361610,0.129721514,0.002483332,0.890852571,-1.141310043,-0.161812439,true,OK
1785679511.822266579,0.020375278,0.009301592,9.508160107,7.019989731,0.002690752,-0.000863414,-1.094756544,0.000373383,0.200768942,0.002798579,1.504802732,-1.037528172,-0.139283522,true,OK
1785679512.822100401,0.053611352,0.072313981,9.240333028,7.301535712,0.004058009,-0.002076802,-1.271814007,0.000171576,0.145369958,0.001263346,1.070386608,-1.095446302,-0.137688253,true,OK
1785679513.822032452,0.049645277,0.118287444,8.531049681,7.327103317,0.005062277,-0.002490925,-1.023074087,0.000441386,0.234067968,0.003285469,1.742292054,-1.073395241,-0.139957440,true,OK
1785679514.822057009,0.052376352,0.025962389,7.853622434,7.361300231,0.004945991,-0.002723237,-1.067119546,0.000206549,0.123540700,0.001497608,0.895747149,-1.070044355,-0.156390865,true,OK
1785679515.822195530,0.147192648,0.066566630,8.212697009,7.299893015,0.004664686,-0.003018381,-1.153600059,0.000387120,0.096913294,0.002858083,0.715505565,-1.073884986,-0.144740630,true,OK
1785679516.823688745,0.009532945,0.109696389,7.540371983,7.339148726,0.005056077,-0.002297686,-0.709663763,0.000218345,0.027976455,0.001616487,0.207119467,-1.085632291,-0.158470344,true,OK
1785679517.822059870,0.040452722,0.004208981,10.002900825,7.247370340,0.004973984,-0.002668986,-0.814253516,0.000095876,0.192814506,0.000694984,1.397664017,-1.082380637,-0.163443014,true,OK
1785679518.822043896,0.141991907,0.047107352,9.165691415,7.286144154,0.005560362,-0.003162985,-1.028872097,0.000173484,0.048456644,0.001176181,0.328523908,-1.067836303,-0.168835402,true,OK
1785679519.822086334,0.045871408,0.088245907,8.573549888,7.276229079,0.005143386,-0.002843838,-0.995190090,0.000119732,0.219396909,0.000885729,1.623012744,-1.073408104,-0.160788017,true,OK
1785679520.822608948,0.029036222,0.130523296,7.776173367,7.314420358,0.004991522,-0.002788296,-0.748532109,0.000154448,0.113640914,0.001154367,0.849367692,-1.084708462,-0.154970365,true,OK
1785679521.822206259,0.152969574,0.037264796,8.606333903,7.353878234,0.004515571,-0.002110105,-0.907824300,0.000365545,0.172458515,0.002706591,1.276927652,-1.090512546,-0.158825388,true,OK
1785679522.822082996,0.152509407,0.067783481,8.278471074,7.255831876,0.003856846,-0.001577369,-0.828461237,0.000202506,0.158258778,0.001498166,1.170820424,-1.081932765,-0.153020718,true,OK
1785679523.822050571,0.054488351,0.105535648,8.321367911,7.236654272,0.004311088,-0.000378143,-0.587816270,0.000585158,0.412594332,0.004259660,3.003483245,-1.087068082,-0.148866362,true,OK
1785679524.822014570,0.053457223,0.025673870,7.810311439,7.358322996,0.003917878,-0.000793719,-0.654099201,0.000545714,0.155766359,0.004020138,1.147492578,-1.089315341,-0.151712437,true,OK
1785679525.822028399,0.151402463,0.070010945,8.294628559,7.378842344,0.005034393,-0.000936266,-0.674799161,0.000432459,0.470222186,0.003203542,3.483280694,-1.082682896,-0.145800548,true,OK
1785679526.822493792,0.051505296,0.109444037,8.255285790,7.323245510,0.004644609,-0.000558618,-0.886009568,0.000250288,0.092787413,0.001856875,0.688386696,-1.074300540,-0.154915934,true,OK
1785679527.822431326,0.040358203,0.002059648,9.511655302,7.279551646,0.005454404,-0.000467278,-0.829683639,0.000577191,0.150657858,0.004099345,1.070007148,-1.043711325,-0.163448392,true,OK
1785679528.822062254,0.153661167,0.048899130,9.153111974,7.362527026,0.005523397,-0.000363494,-0.806722451,0.000556285,0.256408663,0.004120011,1.899037928,-1.080543233,-0.155243794,true,OK
1785679529.822173119,0.050010556,0.091110982,8.573588307,7.386881230,0.005963975,-0.000144515,-1.065173150,0.000337085,0.129721514,0.002500507,0.962279635,-1.064567719,-0.145711299,true,OK
1785679530.822288752,0.049068148,0.119721351,8.731235114,7.407612899,0.006986881,0.000472438,-0.663256121,0.000659506,0.108352360,0.004489307,0.737562990,-1.093140976,-0.167818226,true,OK
1785679531.822422743,0.041159482,0.027782963,8.163269271,7.582960164,0.006110378,0.000550005,-0.698024693,0.000369155,0.463516327,0.002732210,3.430602022,-1.137715447,-0.166399308,true,OK
1785679532.822116613,0.149515074,0.057718463,8.314216585,7.290120683,0.006252522,0.000147281,-0.973198500,0.000294457,0.081564685,0.002174248,0.602268397,-1.074000606,-0.168597226,true,OK
1785679533.822095871,0.054515759,0.111969556,8.265073380,7.387007741,0.006412487,0.000417119,-1.095017885,0.000071176,0.141274205,0.000526990,1.046005962,-1.105768797,-0.186012520,true,OK
1785679534.822048426,0.051930851,0.018936852,7.798350813,7.366851816,0.005963268,0.000290641,-0.820471168,0.000352932,0.065610604,0.002584711,0.480502097,-1.029361209,-0.200767782,true,OK
1785679535.822059631,0.153799741,0.057673056,8.559264311,7.317765985,0.006196897,-0.000166141,-0.972740210,0.000264293,0.059347027,0.001958062,0.439682573,-1.107130112,-0.180511997,true,OK
1785679536.822104692,0.054048037,0.102648445,518.131017903,814.103714313,0.006212228,-0.000362802,-0.945822101,0.000396309,0.307741377,0.002935987,2.279851293,-1.098279042,-0.175363811,true,OK
1785679537.822025299,0.052584296,0.009707037,114.810334072,142.649781227,0.006584069,-0.000153593,-0.552005387,0.000429300,0.284618625,0.003156338,2.092597952,-1.128586402,-0.179167332,true,OK
1785679538.822094917,0.145473777,0.063870018,30.845529674,35.767858140,0.007531673,-0.000300527,-0.849852327,0.000136021,0.123540700,0.001007245,0.914824527,-1.080086204,-0.159942205,true,OK
1785679539.822045088,0.048182833,0.105301685,12.078577776,13.312765740,0.007585378,-0.000338889,-0.919045332,0.000344292,0.044234660,0.002549711,0.327586900,-1.043430389,-0.143706940,true,OK
1785679540.822651148,0.020806426,0.008701204,8.382337457,8.335800737,0.007523185,-0.000282427,-0.953534219,0.000288670,0.157017511,0.002136180,1.161942207,-1.127429537,-0.156077390,true,OK
1785679541.822187185,0.152458981,0.042689426,17.252798750,7.534451208,0.007427208,-0.000065222,-1.017406966,0.000549839,0.135620930,0.003983969,0.982668453,-1.120512660,-0.125998564,true,OK
1785679542.822049141,0.047706037,0.084686056,10.288644856,7.388889703,0.006408133,-0.000490057,-0.878137528,0.000463785,0.108352360,0.003434491,0.802387522,-1.049183942,-0.138068139,true,OK
1785679543.822126150,0.052803796,0.111335592,9.248485380,7.162275601,0.006668703,-0.000209792,-0.612189012,0.000570203,0.151951085,0.003902106,1.039857121,-1.067944852,-0.117467806,true,OK
1785679544.822072268,0.037285944,0.029552389,8.307614453,7.341529936,0.005360848,0.000335178,-0.543811192,0.000146018,0.126668806,0.001086371,0.942414553,-1.075561186,-0.131924306,true,OK
1785679545.821987152,0.052043371,0.070024259,8.932292275,7.325274297,0.005849802,-0.000429863,-0.761242641,0.000188590,0.128204252,0.001398501,0.950707817,-1.074696650,-0.127918024,true,OK
1785679546.822017431,0.054107241,0.117015852,8.314980176,7.370578521,0.006073572,-0.000321125,-0.845273684,0.000268840,0.139882314,0.001984068,1.032347303,-1.132730708,-0.135772638,true,OK
1785679547.822906733,0.054760500,0.022953296,7.819288038,7.350304198,0.005727698,0.000046883,-0.598091299,0.000292185,0.378459154,0.002134200,2.764370061,-1.083823210,-0.147338616,true,OK
1785679548.822085142,0.153927519,0.066620537,8.413706254,7.356970762,0.005082967,0.000086891,-0.713788781,0.000478948,0.149353439,0.003543820,1.105091768,-1.092256495,-0.160720608,true,OK
1785679549.822140455,0.123082407,0.106722907,7.814529042,7.328020363,0.005302411,-0.000138715,-0.533222545,0.000524738,0.157017511,0.003883804,1.162151480,-1.082454061,-0.208416200,true,OK
1785679550.822034359,0.033951093,0.002132038,8.224441560,7.261860314,0.004770937,0.000342181,-0.467909596,0.000129671,0.074018747,0.000934170,0.533244117,-1.099486077,-0.204405731,true,OK
1785679551.822141647,0.146888130,0.044654796,8.912810765,7.298976452,0.004457300,0.000608759,-0.507893484,0.000211651,0.000000000,0.001434196,0.000000000,-1.076294720,-0.205443223,true,OK
1785679552.822380066,0.043534760,0.087316945,8.531724169,7.326571902,0.004989335,0.000524478,-0.721348575,0.000456962,0.137056110,0.003384499,1.015109714,-1.113093046,-0.196718288,true,OK
1785679553.822184801,0.051102241,0.128515814,8.316927312,7.347388419,0.005036440,0.000781790,-0.973903734,0.000162915,0.125114538,0.001206146,0.926292026,-1.087629779,-0.200048467,true,OK
1785679554.822835207,0.042124629,0.024461463,7.695009936,7.290621375,0.004975483,0.001026832,-0.765855465,0.000029922,0.039564681,0.000203288,0.268801653,-1.153789632,-0.199924138,true,OK
1785679555.822826385,0.149031944,0.064246814,8.293542086,7.292943414,0.005423038,0.000776193,-0.919701697,0.000349199,0.106531181,0.002583143,0.788046859,-1.105419776,-0.209129657,true,OK
1785679556.822092772,0.053674352,0.104431982,8.344931924,7.304559460,0.005948822,0.000503270,-0.927706349,0.000389019,0.071326251,0.002879462,0.527946174,-1.072434988,-0.232258517,true,OK
1785679557.822082758,0.045104518,0.002030500,7.767162120,7.270943825,0.005638469,0.000942054,-0.748362756,0.000130468,0.128204252,0.000884269,0.868924565,-1.108173182,-0.243361613,true,OK
1785679558.824421406,0.138368074,0.040182370,8.535774900,7.272125996,0.005032658,0.000925260,-1.006211196,0.000666903,0.200768942,0.004854830,1.461529602,-1.089532205,-0.258478290,true,OK
1785679559.822051287,0.148294518,0.070887296,8.408842325,7.349021559,0.005584876,0.000645560,-1.269760668,0.000433180,0.259443188,0.002935886,1.758379886,-1.038487590,-0.248378430,true,OK
1785679560.822216511,0.052716185,0.114506760,8.300860328,7.306989292,0.005411350,0.000929396,-1.144279107,0.000480103,0.117033931,0.003568266,0.869831050,-1.084540847,-0.257852073,true,OK
1785679561.822122335,0.048568037,0.020242296,7.536464859,7.281724244,0.005871191,0.000807672,-1.245065425,0.000370837,0.157017511,0.002506415,1.061251414,-1.084195972,-0.267333522,true,OK
1785679562.822411537,0.151937241,0.064815704,8.373504065,7.306404992,0.006073697,0.000489816,-1.494567340,0.000051526,0.052339156,0.000381264,0.387281749,-1.073165974,-0.244926339,true,OK
1785679563.822077513,0.049400149,0.104661334,8.283805542,7.324490472,0.006190521,0.000911676,-1.345099606,0.000165257,0.144017660,0.001223425,1.066186440,-1.037242666,-0.251718598,true,OK
1785679564.826283455,0.018063574,0.134865925,7.664145202,7.286836722,0.006678867,0.001160334,-1.291540911,0.000164308,0.098911718,0.001085412,0.653404730,-1.102684612,-0.237560630,true,OK
1785679565.822127104,0.151562055,0.043484814,8.887635542,7.382657519,0.007127451,0.001013552,-1.537760299,0.000277408,0.158258778,0.002136291,1.218734396,-1.097584030,-0.233735123,true,OK
1785679566.823065042,0.043264796,0.086585722,8.364774858,7.373533338,0.006360259,0.000872272,-1.500309511,0.000277983,0.349985883,0.002087468,2.628159607,-1.094647441,-0.230624321,true,OK
1785679567.822195292,0.045037241,0.127586425,7.776592176,7.113972785,0.006313844,0.000527478,-1.727591446,0.000797775,0.766241410,0.000969362,0.931045875,-1.167312263,-0.221174397,false,LOW_ANGULAR_COVERAGE
1785679568.822402716,0.048134203,0.021748944,7.445316889,7.237233786,0.003367925,0.000685735,-1.229273650,0.000376872,0.137056110,0.002544963,0.925519316,-1.086560068,-0.228608093,true,OK
1785679569.822059155,0.152794092,0.062716963,8.267286104,7.260905179,0.003327755,0.000965615,-1.359975601,0.000261346,0.135620930,0.001774919,0.921061827,-1.045762510,-0.237199972,true,OK
1785679570.822077036,0.054497593,0.117966111,8.294383707,7.373909202,0.003136732,0.001310644,-0.808685471,0.000093388,0.019782341,0.000691416,0.146461762,-1.070362882,-0.212181887,true,OK
1785679571.822042465,0.053503259,0.025192852,7.662936925,7.339668984,0.002414493,0.001365650,-0.891774523,0.000018002,0.221173438,0.000133727,1.642947940,-1.137126607,-0.206354372,true,OK
1785679572.822050810,0.150599314,0.065475556,8.236450738,7.250399333,0.002777076,0.000898792,-1.063168241,0.000467619,0.145369958,0.003462650,1.076443726,-1.136939127,-0.212780599,true,OK
1785679573.822115898,0.051044277,0.107746277,8.200326903,7.281024356,0.002404541,0.000593339,-1.105310675,0.000549685,0.203671772,0.004049489,1.500434815,-1.029606288,-0.221301576,true,OK
1785679574.822072983,0.054219944,0.016243814,7.793685298,7.341281559,0.001768164,0.000909183,-1.049645741,0.000032235,0.110143430,0.000238551,0.815093028,-1.015440453,-0.209831910,true,OK
1785679575.822070360,0.153928037,0.057893315,8.351995127,7.267737654,0.001255587,0.001031012,-1.152581127,0.000378505,0.079129369,0.002799542,0.585265736,-1.052859237,-0.197220198,true,OK
1785679576.822130919,0.054069426,0.112624000,8.344766234,7.378714515,0.001401099,0.000997853,-1.077778896,0.000490695,0.106531181,0.003633654,0.788875511,-1.047567385,-0.210888870,true,OK
1785679577.822054148,0.052850371,0.018966129,7.812235764,7.343852186,0.000068700,0.000956578,-0.970867510,0.000036293,0.052339156,0.000268332,0.386968686,-1.080692384,-0.225212807,true,OK
1785679578.822066069,0.050531556,0.073425222,8.617534233,7.397259283,0.001692011,0.000763150,-0.544876010,0.000231348,0.208420008,0.001713060,1.543284333,-1.056773243,-0.209851851,true,OK
1785679579.821991205,0.054638889,0.115508148,8.234416365,7.353439366,0.002383827,0.000522281,-0.987953616,0.000272852,0.163129423,0.002018141,1.206582377,-1.069666652,-0.188947356,true,OK
1785679580.822072268,0.053347333,0.022473722,7.656727623,7.275940327,0.002053093,0.000620380,-0.905286164,0.000103546,0.331022343,0.000765994,2.448786574,-1.037686137,-0.210601518,true,OK
1785679581.822073936,0.053651352,0.076230334,8.621003874,7.380096542,0.002331037,0.000888661,-0.605242991,0.000119174,0.102792073,0.000888897,0.766705456,-1.053274447,-0.193433275,true,OK
1785679582.822051525,0.053611037,0.117807259,8.237376654,7.267736311,0.002233204,0.000657445,-0.585242765,0.000487579,0.422899113,0.003305714,2.867196160,-1.080748270,-0.203982579,true,OK
1785679583.822058678,0.152118352,0.037798351,8.612257182,7.388991176,0.002705696,0.000281316,-1.204036946,0.000317559,0.144017660,0.002361875,1.071143477,-1.056714650,-0.197503525,true,OK
1785679584.822071075,0.049208259,0.079397352,8.584368500,7.337614322,0.003013227,0.000983569,-1.075930675,0.000257830,0.132704012,0.001904894,0.980442052,-1.124016524,-0.177264388,true,OK
1785679585.822097063,0.052765351,0.134158482,8.135275033,7.390125003,0.003730076,0.000788306,-1.135991036,0.000331048,0.293419857,0.002451156,2.172550011,-1.066756596,-0.139046516,true,OK
1785679586.822077274,0.151292092,0.041037574,8.622454877,7.362640476,0.002995311,0.000512720,-1.516789325,0.000069973,0.176938705,0.000517464,1.308497966,-1.046132355,-0.102885505,true,OK
1785679587.822207451,0.048736796,0.095480907,8.549496400,7.395282463,0.002864056,0.000390273,-1.517143565,0.000399037,0.081564685,0.002953860,0.603780001,-0.985779535,-0.085046069,true,OK
1785679588.822157621,0.052296889,0.002083815,7.950635944,7.373313055,0.002415228,0.001075811,-1.398122659,0.000335241,0.088469326,0.002482643,0.655164146,-1.069406052,-0.087042342,true,OK
1785679589.822063923,0.152264648,0.044344833,8.603320257,7.304909205,0.001787894,0.000833037,-1.551107204,0.000062145,0.163129423,0.000421349,1.106024400,-1.088393121,-0.072970162,true,OK
1785679590.822085142,0.050804315,0.097851611,8.470338383,7.381107851,0.002053445,0.000362196,-1.737141850,0.000499603,0.052339156,0.003694879,0.387081253,-1.009302307,-0.077509652,true,OK
1785679591.822096348,0.054930259,0.005190667,7.896346036,7.361372844,0.002099685,0.000911043,-1.486197123,0.000110267,0.178041140,0.000817475,1.319926094,-1.050769299,-0.105237002,true,OK
1785679592.822209358,0.146215351,0.055368722,8.430300379,7.347086411,0.001930846,0.001502725,-1.662568357,0.000257729,0.111905833,0.001905333,0.827295550,-1.052297273,-0.102952045,true,OK
1785679593.822018385,0.049810222,0.101299426,8.396066908,7.369995105,0.001705307,0.001421259,-1.716655078,0.000261765,0.120331298,0.001937785,0.890784162,-1.075460778,-0.093554886,true,OK
1785679594.822061300,0.050758981,0.020877278,7.885730412,7.405750365,0.001712806,0.001555119,-1.533811878,0.000355009,0.068528042,0.002628116,0.507310602,-1.033603311,-0.117092251,true,OK
1785679595.822121620,0.148145740,0.059521833,8.383504611,7.334924318,0.001409608,0.001669903,-1.361444392,0.000232953,0.121946558,0.001724054,0.902511298,-1.044156940,-0.105177127,true,OK
1785679596.822052956,0.047985740,0.116583555,8.288255499,7.396119653,0.001430870,0.000916828,-1.442868224,0.000069826,0.153233400,0.000516624,1.133737511,-1.058623556,-0.095782574,true,OK
1785679597.822062016,0.051979352,0.023500834,7.775839316,7.377079520,0.001036329,-0.000018304,-1.887586287,0.000212473,0.059347027,0.001560458,0.435860759,-1.020290424,-0.122341963,true,OK
1785679598.822053194,0.150427352,0.065955278,8.262062669,7.300850003,0.000192913,-0.000052521,-1.562441855,0.000053516,0.125114538,0.000364920,0.853146737,-1.041193733,-0.103309792,true,OK
1785679599.822138309,0.046166777,0.119877203,8.122798476,7.382483524,0.000058813,-0.000056637,-1.875295441,0.000286589,0.115349902,0.002119219,0.852968981,-1.055290556,-0.108147469,true,OK
1785679600.822026491,0.053951629,0.026976408,7.711651551,7.356644548,0.000657885,-0.000101479,-1.730332000,0.000396490,0.366374709,0.002832043,2.616938336,-1.088207844,-0.143046565,true,OK
1785679601.822035789,0.054447722,0.081431352,8.632433788,7.393670852,-0.000357790,0.000164263,-1.851336918,0.000284260,0.293419857,0.002104209,2.172013641,-1.057316606,-0.118108499,true,OK
1785679602.822021008,0.047931648,0.123602260,8.111250336,7.347286301,-0.000435942,0.000374319,-1.672253871,0.000357724,0.139882314,0.002657232,1.039067985,-1.076148882,-0.107088409,true,OK
1785679603.822096109,0.153378148,0.042617166,8.672574006,7.397327102,0.000016390,0.000016431,-1.984962559,0.000245521,0.205584225,0.001808125,1.514015186,-1.080063864,-0.128325270,true,OK
1785679604.822121143,0.051868000,0.084753556,8.609562673,7.341260983,-0.000860955,-0.000036070,-1.779633012,0.000160869,0.110143430,0.001191511,0.815800046,-1.053547032,-0.147968449,true,OK
1785679605.822106361,0.050806815,0.138429815,7.951206529,7.385291630,0.000773833,0.000554207,-1.330058017,0.000054862,0.019782341,0.000406029,0.146406742,-1.083326124,-0.160375513,true,OK
1785679606.822140694,0.151707426,0.045977593,8.582016759,7.380701445,0.002392964,0.000118218,-1.642339865,0.000437318,0.146709809,0.003250759,1.090552517,-1.035188239,-0.165709929,true,OK
1785679607.822056532,0.052209556,0.086888814,8.533592470,7.294805012,0.000175078,-0.000089756,-1.691933387,0.000406578,0.142652530,0.002994918,1.050802351,-1.080888894,-0.150885278,true,OK
1785679608.822044373,0.053242574,0.006900537,7.904501738,7.386658276,-0.001293433,0.000361297,-1.880557258,0.000149769,0.125114538,0.001110369,0.927586414,-1.072177325,-0.155285126,true,OK
1785679609.822056293,0.151390222,0.049058222,8.523733482,7.337492101,-0.002165371,0.000330909,-1.717463103,0.000194592,0.138476416,0.001439577,1.024439695,-1.059904083,-0.157373413,true,OK
1785679610.822072983,0.055340537,0.102945500,8.343878244,7.389305269,-0.003596749,0.000252920,-1.625307106,0.000842733,0.452839674,0.006241302,3.353743193,-1.108204219,-0.150553935,true,OK
1785679611.822049379,0.052796592,0.006964167,7.854231607,7.326654269,-0.003922132,0.000431241,-1.861901770,0.000091958,0.027976455,0.000680373,0.206990487,-1.026550189,-0.164082668,true,OK
1785679612.822036266,0.153497703,0.064353592,8.507070331,7.398754411,-0.003887858,0.000608445,-1.724295130,0.000223541,0.059347027,0.001655525,0.439518497,-0.982646335,-0.179242988,true,OK
1785679613.822105885,0.049461204,0.105437408,8.213390878,7.355563860,-0.003356598,0.000837413,-2.144349799,0.000230133,0.186626315,0.001705076,1.382728218,-1.099677738,-0.194830071,true,OK
1785679614.821974277,0.050580092,0.013124760,7.822876069,7.272375616,-0.003739594,0.000288591,-1.897753750,0.000111161,0.173589404,0.000822358,1.284200525,-1.140085246,-0.209143182,true,OK
1785679615.822099924,0.151649759,0.067715611,8.288033762,7.378650898,-0.003591462,0.000778996,-1.728497414,0.000264718,0.027976455,0.001960705,0.207215490,-1.082475398,-0.238050421,true,OK
1785679616.822180510,0.054146333,0.121813593,8.322880337,7.406155942,-0.003812159,0.001109757,-1.551370243,0.000416373,0.243893275,0.003098895,1.815200588,-1.079553601,-0.242603259,true,OK
1785679617.822062731,0.052308963,0.028764518,7.809572306,7.378781848,-0.004553981,0.000962184,-1.442374356,0.000313032,0.349985883,0.002317422,2.590998834,-0.989064222,-0.287242421,true,OK
1785679618.822062254,0.051699519,0.082846815,8.637245793,7.406296666,-0.004663052,0.000884447,-1.686644686,0.000441067,0.081564685,0.003272488,0.605167976,-1.102199934,-0.315729940,true,OK
1785679619.822090387,0.053826204,0.124850833,8.301023682,7.368088414,-0.005512744,0.001379279,-1.193159823,0.000477190,0.309010431,0.003542682,2.294110454,-1.127397774,-0.303810830,true,OK
1785679620.822077513,0.151500389,0.044389852,8.690166983,7.400567451,-0.005496760,0.001057829,-1.647001526,0.000116563,0.182384247,0.000862159,1.349004041,-1.023878118,-0.301753884,true,OK
1785679621.821994066,0.053295870,0.086020537,8.545428795,7.324655003,-0.005023992,0.000830329,-1.833023015,0.000134359,0.155766359,0.000993308,1.151572289,-0.883072695,-0.275201495,true,OK
1785679622.822072268,0.053501426,0.005428815,7.917764994,7.396233511,-0.005032091,0.001109559,-1.622654168,0.000326598,0.213978861,0.002417486,1.583876219,-1.142648314,-0.281837925,true,OK
1785679623.822043419,0.154194722,0.047472352,8.590790715,7.305225721,-0.004853323,0.000795181,-1.823473837,0.000141484,0.019782341,0.000960461,0.134292371,-1.185575888,-0.242875594,true,OK
1785679624.822040558,0.054115259,0.101702518,8.523716554,7.389810073,-0.005377184,0.000193251,-2.073806999,0.000133230,0.034264021,0.000987292,0.253911146,-1.067801758,-0.253729921,true,OK
1785679625.822049379,0.054434870,0.006990092,7.909333259,7.286490701,-0.005683559,0.000489747,-1.687972674,0.000188062,0.146709809,0.001275843,0.995304685,-1.072240022,-0.244479993,true,OK
1785679626.822078228,0.151048055,0.057882203,8.427021245,7.331572951,-0.005200793,0.000532803,-1.643327890,0.000115186,0.086229231,0.000852249,0.638003044,-1.062680993,-0.245901262,true,OK
1785679627.822062492,0.052128314,0.117041981,8.317416969,7.402080778,-0.003875673,0.000665591,-1.484014724,0.000645070,0.543926490,0.004762121,4.015449123,-1.076328820,-0.252261259,true,OK
1785679628.822084665,0.052129129,0.024050129,7.817235031,7.374656858,-0.003184130,0.000172431,-1.681242320,0.000325666,0.250229210,0.002408172,1.850344986,-1.075440805,-0.250133311,true,OK
1785679629.822088003,0.050213093,0.077705167,8.630372702,7.397858316,-0.003451657,0.000320153,-1.574748201,0.000075070,0.110143430,0.000555985,0.815749359,-1.046109415,-0.236608106,true,OK
1785679630.822078466,0.053059019,0.118596834,8.113315888,7.264853058,-0.003294969,0.000157449,-1.321453299,0.000322898,0.111905833,0.002189677,0.758869115,-1.051675656,-0.229447589,true,OK
1785679631.822084665,0.152792148,0.038529981,8.606899397,7.378233125,-0.002663407,-0.000833855,-1.671886943,0.000279108,0.256408663,0.002085617,1.915994943,-1.081182919,-0.200860981,true,OK
1785679632.822072506,0.052881277,0.093667852,8.630437635,7.399666733,-0.002864346,-0.001130827,-1.496476073,0.000397571,0.231546534,0.002939782,1.712135921,-1.076856213,-0.140210006,true,OK
1785679633.822012901,0.048812482,0.000297037,8.040630835,7.374234030,-0.002419037,-0.000888229,-1.365153033,0.000124413,0.149353439,0.000920459,1.104977150,-1.051524010,-0.117531025,true,OK
1785679634.822182655,0.149155129,0.055235092,8.672853818,7.404159060,-0.001442285,-0.001384331,-1.470424277,0.000290715,0.044234660,0.002150954,0.327284963,-1.021414064,-0.107663166,true,OK
1785679635.822005987,0.050209796,0.095948278,8.525942944,7.358231585,-0.000176062,-0.001169855,-1.371778069,0.000139088,0.000000000,0.001026990,0.000000000,-1.125698993,-0.110033029,true,OK
1785679636.822058916,0.046396852,0.016026222,7.864206643,7.398889725,0.000495439,-0.000748431,-0.991338420,0.000655445,0.369035414,0.004844919,2.727834657,-1.113845055,-0.110086106,true,OK
1785679637.822422504,0.153047723,0.057076962,8.372065283,7.312824008,-0.000370217,-0.000463506,-1.321705216,0.000194477,0.000000000,0.001438909,0.000000000,-1.079575420,-0.111999750,true,OK
1785679638.822065353,0.051516019,0.111483982,8.283745858,7.380343705,-0.000972672,0.000134789,-1.295218601,0.000161171,0.181308225,0.001191717,1.340615560,-1.080968120,-0.163479833,true,OK
1785679639.822067976,0.054312241,0.018565833,7.603635446,7.297817121,-0.002218664,0.000439562,-1.203818036,0.000139507,0.132704012,0.000944835,0.898763613,-1.050813449,-0.178380895,true,OK
1785679640.822177887,0.052273611,0.073847944,8.630836699,7.390939547,0.000819044,-0.000094253,-0.838172450,0.000904837,0.173589404,0.006706607,1.286636187,-1.004491877,-0.143357793,true,OK
1785679641.822114468,0.047204092,0.127695555,8.243690710,7.412522965,0.003254897,-0.000630837,-0.779001955,0.000329305,0.108352360,0.002449224,0.805875920,-1.002822731,-0.135698178,true,OK
1785679642.822026253,0.050712240,0.034624796,7.716874573,7.380356064,0.002833794,-0.000368847,-0.807626484,0.000063854,0.048456644,0.000472807,0.358800242,-1.041462506,-0.135793154,true,OK
1785679643.822061062,0.050826722,0.088727111,8.636062828,7.403846868,0.002055064,-0.000138415,-0.236594881,0.000360994,0.228997300,0.002674514,1.696582572,-1.096852602,-0.115799973,true,OK
1785679644.822068453,0.050777944,0.129555370,8.245696324,7.357437579,0.002342693,-0.000436373,-0.300769698,0.000278525,0.059347027,0.002060097,0.438957597,-1.103935837,-0.122324663,true,OK
1785679645.822062016,0.150874241,0.048784518,8.713254758,7.388849624,0.003205255,-0.000813791,-0.659601212,0.000289208,0.090654086,0.002139401,0.670610056,-1.035658644,-0.117906675,true,OK
1785679646.822095156,0.038064945,0.090062278,8.379177811,7.359904286,0.000127690,-0.000369363,-0.571211950,0.000330285,0.055952910,0.002443079,0.413876864,-1.077515818,-0.119735362,true,OK
1785679647.822101831,0.046403907,0.118034407,8.156624711,7.220513605,-0.000742738,0.000651108,-0.480436688,0.000188213,0.126668806,0.001295185,0.871670099,-1.068042722,-0.117627876,true,OK
1785679648.822206974,0.049422222,0.028256686,7.520492804,7.319593926,-0.000601176,0.000247226,-0.686929115,0.000401242,0.164324520,0.002960340,1.212376308,-1.015832364,-0.129374890,true,OK
1785679649.822079897,0.148049944,0.061662278,9.156554008,7.389758359,-0.000207434,0.000650761,-0.502442544,0.000139220,0.110143430,0.001010365,0.799348193,-1.102995805,-0.123566756,true,OK
1785679650.822226763,0.043200760,0.096975315,8.446332035,7.265331166,-0.000210457,0.000645552,-0.264695825,0.000080583,0.000000000,0.000546450,0.000000000,-0.969363127,-0.120889959,true,OK
1785679651.822046280,0.048843296,0.005015074,8.087195188,7.394381346,-0.000382816,0.000367655,-0.279281348,0.000124446,0.178041140,0.000921879,1.318899065,-1.094826410,-0.156553919,true,OK
1785679652.822169542,0.154645000,0.049349944,8.764072259,7.406451268,-0.000020291,0.000639306,-0.136994296,0.001049192,0.059347027,0.007719181,0.436631445,-1.059322628,-0.141831782,true,OK
1785679653.822100878,0.051111815,0.091373537,8.889386767,7.375926247,-0.000061385,0.000820870,0.169665176,0.000079269,0.175829360,0.000591147,1.311247369,-1.047366921,-0.135410173,true,OK
1785679654.823860407,0.048878592,0.131526888,8.115917559,7.305695088,-0.000309803,0.000878202,0.288262278,0.000083319,0.161925496,0.000614880,1.194976224,-1.082411052,-0.139996028,true,OK
1785679655.822335720,0.027246982,0.019430185,7.457462189,7.276746593,-0.000233122,0.000580786,-0.225565697,0.000276185,0.151951085,0.002168129,1.192856236,-1.051183197,-0.138036728,true,OK
1785679656.822044849,0.152962296,0.069623833,8.503597022,7.315381669,0.000654895,0.000817371,0.120514306,0.000264038,0.158258778,0.001790274,1.073050938,-1.061612633,-0.128870786,true,OK
1785679657.824859381,0.055433945,0.101562129,8.189261580,7.216791569,0.001179813,0.001018495,0.352740764,0.000428813,0.521895822,0.002905951,3.536744855,-1.044031103,-0.140720511,true,OK
1785679658.831070185,0.049068722,0.116324500,7.605437883,8.739703628,0.000648902,0.000935544,-0.093915845,0.000181440,0.111905833,0.001314032,0.810447879,-1.026801097,-0.141776660,true,OK
1785679659.822194099,0.041261186,0.006545777,10.044962738,8.228027230,0.000650800,0.001131601,0.082895635,0.000341601,0.137056110,0.002657253,1.066134953,-1.043244618,-0.151853646,true,OK
1785679660.822137833,0.004092351,0.040241148,8.861371475,7.457893644,0.000952437,0.001545826,0.458278646,0.000229333,0.184517467,0.001700486,1.368184131,-1.046240378,-0.154619968,true,OK
1785679661.822087765,0.002296241,0.083275389,8.118038421,7.387035345,0.001199732,0.001488066,0.321988951,0.000151887,0.169020462,0.001123420,1.250147746,-1.050377629,-0.150967421,true,OK
1785679662.821988106,0.000878685,0.106248537,7.843235133,7.193329618,0.001393137,0.001207569,0.216854316,0.000202575,0.059347027,0.001357997,0.397843928,-1.110436459,-0.179498694,true,OK
1785679663.822088957,0.104684444,0.017314463,8.236002560,7.258194268,0.001049336,0.001607068,0.502016613,0.000333462,0.196831898,0.002289466,1.351397161,-1.051751485,-0.192999673,true,OK
1785679664.822113514,0.004975222,0.053323056,8.576374504,7.231481047,0.001016779,0.001578730,0.287535953,0.000159044,0.254108970,0.001182870,1.889899604,-1.113413664,-0.193477286,true,OK
1785679665.822050810,0.003518629,0.090122944,7.953266014,7.252349911,0.001661553,0.001196751,0.211587431,0.000295668,0.104678325,0.002004039,0.709510662,-1.034960379,-0.182110999,true,OK
1785679666.827412367,0.313076296,0.138923296,7.857881622,7.317108077,0.001184183,0.001565151,0.284985558,0.000109700,0.083929371,0.000809014,0.618961352,-1.049712811,-0.166552190,true,OK
1785679667.826308489,0.045678315,0.030904852,8.078564462,7.254246389,0.000337617,0.001545188,0.166455335,0.000346892,0.110143430,0.002569519,0.815860698,-1.034989424,-0.163556594,true,OK
1785679668.823321104,0.084363000,0.052235185,9.691176396,7.246845494,0.000609336,0.000758946,-0.021876892,0.000146407,0.074018747,0.001093565,0.552872364,-1.042790176,-0.138088781,true,OK
1785679669.827935696,0.042932649,0.060472315,7.488614428,6.980572921,0.000642000,0.001028842,-0.013295740,0.000395781,0.154505069,0.002913143,1.137233493,-1.051243224,-0.153876714,true,OK
1785679670.822319031,0.019174630,0.120039370,7.742873221,6.887003058,0.000522577,0.000685237,0.113671160,0.000177043,0.132704012,0.001287928,0.965376352,-1.059459549,-0.131975746,true,OK
1785679671.823612928,0.068694111,0.024220778,8.276367218,7.487258386,-0.000224478,0.000698520,-0.138183051,0.000672826,0.000000000,0.005120384,0.000000000,-1.120162678,-0.132411221,true,OK
1785679672.825910091,0.048615185,0.039410945,7.006601100,7.215318553,-0.000376844,0.000717898,-0.181747292,0.000636741,0.173589404,0.004151195,1.131706117,-1.045665888,-0.136828083,true,OK
1785679673.822426319,0.002941333,0.074183537,8.251343095,7.252167172,-0.000822204,0.000650077,0.078082236,0.000155013,0.139882314,0.001155158,1.042402976,-1.066151620,-0.133386344,true,OK
1785679674.822002888,0.001136685,0.108667667,7.664486035,7.253927743,-0.001175823,0.000595352,0.377426058,0.000014788,0.170174190,0.000110400,1.270421900,-1.072615223,-0.127577633,true,OK
1785679675.822056293,0.078746537,0.005773444,7.928263674,7.205332333,-0.001005244,0.000193745,0.026041584,0.000066177,0.034264021,0.000489612,0.253504956,-1.120550698,-0.132493389,true,OK
1785679676.823444843,0.077239556,0.047283444,7.703387440,7.274584279,-0.002179995,0.000600171,-0.128711186,0.000076216,0.104678325,0.000556082,0.763743774,-0.982276599,-0.144369982,true,OK
1785679677.822070837,0.099654704,0.078561463,8.029251631,7.306815057,-0.002499485,0.000793137,0.325137295,0.000243286,0.158258778,0.001782238,1.159352589,-1.084594024,-0.135903845,true,OK
1785679678.823405266,0.007713185,0.108543240,7.680977412,7.285062338,-0.001891266,0.000314570,0.133604190,0.000374023,0.096913294,0.002744773,0.711199657,-1.069831121,-0.139532920,true,OK
1785679679.822063923,0.103345982,0.002209797,8.836712248,7.247760149,-0.002001860,0.000223032,0.054226799,0.000219709,0.088469326,0.001490565,0.600198429,-1.028263193,-0.153007875,true,OK
1785679680.822124004,0.004890778,0.043812148,8.482555972,7.322940264,-0.002015441,0.000167830,0.178401523,0.000292678,0.195835277,0.002160352,1.445525552,-1.085514034,-0.151906556,true,OK
1785679681.822110176,0.102765981,0.074478407,7.684043896,7.286972185,-0.002596503,0.000032649,0.195527337,0.000179661,0.131221234,0.001330835,0.972017804,-1.048281444,-0.147905950,true,OK
1785679682.822065592,0.005608592,0.104800518,7.824944451,7.227268349,-0.002113425,-0.000057239,0.141418952,0.000275203,0.092787413,0.001893590,0.638443144,-1.057256653,-0.166819586,true,OK
1785679683.822065353,0.090552481,0.012647000,12.072264287,7.401343777,-0.002074167,0.000174357,0.245576979,0.000124402,0.106531181,0.000939048,0.804148166,-1.053769494,-0.168868534,true,OK
1785679684.822055101,0.395915241,0.042253537,10.108748727,7.305298199,-0.002184472,-0.000043634,0.568689383,0.000404944,0.118694067,0.002983242,0.874425763,-1.037912163,-0.161394172,true,OK
1785679685.822359324,0.026263982,0.083861704,12.026602509,7.481308357,-0.001853014,0.000085025,0.330913749,0.000292180,0.270519701,0.002169598,2.008757997,-1.048745933,-0.169149670,true,OK
1785679686.828409433,0.120555871,0.117380999,8.501648877,7.492775046,-0.001773719,0.000202088,0.558034021,0.000279891,0.209356731,0.001962075,1.467619646,-1.093589650,-0.168809142,true,OK
1785679687.822055578,0.027185852,0.008473777,10.072515018,7.402646703,-0.001368876,0.000907423,0.623204996,0.000446944,0.288035534,0.003337611,2.150943654,-1.027044180,-0.174513880,true,OK
1785679688.822091579,0.126620425,0.035307185,9.266854512,7.273569987,-0.001941774,0.000523294,0.670914681,0.000288543,0.173589404,0.002148125,1.292325197,-1.030581631,-0.181907332,true,OK
1785679689.822893381,0.013194426,0.080691686,8.315880860,7.259928098,-0.001860773,0.000640625,0.702221080,0.000077225,0.048456644,0.000524088,0.328850741,-1.067132595,-0.171441651,true,OK
1785679690.822068453,0.220461092,0.122003000,8.574008767,7.320991316,-0.002482448,0.000998399,0.777551356,0.000068813,0.186626315,0.000512206,1.389142581,-1.033198761,-0.185867956,true,OK
1785679691.822977066,0.212411148,0.143145222,14.255400573,7.385502667,-0.003151867,0.001238550,0.903058757,0.000823253,0.484163882,0.005676457,3.338382921,-1.044579465,-0.197953141,true,OK
1785679692.822060823,0.025115333,0.046444981,11.036883265,7.061578138,-0.003953263,0.000868679,0.847954779,0.000316482,0.111905833,0.002153542,0.761477993,-0.997054212,-0.201174762,true,OK
1785679693.822082520,0.014684777,0.086910259,8.532514960,7.216066401,-0.003783027,0.001032067,0.912553100,0.000073484,0.055952910,0.000543673,0.413968441,-0.967387160,-0.171910938,true,OK
1785679694.828851461,0.227680093,0.136925500,8.726183236,7.296694758,-0.004303779,0.000998369,0.561160501,0.000054535,0.126668806,0.000402195,0.934188560,-1.174180894,-0.186207781,true,OK
1785679695.823236704,0.121699444,0.019926722,9.156831589,7.299247055,-0.005200686,0.000785803,0.420559450,0.000157114,0.048456644,0.001064994,0.328461927,-1.033717127,-0.194551236,true,OK
1785679696.822526217,0.024142778,0.066647093,8.734231966,7.358656346,-0.003581050,0.000589640,0.604511484,0.000754501,0.019782341,0.005594778,0.146689992,-1.091554545,-0.175118932,true,OK
1785679697.822102308,0.010750648,0.093188278,8.096819430,7.378313422,0.001212649,0.001030570,0.715064714,0.001397619,0.098911718,0.010469904,0.740971972,-1.041041768,-0.180086532,true,OK
1785679698.822041512,0.027402389,0.003928167,7.883502744,7.381441751,-0.006806126,0.000329700,0.426260650,0.000538211,0.110143430,0.003957784,0.809949524,-1.080609068,-0.179744405,true,OK
1785679699.823117018,0.127688056,0.034378222,8.440291600,7.300682155,-0.007929514,0.000379021,0.589022506,0.000305919,0.090654086,0.002270128,0.672715625,-1.098128657,-0.178525073,true,OK
1785679700.822081566,0.022109649,0.060780759,8.629024594,7.207345011,-0.009301881,0.000266191,0.748914651,0.000223719,0.154505069,0.001521840,1.051014115,-1.041742461,-0.177131244,true,OK
1785679701.822074652,0.024052945,0.103428352,8.203139878,7.311350986,-0.009554317,0.000157879,0.456367811,0.000119989,0.000000000,0.000888000,0.000000000,-1.065788644,-0.181578143,true,OK
1785679702.822859049,0.019963500,0.134169778,7.512683354,7.205651040,-0.009106737,-0.000114283,0.336110953,0.000217721,0.044234660,0.001477410,0.300167108,-1.088166183,-0.191853838,true,OK
1785679703.822036982,0.108195241,0.109685630,7.113065698,330.987963297,-0.009165578,0.000133847,0.773391143,0.000185872,0.138476416,0.001263415,0.941255772,-1.184332957,-0.160936451,true,OK
1785679704.850926876,0.104201241,0.073463537,7.954320537,90.947224268,-0.008941687,-0.000057549,0.600182811,0.000149175,0.034264021,0.001092619,0.250964436,-1.027532784,-0.153859081,true,OK
1785679705.822054863,0.054900778,0.098230056,10.450354126,24.892321800,-0.009757676,-0.000042965,0.398947582,0.000295069,0.146709809,0.002184102,1.085944605,-1.054383277,-0.182788839,true,OK
1785679706.822643518,0.155134370,0.128868519,8.522787260,11.012122129,-0.009729593,0.000098709,0.587061207,0.000209692,0.027976455,0.001384324,0.184691942,-1.064445767,-0.182928303,true,OK
1785679707.825238466,0.130638388,0.009318519,12.775523848,7.919525181,-0.009606726,-0.000098554,0.711292175,0.000075434,0.144017660,0.000552399,1.054632748,-1.067406485,-0.171528475,true,OK
1785679708.822069407,0.030138723,0.055258481,9.902913920,7.495783867,-0.009360419,-0.000111617,0.552157568,0.000193417,0.094872788,0.001432953,0.702875266,-1.045546894,-0.180342450,true,OK
1785679709.822067976,0.028968667,0.097234426,8.342852556,7.328749360,-0.009470439,-0.000348567,0.679731248,0.000247043,0.117033931,0.001827688,0.865848106,-1.060277622,-0.191978282,true,OK
1785679710.822698355,0.009665870,0.121237055,9.105233123,7.707807252,-0.009509131,-0.000115870,1.110605174,0.000138141,0.000000000,0.001102453,0.000000000,-1.077234030,-0.204299927,true,OK
1785679711.822077990,0.021315129,0.014378648,8.133416848,7.487780085,-0.009119868,-0.000154670,1.310257100,0.000274533,0.148037520,0.002006508,1.081976888,-1.084449177,-0.184437892,true,OK
1785679712.822040796,0.032819611,0.062739444,8.553149606,7.497503479,-0.009753910,-0.000164451,1.389116630,0.000728966,0.328649386,0.005383198,2.426978844,-1.117164710,-0.189401443,true,OK
1785679713.822266579,0.030185204,0.105541704,8.224198500,7.389317245,-0.010254447,-0.000021529,1.361385081,0.000220351,0.172458515,0.001630429,1.276063661,-1.048137020,-0.174608910,true,OK
1785679714.822474003,0.017096055,0.128904982,7.700680804,7.192194413,-0.009648637,0.000011247,1.529026965,0.000234222,0.118694067,0.001582522,0.801956735,-1.076706765,-0.195348101,true,OK
1785679715.822429419,0.130887371,0.029018648,8.582574936,7.256015679,-0.009623703,0.000149384,1.749835775,0.000440698,0.157017511,0.003316236,1.181551459,-1.076940764,-0.214244482,true,OK
1785679716.822113037,0.028658074,0.070769444,8.499876177,7.337604126,-0.009950832,0.000106824,1.649613948,0.000564378,0.094872788,0.004149443,0.697527356,-1.036616510,-0.231063560,true,OK
1785679717.822088242,0.027614315,0.113264611,8.074714857,7.323560664,-0.009729218,-0.000048240,1.755677194,0.000394692,0.204630240,0.002921935,1.514894103,-1.106399989,-0.196999877,true,OK
1785679718.822877645,0.119765129,0.002807925,8.859302136,7.175094155,-0.009969612,-0.000146067,1.564126650,0.000260374,0.190774080,0.001932706,1.416080143,-1.148446751,-0.188072161,true,OK
1785679719.822785854,0.128646797,0.044661611,8.316620211,7.265267978,-0.009573998,-0.000553036,1.492300771,0.000220322,0.027976455,0.001616389,0.205248954,-1.062369379,-0.185367950,true,OK
1785679720.822129250,0.027738945,0.074043296,8.264703256,7.181784932,-0.009332533,-0.000148248,1.821378223,0.000390861,0.110143430,0.002646511,0.745778952,-0.960865395,-0.198122078,true,OK
1785679721.822097778,0.028434759,0.122125574,8.048914969,7.329186691,-0.009101762,-0.000318565,2.045980259,0.000273797,0.154505069,0.002026019,1.143295099,-1.080826342,-0.240049115,true,OK
1785679722.822074890,0.124668167,0.016898148,8.858361419,10.016957602,-0.007012198,-0.000526070,2.002738422,0.000613158,0.094872788,0.004379937,0.677698987,-1.043336044,-0.281432959,true,OK
1785679723.822058439,0.029950055,0.058383148,8.607544900,7.857168358,-0.009372249,0.000611465,2.211359436,0.000572282,0.169020462,0.004225428,1.247958250,-1.092910531,-0.278365186,true,OK
1785679724.822067499,0.030751629,0.100242055,8.133558079,7.396277248,-0.014603361,0.002090702,2.032109392,0.000297866,0.102792073,0.002204596,0.760794608,-1.085600836,-0.310055378,true,OK
1785679725.822342634,0.027158741,0.007780315,7.787062467,7.365664578,-0.014930025,0.002238479,1.728789274,0.000252308,0.019782341,0.001873188,0.146868375,-1.108808173,-0.292769112,true,OK
1785679726.822069407,0.428303907,0.037412685,8.666915799,7.251434496,-0.015919226,0.002661589,1.946433102,0.000237343,0.120331298,0.001742865,0.883621380,-1.087705658,-0.303765804,true,OK
1785679727.826780081,0.090349240,0.060742907,10.745450604,7.433260318,-0.014762203,0.002364447,1.915110188,0.000174618,0.235733974,0.001343807,1.814139888,-1.084989076,-0.301961172,true,OK
1785679728.822050095,0.026255908,0.103370686,8.374114769,7.273817551,-0.014148028,0.002152183,1.711520827,0.000285006,0.188711590,0.001868527,1.237213720,-1.112887675,-0.314457776,true,OK
1785679729.822091341,0.112406111,0.016157908,8.454946611,7.305463158,-0.014187610,0.002083543,1.534305376,0.000181325,0.108352360,0.001228262,0.733959305,-1.039018613,-0.296918647,true,OK
1785679730.822094440,0.024784518,0.058032944,8.672724457,7.337652574,-0.015258837,0.002183428,1.662796645,0.000306897,0.142652530,0.002269805,1.055055063,-1.107345260,-0.297878663,true,OK
1785679731.822135210,0.025753148,0.086021982,8.386425682,7.261282109,-0.014756747,0.002327613,1.697538422,0.000568225,0.305827937,0.003851115,2.072732877,-0.999256452,-0.261031916,true,OK
1785679732.822068453,0.026836833,0.129228130,7.714580481,7.315844717,-0.015319100,0.001454034,1.312744171,0.000258563,0.139882314,0.001914032,1.035488319,-1.120889697,-0.286907346,true,OK
1785679733.822071314,0.115364389,0.023182889,8.406976487,7.260230028,-0.015500708,0.002115379,1.459504015,0.000103975,0.096913294,0.000699755,0.652230139,-1.102137865,-0.279914727,true,OK
1785679734.822983503,0.024321056,0.065851667,8.600585762,7.313513162,-0.015947362,0.002267719,1.537451970,0.000062772,0.182384247,0.000465429,1.352313899,-1.100941213,-0.259449258,true,OK
1785679735.823015213,0.013945703,0.095573518,8.074485652,7.279756107,-0.014526582,0.001711026,1.194961956,0.000160423,0.121946558,0.001185986,0.901532230,-1.088591332,-0.244366110,true,OK
1785679736.822126150,0.020200611,0.120629204,7.481596337,7.216024786,-0.016163939,0.002377453,0.927945414,0.000120349,0.000000000,0.000892524,0.000000000,-1.099533474,-0.236346306,true,OK
1785679737.825016260,0.117112333,0.021866167,9.041314943,7.271751954,-0.016309796,0.002641581,1.091490676,0.000116462,0.121946558,0.000865085,0.905827134,-1.092178900,-0.234962527,true,OK
1785679738.822721243,0.018933297,0.048618185,8.677487382,7.235184329,-0.016082100,0.002718066,1.410667904,0.000080326,0.102792073,0.000591143,0.756475677,-1.071660941,-0.216734683,true,OK
1785679739.822096825,0.021893760,0.089229796,8.214676538,7.286910594,-0.015367814,0.002104714,0.958999731,0.000495863,0.034264021,0.003670981,0.253663819,-1.117949098,-0.221523965,true,OK
1785679740.822046041,0.023732315,0.120742296,7.834466898,7.255597243,-0.016427974,0.002494547,1.034474375,0.000215282,0.160712550,0.001592878,1.189117140,-1.086918082,-0.215337466,true,OK
1785679741.822109938,0.123420167,0.016611352,8.562079300,7.222292035,-0.016756000,0.002542897,1.033778916,0.000198849,0.111905833,0.001470933,0.827793737,-1.098506044,-0.211813985,true,OK
1785679742.822155476,0.024661481,0.057053796,8.612387330,7.276055221,-0.016420203,0.002256881,0.714152192,0.000206986,0.189745630,0.001521552,1.394820572,-1.094388829,-0.202862124,true,OK
1785679743.822184086,0.026515185,0.084861685,8.390498481,7.185283455,-0.017306842,0.002567912,0.756141550,0.000225759,0.052339156,0.001530777,0.354889322,-1.066882207,-0.198813505,true,OK
1785679744.822136879,0.026516814,0.129111926,7.556358540,7.295543151,-0.017056412,0.002391021,0.400526937,0.000505520,0.098911718,0.003744668,0.732694269,-1.059773954,-0.203171867,true,OK
1785679745.822409391,0.119483333,0.019667759,8.424268650,7.204776394,-0.018380976,0.002118093,0.409452393,0.000630377,0.199791944,0.004255581,1.348764900,-1.085700892,-0.206203202,true,OK
1785679746.822114229,0.024231537,0.066586074,8.810823055,7.361717153,-0.018837828,0.002081710,0.452526641,0.000185931,0.071326251,0.001376340,0.527986557,-1.032799551,-0.201209840,true,OK
1785679747.822158575,0.016003259,0.096608167,7.892337714,7.253822656,-0.018590446,0.002275569,0.502553148,0.000360642,0.200768942,0.002471509,1.375887314,-1.064674332,-0.202038985,true,OK
1785679748.823893309,0.020721500,0.139563444,7.632884017,7.307632548,-0.018362193,0.002203999,0.588000068,0.000395014,0.307104889,0.002924504,2.273662120,-1.002779708,-0.214185275,true,OK
1785679749.826205730,0.129988519,0.170646148,10.097886332,7.371782811,-0.018370601,0.001750919,0.647972689,0.000093047,0.157017511,0.000688671,1.162140005,-1.105885209,-0.199384950,true,OK
1785679750.829365253,0.084291630,0.066913148,8.806186323,7.379201140,-0.019068842,0.002174850,0.817218489,0.000054836,0.019782341,0.000371704,0.134092664,-1.073377426,-0.189251049,true,OK
1785679751.822067738,0.026801112,0.102890407,8.970183366,7.394737194,-0.019088851,0.002147569,1.011841181,0.000550305,0.190774080,0.004073072,1.412010755,-1.032596176,-0.197177575,true,OK
1785679752.826401949,0.027923018,0.138732093,7.735918113,7.312823399,-0.018768340,0.001827880,0.881114061,0.000276761,0.062557256,0.002047230,0.462742859,-1.107853210,-0.194190552,true,OK
1785679753.822287798,0.106010241,0.040025296,8.687822921,7.372653619,-0.018487133,0.001830902,1.010220385,0.000120006,0.068528042,0.000880537,0.502821082,-1.075530641,-0.190556626,true,OK
1785679754.822061300,0.119021907,0.067939240,9.701964067,7.615105699,-0.018832810,0.002029022,1.129570437,0.000030643,0.000000000,0.000237841,0.000000000,-1.072235774,-0.204924317,true,OK
1785679755.822070360,0.018830111,0.100397981,10.293395879,7.433002532,-0.018720987,0.001889609,0.881676085,0.000351414,0.052339156,0.002600940,0.387381013,-1.063066751,-0.212579580,true,OK
1785679756.822077990,0.118696852,0.007523500,9.138254722,7.379374550,-0.019059620,0.001456492,0.747561682,0.000130498,0.039564681,0.000966102,0.292904247,-1.084677874,-0.219306955,true,OK
1785679757.822083950,0.018005260,0.049904611,8.672174935,7.380515876,-0.019175026,0.001739699,0.927151654,0.000350163,0.149353439,0.002589871,1.104645252,-1.092339712,-0.219895511,true,OK
1785679758.822071552,0.018659000,0.091239833,8.220407951,7.464052122,-0.018329790,0.001534133,0.755737158,0.000207136,0.126668806,0.001532165,0.936956567,-1.071394585,-0.215834216,true,OK
1785679759.822036028,0.017734278,0.133177389,7.597649207,7.378593222,-0.019455118,0.000906227,0.474221480,0.000155841,0.079129369,0.001152606,0.585242331,-1.048575507,-0.216492488,true,OK
1785679760.822105646,0.017586667,0.040720648,8.615135554,7.382508012,-0.020370428,0.000803162,0.715826628,0.000000460,0.048456644,0.000003408,0.359356264,-1.051240927,-0.205238524,true,OK
1785679761.822067499,0.014590611,0.082707889,8.138498952,7.348262391,-0.020325426,0.001118140,1.044216197,0.000241678,0.150657858,0.001787424,1.114250855,-1.063400755,-0.214409666,true,OK
1785679762.822068930,0.020126759,0.124922797,7.734513052,7.348029811,-0.019900888,0.000645254,0.660155584,0.000242785,0.027976455,0.001799412,0.207348649,-1.073969629,-0.202714664,true,OK
1785679763.822072029,0.117743778,0.031056223,8.442824029,7.325487186,-0.020421884,0.000764874,0.576742179,0.000369006,0.125114538,0.002730771,0.925889494,-1.026118334,-0.222155933,true,OK
1785679764.822077036,0.019375611,0.073312593,8.374513708,7.323624886,-0.020497505,0.001348802,0.990423965,0.000256095,0.154505069,0.001892911,1.142017332,-1.054005047,-0.210798204,true,OK
1785679765.822080612,0.018856981,0.115649537,7.780181463,7.297590861,-0.020160372,0.000817211,0.858757061,0.000272767,0.144017660,0.002015086,1.063941195,-1.038752848,-0.214065687,true,OK
1785679766.821987867,0.118562315,0.022069389,8.313181632,7.264682145,-0.019629165,0.000164905,0.701555669,0.000382423,0.213978861,0.002847568,1.593310985,-1.081581445,-0.192493671,true,OK
1785679767.822031021,0.018182963,0.064594167,8.268756113,7.259713141,-0.020082079,0.000530084,0.877096626,0.000364807,0.071326251,0.002502345,0.489252412,-1.055654435,-0.166401058,true,OK
1785679768.822067738,0.017232629,0.117361685,7.895502799,7.358754814,-0.020261398,-0.000365594,0.529289446,0.000707718,0.081564685,0.005232583,0.603056815,-1.080760467,-0.134808022,true,OK
1785679769.822061539,0.115915055,0.023047445,8.447682084,7.348413773,-0.017460099,-0.002210655,0.451818995,0.000155092,0.094872788,0.001147525,0.701961601,-1.076506752,-0.115487955,true,OK
1785679770.822053909,0.016950222,0.067324685,8.572235757,7.373157082,-0.014382353,-0.002514983,0.542755248,0.001079660,0.110143430,0.007992731,0.815392394,-1.036827076,-0.111402296,true,OK
1785679771.822074890,0.016788796,0.107765796,7.811330759,7.345400368,-0.007428812,-0.004798302,0.765117999,0.002756777,0.123540700,0.020186600,0.904631382,-1.060728142,-0.116475855,true,OK
1785679772.822241545,0.115137241,0.016309611,8.528676427,7.361837090,-0.011664442,-0.015745464,0.788627951,0.012504660,0.499677056,0.092566976,3.698908498,-2.864169462,-0.722279328,true,OK
1785679773.822077990,0.021065797,0.045649204,8.688786398,7.243663939,0.012382128,-0.286086667,13.710499024,0.039752978,0.401050886,0.272694004,2.751093797,2.922451886,3.103237348,true,OK
1785679774.824032545,0.113370222,0.089164889,7.783465644,7.315285772,0.077125927,-0.373867186,16.194876114,0.011169143,0.129721514,0.081915284,0.951386758,1.809751834,6.406565528,true,OK
1785679775.822046757,0.017126667,0.115704407,8.065250433,7.276130547,0.066009750,-0.433833732,12.800092910,0.017150956,0.264669910,0.126894698,1.958212053,2.051209848,1.921488357,true,OK
1785679776.822060347,0.109346556,0.006069223,8.544545557,7.194836453,0.048883605,-0.453366821,20.006815588,0.034413935,1.751112694,0.233426647,11.877641023,2.676576940,0.801835006,true,OK
1785679777.822087765,0.019017092,0.041316722,9.130250130,7.209144447,0.085461878,-0.538137025,14.755720658,0.012696656,1.292709137,0.087503064,8.909118546,3.005966129,2.576838113,true,OK
1785679778.822067738,0.019755167,0.082850352,8.446306722,7.303074858,0.104533812,-0.562206055,11.318433834,0.008613546,0.055952910,0.063611058,0.413212360,4.770400792,-2.060380254,true,OK
1785679779.822116137,0.012552537,0.113988259,7.922025143,7.278602863,0.112187932,-0.584460638,15.058605180,0.002539640,0.158258778,0.018803595,1.171754088,4.517475590,-0.586031675,true,OK
1785679780.822022676,0.117783129,0.006904111,8.674616939,7.271591218,0.126091307,-0.627909007,-0.732034831,0.012369217,1.971296115,0.091552023,14.590748998,7.030943792,1.596310090,true,OK
1785679781.823363066,0.016529277,0.051959407,8.674109081,7.334066651,0.135487719,-0.631538714,-13.209177559,0.005381849,1.630628797,0.039833154,12.068916046,6.428241122,2.363077532,true,OK
1785679782.823642254,0.013893796,0.080966056,8.305493131,7.237000930,0.135602349,-0.622997531,-22.455876559,0.002879675,1.466337241,0.019535390,9.947466466,5.055719827,1.664609918,true,OK
1785679783.823636293,0.217188519,0.101904463,8.609634653,7.119580020,0.118812339,-0.623759110,-30.474794120,0.003224907,1.284965730,0.023483010,9.356817832,4.470097876,1.063535102,true,OK
1785679784.822061300,0.107350963,0.004159593,10.793467074,7.209795110,0.121067136,-0.619983601,-36.769738383,0.001822019,0.802106680,0.013471418,5.930516020,5.229494293,1.561089022,true,OK
1785679785.822266579,0.015482982,0.046756630,9.341059916,7.308753745,0.128480312,-0.626981248,-40.807112774,0.001435006,0.300014405,0.010634576,2.223353992,4.753498674,1.742398284,true,OK
1785679786.822087049,0.012055556,0.074387796,8.341956085,7.217683744,0.132881524,-0.625528272,-44.938565950,0.001826767,0.213978861,0.012398245,1.452272016,3.575806688,1.735888950,true,OK
1785679787.822033644,0.015817204,0.116565407,7.710532711,7.278791277,0.139312614,-0.626518486,-50.042750202,0.002217531,0.863660879,0.016433069,6.400181518,4.023869122,1.760940811,true,OK
1785679788.822049141,0.107941408,0.005790722,8.736562919,7.209237885,0.120718325,-0.659321212,-53.395951947,0.016111359,1.348136335,0.119238605,9.977426100,5.716532165,3.362827537,true,OK
1785679789.822067499,0.018899426,0.041686871,8.977403921,7.264640645,0.114131960,-0.679913707,-56.041338507,0.005167321,0.027976455,0.038927339,0.210756977,6.947939826,-2.709069141,true,OK
1785679790.822032213,0.109499352,0.072716185,7.878892180,7.238433656,0.103253785,-0.682142022,-57.060031153,0.008710251,1.130730987,0.064735853,8.403757274,0.899465806,1.988705592,true,OK
1785679791.822082043,0.003712611,0.100209740,8.614116797,7.199361406,0.106776798,-0.659735314,-66.331261944,0.004382269,0.193826655,0.029472910,1.303579508,0.326661544,-0.757461776,true,OK
1785679792.822179079,0.109297593,0.141768204,9.185950373,7.291019663,0.112800939,-0.689775312,-74.226971484,0.002001974,0.321425421,0.014958645,2.401674367,0.810970955,1.018064726,true,OK
1785679793.822341919,0.112145907,0.023521907,8.621526028,7.196048177,0.095006744,-0.673381794,-83.482666909,0.006495687,1.541673587,0.051082075,12.123718396,-0.333303571,0.898553577,true,OK
1785679794.823280573,0.014320259,0.050790370,8.905867235,7.143021644,0.082517002,-0.686749257,-92.239217954,0.002677791,0.797948696,0.018139795,5.405435568,-0.368931916,2.481179627,true,OK
1785679795.822085142,0.012243426,0.083966907,8.187674853,7.177575806,0.065878910,-0.697731378,-97.925446707,0.001611451,0.081564685,0.010935619,0.553513861,0.662655272,3.687709204,true,OK
1785679796.822239161,0.006304371,0.109244055,7.463253465,7.129879505,0.065405479,-0.694652868,-101.902069980,0.003042736,1.349877073,0.020824216,9.238438932,0.161579378,3.629117782,true,OK
1785679797.823019743,0.111145222,0.005276556,8.667921660,7.185162369,0.055298820,-0.699586235,-108.761621653,0.004210202,0.816133381,0.028510716,5.526705307,0.392475644,3.457900106,true,OK
1785679798.822124243,0.018445241,0.039537389,8.714739076,7.282283930,0.058711641,-0.719132359,-118.567440392,0.004757863,0.461824628,0.035524610,3.448216108,-2.363524920,5.155586462,true,OK
1785679799.822097301,0.018480944,0.067927611,8.572535895,7.263217289,0.054770370,-0.691882784,-120.879657448,0.002739281,0.818766472,0.020383737,6.092663912,-0.733729154,3.783194697,true,OK
1785679800.822063923,0.018297630,0.098558222,8.163979889,7.271813604,0.053295671,-0.697046768,-127.392993635,0.001379816,1.512972812,0.010226966,11.213902044,-1.161090697,4.368558009,true,OK
1785679801.821990490,0.012805704,0.127157555,7.599881096,7.291633324,0.046734645,-0.693944863,-132.948262883,0.001619757,0.510140639,0.012225572,3.850431239,-0.695550381,3.608661542,true,OK
1785679802.822030306,0.102650944,0.007125333,8.365573114,7.182175279,0.046420179,-0.694649944,-138.877268676,0.001379782,0.814453314,0.009172655,5.414407428,-1.058363521,3.929684732,true,OK
1785679803.822057962,0.016286759,0.041011741,8.683546570,7.245326112,0.047134382,-0.684441408,-144.386715452,0.002508153,0.658788234,0.018702134,4.912279307,-0.452107920,2.782532980,true,OK
1785679804.822061300,0.007456648,0.083099055,7.921015893,7.312763100,0.050863504,-0.676817973,-148.810138298,0.000990575,0.862300390,0.007356464,6.403840704,-0.073576384,2.008274388,true,OK
1785679805.822081327,0.016001778,0.112301074,7.749489267,7.225226587,0.049584591,-0.675013593,-156.552440748,0.000874648,1.212891546,0.005940539,8.237859936,-0.848829714,3.330709848,true,OK
1785679806.822030306,0.090153481,0.004103982,8.459292650,7.225264793,0.049556075,-0.674929372,-160.777643153,0.002165943,0.317135448,0.016035524,2.347907634,-2.434413857,1.678660659,true,OK
1785679807.822343588,0.089404370,0.034256944,7.892889838,7.206874127,0.041682942,-0.672958068,-163.266804378,0.006941569,0.728467956,0.047021056,4.934523286,-1.755115411,2.380932888,true,OK
1785679808.823162794,0.017908611,0.066406444,8.466929121,7.273915078,0.037395555,-0.660789648,-175.511945990,0.007419716,1.833123095,0.055020723,13.593480206,-2.945489851,2.134098747,true,OK
1785679809.822000980,0.015602185,0.095222278,8.137527362,7.257803798,0.032622604,-0.653721460,179.823014236,0.002949812,0.336881605,0.021945513,2.506274995,-2.708142664,3.130985796,true,OK
1785679810.822062254,0.012239019,0.119366000,7.637677651,7.202992582,0.018129295,-0.634456381,175.496041272,0.001853590,0.778586230,0.013717943,5.762115535,-1.960186330,4.189806341,true,OK
1785679811.822918892,0.103964685,0.140649870,8.184243721,7.143210261,0.016410186,-0.640408841,170.417606019,0.009764642,0.459701293,0.066002735,3.107286921,-3.570409406,4.247906269,true,OK
1785679812.822079182,0.006297982,0.038183185,8.918795295,7.243082618,0.015090538,-0.648096357,165.321534085,0.003826186,0.875363127,0.028333520,6.482204419,-4.998277328,4.286915102,true,OK
1785679813.822356462,0.014399222,0.065679241,8.162337242,7.262461626,0.015603737,-0.654254088,161.266127968,0.000763986,0.388662070,0.005654460,2.876590212,-5.934694230,3.756198538,true,OK
1785679814.822132826,0.017308148,0.085523537,8.174877995,7.191429227,0.013778971,-0.657904341,157.589353601,0.000564984,0.378975821,0.003834817,2.572292275,-6.299220314,3.905860887,true,OK
1785679815.822171211,0.009419222,0.114281815,7.822643914,7.206551670,0.024711516,-0.641171524,156.070536782,0.004426141,0.423823483,0.032714878,3.132600798,-2.353360867,2.188254603,true,OK
1785679816.822053194,0.099124334,0.144770481,8.311575723,7.271282736,0.043191052,-0.641017454,147.135503110,0.003081966,0.762331927,0.022799693,5.639560917,-4.308564243,0.131550912,true,OK
1785679817.822763443,0.116097500,0.028206703,8.383867197,7.189460465,0.034691512,-0.616190303,143.345739979,0.010116914,1.991151261,0.075003103,14.761667198,-4.070624415,-0.220818762,true,OK
1785679818.822217226,0.018525037,0.051068519,8.631125046,7.159215263,0.019993296,-0.605289659,132.594163736,0.008413801,2.971308593,0.062285441,21.995916507,-0.713898112,1.685471453,true,OK
1785679819.822054625,0.002571482,0.086043740,8.127679858,7.234757267,0.013618287,-0.584082367,127.348352190,0.002347274,0.197823503,0.017332936,1.460784556,0.718445067,-0.481681618,true,OK
1785679820.822051287,0.018645518,0.111434018,7.946515996,7.196605595,0.026330627,-0.545814549,112.940750087,0.025122211,3.993215884,0.187044710,29.731058168,3.076790307,-0.492599110,true,OK
1785679821.822216511,0.106921463,0.004886315,8.474756989,7.211798395,-0.022726327,-0.440819682,116.690175949,0.020210941,0.728736521,0.149633375,5.395261155,4.597136794,-4.135530982,true,OK
1785679822.822051764,0.018354518,0.040463352,8.824753636,7.233203835,-0.069559223,-0.363543751,116.203251830,0.013381177,0.137056110,0.090884223,0.930877611,4.481889098,-4.924119774,true,OK
1785679823.822050810,0.010888371,0.079839574,8.169135957,7.293300456,-0.123278947,-0.241333618,110.899123555,0.023757039,0.862980901,0.175943602,6.391199156,3.830671980,-3.428224941,true,OK
1785679824.822049618,0.013001556,0.110920870,7.726514797,7.251554066,-0.178999166,-0.096192353,106.320033548,0.018916500,1.131077085,0.139466729,8.339154753,2.798533349,0.222196507,true,OK
1785679825.822058439,0.094563944,0.006334741,8.162951119,7.273995270,-0.188366509,-0.033748247,100.136931137,0.003094824,0.368504821,0.022892468,2.725836830,-0.683172300,-1.214511756,true,OK
1785679826.822215796,0.106308611,0.033404148,7.877545788,7.237613929,-0.181543452,0.020727898,99.323370830,0.004093673,0.195835277,0.030468205,1.457554170,0.561378788,0.312907847,true,OK
1785679827.822058439,0.011146889,0.066430537,8.278837995,7.274415180,-0.187851053,0.022235536,98.360984122,0.000116231,0.848345033,0.000862716,6.296795851,0.496039384,0.462025689,true,OK
1785679828.822155714,0.018824519,0.092981055,8.092089440,7.238327114,-0.185763864,0.022967809,98.535479334,0.000614421,0.354981980,0.004549199,2.628299882,0.426623087,0.351016635,true,OK
1785679829.822093725,0.114096722,0.137767796,8.617820331,7.345352730,-0.184729876,0.023408766,98.418219046,0.000038538,0.278362492,0.000284803,2.057144093,0.456399664,0.274331709,true,OK
1785679830.822068214,0.108889278,0.032658111,8.118647941,7.281948596,-0.184270352,0.023756008,98.404927972,0.000467941,0.303257891,0.003164382,2.050736429,0.392420677,0.221841227,true,OK
1785679831.822048426,0.017581056,0.074514055,8.262581263,7.297218267,-0.185040961,0.023131534,98.384106307,0.000205115,0.128204252,0.001525815,0.953689252,0.337094686,0.186658384,true,OK
1785679832.822202444,0.019200815,0.116270389,7.730272967,7.296379440,-0.184860169,0.023266948,98.240651107,0.000298786,0.052339156,0.002210146,0.387157714,0.315440934,0.206034176,true,OK
1785679833.822082996,0.115042889,0.023428241,8.431734628,7.338799771,-0.184548291,0.023477629,98.174105801,0.000114529,0.182384247,0.000839914,1.337540851,0.310891477,0.208897347,true,OK
1785679834.822056532,0.014707222,0.065565611,8.367583910,7.344869988,-0.184999375,0.023625044,98.175178808,0.000161377,0.170174190,0.001194122,1.259220890,0.294919085,0.192627867,true,OK
1785679835.822025299,0.019094444,0.107634185,7.825376730,7.368496343,-0.185349868,0.023386854,98.267667967,0.000324364,0.333964821,0.002400760,2.471821127,0.306455093,0.211113753,true,OK
1785679836.822039127,0.116974333,0.002010593,8.723167250,7.298720440,-0.185426620,0.023548546,98.490507117,0.000085014,0.086229231,0.000629643,0.638644373,0.291824559,0.223348443,true,OK
1785679837.822032452,0.018097741,0.044458815,8.692171850,7.325944146,-0.184582184,0.023711805,98.166648382,0.000425585,0.174712971,0.003151855,1.293912616,0.308653542,0.214856343,true,OK
1785679838.822053194,0.013883371,0.086041037,8.193884621,7.357208388,-0.185517446,0.022940987,98.391274931,0.000875393,0.278362492,0.006550378,2.082926226,0.301675318,0.229410007,true,OK
1785679839.822084904,0.016969537,0.127747518,7.905643138,7.381318738,-0.185231775,0.023099895,98.069639122,0.000347743,0.123540700,0.002569507,0.912854073,0.319612424,0.256036361,true,OK
1785679840.822077274,0.119081704,0.022751352,8.338223405,7.291924024,-0.184406818,0.023591340,98.256885649,0.000250798,0.052339156,0.001702213,0.355236129,0.348184306,0.224104340,true,OK
1785679841.822053432,0.015794574,0.063092648,8.326063928,7.268408285,-0.185208073,0.023465558,98.233267647,0.000523685,0.228997300,0.003922736,1.715335810,0.275479429,0.247082581,true,OK
1785679842.822015285,0.017468982,0.106509111,7.952676737,7.319756780,-0.185024443,0.023405843,97.944245938,0.000247449,0.210289292,0.001828889,1.554239686,0.246040697,0.244676591,true,OK
1785679843.822049618,0.116016852,0.009880148,8.525823195,7.312304012,-0.184504185,0.023852514,97.652972868,0.000047585,0.429783464,0.000352303,3.181992832,0.309563481,0.284001898,true,OK
1785679844.822053909,0.005780240,0.055495426,8.385892592,7.353619621,-0.184235444,0.023890870,98.170422415,0.000266490,0.139882314,0.001971485,1.034846681,0.312987574,0.233361774,true,OK
1785679845.822040796,0.018464463,0.096258574,8.043351953,7.338757772,-0.185113600,0.023691286,97.792356231,0.000046746,0.094872788,0.000345387,0.700982115,0.304644977,0.236997892,true,OK
1785679846.822124004,0.118581111,0.139993167,8.584427551,7.367548266,-0.182295086,0.024349134,96.803727130,0.001305848,0.259443188,0.009689833,1.925156557,0.315070210,0.238949197,true,OK
1785679847.822112083,0.110845981,0.034416851,8.071025514,7.253627151,-0.176847185,0.027581657,101.707856035,0.004904378,3.477952176,0.036704853,26.029339837,0.413565338,0.137722544,true,OK
1785679848.822104931,0.006677963,0.075564482,8.018673486,7.287101021,-0.211330888,0.005261955,116.860575393,0.001520168,0.059347027,0.011229860,0.438411208,0.380415412,0.359840835,true,OK
1785679849.821979046,0.017914148,0.118399278,7.660167384,7.347033386,-0.210065700,0.005715668,117.114911618,0.000647463,0.228141232,0.004844023,1.706849242,0.617245666,-0.014604815,true,OK
1785679850.822078466,0.112943611,0.013059593,8.551917084,7.243263976,-0.204562929,0.007080428,117.183955078,0.001682376,0.209356731,0.012504796,1.556110189,1.743683536,-0.624916508,true,OK
1785679851.822144985,0.016693500,0.053680352,8.257974134,7.255956886,-0.189033628,0.003641350,118.114782777,0.028253046,0.744330670,0.099882496,2.631419132,12.654816220,-2.006453340,false,EXCESSIVE_ROLL
1785679852.822076082,0.016268963,0.108405037,7.838182179,7.366510490,-0.189033628,0.003641350,118.114782777,0.084202053,0.583533677,0.068547240,0.475043326,15.544370472,-1.977453604,false,EXCESSIVE_ROLL
1785679853.822231770,0.115188222,0.015922981,8.524060458,7.365092189,-0.153370508,0.018703290,117.735575016,0.018402450,0.372728519,0.136256986,2.759788261,3.516625937,-0.817802502,false,WAITING_FOR_ODOM
1785679854.822122335,0.016976926,0.045712315,8.548779428,7.240533364,-0.193292026,0.007933667,117.693100474,0.001185533,0.144017660,0.008034186,0.975987288,-0.852750771,1.142632135,true,OK
1785679855.822130919,0.018918982,0.073557537,8.159254871,7.175185573,-0.213199357,-0.002903045,117.893238517,0.016588888,0.405977673,0.059082488,1.445917976,-12.450682549,1.343743620,false,EXCESSIVE_ROLL
1785679856.822013140,0.018716130,0.105290037,7.731260219,7.191442635,-0.213199357,-0.002903045,117.893238517,0.099409198,1.352442341,0.079578737,1.082652866,-16.714033043,1.385754816,false,EXCESSIVE_ROLL
1785679857.822156191,0.018530741,0.135286537,7.474139151,7.224423154,-0.215197023,0.000047968,115.455852924,0.013339004,0.468972154,0.098735372,3.471334070,-1.485375975,1.271672357,false,WAITING_FOR_ODOM
1785679858.822124243,0.115689056,0.029623093,8.171280284,7.267242652,-0.197228871,0.003788584,115.793867620,0.002264118,0.117033931,0.016739581,0.865281329,0.267534586,0.483709733,true,OK
1785679859.822072268,0.016417129,0.058950481,8.229495011,7.215969821,-0.195068966,0.007315319,115.364489959,0.000337969,0.171320168,0.002292473,1.162081210,0.227680712,0.539929965,true,OK
1785679860.822067499,0.018087556,0.101300352,7.945456398,7.310529330,-0.193896083,0.008559255,115.422109308,0.002206962,0.314657797,0.016334663,2.328915560,0.219598786,0.496660350,true,OK
1785679861.822062731,0.016524797,0.130097111,7.479121330,7.215481561,-0.194349882,0.008017344,115.271751508,0.000697741,0.039564681,0.004733763,0.268423139,0.169082577,0.487108324,true,OK
1785679862.822102070,0.016799649,0.037700740,8.566621032,7.326148791,-0.193795062,0.008329095,115.310005803,0.000042537,0.125114538,0.000318481,0.936743675,0.138029205,0.543027747,true,OK
1785679863.822051764,0.017402870,0.067568222,8.203694148,7.226759690,-0.193900846,0.008570763,115.141844812,0.000408504,0.206533808,0.002774109,1.402549890,0.127871752,0.537771817,true,OK
1785679864.822057962,0.017344722,0.109567093,7.797697417,7.276901241,-0.193586995,0.009083697,115.395900141,0.000588045,0.125114538,0.004345872,0.924642357,0.110450613,0.546228600,true,OK
1785679865.822036505,0.117026500,0.015396463,8.469627176,7.331185082,-0.193059767,0.009296105,115.114631697,0.000140196,0.100870555,0.001035003,0.744683117,0.170907693,0.482845097,true,OK
1785679866.822125912,0.018066815,0.045756518,8.559649300,7.260665657,-0.192592752,0.009758798,115.323234425,0.000148213,0.242283378,0.001095226,1.790368033,0.099760060,0.523851554,true,OK
1785679867.822064877,0.018724833,0.087621722,8.121830123,7.312764920,-0.192444024,0.010242258,114.901205468,0.001406827,0.197823503,0.010407214,1.463428919,0.107837403,0.514167534,true,OK
1785679868.822152615,0.016752148,0.117678462,7.705666739,7.233873894,-0.193951890,0.008773353,115.338275839,0.000694448,0.138476416,0.004705748,0.938349918,0.110181683,0.537524786,true,OK
1785679869.822060108,0.111150000,0.024528778,8.391320708,7.316931051,-0.194559582,0.008271875,114.946365841,0.000363528,0.189745630,0.002700909,1.409757680,0.108155580,0.524667465,true,OK
1785679870.821992397,0.019046074,0.053548759,8.467391611,7.215907583,-0.193472288,0.009456563,114.976114182,0.000475893,0.074018747,0.003230452,0.502452837,0.099578141,0.503198447,true,OK
1785679871.822061062,0.017961074,0.096154815,8.151710259,7.268657107,-0.192893279,0.009681145,115.214240763,0.000319903,0.128204252,0.002368635,0.949254075,0.200765021,0.552959581,true,OK
1785679872.822052002,0.116270185,0.003436426,8.838464804,7.334587933,-0.191378783,0.010537566,114.824362533,0.000174634,0.204630240,0.001292837,1.514903659,0.111326600,0.526832804,true,OK
1785679873.822062731,0.116290630,0.032887186,8.217655534,7.235302238,-0.188682137,0.012111822,115.154406685,0.000544038,0.243893275,0.003954888,1.772982716,0.109532275,0.492209699,true,OK
1785679874.822064877,0.016802852,0.073510111,8.274614141,7.265113883,-0.187227031,0.013831264,114.965524822,0.000475516,0.090654086,0.003480943,0.663619770,0.098741198,0.518201633,true,OK
1785679875.822695494,0.016608796,0.117368426,7.761153500,7.327226879,-0.187882101,0.012717978,114.813116251,0.000722265,0.039564681,0.005343754,0.292723335,0.207738801,0.525037009,true,OK
1785679876.822263956,0.116401407,0.008198611,8.535481738,7.203440579,-0.187575741,0.013339646,114.653597797,0.000618687,0.209356731,0.004579139,1.549529292,0.132185938,0.524217625,true,OK
1785679877.822040081,0.017078500,0.050323315,8.569717711,7.295584606,-0.186736227,0.013737017,114.705018094,0.000443034,0.117033931,0.003301259,0.872076291,0.143288621,0.507267161,true,OK
1785679878.822037697,0.017750500,0.069248259,8.204439957,7.174698584,-0.186029575,0.014200690,114.641941864,0.000224803,0.111905833,0.001522992,0.758137829,0.127882775,0.515907808,true,OK
1785679879.822088480,0.015309352,0.112668925,7.761412701,7.294102063,-0.184403536,0.015432527,114.256307302,0.000564909,0.179136785,0.004183312,1.326559745,0.106562791,0.501137589,true,OK
1785679880.827959538,0.123667815,0.012433037,13.084130915,7.426692362,-0.182297419,0.016623974,114.098550733,0.000304330,0.100870555,0.002368292,0.784973329,0.074540747,0.484520485,true,OK
1785679882.078842163,0.368151722,0.427935722,9.869268768,7.382456563,-0.183020609,0.016567572,114.198315673,0.000297524,0.160712550,0.002215807,1.196902975,0.113558094,0.513936063,true,OK
1785679882.822065353,0.005157796,0.066977352,331.817745398,1808.639045353,-0.182386206,0.016994057,114.087267614,0.000188688,0.034264021,0.001396295,0.253554843,0.071918865,0.523119866,true,OK
1785679883.822084665,0.048624278,0.054455703,92.103202230,384.666784874,-0.181340698,0.017976240,114.026287272,0.000135569,0.027976455,0.000910763,0.187948433,0.118203729,0.521632090,true,OK
1785679884.822141886,0.018804740,0.126418426,24.027699642,86.712741023,-0.180458850,0.018647301,114.122178637,0.000531237,0.368504821,0.003607411,2.502363230,0.143003802,0.526746332,true,OK
1785679885.822089911,0.118763445,0.033540482,11.752096402,20.587417522,-0.177011875,0.021779168,113.765410963,0.000913500,0.194833561,0.006762294,1.442279314,0.146084707,0.540596539,true,OK
1785679886.822123528,0.018982407,0.087778648,8.923706478,10.168407592,-0.177171250,0.022337596,113.932768100,0.000649988,0.476423250,0.004811838,3.526944477,0.104444950,0.507475839,true,OK
1785679887.822068691,0.018524518,0.129555000,7.951837541,7.955647398,-0.176041807,0.023245184,113.797706558,0.000284529,0.307741377,0.002106363,2.278206019,0.111946723,0.510584118,true,OK
1785679888.822064161,0.117639574,0.036279315,8.354404766,7.463009127,-0.177681623,0.021756244,113.691360580,0.000658552,0.126668806,0.004867251,0.936189184,0.124963731,0.484084529,true,OK
1785679889.822036505,0.018288778,0.078685425,8.288131193,7.363212236,-0.177259099,0.021819922,113.609698673,0.000700311,0.000000000,0.005181716,0.000000000,0.155653252,0.514284895,true,OK
1785679890.821971416,0.018108056,0.119189722,7.626693442,7.281608136,-0.177528911,0.021421547,113.717088910,0.000292416,0.237388267,0.002161385,1.754648405,0.053243781,0.535590667,true,OK
1785679891.822027922,0.117193760,0.027543296,8.254725615,7.272818985,-0.179141148,0.020466330,113.550234861,0.000452357,0.086229231,0.003350446,0.638668724,0.095219729,0.499496542,true,OK
1785679892.822046757,0.020250185,0.081331852,8.335292060,7.371636473,-0.178775243,0.020936408,113.786181548,0.000615909,0.172458515,0.004547841,1.273425908,0.103983052,0.522761569,true,OK
1785679893.822062731,0.016957408,0.123915759,7.868810276,7.376254789,-0.177178279,0.021808244,113.518978888,0.000726226,0.191796995,0.005509898,1.455170492,0.112427737,0.528766738,true,OK
1785679894.822055340,0.118089185,0.030409685,8.500102197,7.355602701,-0.176262227,0.022836028,113.714999134,0.001302172,0.393167033,0.009637740,2.909938618,0.109891321,0.564441864,true,OK
1785679895.822057962,0.018578000,0.072812111,8.309411472,7.337778721,-0.176653908,0.022332502,113.567823125,0.000198314,0.337461931,0.001468428,2.498760668,0.119442362,0.547776420,true,OK
1785679896.822069407,0.015742630,0.114851074,7.786941693,7.271712024,-0.175091622,0.022847236,113.269837980,0.000080639,0.134170395,0.000546659,0.909556823,0.134014299,0.549544835,true,OK
1785679897.822017908,0.118979963,0.033793704,8.445604389,7.379702658,-0.172987786,0.024608185,113.187055914,0.000314735,0.027976455,0.002330080,0.207118360,0.169367534,0.547772709,true,OK
1785679898.822280407,0.018420648,0.075617648,8.333557352,7.360829427,-0.173901020,0.023556952,113.243624439,0.000265695,0.188711590,0.001963453,1.394553044,0.205693411,0.566731291,true,OK
1785679899.822057962,0.015185999,0.116079500,7.785190070,7.298602452,-0.173882442,0.023955198,113.142632128,0.000273474,0.120331298,0.002022724,0.890019640,0.148164215,0.535009136,true,OK
1785679900.822053671,0.118966611,0.024899074,8.423646945,7.282118571,-0.173736893,0.024298473,113.089812846,0.000218936,0.059347027,0.001667861,0.452107098,0.119593406,0.513544873,true,OK
1785679901.822273016,0.013382019,0.078959722,8.219639597,7.377472507,-0.174679274,0.023829528,113.220608152,0.001187508,0.059347027,0.008771238,0.438352499,0.143586278,0.557488280,true,OK
1785679902.822064400,0.018428055,0.120321944,7.667088680,7.325028413,-0.175909012,0.022868589,113.151112085,0.000848360,0.181308225,0.006291752,1.344648725,0.098686625,0.528002146,true,OK
1785679903.822067738,0.112509667,0.027880593,8.160912491,7.269571023,-0.175133994,0.023758823,112.844143488,0.000057084,0.019782341,0.000420671,0.145783839,0.082029112,0.513245219,true,OK
1785679904.822047472,0.020505574,0.081969315,8.313750543,7.379930992,-0.172484786,0.026327831,112.712653219,0.000247981,0.158258778,0.001839317,1.173834002,0.188684973,0.529070983,true,OK
1785679905.822158337,0.018665093,0.124292815,7.787730960,7.349629650,-0.172922703,0.025659176,112.721890493,0.000172445,0.034264021,0.001302250,0.258751418,0.143949958,0.497368719,true,OK
1785679906.822068453,0.116384759,0.030939537,8.290052777,7.269953762,-0.172556947,0.025535872,112.888797177,0.000250746,0.055952910,0.001855563,0.414060399,0.147897835,0.500426224,true,OK
1785679907.822056770,0.018898981,0.085412796,8.250679191,7.385040980,-0.176014347,0.023091453,113.294147685,0.000862042,0.090654086,0.006372841,0.670180858,0.130402924,0.570304110,true,OK
1785679908.822051287,0.016549537,0.126242851,7.791164579,7.337056210,-0.176099820,0.023444879,113.491918169,0.000061028,0.068528042,0.000447546,0.502547870,0.141403850,0.533184892,true,OK
1785679909.822064161,0.117503056,0.033520037,8.350783843,7.289056207,-0.175639832,0.023554797,113.343449800,0.000602073,0.000000000,0.004087020,0.000000000,0.121525766,0.529896941,true,OK
1785679910.822039604,0.017646630,0.088536537,8.290823997,7.381315873,-0.175007480,0.023886428,113.142980861,0.000522507,0.203671772,0.003864617,1.506417689,0.132509662,0.512052884,true,OK
1785679911.822044134,0.017922074,0.130485167,7.803109534,7.375403558,-0.175288203,0.023414348,112.849075747,0.000081707,0.083929371,0.000609574,0.626152287,0.166497047,0.526751213,true,OK
1785679912.822052240,0.018602444,0.037360259,8.673976762,7.331774872,-0.175389701,0.023248173,113.186052735,0.000434936,0.164324520,0.003227918,1.219549359,0.222825666,0.526924453,true,OK
1785679913.822069645,0.017730166,0.091695685,8.260698392,7.387161899,-0.174677191,0.023640487,112.971244192,0.000621400,0.174712971,0.004600369,1.293441820,0.145944464,0.493077030,true,OK
1785679914.822072029,0.017314037,0.133765630,7.664775357,7.374656908,-0.174403545,0.023888347,112.769290319,0.000629231,0.092787413,0.004652621,0.686083270,0.160235354,0.481201365,true,OK
1785679915.822056293,0.018491871,0.039785037,8.633710930,7.313877424,-0.175173468,0.023525161,112.874868709,0.001438594,0.048456644,0.010649734,0.358718491,0.072453851,0.502825302,true,OK
1785679916.822042227,0.017227629,0.094918222,8.177198593,7.391396302,-0.174865921,0.023695130,112.779199443,0.000454628,0.239031114,0.003361592,1.767433293,0.104565614,0.512773598,true,OK
1785679917.822050571,0.117794778,0.001686389,8.640769758,7.378963719,-0.174361633,0.024340411,112.520349484,0.000403423,0.154505069,0.002984140,1.142880706,0.227460451,0.516692437,true,OK
1785679918.822063923,0.018533314,0.043687240,8.608362413,7.337127499,-0.173008863,0.025138368,112.727058169,0.000178709,0.081564685,0.001320976,0.602905755,0.202576039,0.505817783,true,OK
1785679919.822062254,0.019442000,0.085803611,8.182634366,7.266583653,-0.174020226,0.024446405,112.840729059,0.000673118,0.193826655,0.004572305,1.316611739,0.123961543,0.484240035,true,OK
1785679920.822071791,0.117579704,0.004932963,8.613359177,7.394492666,-0.173633128,0.024448858,112.844858992,0.000023416,0.318981067,0.000173346,2.361414946,0.205611323,0.497471513,true,OK
1785679921.822106361,0.018627370,0.047097537,8.608348013,7.340143250,-0.172110604,0.025741751,112.792241669,0.000275561,0.129721514,0.002039734,0.960211881,0.092456020,0.501570746,true,OK
1785679922.822062254,0.019320444,0.099745240,8.170094834,7.385082562,-0.172464896,0.025517624,112.728468733,0.000899314,0.186626315,0.006719918,1.394522322,0.136814395,0.504215755,true,OK
1785679923.822063684,0.119788667,0.004371963,8.663958709,7.344470232,-0.171915269,0.025751885,112.784100352,0.000336942,0.039564681,0.002496869,0.293189149,0.141980271,0.509283717,true,OK
1785679924.822067738,0.019204852,0.049962407,8.497651189,7.351651923,-0.171423737,0.026243300,112.468252515,0.000185912,0.267610787,0.001375559,1.980042062,0.144069006,0.519768269,true,OK
1785679925.822057962,0.019334426,0.091976834,7.907244401,7.275626104,-0.171269913,0.026984634,112.756097257,0.000835151,0.150657858,0.005677746,1.024243014,0.140948324,0.492758350,true,OK
1785679926.822059155,0.118353426,0.011257666,8.578958212,7.386806113,-0.171774534,0.026445277,112.709166964,0.000270831,0.336300265,0.002001925,2.485858671,0.142364089,0.500640374,true,OK
1785679927.822057009,0.018605055,0.052121778,8.519920310,7.331062307,-0.171061355,0.027273041,112.883794557,0.000106854,0.167858796,0.000795809,1.250153260,0.121946414,0.492238149,true,OK
1785679928.822050095,0.016772407,0.106962703,7.900932834,7.393956733,-0.171105350,0.027334165,112.854369249,0.000641204,0.170174190,0.004714329,1.251172287,0.202191292,0.490857285,true,OK
1785679929.822066069,0.117338481,0.012224389,8.566412909,7.357397503,-0.170835200,0.027601635,113.195310941,0.001413397,0.281160175,0.010463874,2.081526977,0.082765537,0.499176242,true,OK
1785679930.822039843,0.019328944,0.056275889,8.547660581,7.347562896,-0.170990520,0.027372877,112.713759096,0.000268431,0.223811772,0.001985446,1.655418870,0.126674768,0.527255464,true,OK
1785679931.822054625,0.019254055,0.098434556,7.926102343,7.269233930,-0.170803257,0.027669158,112.623415610,0.000209357,0.118694067,0.001423871,0.807256123,0.141532668,0.527088309,true,OK
1785679932.822117567,0.115093630,0.017673704,8.521685172,7.379369534,-0.170556931,0.027737281,112.741554877,0.000827914,0.188711590,0.006131743,1.397646984,0.152100648,0.534248461,true,OK
1785679933.822053671,0.016541908,0.057261223,8.515675236,7.326670374,-0.171271230,0.026967786,112.830703270,0.001255951,0.172458515,0.009206899,1.264228166,0.144560544,0.522245304,true,OK
1785679934.822082996,0.020081871,0.101544556,7.936120914,7.269779930,-0.169981115,0.027468166,112.532220762,0.000032269,0.115349902,0.000218778,0.782055722,0.143428489,0.530409215,true,OK
1785679935.822054148,0.117854445,0.019897722,8.544994255,7.380862507,-0.170173672,0.027422985,112.606791740,0.000154670,0.440574736,0.001141950,3.252823301,0.149228291,0.553167569,true,OK
1785679936.822092533,0.019095315,0.059399944,8.497494250,7.301204991,-0.170314546,0.027410142,112.960960655,0.000647138,0.207479056,0.004779788,1.532448723,0.195981975,0.542813492,true,OK
1785679937.822072506,0.018835352,0.117148518,7.911915922,7.407102778,-0.169738187,0.027554777,112.628022191,0.000845898,0.173589404,0.006387447,1.310787830,0.141100375,0.543023839,true,OK
1785679938.822070837,0.121088444,0.024063000,8.692873074,7.384762635,-0.168799713,0.028661791,112.478801055,0.000188545,0.092787413,0.001381693,0.679963198,0.159841942,0.539856490,true,OK
1785679939.822036982,0.019970667,0.065996389,8.390220311,7.305333318,-0.169107892,0.028401562,112.539426074,0.000311776,0.071326251,0.002305906,0.527530971,0.198946712,0.529126747,true,OK
1785679940.822064638,0.018216703,0.118662055,7.895026283,7.369827881,-0.169205494,0.028254468,112.616327177,0.000258882,0.183453959,0.001892039,1.340771084,0.112090063,0.525345886,true,OK
1785679941.822045088,0.117865389,0.026336204,8.507020018,7.353194104,-0.168534185,0.028561712,112.304872961,0.000185808,0.044234660,0.001375009,0.327344211,0.139402280,0.524860823,true,OK
1785679942.822061300,0.018707074,0.068834574,8.334702676,7.268865079,-0.166428289,0.029718987,112.611911095,0.000438829,0.150657858,0.002974399,1.021163948,0.164343129,0.549540682,true,OK
1785679943.822063446,0.016238111,0.123337463,7.885996970,7.377911681,-0.166902126,0.029467683,112.529481044,0.000156070,0.131221234,0.001154699,0.970854637,0.138790482,0.547481523,true,OK
1785679944.822123766,0.117590888,0.030067407,8.368352408,7.351563950,-0.166659722,0.029760054,112.329350134,0.000390815,0.048456644,0.002889569,0.358273748,0.139245740,0.528390485,true,OK
1785679945.822062016,0.019837333,0.084614278,8.317180654,7.399541716,-0.166482566,0.029852470,112.050468918,0.000576044,0.055952910,0.004269997,0.414757578,0.126458205,0.524159103,true,OK
1785679946.822038889,0.018198981,0.126413093,7.780462541,7.392627120,-0.166749862,0.029982211,112.460442625,0.000688455,0.154505069,0.005094599,1.143344770,0.189529891,0.533115494,true,OK
1785679947.822074652,0.115645963,0.033651704,8.255576889,7.331129665,-0.167013076,0.029421446,112.213249750,0.000041996,0.118694067,0.000312893,0.884345853,0.168263770,0.525820057,true,OK
1785679948.822061777,0.018075797,0.087500871,8.279302088,7.395055155,-0.167621156,0.029267138,112.340617537,0.001228008,0.160712550,0.009083577,1.188790874,0.156290254,0.537114403,true,OK
1785679949.822070599,0.018619518,0.129765277,7.811998314,7.397362377,-0.167150698,0.029944610,112.335210562,0.000187265,0.044234660,0.001395242,0.329575731,0.135865250,0.521996781,true,OK
1785679950.822047949,0.018232426,0.036960333,8.643471254,7.285861642,-0.166742824,0.030361525,112.327726195,0.000314310,0.129721514,0.002135714,0.881448024,0.110834388,0.522941184,true,OK
1785679951.822088242,0.019607852,0.089679185,8.273891399,7.377749275,-0.167369396,0.029507447,112.135258862,0.000735178,0.027976455,0.005432303,0.206720678,0.071470525,0.493013574,true,OK
1785679952.822061300,0.017049185,0.132480241,7.596941702,7.337397653,-0.167185370,0.030032853,112.357022844,0.000077040,0.155766359,0.000569057,1.150569352,0.049476005,0.546385162,true,OK
1785679953.822046995,0.018757685,0.038997796,8.635945616,7.268227804,-0.168008694,0.029407652,112.236985345,0.000712196,0.222056360,0.004860193,1.515364376,0.118487131,0.523916415,true,OK
1785679954.822043657,0.018373278,0.094037463,8.286039307,7.378626987,-0.168097972,0.029483557,112.061128691,0.000510267,0.154505069,0.003771434,1.141962003,0.171693016,0.507213550,true,OK
1785679955.822074890,0.018337056,0.136174537,7.661270711,7.305698479,-0.168180876,0.029654805,112.052074628,0.000342382,0.102792073,0.002549154,0.765322440,0.097513451,0.499116966,true,OK
1785679956.822034597,0.018024500,0.055142129,8.687737817,7.394402165,-0.168350536,0.029819112,112.237335839,0.000281673,0.048456644,0.002084572,0.358612006,0.115559428,0.527527915,true,OK
1785679957.822051764,0.020231777,0.097488204,8.159479167,7.379475417,-0.169484575,0.028880049,112.218486549,0.001722371,0.052339156,0.012744027,0.387263599,0.145876441,0.511889091,true,OK
1785679958.822062731,0.118638278,0.004187926,8.671121693,7.329696267,-0.169232111,0.028998705,112.300507621,0.000173221,0.225553524,0.001270466,1.654289761,0.179160028,0.503333729,true,OK
1785679959.822055578,0.018980741,0.055890000,8.568491099,7.367718350,-0.169968116,0.028610888,112.243823158,0.000059116,0.083929371,0.000433791,0.615874014,0.122450021,0.523551844,true,OK
1785679960.822059631,0.019817537,0.099858481,8.165880132,7.358615107,-0.170365886,0.028302480,112.522740329,0.000818744,0.363156116,0.006053502,2.685046837,0.085477402,0.520195931,true,OK
1785679961.822062492,0.117606760,0.007258648,8.619216671,7.303773906,-0.170354259,0.028019216,112.062427801,0.000415052,0.027976455,0.002806252,0.189154641,0.157576826,0.501217048,true,OK
1785679962.822052717,0.017436760,0.057908778,8.485489930,7.342947908,-0.170995091,0.027641625,112.116926444,0.000379915,0.039564681,0.002755878,0.286999488,0.144319268,0.534008621,true,OK
1785679963.822101831,0.018835203,0.103577722,7.928599808,7.370448730,-0.171181054,0.027390606,112.013259280,0.000824540,0.048456644,0.006093037,0.358076164,0.117633565,0.523612222,true,OK
1785679964.822080851,0.117728648,0.007361278,8.632754655,7.288800391,-0.171213051,0.027470241,112.091002808,0.000528646,0.019782341,0.003911646,0.146376770,0.130319150,0.524966382,true,OK
1785679965.822116137,0.018227463,0.064987333,8.527645969,7.395353428,-0.170660182,0.027715755,112.231548824,0.000144078,0.516241279,0.001070361,3.835174632,0.169573280,0.516542257,true,OK
1785679966.822147131,0.018511018,0.106661648,7.915435134,7.367110334,-0.170909608,0.027576424,111.854354122,0.000155751,0.113640914,0.001154426,0.842305188,0.126238676,0.513114846,true,OK
1785679967.822145939,0.116828704,0.013809037,8.530959236,7.319190125,-0.170735527,0.027803363,112.107448396,0.000926061,0.310274283,0.006853841,2.296360212,0.129085344,0.529325283,true,OK
1785679968.822130442,0.018629908,0.068029611,8.347900820,7.392447696,-0.171447090,0.027276882,111.795559900,0.001344573,0.189745630,0.009951585,1.404363680,0.163529959,0.508126923,true,OK
1785679969.822058201,0.019278815,0.109633815,7.862493154,7.357321113,-0.170658542,0.028110081,111.727872359,0.000794632,0.115349902,0.005878888,0.853387934,0.163958311,0.531150285,true,OK
1785679970.822068691,0.119275148,0.016780037,8.499729886,7.318426007,-0.170879454,0.027679063,111.674643867,0.000273109,0.027976455,0.002021918,0.207119040,0.064697365,0.521580427,true,OK
1785679971.822057962,0.018618519,0.070975407,8.353579922,7.386741774,-0.170985617,0.027586682,111.711224036,0.001044360,0.225553524,0.007732797,1.670075444,0.123634046,0.517391798,true,OK
1785679972.822096825,0.019873370,0.112796074,7.904085663,7.359200861,-0.169387826,0.028666693,111.331297451,0.000205339,0.153233400,0.001517507,1.132431690,0.094466722,0.537361418,true,OK
1785679973.822068214,0.119236278,0.018858185,8.329207447,7.294682610,-0.168382224,0.029133544,111.404074128,0.000741161,0.137056110,0.005012660,0.926944859,0.101509741,0.545005078,true,OK
1785679974.822090864,0.018394371,0.074566778,8.273806823,7.388018972,-0.168719979,0.028792201,111.603556968,0.000521336,0.182384247,0.003859277,1.350131008,0.120208826,0.555460766,true,OK
1785679975.822057247,0.017522759,0.116164444,7.804383400,7.368594936,-0.167977498,0.029031089,111.327433550,0.000001261,0.079129369,0.000009389,0.589411025,0.105653316,0.539149803,true,OK
1785679976.822061300,0.116603055,0.023184574,8.282107373,7.275695436,-0.167387905,0.029377722,111.198931579,0.000237383,0.317135448,0.001758932,2.349867708,0.110084544,0.552928890,true,OK
1785679977.822073698,0.019292722,0.077446074,8.334793344,7.382148720,-0.167638896,0.029164469,111.428340231,0.000086470,0.044234660,0.000639962,0.327380416,0.149686063,0.509104618,true,OK
1785679978.822061539,0.016479907,0.118851111,7.631588120,7.305921851,-0.168120460,0.028759787,111.489239705,0.000327941,0.155766359,0.002435408,1.156776172,0.087465412,0.496563521,true,OK
1785679979.822071791,0.018014981,0.038322241,8.636174660,7.387859439,-0.168586324,0.028454990,111.311624784,0.000496151,0.137056110,0.003699499,1.021944727,0.138152469,0.492848357,true,OK
1785679980.822911978,0.018517759,0.080674055,8.190031435,7.362404749,-0.167284833,0.029039609,111.202015883,0.000241121,0.164324520,0.001782652,1.214881395,0.070810225,0.461014690,true,OK
1785679981.822046518,0.018506852,0.122609167,7.652182165,7.277595253,-0.167901509,0.028506668,111.268577530,0.000698170,0.100870555,0.004729680,0.683336769,0.090168334,0.462317595,true,OK
1785679982.822067499,0.018117166,0.041934926,8.667281759,7.384862755,-0.166772254,0.029785523,111.372189626,0.000267099,0.096913294,0.001976804,0.717257779,0.149866903,0.482405279,true,OK
1785679983.822054386,0.017922759,0.083981908,8.254749797,7.339808384,-0.166172764,0.030247279,111.196811312,0.000783506,0.071326251,0.005799616,0.527966367,0.088619498,0.464542920,true,OK
1785679984.822058439,0.117444204,0.003080686,8.611079410,7.398994239,-0.166220808,0.029932575,111.428523153,0.001151669,0.374822532,0.008451280,2.750556646,0.112509547,0.425193788,true,OK
1785679985.822056055,0.018722352,0.045137092,8.581855750,7.381602591,-0.166069346,0.029637910,111.285155595,0.000255862,0.065610604,0.001895121,0.485964342,0.163881911,0.400339751,true,OK
1785679986.822040319,0.019032222,0.086953278,8.191057922,7.309115720,-0.165292324,0.030502704,111.236359910,0.000211250,0.204630240,0.001581843,1.532271345,0.113088543,0.456022400,true,OK
1785679987.822092295,0.118360741,0.005362426,8.649917089,7.386711630,-0.164954010,0.030724226,111.367297469,0.000564157,0.201741190,0.004175117,1.493012745,0.094663015,0.488716516,true,OK
1785679988.822081089,0.017594945,0.047984074,8.681742347,7.367356653,-0.165714221,0.030219242,111.426023489,0.000890819,0.027976455,0.006588274,0.206906800,0.154980409,0.494766375,true,OK
1785679989.822155476,0.019138111,0.089968871,7.966782008,7.272213922,-0.164994859,0.030367175,111.179434744,0.000589401,0.311533012,0.003991661,2.109828456,0.154139490,0.459963013,true,OK
1785679990.822132111,0.116648222,0.008705482,8.557944293,7.389420378,-0.164441584,0.031018279,110.813845747,0.000806341,0.197823503,0.006097484,1.495924360,0.098526274,0.439819629,true,OK
1785679991.822049141,0.019152685,0.051319111,8.537990536,7.303395251,-0.165709643,0.029386026,111.196031980,0.000650066,0.172458515,0.004808650,1.275704261,0.088966691,0.443225156,true,OK
1785679992.822224855,0.018186926,0.105608889,7.914462178,7.389774679,-0.165334218,0.029708584,111.371523065,0.000182990,0.428871927,0.001353198,3.171485839,0.080874223,0.423170681,true,OK
1785679993.822081566,0.118996204,0.012466649,8.583925118,7.361312280,-0.164917794,0.030067556,110.841609697,0.000132738,0.019782341,0.000982695,0.146453790,0.099697080,0.414293645,true,OK
1785679994.821970701,0.019268167,0.054483778,8.382616407,7.275568274,-0.164175333,0.030301172,111.283054571,0.000158286,0.517755180,0.001074360,3.514239908,0.145854566,0.393933781,true,OK
1785679995.822016001,0.018097093,0.106953333,7.877555481,7.363662480,-0.164410930,0.029760396,111.018287936,0.000226670,0.243089661,0.001672405,1.793554637,0.138329166,0.440496737,true,OK
1785679996.822047949,0.117632167,0.015396500,8.519656960,7.301329393,-0.163979215,0.030329990,110.833992040,0.000440122,0.088469326,0.003008056,0.604652412,0.120797829,0.425354673,true,OK
1785679997.822068691,0.018749130,0.069914574,8.384730801,7.386365036,-0.164280441,0.030345148,110.829127963,0.000241137,0.027976455,0.001784133,0.206993069,0.120649080,0.438625286,true,OK
1785679998.822059631,0.017898778,0.107594093,7.913334922,7.303518648,-0.164824276,0.030457289,110.944679146,0.000347462,0.019782341,0.002525046,0.143760374,0.119245642,0.449806671,true,OK
1785679999.822057724,0.116233185,0.030929463,8.487849353,7.401839819,-0.163138978,0.031499235,110.903905771,0.000258323,0.154505069,0.001940113,1.160398063,0.160181588,0.453453607,true,OK
1785680000.822066545,0.017334037,0.073110370,8.301919981,7.379440659,-0.162866492,0.032014754,110.741405502,0.001021391,0.000000000,0.007582597,0.000000000,0.064807407,0.471872218,true,OK
1785680001.822038174,0.017837851,0.114676334,7.812929734,7.273413055,-0.163795295,0.031537912,110.943044353,0.000192624,0.312786672,0.001306546,2.121599272,0.146058462,0.515021049,true,OK
1785680002.822064161,0.116419463,0.031355333,8.285437071,7.367236152,-0.162622926,0.032137742,110.742040430,0.000437243,0.094872788,0.003238379,0.702661346,0.175222035,0.499701025,true,OK
1785680003.822027206,0.018032760,0.075931481,8.255972219,7.345891675,-0.160351675,0.034199989,110.463242000,0.000334286,0.148037520,0.002493393,1.104189960,0.102405370,0.476525104,true,OK
1785680004.822059870,0.019713981,0.130241055,7.757767126,7.393493236,-0.159006962,0.035195959,110.423722047,0.000231022,0.250229210,0.001708495,1.850539339,0.110987136,0.526847535,true,OK
1785680005.822060585,0.019774185,0.036856018,8.647940242,7.375169816,-0.158878688,0.035478911,110.549459629,0.000326589,0.100870555,0.002415132,0.745940844,0.155331156,0.516560785,true,OK
1785680006.822124720,0.020419555,0.077801704,8.275241830,7.259789168,-0.159697153,0.034804913,110.815639745,0.000537445,0.283930297,0.003632611,1.919095581,0.217169931,0.504796827,true,OK
1785680007.822054625,0.019101944,0.133439685,7.586273102,7.377601918,-0.160452739,0.034108536,110.655339594,0.001224976,0.052339156,0.009061759,0.387178718,0.157080660,0.522968692,true,OK
1785680008.821990967,0.018109167,0.039173648,8.599329331,7.343160270,-0.158909882,0.035095047,110.823708653,0.000326145,0.202708782,0.002398455,1.490709540,0.096681154,0.505509132,true,OK
1785680009.822110891,0.020767074,0.081892056,8.317348702,7.265168409,-0.160299208,0.033952796,110.550246922,0.000185083,0.167858796,0.001255053,1.138253817,0.123551066,0.510702253,true,OK
1785680010.822068214,0.118245296,0.001629130,8.642179727,7.385192410,-0.162362902,0.032923110,110.507854116,0.000988301,0.039564681,0.007313631,0.292786918,0.073730289,0.473648107,true,OK
1785680011.822061062,0.017747149,0.044016518,8.573453031,7.343912981,-0.163122634,0.032196174,110.639634205,0.000258336,0.000000000,0.001920358,0.000000000,0.128188213,0.458191790,true,OK
1785680012.822090387,0.019696796,0.097689463,8.118290442,7.384562194,-0.162168264,0.033513831,109.773851091,0.000399510,0.198810171,0.002952446,1.469241720,0.107601537,0.475324082,true,OK
1785680013.822112560,0.119405463,0.004831574,8.623750572,7.370256644,-0.160989494,0.034925561,109.256739430,0.000496918,0.146709809,0.003673195,1.084472936,0.127835698,0.480835608,true,OK
1785680014.821985960,0.018645296,0.046837370,8.549545182,7.311757558,-0.160378081,0.035588839,109.422857288,0.000282283,0.158258778,0.002112489,1.184344167,0.141241933,0.531470347,true,OK
1785680015.822023153,0.018727481,0.101074167,8.106837771,7.388298617,-0.160741348,0.035514961,109.365436148,0.000231540,0.184517467,0.001713511,1.365520444,0.147409916,0.499795559,true,OK
1785680016.822060347,0.120081499,0.007844000,8.627413865,7.353058958,-0.159706229,0.035857560,109.100728348,0.000438345,0.039564681,0.003289967,0.296949985,0.040968819,0.475724732,true,OK
1785680017.822168827,0.017333000,0.058071518,8.461856052,7.351316311,-0.158987219,0.036749473,109.052483644,0.000115605,0.111905833,0.000853125,0.825827935,0.146540366,0.472552109,true,OK
1785680018.822062731,0.019327796,0.104781723,7.918784978,7.380715922,-0.158595685,0.036989005,109.018275242,0.000481333,0.027976455,0.003617597,0.210264938,0.161794214,0.453340852,true,OK
1785680019.822083950,0.119060481,0.011231112,8.635391997,7.327312541,-0.158775527,0.036530665,108.884039199,0.000601941,0.220286968,0.004458452,1.631619239,0.129330045,0.458118855,true,OK
1785680020.822073698,0.019835056,0.065488334,8.614226576,7.385990926,-0.158001033,0.037160184,108.690906461,0.000412778,0.034264021,0.003054027,0.253509437,0.112000626,0.456907089,true,OK
1785680021.822064400,0.019637537,0.107372796,7.939090457,7.345930318,-0.157006093,0.037722899,108.675818900,0.000102525,0.094872788,0.000757749,0.701191075,0.125535376,0.493494134,true,OK
1785680022.822086096,0.118866778,0.026614075,8.503935358,7.422322103,-0.157730170,0.037205107,109.080821040,0.000336347,0.207479056,0.002508625,1.547469646,0.193964942,0.483236449,true,OK
1785680023.822050095,0.017571815,0.068645889,8.346192006,7.377177918,-0.158276266,0.036683279,108.906524767,0.000251857,0.000000000,0.001860668,0.000000000,0.085479688,0.497112757,true,OK
1785680024.822349072,0.018220111,0.107015315,8.023270165,7.243072123,-0.157442616,0.037547542,108.905202354,0.001062402,0.027976455,0.007067444,0.186108556,0.088506542,0.489407084,true,OK
1785680025.822056770,0.117202092,0.029946426,8.514460935,7.390252986,-0.156395013,0.037772807,109.131095433,0.000463028,0.090654086,0.003437797,0.673070799,0.093605217,0.482219992,true,OK
1785680026.822099924,0.020004778,0.071815815,8.331806674,7.364931644,-0.155071292,0.038433886,109.145258647,0.000168606,0.151951085,0.001246474,1.123346482,0.198564108,0.478233129,true,OK
1785680027.822035313,0.017746259,0.126086166,7.796750315,7.427029153,-0.154037887,0.039153727,108.844768063,0.000427802,0.139882314,0.003218531,1.052391610,0.091185375,0.458506516,true,OK
1785680028.822058201,0.114660130,0.032865556,8.205128890,7.383541152,-0.153957077,0.039306798,108.739526224,0.000194425,0.131221234,0.001440893,0.972485249,0.145767361,0.501321981,true,OK
1785680029.822054148,0.019476333,0.074970704,8.291090748,7.325058424,-0.154665633,0.038486456,109.085547409,0.000734146,0.189745630,0.005524736,1.427909839,0.143600053,0.532637596,true,OK
1785680030.822047949,0.019684889,0.129005574,7.807467386,7.388624836,-0.155971637,0.037538250,108.936915039,0.000186813,0.175829360,0.001392060,1.310215081,0.154769806,0.517721211,true,OK
1785680031.822128057,0.120575907,0.036173944,8.333447803,7.356280833,-0.155222613,0.038476556,108.724737093,0.000430548,0.039564681,0.003186771,0.292844385,0.120783372,0.524849072,true,OK
1785680032.822054386,0.018625870,0.078276685,8.319076128,7.271728887,-0.154978020,0.038492033,108.924259362,0.000481433,0.065610604,0.003261446,0.444476135,0.161242467,0.515358598,true,OK
1785680033.822058678,0.017865741,0.132099370,7.654013442,7.381055687,-0.155382902,0.038171104,108.769110321,0.000583483,0.062557256,0.004331014,0.464343283,0.151594859,0.494995845,true,OK
1785680034.822135448,0.017302612,0.039207445,8.702860703,7.326331806,-0.155955226,0.038080008,108.792089522,0.000602731,0.086229231,0.004454014,0.637209585,0.189832856,0.506791692,true,OK
1785680035.822145462,0.020482741,0.093637444,8.300916312,7.390247415,-0.154811500,0.038730186,108.559704450,0.000196657,0.145369958,0.001468513,1.085533920,0.130939631,0.533285685,true,OK
1785680036.822451830,0.019248982,0.135864389,7.637713990,7.350390936,-0.154789231,0.038822122,108.757170188,0.000786907,0.027976455,0.005822408,0.207000698,0.105271424,0.497669367,true,OK
1785680037.822070360,0.019213981,0.042574574,8.628144957,7.275804104,-0.154667512,0.038937637,108.630558264,0.000500183,0.086229231,0.003395465,0.585362432,0.135969677,0.501623939,true,OK
1785680038.822044134,0.020351760,0.096885352,8.195663763,7.387571686,-0.155656044,0.038138031,108.563946745,0.001102266,0.176938705,0.008155164,1.309089223,0.077986599,0.524460833,true,OK
1785680039.822034836,0.120582203,0.003488444,8.671791989,7.330427709,-0.157278077,0.036268299,109.014685088,0.000434168,0.206533808,0.003209755,1.526880960,0.124742918,0.515639964,true,OK
1785680040.822056532,0.020712925,0.057718703,8.624535445,7.394082791,-0.157502654,0.036023716,108.828402713,0.000826088,0.034264021,0.006112742,0.253540944,0.128995061,0.472549736,true,OK
1785680041.822054625,0.018787408,0.099205018,8.169090916,7.352862787,-0.154928383,0.037392968,109.002394105,0.000098229,0.392170386,0.000726795,2.901671691,0.170889541,0.496890230,true,OK
1785680042.822062254,0.114324074,0.007040796,8.544476552,7.275234740,-0.154578695,0.037634398,108.752011069,0.000873797,0.106531181,0.006473412,0.789222060,0.091830433,0.472793490,true,OK
1785680043.822049379,0.018441649,0.056316371,8.566199725,7.327029455,-0.155023286,0.037261920,109.131776557,0.000213585,0.189745630,0.001565151,1.390454969,0.161474470,0.482436622,true,OK
1785680044.822057247,0.017978241,0.103288185,7.889312432,7.324892135,-0.154110781,0.037359299,108.671417615,0.000632218,0.317135448,0.004679247,2.347221843,0.183510372,0.497410492,true,OK
1785680045.822070599,0.116904648,0.022172314,8.583632430,7.408763372,-0.153051156,0.038161840,108.911767623,0.000473999,0.039564681,0.003457112,0.288564796,0.121783898,0.469201588,true,OK
1785680046.822053909,0.018450593,0.061996907,8.549675926,7.339152259,-0.152059342,0.038609267,108.899191934,0.000068065,0.200768942,0.000503692,1.485720162,0.114814184,0.504800355,true,OK
1785680047.822054386,0.018499000,0.106094334,7.900376585,7.274439894,-0.152870836,0.038074681,109.058848686,0.000066693,0.182384247,0.000451447,1.234561241,0.098679481,0.512724803,true,OK
1785680048.822060823,0.119750463,0.025524852,8.631006026,7.393090055,-0.152319382,0.038319453,108.986947225,0.000397026,0.062557256,0.002933852,0.462271287,0.139209717,0.480658645,true,OK
1785680049.822068214,0.018329870,0.067598870,8.519507364,7.344590525,-0.152468644,0.038605866,109.490019279,0.000351263,0.150657858,0.002601004,1.115580294,0.143050884,0.478608582,true,OK
1785680050.822035789,0.020321889,0.121579130,7.918495905,7.387666224,-0.152783737,0.038005896,109.466196059,0.000175886,0.135620930,0.001300544,1.002812165,0.160053370,0.495155513,true,OK
1785680051.822077274,0.119893149,0.028662167,8.489928600,7.374491625,-0.153338024,0.037768590,109.249619138,0.000503049,0.274825334,0.003737560,2.041900289,0.135360751,0.504076225,true,OK
1785680052.822052240,0.020894056,0.070785056,8.385577427,7.299977191,-0.152701004,0.038039149,109.487857991,0.001119470,0.000000000,0.008296239,0.000000000,0.107723479,0.513517077,true,OK
1785680053.822054386,0.017510315,0.124865018,7.879398341,7.389702404,-0.153062733,0.037925372,109.634550272,0.000168140,0.150657858,0.001255147,1.124643422,0.098401742,0.523490576,true,OK
1785680054.822128296,0.118401666,0.031715000,8.341148942,7.358089143,-0.153375470,0.037550658,109.651544640,0.000164412,0.076616680,0.001215924,0.566625373,0.134899836,0.493847592,true,OK
1785680055.822060347,0.019938333,0.073786685,8.356381533,7.274702036,-0.152990258,0.037675307,109.503451571,0.000223656,0.173589404,0.001519454,1.179318428,0.106705389,0.521220131,true,OK
1785680056.822070360,0.019499204,0.127604648,7.840869894,7.389297481,-0.152103496,0.038183700,109.474313527,0.000494446,0.188711590,0.003650280,1.393176324,0.150581705,0.505566365,true,OK
1785680057.822058201,0.118598074,0.034967833,8.325073708,7.278850053,-0.152473027,0.038244688,109.792162027,0.000573014,0.243089661,0.004240789,1.799071151,0.103348512,0.517844875,true,OK
1785680058.822823286,0.019411426,0.090006852,8.285182530,7.377424624,-0.152825026,0.038037448,109.933485457,0.000538504,0.585172082,0.003983529,4.328748457,0.108619734,0.480716117,true,OK
1785680059.822040319,0.018569481,0.130431648,7.748814640,7.330194044,-0.151523071,0.039218085,109.573938583,0.000165864,0.238211092,0.001223325,1.756917874,0.123998053,0.510322741,true,OK
1785680060.822038174,0.017418056,0.050199815,8.661076756,7.392567757,-0.149714743,0.040633398,109.535345193,0.001014948,0.273397638,0.007508305,2.022519553,0.162553219,0.537642158,true,OK
1785680061.822051287,0.018162666,0.092188833,8.258231714,7.377745427,-0.149472480,0.040566998,109.177983356,0.000451346,0.164324520,0.003337253,1.215016631,0.128268565,0.528255881,true,OK
1785680062.822069407,0.019302889,0.134387648,7.672616713,7.318967338,-0.149451697,0.040955596,109.208633589,0.000166333,0.098911718,0.001231684,0.732435752,0.067096001,0.542374941,true,OK
1785680063.822061539,0.018630000,0.053249000,8.613996210,7.389787806,-0.147895027,0.042092924,109.435399598,0.000860095,0.113640914,0.006356746,0.839891391,0.177490067,0.514062657,true,OK
1785680064.822052956,0.020272963,0.095584889,8.257628381,7.374018369,-0.148577421,0.041615762,109.475180808,0.000479574,0.504354348,0.003604941,3.791214726,0.176908136,0.513195914,true,OK
1785680065.822064161,0.117776722,0.002562667,8.640712864,7.322396614,-0.148404943,0.041597651,109.151080801,0.000411323,0.048456644,0.003045410,0.358769838,0.139392721,0.537820537,true,OK
1785680066.822053432,0.017695870,0.055049204,8.604673824,7.378171764,-0.148694864,0.041391411,108.840792171,0.000559416,0.167858796,0.004112586,1.234025143,0.096155495,0.568619045,true,OK
1785680067.822067499,0.016924759,0.098767981,8.072182668,7.362623188,-0.148781707,0.040858300,109.151619659,0.000138682,0.503577788,0.001025056,3.722143261,0.160987578,0.540598224,true,OK
1785680068.822093010,0.117604259,0.005848556,8.625071159,7.304804865,-0.148388722,0.040898438,108.582243911,0.000348680,0.039564681,0.002367776,0.268671579,0.138847062,0.518844317,true,OK
1785680069.822077036,0.017519778,0.055956870,8.606282910,7.345190717,-0.146712848,0.042170269,108.560610584,0.000250391,0.039564681,0.001842426,0.291124334,0.080416086,0.557583636,true,OK
1785680070.822027922,0.019025982,0.100020722,7.931384374,7.314616103,-0.146459829,0.042374912,108.966071966,0.000156411,0.104678325,0.001155499,0.773318185,0.150935774,0.500253908,true,OK
1785680071.822101355,0.115349259,0.020728407,8.503897312,7.397656894,-0.146562887,0.042318420,108.764632748,0.000225342,0.079129369,0.001667003,0.585371491,0.182972342,0.509640790,true,OK
1785680072.822067738,0.018623259,0.062828833,8.469065193,7.359785412,-0.146170284,0.042702347,108.742399516,0.000698162,0.175829360,0.005172334,1.302632327,0.093425921,0.486506249,true,OK
1785680073.822062492,0.018128852,0.117394166,7.886259002,7.394484301,-0.145550036,0.043056327,108.860660612,0.000112387,0.055952910,0.000830812,0.413627963,0.146553011,0.529753077,true,OK
1785680074.822043896,0.117286797,0.024263148,8.540219673,7.375244317,-0.145418974,0.042716494,108.343958343,0.000137788,0.117033931,0.001011515,0.859158588,0.099275301,0.507968832,true,OK
1785680075.822070837,0.019986278,0.078329167,8.396443262,7.399419704,-0.145811307,0.042427356,108.682891746,0.000025882,0.175829360,0.000191208,1.298972388,0.188051138,0.500807152,true,OK
1785680076.822035551,0.019653056,0.118722722,7.906024260,7.352794738,-0.145589365,0.042727153,108.615462544,0.000034922,0.000000000,0.000258249,0.000000000,0.156067854,0.510792218,true,OK
1785680077.822156429,0.118407463,0.027631704,8.328009977,7.324022390,-0.146418983,0.041881435,108.536908859,0.000714440,0.266144404,0.005301217,1.974817803,0.194001078,0.478456227,true,OK
1785680078.822068930,0.019215796,0.081164092,8.337798252,7.378690551,-0.147019678,0.041754612,108.886302096,0.000305882,0.196831898,0.002263824,1.456745147,0.079935845,0.470614345,true,OK
1785680079.822551250,0.019180426,0.124156408,7.824298614,7.369078288,-0.146487054,0.042287764,108.789181699,0.000121440,0.210289292,0.000907640,1.571696697,0.135831812,0.486062207,true,OK
1785680080.822064400,0.119250130,0.029426204,8.343107944,7.269152110,-0.146520119,0.042239323,108.752277637,0.000655205,0.039564681,0.004835552,0.291995654,0.148174599,0.500250144,true,OK
1785680081.822863102,0.019221055,0.085773296,8.325900335,7.379207033,-0.146153588,0.042638235,108.979298714,0.000551692,0.265408184,0.004110637,1.977546379,0.111940539,0.481338992,true,OK
1785680082.822047472,0.018218426,0.127068000,7.677025627,7.282240943,-0.146876728,0.042407524,108.717003421,0.000098969,0.044234660,0.000670899,0.299861740,0.174040763,0.502462524,true,OK
1785680083.822067022,0.019426482,0.046305815,8.658031854,7.387645893,-0.146646509,0.042597157,108.418417573,0.000825543,0.027976455,0.006107612,0.206978039,0.159320034,0.457082240,true,OK
1785680084.822038889,0.017989277,0.088088334,8.124768889,7.325342732,-0.147616817,0.041850546,108.435081647,0.001157912,0.559531338,0.008562759,4.137734960,0.159241034,0.499047569,true,OK
1785680085.822055101,0.119900740,0.007125371,8.641985409,7.395059780,-0.146462623,0.042446169,108.430222364,0.000849371,0.267610787,0.006311609,1.988594437,0.162197997,0.494135094,true,OK
1785680086.822059870,0.018975630,0.049180666,8.498272207,7.355060534,-0.144456356,0.043540294,108.238957021,0.000544297,0.379491794,0.004027449,2.807998112,0.135700316,0.514868457,true,OK
1785680087.822074175,0.018857815,0.103561259,7.875163185,7.392263088,-0.144082751,0.043639930,107.993713075,0.000294815,0.263929582,0.002179986,1.951603772,0.115116328,0.479748719,true,OK
1785680088.822041273,0.120314074,0.005858130,8.569856879,7.319148993,-0.144654328,0.043706068,108.362074502,0.000486061,0.296075307,0.003597278,2.191218595,0.145289325,0.485379432,true,OK
1785680089.822034836,0.020428314,0.064646333,8.519521578,7.401129430,-0.143751253,0.044166977,108.367439996,0.000077214,0.128204252,0.000571505,0.948917087,0.121720487,0.494067025,true,OK
1785680090.822064400,0.018661611,0.106489871,7.854516754,7.377274048,-0.142371916,0.045120608,107.915085644,0.000672472,0.232390036,0.004967630,1.716691605,0.145414901,0.480865521,true,OK
1785680091.822329760,0.117250777,0.014194629,8.534445491,7.291149638,-0.142991303,0.044622424,108.007860276,0.000217155,0.205584225,0.001599883,1.514638811,0.123373390,0.486092246,true,OK
1785680092.822623253,0.018254315,0.068605371,8.338032464,7.381795159,-0.142150950,0.045218317,108.041045985,0.000428777,0.076616680,0.003174680,0.567272227,0.105893808,0.477541075,true,OK
1785680093.822307110,0.017696278,0.108736241,7.857710977,7.305402268,-0.141777871,0.045388476,107.652986741,0.000524083,0.155766359,0.003884440,1.154521240,0.115059675,0.484596675,true,OK
1785680094.822065353,0.118104555,0.028488037,8.493298756,7.389303376,-0.143266310,0.044627349,107.967513217,0.000678690,0.111905833,0.005001670,0.824701005,0.155138029,0.461583741,true,OK
1785680095.822098494,0.018944388,0.070897926,8.325636554,7.373152168,-0.143653582,0.044206795,107.719023731,0.000515647,0.083929371,0.003812638,0.620564663,0.140920807,0.487785967,true,OK
1785680096.822031021,0.017351871,0.125373907,7.855412340,7.413040123,-0.143883927,0.044477347,107.568456340,0.000346188,0.246288351,0.002598670,1.848771578,0.096292763,0.507266038,true,OK
1785680097.822041750,0.110937630,0.031987130,8.208705657,7.379702865,-0.143508713,0.044722503,107.477943980,0.000128188,0.391171230,0.000951313,2.902971206,0.159920427,0.488845800,true,OK
1785680098.822063684,0.019333037,0.074183129,8.380197255,7.275654669,-0.144056983,0.044502595,108.318190397,0.000212476,0.502021145,0.001440290,3.403005110,0.148630111,0.487435346,true,OK
1785680099.822071314,0.019347444,0.128575074,7.813228780,7.385806229,-0.143637130,0.044602691,107.937209915,0.000113885,0.126668806,0.000848021,0.943210911,0.189146024,0.497809570,true,OK
1785680100.822071791,0.118621278,0.035486074,8.277648392,7.279591805,-0.141888882,0.045495348,107.593873169,0.000185409,0.355532771,0.001371767,2.630452018,0.185105383,0.481963740,true,OK
1785680101.822057962,0.018999000,0.089417722,8.346577567,7.376978791,-0.141896882,0.045489873,107.617501355,0.000171939,0.074018747,0.001270233,0.546826484,0.146755710,0.496591083,true,OK
1785680102.822052240,0.018251630,0.131607611,7.642990017,7.300507255,-0.141252618,0.045877452,107.381807383,0.000636141,0.027976455,0.004699516,0.206677154,0.151364345,0.486850960,true,OK
1785680103.822028875,0.017761908,0.050600352,8.617662827,7.382677115,-0.141323680,0.046081225,107.646910390,0.000190387,0.163129423,0.001408021,1.206437283,0.129203013,0.457880778,true,OK
1785680104.822204113,0.019240518,0.092569259,8.102317343,7.333844506,-0.140197593,0.046979477,107.631810753,0.000240407,0.244694222,0.001775228,1.806887220,0.132344101,0.471070623,true,OK
1785680105.822068930,0.118612778,0.012098815,8.627031232,7.395060092,-0.139808924,0.047137552,107.679647797,0.000643548,0.348304590,0.004762387,2.577524729,0.104949927,0.468829772,true,OK
1785680106.822053671,0.019275648,0.054011926,8.622264555,7.370825254,-0.140076409,0.046886611,107.517808778,0.000090660,0.463516327,0.000670348,3.427294083,0.125672318,0.480299895,true,OK
1785680107.822064638,0.020137629,0.107027278,7.959269116,7.383615324,-0.140103542,0.046986100,107.103934561,0.000683913,0.254108970,0.005073715,1.885148203,0.142494835,0.464287247,true,OK
1785680108.822074175,0.119071537,0.015158277,8.562780266,7.385800993,-0.140124843,0.047318169,107.408256000,0.000079472,0.459275420,0.000587440,3.394867623,0.143404872,0.467248762,true,OK
1785680109.822064161,0.019250037,0.057048018,8.371870955,7.276078954,-0.140470829,0.046971909,106.973819270,0.000104050,0.154505069,0.000704985,1.046840361,0.148821958,0.464197036,true,OK
1785680110.822032928,0.018294038,0.108064833,7.849931848,7.344095630,-0.139827846,0.047716132,107.009825343,0.000597083,0.189745630,0.004349515,1.382222971,0.194692156,0.461977470,true,OK
1785680111.822058678,0.119409463,0.017982037,8.568318144,7.300950675,-0.139455267,0.048171823,106.917729226,0.000693690,0.170174190,0.004703067,1.153744472,0.156629551,0.475504377,true,OK
1785680112.822050095,0.019374740,0.072643852,8.332405765,7.392149847,-0.139406557,0.048038701,106.785175792,0.000171265,0.145369958,0.001267916,1.076212325,0.142701189,0.460710241,true,OK
1785680113.822103500,0.018943797,0.114762315,7.843447220,7.311466348,-0.139572031,0.047925492,106.694353656,0.000685561,0.104678325,0.005073155,0.774619958,0.156504437,0.472833078,true,OK
1785680114.822075605,0.114795130,0.033850852,8.240801598,7.387205649,-0.139068056,0.048428945,106.583053531,0.000411922,0.157017511,0.003049368,1.162367350,0.148739458,0.469973822,true,OK
1785680115.822078228,0.018448556,0.073076926,8.346710312,7.327671555,-0.139611993,0.047640725,107.024719903,0.000317959,0.027976455,0.002380458,0.209451025,0.102083045,0.460498352,true,OK
1785680116.822090864,0.015997111,0.129983297,7.810789906,7.398565639,-0.140604547,0.047025920,106.993693621,0.000552847,0.144017660,0.004086617,1.064571669,0.151378756,0.476466182,true,OK
1785680117.822057962,0.119377815,0.035252648,8.391475828,7.373564046,-0.139775727,0.047510001,106.933411229,0.000143970,0.189745630,0.001067136,1.406433419,0.159282332,0.461251841,true,OK
1785680118.822028637,0.018388352,0.091248666,8.321639270,7.403373025,-0.140003780,0.047673111,107.353136946,0.000305679,0.210289292,0.002261164,1.555547997,0.103633633,0.482998027,true,OK
1785680119.822044134,0.017782185,0.133517037,7.678527024,7.380831737,-0.140611390,0.047088526,107.030973007,0.000542821,0.052339156,0.004016956,0.387317519,0.145634181,0.469609078,true,OK
1785680120.822062254,0.019287963,0.039995000,8.625687967,7.274326912,-0.139361404,0.047812547,107.157644655,0.000209013,0.198810171,0.001418363,1.349125937,0.209438341,0.484317793,true,OK
1785680121.822066545,0.019162723,0.094401500,8.296131700,7.375752295,-0.137650209,0.048576369,106.875387636,0.000452631,0.000000000,0.003349285,0.000000000,0.143623261,0.511528013,true,OK
1785680122.822057009,0.018095537,0.001267185,7.676568037,7.300168103,-0.139075604,0.047115350,107.187543760,0.000294265,0.212142087,0.001996388,1.439241832,0.107786080,0.472397855,true,OK
1785680123.822043419,0.018463093,0.055298555,8.644274816,7.392719943,-0.139068836,0.047101168,107.388523904,0.000167700,0.228997300,0.001239849,1.693030504,0.152557071,0.481156845,true,OK
1785680124.822061300,0.017256185,0.097430481,8.092328704,7.348659410,-0.139370063,0.047620866,107.059663155,0.000183659,0.185574892,0.001356900,1.371054504,0.158075405,0.488553715,true,OK
1785680125.822046518,0.117971185,0.017007408,8.622268429,7.402824440,-0.138669206,0.047980376,107.231355080,0.000311576,0.100870555,0.002304286,0.745996927,0.132911839,0.491407494,true,OK
1785680126.822093964,0.016669667,0.055944037,8.565749181,7.340829657,-0.138270933,0.047992424,107.346777866,0.000189515,0.150657858,0.001381832,1.098508059,0.135703757,0.464243016,true,OK
1785680127.822165251,0.018671963,0.097647666,7.949887496,7.245890650,-0.137164109,0.048719776,107.012149121,0.000479696,0.145369958,0.003249394,0.984716245,0.161975009,0.486500150,true,OK
1785680128.822063684,0.118258111,0.019584426,8.544272837,7.386955239,-0.136761416,0.048809519,107.071196295,0.000007405,0.019782341,0.000054415,0.145368165,0.128491179,0.477884043,true,OK
1785680129.822034121,0.019970741,0.061926982,8.381275235,7.302508331,-0.137223333,0.047722563,107.186192141,0.000619251,0.180225774,0.004582790,1.333768379,0.148877435,0.481810177,true,OK
1785680130.822023869,0.017180370,0.115988222,7.875931499,7.383532397,-0.138232300,0.047200128,107.287106572,0.000152138,0.351102272,0.001136052,2.621774553,0.194082825,0.521038554,true,OK
1785680131.822057486,0.117002333,0.022725667,8.492842891,7.350414846,-0.138163368,0.047491590,106.972729039,0.000351140,0.298051366,0.002599849,2.206779562,0.134052082,0.500704086,true,OK
1785680132.821988106,0.020226056,0.076860370,8.328957239,7.407438574,-0.138025308,0.047720365,107.123884471,0.000164590,0.113640914,0.001225944,0.846451646,0.183508972,0.505646556,true,OK
1785680133.822049141,0.019084778,0.117672889,7.692458160,7.353399599,-0.138069972,0.047834944,107.362341803,0.000937739,0.402997756,0.006908151,2.968809960,0.081024634,0.507081822,true,OK
1785680134.822061539,0.120699315,0.026203648,8.428834554,7.275260963,-0.137610262,0.048272194,107.157813759,0.000094487,0.202708782,0.000698823,1.499232696,0.088541880,0.516000040,true,OK
1785680135.822035789,0.018690537,0.079818963,8.303039935,7.368862151,-0.136672684,0.048751115,106.761873436,0.000214494,0.248660374,0.001585938,1.838556252,0.144574866,0.505761038,true,OK
1785680136.822054863,0.019232630,0.121332981,7.649998957,7.267643366,-0.136784438,0.048664021,107.103867257,0.000301060,0.171320168,0.002043134,1.162659554,0.107998735,0.504681392,true,OK
1785680137.822043896,0.014318092,0.040266925,8.564819227,7.374344534,-0.135961518,0.048870387,106.624823813,0.000219107,0.171320168,0.001631096,1.275355045,0.199102186,0.495799301,true,OK
1785680138.822065115,0.017952518,0.083856629,8.230871968,7.323810390,-0.135344680,0.049233819,106.365461793,0.000712629,0.228141232,0.005283088,1.691328478,0.130630203,0.501205900,true,OK
1785680139.822056293,0.118560666,0.002750945,8.680311279,7.401575118,-0.135479242,0.049065072,106.581468291,0.000264958,0.019782341,0.001998301,0.149197298,0.137412070,0.504157055,true,OK
1785680140.822036505,0.018466463,0.044950111,8.590241208,7.365194831,-0.134975547,0.049407167,106.837939177,0.000390788,0.192814506,0.002891626,1.426726709,0.212455024,0.508209488,true,OK
1785680141.822036266,0.019773223,0.098980574,8.166395954,7.395401772,-0.133775852,0.050501567,106.912339720,0.000432166,0.153233400,0.003188778,1.130646034,0.172823847,0.515033661,true,OK
1785680142.822054386,0.119553055,0.006021963,8.634695466,7.378272389,-0.133977373,0.050607913,106.960108129,0.000152276,0.215799987,0.001126694,1.596707731,0.074921368,0.523910163,true,OK
1785680143.822059155,0.017888870,0.047181408,8.580091540,7.270706129,-0.135143411,0.049550943,107.197137771,0.000257014,0.155766359,0.001742651,1.056154766,0.151963904,0.483671072,true,OK
1785680144.822057247,0.018438074,0.102408019,7.833219770,7.386043863,-0.134030825,0.050153550,106.964124807,0.000639033,0.155766359,0.004730440,1.153059970,0.111462886,0.528884248,true,OK
1785680145.822049618,0.116398055,0.007489703,8.570261108,7.264146364,-0.135019373,0.049941514,106.892729820,0.000182378,0.200768942,0.001348906,1.484927549,0.094061337,0.488030357,true,OK
1785680146.822031021,0.019777778,0.063543203,8.527134080,7.386607461,-0.134625948,0.050095447,107.035996146,0.000830133,0.318981067,0.006141491,2.359886947,0.191901482,0.500111568,true,OK
1785680147.822046041,0.018751833,0.105298111,7.940829253,7.276695902,-0.134473597,0.049917316,106.848634666,0.000068132,0.166689032,0.000470386,1.150820301,0.110410088,0.479804340,true,OK
1785680148.822054386,0.118103426,0.024507351,8.592456042,7.393833013,-0.134505816,0.050189763,106.909954257,0.000148873,0.044234660,0.001091788,0.324403513,0.090418675,0.498216160,true,OK
1785680149.822047949,0.017664833,0.066740167,8.462995280,7.325026193,-0.133608572,0.050901085,107.158141586,0.000063185,0.027976455,0.000467081,0.206808348,0.178699559,0.501259178,true,OK
1785680150.822136402,0.017312130,0.120216519,7.890340358,7.395784386,-0.134884552,0.050384490,107.248157310,0.000087386,0.159490387,0.000658908,1.202591887,0.126447726,0.495580168,true,OK
1785680151.822049856,0.117151982,0.027655333,8.466555057,7.348313267,-0.134436054,0.050472040,106.995145252,0.000130175,0.166689032,0.000961100,1.230689692,0.138118130,0.491462083,true,OK
1785680152.821989059,0.018468074,0.081586500,8.316499928,7.388894947,-0.133752455,0.050384123,106.788188676,0.000215997,0.276953045,0.001597802,2.048717054,0.131052728,0.498199417,true,OK
1785680153.822022676,0.018093370,0.124019797,7.812048172,7.375308090,-0.130834967,0.052282934,106.897804721,0.000481058,0.300665888,0.003574606,2.234161236,0.182544203,0.499564962,true,OK
1785680154.822074652,0.019209259,0.042883944,8.663745285,7.395742200,-0.130422302,0.052331584,106.591583535,0.000287243,0.181308225,0.002118250,1.337040585,0.082477530,0.507513770,true,OK
1785680155.822054148,0.018984111,0.084930778,8.228116519,7.372414243,-0.130050254,0.052681404,106.473621535,0.000861278,0.204630240,0.006535420,1.552745112,0.092645386,0.519632992,true,OK
1785680156.822061539,0.120543741,0.004721333,8.680536433,7.408345496,-0.129437766,0.053473688,106.862648893,0.000416490,0.276953045,0.003081112,2.048844198,0.130165635,0.467000054,true,OK
1785680157.822049856,0.018004685,0.046497463,8.596292091,7.383165357,-0.129339812,0.053314580,106.722393113,0.000093895,0.059347027,0.000706348,0.446454777,0.147888694,0.482203913,true,OK
1785680158.822046518,0.019737260,0.100057500,8.183480759,7.395023862,-0.128928537,0.053492230,106.630977221,0.000310301,0.126668806,0.002297724,0.937959752,0.177129900,0.478564368,true,OK
1785680159.822079182,0.119798981,0.007518870,8.646005822,7.377627756,-0.128422888,0.053990255,106.801341582,0.000432556,0.000000000,0.003202717,0.000000000,0.147770298,0.489333071,true,OK
1785680160.822085619,0.016713055,0.049526593,8.509685228,7.273864541,-0.129300720,0.053690286,106.874156305,0.000406201,0.209356731,0.002755914,1.420403944,0.173132547,0.526069257,true,OK
1785680161.822071552,0.018535370,0.103883778,7.923848633,7.379700959,-0.129914715,0.053488662,106.848898098,0.000564199,0.437007242,0.004181793,3.239059001,0.138634506,0.498860758,true,OK
1785680162.822057962,0.119002685,0.006727481,8.602705249,7.257414566,-0.129140492,0.054123058,106.583460759,0.000336403,0.203671772,0.002279941,1.380367189,0.078983592,0.481969890,true,OK
1785680163.822040081,0.017357426,0.065065870,8.463597833,7.388850343,-0.128615028,0.054152802,106.605392216,0.000166372,0.192814506,0.001230559,1.426135961,0.193344421,0.544627321,true,OK
1785680164.822055578,0.018978963,0.106148759,7.891096072,7.334031986,-0.128622493,0.053877731,106.288429043,0.000674182,0.199791944,0.004978574,1.475385454,0.102033792,0.523722498,true,OK
1785680165.822103977,0.116299685,0.026332222,8.446903410,7.405081053,-0.128471342,0.054144464,106.325488983,0.000511386,0.269795407,0.003737987,1.972074922,0.140765634,0.517528112,true,OK
1785680166.822021961,0.020717167,0.068484907,7.975292055,7.011237227,-0.126656057,0.055322513,105.976180817,0.000315302,0.171320168,0.002334835,1.268636806,0.079347985,0.537418788,true,OK
1785680167.822056293,0.019693815,0.122206204,7.826960422,7.323480744,-0.126383020,0.055376430,106.163662865,0.000243621,0.332202472,0.001830770,2.496444505,0.161204926,0.515110515,true,OK
1785680168.822055578,0.117489111,0.029345055,8.303672399,7.323628976,-0.127583363,0.054691792,105.858668425,0.000220724,0.148037520,0.001634410,1.096182967,0.158121308,0.514685634,true,OK
1785680169.822045088,0.018630740,0.082942166,8.323361109,7.387958065,-0.129917018,0.053348181,105.989492408,0.000034151,0.184517467,0.000256809,1.387547597,0.152121976,0.519755636,true,OK
1785680170.822070837,0.018866722,0.125400722,7.629895887,7.326894239,-0.130229635,0.053058641,105.829538265,0.000595915,0.280463362,0.004402683,2.072091949,0.151323164,0.530080559,true,OK
1785680171.822035789,0.016882685,0.045138537,8.609319481,7.403416183,-0.130292340,0.052861798,105.914226935,0.000219447,0.139882314,0.001630109,1.039082418,0.143930135,0.502526402,true,OK
1785680172.822060823,0.018536944,0.086909185,8.261722350,7.352046591,-0.129535846,0.053418645,105.924244127,0.000193503,0.148037520,0.001430622,1.094481202,0.122587879,0.502975358,true,OK
1785680173.822073936,0.117064203,0.005681815,8.634201131,7.405355872,-0.128548334,0.054126825,105.803492272,0.000243120,0.300014405,0.001836108,2.265792671,0.142095533,0.517826386,true,OK
1785680174.822082758,0.019453241,0.047227963,8.569537571,7.357038491,-0.128979618,0.053820227,105.606967927,0.000201632,0.225553524,0.001491812,1.668798624,0.188896563,0.517019279,true,OK
1785680175.822056293,0.019564500,0.102381981,8.121996384,7.407478345,-0.127600946,0.054701592,105.689566438,0.000272588,0.487787618,0.002025201,3.624039157,0.157999316,0.479914385,true,OK
1785680176.822041035,0.119840297,0.009143314,8.632594170,7.371526540,-0.126456290,0.055300327,105.079928632,0.000302684,0.277658662,0.002241927,2.056572004,0.121607239,0.500879822,true,OK
1785680177.822067022,0.019539962,0.059818500,8.527580292,7.362514808,-0.127345314,0.054578993,105.258572950,0.000727302,0.094872788,0.005400492,0.704466031,0.130465882,0.469153072,true,OK
1785680178.822095871,0.018803296,0.105796629,7.943701136,7.378255821,-0.127485568,0.054284231,104.789314328,0.000168568,0.222056360,0.001247775,1.643708616,0.123643854,0.479369808,true,OK
1785680179.822075844,0.120352055,0.024660407,8.599927653,7.411329853,-0.126768003,0.054830409,104.655664021,0.000341209,0.242283378,0.002517136,1.787352518,0.144712339,0.469956119,true,OK
1785680180.822063923,0.017777630,0.066637722,8.335465357,7.365932248,-0.125871499,0.055469373,104.786576817,0.000147970,0.225553524,0.001098514,1.674490910,0.141921637,0.479730394,true,OK
1785680181.822084904,0.018111759,0.120686259,7.844061336,7.397245081,-0.126347106,0.055352214,105.078391846,0.000082287,0.170174190,0.000611070,1.263727595,0.130156002,0.484533257,true,OK
1785680182.822064400,0.117898037,0.026331796,8.472652966,7.354758973,-0.126102064,0.055316465,104.531655520,0.000636429,0.243089661,0.004712201,1.799866441,0.141966789,0.494699819,true,OK
1785680183.822117805,0.018809481,0.082125666,8.252925958,7.395800857,-0.124827051,0.056385277,104.729895545,0.000367534,0.246288351,0.002717737,1.821185445,0.131471081,0.523924778,true,OK
1785680184.822469711,0.018275556,0.124596056,7.775228241,7.344598278,-0.124245990,0.056521231,105.052545890,0.000187551,0.173589404,0.001390354,1.286852749,0.106069005,0.526561058,true,OK
1785680185.822041512,0.018850204,0.043250018,8.652208548,7.398356809,-0.124350643,0.056194547,104.907943795,0.000038948,0.172458515,0.000288091,1.275658307,0.163583653,0.520441905,true,OK
1785680186.822064161,0.019919796,0.085241167,8.232074306,7.367919810,-0.123140325,0.056935369,104.611802916,0.000384903,0.019782341,0.002847425,0.146345146,0.154424091,0.518759219,true,OK
1785680187.821969748,0.119836666,0.004177870,8.646159105,7.408475080,-0.124149151,0.056364631,104.831855493,0.000165338,0.088469326,0.001217722,0.651582057,0.142817465,0.528373784,true,OK
1785680188.822059631,0.019823574,0.045295630,8.613082456,7.365896097,-0.123514252,0.056192233,104.642409564,0.000155092,0.118694067,0.001146844,0.877695655,0.130225240,0.535519485,true,OK
1785680189.822060108,0.019726963,0.099821018,8.105242330,7.390611145,-0.122775515,0.056716404,104.791938987,0.000193249,0.184517467,0.001427794,1.363281815,0.082988953,0.548530099,true,OK
1785680190.822063446,0.120853593,0.007608500,8.672661557,7.371207094,-0.122035248,0.057170534,104.437939537,0.000209950,0.000000000,0.001552595,0.000000000,0.136582885,0.512250931,true,OK
1785680191.822045326,0.018798963,0.061852537,8.514782456,7.396993144,-0.122460680,0.056342522,104.506856081,0.000541646,0.000000000,0.004024331,0.000000000,0.094053814,0.519014324,true,OK
1785680192.822031021,0.017195963,0.103915870,7.913684276,7.372900636,-0.122347139,0.056162388,104.104963788,0.000811771,0.161925496,0.006010377,1.198900965,0.200367498,0.580200575,true,OK
1785680193.822069407,0.118354556,0.007341203,8.630699938,7.244938768,-0.122579222,0.056265942,104.527182330,0.000696979,0.142652530,0.005182731,1.060762867,0.111439625,0.495306734,true,OK
1785680194.822102547,0.016869926,0.061234092,8.487514511,7.341310833,-0.121804840,0.056550606,104.377423020,0.000657457,0.166689032,0.004859816,1.232138480,0.133198472,0.524083524,true,OK
1785680195.822061300,0.017737296,0.118843167,7.893666922,7.398987161,-0.123326619,0.056644263,104.571244539,0.000246952,0.129721514,0.001827267,0.959845852,0.121450906,0.512592506,true,OK
1785680196.822086096,0.118547204,0.026067777,8.499159277,7.378008833,-0.123388755,0.057741112,104.009936085,0.000848974,0.086229231,0.006284813,0.638340656,0.145649637,0.495580256,true,OK
1785680197.822065592,0.018916685,0.067943000,8.329984058,7.273383365,-0.121922170,0.059072502,104.024097655,0.000154912,0.153233400,0.001048762,1.037394972,0.225418619,0.533039764,true,OK
1785680198.822057962,0.019155315,0.122615000,7.867077055,7.386711053,-0.122261885,0.059015127,104.165101838,0.000405583,0.115349902,0.003002263,0.853858208,0.184698461,0.520153631,true,OK
1785680199.822058201,0.115098166,0.029373296,8.330337558,7.277333527,-0.122125199,0.058846870,103.999016273,0.000210301,0.039564681,0.001552153,0.292011658,0.153940078,0.524654700,true,OK
1785680200.822070360,0.019635833,0.081520055,8.329805036,7.356729796,-0.121026770,0.059245482,104.022164968,0.000234588,0.195835277,0.001738660,1.451440630,0.121565035,0.539676848,true,OK
1785680201.822059631,0.017741315,0.125574926,7.651194176,7.284616162,-0.120720366,0.059128712,104.041981281,0.000579660,0.232390036,0.003929808,1.575489278,0.047998427,0.558086983,true,OK
1785680202.822050571,0.017758500,0.044779315,8.604419811,7.394883952,-0.121418429,0.058904825,104.173593404,0.000096364,0.380007046,0.000722171,2.847851307,0.193344708,0.477840686,true,OK
1785680203.822065830,0.018043000,0.085704666,8.114006662,7.314562066,-0.120731941,0.059257017,104.002621976,0.000149170,0.202708782,0.001114097,1.513959556,0.093143782,0.503830183,true,OK
1785680204.822057247,0.118372555,0.006111778,8.609932481,7.407409563,-0.121691717,0.058871396,103.702447562,0.000362917,0.108352360,0.002687433,0.802359905,0.111196203,0.505732192,true,OK
1785680205.822037220,0.016870982,0.048147056,8.560643328,7.341489527,-0.121895270,0.058600547,104.130890968,0.000507974,0.145369958,0.003757279,1.075242934,0.187896284,0.531210451,true,OK
1785680206.822062492,0.019071944,0.101999334,8.039704453,7.398906361,-0.120330146,0.059517121,103.645678478,0.000180346,0.146709809,0.001346139,1.095070580,0.076555087,0.540686387,true,OK
1785680207.822067976,0.117138555,0.006025315,8.598460040,7.340643275,-0.121722083,0.058901236,103.712960950,0.000285993,0.079129369,0.002152172,0.595468229,0.148139788,0.533566527,true,OK
1785680208.822133303,0.014417593,0.050887574,8.430871534,7.277542833,-0.122556235,0.058212957,103.637678369,0.000656872,0.039564681,0.004583517,0.276074250,0.055085492,0.536030447,true,OK
1785680209.822072506,0.020059463,0.093516351,7.806102815,7.263800153,-0.121783560,0.058487176,103.388842482,0.000252550,0.019782341,0.001717090,0.134500379,0.169128687,0.510586170,true,OK
1785680210.822061777,0.119609445,0.012261000,8.553186690,7.376786818,-0.122768686,0.058228828,103.660574435,0.000807470,0.347179209,0.005974042,2.568595800,0.108536469,0.514450698,true,OK
1785680211.822039127,0.020926037,0.053908556,8.592479235,7.351248130,-0.122556902,0.058411314,103.469221789,0.000376633,0.150657858,0.002781818,1.112761864,0.185263901,0.508704312,true,OK
1785680212.822116852,0.019229852,0.106189741,7.888287649,7.375977698,-0.121777879,0.058645151,103.615629327,0.000648933,0.126668806,0.004794927,0.935947710,0.167747842,0.506347223,true,OK
1785680213.822056532,0.118933019,0.015351204,8.556809124,7.354663033,-0.121903568,0.058514319,103.354081010,0.000108169,0.081564685,0.000794985,0.599455951,0.129061232,0.518540635,true,OK
1785680214.822080374,0.020025722,0.069906592,8.375404480,7.399195325,-0.121442513,0.058971320,103.043295493,0.000550894,0.034264021,0.004075452,0.253481200,0.104641701,0.501562897,true,OK
1785680215.822063446,0.019428259,0.111864556,7.899633032,7.348893915,-0.122834073,0.058465318,103.485760270,0.000162683,0.205584225,0.001203214,1.520514442,0.156363122,0.531869043,true,OK
1785680216.822061777,0.117255481,0.030888444,8.574070045,7.394637939,-0.124039160,0.058112489,103.177766840,0.000371557,0.019782341,0.002752813,0.146564687,0.174420955,0.526536559,true,OK
1785680217.822062492,0.019725148,0.072692111,8.408008544,7.348648020,-0.124566029,0.058105957,103.344761377,0.000371602,0.475601120,0.002746234,3.514810050,0.148780656,0.524822429,true,OK
1785680218.822098494,0.017977000,0.127105741,7.842611031,7.410123551,-0.123331213,0.058491816,102.974335752,0.000373247,0.245492580,0.002806438,1.845855394,0.170317274,0.533563519,true,OK
1785680219.822067261,0.116416982,0.033083389,8.297428031,7.332811083,-0.123397570,0.058683471,103.176556296,0.000311612,0.210289292,0.002302406,1.553765025,0.147685199,0.535724260,true,OK
1785680220.822049379,0.018874537,0.088550425,8.329157250,7.399531279,-0.123898221,0.058604487,103.241962121,0.000374743,0.230699911,0.002772900,1.707055195,0.145867715,0.518234433,true,OK
1785680221.822051048,0.019591111,0.130431722,7.810286287,7.340273591,-0.123090886,0.059409182,103.319623083,0.000669847,0.027976455,0.004955083,0.206951102,0.133953191,0.489983713,true,OK
1785680222.822053909,0.019911778,0.049551037,8.658270585,7.391632097,-0.123506726,0.059512289,103.509461816,0.000326330,0.233230523,0.002413088,1.724653328,0.129043060,0.519196116,true,OK
1785680223.822117567,0.019276889,0.090965666,8.138037153,7.300003774,-0.122608247,0.059855241,103.554889661,0.000487813,0.144017660,0.003600040,1.062843532,0.192332282,0.500986255,true,OK
1785680224.822079420,0.118915000,0.010502204,8.604825440,7.387339538,-0.121640510,0.060695810,103.355035869,0.000152895,0.253337773,0.001124710,1.863579094,0.157053738,0.507207817,true,OK
1785680225.822056532,0.019938500,0.065033982,8.550414747,7.401086164,-0.120735029,0.061210971,103.827039647,0.000456123,0.083929371,0.003372068,0.620481152,0.170595084,0.507363735,true,OK
1785680226.822067022,0.017125556,0.106376574,7.923608462,7.368307959,-0.122175008,0.060909206,103.913669593,0.000199915,0.183453959,0.001473523,1.352191380,0.178115949,0.529415478,true,OK
1785680227.822060108,0.116966518,0.011127871,8.509170120,7.686658754,-0.121618648,0.061426644,103.852508767,0.000107390,0.100870555,0.000729045,0.684787497,0.159759438,0.496621034,true,OK
1785680228.822030783,0.019251185,0.067748148,8.527506005,7.472091568,-0.121377891,0.061530551,103.760040736,0.000359404,0.059347027,0.002656988,0.438738014,0.215659965,0.507887884,true,OK
1785680229.822070837,0.018185315,0.110398389,7.901111990,7.298268185,-0.121153896,0.061810457,104.075024941,0.000432619,0.172458515,0.002942177,1.172864932,0.148673235,0.506900352,true,OK
1785680230.823210001,0.119318388,0.030175241,8.481643670,7.388981819,-0.121485985,0.061451313,103.691872129,0.000178475,0.258687892,0.001328201,1.925144669,0.172563388,0.480182062,true,OK
1785680231.822057724,0.018743555,0.071272445,8.335732808,7.278222980,-0.120317976,0.062149546,103.892649309,0.000368932,0.134170395,0.002503771,0.910551782,0.132496262,0.487889471,true,OK
1785680232.822067261,0.018891834,0.125705370,7.786778380,7.401462057,-0.119353930,0.062740288,104.030045988,0.000044540,0.201741190,0.000330774,1.498221745,0.151800052,0.493315573,true,OK
1785680233.822122812,0.019724333,0.045199871,8.730695231,7.408302596,-0.119742049,0.062605317,104.087293271,0.000450191,0.146709809,0.003340292,1.088546553,0.139796793,0.506947457,true,OK
1785680234.822046518,0.020080407,0.086874518,8.245027730,7.354031920,-0.119399390,0.062566094,104.046079873,0.000294430,0.360994441,0.002176480,2.668534389,0.167737585,0.480424865,true,OK
1785680235.822065353,0.120030926,0.005970871,8.646042778,7.404408798,-0.118807811,0.062964548,103.719820186,0.000054787,0.118694067,0.000405207,0.877863596,0.157417428,0.480070647,true,OK
1785680236.822049379,0.019632167,0.047819278,8.575814368,7.278777307,-0.117805308,0.063505784,104.064188689,0.000940138,0.074018747,0.006374803,0.501899644,0.145444531,0.491730741,true,OK
1785680237.822069645,0.018400407,0.102294778,8.035436741,7.381325506,-0.118116175,0.063649065,103.997991563,0.000682655,0.227281935,0.005051330,1.681780139,0.144938882,0.499559311,true,OK
1785680238.822058916,0.120237797,0.009100870,8.620980518,7.292676642,-0.117786411,0.064346249,103.947424364,0.000535698,0.214891358,0.003974283,1.594254233,0.177495362,0.480233216,true,OK
1785680239.822070360,0.019991389,0.063713778,8.616453021,7.381483300,-0.118431334,0.064021050,104.140114963,0.000304664,0.117033931,0.002254161,0.865915609,0.114176258,0.486244531,true,OK
1785680240.822058201,0.017520740,0.117321815,7.925952673,7.404085775,-0.118354823,0.063761428,104.020122120,0.000072360,0.106531181,0.000535543,0.788447569,0.151673948,0.515409130,true,OK
1785680241.822095394,0.116770056,0.024759074,8.437555287,7.392596845,-0.117586588,0.064239575,104.083592399,0.000018412,0.188711590,0.000134399,1.377523707,0.143551553,0.513501055,true,OK
1785680242.822129726,0.019406815,0.078854148,8.345270627,7.397745285,-0.116233455,0.064719290,103.935882989,0.000515700,0.102792073,0.003814171,0.760261198,0.170882509,0.524797406,true,OK
1785680243.822062492,0.020520315,0.120509723,7.837687973,7.279933828,-0.115916724,0.064415317,104.131215960,0.000548323,0.000000000,0.003733241,0.000000000,0.113672071,0.505910128,true,OK
1785680244.822131395,0.018091963,0.039049981,8.632396836,7.377154882,-0.116238230,0.064240040,103.995762530,0.000179604,0.145369958,0.001322069,1.070071434,0.167977903,0.540968512,true,OK
1785680245.822168112,0.018723796,0.094546925,8.244513595,7.403452311,-0.117391026,0.063822567,103.989966347,0.000097731,0.190774080,0.000722834,1.410991362,0.119211371,0.549439443,true,OK
1785680246.822047234,0.020244129,0.001221019,7.636877362,7.378720181,-0.117784781,0.063555177,104.104487589,0.000147424,0.079129369,0.001091309,0.585757712,0.186099275,0.498963553,true,OK
1785680247.822056532,0.019541019,0.055328537,8.614092434,7.398408166,-0.117491601,0.063806118,104.027644152,0.000231261,0.303257891,0.001710792,2.243396789,0.077787904,0.529925673,true,OK
1785680248.822042942,0.017270351,0.097662148,8.110631732,7.313495898,-0.117456378,0.063771117,103.760376049,0.000848774,0.000000000,0.006338267,0.000000000,0.129785002,0.550469273,true,OK
1785680249.822053671,0.117822648,0.016582926,8.618194814,7.386678074,-0.117388857,0.063935900,103.891025248,0.000554610,0.000000000,0.004120596,0.000000000,0.180005791,0.510618321,true,OK
1785680250.822047234,0.019814629,0.054196407,8.362546001,7.243078867,-0.117109936,0.063910718,103.753485730,0.000166096,0.218503234,0.001122409,1.476559062,0.130721296,0.528599360,true,OK
1785680251.822067976,0.017690648,0.112948482,7.853533554,7.380449828,-0.117608556,0.063751670,103.730555358,0.000222335,0.187671854,0.001643249,1.387056887,0.163588526,0.532952998,true,OK
1785680252.822057486,0.118973723,0.031251259,8.382506341,7.392988113,-0.116283413,0.064480800,103.662391931,0.000097275,0.044234660,0.000720833,0.327789550,0.141446963,0.513149002,true,OK
1785680253.822124243,0.015998463,0.074055741,8.241768190,7.370707277,-0.115493016,0.064864401,103.898637889,0.000655523,0.191796995,0.004849445,1.418879968,0.033228860,0.526406541,true,OK
1785680254.822050810,0.017149630,0.128246518,7.808115328,7.426854279,-0.116322791,0.064290792,103.798825906,0.000582670,0.175829360,0.004380527,1.321889613,0.161240894,0.512161486,true,OK
1785680255.822074652,0.118366537,0.034826296,8.311862380,7.357875413,-0.116261331,0.064532067,103.705718835,0.000235848,0.118694067,0.001729221,0.870256095,0.137302371,0.514288941,true,OK
1785680256.822088480,0.019398074,0.089516926,8.311204944,7.394709536,-0.114741269,0.065281482,103.683327087,0.000375127,0.229850193,0.002772922,1.699043035,0.208957234,0.514356703,true,OK
1785680257.822239161,0.018371482,0.131708426,7.640738411,7.304901069,-0.114586919,0.065140234,103.737835285,0.000346932,0.269795407,0.002567122,1.996350398,0.178082408,0.501397092,true,OK
1785680258.822059631,0.019387000,0.050740759,8.664262510,7.392918096,-0.114794413,0.065089897,103.920149364,0.000416262,0.231546534,0.003078227,1.712269090,0.119489379,0.536399940,true,OK
1785680259.822071314,0.018572408,0.092817297,7.919909231,7.280427337,-0.114271744,0.065908939,103.573373323,0.000463019,0.150657858,0.003142937,1.022653086,0.074422072,0.534027135,true,OK
1785680260.822055101,0.120800333,0.007800260,8.629847388,7.343662107,-0.114013427,0.065926430,103.697169628,0.000223669,0.182384247,0.001654142,1.348821689,0.145758807,0.520099008,true,OK
1785680261.822048187,0.016803426,0.053789463,8.541603436,7.278410697,-0.114147243,0.065997765,103.833499395,0.000216952,0.271962471,0.001474330,1.848161243,0.139300665,0.508678593,true,OK
1785680262.822064638,0.019385315,0.107983130,7.922041733,7.378955975,-0.112548964,0.066672629,103.440065765,0.000179729,0.217605878,0.001327668,1.607468795,0.125321668,0.539601792,true,OK
1785680263.822051525,0.113265037,0.027516907,8.416112208,7.428857379,-0.109674908,0.068020084,103.543758890,0.000680217,0.286673658,0.005023482,2.117119458,0.171338291,0.488018035,true,OK
1785680264.823183060,0.021927962,0.068359334,8.353951771,7.344333687,-0.109552678,0.068291679,103.620459267,0.000156240,0.121946558,0.001154002,0.900708011,0.145533922,0.512534479,true,OK
1785680265.822176695,0.016893777,0.123350907,7.864092919,7.395446125,-0.109235909,0.068397371,103.533123078,0.000799177,0.197823503,0.005921211,1.465701069,0.124702110,0.503263460,true,OK
1785680266.822064161,0.118044111,0.030093315,8.340160759,7.320416655,-0.107878386,0.068836856,103.207498229,0.000221294,0.477653752,0.001638550,3.536734077,0.160389183,0.495642681,true,OK
1785680267.822055340,0.018980963,0.085062093,8.297412656,7.393278680,-0.109223077,0.068564641,103.715068926,0.000171928,0.178041140,0.001275317,1.320663132,0.045772021,0.496491481,true,OK
1785680268.822070360,0.118785166,0.004142000,8.647727170,7.425139806,-0.111193961,0.067006954,103.802951806,0.000597519,0.137056110,0.004496490,1.031383266,0.102588252,0.518415862,true,OK
1785680269.823793411,0.020866907,0.047362500,8.583247581,7.360272550,-0.110657666,0.067592663,103.920592423,0.000076544,0.268340977,0.000565441,1.982270445,0.191347022,0.534047307,true,OK
1785680270.822025061,0.017663519,0.100032648,8.128092017,7.397112972,-0.109475273,0.068091459,103.554023200,0.000185274,0.202708782,0.001371172,1.500201909,0.221157038,0.548245491,true,OK
1785680271.822098494,0.120289815,0.004103945,8.648005853,7.260741792,-0.109491325,0.068279287,103.663825568,0.000802363,0.076616680,0.005939540,0.567159313,0.225938305,0.542511515,true,OK
1785680272.822052002,0.015055555,0.060488203,8.421744295,7.378586827,-0.108580026,0.068355408,103.703856006,0.000101080,0.199791944,0.000747506,1.477503565,0.106256625,0.527525028,true,OK
1785680273.822115183,0.017038870,0.103349963,8.071662208,7.322031895,-0.108181493,0.068682920,103.719500488,0.000158571,0.144017660,0.001200772,1.090566295,0.154366710,0.540728101,true,OK
1785680274.822085142,0.118171055,0.022513482,8.648005681,7.393611320,-0.109020645,0.068293797,103.780233740,0.000365050,0.027976455,0.002693661,0.206435235,0.141927068,0.512544067,true,OK
1785680275.822040796,0.017276296,0.062909352,8.345370608,7.261261717,-0.110368612,0.067675448,103.534266074,0.000326388,0.269069166,0.002213308,1.824616951,0.119168312,0.513609619,true,OK
1785680276.822117329,0.019655704,0.118044055,7.871943246,7.375302013,-0.109909364,0.068199204,103.930307683,0.000527478,0.251788307,0.003900430,1.861845843,0.196506371,0.513144870,true,OK
1785680277.822006464,0.117351425,0.025867351,8.341896100,7.315010613,-0.110838709,0.067347358,103.776209844,0.000444404,0.138476416,0.003264370,1.017177776,0.141301958,0.513072668,true,OK
1785680278.822074413,0.019349685,0.079467926,8.322231085,7.377672888,-0.110698189,0.067238569,103.851570685,0.000275184,0.205584225,0.002033945,1.519516726,0.135736496,0.517918650,true,OK
1785680279.822178602,0.019232926,0.134309907,7.666760719,7.402914442,-0.110653582,0.067222561,103.419560893,0.000830398,0.175829360,0.006136618,1.299373786,0.199683327,0.515622028,true,OK
1785680280.822067022,0.019119611,0.040482130,8.626911626,7.376570053,-0.110798367,0.067203480,103.606440045,0.000963596,0.214891358,0.007138094,1.591864697,0.144799303,0.519121583,true,OK
1785680281.822071314,0.017901740,0.095585278,8.233331257,7.401113288,-0.110505423,0.067493510,103.518452494,0.000105992,0.090654086,0.000784103,0.670638353,0.099528323,0.503597734,true,OK
1785680282.822065353,0.118791648,0.002028018,8.729064589,7.303832476,-0.110687388,0.067450005,103.480847050,0.000119280,0.034264021,0.000809558,0.232550326,0.118205477,0.497974927,true,OK
1785680283.822108984,0.018568981,0.056299833,8.570937525,7.386361207,-0.109868212,0.067753368,103.279762726,0.000117757,0.048456644,0.000870279,0.358117476,0.174513681,0.507823096,true,OK
1785680284.822063923,0.019867056,0.096591259,8.214964865,7.284277325,-0.109014051,0.067857193,103.171072478,0.000499967,0.165510998,0.003642494,1.205826424,0.128416924,0.467887215,true,OK
1785680285.822046280,0.119964166,0.005019333,8.775632547,7.285921213,-0.110458855,0.067277850,103.055134032,0.000270175,0.200768942,0.001833693,1.362632882,0.174332048,0.508111797,true,OK
1785680286.822050333,0.016081277,0.056169981,8.537357742,7.347468910,-0.109806963,0.067321201,102.976692733,0.000374116,0.154505069,0.002708525,1.118586029,0.188419880,0.493618070,true,OK
1785680287.822105169,0.017373537,0.101827018,7.933272575,7.277614830,-0.109410638,0.067806095,102.806669059,0.000279728,0.216704814,0.001895880,1.468734877,0.157668347,0.526285726,true,OK
1785680288.822057009,0.116693815,0.020945259,8.587082339,7.384276816,-0.109899707,0.067624028,102.765442808,0.000309078,0.019782341,0.002287575,0.146414928,0.193049953,0.511045078,true,OK
1785680289.822049618,0.019480500,0.058141018,8.338125379,7.237011565,-0.110146548,0.067299009,102.904532373,0.000353210,0.402997756,0.002411509,2.751427108,0.089179225,0.525319203,true,OK
1785680290.821952820,0.018278426,0.117281796,7.883662435,7.387295546,-0.109766937,0.067471275,102.566345665,0.000334602,0.154505069,0.002475248,1.142964465,0.149084439,0.493020144,true,OK
1785680291.822059870,0.112158056,0.036435222,8.191382903,7.408415426,-0.109191500,0.067458653,102.723233361,0.000527330,0.071326251,0.003903901,0.528038383,0.133033325,0.483776414,true,OK
1785680292.822087765,0.020287296,0.076985926,8.298291801,7.355955689,-0.109127665,0.067529386,102.495953397,0.000785319,0.111905833,0.005765372,0.821549975,0.112565614,0.508272654,true,OK
1785680293.822062016,0.019143037,0.132199296,7.677134311,7.391227502,-0.106771485,0.068872505,102.609774450,0.000210298,0.128204252,0.001554501,0.947671924,0.124232129,0.514033168,true,OK
1785680294.822064161,0.018356518,0.039133518,8.775571996,7.351758827,-0.105673652,0.069105961,102.369159874,0.000309555,0.163129423,0.002287178,1.205297795,0.103835579,0.508275702,true,OK
1785680295.822044849,0.018613629,0.094311999,8.271311001,7.400028636,-0.106804242,0.068708056,102.458938302,0.000038269,0.178041140,0.000283226,1.317681457,0.103219194,0.527477173,true,OK
1785680296.822082043,0.018832018,0.135456019,7.644620319,7.323493647,-0.106343811,0.069089793,102.774740219,0.000213214,0.039564681,0.001572335,0.291767961,0.204726988,0.510900329,true,OK
1785680297.822050095,0.017209186,0.052639777,8.601426064,7.380019649,-0.105956351,0.069400417,102.655703559,0.000133915,0.248660374,0.000978013,1.816023828,0.210669956,0.529171239,true,OK
1785680298.822061062,0.019888500,0.095875389,7.855461111,7.270195371,-0.105961530,0.069590893,102.803019612,0.000316333,0.074018747,0.002144267,0.501737475,0.154750484,0.528460207,true,OK
1785680299.822068453,0.117791740,0.016164111,8.582352544,7.383863587,-0.105516404,0.069667122,102.652919241,0.000498776,0.068528042,0.003690420,0.507035544,0.103746470,0.489360790,true,OK
1785680300.822060108,0.019649112,0.069787333,8.366111835,7.395072672,-0.106451016,0.069646728,103.118710375,0.000106038,0.165510998,0.000781670,1.220082385,0.107372879,0.472450677,true,OK
1785680301.822049856,0.018206648,0.112165333,7.884285174,7.361336400,-0.106361830,0.070147717,103.225127010,0.000121885,0.155766359,0.000901022,1.151483219,0.114447185,0.460884529,true,OK
1785680302.822049856,0.118103333,0.031076019,8.300266357,7.392148443,-0.106517521,0.070036696,103.129078696,0.000186713,0.094872788,0.001381983,0.702215898,0.121900549,0.448521916,true,OK
1785680303.822043657,0.019654037,0.073653407,8.312336932,7.313715112,-0.108157377,0.069068628,103.272233546,0.000824807,0.318981067,0.006111187,2.363405304,0.125111332,0.456172640,true,OK
1785680304.822047949,0.019466389,0.127931426,7.826598838,7.388722399,-0.107215040,0.069451954,102.777767470,0.000360183,0.128204252,0.002664969,0.948574485,0.123844688,0.462592646,true,OK
1785680305.822043180,0.113629870,0.035063463,8.200262487,7.278673685,-0.106975520,0.069193958,103.115873404,0.000144070,0.086229231,0.001064634,0.637209934,0.152817720,0.462935630,true,OK
1785680306.822057247,0.019227277,0.088592556,8.289298891,7.376533724,-0.107329208,0.069477822,103.099653805,0.000294428,0.240662729,0.002175919,1.778574937,0.130341357,0.491786153,true,OK
1785680307.822042704,0.117705185,0.008018389,8.647220703,7.399662447,-0.106876665,0.069475473,102.901987090,0.000219166,0.187671854,0.001624192,1.390797763,0.149517404,0.509758524,true,OK
1785680308.822929144,0.019059222,0.051234537,8.564926624,7.368865366,-0.105721300,0.069876299,103.040470296,0.000319094,0.145369958,0.002360645,1.075442531,0.119634602,0.509796799,true,OK
1785680309.822030306,0.016502463,0.104470167,7.921563660,7.407815846,-0.106627606,0.069485245,103.055005944,0.000165061,0.159490387,0.001223265,1.181983919,0.073447673,0.519556367,true,OK
1785680310.822103500,0.117165611,0.008405426,8.552596767,7.252839437,-0.106312972,0.069415846,102.764901764,0.000144799,0.188711590,0.001069972,1.394458404,0.113769214,0.507103710,true,OK
1785680311.821994781,0.017487963,0.065597797,8.465927842,7.398598343,-0.105422455,0.069867751,102.992179203,0.000309024,0.135620930,0.002285397,1.002989474,0.131997251,0.511355789,true,OK
1785680312.822062731,0.019094759,0.118640278,7.914027753,7.392074663,-0.106984566,0.069324519,103.194600652,0.000233632,0.131221234,0.001727623,0.970332422,0.178292474,0.506594542,true,OK
1785680313.822052956,0.118760241,0.027136889,8.486623938,7.343822103,-0.106877336,0.069411683,103.168467961,0.000157714,0.110143430,0.001167906,0.815634475,0.202860224,0.515952355,true,OK
1785680314.822054625,0.018555463,0.080414093,8.343414396,7.381028134,-0.106173234,0.069732064,103.184271899,0.000760563,0.274112407,0.005626259,2.027744149,0.149080228,0.513648887,true,OK
1785680315.822065115,0.018639611,0.135388185,7.667414862,7.402756939,-0.103876239,0.071062944,103.174863673,0.000419013,0.083929371,0.003126827,0.626311669,0.107938815,0.469496806,true,OK
1785680316.822047234,0.020052796,0.042323056,8.640756262,7.390568634,-0.103955301,0.071022006,103.533137067,0.000161046,0.173589404,0.001191347,1.284135792,0.201458814,0.472325389,true,OK
1785680317.822064161,0.018654556,0.095314204,8.116509546,7.386247161,-0.104311202,0.070985307,103.067942611,0.000050934,0.034264021,0.000376675,0.253395803,0.166460878,0.495642671,true,OK
1785680318.822050571,0.117525778,0.003597333,8.586915744,7.362401451,-0.102814257,0.071648181,102.966442425,0.000063634,0.102792073,0.000475713,0.768446083,0.130250019,0.508977800,true,OK
1785680319.822095156,0.017206426,0.056767778,8.557675300,7.382018434,-0.101923762,0.072089031,103.269925832,0.000602329,0.325658857,0.004451615,2.406839265,0.116480669,0.501796142,true,OK
1785680320.822070122,0.018584555,0.099572185,7.902737002,7.274927423,-0.101611556,0.072152202,103.029637241,0.000063422,0.193826655,0.000430379,1.315295391,0.129683607,0.523694114,true,OK
1785680321.822103024,0.117988444,0.018980111,8.524373862,7.391569719,-0.101377600,0.072640079,102.802096329,0.000355932,0.332790962,0.002649107,2.476876779,0.088207069,0.514374561,true,OK
1785680322.822058916,0.017980167,0.072708185,8.306925984,7.394898278,-0.102234525,0.072520741,102.474285829,0.000242380,0.161925496,0.001782742,1.190988184,0.194798238,0.523037239,true,OK
1785680323.822096109,0.018468555,0.115654556,7.806204078,7.367918608,-0.102598806,0.072661523,102.693159074,0.000290223,0.173589404,0.002146495,1.283870736,0.189137526,0.559551462,true,OK
1785680324.822025537,0.113523666,0.034598056,8.276184605,7.415016990,-0.101636796,0.073108717,102.390414914,0.000143094,0.117033931,0.001065575,0.871516722,0.166499628,0.567596679,true,OK
1785680325.822049141,0.011940871,0.074775426,8.193316066,7.270123943,-0.100230844,0.073561289,102.235565506,0.000188268,0.121946558,0.001277200,0.827277407,0.228121044,0.510070933,true,OK
1785680326.822053432,0.018309203,0.129450574,7.806050103,7.370307853,-0.100531770,0.073403831,102.434014045,0.000779393,0.148037520,0.005769267,1.095811368,0.165437904,0.537236960,true,OK
1785680327.822042942,0.018873667,0.049366944,8.708527754,7.399445771,-0.100535976,0.073230829,102.373545173,0.000300010,0.454564777,0.002218627,3.361590437,0.176918136,0.495824526,true,OK
1785680328.822069168,0.019338333,0.091823981,8.114151865,7.308758502,-0.100077554,0.073662441,102.358054524,0.000194887,0.280463362,0.001441448,2.074399627,0.099564290,0.509059955,true,OK
1785680329.822097778,0.119495148,0.008807648,8.641295804,7.363644654,-0.099278477,0.073694616,102.224305172,0.000030811,0.337461931,0.000227817,2.495226932,0.065424343,0.512746967,true,OK
1785680330.822044849,0.019506352,0.065503593,8.544150376,7.409800728,-0.098131997,0.074041764,102.502829726,0.000319818,0.278362492,0.002415299,2.102222565,0.131650150,0.502248962,true,OK
1785680331.822067976,0.017713000,0.107199389,7.941765477,7.366490577,-0.097662366,0.074398370,101.829517849,0.000646522,0.098911718,0.004822455,0.737790185,0.100484506,0.495122707,true,OK
1785680332.822092295,0.116265444,0.026381574,8.453295909,7.417363321,-0.096994968,0.074577824,102.275879654,0.000355144,0.044234660,0.002609172,0.324983147,0.132994445,0.505381480,true,OK
1785680333.822110176,0.020034851,0.068229259,8.376175191,7.279579887,-0.096857091,0.074665905,102.462747768,0.000430072,0.218503234,0.002912335,1.479645381,0.172126490,0.492872862,true,OK
1785680334.822062492,0.018720444,0.122597111,7.885805082,7.380993095,-0.097566215,0.074482976,101.994218181,0.000222547,0.303902437,0.001661099,2.268342115,0.101223912,0.499377709,true,OK
1785680335.822052240,0.018875481,0.042031963,8.699736968,7.397977097,-0.096784872,0.075101492,102.345829876,0.000084030,0.213978861,0.000621724,1.583197826,0.125534661,0.488732923,true,OK
1785680336.822087765,0.019234018,0.084080630,8.295873640,7.368415960,-0.094576720,0.076049870,102.297930099,0.000515850,0.145369958,0.003821356,1.076883789,0.107652303,0.504587407,true,OK
1785680337.822036505,0.119618482,0.003209093,8.665688425,7.400336153,-0.092951656,0.076823537,102.226860380,0.000635072,0.055952910,0.004692641,0.413444636,0.181973839,0.510793524,true,OK
1785680338.822043657,0.019482667,0.044946926,8.605957062,7.282966761,-0.093362373,0.076938768,102.434805491,0.000184292,0.196831898,0.001247722,1.332619499,0.153466210,0.507980931,true,OK
1785680339.822047234,0.019997982,0.097852649,8.153379314,7.363040040,-0.092804998,0.077208507,102.338226294,0.000480413,0.269795407,0.003528612,1.981635705,0.169757596,0.498242189,true,OK
1785680340.822079897,0.116328315,0.017311648,8.570391474,7.387044551,-0.092713835,0.077128518,102.188496737,0.000168352,0.213062455,0.001232564,1.559903945,0.114429209,0.504125639,true,OK
1785680341.822561026,0.019780722,0.057255593,8.353368366,7.266782168,-0.092303913,0.077065736,101.863547872,0.000103245,0.086229231,0.000753171,0.629043967,0.128054962,0.492682418,true,OK
1785680342.822062731,0.018510426,0.115049814,7.882376224,7.392586353,-0.091732882,0.077675547,101.880100741,0.000326330,0.263929582,0.002414911,1.953137603,0.115979413,0.501120440,true,OK
1785680343.822070122,0.118054222,0.034035926,8.347970967,7.406836520,-0.091976255,0.077356071,101.891035932,0.000191732,0.019782341,0.001419299,0.146439235,0.127961553,0.523652742,true,OK
1785680344.822075129,0.019646630,0.075966704,8.275321071,7.377369324,-0.092855927,0.077021383,101.822990529,0.001649872,0.052339156,0.012416084,0.393877385,0.137362356,0.529623053,true,OK
1785680345.822214842,0.018235149,0.130054685,7.754497418,7.398303348,-0.093292218,0.077009674,101.543045968,0.000147607,0.055952910,0.001098815,0.416523590,0.171524464,0.500701447,true,OK
1785680346.822060585,0.119896259,0.035455037,8.460204324,7.270445448,-0.092778838,0.077298809,101.516009011,0.000527771,0.334550216,0.003910074,2.478568627,0.182512969,0.512890221,true,OK
1785680347.822027206,0.018686259,0.091591167,8.284849581,7.380002924,-0.092158572,0.077267077,101.898040606,0.000305861,0.027976455,0.002265314,0.207203553,0.129081003,0.512875219,true,OK
1785680348.822060585,0.116957740,0.009603908,8.604481064,7.386145979,-0.092226328,0.077514832,101.533442920,0.000078953,0.055952910,0.000584923,0.414528146,0.164039653,0.495706241,true,OK
1785680349.822096586,0.020414945,0.052133760,8.511697086,7.272995892,-0.090869039,0.077628563,101.765777501,0.000480581,0.231546534,0.003250779,1.566244079,0.229533261,0.515190386,true,OK
1785680350.822122097,0.016911741,0.107062556,7.923276527,7.379065318,-0.092831222,0.076266271,102.095245732,0.000273134,0.108352360,0.002018716,0.800826723,0.108203150,0.499818094,true,OK
1785680351.822064638,0.116382018,0.026298296,8.463132075,7.423511886,-0.093687744,0.075376527,101.944345477,0.000233990,0.261696003,0.001689854,1.889943803,0.192062513,0.524991649,true,OK
1785680352.822059631,0.018783833,0.068265982,8.367566143,7.369124367,-0.098283482,0.073826832,102.062589552,0.000766399,0.248660374,0.005670641,1.839856649,0.104035075,0.484067602,true,OK
1785680353.822052240,0.018551555,0.122241630,7.894822775,7.399140836,-0.095858215,0.075076887,101.788530052,0.000401944,0.111905833,0.002972371,0.827542411,0.090702121,0.507630493,true,OK
1785680354.822062254,0.119391574,0.029148389,8.346553404,7.282633240,-0.095817213,0.075229655,102.155186071,0.001204476,0.048456644,0.008903758,0.358202534,0.124412840,0.511273948,true,OK
1785680355.822072983,0.019044000,0.083643092,8.287355630,7.380161370,-0.096085480,0.075480171,102.004112712,0.000320362,0.211217717,0.002372450,1.564176585,0.081804230,0.500516001,true,OK
1785680356.822120905,0.117319018,0.002891092,8.657312696,7.406459571,-0.095503831,0.075831385,102.038786697,0.000461073,0.098911718,0.003406477,0.730774167,0.136853710,0.510592514,true,OK
1785680357.822067738,0.019310778,0.044804500,8.637534762,7.371227458,-0.095124410,0.075780139,102.185522396,0.000326033,0.192814506,0.002439775,1.442872551,0.167481661,0.491231954,true,OK
1785680358.822050095,0.018735037,0.098844648,8.087295071,7.403848954,-0.095734777,0.075311478,102.129022711,0.000219223,0.221173438,0.001626628,1.641099477,0.203341723,0.497037377,true,OK
1785680359.822066784,0.119230907,0.005992833,8.606745867,7.285041590,-0.095218855,0.075961530,102.229260074,0.000292545,0.044234660,0.002165053,0.327369423,0.037880575,0.515595372,true,OK
1785680360.822041750,0.021132815,0.059652760,8.653329503,7.375924862,-0.093494511,0.076879501,102.435936556,0.000926917,0.153233400,0.006851643,1.132680177,0.118296055,0.513452711,true,OK
1785680361.822035313,0.020421481,0.113006852,7.935304220,7.383008857,-0.094196048,0.076622660,102.257450119,0.000114191,0.191796995,0.000844727,1.418810578,0.193678770,0.488092009,true,OK
1785680362.822050810,0.118338649,0.021240981,8.318931845,7.304304744,-0.094736396,0.076689801,102.194931290,0.000410435,0.193826655,0.002774799,1.310389030,0.116807131,0.499655794,true,OK
1785680363.822061062,0.019971778,0.075508907,8.341313780,7.403882840,-0.094316866,0.077315386,102.281431180,0.000423934,0.269795407,0.003171116,2.018128179,0.182993303,0.503871039,true,OK
1785680364.822049856,0.019596426,0.129756315,7.811028670,7.409407972,-0.092712557,0.077771181,102.565121782,0.000435648,0.111905833,0.003222332,0.827728087,0.157871421,0.501310740,true,OK
1785680365.822041750,0.120024574,0.036713796,8.403812431,7.331712259,-0.092643896,0.077706990,102.299971931,0.000604770,0.353877837,0.004478273,2.620435565,0.105549093,0.524416646,true,OK
1785680366.822086096,0.020231981,0.090459593,8.349782496,7.386014277,-0.093182723,0.077615912,102.376901405,0.000029827,0.206533808,0.000219724,1.521453832,0.131427452,0.493955596,true,OK
1785680367.822077274,0.119160703,0.010541203,8.667251650,7.403717949,-0.092604271,0.077710987,102.311048206,0.000594649,0.213978861,0.004399159,1.582996115,0.106602813,0.487613710,true,OK
1785680368.822082043,0.018300055,0.052357259,8.578495850,7.378507246,-0.092843734,0.077243187,102.456861279,0.000593798,0.065610604,0.004393318,0.485431745,0.178733218,0.504088812,true,OK
1785680369.822042942,0.020784296,0.105996611,7.928308602,7.394514437,-0.091930592,0.077480391,102.399983394,0.000263133,0.175829360,0.001949298,1.302549945,0.101144254,0.485500537,true,OK
1785680370.822034597,0.118730870,0.010934834,8.595813378,7.258384978,-0.090670027,0.077808370,102.149215153,0.000502435,0.186626315,0.003718948,1.381380067,0.180430321,0.496758398,true,OK
1785680371.822039366,0.017093074,0.067606926,8.333920716,7.383079219,-0.090842828,0.077549015,102.450978167,0.000435125,0.079129369,0.003218302,0.585261810,0.200899332,0.474582295,true,OK
1785680372.822070599,0.019368722,0.122098241,7.896013482,7.408923698,-0.092299254,0.077177266,102.506895498,0.000315627,0.196831898,0.002338241,1.458175873,0.171270487,0.514025403,true,OK
1785680373.822053432,0.019174481,0.041427630,8.643014313,7.410700689,-0.091361842,0.077659374,102.568878037,0.000915218,0.448933927,0.006773653,3.322620241,0.113374260,0.528521526,true,OK
1785680374.822058678,0.018209815,0.082703056,8.259031037,7.360700036,-0.091168553,0.078057518,102.722214487,0.000605371,0.065610604,0.004477599,0.485285933,0.083855803,0.475565553,true,OK
1785680375.822050810,0.118968982,0.002175056,8.648464750,7.403583102,-0.091946971,0.077321119,102.399101083,0.000215783,0.479697686,0.001610989,3.581321728,0.182765157,0.506288202,true,OK
1785680376.822077751,0.019547648,0.044477685,8.606484075,7.288555053,-0.091186409,0.077824759,102.662078710,0.000065311,0.139882314,0.000443071,0.948971002,0.153820994,0.516983365,true,OK
1785680377.822071791,0.020525203,0.098407797,8.202871153,7.382368689,-0.090833584,0.078346535,102.766968985,0.000147863,0.068528042,0.001091888,0.506043267,0.136134250,0.511947592,true,OK
1785680378.822070122,0.117271314,0.018016870,8.584891945,7.408842689,-0.091993902,0.077986332,103.089321950,0.000120973,0.538139826,0.000894969,3.981190653,0.104604493,0.516061185,true,OK
1785680379.822057486,0.019225018,0.059775834,8.324753861,7.290720267,-0.090980693,0.078499827,103.249371455,0.000378500,0.276245614,0.002570923,1.876372558,0.190541404,0.488768393,true,OK
1785680380.821999788,0.018276388,0.113953018,7.834298496,7.378445171,-0.089962580,0.079075609,103.108696866,0.000226420,0.074018747,0.001675086,0.547600374,0.161768833,0.479834677,true,OK
1785680381.822134972,0.116905519,0.032747019,8.307775459,7.396718820,-0.088917546,0.079388796,103.184156137,0.000152408,0.195835277,0.001128914,1.450584727,0.187092382,0.496485209,true,OK
1785680382.822037697,0.019200389,0.074129796,8.317805697,7.269308714,-0.088423966,0.079776957,103.445907446,0.000483687,0.267610787,0.003259345,1.803305611,0.106229714,0.515198225,true,OK
1785680383.822062016,0.019883722,0.129550963,7.784676509,7.379228748,-0.087610466,0.080093567,102.518719751,0.000261921,0.579797203,0.001936781,4.287331566,0.159392802,0.522360444,true,OK
1785680384.822077513,0.019561741,0.047373981,8.664882242,7.388844661,-0.086496883,0.080600305,103.382461125,0.000034497,0.111905833,0.000255280,0.828106938,0.128952310,0.485053880,true,OK
1785680385.822070360,0.019340371,0.090723500,7.939651697,7.285063690,-0.086503721,0.080681575,103.690713225,0.000223688,0.164324520,0.001518266,1.115340210,0.156519356,0.524075981,true,OK
1785680386.822078228,0.119006815,0.009042833,8.632843971,7.377142168,-0.086452125,0.080579076,103.520692714,0.000411075,0.170174190,0.003050604,1.262869492,0.042833040,0.503882330,true,OK
1785680387.822103977,0.018643629,0.059927667,8.545082168,7.355474367,-0.087218053,0.080505386,103.273723519,0.000915491,0.079129369,0.006817452,0.589258136,0.213379843,0.507525427,true,OK
1785680388.822057009,0.018479797,0.106147556,7.901725710,7.315061963,-0.087426822,0.080680535,103.536136813,0.000696288,0.055952910,0.005147900,0.413679272,0.147542912,0.502512327,true,OK
1785680389.822057962,0.118766574,0.024592575,8.621741405,7.397221350,-0.088355041,0.080051378,103.579394402,0.000087738,0.187671854,0.000648015,1.386113638,0.149593011,0.506795918,true,OK
1785680390.822082043,0.019907463,0.079538574,8.368138441,7.403808259,-0.089793134,0.079628236,102.784644837,0.000764760,0.611977853,0.005658587,4.528128097,0.132158243,0.519740515,true,OK
1785680391.822052717,0.018031740,0.121071223,7.682365621,7.299318824,-0.089617285,0.080113023,103.246418768,0.000106293,0.137056110,0.000787009,1.014782767,0.155561570,0.504961239,true,OK
1785680392.822039843,0.018853592,0.038683166,8.619846629,7.366729038,-0.088926279,0.080401054,103.092576467,0.000050166,0.546080668,0.000371038,4.038914382,0.170140820,0.479136991,true,OK
1785680393.822062731,0.019306426,0.095408074,8.270208819,7.409455456,-0.088973583,0.080535002,103.198914802,0.000834791,0.196831898,0.006176552,1.456343762,0.119038274,0.501557908,true,OK
1785680394.821967840,0.018669741,0.002004963,7.664824534,7.378079874,-0.088898818,0.080744515,103.059784335,0.000492591,0.094872788,0.003656255,0.704193066,0.145206036,0.495614785,true,OK
1785680395.822053909,0.020563907,0.055926685,8.657514355,7.400557370,-0.087129038,0.081529184,103.413628048,0.001585132,0.034264021,0.011701057,0.252928696,0.136698892,0.493073498,true,OK
1785680396.822042704,0.018857075,0.107604315,7.951716520,7.384458235,-0.088223639,0.081053317,103.602853890,0.000184295,0.460551812,0.001372157,3.429005869,0.118182584,0.509133142,true,OK
1785680397.822057486,0.118258092,0.017199648,8.487493157,7.356353281,-0.088835493,0.080798451,103.039114729,0.000641263,0.283930297,0.004757885,2.106636322,0.112816531,0.508670464,true,OK
1785680398.822093248,0.019256038,0.072021333,8.360748039,7.402315035,-0.088706535,0.080864475,103.378258224,0.000659076,0.274825334,0.004878444,2.034243348,0.123990260,0.517265313,true,OK
1785680399.822071075,0.018175166,0.124153185,7.902739672,7.394635802,-0.087686731,0.081147420,103.536341175,0.000110273,0.150657858,0.000830819,1.135090088,0.130499825,0.512992028,true,OK
1785680400.822057962,0.118942352,0.032938203,8.365828863,7.347812287,-0.086710575,0.081483893,103.112159673,0.000189788,0.384104306,0.001405592,2.844716810,0.143761761,0.527313017,true,OK
1785680401.822069407,0.019850426,0.087119092,8.348218178,7.392639266,-0.087547314,0.081389329,103.647007912,0.000290544,0.382061172,0.002148456,2.825189256,0.168410144,0.487316439,true,OK
1785680402.822046995,0.117076833,0.005915407,8.658025069,7.411903365,-0.086371467,0.081658220,103.316172238,0.000233663,0.150657858,0.001724903,1.112159467,0.192072780,0.498766397,true,OK
1785680403.822054148,0.019881426,0.048502223,8.595466467,7.345829248,-0.086437174,0.081406641,103.565262829,0.000279064,0.552846931,0.002065899,4.092706825,0.151604857,0.526585429,true,OK
1785680404.822051048,0.019140500,0.102654277,7.940660612,7.395550475,-0.084550048,0.082043138,103.067248615,0.000541171,0.287355397,0.004001635,2.124821546,0.097957270,0.484609721,true,OK
1785680405.822035551,0.117117741,0.021586296,8.538954241,7.405120691,-0.083783386,0.082512468,102.998610703,0.000102487,0.288035534,0.000758742,2.132418016,0.146680437,0.506091016,true,OK
1785680406.822063208,0.019025648,0.060449259,8.466630123,7.330258748,-0.083897492,0.082809602,103.549408711,0.000501909,0.106531181,0.003724125,0.790453330,0.173657591,0.496906390,true,OK
1785680407.822082758,0.018614926,0.117782870,7.913406485,7.400858095,-0.085009346,0.082119953,103.494474283,0.000044240,0.131221234,0.000327044,0.970054396,0.155151507,0.473136754,true,OK
1785680408.822061539,0.119203389,0.024957296,8.324566051,7.287839575,-0.085068762,0.082382229,103.432805502,0.000145383,0.090654086,0.001084272,0.676100699,0.109538744,0.500727303,true,OK
1785680409.822064161,0.019453519,0.079162963,8.271544730,7.388750568,-0.083877763,0.082637787,103.591799246,0.000435434,0.661160177,0.003237769,4.916209583,0.150812117,0.492616299,true,OK
1785680410.822062016,0.018461222,0.133679093,7.687310607,7.403961845,-0.082972642,0.083121115,103.421930232,0.000451325,0.110143430,0.003343042,0.815852304,0.210476247,0.479517244,true,OK
1785680411.822053432,0.018132259,0.052277148,8.621708914,7.406497982,-0.082394800,0.083600517,103.184506516,0.000540029,0.160712550,0.004033276,1.200302526,0.104492639,0.501778710,true,OK
1785680412.822060347,0.018782222,0.094227722,8.438903218,7.368804476,-0.082696078,0.083394579,103.302104144,0.000240115,0.282548624,0.001774678,2.088301506,0.159791337,0.490157077,true,OK
1785680413.822087765,0.117480129,0.013941852,8.681773751,7.399708772,-0.083556874,0.082956932,103.679084093,0.000445091,0.307104889,0.003290328,2.270265963,0.147879888,0.486373026,true,OK
1785680414.822040558,0.015387537,0.067352611,8.325688393,7.395520214,-0.083104799,0.083173816,103.411358460,0.000260206,0.096913294,0.001925849,0.717278716,0.153995393,0.511661507,true,OK
1785680415.822117567,0.020204149,0.107750870,7.825894797,7.345723177,-0.082425899,0.083410602,103.363256152,0.000415269,0.352215113,0.003058383,2.594000119,0.163340674,0.479026387,true,OK
1785680416.822051287,0.116629259,0.029165518,8.427823806,7.412111304,-0.082190471,0.083335790,103.736971643,0.000144092,0.115349902,0.001073810,0.859614492,0.156610349,0.494001585,true,OK
1785680417.822039604,0.018531130,0.083489574,8.346908357,7.408498298,-0.082237282,0.083118032,103.619662491,0.000237887,0.243089661,0.001758547,1.797006793,0.177787804,0.474344738,true,OK
1785680418.822092772,0.018477926,0.125379482,7.764181945,7.354261435,-0.081872542,0.083374799,103.490955171,0.000174508,0.019782341,0.001303177,0.147728689,0.198385638,0.510507800,true,OK
1785680419.822064161,0.020064000,0.044998907,8.659613726,7.405012025,-0.081322823,0.084060639,103.788240357,0.001016633,0.027976455,0.007528464,0.207173832,0.161332782,0.491866917,true,OK
1785680420.822093725,0.019080704,0.098599241,8.180728501,7.401674474,-0.083252558,0.083157887,103.551950897,0.000089995,0.511290085,0.000663146,3.767537093,0.148981277,0.523751424,true,OK
1785680421.822068214,0.119158703,0.005991907,8.662897956,7.329051687,-0.083127334,0.083386248,103.606834948,0.000736841,0.210289292,0.005461876,1.558781474,0.212577304,0.503196620,true,OK
1785680422.822040796,0.018058370,0.056735815,8.617323953,7.354034307,-0.083841487,0.083462327,104.257662592,0.000193447,0.148037520,0.001417956,1.085106623,0.162810729,0.518285403,true,OK
1785680423.822047949,0.018373370,0.114376611,7.897754392,7.402601491,-0.084197796,0.083296495,104.328749106,0.000155115,0.048456644,0.001146156,0.358048727,0.083630379,0.516773634,true,OK
1785680424.822100163,0.116966815,0.020824907,8.286235071,7.299183668,-0.085061904,0.082937766,104.186868301,0.000658174,0.233230523,0.004467100,1.582960677,0.138165066,0.479493471,true,OK
1785680425.822047472,0.018930185,0.074108296,8.310899268,7.372451238,-0.085038750,0.083051424,103.987959239,0.000160689,0.181308225,0.001191825,1.344756585,0.111077326,0.522982965,true,OK
1785680426.822060108,0.018575130,0.127368555,7.757515182,7.378686064,-0.084347390,0.083316788,104.659212768,0.000249682,0.150657858,0.001847777,1.114948562,0.172262845,0.535132187,true,OK
1785680427.822149992,0.119819630,0.036095055,8.353467138,7.304178528,-0.085302921,0.083069017,104.020641614,0.000738454,0.422436154,0.005001349,2.861046796,0.104301491,0.485757176,true,OK
1785680428.822071075,0.019522259,0.091207778,8.322801476,7.391914595,-0.086369016,0.082833332,103.843150047,0.000398152,0.052339156,0.002945601,0.387214735,0.132476835,0.513637174,true,OK
1785680429.822034359,0.118267352,0.006578019,8.653746180,7.363863490,-0.088406695,0.081977791,104.460997180,0.001615854,0.189745630,0.011961662,1.404627231,0.081315853,0.503939066,true,OK
1785680430.822091818,0.019323685,0.052297666,8.501068518,7.283587259,-0.088128323,0.082460926,104.874484506,0.000341673,0.575393172,0.002328493,3.921294445,0.175487769,0.519468651,true,OK
1785680431.822055340,0.017675370,0.105718204,7.891125847,7.378044675,-0.088737749,0.082464883,104.768640506,0.000685463,0.511290085,0.005057252,3.772228510,0.134875428,0.551410038,true,OK
1785680432.822071314,0.115166203,0.025605592,8.511704771,7.403707214,-0.089531868,0.082139555,104.189660603,0.000141519,0.019782341,0.001047675,0.146449594,0.186386277,0.503081958,true,OK
1785680433.822096348,0.019895259,0.079496111,8.326307025,7.398874138,-0.088547793,0.082341728,104.396400016,0.000264729,0.000000000,0.001953822,0.000000000,0.164776374,0.510913695,true,OK
1785680434.822129011,0.017225296,0.121958926,7.839001318,7.387609117,-0.088948825,0.081894168,104.469051894,0.000169286,0.274112407,0.001255316,2.032639621,0.124865174,0.537920942,true,OK
1785680435.823094845,0.018876018,0.040880574,8.721466170,7.388395483,-0.090277913,0.081547682,104.302780670,0.000591411,0.144017660,0.004378216,1.066162461,0.114732544,0.534553847,true,OK
1785680436.822934866,0.018877778,0.096238018,8.242269701,7.411968067,-0.088545507,0.082430771,104.519572542,0.000259729,0.195835277,0.001942680,1.464778142,0.171213604,0.548912470,true,OK
1785680437.822127342,0.119441426,0.000305018,8.677576177,7.361090077,-0.088877233,0.081856413,105.001255438,0.000151541,0.039564681,0.001127566,0.294388506,0.116460053,0.508255216,true,OK
1785680438.822031498,0.018815741,0.056606926,8.628898630,7.411537182,-0.094597142,0.078704113,104.801766650,0.001214033,0.076616680,0.008980539,0.566754923,0.159860543,0.489462642,true,OK
1785680439.822051764,0.020063777,0.107869815,7.989513792,7.373027761,-0.091429808,0.080979800,104.227388140,0.001040256,0.184517467,0.007604367,1.348840192,0.146034478,0.531646106,true,OK
1785680440.822063684,0.119509278,0.017847963,8.562421538,7.375917051,-0.091362564,0.080997468,104.651371946,0.000280069,0.226419384,0.002072570,1.675551264,0.104596695,0.528249860,true,OK
1785680441.822065592,0.019633759,0.071871537,8.367343288,7.398426535,-0.093463400,0.080108163,104.876914398,0.001649718,0.236562561,0.012197138,1.749018046,0.104211967,0.526529246,true,OK
1785680442.822052956,0.019080019,0.126180852,7.799427217,7.415112760,-0.092551066,0.080625108,104.839228669,0.000184369,0.138476416,0.001402228,1.053192598,0.162100708,0.538979099,true,OK
1785680443.822041750,0.115846741,0.033240333,8.251161533,7.335300957,-0.093865378,0.079987024,104.683136928,0.000142232,0.216704814,0.001052932,1.604243334,0.137504564,0.494318792,true,OK
1785680444.822077036,0.018174185,0.087247741,8.286633170,7.387847038,-0.094551165,0.079678476,104.999543974,0.000545358,0.144017660,0.004034956,1.065548203,0.139397682,0.500089296,true,OK
1785680445.822069168,0.117339797,0.006169629,8.637845011,7.406483680,-0.095046995,0.079756569,105.030067813,0.000058907,0.145369958,0.000436154,1.076343366,0.134752340,0.511526201,true,OK
1785680446.822047472,0.014929055,0.048893685,8.555920384,7.329726657,-0.094562593,0.080141124,105.246906550,0.000475299,0.179136785,0.003515586,1.324998549,0.138523735,0.531066359,true,OK
1785680447.822365761,0.010085185,0.103032852,7.889759563,7.402428200,-0.094752802,0.080336259,105.232739055,0.000205012,0.240662729,0.001515716,1.779294270,0.196088745,0.519579802,true,OK
1785680448.822283268,0.118970167,0.022276963,8.633075293,7.404818119,-0.094872878,0.080449132,105.407666125,0.000424088,0.027976455,0.003134337,0.206767672,0.137480733,0.519185315,true,OK
1785680449.822162867,0.017520370,0.062329203,8.312413384,7.289345250,-0.095492265,0.080109376,105.352281375,0.000297412,0.178041140,0.002208364,1.322002777,0.117985128,0.544050001,true,OK
1785680450.822063208,0.019823500,0.118400481,7.840719001,7.388159540,-0.095178116,0.080443218,105.449061067,0.000392797,0.203671772,0.002906048,1.506835003,0.072264246,0.486217406,true,OK
1785680451.822040319,0.119377407,0.025600167,8.307315191,7.314332783,-0.096396603,0.079721685,105.463627255,0.001248251,0.000000000,0.008484199,0.000000000,0.148115705,0.498469370,true,OK
1785680452.822029591,0.018642944,0.077117704,8.288763666,7.357606656,-0.097225988,0.079530296,105.295244133,0.000611727,0.276953045,0.004519679,2.046238551,0.143852282,0.512358066,true,OK
1785680453.822113276,0.018816593,0.121104833,7.721172772,7.352510521,-0.096160590,0.080194109,105.314916905,0.000388102,0.048456644,0.002872011,0.358586007,0.161212379,0.519938098,true,OK
1785680454.822055578,0.120331388,0.028384167,8.474544878,7.335278190,-0.095306783,0.080618272,105.300144256,0.000067040,0.100870555,0.000496330,0.746797044,0.177412718,0.542353062,true,OK
1785680455.822086096,0.018440166,0.082316648,8.331286871,7.393792503,-0.096252482,0.080017271,105.426341049,0.000422179,0.155766359,0.003142553,1.159471623,0.168214144,0.497652527,true,OK
1785680456.822003365,0.019228296,0.123590333,7.922671800,7.368382548,-0.095701562,0.080603394,105.142470283,0.000323739,0.125114538,0.002420008,0.935255419,0.148397769,0.503279471,true,OK
1785680457.822093248,0.117413796,0.031618352,8.300293620,7.319002545,-0.095594248,0.081003762,105.309871596,0.000476178,0.193826655,0.003521995,1.433614767,0.133703984,0.496458768,true,OK
1785680458.822041512,0.019329648,0.073620704,8.328615100,7.268959683,-0.095728261,0.080927223,105.535047729,0.001160844,0.356082708,0.007861974,2.411618214,0.164688642,0.517373734,true,OK
1785680459.822151423,0.719321258,0.803285129,7.937462134,7.314969793,-0.095170308,0.081088212,105.148288147,0.000881398,0.180225774,0.006521661,1.333531349,0.165041350,0.517665233,false,STALE_SCAN
1785680460.822081566,1.719253202,1.803217165,7.937462134,7.314969793,-0.095170308,0.081088212,105.148288147,0.000881398,0.180225774,0.006521661,1.333531349,0.165041350,0.517665233,false,STALE_SCAN
1785680461.822115898,2.719285368,2.803249146,7.937462134,7.314969793,-0.095170308,0.081088212,105.148288147,0.000881398,0.180225774,0.006521661,1.333531349,0.165041350,0.517665233,false,STALE_SCAN
1785680462.822063684,3.719235997,3.803200460,7.937462134,7.314969793,-0.095170308,0.081088212,105.148288147,0.000881398,0.180225774,0.006521661,1.333531349,0.165041350,0.517665233,false,STALE_SCAN
1785680463.822110653,0.018306945,0.049901018,7.414028179,24.994736775,-0.095170308,0.081088212,105.148288147,0.000979094,0.001325689,0.000205982,0.000278898,0.181973493,0.500727841,false,LOW_ANGULAR_COVERAGE
1785680464.822120667,0.018072518,0.104149223,7.706582394,11.090893399,-0.095170308,0.081088212,105.148288147,0.002197410,0.202898398,0.000385581,0.035602711,0.181973493,0.500727841,false,WAITING_FOR_ODOM
1785680465.822060585,0.119357334,0.008272778,8.552591515,7.957590534,-0.095170308,0.081088212,105.148288147,0.001607591,0.171344885,0.000241495,0.025739762,0.181973493,0.500727841,false,WAITING_FOR_ODOM
1785680466.822065115,0.018396315,0.065760667,8.466074292,7.532027429,-0.095170308,0.081088212,105.148288147,0.001624728,0.104103554,0.000209978,0.013454232,0.181973493,0.500727841,false,WAITING_FOR_ODOM
1785680467.822116613,0.618858648,0.658137000,8.576109892,7.443648476,-0.095170308,0.081088212,105.148288147,0.001046933,0.166578687,0.000128552,0.020453995,0.181973493,0.500727841,false,STALE_SCAN
1785680468.822149038,1.618898203,1.658176351,8.576109892,7.443648476,-0.095170308,0.081088212,105.148288147,0.001046933,0.166578687,0.000128552,0.020453995,0.181973493,0.500727841,false,STALE_SCAN
1785680469.822098017,2.618839443,2.658117184,8.576109892,7.443648476,-0.095170308,0.081088212,105.148288147,0.001046933,0.166578687,0.000128552,0.020453995,0.056558594,0.512286023,false,STALE_SCAN
1785680470.822244644,3.618987128,3.658265165,8.576109892,7.443648476,-0.095170308,0.081088212,105.148288147,0.001046933,0.166578687,0.000128552,0.020453995,0.160338597,0.512817964,false,STALE_SCAN
1785680471.822089434,4.618832553,4.658111257,8.576109892,7.443648476,-0.095170308,0.081088212,105.148288147,0.001046933,0.166578687,0.000128552,0.020453995,0.129375493,0.506437643,false,STALE_SCAN
1785680472.822167397,0.021297963,0.084673611,7.962816237,29.971016853,-0.095170308,0.081088212,105.148288147,0.002228583,0.103387018,0.000162445,0.007536053,0.151900671,0.503230859,false,LOW_ANGULAR_COVERAGE
1785680473.822127581,0.119860463,0.003708370,8.656633849,11.204511969,-0.094298176,0.082229850,105.325233794,0.000468212,0.151951085,0.003463365,1.123982774,0.136227281,0.478611950,true,OK
1785680474.822071791,0.019921852,0.044597759,8.581735087,8.153920780,-0.094395204,0.082277285,105.553315121,0.001141722,0.176938705,0.008580915,1.329829613,0.122481082,0.516160450,true,OK
1785680475.822061300,0.018984611,0.087680445,8.150244848,7.453214954,-0.093593158,0.082570928,105.303758475,0.000223875,0.174712971,0.001532388,1.195884376,0.124243611,0.494972992,true,OK
1785680476.821982861,0.118284574,0.006263445,8.632218367,7.412370665,-0.093842961,0.082230708,105.690085607,0.000214292,0.175829360,0.001585536,1.300952433,0.071063648,0.477520733,true,OK
1785680477.821997404,0.017320611,0.048482834,8.576843748,7.373692682,-0.093659308,0.082464920,105.441736994,0.000602565,0.034264021,0.004458966,0.253552859,0.184091435,0.469165318,true,OK
1785680478.822007656,0.017223019,0.102762092,7.951265816,7.397101229,-0.093302638,0.082958370,105.545207845,0.000311393,0.132704012,0.002303635,0.981721557,0.175785005,0.499300167,true,OK
1785680479.822086573,0.117215593,0.021416777,8.581566780,7.406356477,-0.093680437,0.082767703,105.871624667,0.000209716,0.117033931,0.001555914,0.868290715,0.122728670,0.501176345,true,OK
1785680480.822142601,0.019896555,0.076220815,8.393217507,7.402532424,-0.093052164,0.083080905,105.605472982,0.000055754,0.048456644,0.000411983,0.358062199,0.139613811,0.507807048,true,OK
1785680481.822122574,0.017503556,0.118351574,7.808272834,7.340165790,-0.094233428,0.082712118,105.330757241,0.000224906,0.178041140,0.001662873,1.316370016,0.166485399,0.502161681,true,OK
1785680482.822413921,0.017335314,0.037749500,8.639857155,7.402160142,-0.094383201,0.082241181,105.672067267,0.000103174,0.128204252,0.000762009,0.946870261,0.169745804,0.507183505,true,OK
1785680483.822046518,0.018964297,0.091892204,8.242869642,7.419647340,-0.093504827,0.082349235,105.928697617,0.000263638,0.148037520,0.001949647,1.094762229,0.119421439,0.523993351,true,OK
1785680484.822054148,0.117867278,0.004944370,8.654943680,7.345480803,-0.093346999,0.082467335,105.569843987,0.000382261,0.276245614,0.002829969,2.045112497,0.175899555,0.494581232,true,OK
1785680485.822019577,0.018814500,0.052973334,8.507679328,7.311333718,-0.093901282,0.082411015,106.140374171,0.000163620,0.272681002,0.001210996,2.018187138,0.202812055,0.487616608,true,OK
1785680486.822089672,0.018271815,0.106964019,7.951305271,7.385286780,-0.094086896,0.082398997,106.222695405,0.000566614,0.065610604,0.004178595,0.483856722,0.128450826,0.517334361,true,OK
1785680487.822063208,0.117304185,0.026603222,8.492584843,7.403990267,-0.095666797,0.081233140,105.940463917,0.000541164,0.120331298,0.003977724,0.884471976,0.079287249,0.492291712,true,OK
1785680488.822053909,0.018908315,0.080743889,8.345594813,7.430242695,-0.094459504,0.081797924,105.633990675,0.000148050,0.173589404,0.001111144,1.302820744,0.182263160,0.491276416,true,OK
1785680489.822039604,0.018067574,0.122267537,7.891453345,7.353761546,-0.095342701,0.081278690,106.023001881,0.000221404,0.039564681,0.001636236,0.292393591,0.184338474,0.489474003,true,OK
1785680490.822008133,0.018052389,0.042000204,8.674200657,7.401442298,-0.094837024,0.081798102,105.868325265,0.000439509,0.151951085,0.003251425,1.124113661,0.097064027,0.536414615,true,OK
1785680491.822016716,0.017621222,0.096116407,8.258473145,7.408884855,-0.094017545,0.082291687,105.917057117,0.000105150,0.166689032,0.000777964,1.233263296,0.117741618,0.477963672,true,OK
1785680492.822044849,0.116124908,0.003260963,8.631757606,7.307329765,-0.094016105,0.082334696,106.177201107,0.000226733,0.149353439,0.001537316,1.012660533,0.123693648,0.479741918,true,OK
1785680493.822063208,0.018605871,0.057196037,8.583457781,7.387542116,-0.094946915,0.081884145,106.144583060,0.000181528,0.027976455,0.001343680,0.207083268,0.160132098,0.503366932,true,OK
1785680494.822057486,0.017888129,0.104897537,7.956560748,7.329347363,-0.095076862,0.082239672,106.278532655,0.000223261,0.209356731,0.001615920,1.515285527,0.061286813,0.496421339,true,OK
1785680495.822061539,0.117487482,0.018650203,8.468648809,7.288516433,-0.094669842,0.082650317,106.223782865,0.000701013,0.153233400,0.005185347,1.133457966,0.133392286,0.490684931,true,OK
1785680496.822066784,0.019124389,0.072575056,8.340545428,7.393838761,-0.094983719,0.082603557,106.385957663,0.000241380,0.207479056,0.001798556,1.545954470,0.173307534,0.505643523,true,OK
1785680497.822026253,0.018930574,0.127142778,7.799480238,7.402932126,-0.096092373,0.081900840,105.850944173,0.000177922,0.039564681,0.001314466,0.292298904,0.133106052,0.501358717,true,OK
1785680498.822070599,0.018861482,0.046428297,8.637295255,7.405137716,-0.095637449,0.082400839,106.032326690,0.001066648,0.228141232,0.007891912,1.687970376,0.124888679,0.499837497,true,OK
1785680499.822049856,0.017842260,0.088230352,8.134591882,7.281166305,-0.092831310,0.083491138,106.273049997,0.000771818,0.098911718,0.005237712,0.671234465,0.161120861,0.532264393,true,OK
1785680500.822057009,0.116644889,0.006850185,8.597749363,7.388393485,-0.093897728,0.083213924,106.221542520,0.000334604,0.174712971,0.002476794,1.293256003,0.212633933,0.536903796,true,OK
1785680501.822100163,0.019427907,0.061913334,8.608821306,7.405618051,-0.095002018,0.082702333,106.571606290,0.000166162,0.203671772,0.001229009,1.506449266,0.132412750,0.532152478,true,OK
1785680502.822067261,0.017377740,0.116116407,7.918152233,7.406748980,-0.094697471,0.082996801,106.074971990,0.000036359,0.128204252,0.000269057,0.948707341,0.144893663,0.520023337,true,OK
1785680503.822080374,0.119466500,0.022747463,8.412267966,7.302942661,-0.096207013,0.082333131,106.506238548,0.000655724,0.160712550,0.004450899,1.090879499,0.156404365,0.509389393,true,OK
1785680504.821997643,0.018779944,0.076810667,8.345862043,7.394908335,-0.097199905,0.082001425,106.531482074,0.000410926,0.111905833,0.003083649,0.839758648,0.155435813,0.489212420,true,OK
1785680505.822675228,0.019536926,0.131436574,7.675053378,7.398435437,-0.096116937,0.082503167,106.073921111,0.000133405,0.079129369,0.000986140,0.584929006,0.168898927,0.499267739,true,OK
1785680506.822040319,0.018805574,0.049982833,8.618775790,7.398559312,-0.096939116,0.082569841,106.340745336,0.000394385,0.065610604,0.002918861,0.485587159,0.179528111,0.475673756,true,OK
1785680507.822065830,0.017720963,0.092218019,7.346007811,6.627463856,-0.096942016,0.084503847,106.540086058,0.002314374,0.245492580,0.008185760,0.868287953,0.191000904,0.502658449,true,OK
1785680508.822023630,0.119720704,0.007510351,8.505775856,7.230983490,-0.094293712,0.083985624,105.400716229,0.000551106,0.294085961,0.004076797,2.175494464,0.120553927,0.484141399,true,OK
1785680509.822098494,0.019874481,0.066327944,8.492434467,7.382497792,-0.093873588,0.084534707,105.703518552,0.000180812,0.074018747,0.001337734,0.547625955,0.220188020,0.484940373,true,OK
1785680510.822103262,0.018012926,0.120329925,7.921566173,7.411162119,-0.095432196,0.083872985,106.234604226,0.000085901,0.207479056,0.000640537,1.547115778,0.185319627,0.497384044,true,OK
1785680511.822007656,0.119035130,0.027395426,8.353185498,7.295145311,-0.095352592,0.084000660,105.851673527,0.000093694,0.163129423,0.000692826,1.206274562,0.180670238,0.479407766,true,OK
1785680512.822038174,0.019286556,0.081676889,8.300862470,7.382837501,-0.094467121,0.084588305,105.889663043,0.000483311,0.248660374,0.003576454,1.840060625,0.126616573,0.494404501,true,OK
1785680513.822012424,0.017531722,0.000595722,7.685345489,7.406451036,-0.093236788,0.085121289,106.288739620,0.000447722,0.052339156,0.003307928,0.386700518,0.149617334,0.475968657,true,OK
1785680514.822061777,0.018278667,0.054946537,8.637559355,7.412547487,-0.093842469,0.084737641,106.392221050,0.000437462,0.034264021,0.003236712,0.253513882,0.129431550,0.467980556,true,OK
1785680515.822115421,0.018791278,0.096504426,8.191255665,7.359697303,-0.093631060,0.084966180,106.183232211,0.000827961,0.194833561,0.006114442,1.438834073,0.071595143,0.469669093,true,OK
1785680516.822168827,0.116076278,0.016409296,8.635593650,7.399841726,-0.092835853,0.085321039,106.103065153,0.000114150,0.048456644,0.000845183,0.358778695,0.158586325,0.471509256,true,OK
1785680517.822042704,0.018264574,0.068318296,8.308083496,7.391206164,-0.092514774,0.085337343,106.021926880,0.000293775,0.171320168,0.002175221,1.268521304,0.207705900,0.462779629,true,OK
1785680518.822063923,0.018344092,0.124746944,7.802609777,7.411999036,-0.093920105,0.084744474,106.090601707,0.000217764,0.207479056,0.001611916,1.535788514,0.197879297,0.480239596,true,OK
1785680519.822072744,0.118196037,0.030930019,8.297802082,7.296757196,-0.094114377,0.084855522,105.843729109,0.000468478,0.000000000,0.003175641,0.000000000,0.151913994,0.477448804,true,OK
1785680520.822060108,0.019677926,0.085874926,8.316674261,7.386509237,-0.093958556,0.085018805,106.226288821,0.000143195,0.000000000,0.001057660,0.000000000,0.251346116,0.487875227,true,OK
1785680521.822045803,0.118002277,0.004838481,8.628859406,7.412969574,-0.094023319,0.084629870,106.021866964,0.000090884,0.186626315,0.000673007,1.381990418,0.152070295,0.490479844,true,OK
1785680522.822147846,0.020318611,0.056114926,8.632982385,7.370346264,-0.094129911,0.084622275,106.143392478,0.000474522,0.171320168,0.003443472,1.243221061,0.170818359,0.491180335,true,OK
1785680523.822101593,0.017266871,0.101275834,8.141243950,7.354204231,-0.093931586,0.084899481,106.058048777,0.000106994,0.117033931,0.000791200,0.865446509,0.165003399,0.484877389,true,OK
1785680524.822061300,0.118040185,0.020504759,8.622164112,7.404917866,-0.094436029,0.084644973,106.256879659,0.000081757,0.125114538,0.000601498,0.920479741,0.080231586,0.472299444,true,OK
1785680525.822005749,0.018978852,0.074642777,8.410549296,7.415460786,-0.093930231,0.084794908,105.884325520,0.000751142,0.163129423,0.005563252,1.208200531,0.130850015,0.486391884,true,OK
1785680526.822056770,0.018306000,0.127211333,7.845163271,7.385721915,-0.093333959,0.085318952,105.951393922,0.000478403,0.000000000,0.003534947,0.000000000,0.158192755,0.454910830,true,OK
1785680527.822084188,0.117738074,0.035946223,8.296767056,7.384201817,-0.093157485,0.085475145,106.139776583,0.000282843,0.090654086,0.002093656,0.671037881,0.169178073,0.475825131,true,OK
1785680528.822069645,0.019091611,0.089674759,8.341198001,7.392877524,-0.092836629,0.085927175,106.248704813,0.000078198,0.458849227,0.000578857,3.396611308,0.097835599,0.481561010,true,OK
1785680529.822060108,0.112113963,0.006782574,8.575564162,7.375133411,-0.090809229,0.086907932,105.918044750,0.000072126,0.090654086,0.000533540,0.670597564,0.147570042,0.482550400,true,OK
1785680530.822048426,0.017955092,0.051223982,8.495666658,7.324767976,-0.090333428,0.087550143,105.763839322,0.000076838,0.100870555,0.000568187,0.745900495,0.146998851,0.515716949,true,OK
1785680531.822102547,0.019248093,0.105751407,7.919610866,7.396246372,-0.090394362,0.087286395,105.869969470,0.000026221,0.189745630,0.000197263,1.427475764,0.072468626,0.499429164,true,OK
1785680532.822049618,0.117921278,0.024811407,8.575645687,7.408910603,-0.090428193,0.086988611,105.699419343,0.000150758,0.117033931,0.001094710,0.849827842,0.129939517,0.501396332,true,OK
1785680533.822034836,0.020806556,0.079052092,8.396073960,7.407857494,-0.089531316,0.087686129,105.621115645,0.000036721,0.153233400,0.000271274,1.131994657,0.198800537,0.509230275,true,OK
1785680534.822049856,0.018741333,0.121242259,7.896572958,7.376893070,-0.089433230,0.087561695,105.790897112,0.000283522,0.166689032,0.002098105,1.233523405,0.100095342,0.486874295,true,OK
1785680535.822061539,0.018830185,0.040328407,8.683963852,7.412663367,-0.089240209,0.087632413,106.034568273,0.000256466,0.185574892,0.001913973,1.384920174,0.139341062,0.513188099,true,OK
1785680536.822101831,0.018287871,0.094763463,8.272361329,7.420439257,-0.090151478,0.087316741,106.037575750,0.000711098,0.213062455,0.005308655,1.590603486,0.141925214,0.495946052,true,OK
1785680537.822074413,0.117784611,0.012149740,8.656306443,7.388593354,-0.090553148,0.087460036,105.861364425,0.000085203,0.090654086,0.000629836,0.670129296,0.148943372,0.524292884,true,OK
1785680538.821942091,0.016668037,0.055605593,8.308111739,7.318479792,-0.093787105,0.085730872,106.065727654,0.000267136,0.120331298,0.001979783,0.891790798,0.176221280,0.509547634,true,OK
1785680539.822128057,0.017711241,0.109756388,7.873532691,7.381038147,-0.090230552,0.087790772,105.759818315,0.000456224,0.132704012,0.003376396,0.982108654,0.103848803,0.492154761,true,OK
1785680540.822057962,0.118687648,0.029139130,8.604416044,7.406323669,-0.089131728,0.088261058,105.536428414,0.000332383,0.113640914,0.002486247,0.850042206,0.155084565,0.481943739,true,OK
1785680541.822042465,0.018094130,0.083532389,8.326278684,7.406395839,-0.089497015,0.088038393,105.718001263,0.000704667,0.172458515,0.005208602,1.274740541,0.190732724,0.524946491,true,OK
1785680542.822080612,0.017923130,0.125461870,7.820941385,7.366794150,-0.091566557,0.087148635,105.590463608,0.000269387,0.153233400,0.001991264,1.132676761,0.169920281,0.510133852,true,OK
1785680543.822108984,0.018975834,0.043357482,8.655769421,7.381368874,-0.092781998,0.086750805,105.661228353,0.000524600,0.357727449,0.003874762,2.642221617,0.104881161,0.522989363,true,OK
1785680544.822130919,0.020299666,0.099154481,8.195137948,7.414223029,-0.092039319,0.087193069,105.741803778,0.000297680,0.062557256,0.002202055,0.462759844,0.136414279,0.543599518,true,OK
1785680545.821984291,0.119292833,0.015530852,8.625988516,7.379244753,-0.092245811,0.087060825,105.877113027,0.000380903,0.094872788,0.002816052,0.701404095,0.186177620,0.517791878,true,OK
1785680546.821990728,0.018472389,0.060107833,8.588162540,7.364129044,-0.091578264,0.087888197,105.628664429,0.000240755,0.243089661,0.001780299,1.797566375,0.061181530,0.517723001,true,OK
1785680547.822040796,0.017845500,0.110978889,7.942439626,7.360955548,-0.090992213,0.088084620,105.539205233,0.000061251,0.076616680,0.000453610,0.567401918,0.105761678,0.543932708,true,OK
1785680548.822062254,0.118619074,0.033630166,8.341350218,7.402963336,-0.092886230,0.087399276,105.797974453,0.000164949,0.000000000,0.001219406,0.000000000,0.147905270,0.503211589,true,OK
1785680549.822063208,0.018250852,0.088097666,8.345378250,7.409202628,-0.093261454,0.087159103,105.963107714,0.000135987,0.129721514,0.001006185,0.959825206,0.109038182,0.482023763,true,OK
1785680550.822034359,0.116811093,0.005853963,8.672449353,7.401295024,-0.095009303,0.086470893,106.028872540,0.000847935,0.000000000,0.006271228,0.000000000,0.122491040,0.532029393,true,OK
1785680551.822039127,0.018194055,0.048982185,8.599020469,7.378310208,-0.093640492,0.087438312,106.141416582,0.001190642,0.079129369,0.008798478,0.584741861,0.060449340,0.511106428,true,OK
1785680552.821991205,0.019829222,0.102614166,7.955347905,7.393176182,-0.093462928,0.087567246,106.360662893,0.000100289,0.175829360,0.000738103,1.294056916,0.222126314,0.495567498,true,OK
1785680553.822048664,0.119101537,0.022786186,8.581341058,7.414752713,-0.095438553,0.086798706,106.318764392,0.000080438,0.094872788,0.000593465,0.699967291,0.130476815,0.537494118,true,OK
1785680554.822053432,0.018808648,0.076415852,8.333499802,7.414724533,-0.095432175,0.087128066,106.412944889,0.000058061,0.222935800,0.000435453,1.671994806,0.102238416,0.537778076,true,OK
1785680555.822049618,0.018734241,0.130569759,7.806662223,7.401928789,-0.096472132,0.086412458,106.705173859,0.001164490,0.000000000,0.008618112,0.000000000,0.123695319,0.494425677,true,OK
1785680556.822068930,0.019965240,0.038038685,8.659687235,7.396364390,-0.095975180,0.086767040,106.422705266,0.000214724,0.203671772,0.001588962,1.507178398,0.050342807,0.535105953,true,OK
1785680557.822061062,0.021043167,0.090121185,8.299787553,7.390281645,-0.096455528,0.086588392,106.735996252,0.000749388,0.214891358,0.005542393,1.589312303,0.173153489,0.523195937,true,OK
1785680558.822059870,0.118890611,0.006897907,8.655917625,7.359695389,-0.096186112,0.086928615,106.818135582,0.000627076,0.117033931,0.004643037,0.866549754,0.182781142,0.505923254,true,OK
1785680559.821952581,0.020533037,0.065472018,8.559252638,7.440436252,-0.097563495,0.086415779,106.967920896,0.000247462,0.207479056,0.001874594,1.571709819,0.184459079,0.506860094,true,OK
1785680560.822077274,0.016667130,0.119824741,7.905384971,7.419031986,-0.097450998,0.086242855,106.705182729,0.000768625,0.181308225,0.005741671,1.354382495,0.104490117,0.493404456,true,OK
1785680561.822089911,0.117604703,0.026447334,8.495914639,7.375040006,-0.093671231,0.088724775,106.834206633,0.000512950,0.179136785,0.003796516,1.325850648,0.179510247,0.529240964,true,OK
1785680562.822043896,0.019010592,0.081125630,8.355973523,7.400115894,-0.095113736,0.087782308,106.884740588,0.000267826,0.191796995,0.001983020,1.420090841,0.228794618,0.495404451,true,OK
1785680563.822026491,0.019280092,0.000251111,7.675280899,7.414746311,-0.095594902,0.087160358,106.896452355,0.000913063,0.081564685,0.006736960,0.601818263,0.101313473,0.497547103,true,OK
1785680564.822048664,0.020165685,0.054818686,8.653446433,7.413760949,-0.094966217,0.087628992,106.795604689,0.000887945,0.183453959,0.006623640,1.368478044,0.074363149,0.509904182,true,OK
1785680565.822060347,0.019611982,0.096700889,8.138279121,7.354128808,-0.094615301,0.088222072,106.849265796,0.000537437,0.134170395,0.003972231,0.991662375,0.234452079,0.526120910,true,OK
1785680566.822061777,0.117886111,0.015852889,8.593300771,7.398825059,-0.095164892,0.088042182,106.872452561,0.000205917,0.227281935,0.001524161,1.682304348,0.144471075,0.527021867,true,OK
1785680567.822031021,0.019760000,0.069539889,8.370549471,7.397103456,-0.095290167,0.088061802,106.764482692,0.000254852,0.179136785,0.001885114,1.325058442,0.157504351,0.507585323,true,OK
1785680568.822044134,0.018417444,0.124385444,7.912012988,7.402007101,-0.095353155,0.088278129,106.870697616,0.001024492,0.167858796,0.007574084,1.240982065,0.162199724,0.525637192,true,OK
1785680569.822070122,0.118223333,0.030665630,8.294203226,7.357879781,-0.095345354,0.088232015,106.999435810,0.000237861,0.126668806,0.001760399,0.937472409,0.099939468,0.486847241,true,OK
1785680570.822048426,0.020214037,0.085565611,8.336254503,7.401624075,-0.096587488,0.087388492,106.746403217,0.000388171,0.048456644,0.002894885,0.361378223,0.070294844,0.509073893,true,OK
1785680571.822048187,0.118738314,0.004667166,8.765609491,7.409226206,-0.096030595,0.087738833,106.820056469,0.000093017,0.048456644,0.000687734,0.358271538,0.173502245,0.541649616,true,OK
1785680572.822145939,0.018879833,0.056539371,8.597703460,7.380602191,-0.095967655,0.087513648,106.938633295,0.000027397,0.123540700,0.000203359,0.917000486,0.138618039,0.527430941,true,OK
1785680573.822998762,0.019620741,0.101336574,7.925472809,7.276094115,-0.097797557,0.087007482,107.060285304,0.000162962,0.086229231,0.001103342,0.583819200,0.157923970,0.528810159,true,OK
1785680574.822071314,0.117520666,0.020149259,8.540695681,7.381474895,-0.096284020,0.087677124,106.862598326,0.000124609,0.027976455,0.000921647,0.206922529,0.148206441,0.517925125,true,OK
1785680575.822063208,0.018767278,0.074007648,8.340325886,7.395185632,-0.096212660,0.088000430,106.858646984,0.000121618,0.269069166,0.000904198,2.000458336,0.196960233,0.521710127,true,OK
1785680576.822040081,0.018815500,0.128334592,7.811668096,7.400615245,-0.095971532,0.088014872,107.068178917,0.000152344,0.725776862,0.001123965,5.354632201,0.127298062,0.518903511,true,OK
1785680577.822062016,0.115446018,0.035632296,8.237070338,7.308631827,-0.095957401,0.087968848,107.340122304,0.000452917,0.163129423,0.003048922,1.098144749,0.096683606,0.538166398,true,OK
1785680578.822094679,0.018295296,0.089485926,8.287865266,7.384465452,-0.096758213,0.087606973,107.195125285,0.001044976,0.086229231,0.007726301,0.637558138,0.138198169,0.540133057,true,OK
1785680579.822077036,0.120633315,0.009415833,8.706906684,7.413659084,-0.096586022,0.087646661,107.422930326,0.000111535,0.224684355,0.000840366,1.692896246,0.109521547,0.531212791,true,OK
1785680580.821977139,0.019151111,0.063474259,8.560240968,7.412860320,-0.096228039,0.087838065,107.602848128,0.000135626,0.181308225,0.001007666,1.347071752,0.128250786,0.548878596,true,OK
1785680581.822034836,0.018396796,0.117305407,8.000395414,7.401624852,-0.098148172,0.086617561,107.078356801,0.000200812,0.088469326,0.001484944,0.654202912,0.150940936,0.532983749,true,OK
1785680582.822072983,0.119096574,0.024137148,8.613729355,7.381540220,-0.097335347,0.087347885,107.082545501,0.000261061,0.104678325,0.001926603,0.772514656,0.169540565,0.527911452,true,OK
1785680583.822073936,0.019780518,0.078576037,8.331981064,7.413476391,-0.098639750,0.086654209,107.534369765,0.000319859,0.000000000,0.002391040,0.000000000,0.179327237,0.527564259,true,OK
1785680584.822074175,0.018861000,0.133301519,7.649561875,7.409149730,-0.098196884,0.086694679,107.599186540,0.000054129,0.117033931,0.000400700,0.866369305,0.191607586,0.489154264,true,OK
1785680585.822098970,0.017787648,0.039846055,8.643275937,7.284424883,-0.097424733,0.087152518,107.563934291,0.000171699,0.322640634,0.001165263,2.189648383,0.143632880,0.517261020,true,OK
1785680586.822066069,0.020051129,0.094495352,8.286371979,7.383909118,-0.097046146,0.087487073,107.673566483,0.000472407,0.088469326,0.003517499,0.658733970,0.164424885,0.517983149,true,OK
1785680587.822009087,0.119669352,0.013506907,8.673392545,7.400653330,-0.098911874,0.086574632,107.725541087,0.000259098,0.226419384,0.001917024,1.675238583,0.169828023,0.518582219,true,OK
1785680588.822051764,0.018698741,0.067788574,8.341268552,7.406781394,-0.099339277,0.086239805,107.752913694,0.000612106,0.230699911,0.004527012,1.706208611,0.191889747,0.511761223,true,OK
1785680589.822055101,0.018752926,0.109170222,7.870613588,7.285305544,-0.099452184,0.086365068,107.402382216,0.000244133,0.108352360,0.001671697,0.741939947,0.173050202,0.513524612,true,OK
1785680590.822085857,0.118325925,0.028621889,8.496011343,7.384952587,-0.098827198,0.086585852,107.390583346,0.000150763,0.052339156,0.001116412,0.387575386,0.099336328,0.513517103,true,OK
1785680591.822096348,0.019691666,0.082382574,8.375519517,7.394611866,-0.099764367,0.085980414,107.264302820,0.000241573,0.233230523,0.001778658,1.717234225,0.170438964,0.529412487,true,OK
1785680592.822534561,0.119218833,0.002760148,8.678501066,7.402879522,-0.099961429,0.086117402,107.054132336,0.000199263,0.034264021,0.001473783,0.253422665,0.204406013,0.515627809,true,OK
1785680593.822065353,0.018928185,0.055180667,8.605993061,7.411439359,-0.099509725,0.086635774,107.217890017,0.000348682,0.235733974,0.002572673,1.739311480,0.119275465,0.533644279,true,OK
1785680594.822049856,0.018817223,0.098514426,8.094368754,7.373807326,-0.100812208,0.085927577,107.256492305,0.000858396,0.158258778,0.006343707,1.169561958,0.183077640,0.511446298,true,OK
1785680595.822019577,0.117702259,0.017826167,8.608680652,7.400556035,-0.100739494,0.086259990,106.934935854,0.000695473,0.193826655,0.005147543,1.434607289,0.158672640,0.511603671,true,OK
1785680596.822065592,0.018397944,0.072011037,8.332057296,7.405907680,-0.100866989,0.086022091,106.978215412,0.000314471,0.369035414,0.002328218,2.732192833,0.137101209,0.548653727,true,OK
1785680597.822052002,0.019014370,0.126283871,7.782863921,7.422648606,-0.103182401,0.084523940,107.388150653,0.001764811,0.092787413,0.013262462,0.697292340,0.151236347,0.516720698,true,OK
1785680598.822074652,0.118128278,0.033382963,8.294839175,7.289677351,-0.103994007,0.084632318,107.185413106,0.000818853,0.179136785,0.006003673,1.313396044,0.126679527,0.509109008,true,OK
1785680599.822065592,0.018823740,0.087454704,8.318231335,7.380016858,-0.102905534,0.085785994,107.065721992,0.000275277,0.216704814,0.002036895,1.603493071,0.186579085,0.559181369,true,OK
1785680600.822063446,0.118612092,0.004553630,8.652780592,7.378135991,-0.103031888,0.085756996,106.990489239,0.000237340,0.055952910,0.001756454,0.414084460,0.163081063,0.549068782,true,OK
1785680601.822077513,0.019795444,0.057810741,8.606462719,7.393242188,-0.103204950,0.085915882,107.105639183,0.000273023,0.199791944,0.002053926,1.503017731,0.132595784,0.586485692,true,OK
1785680602.822032690,0.018786463,0.113918574,7.883765383,7.398675618,-0.103465990,0.085957503,106.907591998,0.000106938,0.235733974,0.000787375,1.735686556,0.138154580,0.627176994,true,OK
1785680603.822075367,0.118163222,0.022241778,8.295128106,7.285927029,-0.102848146,0.086397486,106.809610300,0.000138417,0.000000000,0.001024723,0.000000000,0.143840588,0.647427753,true,OK
1785680604.822065353,0.019721500,0.076334334,8.362283978,7.377345945,-0.102856350,0.086282918,106.877013748,0.000254571,0.034264021,0.001884676,0.253668166,0.189718778,0.585463408,true,OK
1785680605.822065353,0.018779093,0.129879111,7.719348509,7.388063372,-0.103318206,0.086186108,106.953602234,0.000727556,0.176938705,0.005376348,1.307506865,0.152584106,0.619255201,true,OK
1785680606.824840307,0.019693888,0.052094019,8.579972898,7.395868867,-0.103481376,0.086010996,106.994259715,0.000812474,0.250229210,0.005980938,1.842033837,0.208367987,0.604463905,true,OK
1785680607.821980238,0.016377944,0.103560019,7.889277658,7.403701907,-0.101542047,0.086738927,106.746877929,0.000995748,0.094872788,0.007365709,0.701789193,0.232595143,0.619867604,true,OK
1785680608.822045803,0.117861537,0.010139500,8.581926787,7.368962333,-0.102875210,0.085909374,106.983527862,0.000214066,0.186626315,0.001583621,1.380629333,0.168184932,0.582681620,true,OK
1785680609.822058201,0.018032259,0.065333963,8.465537827,7.399062474,-0.103345075,0.086041624,106.859138658,0.000097737,0.184517467,0.000722617,1.364233022,0.159260899,0.580906226,true,OK
1785680610.822060108,0.018539963,0.118968074,7.870205619,7.394257273,-0.102439331,0.087005602,106.825381128,0.000117233,0.374300129,0.000866652,2.767034047,0.209545999,0.582985620,true,OK
1785680611.822130680,0.019207185,0.039091555,8.659087587,7.416179029,-0.102925817,0.087038464,107.312597785,0.000376210,0.163129423,0.002785426,1.207796162,0.196044357,0.539370520,true,OK
1785680612.822055578,0.019030518,0.092780945,8.277572851,7.406324676,-0.102842715,0.086425585,107.083510459,0.000167167,0.306467066,0.001236484,2.266847715,0.115120973,0.573911215,true,OK
1785680613.822092772,0.019887000,0.135178648,7.679764299,7.282008465,-0.102936869,0.086267718,106.695628894,0.000399064,0.000000000,0.002704574,0.000000000,0.212836739,0.552528599,true,OK
1785680614.821985960,0.017526611,0.052556167,8.607174926,7.366976530,-0.102906628,0.086540999,106.785348464,0.000051444,0.076616680,0.000380443,0.566596816,0.206849048,0.540360954,true,OK
1785680615.822032928,0.018086352,0.106879833,7.951671269,7.393164521,-0.102579848,0.086521062,106.585254938,0.000093975,0.269069166,0.000687265,1.967775162,0.224477316,0.541036700,true,OK
1785680616.822044849,0.117852759,0.027652481,8.547224054,7.424114441,-0.101296128,0.087138026,106.501901243,0.000443334,0.027976455,0.003241444,0.204550248,0.194070895,0.531022720,true,OK
1785680617.822056532,0.018620500,0.069298999,8.339797030,7.283024371,-0.101297733,0.087267744,106.821454849,0.000702016,0.254108970,0.004748094,1.718668594,0.223093088,0.529444629,true,OK
1785680618.822060823,0.017393518,0.123872926,7.861917283,7.379300853,-0.102299614,0.086420387,106.975350890,0.000040981,0.139882314,0.000303232,1.035035982,0.149945338,0.509866954,true,OK
1785680619.822246552,0.018722352,0.043289537,8.636432086,7.422904690,-0.104612401,0.085149018,107.200466595,0.000931191,0.076616680,0.006886003,0.566567642,0.115516253,0.494861931,true,OK
1785680620.822068453,0.018561574,0.097112500,8.156806229,7.419141386,-0.103576725,0.086088114,106.977669066,0.000931328,0.000000000,0.006890803,0.000000000,0.183171010,0.521629557,true,OK
1785680621.822028637,0.118265556,0.016579463,8.650279870,7.412192778,-0.102898963,0.086482334,107.323025551,0.000275233,0.059347027,0.002036565,0.439133956,0.171594721,0.509868467,true,OK
1785680622.822062016,0.019446593,0.058398741,8.650620168,7.378101490,-0.103500105,0.085996359,107.452670639,0.000393157,0.232390036,0.002915089,1.723072853,0.138388391,0.509819622,true,OK
1785680623.822051764,0.019377907,0.111651333,7.931226089,7.384818279,-0.103795198,0.086089928,107.230217901,0.000149391,0.315279024,0.001104855,2.331725069,0.217658592,0.487737248,true,OK
1785680624.822089672,0.119979148,0.032056740,8.361159305,7.403074143,-0.102295598,0.086856803,106.871226134,0.000149742,0.144017660,0.001108041,1.065683268,0.198770033,0.521100063,true,OK
1785680625.822064638,0.019616722,0.084978537,8.354254905,7.394286373,-0.102822901,0.086345152,107.086159400,0.000316324,0.039564681,0.002339044,0.292559313,0.162488322,0.522421370,true,OK
1785680626.822064877,0.018508982,0.128184352,7.834607111,7.369559915,-0.103680466,0.085929622,107.131589800,0.000273195,0.131221234,0.002019390,0.969956670,0.153904833,0.496683045,true,OK
1785680627.822078228,0.018785445,0.046574166,8.664830679,7.388742914,-0.104559887,0.085575189,107.142067575,0.000290757,0.141274205,0.002151828,1.045537338,0.134307947,0.479015170,true,OK
1785680628.823726177,0.021331778,0.103253482,7.963933062,7.408482133,-0.104355175,0.085726381,107.441865955,0.000538679,0.055952910,0.003982743,0.413690258,0.197966088,0.505108365,true,OK
1785680629.822066545,0.117041389,0.020921871,8.553287574,7.415494480,-0.106117155,0.084674394,107.398748182,0.000346124,0.180225774,0.002591418,1.349345263,0.270591963,0.507757344,true,OK
1785680630.822037458,0.018817518,0.058179092,8.345400839,7.239495057,-0.105955572,0.084606036,107.380194560,0.000201571,0.246288351,0.001367081,1.670358430,0.138006413,0.475835688,true,OK
1785680631.822061777,0.016960593,0.117212871,7.881545792,7.383321279,-0.105227315,0.085235376,107.102483997,0.000156268,0.172458515,0.001155755,1.275496001,0.149746840,0.496555101,true,OK
1785680632.822059631,0.117793462,0.035522797,8.392474606,7.400485247,-0.104837488,0.085119498,107.391714674,0.000072060,0.065610604,0.000534802,0.486934192,0.106810963,0.506808372,true,OK
1785680633.822104931,0.019786555,0.090193222,8.300530990,7.399796417,-0.104697280,0.085223437,107.479223818,0.000334530,0.283930297,0.002475435,2.101010581,0.095790101,0.463601879,true,OK
1785680634.822182894,0.120469778,0.144835574,8.674585990,7.403699662,-0.105241024,0.085383438,107.269688786,0.000367400,0.076616680,0.002717372,0.566674498,0.179232127,0.530968952,true,OK
1785680635.822027206,0.018493777,0.051844296,8.563916382,7.382379700,-0.106778110,0.084378097,107.570824891,0.000091399,0.231546534,0.000676535,1.713900534,0.173682488,0.514289210,true,OK
1785680636.822032213,0.018703796,0.105730334,7.931844919,7.398893864,-0.107224343,0.083856761,107.356508956,0.000346003,0.048456644,0.002559078,0.358390634,0.126458525,0.478557511,true,OK
1785680637.822060108,0.117101296,0.025355463,8.573501223,7.413812125,-0.107323900,0.083929618,107.206722641,0.000424327,0.094872788,0.003099379,0.692972329,0.156719739,0.542741431,true,OK
1785680638.822080374,0.018298093,0.067314037,8.366230879,7.283681417,-0.106098480,0.084598838,107.145761890,0.000077492,0.098911718,0.000525860,0.671209918,0.185165179,0.524739462,true,OK
1785680639.822104692,0.017002407,0.121510649,7.927234965,7.396190720,-0.107083905,0.084011678,107.382255283,0.000315811,0.138476416,0.002338925,1.025569611,0.099539000,0.478271769,true,OK
1785680640.822054148,0.018324611,0.040393852,8.685029258,7.409154578,-0.106791449,0.084325180,107.496435063,0.000143354,0.232390036,0.001059872,1.718147903,0.218315449,0.519229994,true,OK
1785680641.822059870,0.019840649,0.094822834,8.282389673,7.409065715,-0.105110376,0.085718780,107.036664494,0.000261278,0.094872788,0.001930231,0.700888129,0.200849651,0.522794236,true,OK
1785680642.822074413,0.119002685,0.014225814,8.656349035,7.413540503,-0.103982796,0.086274130,107.208904166,0.000898508,0.027976455,0.006628295,0.206382385,0.170555139,0.532996865,true,OK
1785680643.822005272,0.016496018,0.056186092,8.229734143,7.346605934,-0.105660900,0.085463328,107.244415337,0.000215263,0.115349902,0.001603594,0.859295263,0.241667260,0.523682502,true,OK
1785680644.822064161,0.020157444,0.105890129,7.852930604,7.345237150,-0.105715849,0.085199526,106.872911509,0.000313784,0.201741190,0.002271496,1.460414243,0.110522139,0.521683188,true,OK
1785680645.822064400,0.118532611,0.029378574,8.467940073,7.416582816,-0.104843914,0.085463321,106.976097228,0.000699254,0.172458515,0.005173689,1.275998968,0.157946560,0.531756820,true,OK
1785680646.822143793,0.017848611,0.083751630,8.303813244,7.406864345,-0.104942356,0.085178599,107.080543122,0.000333668,0.150657858,0.002464080,1.112581374,0.108641991,0.533850022,true,OK
1785680647.822023153,0.115273167,0.002917759,8.670696080,7.410195289,-0.106039889,0.084545301,106.984201483,0.001165950,0.065610604,0.008633174,0.485807817,0.169912398,0.536137374,true,OK
1785680648.822045803,0.018764500,0.044855648,8.603018881,7.281855983,-0.106205921,0.085124052,107.317624498,0.000102096,0.277658662,0.000693782,1.886806672,0.127070279,0.562725730,true,OK
1785680649.822037458,0.015293518,0.099334740,8.106701128,7.377822273,-0.105681227,0.085202725,107.300188279,0.000188013,0.088469326,0.001391153,0.654607108,0.097180639,0.532245582,true,OK
1785680650.822079659,0.116692722,0.018464704,8.599126986,7.406105151,-0.106588790,0.084717864,107.310651175,0.000040865,0.102792073,0.000300614,0.756169298,0.123036718,0.523321751,true,OK
1785680651.822108746,0.019455945,0.072836889,8.442051223,7.406981951,-0.106791520,0.084912885,107.211241960,0.000067852,0.148037520,0.000502008,1.095270413,0.159415559,0.541731674,true,OK
1785680652.822066784,0.017740241,0.126106167,7.820534899,7.403013185,-0.106098247,0.085345915,107.009447680,0.000564198,0.160712550,0.004221731,1.202565032,0.207473094,0.499043159,true,OK
1785680653.822116852,0.120210481,0.033877778,8.345291881,7.383603422,-0.105701989,0.084989258,106.830108213,0.000353222,0.378975821,0.002618311,2.809214022,0.160642993,0.499318182,true,OK
1785680654.822070360,0.018441352,0.087300833,8.293730973,7.398995808,-0.103763408,0.086438123,107.025403495,0.000217683,0.142652530,0.001609837,1.054962010,0.112389201,0.561466693,true,OK
1785680655.821986675,0.118528629,0.007329685,8.627879464,7.404008619,-0.103269491,0.087057111,106.888780298,0.000136930,0.155766359,0.001013638,1.153079892,0.117042378,0.542805073,true,OK
1785680656.822018147,0.018421593,0.058451722,8.562732006,7.372223478,-0.103246127,0.086852228,107.317638038,0.000725571,0.062557256,0.005306123,0.457482853,0.178421883,0.544028055,true,OK
1785680657.822045803,0.017446944,0.103671444,7.893697459,7.307663756,-0.103467496,0.086483704,107.095693896,0.000396448,0.163129423,0.002932291,1.206572292,0.166575182,0.550301817,true,OK
1785680658.822083473,0.118410056,0.022797167,8.580962504,7.388985138,-0.103599021,0.086464455,106.839746874,0.000580595,0.048456644,0.004297713,0.358688544,0.188104164,0.545545426,true,OK
1785680659.822058439,0.019154833,0.077084648,8.342387159,7.404013450,-0.102516405,0.087513362,106.721362407,0.000276688,0.065610604,0.002044457,0.484799390,0.107794913,0.522744012,true,OK
1785680660.822056532,0.019146000,0.131083926,7.844880979,7.398635716,-0.103385284,0.087230232,106.994655111,0.000073862,0.118694067,0.000545838,0.877150576,0.179377417,0.561660123,true,OK
1785680661.822083235,0.018145574,0.049425815,8.645155537,7.403665741,-0.104294040,0.086588743,106.924318333,0.000364597,0.000000000,0.002724755,0.000000000,0.120960335,0.521790709,true,OK
1785680662.822011232,0.019182630,0.090976500,8.299612665,7.356566497,-0.104119485,0.086714591,106.795057013,0.000274787,0.081564685,0.002031771,0.603089103,0.172236660,0.502872583,true,OK
1785680663.822010040,0.118182889,0.006948629,8.632644459,7.349058605,-0.103381238,0.086742868,106.997187635,0.000240595,0.129721514,0.001780476,0.959977395,0.153682701,0.515453814,true,OK
1785680664.822014093,0.018019889,0.066017630,8.558091118,7.409947274,-0.103884178,0.086571927,107.214264064,0.000046285,0.044234660,0.000342367,0.327197808,0.132118016,0.510486003,true,OK
1785680665.822149992,0.016756129,0.120351222,7.934577317,7.416286643,-0.103064515,0.087024335,106.921843618,0.000128034,0.158258778,0.000950830,1.175290120,0.147158603,0.496004192,true,OK
1785680666.822055101,0.118043833,0.027064444,8.348880696,7.288679384,-0.102737432,0.087136450,106.669988790,0.000463766,0.159490387,0.003437206,1.182064215,0.145477085,0.507812227,true,OK
1785680667.822048187,0.019009740,0.081297148,8.325516230,7.378501068,-0.102183366,0.087204414,106.840166188,0.000578660,0.273397638,0.004287418,2.025664248,0.258050654,0.521521233,true,OK
1785680668.822011948,0.019815055,0.000380944,7.689493584,7.403524684,-0.102886895,0.086957786,106.760580826,0.000050282,0.111905833,0.000374807,0.834159954,0.172816515,0.513854415,true,OK
1785680669.822063446,0.019658667,0.055074000,8.648128385,7.424392659,-0.102688994,0.087488297,106.806291110,0.000444107,0.034264021,0.003282553,0.253257342,0.087533978,0.540234389,true,OK
1785680670.821992874,0.018282093,0.105592240,7.945941768,7.375689263,-0.105308811,0.086047957,106.762241432,0.001120492,0.096913294,0.008095991,0.700236162,0.115227170,0.508738425,true,OK
1785680671.822329998,0.119165740,0.027536352,8.528295810,7.403641197,-0.104892562,0.086282920,106.601930361,0.000301211,0.118694067,0.002230100,0.878785565,0.159062200,0.505975763,true,OK
1785680672.822113276,0.019730315,0.082711444,8.367837269,7.407123611,-0.103564087,0.087566877,106.459635296,0.000516919,0.296075307,0.003822053,2.189153498,0.165292881,0.530637491,true,OK
1785680673.822059155,0.018210611,0.123926704,7.907688085,7.366077766,-0.102638393,0.087851268,106.147876687,0.000539007,0.096913294,0.003983670,0.716262549,0.185577857,0.508663032,true,OK
1785680674.822102785,0.018921870,0.044127334,8.669756800,7.400197115,-0.103746756,0.086908736,106.492767343,0.000181720,0.165510998,0.001345910,1.225855552,0.134505473,0.520598059,true,OK
1785680675.822047472,0.019993148,0.098094463,8.171659967,7.407777546,-0.104195090,0.086794657,106.540645034,0.000188754,0.065610604,0.001395426,0.485048348,0.120451041,0.530833280,true,OK
1785680676.822109222,0.118816685,0.017417704,8.632888225,7.405476042,-0.102900286,0.087628405,106.229920774,0.000049073,0.096913294,0.000363207,0.717291887,0.116703731,0.515755405,true,OK
1785680677.822069407,0.018603167,0.070513093,8.346169175,7.407126705,-0.103674092,0.087417238,106.481428410,0.000471724,0.223811772,0.003553148,1.685807526,0.165353626,0.512545101,true,OK
1785680678.822040081,0.019679741,0.109588056,7.855849002,7.297776824,-0.105085005,0.086994943,106.520246101,0.001076543,0.019782341,0.007971446,0.146481705,0.120361393,0.524142927,true,OK
1785680679.822090149,0.117602129,0.032567426,8.297016437,7.393127298,-0.103901032,0.087565193,106.379818282,0.000740022,0.137056110,0.005471196,1.013295590,0.176332054,0.529294484,true,OK
1785680680.822092533,0.017329741,0.087071000,8.270679464,7.406115088,-0.102997363,0.088217132,106.376819552,0.000226540,0.034264021,0.001675211,0.253374496,0.145838707,0.532754546,true,OK
1785680681.822120190,0.118914704,0.005247592,8.673756779,7.406850187,-0.103157180,0.088278360,106.388714830,0.000760050,0.079129369,0.005625633,0.585688503,0.131668543,0.534296957,true,OK
1785680682.822107553,0.018203444,0.047411259,8.573853584,7.279581743,-0.103950628,0.087842428,106.244419617,0.000297619,0.193826655,0.002031819,1.323238354,0.114950943,0.537328562,true,OK
1785680683.821993113,0.016897426,0.102628315,7.926978561,7.382278907,-0.103192653,0.088237485,105.754364890,0.000125853,0.048456644,0.000932977,0.359221586,0.127855678,0.545131786,true,OK
1785680684.822012424,0.118232093,0.020470278,8.656125555,7.388492811,-0.104456439,0.087790695,106.073189449,0.000192213,0.068528042,0.001422758,0.507243494,0.157216403,0.541547303,true,OK
1785680685.822091818,0.019769334,0.075621074,8.370595246,7.405196496,-0.104165565,0.087825189,105.872167442,0.000749441,0.276953045,0.005536308,2.045920554,0.154473756,0.535831313,true,OK
1785680686.822077513,0.017117982,0.129887870,7.804402899,7.401220308,-0.105025380,0.087548558,106.114942554,0.000992844,0.244694222,0.007336419,1.808117292,0.085691731,0.546234447,true,OK
1785680687.822431564,0.018704018,0.037685981,8.655623231,7.312129335,-0.104941226,0.087811403,106.315905085,0.000266534,0.205584225,0.001972241,1.521235979,0.138003584,0.526419629,true,OK
1785680688.822056293,0.018004166,0.090213611,8.270770466,7.380976210,-0.105312631,0.088059579,106.354672679,0.000048344,0.110143430,0.000357154,0.813719736,0.146987756,0.570388461,true,OK
1785680689.822057009,0.119277148,0.006590000,8.668054681,7.363177775,-0.105519667,0.088174507,106.104517149,0.000362422,0.019782341,0.002680499,0.146311632,0.179206067,0.540666137,true,OK
1785680690.821992397,0.018942334,0.064934926,8.506920540,7.417222588,-0.104596343,0.089009088,106.171551593,0.000154552,0.198810171,0.001143227,1.470608486,0.205139595,0.542779367,true,OK
1785680691.822009325,0.020343629,0.118403574,7.926248165,7.408847962,-0.104690236,0.088992571,106.196054017,0.000115497,0.196831898,0.000871064,1.484486589,0.154630634,0.569340808,true,OK
1785680692.822052717,0.120018722,0.026242907,8.588098373,7.389782979,-0.103497274,0.089373770,106.056193867,0.000222697,0.086229231,0.001640657,0.635270334,0.104568940,0.527994403,true,OK
1785680693.822080612,0.017551389,0.079843814,8.351577507,7.396622115,-0.103902152,0.089400265,106.013151247,0.001037610,0.188711590,0.007656095,1.392424778,0.082645628,0.512914541,true,OK
1785680694.822119236,0.018102055,0.134740092,7.676262694,7.408876535,-0.102959962,0.089951177,106.062606633,0.000843851,0.123540700,0.006299368,0.922234070,0.202427232,0.479449024,true,OK
1785680695.822056770,0.016945963,0.053475759,8.612397528,7.403206438,-0.103031076,0.089787415,106.393938858,0.000147219,0.183453959,0.001086172,1.353514550,0.150763528,0.447550804,true,OK
1785680696.822158098,0.020189315,0.096208000,8.325898100,7.380589810,-0.101692703,0.090509623,105.770030045,0.000189496,0.248660374,0.001403382,1.841547004,0.129971096,0.435907654,true,OK
1785680697.822005033,0.118129518,0.014906907,8.631499011,7.399384274,-0.101295458,0.091097871,105.746794462,0.000196616,0.121946558,0.001454977,0.902416314,0.089417958,0.417614449,true,OK
1785680698.822048187,0.018937223,0.068861704,8.363910830,7.397299158,-0.101512254,0.090374181,106.267455937,0.000396777,0.065610604,0.002930863,0.484644212,0.160446962,0.402047113,true,OK
1785680699.822138071,0.017078815,0.123675518,7.873356468,7.405740664,-0.100349661,0.090907861,106.206254824,0.000322233,0.213062455,0.002384015,1.576324392,0.152677642,0.396201887,true,OK
1785680700.822061777,0.118455926,0.029704703,8.506382189,7.339926949,-0.099177477,0.091926874,105.935697618,0.000349322,0.000000000,0.002596805,0.000000000,0.150988525,0.410422305,true,OK
1785680701.822074652,0.020223186,0.084665277,8.347366749,7.395632473,-0.098588391,0.092548692,105.580971003,0.000354006,0.190774080,0.002641423,1.423464289,0.105828941,0.416699691,true,OK
1785680702.822020769,0.117263222,0.003537574,8.620636706,7.402995205,-0.099815005,0.091899669,106.122275235,0.000436094,0.186626315,0.003225888,1.380519269,0.187550837,0.422507957,true,OK
1785680703.822056770,0.016855260,0.057182482,8.560670558,7.421860724,-0.099829755,0.091763829,106.048178193,0.000234814,0.034264021,0.001773797,0.258832173,0.119639526,0.398522450,true,OK
1785680704.822027683,0.018095260,0.100197574,7.902290804,7.290192950,-0.100664274,0.091682204,106.273199099,0.000733762,0.175829360,0.004991434,1.196083586,0.113365311,0.508964552,true,OK
1785680705.822062016,0.118898592,0.019293167,8.596592273,7.385279665,-0.099850006,0.091717770,105.983313211,0.000611539,0.148037520,0.004529747,1.096533310,0.271154175,0.509647471,true,OK
1785680706.822053194,0.018638889,0.073505445,8.381336587,7.406576662,-0.100173739,0.091386487,106.395776822,0.000116103,0.220286968,0.000872513,1.655448897,0.139215732,0.525648573,true,OK
1785680707.822037458,0.016734037,0.127713482,7.827107352,7.401199882,-0.098329426,0.092502451,105.616189522,0.000137703,0.340923183,0.001017059,2.518019773,0.135214197,0.540255936,true,OK
1785680708.822116137,0.117673315,0.017678111,8.429156818,7.173039314,-0.098905216,0.092321098,105.848236722,0.000696503,0.199791944,0.005155331,1.478806578,0.130084694,0.523855557,true,OK
1785680709.822046995,0.018210055,0.075515056,8.369923308,7.314886889,-0.099698752,0.091941530,106.189122695,0.000697078,0.221173438,0.005153697,1.635197846,0.155728441,0.503178170,true,OK
1785680710.822058678,0.014349815,0.101283314,8.120916643,7.148133235,-0.095670948,0.094137651,105.618336159,0.000612931,0.169020462,0.004509981,1.243661161,0.139254109,0.462020201,true,OK
1785680711.822240114,0.113828815,0.022947796,8.641239266,7.343294817,-0.097834024,0.093367505,105.867900219,0.000203545,0.148037520,0.001519020,1.104775784,0.153913934,0.487096603,true,OK
1785680712.822053432,0.018841833,0.067400704,8.491859594,7.367295952,-0.097447526,0.093619521,106.062865488,0.000442789,0.076616680,0.003271865,0.566137362,0.112163434,0.522057048,true,OK
1785680713.822051764,0.019729630,0.121480592,7.915582316,7.394559414,-0.100861279,0.091335955,106.200213198,0.000099498,0.164324520,0.000736104,1.215698132,0.163008670,0.554561070,true,OK
1785680714.822067261,0.017961982,0.040008167,8.645100647,7.393017520,-0.099425266,0.091871516,106.065150591,0.000107400,0.217605878,0.000791708,1.604105041,0.206542776,0.544429039,true,OK
1785680715.822068214,0.019075982,0.082640593,8.250153917,7.368484199,-0.099160979,0.092014364,105.864106623,0.000089417,0.039564681,0.000661369,0.292636772,0.177497142,0.559295537,true,OK
1785680716.822005272,0.120121352,0.001138351,8.627125951,7.397081558,-0.099894025,0.091694920,105.964489773,0.000207262,0.298707144,0.001533539,2.210142208,0.163541355,0.570654246,true,OK
1785680717.822138309,0.019875333,0.056135482,8.623272589,7.413701247,-0.099886480,0.091847789,105.927625261,0.000492025,0.207479056,0.003626307,1.529155569,0.071676814,0.587940260,true,OK
1785680718.822067976,0.017983685,0.098382870,8.169247067,7.380318835,-0.099480333,0.092355948,105.790673190,0.000166697,0.027976455,0.001232496,0.206846998,0.203569983,0.627976012,true,OK
1785680719.822092295,0.118300333,0.017421945,8.590953282,7.407812063,-0.100230186,0.091960152,105.743829685,0.000480233,0.126668806,0.003563571,0.939945839,0.156154658,0.587282244,true,OK
1785680720.822073936,0.017791797,0.053336537,8.573313338,7.274388126,-0.101889282,0.091458392,105.517794126,0.000745684,0.000000000,0.005478719,0.000000000,0.197445379,0.575761208,true,OK
1785680721.822066784,0.014414204,0.101082167,8.082472584,7.299123053,-0.100145566,0.092001853,105.424085443,0.000294062,0.090654086,0.002196396,0.677109093,0.137969487,0.590561635,true,OK
1785680722.822093487,0.118451889,0.006216111,8.555651686,7.293599367,-0.100305606,0.091925607,105.454582991,0.000191814,0.157017511,0.001425530,1.166931388,0.138163037,0.572295164,true,OK
1785680723.822071314,0.020700037,0.049617278,9.048485435,7.395181149,-0.100586683,0.091608232,105.532063085,0.000620444,0.034264021,0.004594519,0.253732451,0.153767351,0.556041740,true,OK
1785680724.822074890,0.018237481,0.091348444,10.674430285,7.416788425,-0.100137393,0.091679406,105.704022522,0.000212485,0.173589404,0.001572965,1.285031474,0.157011192,0.551420462,true,OK
1785680725.822103977,0.018711055,0.134558648,8.196311474,7.402579383,-0.099474950,0.092184802,105.696421415,0.000033250,0.185574892,0.000247741,1.382668795,0.126302442,0.555961018,true,OK
1785680726.822027445,0.019348852,0.040782241,8.859474777,7.335941638,-0.100580719,0.091959653,105.862070931,0.000457432,0.161925496,0.003379708,1.196377088,0.177885773,0.538461673,true,OK
1785680727.822057962,0.020629815,0.090150426,9.481087677,7.332214191,-0.101657470,0.091337310,105.349856539,0.000233433,0.150657858,0.001724947,1.113282330,0.178431959,0.521908129,true,OK
1785680728.822054863,0.116038759,0.002639704,8.794425128,7.283303387,-0.100690840,0.092212149,105.333245034,0.000050293,0.307104889,0.000371037,2.265662823,0.201451727,0.518736682,true,OK
1785680729.822044611,0.019302407,0.056072519,8.652106315,7.386355199,-0.101060970,0.092329346,105.785374922,0.000242134,0.273397638,0.001792699,2.024163660,0.152095964,0.517451560,true,OK
1785680730.822057486,0.015716907,0.096838963,8.219600607,7.313868389,-0.100698445,0.092413797,105.730635245,0.000299902,0.307741377,0.002210975,2.268766559,0.177603400,0.536004048,true,OK
1785680731.822072983,0.319179259,0.004034500,7.942855142,7.281103746,-0.100070270,0.092843215,105.836942790,0.000340235,0.149353439,0.002516853,1.104828057,0.134636246,0.534517342,true,OK
1785680732.822060108,0.076526463,0.046790241,7.138654408,7.328462085,-0.099729937,0.093008920,105.844266134,0.000154779,0.000000000,0.001154957,0.000000000,0.151457353,0.498456371,true,OK
1785680733.844285011,0.185878166,0.025106796,8.020245441,6.714428153,-0.095340371,0.095392792,105.602448676,0.000092780,0.258687892,0.000630593,1.758216060,0.158996098,0.490530293,true,OK
1785680734.822923660,0.058594666,0.130899722,7.708907350,7.100111030,-0.096274597,0.094904381,105.540323863,0.000397132,0.293419857,0.002941199,2.173093792,0.172426065,0.484286867,true,OK
1785680735.823896408,0.052628388,0.038812833,7.866833698,7.379634528,-0.094927254,0.095983687,105.744650640,0.000823909,0.181308225,0.006119126,1.346565228,0.163985536,0.497934906,true,OK
1785680736.822043896,0.076224297,0.068040407,8.261293948,7.391437094,-0.095798784,0.095452387,105.531352116,0.000516277,0.243893275,0.003530630,1.667898707,0.173626433,0.506518934,true,OK
1785680737.822061539,0.074268186,0.094762851,8.727784394,7.246318027,-0.095975029,0.095655128,105.667758671,0.000245870,0.123540700,0.001823197,0.916089181,0.183938115,0.498125601,true,OK
1785680738.821994066,0.072452666,0.004957222,8.278375095,7.355004856,-0.095983270,0.095918365,105.579557317,0.000432649,0.304545622,0.003209232,2.259008083,0.208386710,0.487043933,true,OK
1785680739.822045088,0.074948740,0.046573352,7.657172089,7.273598343,-0.095481926,0.096159245,105.711629905,0.000334473,0.293419857,0.002475932,2.172035684,0.203616272,0.532758866,true,OK
1785680740.822110176,0.069386314,0.097955241,8.683681192,7.487758954,-0.094936231,0.096292366,106.159811324,0.000812141,0.553200713,0.005957669,4.058147911,0.184707094,0.501459387,true,OK
1785680741.822072268,0.077836389,0.008067260,8.276717360,7.401709672,-0.095466403,0.096089366,105.756078135,0.000180089,0.288714071,0.001331159,2.134079700,0.172419334,0.511126680,true,OK
1785680742.822193623,0.077279037,0.049401963,7.655982031,7.332858286,-0.094190805,0.096711412,105.729891116,0.000168504,0.155766359,0.001147706,1.060946912,0.185985673,0.548918458,true,OK
1785680743.825644970,0.229548703,0.079707630,7.649886996,7.225606945,-0.094492239,0.096944733,105.584542558,0.000467361,0.083929371,0.003092755,0.555401005,0.106668111,0.513035699,true,OK
1785680744.824333429,0.078209759,0.135118389,7.747689055,7.374518326,-0.096901758,0.095476591,105.908869331,0.000795184,0.034264021,0.005857567,0.252399080,0.188134122,0.486785228,true,OK
1785680745.822216749,0.076564667,0.039309037,7.632719702,7.357161954,-0.095108351,0.096586581,105.493344635,0.000417747,0.308376558,0.003104723,2.291875802,0.165426370,0.490862328,true,OK
1785680746.824763060,0.181531963,0.076109148,8.483387798,7.225560873,-0.094153730,0.097033070,105.885590046,0.000405319,0.240662729,0.002822656,1.675985035,0.175848995,0.506025935,true,OK
1785680747.822063208,0.079255241,0.125212777,9.074587884,7.362626757,-0.093466808,0.097173851,105.930644396,0.000909054,0.019782341,0.006726270,0.146373480,0.199695754,0.500293322,true,OK
1785680748.822574377,0.052667481,0.029842759,7.860823438,7.330860490,-0.094110298,0.097065096,105.727740562,0.000452289,0.096913294,0.003123295,0.669237383,0.168579549,0.511713175,true,OK
1785680749.822196007,0.015314537,0.192250407,11.187062921,7.513088222,-0.093639693,0.097216567,105.739264750,0.000079458,0.094872788,0.000587614,0.701611677,0.137774383,0.492065060,true,OK
1785680750.824131250,0.073798537,0.119234389,9.744210147,7.170295548,-0.094021724,0.096768340,105.912479268,0.000974450,0.486984697,0.007152187,3.574329337,0.149501778,0.471348781,true,OK
1785680751.823160887,0.088659204,0.003439556,7.880234205,8.249026540,-0.093235817,0.097388453,105.480207955,0.000309679,0.237388267,0.002012007,1.542327801,0.174376767,0.490311692,true,OK
1785680752.822005749,0.077763518,0.051765648,8.380933739,7.561022669,-0.093086140,0.097617253,105.664888311,0.000380543,0.019782341,0.002816505,0.146414627,0.142702349,0.495513900,true,OK
1785680753.822016239,0.168962500,0.087892592,8.922412520,7.317748725,-0.094191761,0.097075967,105.871039268,0.000115805,0.027976455,0.000856258,0.206856996,0.174796785,0.517321782,true,OK
1785680754.822074413,0.069518445,0.013912018,8.240043743,7.414173612,-0.094242124,0.097141250,105.699490293,0.000135678,0.034264021,0.001004518,0.253680616,0.171013746,0.492163885,true,OK
1785680755.822054625,0.074528889,0.053682297,7.684092970,7.480544490,-0.093641452,0.097585276,105.637160112,0.000580709,0.027976455,0.004077066,0.196418095,0.156721439,0.480124416,true,OK
1785680756.822322607,0.077072260,0.095949796,8.649834826,7.379490630,-0.094123444,0.097325448,106.142901429,0.000200326,0.270519701,0.001493801,2.017220564,0.150342986,0.513385830,true,OK
1785680757.824218512,0.077980759,0.003812648,8.204297825,7.255553385,-0.095089190,0.096729093,105.960837628,0.000064105,0.239848309,0.000474598,1.775700289,0.123630277,0.505941262,true,OK
1785680758.822039843,0.078872926,0.046239740,8.090687015,7.498534191,-0.095036813,0.096801797,105.895955460,0.000396321,0.019782341,0.002934908,0.146495927,0.173052038,0.488331073,true,OK
1785680759.822037935,0.170755574,0.087410204,8.266292550,7.306623143,-0.095278735,0.096586661,105.895165586,0.000455122,0.144017660,0.003369868,1.066351638,0.200280671,0.495533306,true,OK
1785680760.822079659,0.074784981,0.130767185,8.311713894,7.295638664,-0.095507621,0.096436501,105.937715530,0.000080269,0.232390036,0.000545197,1.578415764,0.162800428,0.524668787,true,OK
1785680761.822113991,0.066363574,0.034669834,7.717772296,7.266846446,-0.095297271,0.096474455,106.055529296,0.000475221,0.048456644,0.003229315,0.329281781,0.129380723,0.514320049,true,OK
1785680762.822150707,0.176077777,0.078728519,8.403967924,7.342445518,-0.094635961,0.096856318,105.925832395,0.000154708,0.171320168,0.001048996,1.161637925,0.169725328,0.497367341,true,OK
1785680763.822855473,0.073646537,0.118698574,8.252433766,7.289260365,-0.095182405,0.096704238,106.462544147,0.000882504,0.034264021,0.006547131,0.254198240,0.159498918,0.540989811,true,OK
1785680764.862124205,0.060642574,0.194048167,7.459820029,7.236782093,-0.094774443,0.096882316,106.440954400,0.000855453,0.268340977,0.006284486,1.971335335,0.183567326,0.489300219,true,OK
1785680765.875531673,0.398569259,0.357769888,8.896587962,7.385698570,-0.094662581,0.096979279,106.460054583,0.000409738,0.197823503,0.003065342,1.479960747,0.152687478,0.520197401,true,OK
1785680766.827208757,0.029235666,0.093120611,10.895711377,7.156693504,-0.094152150,0.097198909,106.368340177,0.001076054,0.365304984,0.007937710,2.694739194,0.145338829,0.511200545,true,OK
1785680767.822159767,0.025219889,0.007017296,8.459659120,7.429503028,-0.092450317,0.097810245,106.333208231,0.000332810,0.019782341,0.002463683,0.146442267,0.103333107,0.513787351,true,OK
1785680768.822259665,0.021999037,0.048329000,8.911818791,7.384001178,-0.096704093,0.095559527,106.207728793,0.000880575,0.204630240,0.006575912,1.528126145,0.115038769,0.481270427,true,OK
1785680769.822136164,0.021753500,0.090469203,8.225740527,7.313196009,-0.094356484,0.096926501,105.813829098,0.000875876,0.525259316,0.006516694,3.908036201,0.231350818,0.509659165,true,OK
1785680770.822541714,0.083287907,0.122845148,12.590664786,7.409897851,-0.095566855,0.096413163,106.251418988,0.000510048,0.121946558,0.003442341,0.823023934,0.137552895,0.513939778,true,OK
1785680771.822075367,0.120618259,0.038854463,9.435647901,7.476802576,-0.097158685,0.095751796,106.561772312,0.000258596,0.276953045,0.001874992,2.008092601,0.116288431,0.523567626,true,OK
1785680772.822067022,0.025262278,0.094408592,8.468876856,7.426610312,-0.096945588,0.096495038,106.207008756,0.000756136,0.209356731,0.005596138,1.549442857,0.153753654,0.479688927,true,OK
1785680773.822895288,0.026680685,0.134687093,7.783805741,7.329376674,-0.097482530,0.095944591,106.437738369,0.000039963,0.000000000,0.000296246,0.000000000,0.180466101,0.506213077,true,OK
1785680774.822057486,0.021933740,0.042306648,8.737246507,7.482737191,-0.097105225,0.096309073,106.278707860,0.000283803,0.192814506,0.002157605,1.465869118,0.179869847,0.481696656,true,OK
1785680775.822078466,0.024083852,0.083573834,8.168617426,7.383101982,-0.097808987,0.096343263,106.075339124,0.000474623,0.088469326,0.003522471,0.656585853,0.112397012,0.514401875,true,OK
1785680776.822857618,0.277927852,0.110078296,7.446104072,7.413903068,-0.097566532,0.096633671,106.399537495,0.000086520,0.100870555,0.000637581,0.743332632,0.169505945,0.502273574,true,OK
1785680777.822069407,0.056534018,0.033697148,7.131949645,7.436180820,-0.096073451,0.097370444,106.390304920,0.000778860,0.416371027,0.005766303,3.082608602,0.203897339,0.500581831,true,OK
1785680778.822068453,0.151581389,0.075559463,8.133207520,7.381403308,-0.096435794,0.097537370,106.195614150,0.000836976,0.227281935,0.006199578,1.683503846,0.156367429,0.516052647,true,OK
1785680779.822231054,0.053453537,0.129112592,8.234826917,7.404546599,-0.096063089,0.097835610,106.103290646,0.000557968,0.044234660,0.004126037,0.327104211,0.125746808,0.505243245,true,OK
1785680780.823993683,0.047972129,0.015719963,7.833740733,7.457047031,-0.095857578,0.098077874,106.269875518,0.000140604,0.187671854,0.000987492,1.318061218,0.211137064,0.509576103,true,OK
1785680781.822046280,0.057839574,0.077914815,9.004359475,7.471799998,-0.095896247,0.097925004,106.477131649,0.000576377,0.216704814,0.004344269,1.633347583,0.118574060,0.509364968,true,OK
1785680782.822297573,0.047253130,0.118169556,8.811566265,7.365399877,-0.095747884,0.098058751,106.490894347,0.000059826,0.141274205,0.000450161,1.063017998,0.155971797,0.501069214,true,OK
1785680783.822068691,0.053038185,0.025438167,7.977127924,7.346711303,-0.095406231,0.098301067,106.454902158,0.000232545,0.000000000,0.001719981,0.000000000,0.143214483,0.501230999,true,OK
1785680784.822091818,0.160085926,0.068717037,8.577679659,7.362327034,-0.094398275,0.098500165,106.161473162,0.000296512,0.110143430,0.002187249,0.812483669,0.109347425,0.530052767,true,OK
1785680785.822155237,0.053968556,0.106680148,8.247591695,7.294606786,-0.094977059,0.098085030,106.368544294,0.000457741,0.048456644,0.003382697,0.358093901,0.108892838,0.551492391,true,OK
1785680786.823536873,0.031442685,0.013795982,7.413104687,7.319059270,-0.094674519,0.098349581,106.327776042,0.000174288,0.342069160,0.001285001,2.522024289,0.189437537,0.531053218,true,OK
1785680787.822038412,0.152965796,0.055693222,8.740715129,7.355396457,-0.095391740,0.098021442,106.481231363,0.000461111,0.274112407,0.003399880,2.021097301,0.117252996,0.503817270,true,OK
1785680788.824310780,0.157075203,0.084685426,8.648759910,7.207690311,-0.094837170,0.098231896,106.314029786,0.000033884,0.150657858,0.000250867,1.115439114,0.116084917,0.551518650,true,OK
1785680789.822134495,0.048712741,0.140232407,11.457384074,7.406463786,-0.095284325,0.098202305,106.510590841,0.000281585,0.275536395,0.002082172,2.037448010,0.161682564,0.547018429,true,OK
1785680790.822059631,0.043278685,0.038629907,11.921096190,7.083018277,-0.094758919,0.098316169,106.238269225,0.000884159,0.184517467,0.006517356,1.360123608,0.145656674,0.531841855,true,OK
1785680791.823052883,0.032145981,0.082218185,9.169616793,7.333438390,-0.094981899,0.098298994,106.359768832,0.000173548,0.160712550,0.001284123,1.189149563,0.190068141,0.534244452,true,OK
1785680792.822121143,0.142398797,0.195929759,11.016177752,6.920202836,-0.093821891,0.098821242,106.162576491,0.001154849,0.139882314,0.007799775,0.944755826,0.113295263,0.500328617,true,OK
1785680793.822059631,0.045211982,0.073035871,11.611688341,6.468149850,-0.093081874,0.099200186,106.420188619,0.000211207,0.129721514,0.001339415,0.822655112,0.165005956,0.497358180,true,OK
1785680794.823942423,0.123395333,0.050406703,9.471715994,6.983338890,-0.092292632,0.099368695,106.261254706,0.000685499,0.048456644,0.004470207,0.315990717,0.159737399,0.528529390,true,OK
1785680795.822066784,0.046063259,0.113265352,8.682063198,7.352833148,-0.092150351,0.099582547,106.047320788,0.000419363,0.257170656,0.003111331,1.907996280,0.284497376,0.500846520,true,OK
1785680796.822058439,0.147778185,0.033444592,8.726994094,7.402477624,-0.092821811,0.099715398,106.292582299,0.000456424,0.052339156,0.003356372,0.384882478,0.134892779,0.487302941,true,OK
1785680797.822039366,0.094596574,0.035609445,7.617220612,7.049668869,-0.092337211,0.099998438,106.609531871,0.000137258,0.088469326,0.000987051,0.636201965,0.145207209,0.495185999,true,OK
1785680798.822194099,0.042201945,0.116773760,8.481443493,7.435449917,-0.089972683,0.100843383,106.358717813,0.001464666,0.170174190,0.010834077,1.258772084,0.119598487,0.487615177,true,OK
1785680799.822144985,0.044132889,0.009811481,7.795849412,7.260693272,-0.088217848,0.102138371,106.477915870,0.000288953,0.170174190,0.002136937,1.258513829,0.176632681,0.484797036,true,OK
1785680800.822050333,0.121052870,0.044328018,8.152901223,8.062355379,-0.088239624,0.101900462,106.736844553,0.000040908,0.271962471,0.000302737,2.012653384,0.145297140,0.476569188,true,OK
1785680801.825062990,0.047305518,0.108110482,8.206904767,7.583020871,-0.087792992,0.102019671,106.793929300,0.000276957,0.157017511,0.002035306,1.153893979,0.158885998,0.497133346,false,WAITING_FOR_ODOM
1785680802.822567225,0.044104833,0.002370685,7.839661563,7.335728008,-0.088061559,0.101586063,106.762918908,0.000722841,0.019782341,0.004900780,0.134121992,0.201459834,0.501938908,true,OK
1785680803.822145462,0.136464185,0.044337630,8.514587133,7.322825191,-0.087936987,0.101742749,106.753720871,0.000109474,0.121946558,0.000810323,0.902645025,0.156520057,0.496801837,true,OK
1785680804.822124720,0.039119574,0.084738130,8.398816696,7.339706736,-0.088716650,0.101185910,106.661764327,0.000057868,0.100870555,0.000428285,0.746547204,0.132261921,0.514522093,true,OK
1785680805.824285746,0.047581723,0.128391444,8.179188878,7.340585787,-0.089332256,0.101108541,106.722526860,0.000299996,0.178041140,0.002200368,1.305869894,0.145938355,0.518910789,true,OK
1785680806.822928905,0.144634481,0.036378148,8.624001852,7.415466629,-0.090030974,0.101201155,106.621781383,0.001090115,0.296075307,0.008215175,2.231241280,0.120076602,0.514875582,true,OK
1785680807.822046041,0.041622574,0.076882148,8.687518582,7.397209451,-0.089911660,0.101198857,106.974139879,0.000596165,0.052339156,0.004476385,0.392995287,0.170625730,0.505850218,true,OK
1785680808.822268248,0.034581278,0.116386389,8.312470831,7.351365815,-0.090579059,0.100993781,107.068908093,0.000343276,0.244694222,0.002530057,1.803479451,0.138450543,0.506927297,true,OK
1785680809.822104216,0.045525888,0.008717629,7.870807983,7.309830872,-0.091654621,0.100559717,106.893238036,0.000236547,0.000000000,0.001591014,0.000000000,0.126454474,0.516109049,true,OK
1785680810.822112799,0.145399574,0.051759074,8.333467636,7.273147459,-0.092340345,0.100402586,106.909241306,0.001141544,0.148037520,0.007746648,1.004599241,0.124499881,0.538682855,true,OK
1785680811.825642824,0.038286445,0.006915093,7.505320085,6.708735998,-0.092593966,0.100341803,106.961718996,0.000160669,0.144017660,0.001184563,1.061795099,0.102374109,0.500934486,true,OK
1785680812.832802773,0.026824852,0.112014074,8.407434783,6.788751046,-0.091742820,0.100830073,107.108640728,0.000791785,0.161925496,0.005803906,1.186939176,0.166854709,0.513133426,true,OK
1785680813.822128296,0.129704611,0.032398963,9.450619243,7.321304481,-0.091806979,0.100846079,106.712442945,0.000209735,0.419647756,0.001550584,3.102478655,0.173238471,0.513479041,true,OK
1785680814.822460651,0.041887611,0.075778333,8.743170276,7.317058005,-0.091501280,0.101011924,107.026526746,0.000144359,0.297394120,0.001068363,2.200927115,0.133241333,0.514615147,true,OK
1785680815.823782682,0.067366204,0.054410222,7.228284479,6.818171582,-0.092047917,0.100481263,106.696276561,0.000382724,0.128204252,0.002820371,0.944764033,0.114761790,0.510118252,true,OK
1785680816.822143078,0.044386112,0.022935407,7.428376836,7.536429704,-0.092449048,0.100670345,107.023507682,0.000423118,0.187671854,0.003142920,1.394027871,0.154846282,0.513713513,true,OK
1785680817.822135448,0.045073703,0.066800018,8.869520201,7.409474612,-0.092089969,0.100974114,107.387327373,0.000684093,0.161925496,0.005113711,1.210420435,0.122250214,0.556436366,true,OK
1785680818.822373152,0.030031204,0.107728296,8.287289930,7.352948533,-0.093556417,0.100381898,107.349697273,0.000790188,0.267610787,0.005826605,1.973279183,0.154794828,0.510423119,true,OK
1785680819.822067976,0.044802388,0.016657574,7.897022143,7.467022528,-0.094241995,0.100055126,107.321542411,0.000043922,0.291412395,0.000328090,2.176803220,0.119490916,0.501465449,true,OK
1785680820.822009325,0.104104074,0.058433537,7.497621183,6.810942716,-0.092864807,0.100849345,107.341091947,0.000349997,0.074018747,0.001293677,0.273592101,0.203046521,0.528190574,true,OK
1785680821.822113752,0.044810074,0.100268482,8.911689156,7.271598125,-0.092668814,0.100759629,107.374369042,0.000278430,0.275536395,0.002174528,2.151928840,0.127417411,0.552824984,true,OK
1785680822.822315931,0.018469037,0.005334759,7.759217500,7.358129569,-0.094078271,0.099964131,107.715375841,0.000047778,0.039564681,0.000352391,0.291813912,0.160854443,0.528136731,true,OK
1785680823.822081804,0.137765389,0.037078759,11.310195149,7.375631537,-0.094500054,0.099872455,107.716112288,0.000364122,0.262442628,0.002475988,1.784578073,0.093040220,0.523312998,true,OK
1785680824.822321415,0.047741555,0.079430611,10.148514970,7.366096654,-0.093314678,0.100527731,107.796480436,0.000765285,0.117033931,0.005862630,0.896564017,0.101292129,0.499060267,true,OK
1785680825.830150366,0.033680778,0.127420130,7.892542177,6.800557074,-0.093314678,0.100527731,107.796480436,0.001564215,0.170848151,0.001632812,0.178340451,0.144269217,0.521609049,false,LOW_ANGULAR_COVERAGE
1785680826.824219704,0.029792019,0.021727408,7.765022191,7.258260589,-0.095098245,0.099751764,107.991591193,0.000075611,0.086229231,0.000558134,0.636509531,0.113579646,0.513050338,true,OK
1785680827.821958542,0.048323222,0.067174019,8.820527573,7.340364575,-0.094517336,0.100581982,107.967844986,0.000563073,0.377423687,0.004165557,2.792140302,0.194986405,0.520245409,true,OK
1785680828.822015047,0.047431888,0.107347407,9.425451888,7.342957388,-0.095384084,0.100020960,107.786761777,0.000689240,0.215799987,0.005095755,1.595473018,0.137722643,0.519256763,true,OK
1785680829.822057009,0.143449111,0.029870093,8.894619058,7.393233734,-0.094628251,0.100198179,108.027937784,0.000098111,0.104678325,0.000726335,0.774955654,0.152590929,0.480559321,true,OK
1785680830.822249413,0.044735611,0.073136019,8.736739640,7.369034563,-0.093797747,0.100958431,107.825612293,0.000149054,0.118694067,0.001111167,0.884838835,0.107702793,0.452178711,true,OK
1785680831.822084427,0.041675648,0.127056704,8.126170144,7.397030587,-0.092887875,0.101545356,107.737314036,0.000252267,0.000000000,0.001864362,0.000000000,0.175980957,0.425151802,true,OK
1785680832.822078943,0.150188092,0.034615926,8.858233506,7.371767864,-0.093785089,0.101134600,108.007070609,0.000183445,0.199791944,0.001336676,1.455792549,0.128327226,0.383019472,true,OK
1785680833.822048664,0.047386778,0.087472797,8.698306556,7.390163480,-0.092686690,0.101850395,107.907275729,0.000618007,0.173589404,0.004626586,1.299541655,0.106207152,0.385067150,true,OK
1785680834.821979284,0.043915537,0.130368426,7.888260138,7.279178252,-0.091922563,0.102335653,107.810993754,0.000502297,0.149353439,0.003399950,1.010943352,0.145554911,0.371373257,true,OK
1785680835.822063208,0.146682352,0.050026740,8.656058807,7.385155773,-0.091117047,0.102313111,107.656417502,0.000257757,0.115349902,0.001908080,0.853893674,0.116499976,0.392724233,true,OK
1785680836.822065353,0.046102722,0.104240000,8.500203775,7.400629398,-0.091010820,0.102783943,107.932008253,0.000008450,0.385121790,0.000062457,2.846582129,0.108800079,0.385726765,true,OK
1785680837.822065592,0.047831648,0.007359481,7.957721400,7.335601713,-0.087348898,0.105007232,107.589397219,0.000861384,0.044234660,0.006368956,0.327065018,0.111091608,0.402627662,true,OK
1785680838.822041035,0.044762574,0.059706889,8.621162294,7.346294566,-0.087473442,0.104389926,107.893093348,0.000997084,0.039564681,0.007390555,0.293260220,0.158274162,0.429822754,true,OK
1785680839.822082996,0.047845982,0.105884592,8.212969202,7.270855898,-0.088283387,0.104143092,108.009893272,0.000095929,0.547869377,0.000644591,3.681404265,0.081860813,0.407969498,true,OK
1785680840.822051525,0.048161555,0.026716555,7.643305610,7.414724370,-0.087607645,0.104612998,107.762845306,0.000128354,0.034264021,0.000923360,0.246489825,0.219935612,0.425254121,true,OK
1785680841.822026491,0.049591130,0.079031778,8.638106182,7.387646721,-0.088302755,0.104542643,107.990901637,0.000826364,0.141274205,0.006044449,1.033352312,0.130383297,0.420345826,true,OK
1785680842.822090149,0.047420759,0.122833593,7.916480090,7.286115589,-0.087783417,0.104767162,107.850075038,0.000360132,0.192814506,0.002441306,1.307074063,0.156507743,0.410952161,true,OK
1785680843.822047949,0.147787573,0.041681278,8.571823595,7.400220055,-0.088110384,0.104654924,107.368084876,0.000873099,0.251009959,0.006714694,1.930427856,0.101614313,0.412495230,true,OK
1785680844.822080851,0.046726944,0.096554222,8.290106810,7.412329804,-0.086787766,0.105456774,108.012458516,0.000227063,0.213062455,0.001680434,1.576821047,0.167872725,0.365929471,true,OK
1785680845.822024107,0.045155000,0.003214740,7.929193495,7.356079143,-0.086097945,0.105766622,108.161658009,0.000702627,0.375344188,0.005199597,2.777631226,0.150271161,0.408305694,true,OK
1785680846.822082520,0.144574166,0.055523908,8.575752444,7.386341035,-0.086261026,0.105649439,107.834993953,0.000090105,0.235733974,0.000662770,1.733942476,0.163104614,0.410632035,true,OK
1785680847.822405100,0.049851019,0.107070870,8.381531357,7.352931050,-0.082588317,0.107697154,107.498365022,0.000116218,0.794508148,0.000849331,5.806346158,0.142049516,0.428683883,true,OK
1785680848.822032213,0.048909741,0.018605037,7.829140558,7.380513544,-0.081330866,0.108527391,107.385797374,0.000228270,0.260196297,0.001689238,1.925498848,0.187517914,0.422912373,true,OK
1785680849.822067261,0.046361833,0.073162204,8.677672173,7.402599262,-0.082400302,0.107794122,107.653756948,0.000137310,0.039564681,0.001015534,0.292616531,0.130680425,0.448652887,true,OK
1785680850.822077274,0.046265314,0.115233797,8.113303285,7.311514367,-0.080957232,0.108431135,107.098838576,0.000520167,0.287355397,0.003848021,2.125760016,0.141026367,0.414348653,true,OK
1785680851.822056293,0.148974074,0.034316685,8.691715596,7.412556978,-0.079503861,0.109262002,106.807409125,0.000186744,0.810600074,0.001383918,6.007175854,0.169290784,0.439578309,true,OK
1785680852.822135925,0.044043648,0.076118352,8.565002417,7.281966408,-0.078462063,0.109721010,107.304395085,0.000168899,0.191796995,0.001147250,1.302787438,0.117805440,0.436210351,true,OK
1785680853.822054863,0.045989351,0.129589148,7.925144988,7.370414769,-0.078826697,0.109981767,107.051349876,0.000250444,0.165510998,0.001850581,1.222994037,0.114619667,0.464537279,true,OK
1785680854.822073936,0.147181370,0.048398241,8.571486830,7.396797316,-0.076928356,0.111358324,107.292170167,0.000316654,0.407824272,0.002341633,3.015829211,0.158077618,0.446919738,true,OK
1785680855.822002888,0.044924315,0.090971130,8.451263566,7.324620135,-0.077943683,0.111377704,106.831996290,0.000547996,0.986554125,0.004101247,7.383449694,0.120685794,0.455670316,true,OK
1785680856.822032928,0.047405241,0.006871741,7.901222174,7.350155311,-0.078000303,0.111583338,107.633379397,0.000753479,0.416840709,0.005575951,3.084736365,0.098759547,0.459873033,true,OK
1785680857.822052002,0.144790722,0.052127204,8.410839901,7.273986246,-0.076656678,0.112136807,107.172589990,0.000925513,0.758471963,0.006838434,5.604198099,0.107975920,0.453036401,true,OK
1785680858.822120190,0.046696426,0.106938185,8.437006685,7.375726508,-0.077290192,0.111823225,107.546396611,0.001259370,0.192814506,0.009313368,1.425913891,0.173137070,0.430031108,true,OK
1785680859.822061777,0.045252037,0.024388852,7.691258233,7.394919613,-0.077277502,0.111857082,107.382948148,0.000149186,0.242283378,0.001097931,1.783074801,0.163950980,0.450699527,true,OK
1785680860.822048426,0.048076944,0.067839833,8.688963999,7.346161295,-0.077353585,0.111976529,107.355369128,0.000190947,0.166689032,0.001408708,1.229744763,0.122554524,0.471137676,true,OK
1785680861.822167397,0.048291371,0.121707407,8.269141310,7.382627489,-0.078166985,0.111820968,106.982626842,0.000659034,0.434312413,0.004892683,3.224345953,0.150101941,0.499179816,true,OK
1785680862.822046995,0.046707111,0.029577741,7.630656759,7.310012919,-0.079376540,0.110959895,106.777843911,0.000510018,0.310904261,0.003451741,2.104161121,0.125728300,0.472026634,true,OK
1785680863.822112083,0.050236074,0.083886445,8.679793224,7.387084737,-0.078887469,0.111472278,107.303493692,0.000183669,0.052339156,0.001359348,0.387366466,0.197848733,0.500826317,true,OK
1785680864.822033405,0.046697925,0.002789482,7.965041773,7.406829555,-0.078371557,0.111860946,106.878522076,0.000210468,0.159490387,0.001555814,1.178977438,0.111809915,0.505317495,true,OK
1785680865.822103500,0.145588426,0.056731111,8.485486378,7.403625516,-0.077146768,0.112811085,106.918982743,0.000864209,0.750953046,0.006400137,5.561389959,0.099262351,0.506909101,true,OK
1785680866.822054625,0.044683630,0.099135426,8.340498484,7.334475634,-0.078274699,0.112171133,108.278668728,0.000249205,0.595447834,0.001841439,4.399907217,0.163114802,0.513814961,true,OK
1785680867.822063684,0.045828871,0.018304407,7.873864177,7.398561381,-0.077331827,0.112616784,107.849971518,0.000044814,0.074018747,0.000334129,0.551874577,0.140906146,0.506290808,true,OK
1785680868.822085381,0.045756277,0.071715481,8.674512104,7.396986357,-0.074042682,0.114525036,107.249090008,0.000492828,0.197823503,0.003705533,1.487417951,0.120712593,0.482062689,true,OK
1785680869.822003603,0.047271129,0.124893333,8.228939466,7.394694909,-0.072344217,0.115400518,107.336688971,0.000423791,0.059347027,0.003203518,0.448615421,0.083103845,0.517407920,true,OK
1785680870.822047710,0.141903296,0.033699129,8.633192403,7.380156006,-0.073965230,0.114532177,107.922935320,0.000144049,0.295413686,0.001062833,2.179642182,0.013329619,0.516932844,true,OK
1785680871.822063446,0.042523223,0.087662944,8.514817318,7.404683103,-0.073553839,0.115768896,107.228671977,0.000727654,0.196831898,0.005390452,1.458127469,0.098244900,0.495085099,true,OK
1785680872.822062492,0.046037111,0.142205797,7.910747307,7.408925869,-0.072041017,0.116776739,106.524110102,0.000331037,0.250229210,0.002452042,1.853484870,0.196382130,0.466630064,true,OK
1785680873.822080374,0.148698314,0.048794129,8.579037511,7.376433004,-0.071877138,0.116557633,106.631417430,0.000212389,0.117033931,0.001572710,0.866617957,0.098361152,0.504101535,true,OK
1785680874.822065592,0.049567149,0.102870796,8.357165708,7.407437942,-0.071482796,0.116929411,107.067967210,0.000847667,0.257930381,0.006265609,1.906516925,0.154278090,0.511556008,true,OK
1785680875.822256327,0.046121389,0.022636741,7.843083789,7.453888055,-0.071610273,0.116833202,107.027900346,0.000131735,0.150657858,0.000964550,1.103101752,0.181409528,0.511034205,true,OK
1785680876.822043896,0.142422352,0.064384834,8.355816150,7.331377295,-0.070605314,0.117238245,107.227962188,0.000170950,0.086229231,0.001265638,0.638404632,0.139231971,0.527132072,true,OK
1785680877.822030783,0.044219519,0.117684852,8.308962406,7.376129900,-0.070464158,0.117434681,106.898969732,0.000238803,0.192814506,0.001760636,1.421571676,0.102581600,0.549869948,true,OK
1785680878.822896242,0.144973351,0.038859000,8.552325545,7.407901699,-0.069553497,0.118146708,107.061515661,0.000441836,0.257170656,0.003266912,1.901507544,0.190255397,0.522017479,true,OK
1785680879.822075367,0.040956334,0.080071630,8.419685342,7.313840815,-0.067519925,0.119628979,106.986560066,0.000690167,0.111905833,0.005105466,0.827815849,0.103100027,0.522370320,true,OK
1785680880.822168112,0.044425963,0.134506666,7.866357191,7.383832673,-0.067173074,0.119470436,107.169330045,0.000764097,0.254108970,0.005648063,1.878325626,0.121720321,0.518966023,true,OK
1785680881.822053909,0.146494593,0.053237407,8.683319879,7.405453781,-0.066459216,0.119878989,106.886709184,0.000145735,0.322640634,0.001081168,2.393580762,0.129953543,0.496380306,true,OK
1785680882.822062731,0.042277944,0.095899074,8.258793199,7.287197789,-0.066455631,0.120345245,106.854891674,0.000303246,0.120331298,0.002058888,0.816990328,0.128775697,0.519099259,true,OK
1785680883.822052002,0.045763815,0.014984482,7.876572611,7.386331995,-0.066436947,0.120304902,106.995393558,0.000699297,0.220286968,0.005168631,1.628180459,0.090675824,0.516302308,true,OK
1785680884.822072029,0.046533833,0.068859240,8.729090428,7.397799964,-0.067648986,0.119560884,106.716150027,0.000200614,0.186626315,0.001483609,1.380167227,0.125685543,0.536648943,true,OK
1785680885.822047710,0.043204334,0.109534074,8.281965120,7.266748641,-0.067555539,0.119733154,106.809188102,0.000684075,0.138476416,0.004645534,0.940389886,0.130562441,0.522600375,true,OK
1785680886.822056770,0.148179222,0.029924778,8.698198632,7.379211994,-0.066196638,0.120465951,106.866968599,0.001059868,0.151951085,0.007847481,1.125077601,0.180124880,0.486339756,true,OK
1785680887.822088718,0.043451407,0.084443018,9.036037078,7.400818090,-0.066324119,0.120344605,107.582276684,0.000598001,0.592813089,0.004419355,4.381013966,0.125713301,0.520914774,true,OK
1785680888.822037220,0.047046889,0.003489851,8.026948718,7.411958484,-0.067255234,0.119878186,106.764685386,0.000550539,0.148037520,0.004117074,1.107063378,0.023227156,0.534470116,true,OK
1785680889.822050333,0.145095278,0.045581926,8.534119009,7.361069276,-0.066807361,0.120271301,106.746997317,0.000288335,0.071326251,0.002132674,0.527566089,0.156017593,0.488928734,true,OK
1785680890.822023392,0.046753981,0.100000370,8.410105746,7.404202659,-0.067177709,0.120051503,106.722497635,0.000186292,0.166689032,0.001376406,1.231567988,0.188006498,0.516942665,true,OK
1785680891.822062731,0.043567852,0.006736074,7.881517006,7.291218618,-0.068163766,0.119062382,106.778340218,0.000349962,0.213062455,0.002590279,1.577004119,0.118178495,0.512601578,true,OK
1785680892.822059631,0.144416296,0.061068685,8.862012221,7.385951885,-0.071721938,0.116897069,106.864030551,0.000567793,0.113640914,0.004201950,0.840998814,0.102433107,0.492607285,true,OK
1785680893.822849751,0.047329130,0.116104889,8.644386980,7.402927435,-0.070765671,0.117564507,107.330662305,0.000167475,0.357180047,0.001247177,2.659894897,0.190246703,0.498444882,true,OK
1785680894.822202206,0.143786889,0.022591241,8.669723291,7.293501948,-0.073952066,0.116225007,107.219896355,0.000379723,0.052339156,0.002823784,0.389216680,0.119013564,0.502614826,true,OK
1785680895.822048187,0.048686889,0.075844926,8.597335619,7.381244445,-0.072128441,0.117286002,107.140966237,0.000138879,0.251788307,0.001045829,1.896094119,0.142159792,0.504148837,true,OK
1785680896.822065830,0.046364722,0.128698500,8.129008610,7.399118295,-0.070849158,0.118063728,107.389583162,0.000094247,0.117033931,0.000689406,0.856093295,0.151058747,0.534856386,true,OK
1785680897.822133064,0.146606037,0.037737889,8.675889969,7.316347108,-0.070434695,0.118059696,107.379807644,0.000180166,0.088469326,0.001216648,0.597427233,0.119905323,0.522468624,true,OK
1785680898.822084427,0.049212315,0.091537963,8.544259870,7.383424022,-0.073030001,0.116776887,107.786281488,0.000250715,0.179136785,0.001855580,1.325818668,0.133928211,0.531093962,true,OK
1785680899.822069407,0.043653518,0.009674871,7.926767596,7.392963453,-0.073735031,0.116142703,107.282501375,0.001303306,0.034264021,0.009657688,0.253901494,0.089088548,0.507129772,true,OK
1785680900.822057486,0.143665778,0.051357778,8.358143517,7.290035561,-0.072238824,0.115668992,107.691529922,0.000682362,0.290066368,0.004612446,1.960712340,0.153998068,0.481858077,true,OK
1785680901.822085857,0.047878074,0.105560166,8.368387723,7.376580753,-0.068324516,0.114256713,107.348437770,0.000395214,0.234902452,0.002929003,1.740902463,0.216735059,1.732343454,true,OK
1785680902.822067022,0.043843648,0.024889944,7.841865112,7.415448956,-0.102003314,0.049891890,109.560947505,0.010439337,0.484971499,0.075786941,3.520770258,-0.243220060,0.104821784,true,OK
1785680903.822042942,0.044276167,0.068671037,8.716452102,7.370256728,-0.132411721,-0.088337139,115.203396927,0.011332826,0.197823503,0.085312302,1.489194151,-1.800962734,0.854304447,true,OK
1785680904.822045088,0.044052648,0.120522481,8.282889348,7.382225028,-0.094339276,-0.216862650,118.574143863,0.012811278,0.019782341,0.094166904,0.145406394,1.659929596,-1.794188631,true,OK
1785680905.822047710,0.048444352,0.029815703,7.659029007,7.408609173,-0.057871478,-0.221215341,119.358745839,0.008940709,3.292950312,0.065806755,24.237268852,5.008613477,1.342519886,true,OK
1785680906.822068691,0.045269685,0.069750722,8.608528647,7.350332036,-0.045211097,-0.225860371,120.334144083,0.002049475,0.110143430,0.015079249,0.810392824,5.843067029,2.017287538,true,OK
1785680907.822078705,0.044699222,0.112621555,8.128724118,7.266936596,-0.023024276,-0.229898061,115.918125776,0.002940364,0.983773384,0.019954758,6.676370879,4.777855139,2.054841393,true,OK
1785680908.822045326,0.146600315,0.020285426,8.895301371,7.281699504,-0.033406250,-0.243739563,121.950455203,0.001982473,0.813732196,0.014664061,6.019057414,5.303767562,1.472983066,true,OK
1785680909.822055340,0.045775389,0.074656704,8.619169539,7.397141537,-0.034382808,-0.253026052,127.739086375,0.000781197,0.829687198,0.005889533,6.255108440,5.886471080,1.847643716,true,OK
1785680910.821995497,0.044514759,0.116912074,8.222558748,7.345329374,-0.038976678,-0.253758783,131.567574744,0.000713733,0.917279251,0.005287189,6.795021809,6.351965480,1.754663033,true,OK
1785680911.822051287,0.143431148,0.023569444,8.790948412,7.304763847,-0.045272609,-0.255720558,135.406795182,0.002469446,0.541402415,0.018269566,4.005427345,6.144118000,2.322232794,true,OK
1785680912.822055578,0.045350463,0.078425000,8.576740405,7.403210526,-0.045712298,-0.258393385,145.062554637,0.003032881,0.394161119,0.022450419,2.917714806,6.010406462,3.085944053,true,OK
1785680913.822093487,0.045583611,0.119219926,7.856307365,7.276121110,-0.044537213,-0.261159086,142.099378845,0.001397421,0.466881316,0.009493440,3.171778000,5.876087138,2.781341186,true,OK
1785680914.822370768,0.145135204,0.039640037,8.759488507,7.442251029,-0.042280977,-0.266601303,146.878236864,0.000846140,1.107298315,0.006226812,8.148697729,5.222554126,1.970728697,true,OK
1785680915.822050810,0.039015760,0.081284463,8.523803348,7.384456597,-0.028247010,-0.275354558,150.476009048,0.003459469,0.217605878,0.025609382,1.610869211,4.220928683,-2.110078156,true,OK
1785680916.822906017,0.046647926,0.122371167,8.280166084,7.331246602,-0.015897235,-0.282123042,153.684089897,0.003533140,0.579459642,0.026166657,4.291514815,1.272930769,-0.114799107,true,OK
1785680917.821994066,0.046112814,0.029211667,7.829751241,7.368862590,-0.022898675,-0.283555605,157.246810750,0.001804000,0.353324458,0.013394066,2.623310120,0.944049909,0.311016808,true,OK
1785680918.822057962,0.037092223,0.070562241,8.552994823,7.352181245,-0.035827232,-0.294183590,162.546802812,0.007583071,0.528971471,0.055808307,3.893014335,0.223078706,1.113813739,true,OK
1785680919.822055578,0.046968000,0.112077426,8.337421539,7.324821984,-0.036158690,-0.293924242,164.408700286,0.002520253,0.098911718,0.018668880,0.732692760,0.266390345,2.535062898,true,OK
1785680920.822085619,0.044250999,0.020676130,7.794499438,7.366639629,-0.043928728,-0.296179743,164.728451450,0.003068892,0.106531181,0.022610730,0.784891780,-0.174241694,3.490328511,true,OK
1785680921.822080851,0.145683185,0.048686092,8.430573983,7.223665363,-0.055233162,-0.307956709,168.138085139,0.002136336,0.254108970,0.015809535,1.880483768,-0.351618789,4.248432238,true,OK
1785680922.822047710,0.039203074,0.093246648,8.293977788,7.284586067,-0.043848865,-0.306310976,169.446994557,0.003417172,0.381548668,0.025303261,2.825267553,0.902635563,6.778262034,true,OK
1785680923.822119951,0.045249222,0.135223908,7.827251097,7.318807484,-0.050885804,-0.295346158,163.903933352,0.003152370,0.189745630,0.023343777,1.405095100,-0.678765229,4.330847930,true,OK
1785680924.822024822,0.140289074,0.029601759,8.518264705,7.250173878,-0.077304384,-0.341866761,167.521696805,0.024714148,1.027934399,0.186655100,7.763536811,-2.618059931,3.478932360,true,OK
1785680925.822094440,0.041209907,0.070408944,8.628625177,7.268833942,-0.068976637,-0.376681237,176.611208099,0.010888884,1.473791859,0.080547169,10.901921985,-2.773206183,2.379394110,true,OK
1785680926.822072506,0.044415241,0.108293129,8.268260626,7.244105898,-0.082748888,-0.394994219,-178.161839615,0.008490484,0.557077966,0.062847836,4.123574523,-2.777364578,3.355076886,true,OK
1785680927.822110653,0.041775000,0.020216148,7.780098919,7.354044848,-0.074392225,-0.394456957,-173.649196329,0.000880297,1.229237789,0.006578366,9.185968965,0.368173492,1.117550778,true,OK
1785680928.822064638,0.139082833,0.056293907,8.405526048,7.283923461,-0.057045501,-0.414664828,-169.186717608,0.004511996,0.784844178,0.033468829,5.821772719,-1.204677621,0.348556131,true,OK
1785680929.822065115,0.044590111,0.102599703,8.353634854,7.343227696,-0.052590934,-0.424323508,-163.516441355,0.005708312,0.937952206,0.042296957,6.949957254,-0.634793996,1.267215975,true,OK
1785680930.822026253,0.044976667,0.006364926,7.741429179,7.308919344,-0.037154932,-0.427756768,-158.274724361,0.002149137,0.929148626,0.015896398,6.872579958,0.686132301,-1.015091695,true,OK
1785680931.822093487,0.143236185,0.052744074,8.576503235,7.341476509,-0.036547873,-0.432950947,-153.214005919,0.001715424,0.083929371,0.012695411,0.621139680,1.282671749,-0.967943907,true,OK
1785680932.822067022,0.039229685,0.095201944,8.613539552,7.320401325,-0.014530024,-0.432019291,-147.210589843,0.008323366,0.309642997,0.061732742,2.296560180,1.514366926,-2.772627528,true,OK
1785680933.822093487,0.040166851,0.001793555,7.891352848,7.317144137,0.001234424,-0.449394269,-142.838037233,0.003478733,0.837433913,0.025567733,6.154909527,1.378823599,-2.992575841,true,OK
1785680934.822072744,0.142637185,0.044332389,8.585692522,7.274603186,-0.004801749,-0.453013728,-139.917187282,0.000306819,0.096913294,0.002272133,0.717687628,0.823407739,-2.443425762,true,OK
1785680935.822068453,0.037747797,0.098159166,8.371118507,7.377349465,0.008744165,-0.467555557,-136.288907446,0.001955918,0.317135448,0.014471404,2.346415270,0.693094806,-2.227733365,true,OK
1785680936.822059155,0.039654981,0.004279463,7.894064699,7.370791514,0.013785354,-0.471378565,-131.630421132,0.003376900,0.847652783,0.025051042,6.288189100,1.583107689,-3.012879534,true,OK
1785680937.822084904,0.143112889,0.044814982,8.568308674,7.312777633,0.012534787,-0.470536765,-129.656826152,0.001926994,0.100870555,0.014214546,0.744075609,2.523719291,-3.412576624,true,OK
1785680938.822685480,0.040704926,0.101533518,8.299091346,7.389700479,0.008724567,-0.471091659,-125.104922825,0.001977441,0.845109658,0.014634812,6.254559143,2.627783491,-3.538818198,true,OK
1785680939.822581768,0.039917167,0.006001907,7.866395271,7.356880725,0.013431078,-0.479342742,-122.960882009,0.003620677,0.338041270,0.026830644,2.505019319,1.107997697,-2.409932077,true,OK
1785680940.822053194,0.145325018,0.049846500,8.715062963,7.335197167,0.038422870,-0.502383754,-120.588489955,0.005104560,0.476012318,0.037793062,3.524292750,-0.900368692,-2.135776602,true,OK
1785680941.822093248,0.037119185,0.090939963,8.400500532,7.290678763,0.044757671,-0.521935925,-112.192658890,0.003626662,1.412915984,0.026878280,10.471542969,0.805688538,-2.281059473,true,OK
1785680942.822134972,0.040998333,0.133193759,7.809134590,7.252727130,0.035053496,-0.520121775,-108.809589461,0.002408752,0.852716248,0.016330895,5.781258484,2.660357202,-2.840604289,true,OK
1785680943.822069407,0.142760111,0.051154241,8.484381066,7.364190455,0.034976385,-0.511083765,-104.537957805,0.001351398,0.316517850,0.009994635,2.340894818,2.504823051,-3.556315029,true,OK
1785680944.822203636,0.035959370,0.095908074,8.368739422,7.355268794,0.035598077,-0.513818940,-99.078995038,0.001638862,1.256164850,0.012133318,9.300018398,3.468967659,-3.549705699,true,OK
1785680945.822016478,0.039563148,0.002521426,7.857861380,7.309159104,0.042091983,-0.527427322,-93.071080790,0.005810848,1.356817612,0.039842415,9.303098383,1.311069224,-3.661972270,true,OK
1785680946.822050810,0.137718074,0.056371334,8.452164364,7.388979294,0.050430384,-0.516469838,-84.041310146,0.003446642,1.625098798,0.025611140,12.075705466,0.484125050,-6.229419227,true,OK
1785680947.822049141,0.042058852,0.098252907,8.358772471,7.369332042,0.032178555,-0.526338405,-75.929601637,0.003342471,0.877149595,0.024754341,6.496170184,1.152936186,-3.850018455,true,OK
1785680948.822034359,0.040701315,0.005573574,7.844180952,7.371588627,0.035761159,-0.525731702,-68.356909219,0.005570355,1.253513776,0.041392534,9.314686656,-0.575226974,-4.736900540,true,OK
1785680949.822074413,0.133392537,0.047670537,8.344283376,7.340919826,0.038884610,-0.517440386,-63.228117183,0.001674081,0.696331436,0.012344883,5.134835564,-0.950918910,-3.216460679,true,OK
1785680950.822122574,0.044719667,0.089175389,8.592880946,7.340211582,0.020700009,-0.520359849,-57.582102976,0.001230589,1.213375422,0.009190738,9.062176522,1.657608980,-2.203265776,true,OK
1785680951.822152376,0.037381482,0.131593963,7.884887796,7.321804809,0.006743656,-0.515230191,-53.881364870,0.002069756,0.265408184,0.015323226,1.964922146,1.292611097,-4.138098701,true,OK
1785680952.822047710,0.142330204,0.036627074,8.603273804,7.303471729,0.026443304,-0.489918003,-44.738238913,0.003368252,0.155766359,0.025272235,1.168726064,-2.062150260,5.088692962,true,OK
1785680953.822047949,0.045715611,0.080411019,8.696975554,7.356189346,0.055890356,-0.498971170,-36.918979494,0.007477895,1.494754990,0.055374553,11.068808013,-0.736135158,7.096220417,true,OK
1785680954.822091579,0.041151240,0.108467019,8.172165079,7.248664068,0.067932779,-0.500894988,-34.142549618,0.004126329,0.090654086,0.030311316,0.665929542,-1.084759350,7.481930907,true,OK
1785680955.822067499,0.043627555,0.004571500,7.801704748,7.239020306,0.050512974,-0.463794156,-55.987175664,0.007330664,4.208078267,0.049743710,28.554769156,-0.561980067,7.472124883,true,OK
1785680956.822063684,0.140960037,0.046062574,8.358048347,7.318231927,0.059467242,-0.438202265,-70.166883703,0.001894878,1.492265493,0.014156272,11.148431820,-1.058971181,7.373333708,true,OK
1785680957.822088480,0.042253203,0.076215982,8.560425830,7.221171872,0.004280918,-0.327369860,-72.788417365,0.018982801,0.370094360,0.128569224,2.506624049,1.436522474,6.260832192,true,OK
1785680958.821995735,0.044194445,0.115812204,8.225051980,7.267754818,-0.011998305,-0.240061766,-76.577331398,0.028355986,2.243586302,0.210258348,16.636090618,-1.273731834,3.594207066,true,OK
1785680959.822033882,0.044468852,0.023175500,7.724759401,7.325508905,0.048856125,-0.048632230,-81.892556169,0.021056057,2.827916456,0.153416090,20.604421873,2.101068132,-6.092692234,true,OK
1785680960.822031975,0.045612111,0.067227426,8.654076503,7.272930250,0.049468249,-0.034060364,-79.648064413,0.002405590,0.404935262,0.016299058,2.743635610,1.109836926,-1.847228693,true,OK
1785680961.822205782,0.046820426,0.121849481,8.290554338,7.387888439,0.054019894,-0.032002232,-79.733232077,0.001946643,0.055952910,0.014405305,0.414055803,1.170983168,-1.610116490,true,OK
1785680962.822069168,0.146794296,0.026827018,8.828517935,7.326371924,0.055982826,-0.031237914,-79.712644050,0.000197596,0.173589404,0.001473739,1.294690049,1.158392080,-1.501441833,true,OK
1785680963.822056293,0.046172018,0.082740148,8.614786818,7.391750719,0.056005600,-0.031618472,-79.659916111,0.000246718,0.163129423,0.001824950,1.206653447,1.125223716,-1.468639597,true,OK
1785680964.821992874,0.045962259,0.001877019,7.935497614,7.415502164,0.055884689,-0.032061620,-79.721395470,0.000541953,0.637657816,0.003996618,4.702392404,1.086954502,-1.389918806,true,OK
1785680965.822029591,0.140885889,0.042813611,8.534218256,7.331580896,0.056438798,-0.031622009,-80.038267496,0.000242917,0.490587622,0.001789849,3.614721222,1.043590426,-1.325450096,true,OK
1785680966.822032928,0.044142685,0.097714815,8.356543848,7.388386742,0.059103519,-0.029949607,-79.870747689,0.000933962,0.166689032,0.006926869,1.236274420,1.075793865,-1.340602307,true,OK
1785680967.822034597,0.047332018,0.004325963,7.862678202,7.274352735,0.058195728,-0.029828698,-80.191074496,0.001141156,0.236562561,0.008442268,1.750088405,1.083397624,-1.355732730,true,OK
1785680968.822065115,0.137971093,0.057681814,8.459329163,7.362380219,0.059090999,-0.029547708,-80.235815001,0.000068119,0.330430705,0.000504774,2.448561550,1.062031420,-1.346185391,true,OK
1785680969.822102308,0.039455889,0.113461926,8.262273466,7.396463637,0.060615806,-0.029240202,-79.541855482,0.000421323,0.224684355,0.003119437,1.663543798,1.067506615,-1.333258231,true,OK
1785680970.822093964,0.046946574,0.019880481,7.790998440,7.375627843,0.059356120,-0.029545535,-80.238283741,0.000900002,0.231546534,0.006632566,1.706382528,1.101980199,-1.341262262,true,OK
1785680971.822006941,0.046635778,0.073247833,8.709699057,7.390510281,0.070621147,-0.027550833,-79.497198630,0.001424575,0.525259316,0.010582177,3.901787212,1.053711084,-1.347664830,true,OK
1785680972.822029114,0.044604907,0.116575185,8.182936827,7.311040493,0.076728202,-0.025417093,-79.563501764,0.000822185,0.220286968,0.006079822,1.628958382,1.051811653,-1.331308132,true,OK
1785680973.822192192,0.143142556,0.034853945,8.732340015,7.376694061,0.078338529,-0.023465422,-79.484592722,0.000574997,0.222056360,0.004251442,1.641851865,1.045336575,-1.322378811,true,OK
1785680974.822082281,0.046513834,0.076722833,8.713828763,7.318636309,0.077896720,-0.023730231,-79.679161916,0.000638914,0.096913294,0.004719890,0.715933315,1.057716413,-1.312002947,true,OK
1785680975.822131872,0.028912037,0.108721111,7.974397037,7.241136325,0.077137043,-0.024097365,-79.597963535,0.000398558,0.239031114,0.002931613,1.758205615,1.037684337,-1.307034820,true,OK
