timestamp,mavros_connected,px4_armed,px4_mode,alignment_complete,rf2o_valid,rf2o_age_sec,aligned_x,aligned_y,aligned_yaw_deg,px4_x,px4_y,px4_yaw_deg,position_difference_m,yaw_difference_deg,publishing_to_px4,rejection_reason
1785679374.587020,false,false,UNKNOWN,false,false,0.019772,nan,nan,nan,nan,nan,0.000000,nan,nan,false,mavros_disconnected
1785679375.587273,false,false,UNKNOWN,false,true,0.213325,nan,nan,nan,nan,nan,0.000000,nan,nan,false,mavros_disconnected
1785679376.587057,false,false,UNKNOWN,false,true,0.064329,nan,nan,nan,nan,nan,0.000000,nan,nan,false,mavros_disconnected
1785679377.586956,true,false,AUTO.LOITER,true,true,0.017412,-0.058352,0.174646,-167.727382,-0.058330,0.183916,-167.773161,0.009270,0.045780,true,none
1785679378.586969,true,false,AUTO.LOITER,true,true,0.012540,-0.058136,0.174513,-167.760663,-0.061716,0.177377,-167.773869,0.004584,0.013206,true,none
1785679379.586923,true,false,AUTO.LOITER,true,true,0.118953,-0.058126,0.174804,-167.801853,-0.056894,0.161859,-167.778038,0.013004,-0.023815,true,none
1785679380.728359,true,false,AUTO.LOITER,true,true,0.359461,-0.058385,0.174983,-168.031791,-0.056717,0.156732,-167.813942,0.018327,-0.217850,true,none
1785679381.586947,true,false,AUTO.LOITER,true,true,0.016626,-0.058398,0.174982,-168.136895,-0.067060,0.161354,-167.784333,0.016148,-0.352561,true,none
1785679382.586955,true,false,AUTO.LOITER,true,true,0.116832,-0.058510,0.175210,-167.998555,-0.060400,0.166734,-167.872102,0.008685,-0.126454,true,none
1785679383.586987,true,false,AUTO.LOITER,true,true,0.017807,-0.058836,0.175150,-168.239801,-0.062351,0.189500,-167.929381,0.014774,-0.310420,true,none
1785679384.586971,true,false,AUTO.LOITER,true,true,0.017741,-0.058916,0.175015,-168.520678,-0.063757,0.198368,-167.969881,0.023850,-0.550797,true,none
1785679385.586981,true,false,AUTO.LOITER,true,true,0.113719,-0.058425,0.175194,-168.278414,-0.060150,0.161035,-168.078494,0.014264,-0.199920,true,none
1785679386.586961,true,false,AUTO.LOITER,true,true,0.017422,-0.058506,0.175201,-168.641220,-0.058528,0.167422,-168.114715,0.007778,-0.526505,true,none
1785679387.587021,true,false,AUTO.LOITER,true,true,0.019153,-0.058678,0.175733,-169.141510,-0.060286,0.165201,-168.171888,0.010654,-0.969622,true,none
1785679388.586984,true,false,AUTO.LOITER,true,true,0.115875,-0.060045,0.175045,-169.097095,-0.061587,0.179101,-168.258030,0.004339,-0.839065,true,none
1785679389.586978,true,false,AUTO.LOITER,true,true,0.015773,-0.060019,0.175164,-169.033133,-0.061743,0.186860,-168.338558,0.011823,-0.694576,true,none
1785679390.586951,true,false,AUTO.LOITER,true,true,0.010295,-0.060537,0.175478,-169.415822,-0.064137,0.193359,-168.400325,0.018240,-1.015497,true,none
1785679391.586985,true,false,AUTO.LOITER,true,true,0.116827,-0.060189,0.175105,-169.238330,-0.057587,0.177335,-168.455976,0.003427,-0.782353,true,none
1785679392.586972,true,false,AUTO.LOITER,true,true,0.019636,-0.059723,0.174884,-169.111702,-0.060212,0.178850,-168.501964,0.003996,-0.609738,true,none
1785679393.587289,true,false,AUTO.LOITER,true,true,0.015428,-0.060071,0.175632,-169.423012,-0.059361,0.209158,-168.545654,0.033533,-0.877358,true,none
1785679394.586976,true,false,AUTO.LOITER,true,true,0.116875,-0.060121,0.175210,-169.270974,-0.053328,0.196157,-168.593951,0.022021,-0.677023,true,none
1785679395.587056,true,false,AUTO.LOITER,true,true,0.019631,-0.059908,0.174694,-169.078528,-0.055887,0.183867,-168.644478,0.010016,-0.434050,true,none
1785679396.586991,true,false,AUTO.LOITER,true,true,0.018097,-0.059496,0.174720,-169.496527,-0.048281,0.166352,-168.681170,0.013993,-0.815357,true,none
1785679397.586980,true,false,AUTO.LOITER,true,true,0.118699,-0.059479,0.175125,-169.695503,-0.053084,0.177284,-168.735344,0.006750,-0.960159,true,none
1785679398.586953,true,false,AUTO.LOITER,true,true,0.018413,-0.059271,0.174597,-169.215957,-0.057268,0.176916,-168.779278,0.003064,-0.436679,true,none
1785679399.586979,true,false,AUTO.LOITER,true,true,0.018846,-0.059428,0.174465,-168.987330,-0.057717,0.179792,-168.794330,0.005596,-0.193001,true,none
1785679400.586970,true,false,AUTO.LOITER,true,true,0.019753,-0.059276,0.174502,-169.150258,-0.061057,0.202253,-168.840714,0.027808,-0.309544,true,none
1785679401.586971,true,false,AUTO.LOITER,true,true,0.018197,-0.059194,0.174905,-169.434330,-0.060372,0.188975,-168.872337,0.014120,-0.561992,true,none
1785679402.586983,true,false,AUTO.LOITER,true,true,0.118010,-0.059612,0.174286,-169.090024,-0.066150,0.202440,-168.892427,0.028903,-0.197597,true,none
1785679403.586944,true,false,AUTO.LOITER,true,true,0.016038,-0.059986,0.174576,-169.284456,-0.064976,0.201930,-168.924723,0.027806,-0.359733,true,none
1785679404.586966,true,false,AUTO.LOITER,true,true,0.016459,-0.059655,0.174962,-169.560681,-0.061850,0.188020,-168.943148,0.013241,-0.617533,true,none
1785679405.586980,true,false,AUTO.LOITER,true,true,0.117449,-0.059823,0.174371,-169.219832,-0.064796,0.200745,-168.972482,0.026839,-0.247350,true,none
1785679406.586989,true,false,AUTO.LOITER,true,true,0.015370,-0.059586,0.173926,-169.425665,-0.066050,0.209552,-169.003150,0.036208,-0.422515,true,none
1785679407.587144,true,false,AUTO.LOITER,true,true,0.118668,-0.059145,0.174559,-169.395393,-0.067314,0.219558,-169.034747,0.045734,-0.360646,true,none
1785679408.586971,true,false,AUTO.LOITER,true,true,0.019810,-0.058467,0.174575,-169.464844,-0.071120,0.207489,-169.063749,0.035263,-0.401095,true,none
1785679409.586973,true,false,AUTO.LOITER,true,true,0.018514,-0.058740,0.174399,-168.944577,-0.062892,0.212655,-169.074076,0.038480,0.129498,true,none
1785679410.586975,true,false,AUTO.LOITER,true,true,0.118747,-0.057872,0.174735,-169.250522,-0.061561,0.211532,-169.086935,0.036982,-0.163587,true,none
1785679411.586974,true,false,AUTO.LOITER,true,true,0.017346,-0.057607,0.174828,-169.400808,-0.061700,0.203506,-169.114598,0.028969,-0.286211,true,none
1785679412.586952,true,false,AUTO.LOITER,true,true,0.117337,-0.057623,0.174834,-169.239702,-0.060747,0.201805,-169.125710,0.027151,-0.113992,true,none
1785679413.586956,true,false,AUTO.LOITER,true,true,0.017957,-0.056862,0.174875,-169.173551,-0.062572,0.208675,-169.148041,0.034278,-0.025510,true,none
1785679414.586970,true,false,AUTO.LOITER,true,true,0.018316,-0.057014,0.174969,-169.246860,-0.060636,0.209386,-169.155810,0.034608,-0.091049,true,none
1785679415.587013,true,false,AUTO.LOITER,true,true,0.117817,-0.056653,0.174754,-169.097379,-0.060614,0.219828,-169.171148,0.045247,0.073769,true,none
1785679416.586977,true,false,AUTO.LOITER,true,true,0.017250,-0.056967,0.174460,-168.982102,-0.059804,0.207262,-169.180660,0.032925,0.198558,true,none
1785679417.586983,true,false,AUTO.LOITER,true,true,0.017775,-0.057947,0.174003,-168.866647,-0.059673,0.203519,-169.172761,0.029566,0.306114,true,none
1785679418.586975,true,false,AUTO.LOITER,true,true,0.019005,-0.057762,0.174349,-168.943700,-0.059215,0.200961,-169.171692,0.026652,0.227992,true,none
1785679419.586981,true,false,AUTO.LOITER,true,true,0.018937,-0.057536,0.173798,-168.339017,-0.061302,0.202274,-169.167218,0.028723,0.828201,true,none
1785679420.586969,true,false,AUTO.LOITER,true,true,0.117295,-0.057578,0.173773,-168.327538,-0.057772,0.193485,-169.153764,0.019713,0.826226,true,none
1785679421.586969,true,false,AUTO.LOITER,true,true,0.018275,-0.057896,0.174357,-168.836655,-0.058927,0.192282,-169.145105,0.017954,0.308450,true,none
1785679422.586963,true,false,AUTO.LOITER,true,true,0.016096,-0.057542,0.174062,-168.783217,-0.054192,0.178598,-169.120455,0.005639,0.337239,true,none
1785679423.587065,true,false,AUTO.LOITER,true,true,0.118780,-0.057110,0.173974,-168.359332,-0.055957,0.184158,-169.109232,0.010248,0.749900,true,none
1785679424.586974,true,false,AUTO.LOITER,true,true,0.018618,-0.057309,0.174266,-168.573011,-0.052471,0.211671,-169.099585,0.037717,0.526574,true,none
1785679425.586992,true,false,AUTO.LOITER,true,true,0.119151,-0.058147,0.174435,-168.946143,-0.054434,0.206782,-169.088578,0.032560,0.142435,true,none
1785679426.586967,true,false,AUTO.LOITER,true,true,0.017058,-0.057792,0.174368,-169.076217,-0.054842,0.193360,-169.090701,0.019220,0.014484,true,none
1785679427.586948,true,false,AUTO.LOITER,true,true,0.017155,-0.057687,0.174237,-168.658586,-0.056224,0.190334,-169.085461,0.016163,0.426875,true,none
1785679428.587087,true,false,AUTO.LOITER,true,true,0.116991,-0.058172,0.174306,-168.918934,-0.052038,0.151347,-169.064586,0.023764,0.145652,true,none
1785679429.586976,true,false,AUTO.LOITER,true,true,0.017447,-0.058984,0.173554,-168.824462,-0.052200,0.156294,-169.048050,0.018545,0.223588,true,none
1785679430.586987,true,false,AUTO.LOITER,true,true,0.118733,-0.058862,0.173540,-168.794409,-0.057904,0.187998,-169.037835,0.014489,0.243426,true,none
1785679431.586983,true,false,AUTO.LOITER,true,true,0.017238,-0.059105,0.173233,-169.075262,-0.056824,0.174847,-169.045470,0.002794,-0.029792,true,none
1785679432.586974,true,false,AUTO.LOITER,true,true,0.018502,-0.059263,0.173586,-169.356488,-0.060326,0.195112,-169.056049,0.021552,-0.300438,true,none
1785679433.586970,true,false,AUTO.LOITER,true,true,0.118233,-0.059076,0.173591,-169.060200,-0.057916,0.181034,-169.085188,0.007533,0.024989,true,none
1785679434.586990,true,false,AUTO.LOITER,true,true,0.018693,-0.059440,0.173379,-169.020750,-0.058324,0.165106,-169.095515,0.008348,0.074765,true,none
1785679435.586969,true,false,AUTO.LOITER,true,true,0.017848,-0.059456,0.174001,-169.318578,-0.054652,0.170870,-169.098292,0.005734,-0.220286,true,none
1785679436.586987,true,false,AUTO.LOITER,true,true,0.015419,-0.060439,0.173889,-169.395651,-0.057502,0.178113,-169.104234,0.005144,-0.291418,true,none
1785679437.586978,true,false,AUTO.LOITER,true,true,0.016114,-0.060259,0.173356,-169.106152,-0.059993,0.179782,-169.132415,0.006432,0.026263,true,none
1785679438.586992,true,false,AUTO.LOITER,true,true,0.116665,-0.060391,0.173860,-169.252973,-0.063117,0.188060,-169.152031,0.014459,-0.100942,true,none
1785679439.586975,true,false,AUTO.LOITER,true,true,0.017203,-0.061860,0.173242,-169.368237,-0.066761,0.190551,-169.168702,0.017989,-0.199535,true,none
1785679440.587022,true,false,AUTO.LOITER,true,true,0.018975,-0.061814,0.173069,-169.034156,-0.061474,0.173645,-169.166943,0.000669,0.132787,true,none
1785679441.587005,true,false,AUTO.LOITER,true,true,0.018852,-0.063206,0.172827,-168.771143,-0.063901,0.185137,-169.176476,0.012330,0.405333,true,none
1785679442.586969,true,false,AUTO.LOITER,true,true,0.017226,-0.063252,0.172987,-169.074789,-0.064348,0.176571,-169.166099,0.003748,0.091310,true,none
1785679443.586973,true,false,AUTO.LOITER,true,true,0.117092,-0.063186,0.173213,-169.244060,-0.068417,0.195171,-169.160214,0.022572,-0.083846,true,none
1785679444.587087,true,false,AUTO.LOITER,true,true,0.019458,-0.063356,0.173020,-169.288200,-0.062731,0.198290,-169.164891,0.025278,-0.123308,true,none
1785679445.588008,true,false,AUTO.LOITER,true,true,0.021174,-0.061718,0.173831,-169.144449,-0.065891,0.196039,-169.150432,0.022597,0.005983,true,none
1785679446.587208,true,false,AUTO.LOITER,true,true,0.120764,-0.060243,0.174176,-169.564476,-0.065856,0.196073,-169.158332,0.022606,-0.406143,true,none
1785679447.586981,true,false,AUTO.LOITER,true,true,0.010448,-0.061226,0.173497,-168.891752,-0.062708,0.184583,-169.167637,0.011185,0.275885,true,none
1785679448.586987,true,false,AUTO.LOITER,true,true,0.016342,-0.061270,0.173545,-168.919453,-0.069180,0.184242,-169.157092,0.013304,0.237638,true,none
1785679449.586968,true,false,AUTO.LOITER,true,true,0.118724,-0.061382,0.174031,-169.150485,-0.063315,0.164867,-169.151945,0.009366,0.001460,true,none
1785679450.586976,true,false,AUTO.LOITER,true,true,0.015666,-0.061058,0.174208,-169.088675,-0.061393,0.162479,-169.153497,0.011734,0.064822,true,none
1785679451.586987,true,false,AUTO.LOITER,true,true,0.016368,-0.060619,0.173977,-168.772482,-0.063712,0.176826,-169.151679,0.004205,0.379197,true,none
1785679452.587124,true,false,AUTO.LOITER,true,true,0.117797,-0.061090,0.174354,-169.153879,-0.065449,0.189230,-169.142882,0.015501,-0.010997,true,none
1785679453.587060,true,false,AUTO.LOITER,true,true,0.015386,-0.061468,0.174978,-169.461077,-0.070815,0.208668,-169.141245,0.034962,-0.319832,true,none
1785679454.586971,true,false,AUTO.LOITER,true,true,0.017142,-0.060870,0.174128,-169.050007,-0.062492,0.179746,-169.145776,0.005848,0.095769,true,none
1785679455.586970,true,false,AUTO.LOITER,true,true,0.114995,-0.061371,0.174520,-169.195438,-0.063507,0.185961,-169.148704,0.011639,-0.046734,true,none
1785679456.587007,true,false,AUTO.LOITER,true,true,0.018049,-0.061548,0.174466,-169.105565,-0.065884,0.206765,-169.162825,0.032589,0.057260,true,none
1785679457.587005,true,false,AUTO.LOITER,true,true,0.015729,-0.061202,0.174534,-169.351449,-0.063819,0.196796,-169.173541,0.022415,-0.177908,true,none
1785679458.587093,true,false,AUTO.LOITER,true,true,0.116104,-0.061259,0.173876,-168.851560,-0.064206,0.205797,-169.184124,0.032058,0.332564,true,none
1785679459.586971,true,false,AUTO.LOITER,true,true,0.014700,-0.060433,0.173970,-169.305868,-0.059610,0.183797,-169.180976,0.009862,-0.124891,true,none
1785679460.586959,true,false,AUTO.LOITER,true,true,0.016517,-0.060394,0.174139,-169.468667,-0.063142,0.196620,-169.188204,0.022649,-0.280463,true,none
1785679461.586964,true,false,AUTO.LOITER,true,true,0.216673,-0.060287,0.173817,-169.504938,-0.062848,0.193895,-169.200744,0.020240,-0.304194,true,none
1785679462.586972,true,false,AUTO.LOITER,true,true,0.015002,-0.059952,0.174270,-169.687381,-0.039332,0.177062,-175.956554,0.020808,6.269173,true,none
1785679463.586984,true,false,AUTO.LOITER,true,true,0.017479,-0.059456,0.174832,-169.880108,-0.059654,0.170678,-169.532994,0.004159,-0.347114,true,none
1785679464.586992,true,false,AUTO.LOITER,true,true,0.117620,-0.059226,0.174380,-169.655979,-0.059673,0.160808,-169.605307,0.013580,-0.050672,true,none
1785679465.586969,true,false,AUTO.LOITER,true,true,0.018729,-0.059498,0.174519,-169.688959,-0.053979,0.187615,-169.693400,0.014212,0.004440,true,none
1785679466.586928,true,false,AUTO.LOITER,true,true,0.005966,-0.059308,0.174590,-169.776433,-0.061808,0.184515,-169.702609,0.010235,-0.073823,true,none
1785679467.586947,true,false,AUTO.LOITER,true,true,0.117780,-0.059571,0.174267,-169.855674,-0.061573,0.174357,-169.695774,0.002004,-0.159900,true,none
1785679468.586998,true,false,AUTO.LOITER,true,true,0.016928,-0.059772,0.174001,-169.813710,-0.063407,0.180145,-169.727475,0.007139,-0.086235,true,none
1785679469.586916,true,false,AUTO.LOITER,true,true,0.116837,-0.059549,0.173306,-169.244463,-0.065631,0.193576,-169.712809,0.021162,0.468346,true,none
1785679470.586995,true,false,AUTO.LOITER,true,true,0.017568,-0.061199,0.172499,-169.512569,-0.064920,0.185096,-169.675227,0.013136,0.162658,true,none
1785679471.586975,true,false,AUTO.LOITER,true,true,0.016193,-0.062073,0.171165,-169.244247,-0.064190,0.205568,-169.610488,0.034468,0.366242,true,none
1785679472.587015,true,false,AUTO.LOITER,true,true,0.018758,-0.062211,0.171174,-168.923476,-0.063969,0.193601,-169.572123,0.022496,0.648647,true,none
1785679473.586974,true,false,AUTO.LOITER,true,true,0.117270,-0.062905,0.171465,-169.350280,-0.065042,0.184484,-169.522839,0.013193,0.172559,true,none
1785679474.587006,true,false,AUTO.LOITER,true,true,0.018547,-0.062665,0.171366,-169.474507,-0.054385,0.159525,-169.481796,0.014449,0.007289,true,none
1785679475.586985,true,false,AUTO.LOITER,true,true,0.017915,-0.062658,0.170581,-168.858093,-0.057760,0.162528,-169.477719,0.009425,0.619626,true,none
1785679476.586986,true,false,AUTO.LOITER,true,true,0.112415,-0.063275,0.171463,-169.198766,-0.061676,0.167280,-169.459898,0.004478,0.261132,true,none
1785679477.587812,true,false,AUTO.LOITER,true,true,0.002916,-0.063928,0.171369,-169.506998,-0.062976,0.172441,-169.422168,0.001433,-0.084830,false,none
1785679478.586962,true,false,AUTO.LOITER,true,true,0.016638,-0.063657,0.170887,-168.959058,-0.063407,0.172889,-169.406981,0.002018,0.447924,true,none
1785679479.586974,true,false,AUTO.LOITER,true,true,0.218022,-0.063450,0.171211,-169.111045,-0.062071,0.171700,-169.392141,0.001462,0.281096,true,none
1785679480.586966,true,false,AUTO.LOITER,true,true,0.017708,-0.064105,0.170841,-169.344558,-0.062867,0.169846,-176.347345,0.001587,7.002786,true,none
1785679481.586905,true,false,AUTO.LOITER,true,true,0.115694,-0.063700,0.171204,-169.285793,-0.064822,0.167140,-169.030645,0.004215,-0.255148,true,none
1785679482.586955,true,false,AUTO.LOITER,true,true,0.017066,-0.064190,0.170943,-168.897932,-0.063070,0.157529,-169.193391,0.013461,0.295459,true,none
1785679483.588872,true,false,AUTO.LOITER,true,true,0.217755,-0.064480,0.171240,-169.257481,-0.060361,0.158006,-169.254125,0.013860,-0.003355,true,none
1785679484.590572,true,false,AUTO.LOITER,true,true,0.118307,-0.064617,0.171358,-169.561782,-0.057136,0.136953,-169.237087,0.035210,-0.324696,true,none
1785679485.587453,true,false,AUTO.LOITER,true,true,0.017966,-0.064667,0.170959,-169.493172,-0.061726,0.158040,-169.264859,0.013250,-0.228313,true,none
1785679486.587005,true,false,AUTO.LOITER,true,true,0.016053,-0.064792,0.171125,-169.623859,-0.067101,0.173631,-169.318752,0.003407,-0.305107,true,none
1785679487.587821,true,false,AUTO.LOITER,true,true,0.113078,-0.064802,0.172176,-169.857849,-0.057786,0.154601,-169.392882,0.018924,-0.464967,true,none
1785679488.586953,true,false,AUTO.LOITER,true,true,0.013186,-0.063383,0.172534,-169.840847,-0.066723,0.174568,-169.442241,0.003910,-0.398606,true,none
1785679489.587016,true,false,AUTO.LOITER,true,true,0.209136,-0.063993,0.172628,-169.853187,-0.067377,0.149623,-169.467674,0.023252,-0.385513,true,none
1785679490.586985,true,false,AUTO.LOITER,true,true,0.113254,-0.064540,0.172831,-169.877791,-0.068738,0.175378,-169.504122,0.004911,-0.373670,true,none
1785679491.586960,true,false,AUTO.LOITER,true,true,0.019170,-0.064404,0.172491,-169.448200,-0.067528,0.186168,-169.536377,0.014029,0.088177,true,none
1785679492.586981,true,false,AUTO.LOITER,true,true,0.017193,-0.063836,0.172126,-169.361568,-0.073918,0.217959,-169.550125,0.046929,0.188557,true,none
1785679493.586968,true,false,AUTO.LOITER,true,true,0.116722,-0.062337,0.171479,-169.450959,-0.073839,0.208521,-169.549494,0.038787,0.098536,true,none
1785679494.587092,true,false,AUTO.LOITER,true,true,0.015208,-0.063104,0.171721,-169.443952,-0.070078,0.195784,-169.541456,0.025053,0.097504,true,none
1785679495.587020,true,false,AUTO.LOITER,true,true,0.017207,-0.062896,0.171559,-169.186247,-0.068693,0.191560,-169.515717,0.020824,0.329470,true,none
1785679496.586991,true,false,AUTO.LOITER,true,true,0.111377,-0.061236,0.171756,-169.025472,-0.061389,0.180124,-169.476257,0.008369,0.450785,true,none
1785679497.587015,true,false,AUTO.LOITER,true,true,0.014872,-0.061473,0.171722,-169.203641,-0.057341,0.153604,-169.431586,0.018583,0.227945,true,none
1785679498.587039,true,false,AUTO.LOITER,true,true,0.014652,-0.061723,0.171500,-169.098539,-0.055210,0.142569,-169.403439,0.029655,0.304900,true,none
1785679499.589519,true,false,AUTO.LOITER,true,true,0.069771,-0.062110,0.170944,-168.839871,-0.056204,0.157163,-169.383367,0.014993,0.543496,true,none
1785679500.586976,true,false,AUTO.LOITER,true,true,0.019208,-0.062947,0.170683,-168.766831,-0.058226,0.158924,-169.357120,0.012671,0.590288,true,none
1785679501.587001,true,false,AUTO.LOITER,true,true,0.019086,-0.062738,0.171787,-169.053376,-0.059383,0.159876,-169.324720,0.012374,0.271344,true,none
1785679502.586974,true,false,AUTO.LOITER,true,true,0.113606,-0.062547,0.171881,-168.827548,-0.059287,0.159869,-169.307169,0.012447,0.479622,true,none
1785679503.587008,true,false,AUTO.LOITER,true,true,0.015858,-0.061930,0.172076,-169.055591,-0.059913,0.161547,-169.286313,0.010721,0.230722,true,none
1785679504.587026,true,false,AUTO.LOITER,true,true,0.008694,-0.061543,0.172299,-169.270439,-0.060027,0.163074,-169.281470,0.009349,0.011031,true,none
1785679505.586992,true,false,AUTO.LOITER,true,true,0.106295,-0.060655,0.172407,-169.236883,-0.061699,0.153395,-169.270396,0.019041,0.033514,true,none
1785679506.587004,true,false,AUTO.LOITER,true,true,0.007839,-0.060978,0.171923,-168.980769,-0.061297,0.143174,-169.273861,0.028751,0.293092,true,none
1785679507.588081,true,false,AUTO.LOITER,true,true,0.098740,-0.061013,0.172258,-169.000276,-0.061898,0.157003,-169.267949,0.015280,0.267672,false,none
1785679508.587106,true,false,AUTO.LOITER,true,true,0.188712,-0.061412,0.172633,-169.384328,-0.062594,0.165140,-175.303082,0.007586,5.918754,true,none
1785679509.587990,true,false,AUTO.LOITER,true,true,0.058691,-0.061183,0.172442,-168.594702,-0.060391,0.174323,-168.907839,0.002040,0.313137,true,none
1785679510.587004,true,false,AUTO.LOITER,true,true,0.010946,-0.061071,0.172536,-168.552924,-0.053635,0.157038,-168.605447,0.017190,0.052523,true,none
1785679511.589869,true,false,AUTO.LOITER,true,true,0.056945,-0.061140,0.173069,-168.840403,-0.051270,0.132250,-168.556138,0.041996,-0.284265,true,none
1785679512.586973,true,false,AUTO.LOITER,true,true,0.018137,-0.061966,0.173753,-168.742198,-0.042137,0.179811,-175.325329,0.020734,6.583131,true,none
1785679513.588014,true,false,AUTO.LOITER,true,true,0.107501,-0.062613,0.174070,-168.803746,-0.061362,0.168651,-168.925626,0.005561,0.121880,true,none
1785679514.587001,true,false,AUTO.LOITER,true,true,0.014847,-0.063545,0.174716,-168.955767,-0.062221,0.179152,-168.900793,0.004629,-0.054974,true,none
1785679515.586980,true,false,AUTO.LOITER,true,true,0.016329,-0.062790,0.174995,-168.821794,-0.063309,0.181838,-168.829202,0.006862,0.007408,true,none
1785679516.586993,true,false,AUTO.LOITER,true,true,0.117141,-0.063316,0.174348,-168.446794,-0.062662,0.176881,-168.811319,0.002617,0.364525,true,none
1785679517.586993,true,false,AUTO.LOITER,true,true,0.011736,-0.063374,0.174619,-168.772175,-0.042486,0.178334,-175.121902,0.021216,6.349726,true,none
1785679518.586974,true,false,AUTO.LOITER,true,true,0.014911,-0.063905,0.174893,-168.745523,-0.063147,0.172587,-168.707126,0.002427,-0.038396,true,none
1785679519.587021,true,false,AUTO.LOITER,true,true,0.009071,-0.063897,0.174686,-168.691659,-0.063177,0.173797,-168.743307,0.001144,0.051648,true,none
1785679520.587022,true,false,AUTO.LOITER,true,true,0.112366,-0.063992,0.174498,-168.518692,-0.062516,0.172884,-168.771168,0.002187,0.252476,true,none
1785679521.586970,true,false,AUTO.LOITER,true,true,0.016222,-0.063051,0.174372,-168.845390,-0.063458,0.173119,-168.740046,0.001318,-0.105344,true,none
1785679522.587132,true,false,AUTO.LOITER,true,true,0.019755,-0.062275,0.173654,-168.751827,-0.063200,0.172842,-168.731218,0.001231,-0.020609,true,none
1785679523.586955,true,false,AUTO.LOITER,true,true,0.108103,-0.061989,0.172846,-168.267410,-0.062834,0.172321,-168.735110,0.000994,0.467701,true,none
1785679524.587210,true,false,AUTO.LOITER,true,true,0.018826,-0.062504,0.172801,-168.574973,-0.062826,0.171984,-168.720530,0.000878,0.145558,true,none
1785679525.586969,true,false,AUTO.LOITER,true,true,0.018362,-0.063171,0.173246,-168.910129,-0.063118,0.172001,-168.704815,0.001246,-0.205314,true,none
1785679526.586985,true,false,AUTO.LOITER,true,true,0.118750,-0.062774,0.172495,-168.311248,-0.062080,0.171519,-168.695856,0.001198,0.384608,true,none
1785679527.588726,true,false,AUTO.LOITER,true,true,0.008934,-0.062828,0.172318,-168.444133,-0.063319,0.178702,-168.683226,0.006403,0.239093,true,none
1785679528.586952,true,false,AUTO.LOITER,true,true,0.017473,-0.063812,0.172579,-168.828238,-0.065834,0.181673,-168.686762,0.009316,-0.141477,true,none
1785679529.586954,true,false,AUTO.LOITER,true,true,0.011458,-0.063458,0.172033,-168.844652,-0.068284,0.181728,-168.677787,0.010829,-0.166865,true,none
1785679530.587029,true,false,AUTO.LOITER,true,true,0.091108,-0.063863,0.171567,-168.850127,-0.067090,0.198629,-168.693003,0.027254,-0.157124,true,none
1785679531.586947,true,false,AUTO.LOITER,true,true,0.017197,-0.063952,0.171488,-168.926648,-0.065224,0.174817,-168.674789,0.003563,-0.251859,true,none
1785679532.586981,true,false,AUTO.LOITER,true,true,0.018205,-0.064340,0.171437,-168.819870,-0.071121,0.188129,-168.665852,0.018017,-0.154019,true,none
1785679533.586988,true,false,AUTO.LOITER,true,true,0.113494,-0.064098,0.171157,-168.532225,-0.067908,0.178771,-168.667488,0.008514,0.135263,true,none
1785679534.586999,true,false,AUTO.LOITER,true,true,0.012833,-0.063641,0.171764,-168.651189,-0.070520,0.209883,-168.680403,0.038735,0.029214,true,none
1785679535.586964,true,false,AUTO.LOITER,true,true,0.016951,-0.063824,0.171714,-168.797194,-0.069797,0.193135,-168.681181,0.022239,-0.116014,true,none
1785679536.586956,true,false,AUTO.LOITER,true,true,0.315840,-0.063734,0.171666,-168.123075,-0.075324,0.208179,-168.671093,0.038308,0.548017,true,none
1785679537.586957,true,false,AUTO.LOITER,true,true,0.016197,-0.064586,0.171324,-168.032494,-0.063160,0.168830,-168.235422,0.002873,0.202928,true,none
1785679538.586982,true,false,AUTO.LOITER,true,true,0.015800,-0.065302,0.171767,-168.738500,-0.064933,0.164348,-168.285154,0.007428,-0.453346,true,none
1785679539.586989,true,false,AUTO.LOITER,true,true,0.117663,-0.064973,0.171460,-168.591461,-0.072374,0.200402,-168.446284,0.029874,-0.145177,true,none
1785679540.587368,true,false,AUTO.LOITER,true,true,0.005211,-0.065257,0.171396,-168.561624,-0.067108,0.190196,-168.499895,0.018891,-0.061728,true,none
1785679541.586973,true,false,AUTO.LOITER,true,true,0.010576,-0.065576,0.171385,-168.674242,-0.064175,0.168328,-168.525209,0.003363,-0.149033,false,none
1785679542.587025,true,false,AUTO.LOITER,true,true,0.015718,-0.064700,0.172027,-168.706213,-0.068865,0.178004,-168.515900,0.007284,-0.190313,true,none
1785679543.587039,true,false,AUTO.LOITER,true,true,0.115935,-0.064886,0.171761,-168.417341,-0.065836,0.187841,-168.504141,0.016108,0.086799,true,none
1785679544.587026,true,false,AUTO.LOITER,true,true,0.014500,-0.063266,0.171433,-168.435587,-0.077585,0.193762,-168.467816,0.026526,0.032228,true,none
1785679545.586977,true,false,AUTO.LOITER,true,true,0.014198,-0.063965,0.171974,-168.417166,-0.075052,0.199379,-168.442254,0.029563,0.025088,true,none
1785679546.586966,true,false,AUTO.LOITER,true,true,0.117651,-0.064051,0.171592,-168.318547,-0.074092,0.207577,-168.455484,0.037360,0.136936,true,none
1785679547.586997,true,false,AUTO.LOITER,true,true,0.019553,-0.063445,0.171981,-168.741658,-0.071230,0.191731,-168.475131,0.021229,-0.266527,true,none
1785679548.586962,true,false,AUTO.LOITER,true,true,0.019592,-0.063399,0.171755,-168.628249,-0.070596,0.193268,-168.477371,0.022685,-0.150878,true,none
1785679549.587196,true,false,AUTO.LOITER,true,true,0.116520,-0.062676,0.171858,-168.455347,-0.063235,0.191517,-168.484400,0.019667,0.029053,true,none
1785679550.586988,true,false,AUTO.LOITER,true,true,0.002976,-0.062640,0.171522,-168.158998,-0.061483,0.188827,-168.488904,0.017344,0.329906,true,none
1785679551.587006,true,false,AUTO.LOITER,true,true,0.018424,-0.062405,0.171488,-168.273001,-0.062304,0.177566,-168.491605,0.006079,0.218605,true,none
1785679552.586981,true,false,AUTO.LOITER,true,true,0.005802,-0.062750,0.171501,-168.748626,-0.063919,0.162319,-168.460143,0.009257,-0.288483,true,none
1785679553.587004,true,false,AUTO.LOITER,true,true,0.114429,-0.062739,0.170895,-168.467187,-0.067779,0.151873,-168.456412,0.019678,-0.010774,true,none
1785679554.587089,true,false,AUTO.LOITER,true,true,0.011575,-0.062604,0.170941,-168.491398,-0.061470,0.141762,-168.473362,0.029200,-0.018036,true,none
1785679555.587002,true,false,AUTO.LOITER,true,true,0.009422,-0.063340,0.171327,-168.791340,-0.059692,0.110166,-168.472097,0.061269,-0.319243,true,none
1785679556.587006,true,false,AUTO.LOITER,true,true,0.109811,-0.063382,0.171104,-168.587223,-0.059639,0.107978,-168.481719,0.063237,-0.105504,true,none
1785679557.587060,true,false,AUTO.LOITER,true,true,0.004944,-0.063274,0.170987,-168.641674,-0.046595,0.097475,-168.480237,0.075381,-0.161437,true,none
1785679558.587010,true,false,AUTO.LOITER,true,true,0.014664,-0.063241,0.171387,-168.972087,-0.053082,0.094218,-168.488370,0.077835,-0.483718,true,none
1785679559.586980,true,false,AUTO.LOITER,true,true,0.181097,-0.063104,0.171251,-169.153037,-0.055873,0.110329,-168.503159,0.061350,-0.649878,true,none
1785679560.852712,true,false,AUTO.LOITER,true,true,0.381804,-0.063632,0.170834,-168.690120,-0.056296,0.109821,-168.528326,0.061452,-0.161794,true,none
1785679561.586988,true,false,AUTO.LOITER,true,true,0.005719,-0.063195,0.171074,-169.167190,-0.056161,0.110449,-168.560619,0.061032,-0.606571,true,none
1785679562.587013,true,false,AUTO.LOITER,true,true,0.014080,-0.063760,0.171231,-169.207335,-0.056392,0.135885,-168.592789,0.036106,-0.614546,true,none
1785679563.586928,true,false,AUTO.LOITER,true,true,0.116827,-0.063758,0.170789,-169.118604,-0.058814,0.148435,-168.617158,0.022895,-0.501445,true,none
1785679564.588744,true,false,AUTO.LOITER,true,true,0.094100,-0.064062,0.170547,-169.129057,-0.058022,0.158952,-168.648451,0.013074,-0.480606,true,none
1785679565.587228,true,false,AUTO.LOITER,true,true,0.018177,-0.064702,0.170748,-169.461126,-0.062175,0.159315,-168.683135,0.011709,-0.777992,true,none
1785679566.586993,true,false,AUTO.LOITER,true,true,0.013459,-0.064160,0.170849,-169.501762,-0.065613,0.185110,-168.725518,0.014335,-0.776243,true,none
1785679567.587008,true,false,AUTO.LOITER,true,true,0.611768,-0.064032,0.171119,-169.492699,-0.054910,0.146583,-175.579801,0.026177,6.087102,false,lidar_odom_stale
1785679568.587002,true,false,AUTO.LOITER,false,false,1.611764,nan,nan,nan,-0.057765,0.150903,-173.409307,nan,nan,false,lidar_odom_stale
1785679569.587001,true,false,AUTO.LOITER,true,true,0.016757,-0.057694,0.150286,-174.383818,-0.057753,0.157188,-174.294936,0.006902,-0.088882,true,none
1785679570.586974,true,false,AUTO.LOITER,true,true,0.120286,-0.057773,0.150011,-174.192562,-0.054603,0.144186,-174.234599,0.006631,0.042038,true,none
1785679571.586977,true,false,AUTO.LOITER,true,true,0.020360,-0.056941,0.150182,-173.830065,-0.060554,0.146283,-174.097928,0.005316,0.267864,true,none
1785679572.586936,true,false,AUTO.LOITER,true,true,0.019661,-0.056905,0.150705,-174.368002,-0.058157,0.115707,-174.082904,0.035021,-0.285098,true,none
1785679573.586947,true,false,AUTO.LOITER,true,true,0.112400,-0.056873,0.150437,-174.158016,-0.056198,0.121223,-174.112481,0.029222,-0.045534,true,none
1785679574.586949,true,false,AUTO.LOITER,true,true,0.017526,-0.056379,0.150714,-174.098966,-0.058107,0.141530,-174.110098,0.009345,0.011132,true,none
1785679575.586972,true,false,AUTO.LOITER,true,true,0.017614,-0.056125,0.150872,-174.232915,-0.056343,0.154225,-174.135791,0.003360,-0.097124,true,none
1785679576.586980,true,false,AUTO.LOITER,true,true,0.113136,-0.055914,0.150787,-174.596338,-0.056745,0.146848,-174.187149,0.004026,-0.409189,true,none
1785679577.586963,true,false,AUTO.LOITER,true,true,0.017314,-0.054682,0.150879,-174.077992,-0.054101,0.149841,-174.199752,0.001190,0.121760,true,none
1785679578.587043,true,false,AUTO.LOITER,true,true,0.016952,-0.055963,0.150884,-173.932542,-0.053094,0.146491,-174.196298,0.005247,0.263756,true,none
1785679579.586979,true,false,AUTO.LOITER,true,true,0.117015,-0.056862,0.151300,-174.205868,-0.054139,0.128291,-174.156878,0.023169,-0.048991,true,none
1785679580.586946,true,false,AUTO.LOITER,true,true,0.019451,-0.056631,0.150852,-173.733727,-0.059932,0.152807,-174.154710,0.003837,0.420983,true,none
1785679581.586957,true,false,AUTO.LOITER,true,true,0.019008,-0.056603,0.150686,-173.820173,-0.057417,0.152069,-174.129601,0.001605,0.309428,true,none
1785679582.586958,true,false,AUTO.LOITER,true,true,0.120470,-0.056854,0.151290,-174.115266,-0.055310,0.140805,-174.107372,0.010598,-0.007894,true,none
1785679583.587009,true,false,AUTO.LOITER,true,true,0.019392,-0.057068,0.151078,-174.219483,-0.055586,0.130157,-174.105854,0.020974,-0.113629,true,none
1785679584.586946,true,false,AUTO.LOITER,true,true,0.013841,-0.057249,0.150571,-174.102690,-0.057367,0.124025,-174.123921,0.026546,0.021231,true,none
1785679585.586973,true,false,AUTO.LOITER,true,true,0.114839,-0.058120,0.150875,-174.391051,-0.050449,0.103407,-174.139786,0.048084,-0.251264,true,none
1785679586.586957,true,false,AUTO.LOITER,true,true,0.016935,-0.057552,0.150960,-174.499314,-0.054889,0.116745,-174.168801,0.034319,-0.330513,true,none
1785679587.586987,true,false,AUTO.LOITER,true,true,0.013442,-0.057724,0.150882,-174.718607,-0.058030,0.135623,-174.197290,0.015262,-0.521317,true,none
1785679588.586999,true,false,AUTO.LOITER,true,true,0.013095,-0.056799,0.150736,-174.646055,-0.056178,0.147288,-174.228290,0.003504,-0.417766,true,none
1785679589.586978,true,false,AUTO.LOITER,true,true,0.015196,-0.056381,0.150830,-174.873700,-0.055956,0.138682,-174.265000,0.012156,-0.608700,true,none
1785679590.586986,true,false,AUTO.LOITER,true,true,0.017275,-0.056020,0.150788,-174.662958,-0.054938,0.133359,-174.285205,0.017463,-0.377753,true,none
1785679591.587081,true,false,AUTO.LOITER,true,true,0.018164,-0.056774,0.150592,-174.467619,-0.056453,0.165537,-174.317146,0.014949,-0.150473,true,none
1785679592.586990,true,false,AUTO.LOITER,true,true,0.020033,-0.056194,0.150148,-174.933938,-0.051544,0.154926,-174.338533,0.006667,-0.595405,true,none
1785679593.586911,true,false,AUTO.LOITER,true,true,0.018380,-0.056033,0.150507,-174.881100,-0.053009,0.146254,-174.362678,0.005218,-0.518422,true,none
1785679594.586963,true,false,AUTO.LOITER,true,true,0.016090,-0.055917,0.150243,-174.761803,-0.050894,0.126340,-174.412405,0.024425,-0.349398,true,none
1785679595.586977,true,false,AUTO.LOITER,true,true,0.017616,-0.055762,0.150165,-174.642854,-0.053673,0.153534,-174.430030,0.003964,-0.212824,true,none
1785679596.587019,true,false,AUTO.LOITER,true,true,0.118571,-0.056465,0.150559,-174.601060,-0.052811,0.140466,-174.437766,0.010734,-0.163294,true,none
1785679597.586949,true,false,AUTO.LOITER,true,true,0.017659,-0.055692,0.151495,-174.987703,-0.061155,0.139714,-174.463136,0.012986,-0.524567,true,none
1785679598.586969,true,false,AUTO.LOITER,true,true,0.017066,-0.054853,0.151852,-174.847020,-0.060098,0.159038,-174.481129,0.008897,-0.365891,true,none
1785679599.586970,true,false,AUTO.LOITER,true,true,0.111308,-0.054686,0.152035,-175.130326,-0.062375,0.155232,-174.513935,0.008328,-0.616391,true,none
1785679600.586957,true,false,AUTO.LOITER,true,true,0.017432,-0.055013,0.152000,-175.256170,-0.056278,0.143216,-174.540948,0.008875,-0.715222,true,none
1785679601.586983,true,false,AUTO.LOITER,true,true,0.019853,-0.055057,0.151546,-174.929523,-0.053771,0.148396,-174.564016,0.003402,-0.365507,true,none
1785679602.586979,true,false,AUTO.LOITER,true,true,0.118414,-0.054393,0.151794,-175.070511,-0.058985,0.142499,-174.592191,0.010368,-0.478321,true,none
1785679603.586963,true,false,AUTO.LOITER,true,true,0.018550,-0.054896,0.151961,-174.938842,-0.056803,0.151188,-174.620011,0.002058,-0.318831,true,none
1785679604.586968,true,false,AUTO.LOITER,true,true,0.017950,-0.053496,0.152029,-174.906587,-0.056765,0.165165,-174.640184,0.013536,-0.266403,true,none
1785679605.586960,true,false,AUTO.LOITER,true,true,0.017415,-0.055420,0.151219,-174.509304,-0.053069,0.163378,-174.667354,0.012384,0.158051,true,none
1785679606.586947,true,false,AUTO.LOITER,true,true,0.015591,-0.056635,0.151346,-174.948513,-0.054111,0.133464,-174.663267,0.018059,-0.285246,true,none
1785679607.586977,true,false,AUTO.LOITER,true,true,0.016135,-0.055110,0.151913,-175.122254,-0.052928,0.155200,-174.661845,0.003945,-0.460409,true,none
1785679608.586949,true,false,AUTO.LOITER,true,true,0.016256,-0.053505,0.151683,-175.165135,-0.054796,0.154249,-174.686345,0.002872,-0.478790,true,none
1785679609.586999,true,false,AUTO.LOITER,true,true,0.009929,-0.052672,0.151855,-175.015403,-0.052575,0.145158,-174.711654,0.006698,-0.303749,true,none
1785679610.586937,true,false,AUTO.LOITER,true,true,0.116836,-0.051715,0.152030,-175.097728,-0.051387,0.127396,-174.736177,0.024636,-0.361551,true,none
1785679611.586990,true,false,AUTO.LOITER,true,true,0.017125,-0.050718,0.151765,-174.993389,-0.053707,0.144555,-174.762749,0.007805,-0.230640,true,none
1785679612.586990,true,false,AUTO.LOITER,true,true,0.018516,-0.050552,0.151640,-174.943106,-0.055680,0.184099,-174.788081,0.032862,-0.155025,true,none
1785679613.586984,true,false,AUTO.LOITER,true,true,0.119753,-0.051554,0.151645,-175.097405,-0.054376,0.177596,-174.801475,0.026104,-0.295930,true,none
1785679614.586994,true,false,AUTO.LOITER,true,true,0.014298,-0.050960,0.151856,-175.230807,-0.054535,0.172477,-174.826043,0.020929,-0.404764,true,none
1785679615.586972,true,false,AUTO.LOITER,true,true,0.018850,-0.051064,0.151726,-174.915937,-0.051596,0.144020,-174.855253,0.007725,-0.060684,true,none
1785679616.586977,true,false,AUTO.LOITER,true,true,0.118949,-0.050633,0.151466,-174.934945,-0.052630,0.167677,-174.873155,0.016334,-0.061790,true,none
1785679617.586979,true,false,AUTO.LOITER,true,true,0.018094,-0.050354,0.151526,-174.951824,-0.050257,0.177816,-174.887595,0.026290,-0.064229,true,none
1785679618.586964,true,false,AUTO.LOITER,true,true,0.016577,-0.049651,0.151339,-174.523881,-0.047988,0.191836,-174.886958,0.040531,0.363078,true,none
1785679619.586980,true,false,AUTO.LOITER,true,true,0.118077,-0.049270,0.151524,-174.807004,-0.042490,0.157638,-174.893200,0.009130,0.086196,true,none
1785679620.586948,true,false,AUTO.LOITER,true,true,0.014183,-0.049137,0.151528,-174.624081,-0.044895,0.156499,-174.910628,0.006535,0.286547,true,none
1785679621.586967,true,false,AUTO.LOITER,true,true,0.017905,-0.049310,0.151389,-174.792485,-0.049665,0.203098,-174.916240,0.051711,0.123755,true,none
1785679622.586951,true,false,AUTO.LOITER,true,true,0.018475,-0.049902,0.151341,-174.996097,-0.052367,0.229143,-174.897562,0.077841,-0.098535,true,none
1785679623.587633,true,false,AUTO.LOITER,true,true,0.019168,-0.049833,0.151732,-175.002720,-0.050433,0.192678,-174.923539,0.040951,-0.079181,true,none
1785679624.586927,true,false,AUTO.LOITER,true,true,0.017874,-0.049386,0.151999,-175.137813,-0.044479,0.145680,-174.950289,0.008000,-0.187524,true,none
1785679625.587302,true,false,AUTO.LOITER,true,true,0.019149,-0.049067,0.152176,-174.994146,-0.047633,0.164298,-174.977508,0.012206,-0.016638,true,none
1785679626.587008,true,false,AUTO.LOITER,true,true,0.016509,-0.049553,0.151987,-174.889021,-0.048398,0.164269,-174.976438,0.012336,0.087417,true,none
1785679627.586957,true,false,AUTO.LOITER,true,true,0.119011,-0.050382,0.152162,-175.147840,-0.048050,0.162854,-174.982416,0.010943,-0.165424,true,none
1785679628.587016,true,false,AUTO.LOITER,true,true,0.014727,-0.051293,0.152246,-175.090935,-0.047651,0.154461,-174.996439,0.004263,-0.094496,true,none
1785679629.586973,true,false,AUTO.LOITER,true,true,0.019073,-0.051256,0.151901,-174.804790,-0.048803,0.156271,-174.995537,0.005011,0.190747,true,none
1785679630.587013,true,false,AUTO.LOITER,true,true,0.113604,-0.050987,0.152398,-174.799356,-0.048571,0.157220,-174.995711,0.005393,0.196354,true,none
1785679631.587023,true,false,AUTO.LOITER,true,true,0.018274,-0.051927,0.153106,-175.087759,-0.048697,0.155203,-174.993364,0.003852,-0.094395,true,none
1785679632.586973,true,false,AUTO.LOITER,true,true,0.016599,-0.051952,0.153047,-174.512862,-0.051912,0.167069,-175.000218,0.014022,0.487356,true,none
1785679633.586946,true,false,AUTO.LOITER,true,true,0.114818,-0.052312,0.152960,-174.451880,-0.058066,0.172209,-174.986378,0.020091,0.534498,true,none
1785679634.586978,true,false,AUTO.LOITER,true,true,0.011114,-0.053253,0.153131,-174.674122,-0.060068,0.199035,-174.967438,0.046407,0.293315,true,none
1785679635.586981,true,false,AUTO.LOITER,true,true,0.017646,-0.053934,0.152826,-174.401520,-0.057879,0.200203,-174.944862,0.047541,0.543342,true,none
1785679636.587004,true,false,AUTO.LOITER,true,true,0.014333,-0.055858,0.152814,-174.519837,-0.055861,0.176501,-174.943509,0.023687,0.423672,true,none
1785679637.586972,true,false,AUTO.LOITER,true,true,0.016445,-0.054214,0.152387,-174.481169,-0.055265,0.163534,-174.918165,0.011196,0.436996,true,none
1785679638.586961,true,false,AUTO.LOITER,true,true,0.119653,-0.053890,0.151908,-174.293156,-0.054536,0.162980,-174.897675,0.011091,0.604518,true,none
1785679639.586950,true,false,AUTO.LOITER,true,true,0.011295,-0.052576,0.151574,-174.230578,-0.052489,0.165064,-174.877764,0.013490,0.647186,true,none
1785679640.586972,true,false,AUTO.LOITER,true,true,0.015842,-0.053453,0.151721,-173.980451,-0.056122,0.172435,-174.842454,0.020884,0.862003,true,none
1785679641.586953,true,false,AUTO.LOITER,true,true,0.117589,-0.058376,0.152318,-173.938465,-0.057364,0.204699,-174.791324,0.052391,0.852859,true,none
1785679642.586957,true,false,AUTO.LOITER,true,true,0.017579,-0.057563,0.151900,-174.015547,-0.058738,0.195729,-174.763924,0.043844,0.748377,true,none
1785679643.586968,true,false,AUTO.LOITER,true,true,0.014630,-0.057216,0.151569,-173.474398,-0.053708,0.183413,-174.708816,0.032037,1.234418,true,none
1785679644.586970,true,false,AUTO.LOITER,true,true,0.116989,-0.056954,0.152308,-173.894924,-0.052877,0.182373,-174.641633,0.030340,0.746708,true,none
1785679645.586964,true,false,AUTO.LOITER,true,true,0.014059,-0.058275,0.152247,-173.728411,-0.063579,0.184379,-174.590292,0.032567,0.861882,true,none
1785679646.587023,true,false,AUTO.LOITER,true,true,0.017117,-0.057324,0.152222,-173.543501,-0.063344,0.184591,-174.540431,0.032924,0.996929,true,none
1785679647.586983,true,false,AUTO.LOITER,true,true,0.109423,-0.053843,0.151382,-173.900739,-0.058089,0.161519,-174.498072,0.010990,0.597332,true,none
1785679648.587030,true,false,AUTO.LOITER,true,true,0.008560,-0.054467,0.151738,-173.682068,-0.062936,0.180241,-174.456761,0.029734,0.774693,true,none
1785679649.587776,true,false,AUTO.LOITER,true,true,0.101485,-0.054611,0.151173,-173.365136,-0.060399,0.176274,-174.396210,0.025760,1.031074,true,none
1785679650.586961,true,false,AUTO.LOITER,true,true,0.118333,-0.054238,0.151252,-173.220488,-0.063626,0.189401,-174.359787,0.039288,1.139300,true,none
1785679651.587383,true,false,AUTO.LOITER,true,true,0.010601,-0.054380,0.151412,-173.616786,-0.065318,0.192427,-174.314678,0.042449,0.697892,true,none
1785679652.587008,true,false,AUTO.LOITER,true,true,0.009841,-0.053660,0.151622,-173.355805,-0.059819,0.177143,-174.268947,0.026254,0.913142,true,none
1785679653.587043,true,false,AUTO.LOITER,true,true,0.018475,-0.055109,0.151013,-173.003702,-0.063832,0.200873,-174.208973,0.050617,1.205271,true,none
1785679654.587057,true,false,AUTO.LOITER,true,true,0.119110,-0.054512,0.151111,-173.132038,-0.056179,0.163508,-174.169599,0.012508,1.037561,true,none
1785679655.587936,true,false,AUTO.LOITER,true,true,0.107931,-0.054405,0.151159,-173.081127,-0.060375,0.169931,-174.106894,0.019698,1.025767,true,none
1785679656.586961,true,false,AUTO.LOITER,true,true,0.016499,-0.055071,0.151104,-173.197208,-0.062998,0.170361,-174.066665,0.020824,0.869457,true,none
1785679657.587065,true,false,AUTO.LOITER,true,true,0.094239,-0.055578,0.150914,-173.105683,-0.062836,0.158984,-174.006142,0.010854,0.900460,true,none
1785679658.588624,true,false,AUTO.LOITER,true,true,0.035269,-0.055550,0.150755,-172.938765,-0.063890,0.176517,-173.940362,0.027078,1.001598,true,none
1785679659.587258,true,false,AUTO.LOITER,true,true,0.035804,-0.054903,0.150534,-172.900837,-0.066684,0.195913,-174.873789,0.046884,1.972951,true,none
1785679660.586987,true,false,AUTO.LOITER,true,true,0.160627,-0.055226,0.150245,-173.048171,-0.054645,0.146851,-173.104599,0.003443,0.056428,true,none
1785679661.586946,true,false,AUTO.LOITER,true,true,0.053846,-0.056051,0.150413,-173.193121,-0.056696,0.174119,-173.061997,0.023714,-0.131124,true,none
1785679662.587060,true,false,AUTO.LOITER,true,true,0.047956,-0.055922,0.150192,-172.903044,-0.050693,0.150921,-173.040671,0.005279,0.137626,true,none
1785679663.586968,true,false,AUTO.LOITER,true,true,0.153898,-0.055505,0.150161,-172.874061,-0.053210,0.144427,-172.939604,0.006177,0.065543,true,none
1785679664.587047,true,false,AUTO.LOITER,true,true,0.026866,-0.055527,0.150186,-172.774836,-0.055110,0.143614,-172.272240,0.006585,-0.502596,true,none
1785679665.587109,true,false,AUTO.LOITER,true,true,0.038712,-0.056257,0.150539,-172.918384,-0.055502,0.149500,-172.803608,0.001284,-0.114776,true,none
1785679666.587006,true,false,AUTO.LOITER,true,true,0.072465,-0.055696,0.150113,-172.874478,-0.056791,0.150161,-172.844534,0.001096,-0.029944,true,none
1785679667.587027,true,false,AUTO.LOITER,true,true,0.141112,-0.055005,0.150011,-172.823518,-0.057904,0.162763,-177.890164,0.013078,5.066646,true,none
1785679668.586962,true,false,AUTO.LOITER,true,true,0.144925,-0.055306,0.150944,-173.202194,-0.054900,0.152207,-172.892133,0.001326,-0.310061,true,none
1785679669.587739,true,false,AUTO.LOITER,true,true,0.143485,-0.055042,0.150812,-173.018254,-0.053288,0.171731,-173.012338,0.020992,-0.005916,true,none
1785679670.587011,true,false,AUTO.LOITER,true,true,0.063881,-0.054772,0.150993,-173.184330,-0.052318,0.160015,-172.994599,0.009350,-0.189731,true,none
1785679671.588706,true,false,AUTO.LOITER,true,true,0.167279,-0.055268,0.151313,-173.269670,-0.055753,0.150521,-173.043359,0.000928,-0.226311,true,none
1785679672.586971,true,false,AUTO.LOITER,true,true,0.153896,-0.053669,0.150872,-173.167621,-0.051402,0.138375,-173.066944,0.012701,-0.100678,true,none
1785679673.588876,true,false,AUTO.LOITER,true,true,0.055379,-0.054043,0.150877,-172.844586,-0.047596,0.153440,-175.817941,0.006938,2.973356,true,none
1785679674.587241,true,false,AUTO.LOITER,true,true,0.067399,-0.054075,0.151368,-173.087833,-0.056870,0.153522,-173.084841,0.003528,-0.002992,true,none
1785679675.586976,true,false,AUTO.LOITER,true,true,0.144907,-0.053799,0.151702,-173.271616,-0.054058,0.120107,-172.978690,0.031595,-0.292926,true,none
1785679676.587039,true,false,AUTO.LOITER,true,true,0.161623,-0.052492,0.151263,-173.035459,-0.056727,0.151490,-173.008095,0.004241,-0.027364,true,none
1785679677.587338,true,false,AUTO.LOITER,true,true,0.061893,-0.051947,0.151478,-172.992585,-0.054688,0.167222,-173.014588,0.015981,0.022003,true,none
1785679678.587021,true,false,AUTO.LOITER,true,true,0.056450,-0.052567,0.151740,-173.262655,-0.049376,0.115661,-173.021204,0.036220,-0.241451,true,none
1785679679.587193,true,false,AUTO.LOITER,true,true,0.067451,-0.053266,0.151607,-172.622110,-0.051893,0.129688,-172.998595,0.021961,0.376485,true,none
1785679680.587201,true,false,AUTO.LOITER,true,true,0.154152,-0.052168,0.151837,-172.829353,-0.052126,0.139264,-172.971775,0.012574,0.142421,true,none
1785679681.587623,true,false,AUTO.LOITER,true,true,0.069495,-0.052304,0.152085,-172.832715,-0.048096,0.120285,-172.956788,0.032077,0.124073,true,none
1785679682.587504,true,false,AUTO.LOITER,true,true,0.064855,-0.052320,0.152120,-172.836007,-0.049638,0.124172,-172.943952,0.028076,0.107945,true,none
1785679683.586966,true,false,AUTO.LOITER,true,true,0.268150,-0.052571,0.151681,-172.781559,-0.047908,0.107969,-172.914649,0.043960,0.133090,true,none
1785679684.586976,true,false,AUTO.LOITER,true,true,0.160501,-0.052543,0.152111,-172.590774,-0.045333,0.104521,-172.906428,0.048133,0.315654,true,none
1785679685.590741,true,false,AUTO.LOITER,true,true,0.189901,-0.052720,0.152237,-172.919358,-0.047159,0.154928,-176.391565,0.006178,3.472207,true,none
1785679686.588150,true,false,AUTO.LOITER,true,true,0.086880,-0.052673,0.151689,-172.392073,-0.050102,0.136216,-172.826587,0.015685,0.434514,true,none
1785679687.586952,true,false,AUTO.LOITER,true,true,0.074530,-0.053195,0.151138,-172.212956,-0.053946,0.149299,-172.643904,0.001986,0.430948,true,none
1785679688.586959,true,false,AUTO.LOITER,true,true,0.091122,-0.052770,0.151641,-172.599581,-0.052268,0.147382,-172.562118,0.004288,-0.037463,true,none
1785679689.587000,true,false,AUTO.LOITER,true,true,0.092276,-0.052478,0.151348,-172.408786,-0.052711,0.148769,-172.513685,0.002590,0.104900,true,none
1785679690.588988,true,false,AUTO.LOITER,true,true,0.083285,-0.052126,0.151181,-172.195286,-0.052887,0.144048,-172.469513,0.007174,0.274227,true,none
1785679691.587157,true,false,AUTO.LOITER,true,true,0.001120,-0.052012,0.151535,-172.740569,-0.055285,0.155589,-172.437592,0.005210,-0.302977,true,none
1785679692.586951,true,false,AUTO.LOITER,true,true,0.187127,-0.051160,0.150905,-172.232324,-0.056836,0.173674,-172.433026,0.023466,0.200702,true,none
1785679693.586969,true,false,AUTO.LOITER,true,true,0.089970,-0.050854,0.151210,-172.161589,-0.061700,0.213022,-172.356628,0.062756,0.195039,true,none
1785679694.589804,true,false,AUTO.LOITER,true,true,0.077144,-0.050347,0.151286,-172.471634,-0.069257,0.216479,-172.327232,0.067881,-0.144402,true,none
1785679695.591144,true,false,AUTO.LOITER,true,true,0.082254,-0.049177,0.151680,-172.562243,-0.058781,0.160182,-172.313146,0.012827,-0.249097,true,none
1785679696.587687,true,false,AUTO.LOITER,true,true,0.185301,-0.050534,0.151588,-172.407877,-0.055780,0.173179,-172.338460,0.022220,-0.069417,true,none
1785679697.587101,true,false,AUTO.LOITER,true,true,0.084689,-0.056038,0.150909,-172.325705,-0.056132,0.171136,-172.331679,0.020227,0.005974,true,none
1785679698.586981,true,false,AUTO.LOITER,true,true,0.086059,-0.048473,0.152069,-172.891803,-0.054685,0.172374,-172.333810,0.021234,-0.557993,true,none
1785679699.589861,true,false,AUTO.LOITER,true,true,0.193880,-0.046346,0.152439,-172.461303,-0.056226,0.165419,-172.357534,0.016312,-0.103769,true,none
1785679700.587143,true,false,AUTO.LOITER,true,true,0.187574,-0.046013,0.152626,-172.545435,-0.054003,0.156982,-172.357469,0.009100,-0.187966,true,none
1785679701.587049,true,false,AUTO.LOITER,true,true,0.084987,-0.045088,0.153069,-172.782225,-0.053207,0.169531,-172.356237,0.018355,-0.425988,true,none
1785679702.589313,true,false,AUTO.LOITER,true,true,0.089567,-0.045161,0.153042,-172.695129,-0.051320,0.164567,-172.369319,0.013068,-0.325810,true,none
1785679703.598989,true,false,AUTO.LOITER,true,true,0.272129,-0.045418,0.152697,-172.524549,-0.040528,0.123479,-172.347664,0.029625,-0.176885,true,none
1785679704.587227,true,false,AUTO.LOITER,true,true,0.341190,-0.045956,0.153118,-172.769374,-0.050265,0.078932,-176.929193,0.074311,4.159819,true,none
1785679705.589246,true,false,AUTO.LOITER,true,true,0.224095,-0.045287,0.152871,-172.802190,-0.048320,0.158782,-172.592008,0.006644,-0.210181,true,none
1785679706.587055,true,false,AUTO.LOITER,true,true,0.126383,-0.044970,0.152669,-172.600379,-0.046184,0.159353,-172.780117,0.006793,0.179739,true,none
1785679707.587824,true,false,AUTO.LOITER,true,true,0.053899,-0.045136,0.153011,-172.611971,-0.034492,0.149698,-174.618482,0.011147,2.006511,true,none
1785679708.586950,true,false,AUTO.LOITER,true,true,0.194800,-0.045222,0.153228,-172.688717,-0.043444,0.151836,-172.619929,0.002259,-0.068789,true,none
1785679709.586964,true,false,AUTO.LOITER,true,true,0.070119,-0.045416,0.152944,-172.432442,-0.045244,0.147149,-172.531132,0.005797,0.098691,true,none
1785679710.587495,true,false,AUTO.LOITER,true,true,0.079722,-0.044876,0.152983,-171.964929,-0.044794,0.157651,-172.483668,0.004669,0.518739,true,none
1785679711.599337,true,false,AUTO.LOITER,true,true,0.082198,-0.045559,0.153158,-172.119190,-0.044851,0.156256,-172.331362,0.003178,0.212171,true,none
1785679712.589830,true,false,AUTO.LOITER,true,true,0.151941,-0.045551,0.153012,-171.729972,-0.044871,0.153124,-172.271322,0.000690,0.541350,true,none
1785679713.586980,true,false,AUTO.LOITER,true,true,0.095299,-0.044480,0.153032,-171.782865,-0.037588,0.136836,-172.135523,0.017601,0.352658,true,none
1785679714.587781,true,false,AUTO.LOITER,true,true,0.083294,-0.044635,0.153218,-171.828260,-0.044566,0.154948,-172.108376,0.001731,0.280116,true,none
1785679715.586957,true,false,AUTO.LOITER,true,true,0.090714,-0.045036,0.152980,-171.374848,-0.045997,0.160413,-172.031315,0.007496,0.656467,true,none
1785679716.587027,true,false,AUTO.LOITER,true,true,0.186154,-0.044699,0.152954,-171.423512,-0.045188,0.198529,-171.948868,0.045578,0.525355,true,none
1785679717.586998,true,false,AUTO.LOITER,true,true,0.091279,-0.045074,0.152779,-171.580440,-0.040825,0.150220,-171.872981,0.004961,0.292541,true,none
1785679718.588577,true,false,AUTO.LOITER,true,true,0.080086,-0.044782,0.153348,-171.865240,-0.040414,0.140119,-171.834857,0.013931,-0.030383,true,none
1785679719.586996,true,false,AUTO.LOITER,true,true,0.180646,-0.044695,0.153131,-171.458960,-0.033692,0.111392,-171.808747,0.043166,0.349787,true,none
1785679720.586992,true,false,AUTO.LOITER,true,true,0.086583,-0.044951,0.153003,-171.271290,-0.037816,0.127686,-171.770849,0.026303,0.499559,true,none
1785679721.586987,true,false,AUTO.LOITER,true,true,0.060692,-0.045437,0.153387,-171.320327,-0.042716,0.159993,-171.760433,0.007144,0.440105,true,none
1785679722.587021,true,false,AUTO.LOITER,true,true,0.293144,-0.047244,0.153291,-171.318204,-0.040074,0.154303,-171.718927,0.007242,0.400722,true,none
1785679723.586952,true,false,AUTO.LOITER,true,true,0.176460,-0.046777,0.152298,-170.975363,-0.039965,0.163867,-171.679749,0.013425,0.704386,true,none
1785679724.587020,true,false,AUTO.LOITER,true,true,0.088569,-0.041219,0.151748,-171.083909,-0.044323,0.170729,-171.613915,0.019232,0.530006,true,none
1785679725.586994,true,false,AUTO.LOITER,true,true,0.088092,-0.039850,0.151530,-171.676876,-0.035620,0.151202,-171.577538,0.004243,-0.099338,true,none
1785679726.586946,true,false,AUTO.LOITER,true,true,0.192950,-0.038583,0.151061,-171.213030,-0.040550,0.163186,-171.566953,0.012283,0.353923,true,none
1785679727.591877,true,false,AUTO.LOITER,true,true,0.032597,-0.039644,0.151205,-171.086920,-0.024365,0.152281,-175.854488,0.015316,4.767568,true,none
1785679728.587507,true,false,AUTO.LOITER,true,true,0.091202,-0.040534,0.151587,-171.498178,-0.034917,0.136803,-171.253249,0.015815,-0.244929,true,none
1785679729.587057,true,false,AUTO.LOITER,true,true,0.088169,-0.040226,0.151466,-171.464467,-0.033742,0.143535,-171.303858,0.010244,-0.160608,true,none
1785679730.586977,true,false,AUTO.LOITER,true,true,0.186855,-0.039617,0.151036,-171.263360,-0.037357,0.154459,-171.356801,0.004102,0.093440,true,none
1785679731.587005,true,false,AUTO.LOITER,true,true,0.061459,-0.039278,0.151737,-171.723518,-0.042775,0.170484,-171.387446,0.019070,-0.336072,true,none
1785679732.587059,true,false,AUTO.LOITER,true,true,0.084019,-0.039185,0.151928,-171.801027,-0.051313,0.178569,-171.539494,0.029272,-0.261533,true,none
1785679733.587005,true,false,AUTO.LOITER,true,true,0.077676,-0.039226,0.151546,-171.763759,-0.043936,0.164868,-171.563775,0.014130,-0.199984,true,none
1785679734.589792,true,false,AUTO.LOITER,true,true,0.185010,-0.039024,0.151657,-171.775653,-0.043973,0.158148,-171.583054,0.008162,-0.192599,true,none
1785679735.586962,true,false,AUTO.LOITER,true,true,0.091177,-0.039287,0.151959,-171.934497,-0.047635,0.173415,-171.590011,0.023023,-0.344486,true,none
1785679736.596796,true,false,AUTO.LOITER,true,true,0.076874,-0.039358,0.151372,-172.077013,-0.045640,0.166307,-171.609612,0.016202,-0.467401,true,none
1785679737.587175,true,false,AUTO.LOITER,true,true,0.067038,-0.038187,0.151034,-172.029956,-0.045098,0.162789,-171.664910,0.013636,-0.365046,true,none
1785679738.589824,true,false,AUTO.LOITER,true,true,0.190282,-0.038626,0.151255,-172.143292,-0.048296,0.172645,-171.718062,0.023474,-0.425230,true,none
1785679739.587077,true,false,AUTO.LOITER,true,true,0.075090,-0.038523,0.151293,-172.085374,-0.045792,0.157845,-171.728744,0.009786,-0.356630,true,none
1785679740.587389,true,false,AUTO.LOITER,true,true,0.068448,-0.038021,0.151147,-171.924707,-0.046294,0.146411,-171.763067,0.009533,-0.161640,true,none
1785679741.587080,true,false,AUTO.LOITER,true,true,0.084970,-0.038315,0.151394,-172.411180,-0.048891,0.161541,-171.795953,0.014657,-0.615226,true,none
1785679742.586981,true,false,AUTO.LOITER,true,true,0.188748,-0.037573,0.151444,-172.418692,-0.046986,0.163277,-171.821783,0.015121,-0.596909,true,none
1785679743.586908,true,false,AUTO.LOITER,true,true,0.078341,-0.037030,0.151113,-172.328992,-0.050960,0.120074,-171.821356,0.034022,-0.507636,true,none
1785679744.588972,true,false,AUTO.LOITER,true,true,0.089111,-0.036727,0.151332,-172.446046,-0.042353,0.141945,-171.852791,0.010944,-0.593255,true,none
1785679745.587516,true,false,AUTO.LOITER,true,true,0.089065,-0.037417,0.152055,-172.949803,-0.041421,0.142019,-171.901437,0.010806,-1.048366,true,none
1785679746.586987,true,false,AUTO.LOITER,true,true,0.186614,-0.035299,0.151487,-172.415739,-0.041445,0.132861,-171.943440,0.019614,-0.472299,true,none
1785679747.586979,true,false,AUTO.LOITER,true,true,0.070403,-0.035883,0.152013,-172.732565,-0.041434,0.151499,-171.982073,0.005575,-0.750491,true,none
1785679748.587019,true,false,AUTO.LOITER,true,true,0.080438,-0.036201,0.152028,-172.583818,-0.040123,0.151223,-172.028834,0.004004,-0.554984,true,none
1785679749.586954,true,false,AUTO.LOITER,true,true,0.147444,-0.035824,0.152009,-172.502997,-0.040752,0.160151,-172.078134,0.009517,-0.424863,true,none
1785679750.587286,true,false,AUTO.LOITER,true,true,0.057363,-0.035475,0.151881,-172.322463,-0.039550,0.149414,-172.098002,0.004764,-0.224461,true,none
1785679751.586904,true,false,AUTO.LOITER,true,true,0.083936,-0.035929,0.152253,-172.465065,-0.037329,0.165370,-172.107481,0.013191,-0.357584,true,none
1785679752.586978,true,false,AUTO.LOITER,true,true,0.087039,-0.035911,0.152256,-172.182648,-0.039521,0.167243,-172.117181,0.015416,-0.065466,true,none
1785679753.587666,true,false,AUTO.LOITER,true,true,0.057260,-0.036192,0.152004,-172.214885,-0.044306,0.159663,-172.121201,0.011158,-0.093684,true,none
1785679754.588001,true,false,AUTO.LOITER,true,true,0.173176,-0.036381,0.152273,-172.173911,-0.045832,0.174988,-175.381070,0.024603,3.207160,true,none
1785679755.590100,true,false,AUTO.LOITER,true,true,0.136777,-0.035905,0.152238,-172.318378,-0.034016,0.154375,-172.101188,0.002852,-0.217190,true,none
1785679756.586965,true,false,AUTO.LOITER,true,true,0.079880,-0.036034,0.152089,-172.293208,-0.033868,0.155311,-172.208503,0.003883,-0.084705,true,none
1785679757.587238,true,false,AUTO.LOITER,true,true,0.180768,-0.035467,0.152349,-172.218536,-0.033338,0.153874,-172.304151,0.002619,0.085615,true,none
1785679758.586955,true,false,AUTO.LOITER,true,true,0.073161,-0.036266,0.152734,-172.693525,-0.031838,0.122582,-172.330864,0.030475,-0.362661,true,none
1785679759.586953,true,false,AUTO.LOITER,true,true,0.079690,-0.035237,0.152912,-172.455455,-0.033210,0.139542,-172.361978,0.013523,-0.093477,true,none
1785679760.586974,true,false,AUTO.LOITER,true,true,0.182957,-0.034467,0.153241,-172.240192,-0.034398,0.134636,-172.387034,0.018605,0.146841,true,none
1785679761.588850,true,false,AUTO.LOITER,true,true,0.071657,-0.034513,0.153340,-172.384599,-0.034945,0.119691,-172.390670,0.033652,0.006070,true,none
1785679762.589180,true,false,AUTO.LOITER,true,true,0.086372,-0.034652,0.153517,-172.411934,-0.032467,0.126799,-172.390279,0.026807,-0.021656,true,none
1785679763.586963,true,false,AUTO.LOITER,true,true,0.083850,-0.034295,0.153256,-172.299348,-0.035498,0.139756,-172.400381,0.013553,0.101033,true,none
1785679764.586982,true,false,AUTO.LOITER,true,true,0.082874,-0.034769,0.153085,-172.217013,-0.034842,0.142517,-172.399516,0.010568,0.182503,true,none
1785679765.586958,true,false,AUTO.LOITER,true,true,0.080863,-0.034715,0.153519,-172.271135,-0.032845,0.141111,-172.385821,0.012549,0.114687,true,none
1785679766.586974,true,false,AUTO.LOITER,true,true,0.183926,-0.035140,0.153420,-171.880773,-0.035551,0.166773,-172.363202,0.013359,0.482429,true,none
1785679767.586953,true,false,AUTO.LOITER,true,true,0.082534,-0.035179,0.153822,-172.240052,-0.033113,0.165937,-172.345395,0.012290,0.105343,true,none
1785679768.586970,true,false,AUTO.LOITER,true,true,0.081687,-0.034355,0.154505,-172.303117,-0.033557,0.163596,-172.347432,0.009127,0.044315,true,none
1785679769.586975,true,false,AUTO.LOITER,true,true,0.084828,-0.036862,0.155497,-172.489231,-0.032588,0.151151,-172.359328,0.006095,-0.129903,true,none
1785679770.586972,true,false,AUTO.LOITER,true,true,0.184548,-0.038297,0.155888,-172.373224,-0.035031,0.155430,-172.368562,0.003299,-0.004662,true,none
1785679771.586970,true,false,AUTO.LOITER,true,true,0.082786,-0.043930,0.155807,-172.226570,-0.037307,0.182101,-172.317611,0.027116,0.091041,true,none
1785679772.586949,true,false,AUTO.LOITER,true,true,0.081581,-0.049357,0.159453,-172.784283,-0.038314,0.159330,-171.490674,0.011043,-1.293609,true,none
1785679773.587068,true,false,AUTO.LOITER,true,true,0.182307,-0.063435,0.318987,-165.438623,-0.047475,0.214557,-159.792616,0.105643,-5.646007,true,none
1785679774.587154,true,false,AUTO.LOITER,true,true,0.072906,-0.171048,0.503726,-157.094309,-0.146674,0.249857,-157.119048,0.255036,0.024739,true,none
1785679775.586957,true,false,AUTO.LOITER,true,true,0.068412,-0.181387,0.563382,-163.647661,-0.247645,0.350080,-160.635887,0.223356,-3.011775,true,none
1785679776.586987,true,false,AUTO.LOITER,true,true,0.078058,-0.185196,0.575810,-154.509129,-0.246730,0.488549,-154.164257,0.106775,-0.344873,true,none
1785679777.587276,true,false,AUTO.LOITER,true,true,0.183428,-0.200410,0.652135,-158.627841,-0.251137,0.621875,-159.337955,0.059068,0.710114,true,none
1785679778.587232,true,false,AUTO.LOITER,true,true,0.080195,-0.215240,0.688787,-161.714598,-0.198857,0.664739,-162.814824,0.029098,1.100225,true,none
1785679779.588912,true,false,AUTO.LOITER,true,true,0.079287,-0.240147,0.715555,-158.575635,-0.192267,0.693473,-158.862051,0.052726,0.286416,true,none
1785679780.587223,true,false,AUTO.LOITER,true,true,0.076970,-0.228395,0.747616,-167.773681,-0.209686,0.706475,-174.014641,0.045195,6.240960,true,none
1785679781.586976,true,false,AUTO.LOITER,true,true,0.173820,-0.257668,0.758483,179.062462,-0.231671,0.659305,174.218676,0.102529,4.843786,true,none
1785679782.587045,true,false,AUTO.LOITER,true,true,0.068067,-0.266057,0.758246,167.030019,-0.255193,0.621164,164.708351,0.137512,2.321668,true,none
1785679783.586971,true,false,AUTO.LOITER,true,true,0.083403,-0.250031,0.755970,157.650708,-0.319762,0.559316,155.901072,0.208651,1.749636,true,none
1785679784.588033,true,false,AUTO.LOITER,true,true,0.019744,-0.249897,0.749728,151.695962,-0.301203,0.625964,149.699669,0.133976,1.996293,true,none
1785679785.586956,true,false,AUTO.LOITER,true,true,0.174515,-0.252672,0.759074,147.166197,-0.270820,0.686011,145.778568,0.075282,1.387629,true,none
1785679786.586959,true,false,AUTO.LOITER,true,true,0.080690,-0.259389,0.757022,142.925825,-0.268103,0.698612,141.540466,0.059057,1.385359,true,none
1785679787.586977,true,false,AUTO.LOITER,true,true,0.080401,-0.270992,0.752739,138.612863,-0.280340,0.704116,136.458967,0.049514,2.153896,true,none
1785679788.590318,true,false,AUTO.LOITER,true,true,0.066932,-0.252283,0.759645,136.172989,-0.275457,0.718704,132.990888,0.047045,3.182101,true,none
1785679789.586989,true,false,AUTO.LOITER,true,true,0.167927,-0.256961,0.793596,131.537238,-0.283278,0.709720,130.470442,0.087908,1.066796,true,none
1785679790.586964,true,false,AUTO.LOITER,true,true,0.083749,-0.237219,0.825415,130.911236,-0.254135,0.726377,128.518175,0.100472,2.393062,true,none
1785679791.587344,true,false,AUTO.LOITER,true,true,0.044015,-0.240378,0.784929,121.846738,-0.197003,0.766917,120.020281,0.046967,1.826457,true,none
1785679792.586970,true,false,AUTO.LOITER,true,true,0.052245,-0.246728,0.815937,113.894802,-0.201664,0.796823,112.142219,0.048950,1.752583,true,none
1785679793.589174,true,false,AUTO.LOITER,true,true,0.176410,-0.238514,0.807007,106.326379,-0.250503,0.776248,102.641952,0.033013,3.684428,true,none
1785679794.587056,true,false,AUTO.LOITER,true,true,0.066160,-0.219959,0.820563,96.201374,-0.242431,0.813750,94.399787,0.023482,1.801587,true,none
1785679795.586911,true,false,AUTO.LOITER,true,true,0.078904,-0.205322,0.835546,89.333536,-0.221913,0.852404,88.573874,0.023653,0.759662,true,none
1785679796.586965,true,false,AUTO.LOITER,true,true,0.082628,-0.204072,0.838092,86.627541,-0.225789,0.841997,85.200177,0.022065,1.427364,true,none
1785679797.588799,true,false,AUTO.LOITER,true,true,0.064368,-0.194241,0.832729,80.005171,-0.218726,0.839260,77.586467,0.025341,2.418704,true,none
1785679798.586967,true,false,AUTO.LOITER,true,true,0.167177,-0.196999,0.839399,70.556594,-0.244857,0.855844,67.002002,0.050606,3.554592,true,none
1785679799.586974,true,false,AUTO.LOITER,true,true,0.177041,-0.193737,0.840416,67.942582,-0.254381,0.824019,65.856891,0.062822,2.085691,true,none
1785679800.587115,true,false,AUTO.LOITER,true,true,0.081953,-0.192461,0.838735,61.797950,-0.230142,0.837099,59.219350,0.037716,2.578600,true,none
1785679801.586958,true,false,AUTO.LOITER,true,true,0.083562,-0.184741,0.840121,55.352390,-0.210897,0.815394,53.010366,0.035994,2.342024,true,none
1785679802.587859,true,false,AUTO.LOITER,true,true,0.080019,-0.182971,0.838031,48.932226,-0.213928,0.837317,47.245283,0.030965,1.686944,true,none
1785679803.586974,true,false,AUTO.LOITER,true,true,0.180089,-0.179101,0.830386,44.722690,-0.203973,0.840104,42.004282,0.026704,2.718408,true,none
1785679804.586972,true,false,AUTO.LOITER,true,true,0.076891,-0.187038,0.820789,39.831068,-0.200191,0.836691,36.829601,0.020637,3.001467,true,none
1785679805.587751,true,false,AUTO.LOITER,true,true,0.080535,-0.186033,0.814221,32.375232,-0.210041,0.824989,29.460193,0.026312,2.915039,true,none
1785679806.587170,true,false,AUTO.LOITER,true,true,0.054422,-0.179627,0.813872,26.508233,-0.227359,0.834260,24.736742,0.051903,1.771491,true,none
1785679807.588155,true,false,AUTO.LOITER,true,true,0.170280,-0.185310,0.819102,25.694889,-0.244000,0.827263,22.116076,0.059254,3.578812,true,none
1785679808.586950,true,false,AUTO.LOITER,true,true,0.165853,-0.177892,0.806351,17.962815,-0.209385,0.825441,10.870059,0.036827,7.092756,true,none
1785679809.587144,true,false,AUTO.LOITER,true,true,0.069309,-0.167086,0.797738,8.204092,-0.208226,0.834366,5.164498,0.055082,3.039595,true,none
1785679810.587836,true,false,AUTO.LOITER,true,true,0.084208,-0.148837,0.782881,3.885666,-0.167599,0.810929,1.109751,0.033745,2.775915,true,none
1785679811.586957,true,false,AUTO.LOITER,true,true,0.083343,-0.156557,0.782226,-1.025836,-0.148703,0.806503,-4.368387,0.025516,3.342552,true,none
1785679812.587013,true,false,AUTO.LOITER,true,true,0.180171,-0.145469,0.792069,-6.047259,-0.125700,0.811120,-8.583914,0.027454,2.536654,true,none
1785679813.587071,true,false,AUTO.LOITER,true,true,0.069197,-0.147568,0.801915,-10.641919,-0.108103,0.824840,-12.910258,0.045641,2.268339,true,none
1785679814.586962,true,false,AUTO.LOITER,true,true,0.075196,-0.147640,0.803587,-14.858343,-0.096902,0.825745,-16.779698,0.055366,1.921355,true,none
1785679815.587038,true,false,AUTO.LOITER,true,true,0.069966,-0.149570,0.792516,-16.400433,-0.104430,0.806709,-17.961153,0.047319,1.560720,true,none
1785679816.587781,true,false,AUTO.LOITER,true,true,0.080057,-0.172340,0.784992,-24.033505,-0.146452,0.808964,-26.950149,0.035282,2.916644,true,none
1785679817.587024,true,false,AUTO.LOITER,true,true,0.173729,-0.175523,0.772504,-26.103378,-0.165918,0.781028,-30.427581,0.012842,4.324203,true,none
1785679818.587120,true,false,AUTO.LOITER,true,true,0.065856,-0.145189,0.762536,-34.222487,-0.164963,0.775745,-38.018769,0.023779,3.796281,true,none
1785679819.587008,true,false,AUTO.LOITER,true,true,0.081147,-0.146394,0.728890,-46.790281,-0.124167,0.726584,-45.856811,0.022347,-0.933470,true,none
1785679820.586952,true,false,AUTO.LOITER,true,true,0.080157,-0.132247,0.711300,-52.939332,-0.129673,0.653200,-60.046148,0.058156,7.106816,true,none
1785679821.587229,true,false,AUTO.LOITER,true,true,0.069715,-0.105613,0.621209,-55.520264,-0.074657,0.534573,-65.183225,0.092001,9.662961,true,none
1785679822.589660,true,false,AUTO.LOITER,true,true,0.164966,-0.047831,0.545803,-57.218677,-0.061809,0.512185,-64.897469,0.036408,7.678792,true,none
1785679823.587782,true,false,AUTO.LOITER,true,true,0.065084,0.019998,0.446353,-60.623310,0.013004,0.496090,-64.986897,0.050226,4.363587,true,none
1785679824.586953,true,false,AUTO.LOITER,true,true,0.074278,0.100523,0.302392,-64.943714,0.106628,0.498624,-68.815642,0.196327,3.871928,true,none
1785679825.588729,true,false,AUTO.LOITER,true,true,0.085149,0.124473,0.205004,-72.897117,0.131835,0.430068,-73.556292,0.225184,0.659175,true,none
1785679826.586953,true,false,AUTO.LOITER,true,true,0.170445,0.125066,0.156295,-73.351543,0.121337,0.347258,-74.359954,0.190999,1.008411,true,none
1785679827.587088,true,false,AUTO.LOITER,true,true,0.179634,0.133896,0.151890,-75.623648,0.100158,0.290456,-74.313711,0.142614,-1.309937,true,none
1785679828.586955,true,false,AUTO.LOITER,true,true,0.079776,0.133107,0.151603,-75.097660,0.104779,0.261210,-74.232644,0.113209,-0.865016,true,none
1785679829.587014,true,false,AUTO.LOITER,true,true,0.083289,0.130927,0.150005,-74.773319,0.092809,0.243099,-74.168490,0.100596,-0.604828,true,none
1785679830.586882,true,false,AUTO.LOITER,true,true,0.182688,0.131499,0.150240,-74.522604,0.077187,0.232001,-74.109683,0.098155,-0.412921,true,none
1785679831.586965,true,false,AUTO.LOITER,true,true,0.083001,0.132071,0.151013,-74.591200,0.102587,0.227687,-74.026441,0.082147,-0.564759,true,none
1785679832.587744,true,false,AUTO.LOITER,true,true,0.083162,0.131004,0.150297,-74.617813,0.094703,0.229712,-73.969288,0.087318,-0.648524,true,none
1785679833.586962,true,false,AUTO.LOITER,true,true,0.080453,0.131217,0.150519,-74.670269,0.086395,0.203499,-73.942993,0.069397,-0.727276,true,none
1785679834.586963,true,false,AUTO.LOITER,true,true,0.174499,0.132104,0.150817,-74.811275,0.128560,0.202091,-73.896036,0.051396,-0.915239,true,none
1785679835.588557,true,false,AUTO.LOITER,true,true,0.086311,0.132208,0.150739,-75.054440,0.126503,0.198255,-73.855374,0.047857,-1.199066,true,none
1785679836.587042,true,false,AUTO.LOITER,true,true,0.070737,0.132077,0.150596,-74.919510,0.141478,0.188755,-73.819382,0.039300,-1.100128,true,none
1785679837.586966,true,false,AUTO.LOITER,true,true,0.180602,0.131861,0.150667,-74.769879,0.127396,0.176773,-73.778577,0.026485,-0.991303,true,none
1785679838.586954,true,false,AUTO.LOITER,true,true,0.081160,0.132329,0.151182,-74.655380,0.164362,0.185839,-73.732993,0.047193,-0.922387,true,none
1785679839.586954,true,false,AUTO.LOITER,true,true,0.068631,0.131792,0.150863,-75.213365,0.147779,0.175069,-73.702255,0.029008,-1.511110,true,none
1785679840.586954,true,false,AUTO.LOITER,true,true,0.177421,0.131873,0.150960,-74.991513,0.122746,0.163060,-73.698346,0.015157,-1.293167,true,none
1785679841.586943,true,false,AUTO.LOITER,true,true,0.083613,0.132201,0.150822,-74.794112,0.133902,0.169447,-73.635561,0.018702,-1.158551,true,none
1785679842.587235,true,false,AUTO.LOITER,true,true,0.067962,0.132057,0.150624,-75.004928,0.177156,0.178904,-73.577339,0.053232,-1.427589,true,none
1785679843.586992,true,false,AUTO.LOITER,true,true,0.084209,0.131501,0.150221,-75.258015,0.173918,0.166364,-73.578959,0.045385,-1.679057,true,none
1785679844.586970,true,false,AUTO.LOITER,true,true,0.181230,0.131668,0.150521,-75.228001,0.148254,0.153130,-73.593809,0.016790,-1.634192,true,none
1785679845.586959,true,false,AUTO.LOITER,true,true,0.069742,0.131613,0.150136,-75.382851,0.149376,0.162819,-73.592486,0.021826,-1.790365,true,none
1785679846.586956,true,false,AUTO.LOITER,true,true,0.084672,0.130247,0.149754,-76.341786,0.160755,0.167689,-73.602255,0.035390,-2.739531,true,none
1785679847.586971,true,false,AUTO.LOITER,true,true,0.183240,0.128349,0.148104,-76.087987,0.139467,0.190795,-68.597206,0.044115,-7.490781,true,none
1785679848.586959,true,false,AUTO.LOITER,true,true,0.075819,0.154771,0.172645,-56.560944,0.173321,0.096778,-56.263687,0.078102,-0.297257,true,none
1785679849.586957,true,false,AUTO.LOITER,true,true,0.081833,0.154801,0.171231,-56.312258,0.127537,0.152115,-56.169681,0.033298,-0.142576,true,none
1785679850.586963,true,false,AUTO.LOITER,true,true,0.077262,0.151948,0.169165,-55.730300,0.100828,0.189175,-56.121769,0.054897,0.391469,true,none
1785679851.586951,true,false,AUTO.LOITER,true,true,0.072427,0.133415,0.170708,-55.044681,0.071944,0.165983,-55.901550,0.061652,0.856870,true,none
1785679852.586949,true,false,AUTO.LOITER,false,false,1.072425,nan,nan,nan,0.076934,0.192307,17.962299,nan,nan,false,lidar_odom_stale
1785679853.587799,true,false,AUTO.LOITER,false,false,2.073275,nan,nan,nan,0.075278,0.186953,17.641187,nan,nan,false,lidar_odom_stale
1785679854.587091,true,false,AUTO.LOITER,false,false,0.183744,nan,nan,nan,0.076105,0.210538,18.901457,nan,nan,false,rf2o_monitor_WAITING_FOR_ODOM
1785679855.586976,true,false,AUTO.LOITER,true,true,0.083160,0.076188,0.234667,19.741986,0.095110,0.242108,20.094075,0.020333,-0.352089,true,none
1785679856.587013,true,false,AUTO.LOITER,false,false,1.083198,nan,nan,nan,0.068637,0.266867,4.836942,nan,nan,false,lidar_odom_stale
1785679857.586968,true,false,AUTO.LOITER,false,false,2.083150,nan,nan,nan,0.073196,0.213344,3.600657,nan,nan,false,lidar_odom_stale
1785679858.586946,true,false,AUTO.LOITER,false,false,0.181015,nan,nan,nan,0.071781,0.197672,6.544808,nan,nan,false,rf2o_monitor_WAITING_FOR_ODOM
1785679859.586964,true,false,AUTO.LOITER,true,true,0.079904,0.072988,0.190001,6.561013,0.082367,0.191840,6.169523,0.009558,0.391491,true,none
1785679860.587875,true,false,AUTO.LOITER,true,true,0.066650,0.073453,0.190370,6.520849,0.074557,0.198647,6.363384,0.008350,0.157465,true,none
1785679861.586963,true,false,AUTO.LOITER,true,true,0.083591,0.074094,0.187907,6.670621,0.074583,0.176593,6.506832,0.011324,0.163789,true,none
1785679862.586976,true,false,AUTO.LOITER,true,true,0.180119,0.074274,0.187244,6.569650,0.067616,0.192726,6.593888,0.008625,-0.024239,true,none
1785679863.586966,true,false,AUTO.LOITER,true,true,0.071956,0.074161,0.187963,6.258070,0.074158,0.192437,6.670588,0.004474,-0.412518,true,none
1785679864.589048,true,false,AUTO.LOITER,true,true,0.078744,0.074211,0.188454,6.731084,0.079727,0.197390,6.693380,0.010501,0.037704,true,none
1785679865.586996,true,false,AUTO.LOITER,true,true,0.083162,0.074828,0.186565,6.648968,0.091659,0.184619,6.738588,0.016943,-0.089619,true,none
1785679866.586956,true,false,AUTO.LOITER,true,true,0.182569,0.074670,0.186261,6.337753,0.079296,0.183070,6.740638,0.005620,-0.402885,true,none
1785679867.586952,true,false,AUTO.LOITER,true,true,0.082012,0.074691,0.187486,6.318814,0.086824,0.172058,6.777713,0.019627,-0.458899,true,none
1785679868.587861,true,false,AUTO.LOITER,true,true,0.080402,0.074307,0.188452,6.026613,0.081225,0.176014,6.787575,0.014232,-0.760962,true,none
1785679869.586970,true,false,AUTO.LOITER,true,true,0.076717,0.074544,0.187727,5.970845,0.081057,0.191807,6.768122,0.007686,-0.797277,true,none
1785679870.587186,true,false,AUTO.LOITER,true,true,0.183260,0.074486,0.188603,6.267614,0.072782,0.224482,6.779195,0.035919,-0.511581,true,none
1785679871.586954,true,false,AUTO.LOITER,true,true,0.080529,0.074594,0.187538,6.353235,0.075514,0.194276,6.761161,0.006800,-0.407925,true,none
1785679872.587116,true,false,AUTO.LOITER,true,true,0.069214,0.075026,0.186009,5.933891,0.083207,0.181291,6.779864,0.009444,-0.845972,true,none
1785679873.586967,true,false,AUTO.LOITER,true,true,0.181640,0.075971,0.182002,6.566232,0.064858,0.188800,6.759093,0.013027,-0.192861,true,none
1785679874.586958,true,false,AUTO.LOITER,true,true,0.074246,0.076509,0.180753,6.014280,0.061172,0.201468,6.780755,0.025774,-0.766475,true,none
1785679875.586948,true,false,AUTO.LOITER,true,true,0.074258,0.076062,0.181070,5.828492,0.075164,0.172272,6.795574,0.008844,-0.967081,true,none
1785679876.586941,true,false,AUTO.LOITER,true,true,0.080908,0.076559,0.180604,5.665817,0.078775,0.171356,6.766177,0.009510,-1.100360,true,none
1785679877.588046,true,false,AUTO.LOITER,true,true,0.163692,0.076410,0.180678,6.037518,0.097180,0.156346,6.763027,0.031992,-0.725510,true,none
1785679878.586998,true,false,AUTO.LOITER,true,true,0.076684,0.076741,0.179324,5.413327,0.093248,0.158780,6.765284,0.026354,-1.351957,true,none
1785679879.587140,true,false,AUTO.LOITER,true,true,0.075369,0.077428,0.177176,5.362192,0.097158,0.140649,6.746584,0.041515,-1.384392,true,none
1785679880.587430,true,false,AUTO.LOITER,true,true,0.260416,0.077578,0.176267,5.551097,0.088656,0.155898,6.732611,0.023187,-1.181515,true,none
1785679881.590587,true,false,AUTO.LOITER,true,true,0.177906,0.078287,0.174903,5.490243,0.080009,0.165334,6.726050,0.009723,-1.235807,true,none
1785679882.586950,true,false,AUTO.LOITER,true,true,0.071617,0.077960,0.175701,5.184218,0.052609,0.186540,18.472575,0.027571,-13.288356,true,none
1785679883.587263,true,false,AUTO.LOITER,true,true,0.080240,0.078921,0.173012,5.165696,0.075614,0.196752,5.999029,0.023969,-0.833332,true,none
1785679884.586971,true,false,AUTO.LOITER,true,true,0.081205,0.078779,0.174272,5.293106,0.055083,0.177740,13.635821,0.023949,-8.342715,true,none
1785679885.586965,true,false,AUTO.LOITER,true,true,0.181944,0.081087,0.167831,4.910964,0.084374,0.154842,5.385045,0.013398,-0.474080,true,none
1785679886.586966,true,false,AUTO.LOITER,true,true,0.082277,0.081368,0.167825,4.791589,0.084514,0.181868,5.105115,0.014392,-0.313526,true,none
1785679887.589191,true,false,AUTO.LOITER,true,true,0.083795,0.081945,0.167162,4.821685,0.080513,0.176405,5.048394,0.009354,-0.226710,true,none
1785679888.587816,true,false,AUTO.LOITER,true,true,0.182953,0.081413,0.168207,4.981312,0.068395,0.160136,4.954755,0.015317,0.026557,true,none
1785679889.586975,true,false,AUTO.LOITER,true,true,0.082967,0.081588,0.167574,4.773470,0.069566,0.140690,4.975544,0.029450,-0.202073,true,none
1785679890.586960,true,false,AUTO.LOITER,true,true,0.085103,0.081260,0.168185,4.781907,0.067092,0.148995,4.993283,0.023853,-0.211376,true,none
1785679891.586953,true,false,AUTO.LOITER,true,true,0.184232,0.080600,0.169745,4.824513,0.060180,0.191325,4.999450,0.029710,-0.174936,true,none
1785679892.586968,true,false,AUTO.LOITER,true,true,0.084777,0.080831,0.169375,4.672816,0.052437,0.199272,5.005925,0.041232,-0.333109,true,none
1785679893.586972,true,false,AUTO.LOITER,true,true,0.085097,0.081479,0.168037,4.548758,0.059352,0.199654,5.077426,0.038591,-0.528668,true,none
1785679894.586957,true,false,AUTO.LOITER,true,true,0.084039,0.081619,0.167508,4.628098,0.061874,0.208807,5.098110,0.045776,-0.470012,true,none
1785679895.586968,true,false,AUTO.LOITER,true,true,0.079022,0.081458,0.167736,4.530505,0.067607,0.211514,5.102061,0.045917,-0.571555,true,none
1785679896.586953,true,false,AUTO.LOITER,true,true,0.084604,0.081719,0.165822,4.401605,0.080431,0.216297,5.119246,0.050492,-0.717641,true,none
1785679897.587546,true,false,AUTO.LOITER,true,true,0.182895,0.082255,0.163786,4.555817,0.073902,0.197191,5.083216,0.034433,-0.527399,true,none
1785679898.586969,true,false,AUTO.LOITER,true,true,0.080069,0.081827,0.164748,4.276489,0.088419,0.171888,5.080066,0.009717,-0.803577,true,none
1785679899.588776,true,false,AUTO.LOITER,true,true,0.084917,0.082244,0.163919,4.212863,0.098183,0.161000,5.064375,0.016204,-0.851513,true,none
1785679900.587193,true,false,AUTO.LOITER,true,true,0.183213,0.082451,0.163690,4.424917,0.095213,0.150411,5.044963,0.018418,-0.620046,true,none
1785679901.586973,true,false,AUTO.LOITER,true,true,0.084876,0.082423,0.164415,4.339049,0.093767,0.156420,5.041972,0.013878,-0.702923,true,none
1785679902.586964,true,false,AUTO.LOITER,true,true,0.085240,0.081858,0.166135,4.283945,0.104516,0.156935,5.019542,0.024455,-0.735597,true,none
1785679903.586959,true,false,AUTO.LOITER,true,true,0.183021,0.082597,0.165583,4.310493,0.101997,0.170238,5.010162,0.019950,-0.699669,true,none
1785679904.586977,true,false,AUTO.LOITER,true,true,0.082241,0.083768,0.162925,3.762740,0.093767,0.182539,4.994471,0.022015,-1.231731,true,none
1785679905.586962,true,false,AUTO.LOITER,true,true,0.083849,0.083485,0.162796,3.799059,0.097770,0.164248,4.933386,0.014358,-1.134327,true,none
1785679906.586964,true,false,AUTO.LOITER,true,true,0.181261,0.083948,0.160748,4.372700,0.079430,0.166509,4.872530,0.007322,-0.499829,true,none
1785679907.586967,true,false,AUTO.LOITER,true,true,0.070584,0.082601,0.165082,4.588324,0.080834,0.174988,4.858546,0.010063,-0.270223,true,none
1785679908.586978,true,false,AUTO.LOITER,true,true,0.084679,0.082269,0.167279,4.762105,0.104469,0.166577,4.919185,0.022210,-0.157080,true,none
1785679909.590229,true,false,AUTO.LOITER,true,true,0.185791,0.082707,0.165839,4.733947,0.088781,0.172061,4.912588,0.008695,-0.178641,true,none
1785679910.586990,true,false,AUTO.LOITER,true,true,0.076712,0.082732,0.165011,4.217431,0.081889,0.186110,4.909225,0.021116,-0.691794,true,none
1785679911.587765,true,false,AUTO.LOITER,true,true,0.085432,0.082283,0.165795,4.539788,0.086563,0.198613,4.917525,0.033096,-0.377736,true,none
1785679912.586959,true,false,AUTO.LOITER,true,true,0.181529,0.082156,0.165596,4.280188,0.086777,0.170146,4.897300,0.006486,-0.617112,true,none
1785679913.586969,true,false,AUTO.LOITER,true,true,0.083650,0.082466,0.164642,3.879987,0.096036,0.153429,4.894976,0.017603,-1.014989,true,none
1785679914.586951,true,false,AUTO.LOITER,true,true,0.083994,0.082605,0.164353,4.327941,0.080623,0.197668,4.872480,0.033374,-0.544539,true,none
1785679915.586961,true,false,AUTO.LOITER,true,true,0.181844,0.082540,0.164253,4.260181,0.083885,0.202827,4.870170,0.038597,-0.609989,true,none
1785679916.586965,true,false,AUTO.LOITER,true,true,0.077379,0.082182,0.165413,3.710948,0.098548,0.239657,4.869457,0.076026,-1.158510,true,none
1785679917.586982,true,false,AUTO.LOITER,true,true,0.083831,0.082715,0.164574,3.649735,0.104876,0.229471,4.831430,0.068576,-1.181694,true,none
1785679918.586974,true,false,AUTO.LOITER,true,true,0.182934,0.082969,0.163316,4.023244,0.100697,0.194629,4.817088,0.035984,-0.793844,true,none
1785679919.586997,true,false,AUTO.LOITER,true,true,0.080288,0.082795,0.163832,4.160360,0.098468,0.178044,4.790406,0.021157,-0.630046,true,none
1785679920.586980,true,false,AUTO.LOITER,true,true,0.084175,0.083107,0.162692,4.004219,0.085298,0.194782,4.763368,0.032165,-0.759149,true,none
1785679921.586970,true,false,AUTO.LOITER,true,true,0.181538,0.082963,0.162625,3.893793,0.083908,0.194446,4.728857,0.031835,-0.835063,true,none
1785679922.586956,true,false,AUTO.LOITER,true,true,0.085075,0.082979,0.162779,4.163584,0.079481,0.199649,4.723619,0.037035,-0.560035,true,none
1785679923.586966,true,false,AUTO.LOITER,true,true,0.084468,0.083709,0.161186,3.915315,0.086922,0.202341,4.701472,0.041280,-0.786157,true,none
1785679924.586961,true,false,AUTO.LOITER,true,true,0.181819,0.083526,0.161170,3.788206,0.086058,0.209145,4.686254,0.048041,-0.898048,true,none
1785679925.586962,true,false,AUTO.LOITER,true,true,0.084809,0.083653,0.161903,4.209450,0.084383,0.208969,4.671924,0.047072,-0.462475,true,none
1785679926.586975,true,false,AUTO.LOITER,true,true,0.084887,0.084087,0.161044,4.082881,0.082801,0.205150,4.643039,0.044124,-0.560158,true,none
1785679927.586970,true,false,AUTO.LOITER,true,true,0.184312,0.084632,0.159855,3.889926,0.080272,0.211104,4.618517,0.051435,-0.728591,true,none
1785679928.586968,true,false,AUTO.LOITER,true,true,0.084070,0.084399,0.160703,3.974764,0.083561,0.170674,4.603303,0.010006,-0.628538,true,none
1785679929.586957,true,false,AUTO.LOITER,true,true,0.083214,0.084184,0.161348,4.164060,0.076423,0.184201,4.587750,0.024135,-0.423690,true,none
1785679930.586983,true,false,AUTO.LOITER,true,true,0.183705,0.084536,0.160531,3.974759,0.074911,0.190768,4.564239,0.031732,-0.589480,true,none
1785679931.586966,true,false,AUTO.LOITER,true,true,0.081022,0.084757,0.159771,3.866383,0.078921,0.183754,4.533447,0.024683,-0.667063,true,none
1785679932.586967,true,false,AUTO.LOITER,true,true,0.083517,0.084647,0.159457,4.028508,0.084339,0.189016,4.515132,0.029561,-0.486624,true,none
1785679933.586982,true,false,AUTO.LOITER,true,true,0.181876,0.084525,0.159463,3.604998,0.084166,0.176793,4.503337,0.017333,-0.898339,true,none
1785679934.586978,true,false,AUTO.LOITER,true,true,0.082803,0.084510,0.159174,3.675013,0.072430,0.173449,4.486987,0.018701,-0.811974,true,none
1785679935.586981,true,false,AUTO.LOITER,true,true,0.084057,0.084010,0.160092,3.910927,0.075049,0.185001,4.447497,0.026471,-0.536570,true,none
1785679936.586959,true,false,AUTO.LOITER,true,true,0.183632,0.083991,0.160463,4.049099,0.074778,0.176367,4.422515,0.018380,-0.373417,true,none
1785679937.586992,true,false,AUTO.LOITER,true,true,0.084591,0.084385,0.159521,3.771770,0.070161,0.206206,4.407199,0.048804,-0.635430,true,none
1785679938.586960,true,false,AUTO.LOITER,true,true,0.078842,0.084733,0.158269,3.658159,0.076270,0.172859,4.382454,0.016867,-0.724295,true,none
1785679939.586956,true,false,AUTO.LOITER,true,true,0.085156,0.084825,0.158305,3.859241,0.073783,0.167157,4.349475,0.014152,-0.490234,true,none
1785679940.586956,true,false,AUTO.LOITER,true,true,0.083794,0.084696,0.158859,3.734051,0.072092,0.173780,4.323438,0.019532,-0.589387,true,none
1785679941.586964,true,false,AUTO.LOITER,true,true,0.082188,0.084793,0.158073,3.537157,0.070401,0.170209,4.303538,0.018826,-0.766381,true,none
1785679942.586979,true,false,AUTO.LOITER,true,true,0.083050,0.085009,0.156207,3.927116,0.071550,0.174199,4.260752,0.022470,-0.333636,true,none
1785679943.587648,true,false,AUTO.LOITER,true,true,0.079641,0.084881,0.156277,3.696319,0.070491,0.186668,4.235937,0.033626,-0.539619,true,none
1785679944.586960,true,false,AUTO.LOITER,true,true,0.182511,0.085453,0.155442,3.529382,0.089334,0.185607,4.196751,0.030414,-0.667369,true,none
1785679945.586960,true,false,AUTO.LOITER,true,true,0.082203,0.085548,0.154722,3.353475,0.075676,0.240908,4.179747,0.086750,-0.826271,true,none
1785679946.586990,true,false,AUTO.LOITER,true,true,0.084291,0.085302,0.155990,3.239329,0.086561,0.208744,4.126019,0.052769,-0.886690,true,none
1785679947.586982,true,false,AUTO.LOITER,true,true,0.184861,0.085144,0.155893,3.463159,0.092903,0.172426,4.087348,0.018263,-0.624189,true,none
1785679948.586959,true,false,AUTO.LOITER,true,true,0.083501,0.085680,0.155536,3.202868,0.088245,0.163808,4.056446,0.008661,-0.853578,true,none
1785679949.586976,true,false,AUTO.LOITER,true,true,0.083581,0.085405,0.156427,3.336373,0.088840,0.144600,4.032660,0.012315,-0.696287,true,none
1785679950.587025,true,false,AUTO.LOITER,true,true,0.182144,0.085706,0.155615,3.592870,0.089491,0.127371,3.997772,0.028497,-0.404902,true,none
1785679951.586950,true,false,AUTO.LOITER,true,true,0.082827,0.085302,0.156425,3.281272,0.082579,0.153783,3.988201,0.003794,-0.706928,true,none
1785679952.586968,true,false,AUTO.LOITER,true,true,0.083536,0.085773,0.155931,3.186020,0.085215,0.169004,3.951379,0.013085,-0.765359,true,none
1785679953.586983,true,false,AUTO.LOITER,true,true,0.182961,0.085564,0.156543,3.390446,0.091169,0.205367,3.886417,0.049144,-0.495971,true,none
1785679954.587031,true,false,AUTO.LOITER,true,true,0.083919,0.085502,0.157266,3.071422,0.077571,0.188775,3.852091,0.032492,-0.780670,true,none
1785679955.586960,true,false,AUTO.LOITER,true,true,0.084387,0.085837,0.156872,3.233174,0.075043,0.159276,3.791024,0.011059,-0.557850,true,none
1785679956.586967,true,false,AUTO.LOITER,true,true,0.182233,0.086004,0.156817,3.545895,0.076359,0.212921,3.768149,0.056926,-0.222254,true,none
1785679957.587061,true,false,AUTO.LOITER,true,true,0.084856,0.085665,0.157828,3.062053,0.087304,0.215709,3.751406,0.057905,-0.689353,true,none
1785679958.587623,true,false,AUTO.LOITER,true,true,0.080797,0.085643,0.157707,3.380213,0.081670,0.182263,3.725814,0.024875,-0.345601,true,none
1785679959.586967,true,false,AUTO.LOITER,true,true,0.181880,0.085339,0.158654,3.539667,0.075244,0.162229,3.687981,0.010710,-0.148314,true,none
1785679960.587490,true,false,AUTO.LOITER,true,true,0.085043,0.085047,0.160079,3.432942,0.073915,0.177273,3.684869,0.020483,-0.251927,true,none
1785679961.586974,true,false,AUTO.LOITER,true,true,0.084783,0.085395,0.159110,3.510213,0.075288,0.183202,3.685250,0.026126,-0.175037,true,none
1785679962.586972,true,false,AUTO.LOITER,true,true,0.183783,0.085007,0.160112,3.610774,0.075708,0.169536,3.661467,0.013239,-0.050693,true,none
1785679963.586936,true,false,AUTO.LOITER,true,true,0.084536,0.084520,0.160945,3.267009,0.073887,0.175744,3.627426,0.018223,-0.360417,true,none
1785679964.586961,true,false,AUTO.LOITER,true,true,0.080907,0.084551,0.160843,3.182653,0.072008,0.191528,3.599971,0.033149,-0.417318,true,none
1785679965.586964,true,false,AUTO.LOITER,true,true,0.184551,0.084930,0.159281,3.282393,0.067281,0.168922,3.552664,0.020110,-0.270271,true,none
1785679966.586954,true,false,AUTO.LOITER,true,true,0.083812,0.084772,0.160334,3.332765,0.062495,0.168245,3.515835,0.023640,-0.183069,true,none
1785679967.587100,true,false,AUTO.LOITER,true,true,0.084315,0.084830,0.160561,3.272839,0.071090,0.188564,3.481257,0.031192,-0.208418,true,none
1785679968.586967,true,false,AUTO.LOITER,true,true,0.082101,0.084853,0.160476,2.888318,0.068581,0.176343,3.437399,0.022728,-0.549081,true,none
1785679969.587786,true,false,AUTO.LOITER,true,true,0.086178,0.085095,0.159713,3.049528,0.062037,0.136999,3.426879,0.032366,-0.377351,true,none
1785679970.586957,true,false,AUTO.LOITER,true,true,0.084372,0.084695,0.160300,2.904810,0.080563,0.139731,3.365989,0.020980,-0.461179,true,none
1785679971.587024,true,false,AUTO.LOITER,true,true,0.085130,0.084912,0.160141,2.689890,0.066010,0.125692,3.299678,0.039295,-0.609788,true,none
1785679972.586951,true,false,AUTO.LOITER,true,true,0.085548,0.085142,0.158450,2.470849,0.071161,0.149542,3.259568,0.016577,-0.788719,true,none
1785679973.586951,true,false,AUTO.LOITER,true,true,0.181744,0.085331,0.157713,2.844360,0.081982,0.132964,3.188383,0.024974,-0.344023,true,none
1785679974.586959,true,false,AUTO.LOITER,true,true,0.081791,0.085191,0.157620,2.772259,0.083125,0.154905,3.152334,0.003411,-0.380075,true,none
1785679975.586955,true,false,AUTO.LOITER,true,true,0.083593,0.085596,0.155953,2.794049,0.096409,0.116415,3.120347,0.040990,-0.326298,true,none
1785679976.586969,true,false,AUTO.LOITER,true,true,0.181097,0.084934,0.156946,2.386025,0.086419,0.120951,3.083388,0.036026,-0.697363,true,none
1785679977.586975,true,false,AUTO.LOITER,true,true,0.084139,0.085321,0.155826,2.742620,0.089933,0.120627,3.048257,0.035500,-0.305638,true,none
1785679978.586957,true,false,AUTO.LOITER,true,true,0.085469,0.084991,0.157027,2.581962,0.087967,0.108230,3.001976,0.048887,-0.420014,true,none
1785679979.586963,true,false,AUTO.LOITER,true,true,0.183868,0.085257,0.156918,2.405403,0.084587,0.115611,2.947614,0.041313,-0.542211,true,none
1785679980.586968,true,false,AUTO.LOITER,true,true,0.080784,0.084797,0.157059,2.604978,0.089887,0.110784,2.899727,0.046554,-0.294749,true,none
1785679981.586994,true,false,AUTO.LOITER,true,true,0.085136,0.084733,0.156593,2.551102,0.079323,0.154725,2.828828,0.005724,-0.277726,true,none
1785679982.586996,true,false,AUTO.LOITER,true,true,0.182138,0.085180,0.156239,2.087184,0.093374,0.143833,2.794361,0.014868,-0.707176,true,none
1785679983.586958,true,false,AUTO.LOITER,true,true,0.084275,0.085639,0.154486,2.119884,0.095205,0.164646,2.749643,0.013955,-0.629760,true,none
1785679984.586957,true,false,AUTO.LOITER,true,true,0.084901,0.085248,0.155321,2.585247,0.084165,0.167120,2.715476,0.011849,-0.130230,true,none
1785679985.586952,true,false,AUTO.LOITER,true,true,0.182463,0.085031,0.155581,2.186299,0.072420,0.148777,2.669975,0.014328,-0.483676,true,none
1785679986.586947,true,false,AUTO.LOITER,true,true,0.082701,0.085419,0.153853,2.077552,0.069325,0.142472,2.626453,0.019712,-0.548901,true,none
1785679987.586963,true,false,AUTO.LOITER,true,true,0.083506,0.085839,0.153604,2.450578,0.078211,0.144965,2.600214,0.011524,-0.149636,true,none
1785679988.586963,true,false,AUTO.LOITER,true,true,0.181177,0.085615,0.154044,2.222165,0.080613,0.151173,2.548653,0.005768,-0.326487,true,none
1785679989.586910,true,false,AUTO.LOITER,true,true,0.079527,0.085548,0.154252,2.231898,0.082870,0.125586,2.538961,0.028791,-0.307062,true,none
1785679990.586994,true,false,AUTO.LOITER,true,true,0.084218,0.085573,0.153929,2.322894,0.078923,0.157156,2.507300,0.007391,-0.184406,true,none
1785679991.586973,true,false,AUTO.LOITER,true,true,0.184478,0.085291,0.153456,2.074669,0.077749,0.168337,2.463530,0.016683,-0.388861,true,none
1785679992.586967,true,false,AUTO.LOITER,true,true,0.084159,0.084890,0.154644,2.213574,0.080653,0.182543,2.443691,0.028219,-0.230117,true,none
1785679993.587679,true,false,AUTO.LOITER,true,true,0.085522,0.085177,0.153646,2.112397,0.075488,0.193755,2.433578,0.041262,-0.321181,true,none
1785679994.586964,true,false,AUTO.LOITER,true,true,0.085083,0.084923,0.153584,2.302858,0.069441,0.186332,2.385942,0.036223,-0.083085,true,none
1785679995.586983,true,false,AUTO.LOITER,true,true,0.083691,0.084585,0.153434,2.063569,0.067380,0.172073,2.369855,0.025366,-0.306285,true,none
1785679996.586979,true,false,AUTO.LOITER,true,true,0.083014,0.085245,0.152592,2.352261,0.073155,0.172156,2.339071,0.022998,0.013190,true,none
1785679997.586967,true,false,AUTO.LOITER,true,true,0.084291,0.085139,0.153565,2.099210,0.073488,0.170731,2.309641,0.020747,-0.210430,true,none
1785679998.586956,true,false,AUTO.LOITER,true,true,0.080604,0.085324,0.152191,1.967801,0.076437,0.168681,2.283841,0.018732,-0.316040,true,none
1785679999.586949,true,false,AUTO.LOITER,true,true,0.083237,0.085781,0.152408,2.107286,0.079897,0.154184,2.249496,0.006146,-0.142209,true,none
1785680000.586949,true,false,AUTO.LOITER,true,true,0.081075,0.086377,0.149870,1.813273,0.078139,0.165269,2.221438,0.017464,-0.408165,true,none
1785680001.587990,true,false,AUTO.LOITER,true,true,0.084507,0.085941,0.152077,1.936524,0.084785,0.191725,2.179114,0.039665,-0.242590,true,none
1785680002.588087,true,false,AUTO.LOITER,true,true,0.183165,0.086232,0.151121,1.758600,0.087167,0.150893,2.180388,0.000963,-0.421788,true,none
1785680003.586983,true,false,AUTO.LOITER,true,true,0.083551,0.087694,0.147905,1.560787,0.090153,0.160920,2.144032,0.013245,-0.583245,true,none
1785680004.586983,true,false,AUTO.LOITER,true,true,0.084747,0.087794,0.146842,1.690511,0.084155,0.187858,2.098408,0.041177,-0.407897,true,none
1785680005.586965,true,false,AUTO.LOITER,true,true,0.183436,0.088170,0.146124,1.740860,0.078939,0.184821,2.078278,0.039783,-0.337418,true,none
1785680006.586964,true,false,AUTO.LOITER,true,true,0.083900,0.088234,0.146326,1.912937,0.076803,0.128964,2.072975,0.020787,-0.160038,true,none
1785680007.586956,true,false,AUTO.LOITER,true,true,0.085345,0.087821,0.146752,1.680169,0.069489,0.118305,2.063505,0.033842,-0.383336,true,none
1785680008.586977,true,false,AUTO.LOITER,true,true,0.182038,0.087753,0.147038,1.654220,0.071385,0.130249,2.036779,0.023447,-0.382559,true,none
1785680009.586975,true,false,AUTO.LOITER,true,true,0.084174,0.087297,0.147758,1.610855,0.077298,0.122383,2.020532,0.027273,-0.409677,true,none
1785680010.586964,true,false,AUTO.LOITER,true,true,0.083203,0.087706,0.148376,1.893754,0.086769,0.141266,1.993016,0.007172,-0.099262,true,none
1785680011.586962,true,false,AUTO.LOITER,true,true,0.180799,0.086570,0.151134,1.839536,0.081749,0.123413,1.938579,0.028138,-0.099043,true,none
1785680012.586959,true,false,AUTO.LOITER,true,true,0.078737,0.087110,0.150575,1.160710,0.085287,0.132776,1.920501,0.017891,-0.759790,true,none
1785680013.586967,true,false,AUTO.LOITER,true,true,0.083978,0.088477,0.148814,0.343409,0.086350,0.132998,1.859152,0.015958,-1.515744,true,none
1785680014.586974,true,false,AUTO.LOITER,true,true,0.183654,0.088710,0.148114,0.571866,0.089461,0.127101,1.766395,0.021026,-1.194528,true,none
1785680015.586941,true,false,AUTO.LOITER,true,true,0.085026,0.088463,0.148555,0.442883,0.092065,0.101276,1.713486,0.047417,-1.270603,true,none
1785680016.586976,true,false,AUTO.LOITER,true,true,0.084777,0.088964,0.147439,0.376268,0.088413,0.127831,1.627792,0.019616,-1.251524,true,none
1785680017.586957,true,false,AUTO.LOITER,true,true,0.184104,0.089576,0.145427,0.179672,0.110463,0.137885,1.543158,0.022207,-1.363487,true,none
1785680018.586956,true,false,AUTO.LOITER,true,true,0.085062,0.089444,0.145899,0.334623,0.094752,0.133638,1.482824,0.013360,-1.148202,true,none
1785680019.587762,true,false,AUTO.LOITER,true,true,0.084624,0.089450,0.145769,-0.120542,0.091946,0.129408,1.388812,0.016551,-1.509353,true,none
1785680020.586955,true,false,AUTO.LOITER,true,true,0.184320,0.089892,0.144356,0.046405,0.091312,0.150247,1.297246,0.006060,-1.250841,true,none
1785680021.586970,true,false,AUTO.LOITER,true,true,0.081204,0.089680,0.143722,0.181486,0.093214,0.135909,1.224374,0.008575,-1.042888,true,none
1785680022.586950,true,false,AUTO.LOITER,true,true,0.084999,0.089376,0.144361,0.100124,0.090617,0.106188,1.133747,0.038194,-1.033623,true,none
1785680023.586965,true,false,AUTO.LOITER,true,true,0.084567,0.089262,0.145294,-0.050571,0.089968,0.112575,1.048004,0.032727,-1.098575,true,none
1785680024.587100,true,false,AUTO.LOITER,true,true,0.062757,0.089653,0.143943,-0.061920,0.103586,0.159575,0.966726,0.020940,-1.028646,true,none
1785680025.588019,true,false,AUTO.LOITER,true,true,0.084515,0.089668,0.143377,0.179949,0.095608,0.185135,0.897341,0.042178,-0.717393,true,none
1785680026.586982,true,false,AUTO.LOITER,true,true,0.083023,0.089610,0.142212,0.014086,0.091296,0.163210,0.845527,0.021066,-0.831441,true,none
1785680027.586990,true,false,AUTO.LOITER,true,true,0.085624,0.090291,0.140363,0.012154,0.085979,0.140736,0.789354,0.004328,-0.777201,true,none
1785680028.586979,true,false,AUTO.LOITER,true,true,0.184218,0.090254,0.140980,0.142892,0.073456,0.168838,0.711502,0.032530,-0.568609,true,none
1785680029.586950,true,false,AUTO.LOITER,true,true,0.085713,0.089811,0.140294,0.035211,0.082373,0.169872,0.653198,0.030498,-0.617987,true,none
1785680030.586967,true,false,AUTO.LOITER,true,true,0.084226,0.089277,0.142767,0.053826,0.078723,0.190965,0.572266,0.049340,-0.518439,true,none
1785680031.586983,true,false,AUTO.LOITER,true,true,0.183195,0.089827,0.142625,0.014211,0.095479,0.161508,0.519716,0.019711,-0.505505,true,none
1785680032.586957,true,false,AUTO.LOITER,true,true,0.085233,0.089814,0.141834,0.006430,0.095338,0.195977,0.462937,0.054424,-0.456508,true,none
1785680033.586973,true,false,AUTO.LOITER,true,true,0.083372,0.089915,0.141325,-0.043538,0.097002,0.164471,0.407794,0.024206,-0.451332,true,none
1785680034.586974,true,false,AUTO.LOITER,true,true,0.182706,0.089949,0.142029,-0.147557,0.095668,0.149216,0.344703,0.009185,-0.492260,true,none
1785680035.586952,true,false,AUTO.LOITER,true,true,0.080821,0.090009,0.141593,-0.000039,0.109197,0.115367,0.296952,0.032497,-0.296991,true,none
1785680036.587287,true,false,AUTO.LOITER,true,true,0.084929,0.089969,0.142041,-0.131397,0.105312,0.150075,0.247906,0.017319,-0.379303,true,none
1785680037.586989,true,false,AUTO.LOITER,true,true,0.183357,0.090264,0.141024,-0.275710,0.101344,0.146422,0.206125,0.012325,-0.481836,true,none
1785680038.587062,true,false,AUTO.LOITER,true,true,0.085370,0.090255,0.141115,-0.358907,0.100676,0.152969,0.163211,0.015783,-0.522118,true,none
1785680039.586953,true,false,AUTO.LOITER,true,true,0.085189,0.088589,0.145120,0.241997,0.105809,0.170638,0.124335,0.030784,0.117662,true,none
1785680040.586960,true,false,AUTO.LOITER,true,true,0.184545,0.089002,0.143722,-0.031872,0.103704,0.172754,0.090886,0.032543,-0.122758,true,none
1785680041.587002,true,false,AUTO.LOITER,true,true,0.085571,0.088854,0.142608,0.177081,0.097847,0.164257,0.054708,0.023443,0.122374,true,none
1785680042.586982,true,false,AUTO.LOITER,true,true,0.085039,0.088681,0.142467,0.146913,0.105261,0.165765,0.024236,0.028595,0.122677,true,none
1785680043.586962,true,false,AUTO.LOITER,true,true,0.179393,0.088477,0.142314,0.039426,0.100900,0.174856,-0.009354,0.034833,0.048780,true,none
1785680044.586905,true,false,AUTO.LOITER,true,true,0.083142,0.088637,0.141323,-0.255221,0.111236,0.153281,-0.016181,0.025567,-0.239039,true,none
1785680045.587809,true,false,AUTO.LOITER,true,true,0.081620,0.088601,0.140607,-0.150535,0.103595,0.150187,-0.051394,0.017793,-0.099141,true,none
1785680046.586969,true,false,AUTO.LOITER,true,true,0.181095,0.088622,0.139690,0.057656,0.094652,0.168664,-0.103442,0.029595,0.161099,true,none
1785680047.586961,true,false,AUTO.LOITER,true,true,0.080142,0.088820,0.139561,0.381561,0.084293,0.156027,-0.131919,0.017076,0.513480,true,none
1785680048.588741,true,false,AUTO.LOITER,true,true,0.086484,0.089121,0.139110,0.008986,0.099655,0.183735,-0.156580,0.045852,0.165566,true,none
1785680049.586978,true,false,AUTO.LOITER,true,true,0.184151,0.088880,0.139374,0.554677,0.099294,0.163679,-0.176343,0.026442,0.731019,true,none
1785680050.587753,true,false,AUTO.LOITER,true,true,0.086236,0.088620,0.139862,0.284990,0.086199,0.161348,-0.169107,0.021622,0.454097,true,none
1785680051.586973,true,false,AUTO.LOITER,true,true,0.085042,0.088890,0.139376,0.561858,0.088101,0.127500,-0.173657,0.011903,0.735516,true,none
1785680052.586965,true,false,AUTO.LOITER,true,true,0.084992,0.088956,0.139063,0.960827,0.086301,0.144875,-0.174948,0.006390,1.135775,true,none
1785680053.586957,true,false,AUTO.LOITER,true,true,0.083197,0.088642,0.139713,0.916423,0.076289,0.164631,-0.161169,0.027813,1.077592,true,none
1785680054.586968,true,false,AUTO.LOITER,true,true,0.182503,0.088688,0.140172,0.839594,0.071905,0.153959,-0.162600,0.021720,1.002194,true,none
1785680055.586951,true,false,AUTO.LOITER,true,true,0.083662,0.088508,0.139847,0.580994,0.069953,0.144784,-0.155564,0.019200,0.736558,true,none
1785680056.586980,true,false,AUTO.LOITER,true,true,0.082859,0.088559,0.139164,0.655764,0.078821,0.155626,-0.136268,0.019126,0.792032,true,none
1785680057.586967,true,false,AUTO.LOITER,true,true,0.183369,0.088786,0.139305,0.967610,0.083553,0.156697,-0.102390,0.018163,1.070000,true,none
1785680058.586973,true,false,AUTO.LOITER,true,true,0.081431,0.089041,0.139048,0.626435,0.065797,0.170680,-0.080027,0.039254,0.706461,true,none
1785680059.586956,true,false,AUTO.LOITER,true,true,0.080575,0.089288,0.137837,0.997168,0.064487,0.177074,-0.057482,0.046419,1.054650,true,none
1785680060.586969,true,false,AUTO.LOITER,true,true,0.183046,0.089979,0.136648,0.398424,0.065889,0.161978,-0.051793,0.034956,0.450216,true,none
1785680061.586963,true,false,AUTO.LOITER,true,true,0.084536,0.090069,0.135501,0.267114,0.069565,0.158975,-0.037931,0.031168,0.305045,true,none
1785680062.586946,true,false,AUTO.LOITER,true,true,0.083762,0.090550,0.134925,0.197804,0.073490,0.180955,-0.048987,0.049090,0.246792,true,none
1785680063.588755,true,false,AUTO.LOITER,true,true,0.183435,0.090275,0.134956,0.311814,0.073276,0.165041,-0.062542,0.034556,0.374356,true,none
1785680064.586992,true,false,AUTO.LOITER,true,true,0.079206,0.090611,0.134390,0.352054,0.069263,0.139894,-0.050624,0.022047,0.402678,true,none
1785680065.587927,true,false,AUTO.LOITER,true,true,0.084644,0.091073,0.133656,0.342261,0.072237,0.128618,-0.046759,0.019498,0.389020,true,none
1785680066.586969,true,false,AUTO.LOITER,true,true,0.182928,0.090852,0.134118,0.300309,0.081625,0.142664,-0.065286,0.012577,0.365595,true,none
1785680067.587132,true,false,AUTO.LOITER,true,true,0.078577,0.090226,0.134205,-0.106355,0.096754,0.126667,-0.064929,0.009972,-0.041427,true,none
1785680068.588107,true,false,AUTO.LOITER,true,true,0.085734,0.090110,0.134037,-0.192740,0.082698,0.103962,-0.090602,0.030974,-0.102138,true,none
1785680069.586965,true,false,AUTO.LOITER,true,true,0.181987,0.090505,0.132952,0.029473,0.095067,0.151741,-0.116364,0.019334,0.145837,true,none
1785680070.589932,true,false,AUTO.LOITER,true,true,0.083605,0.090382,0.133014,-0.179125,0.102283,0.157150,-0.120588,0.026911,-0.058537,true,none
1785680071.586945,true,false,AUTO.LOITER,true,true,0.084962,0.090938,0.132373,-0.231041,0.094550,0.100020,-0.152568,0.032554,-0.078472,true,none
1785680072.587795,true,false,AUTO.LOITER,true,true,0.182782,0.091295,0.131611,0.263400,0.088290,0.112841,-0.179511,0.019009,0.442911,true,none
1785680073.586956,true,false,AUTO.LOITER,true,true,0.084582,0.091246,0.131006,0.039681,0.099295,0.136571,-0.181290,0.009785,0.220971,true,none
1785680074.587082,true,false,AUTO.LOITER,true,true,0.084435,0.090987,0.131109,-0.159234,0.095498,0.124636,-0.192871,0.007890,0.033637,true,none
1785680075.586960,true,false,AUTO.LOITER,true,true,0.084191,0.090925,0.131121,-0.447116,0.102517,0.137840,-0.213167,0.013399,-0.233949,true,none
1785680076.586951,true,false,AUTO.LOITER,true,true,0.084189,0.091000,0.131013,0.115557,0.097292,0.109121,-0.242041,0.022779,0.357598,true,none
1785680077.586953,true,false,AUTO.LOITER,true,true,0.182621,0.090392,0.132352,-0.200864,0.095519,0.122917,-0.272529,0.010739,0.071665,true,none
1785680078.587007,true,false,AUTO.LOITER,true,true,0.084103,0.090377,0.132628,-0.427239,0.085892,0.133230,-0.288435,0.004525,-0.138803,true,none
1785680079.586963,true,false,AUTO.LOITER,true,true,0.082401,0.090585,0.132873,-0.349240,0.073314,0.175118,-0.314860,0.045640,-0.034380,true,none
1785680080.586967,true,false,AUTO.LOITER,true,true,0.182818,0.090557,0.132428,-0.052491,0.085236,0.127947,-0.335281,0.006957,0.282790,true,none
1785680081.587015,true,false,AUTO.LOITER,true,true,0.084433,0.090623,0.132522,-0.214242,0.086466,0.184512,-0.341940,0.052156,0.127698,true,none
1785680082.586967,true,false,AUTO.LOITER,true,true,0.085029,0.091075,0.132408,-0.393840,0.087673,0.177453,-0.353324,0.045173,-0.040516,true,none
1785680083.586974,true,false,AUTO.LOITER,true,true,0.183818,0.091226,0.132115,-0.084194,0.092928,0.153838,-0.363390,0.021789,0.279195,true,none
1785680084.586984,true,false,AUTO.LOITER,true,true,0.080949,0.090578,0.133191,-0.077408,0.085176,0.155344,-0.361073,0.022802,0.283664,true,none
1785680085.586959,true,false,AUTO.LOITER,true,true,0.085172,0.090611,0.133188,-0.686391,0.091843,0.141835,-0.375387,0.008735,-0.311004,true,none
1785680086.586956,true,false,AUTO.LOITER,true,true,0.184017,0.091239,0.130662,-0.754004,0.105971,0.142451,-0.408542,0.018868,-0.345462,true,none
1785680087.586950,true,false,AUTO.LOITER,true,true,0.083793,0.091095,0.129988,-0.524394,0.101063,0.136820,-0.436460,0.012085,-0.087933,true,none
1785680088.586958,true,false,AUTO.LOITER,true,true,0.085135,0.091465,0.129664,-0.540020,0.101353,0.124225,-0.470863,0.011285,-0.069156,true,none
1785680089.586953,true,false,AUTO.LOITER,true,true,0.183607,0.091740,0.129181,-1.032485,0.099811,0.138536,-0.500768,0.012356,-0.531717,true,none
1785680090.587826,true,false,AUTO.LOITER,true,true,0.084577,0.091918,0.128082,-0.590069,0.094631,0.137627,-0.528723,0.009923,-0.061347,true,none
1785680091.586974,true,false,AUTO.LOITER,true,true,0.084352,0.091716,0.127790,-0.746449,0.094738,0.137095,-0.547481,0.009783,-0.198968,true,none
1785680092.586961,true,false,AUTO.LOITER,true,true,0.084584,0.092131,0.126979,-1.160701,0.089861,0.142230,-0.585914,0.015419,-0.574787,true,none
1785680093.586960,true,false,AUTO.LOITER,true,true,0.082267,0.092008,0.126521,-0.925309,0.086209,0.152133,-0.629280,0.026260,-0.296029,true,none
1785680094.586981,true,false,AUTO.LOITER,true,true,0.081497,0.091809,0.127840,-0.662439,0.086025,0.153905,-0.683826,0.026699,0.021388,true,none
1785680095.586984,true,false,AUTO.LOITER,true,true,0.080954,0.091549,0.128970,-1.156560,0.066008,0.162911,-0.704725,0.042477,-0.451835,true,none
1785680096.587787,true,false,AUTO.LOITER,true,true,0.085909,0.092191,0.128814,-1.073823,0.069406,0.147944,-0.720720,0.029750,-0.353103,true,none
1785680097.586956,true,false,AUTO.LOITER,true,true,0.182815,0.091571,0.129916,-1.183777,0.077559,0.163675,-0.770259,0.036552,-0.413517,true,none
1785680098.587005,true,false,AUTO.LOITER,true,true,0.086193,0.091744,0.129128,-0.812955,0.066625,0.147996,-0.815949,0.031416,0.002994,true,none
1785680099.586962,true,false,AUTO.LOITER,true,true,0.084910,0.091988,0.128880,-0.855091,0.078994,0.157023,-0.831902,0.030998,-0.023188,true,none
1785680100.586957,true,false,AUTO.LOITER,true,true,0.181288,0.092296,0.127311,-0.958944,0.079513,0.143380,-0.864577,0.020534,-0.094367,true,none
1785680101.586972,true,false,AUTO.LOITER,true,true,0.082949,0.092188,0.126789,-1.097213,0.085000,0.120249,-0.895755,0.009717,-0.201458,true,none
1785680102.586962,true,false,AUTO.LOITER,true,true,0.084791,0.092499,0.126642,-1.134434,0.099218,0.126655,-0.924007,0.006719,-0.210427,true,none
1785680103.586956,true,false,AUTO.LOITER,true,true,0.183875,0.092813,0.126047,-1.168224,0.093179,0.133897,-0.968626,0.007858,-0.199598,true,none
1785680104.586953,true,false,AUTO.LOITER,true,true,0.080481,0.092839,0.125588,-1.230566,0.089799,0.130229,-0.990615,0.005549,-0.239950,true,none
1785680105.587855,true,false,AUTO.LOITER,true,true,0.084186,0.093056,0.124662,-1.427503,0.088368,0.132757,-1.016287,0.009355,-0.411215,true,none
1785680106.587853,true,false,AUTO.LOITER,true,true,0.184381,0.093079,0.124440,-1.504763,0.087058,0.152857,-1.054590,0.029048,-0.450173,true,none
1785680107.587810,true,false,AUTO.LOITER,true,true,0.085287,0.093372,0.123491,-1.510742,0.088710,0.145090,-1.087953,0.022097,-0.422789,true,none
1785680108.586998,true,false,AUTO.LOITER,true,true,0.085442,0.093342,0.124902,-1.430214,0.091168,0.154249,-1.129086,0.029428,-0.301128,true,none
1785680109.587019,true,false,AUTO.LOITER,true,true,0.083027,0.093221,0.125158,-2.086502,0.090882,0.163918,-1.178162,0.038830,-0.908341,true,none
1785680110.586950,true,false,AUTO.LOITER,true,true,0.080290,0.093576,0.123918,-2.205544,0.085001,0.145822,-1.220700,0.023523,-0.984844,true,none
1785680111.586973,true,false,AUTO.LOITER,true,true,0.082962,0.093847,0.123935,-1.864059,0.084805,0.128281,-1.267739,0.010033,-0.596321,true,none
1785680112.587005,true,false,AUTO.LOITER,true,true,0.082295,0.093776,0.123633,-2.248762,0.079481,0.123110,-1.311927,0.014304,-0.936834,true,none
1785680113.586972,true,false,AUTO.LOITER,true,true,0.082645,0.094076,0.122956,-1.943359,0.067403,0.138783,-1.351271,0.031015,-0.592089,true,none
1785680114.586959,true,false,AUTO.LOITER,true,true,0.181724,0.093997,0.123868,-1.724212,0.076694,0.135330,-1.411637,0.020755,-0.312575,true,none
1785680115.586997,true,false,AUTO.LOITER,true,true,0.082395,0.093777,0.124077,-1.986697,0.083366,0.150049,-1.464173,0.027981,-0.522524,true,none
1785680116.586915,true,false,AUTO.LOITER,true,true,0.082681,0.093335,0.124719,-1.851220,0.083634,0.176578,-1.490676,0.052758,-0.360544,true,none
1785680117.587024,true,false,AUTO.LOITER,true,true,0.184302,0.093607,0.123782,-1.788270,0.090006,0.168682,-1.533140,0.045045,-0.255131,true,none
1785680118.586964,true,false,AUTO.LOITER,true,true,0.084354,0.093369,0.124693,-1.697263,0.087279,0.169846,-1.543623,0.045561,-0.153640,true,none
1785680119.586978,true,false,AUTO.LOITER,true,true,0.084580,0.093598,0.124512,-1.805255,0.092527,0.224114,-1.589993,0.099608,-0.215262,true,none
1785680120.586968,true,false,AUTO.LOITER,true,true,0.181988,0.093451,0.124071,-1.739831,0.094137,0.184761,-1.619203,0.060694,-0.120628,true,none
1785680121.586970,true,false,AUTO.LOITER,true,true,0.085255,0.093844,0.122005,-1.852467,0.106247,0.176630,-1.649588,0.056015,-0.202880,true,none
1785680122.587009,true,false,AUTO.LOITER,true,true,0.084442,0.093038,0.123180,-1.523146,0.104059,0.183894,-1.687342,0.061706,0.164196,true,none
1785680123.586959,true,false,AUTO.LOITER,true,true,0.181589,0.092821,0.123467,-2.032866,0.099704,0.179487,-1.716518,0.056440,-0.316348,true,none
1785680124.586948,true,false,AUTO.LOITER,true,true,0.079382,0.093472,0.123520,-1.856220,0.103932,0.164101,-1.729401,0.041908,-0.126819,true,none
1785680125.586953,true,false,AUTO.LOITER,true,true,0.083385,0.093313,0.123116,-1.897965,0.095037,0.157939,-1.751544,0.034866,-0.146421,true,none
1785680126.586969,true,false,AUTO.LOITER,true,true,0.181111,0.093487,0.123169,-1.999552,0.108896,0.170611,-1.780706,0.049882,-0.218846,true,none
1785680127.587155,true,false,AUTO.LOITER,true,true,0.083611,0.093831,0.121471,-1.879086,0.096832,0.163814,-1.812139,0.042449,-0.066947,true,none
1785680128.587043,true,false,AUTO.LOITER,true,true,0.085000,0.093673,0.121028,-1.657707,0.097020,0.168184,-1.825650,0.047275,0.167944,true,none
1785680129.587579,true,false,AUTO.LOITER,true,true,0.085386,0.093210,0.121856,-1.990954,0.084964,0.164776,-1.850968,0.043705,-0.139985,true,none
1785680130.586972,true,false,AUTO.LOITER,true,true,0.082735,0.092499,0.123392,-1.499724,0.086190,0.140937,-1.877698,0.018644,0.377974,true,none
1785680131.586952,true,false,AUTO.LOITER,true,true,0.081911,0.092989,0.122163,-1.716962,0.092882,0.144932,-1.888739,0.022770,0.171778,true,none
1785680132.586949,true,false,AUTO.LOITER,true,true,0.083228,0.092965,0.122678,-1.518415,0.092429,0.132176,-1.911070,0.009513,0.392655,true,none
1785680133.586967,true,false,AUTO.LOITER,true,true,0.083463,0.093143,0.122937,-1.568771,0.091818,0.115605,-1.912762,0.007451,0.343990,true,none
1785680134.586960,true,false,AUTO.LOITER,true,true,0.182526,0.093822,0.120855,-1.597162,0.097754,0.152682,-1.943670,0.032068,0.346508,true,none
1785680135.586978,true,false,AUTO.LOITER,true,true,0.081805,0.093703,0.120776,-1.721016,0.101846,0.143176,-1.943213,0.023834,0.222197,true,none
1785680136.586960,true,false,AUTO.LOITER,true,true,0.084249,0.093469,0.121158,-2.170912,0.105503,0.150154,-1.971897,0.031394,-0.199015,true,none
1785680137.586957,true,false,AUTO.LOITER,true,true,0.182127,0.093795,0.119585,-2.196877,0.106861,0.139083,-1.980787,0.023470,-0.216089,true,none
1785680138.586968,true,false,AUTO.LOITER,true,true,0.081059,0.093868,0.119522,-2.114739,0.097402,0.135340,-2.012894,0.016208,-0.101845,true,none
1785680139.586953,true,false,AUTO.LOITER,true,true,0.081818,0.093678,0.119211,-2.036141,0.091202,0.127684,-2.035732,0.008828,-0.000409,true,none
1785680140.586977,true,false,AUTO.LOITER,true,true,0.183073,0.093723,0.118559,-1.916086,0.088224,0.104377,-2.076433,0.015211,0.160346,true,none
1785680141.586984,true,false,AUTO.LOITER,true,true,0.085489,0.094463,0.117288,-2.007515,0.086520,0.075473,-2.080938,0.042563,0.073424,true,none
1785680142.586958,true,false,AUTO.LOITER,true,true,0.085634,0.094267,0.118081,-1.940801,0.085919,0.084930,-2.094458,0.034186,0.153658,true,none
1785680143.586971,true,false,AUTO.LOITER,true,true,0.184089,0.093902,0.119368,-1.959558,0.099700,0.105381,-2.092268,0.015141,0.132710,true,none
1785680144.586900,true,false,AUTO.LOITER,true,true,0.084734,0.094114,0.117980,-2.006190,0.085042,0.106204,-2.085212,0.014866,0.079022,true,none
1785680145.586957,true,false,AUTO.LOITER,true,true,0.081302,0.094272,0.118621,-1.991022,0.086104,0.118119,-2.099035,0.008183,0.108012,true,none
1785680146.586956,true,false,AUTO.LOITER,true,true,0.183004,0.093991,0.118743,-2.089018,0.076839,0.105767,-2.114815,0.021507,0.025797,true,none
1785680147.586961,true,false,AUTO.LOITER,true,true,0.083667,0.094026,0.118368,-2.018950,0.079529,0.113210,-2.142576,0.015387,0.123626,true,none
1785680148.586966,true,false,AUTO.LOITER,true,true,0.083816,0.094597,0.117917,-2.068549,0.072444,0.152657,-2.130475,0.041202,0.061926,true,none
1785680149.586965,true,false,AUTO.LOITER,true,true,0.184566,0.094316,0.118202,-1.981875,0.085542,0.144140,-2.124386,0.027382,0.142511,true,none
1785680150.586997,true,false,AUTO.LOITER,true,true,0.083073,0.094384,0.118625,-1.898812,0.075434,0.127300,-2.098377,0.020841,0.199564,true,none
1785680151.586979,true,false,AUTO.LOITER,true,true,0.084800,0.094639,0.117905,-1.930390,0.083807,0.124294,-2.111103,0.012576,0.180713,true,none
1785680152.586967,true,false,AUTO.LOITER,true,true,0.083774,0.094592,0.117360,-2.014200,0.085980,0.119516,-2.112211,0.008877,0.098011,true,none
1785680153.587004,true,false,AUTO.LOITER,true,true,0.084610,0.094879,0.114471,-2.090660,0.086859,0.084045,-2.131329,0.031465,0.040669,true,none
1785680154.586987,true,false,AUTO.LOITER,true,true,0.183457,0.095125,0.114611,-2.493549,0.090313,0.117052,-2.149841,0.005395,-0.343708,true,none
1785680155.586983,true,false,AUTO.LOITER,true,true,0.083938,0.095443,0.112553,-2.182339,0.103343,0.140387,-2.161558,0.028934,-0.020781,true,none
1785680156.586957,true,false,AUTO.LOITER,true,true,0.085220,0.095684,0.112626,-1.826859,0.098419,0.138819,-2.183816,0.026336,0.356957,true,none
1785680157.586961,true,false,AUTO.LOITER,true,true,0.181922,0.095453,0.112874,-2.248438,0.090969,0.137626,-2.198991,0.025154,-0.049447,true,none
1785680158.587034,true,false,AUTO.LOITER,true,true,0.084743,0.095837,0.111790,-2.102945,0.086798,0.132178,-2.198311,0.022303,0.095366,true,none
1785680159.586958,true,false,AUTO.LOITER,true,true,0.085190,0.095672,0.112017,-2.268534,0.081387,0.137770,-2.220554,0.029449,-0.047980,true,none
1785680160.586955,true,false,AUTO.LOITER,true,true,0.184321,0.095761,0.112110,-2.031245,0.088510,0.118030,-2.237414,0.009361,0.206168,true,none
1785680161.586925,true,false,AUTO.LOITER,true,true,0.083041,0.096068,0.112845,-2.293223,0.080649,0.114884,-2.243301,0.015553,-0.049922,true,none
1785680162.586968,true,false,AUTO.LOITER,true,true,0.081909,0.096258,0.112072,-2.299422,0.066152,0.125050,-2.264573,0.032785,-0.034848,true,none
1785680163.586977,true,false,AUTO.LOITER,true,true,0.183606,0.096092,0.112118,-2.387755,0.079262,0.135238,-2.279883,0.028596,-0.107872,true,none
1785680164.586965,true,false,AUTO.LOITER,true,true,0.084569,0.096048,0.111493,-2.620633,0.084277,0.101343,-2.241520,0.015543,-0.379113,true,none
1785680165.586960,true,false,AUTO.LOITER,true,true,0.083981,0.096370,0.110445,-2.423005,0.078912,0.115978,-2.282801,0.018313,-0.140204,true,none
1785680166.586961,true,false,AUTO.LOITER,true,true,0.083954,0.096286,0.109799,-2.898132,0.077512,0.123672,-2.304332,0.023343,-0.593800,true,none
1785680167.586976,true,false,AUTO.LOITER,true,true,0.084772,0.096541,0.108824,-2.857315,0.086200,0.127701,-2.308382,0.021524,-0.548934,true,none
1785680168.587285,true,false,AUTO.LOITER,true,true,0.182415,0.096761,0.109539,-2.807843,0.078519,0.120256,-2.358931,0.021157,-0.448912,true,none
1785680169.586971,true,false,AUTO.LOITER,true,true,0.078775,0.095756,0.113286,-2.930359,0.083101,0.115863,-2.385097,0.012914,-0.545263,true,none
1785680170.586967,true,false,AUTO.LOITER,true,true,0.084704,0.095859,0.112825,-3.055519,0.085601,0.112410,-2.427110,0.010267,-0.628409,true,none
1785680171.586974,true,false,AUTO.LOITER,true,true,0.181942,0.095378,0.113656,-3.136817,0.091167,0.128210,-2.462478,0.015151,-0.674339,true,none
1785680172.587508,true,false,AUTO.LOITER,true,true,0.084882,0.095797,0.112353,-3.358649,0.081827,0.143697,-2.520033,0.034316,-0.838616,true,none
1785680173.586949,true,false,AUTO.LOITER,true,true,0.083957,0.095948,0.111493,-3.193293,0.084737,0.116725,-2.562764,0.012372,-0.630529,true,none
1785680174.586975,true,false,AUTO.LOITER,true,true,0.182555,0.095790,0.112140,-3.363031,0.095747,0.125662,-2.607826,0.013522,-0.755205,true,none
1785680175.588761,true,false,AUTO.LOITER,true,true,0.085344,0.096275,0.110796,-3.485048,0.096217,0.102341,-2.647725,0.008455,-0.837323,true,none
1785680176.588192,true,false,AUTO.LOITER,true,true,0.085953,0.096451,0.109446,-3.668036,0.101604,0.090346,-2.700832,0.019783,-0.967205,true,none
1785680177.587024,true,false,AUTO.LOITER,true,true,0.183497,0.096230,0.109872,-3.484812,0.093840,0.108198,-2.772062,0.002917,-0.712750,true,none
1785680178.586937,true,false,AUTO.LOITER,true,true,0.078313,0.095818,0.110927,-4.132075,0.096098,0.107767,-2.827203,0.003172,-1.304872,true,none
1785680179.586947,true,false,AUTO.LOITER,true,true,0.085531,0.096340,0.109002,-4.079089,0.090600,0.102650,-2.913101,0.008562,-1.165988,true,none
1785680180.586991,true,false,AUTO.LOITER,true,true,0.083855,0.096292,0.109531,-4.081067,0.093589,0.103820,-2.980304,0.006319,-1.100764,true,none
1785680181.586965,true,false,AUTO.LOITER,true,true,0.083024,0.096341,0.109145,-4.115971,0.095183,0.104536,-3.040886,0.004752,-1.075084,true,none
1785680182.586962,true,false,AUTO.LOITER,true,true,0.085426,0.096712,0.108343,-4.338507,0.094933,0.096640,-3.122410,0.011838,-1.216097,true,none
1785680183.586974,true,false,AUTO.LOITER,true,true,0.073531,0.097124,0.107318,-3.960840,0.095425,0.093208,-3.184370,0.014212,-0.776470,true,none
1785680184.586962,true,false,AUTO.LOITER,true,true,0.083745,0.096830,0.107168,-3.857660,0.102123,0.115865,-3.237067,0.010181,-0.620593,true,none
1785680185.587516,true,false,AUTO.LOITER,true,true,0.183970,0.096815,0.107276,-3.994608,0.098210,0.096292,-3.272825,0.011071,-0.721783,true,none
1785680186.586998,true,false,AUTO.LOITER,true,true,0.082871,0.097103,0.104922,-4.336112,0.095143,0.050662,-3.321400,0.054295,-1.014711,true,none
1785680187.586984,true,false,AUTO.LOITER,true,true,0.085165,0.096854,0.106673,-3.856337,0.097221,0.065028,-3.378964,0.041647,-0.477373,true,none
1785680188.586970,true,false,AUTO.LOITER,true,true,0.183939,0.096457,0.106314,-4.128632,0.107391,0.102886,-3.419062,0.011460,-0.709570,true,none
1785680189.586917,true,false,AUTO.LOITER,true,true,0.081913,0.096538,0.105129,-4.434379,0.113307,0.075309,-3.475862,0.034212,-0.958518,true,none
1785680190.586986,true,false,AUTO.LOITER,true,true,0.084836,0.096869,0.104743,-4.333594,0.105860,0.095302,-3.538314,0.013037,-0.795280,true,none
1785680191.587080,true,false,AUTO.LOITER,true,true,0.184663,0.096710,0.103994,-4.292541,0.108500,0.101044,-3.606744,0.012153,-0.685797,true,none
1785680192.587762,true,false,AUTO.LOITER,true,true,0.084628,0.096362,0.105302,-4.409536,0.123871,0.059105,-3.687114,0.053767,-0.722422,true,none
1785680193.586957,true,false,AUTO.LOITER,true,true,0.082555,0.096273,0.104425,-4.659804,0.118766,0.047275,-3.808651,0.061417,-0.851153,true,none
1785680194.587064,true,false,AUTO.LOITER,true,true,0.184114,0.096116,0.105473,-4.104042,0.116417,0.092845,-3.824346,0.023907,-0.279696,true,none
1785680195.586968,true,false,AUTO.LOITER,true,true,0.082734,0.096402,0.106213,-4.400664,0.119325,0.092602,-3.873393,0.026660,-0.527271,true,none
1785680196.589056,true,false,AUTO.LOITER,true,true,0.085665,0.097795,0.105263,-4.658232,0.115270,0.107036,-3.914402,0.017564,-0.743830,true,none
1785680197.587140,true,false,AUTO.LOITER,true,true,0.084567,0.098544,0.104190,-4.941087,0.121269,0.088892,-3.985957,0.027394,-0.955130,true,none
1785680198.587762,true,false,AUTO.LOITER,true,true,0.085293,0.098415,0.105160,-4.653241,0.116866,0.068396,-4.033452,0.041135,-0.619789,true,none
1785680199.587021,true,false,AUTO.LOITER,true,true,0.184134,0.098753,0.103451,-4.783746,0.117131,0.065488,-4.123471,0.042177,-0.660275,true,none
1785680200.586952,true,false,AUTO.LOITER,true,true,0.084558,0.098519,0.102547,-5.027974,0.123398,0.060045,-4.185004,0.049248,-0.842970,true,none
1785680201.587910,true,false,AUTO.LOITER,true,true,0.086015,0.098387,0.103002,-4.630478,0.124567,0.089332,-4.258680,0.029534,-0.371798,true,none
1785680202.586978,true,false,AUTO.LOITER,true,true,0.183455,0.098290,0.103733,-5.043186,0.134646,0.102991,-4.275304,0.036364,-0.767882,true,none
1785680203.586985,true,false,AUTO.LOITER,true,true,0.080241,0.098620,0.102820,-5.014636,0.109368,0.073514,-4.317690,0.031214,-0.696946,true,none
1785680204.586976,true,false,AUTO.LOITER,true,true,0.084479,0.098326,0.103752,-4.940711,0.100440,0.091573,-4.372500,0.012362,-0.568212,true,none
1785680205.586960,true,false,AUTO.LOITER,true,true,0.182457,0.098102,0.103945,-4.954470,0.105684,0.100488,-4.426241,0.008333,-0.528229,true,none
1785680206.587508,true,false,AUTO.LOITER,true,true,0.072637,0.098555,0.102859,-5.076397,0.114032,0.079786,-4.481849,0.027783,-0.594548,true,none
1785680207.586956,true,false,AUTO.LOITER,true,true,0.082909,0.098467,0.103231,-4.928618,0.110493,0.092562,-4.546670,0.016076,-0.381948,true,none
1785680208.588964,true,false,AUTO.LOITER,true,true,0.183701,0.097954,0.105183,-4.911057,0.115445,0.115063,-4.599633,0.020089,-0.311425,true,none
1785680209.587397,true,false,AUTO.LOITER,true,true,0.080074,0.097823,0.104172,-5.433278,0.121257,0.121813,-4.641068,0.029332,-0.792210,true,none
1785680210.587731,true,false,AUTO.LOITER,true,true,0.085805,0.098178,0.103924,-5.414460,0.127285,0.134744,-4.689518,0.042392,-0.724942,true,none
1785680211.586976,true,false,AUTO.LOITER,true,true,0.184738,0.097994,0.105279,-5.071503,0.123334,0.127937,-4.754497,0.033993,-0.317006,true,none
1785680212.586969,true,false,AUTO.LOITER,true,true,0.085269,0.098039,0.103887,-5.577648,0.116561,0.099577,-4.801591,0.019017,-0.776057,true,none
1785680213.586962,true,false,AUTO.LOITER,true,true,0.084766,0.098285,0.103630,-5.300971,0.113822,0.101744,-4.874880,0.015651,-0.426090,true,none
1785680214.586950,true,false,AUTO.LOITER,true,true,0.083481,0.098515,0.102480,-5.653990,0.109638,0.113605,-4.946431,0.015732,-0.707560,true,none
1785680215.586963,true,false,AUTO.LOITER,true,true,0.084679,0.098248,0.104598,-5.437071,0.110238,0.117608,-5.010106,0.017693,-0.426965,true,none
1785680216.588619,true,false,AUTO.LOITER,true,true,0.078482,0.098438,0.105593,-5.515189,0.111559,0.098322,-5.071660,0.015001,-0.443529,true,none
1785680217.586968,true,false,AUTO.LOITER,true,true,0.082722,0.098783,0.105846,-5.607287,0.103158,0.104686,-5.113226,0.004526,-0.494061,true,none
1785680218.587624,true,false,AUTO.LOITER,true,true,0.084388,0.098390,0.106233,-5.668739,0.101070,0.093475,-5.176702,0.013036,-0.492037,true,none
1785680219.586955,true,false,AUTO.LOITER,true,true,0.183580,0.098757,0.105205,-5.477747,0.101948,0.087276,-5.229279,0.018211,-0.248467,true,none
1785680220.586966,true,false,AUTO.LOITER,true,true,0.084804,0.099044,0.104908,-5.567031,0.106721,0.117597,-5.271193,0.014830,-0.295838,true,none
1785680221.586959,true,false,AUTO.LOITER,true,true,0.085963,0.099218,0.104779,-5.631185,0.098319,0.107107,-5.322858,0.002496,-0.308327,true,none
1785680222.586986,true,false,AUTO.LOITER,true,true,0.184405,0.099486,0.104939,-5.356889,0.100835,0.144208,-5.361433,0.039293,0.004544,true,none
1785680223.586964,true,false,AUTO.LOITER,true,true,0.085079,0.099759,0.104093,-5.387041,0.101118,0.131260,-5.384125,0.027201,-0.002916,true,none
1785680224.586953,true,false,AUTO.LOITER,true,true,0.085733,0.100022,0.103004,-5.280194,0.095936,0.127063,-5.408550,0.024404,0.128356,true,none
1785680225.587276,true,false,AUTO.LOITER,true,true,0.185545,0.100169,0.102280,-4.869276,0.086485,0.139729,-5.443917,0.039871,0.574641,true,none
1785680226.586966,true,false,AUTO.LOITER,true,true,0.083682,0.100242,0.103154,-4.992841,0.092526,0.127958,-5.456958,0.025976,0.464117,true,none
1785680227.586951,true,false,AUTO.LOITER,true,true,0.084080,0.100936,0.102309,-5.021579,0.090582,0.134110,-5.475824,0.033444,0.454244,true,none
1785680228.586967,true,false,AUTO.LOITER,true,true,0.183916,0.100727,0.102635,-4.808597,0.096874,0.118315,-5.502159,0.016146,0.693563,true,none
1785680229.586976,true,false,AUTO.LOITER,true,true,0.083079,0.100644,0.102303,-5.151512,0.097979,0.116723,-5.502248,0.014665,0.350736,true,none
1785680230.586960,true,false,AUTO.LOITER,true,true,0.084807,0.100911,0.102170,-5.026477,0.096300,0.113255,-5.501601,0.012006,0.475124,true,none
1785680231.586976,true,false,AUTO.LOITER,true,true,0.083200,0.101180,0.100686,-4.988814,0.083391,0.102507,-5.492953,0.017882,0.504138,true,none
1785680232.586962,true,false,AUTO.LOITER,true,true,0.084535,0.101107,0.101233,-4.978698,0.090440,0.122452,-5.499248,0.023749,0.520550,true,none
1785680233.586979,true,false,AUTO.LOITER,true,true,0.184896,0.101319,0.100646,-4.704088,0.104780,0.105602,-5.497388,0.006045,0.793300,true,none
1785680234.586966,true,false,AUTO.LOITER,true,true,0.080155,0.101525,0.099688,-5.093339,0.100243,0.121467,-5.470160,0.021816,0.376821,true,none
1785680235.587787,true,false,AUTO.LOITER,true,true,0.085818,0.101432,0.099717,-4.639837,0.098576,0.117731,-5.461257,0.018239,0.821420,true,none
1785680236.586954,true,false,AUTO.LOITER,true,true,0.183489,0.101435,0.099157,-4.733646,0.102069,0.121911,-5.462196,0.022763,0.728550,true,none
1785680237.586948,true,false,AUTO.LOITER,true,true,0.072134,0.101790,0.098579,-4.847338,0.104818,0.096309,-5.486240,0.003785,0.638902,true,none
1785680238.586974,true,false,AUTO.LOITER,true,true,0.085969,0.102138,0.098405,-4.774486,0.102618,0.093327,-5.488327,0.005101,0.713841,true,none
1785680239.587095,true,false,AUTO.LOITER,true,true,0.184034,0.102146,0.098891,-4.659994,0.098949,0.103277,-5.479064,0.005428,0.819070,true,none
1785680240.586999,true,false,AUTO.LOITER,true,true,0.082770,0.101984,0.098889,-4.680350,0.091733,0.114477,-5.458418,0.018657,0.778068,true,none
1785680241.586958,true,false,AUTO.LOITER,true,true,0.085855,0.102101,0.097763,-4.828176,0.096515,0.101983,-5.449058,0.007000,0.620882,true,none
1785680242.586941,true,false,AUTO.LOITER,true,true,0.083864,0.102058,0.096733,-4.622611,0.098518,0.100153,-5.431420,0.004922,0.808809,true,none
1785680243.586947,true,false,AUTO.LOITER,true,true,0.074361,0.101732,0.096346,-4.652673,0.090759,0.109864,-5.411849,0.017410,0.759176,true,none
1785680244.586981,true,false,AUTO.LOITER,true,true,0.183720,0.101993,0.095758,-5.053204,0.093614,0.131978,-5.392082,0.037176,0.338878,true,none
1785680245.586970,true,false,AUTO.LOITER,true,true,0.083225,0.101747,0.097171,-4.988505,0.109518,0.129368,-5.367987,0.033121,0.379482,true,none
1785680246.586998,true,false,AUTO.LOITER,true,true,0.084915,0.101564,0.098300,-4.518324,0.084346,0.116829,-5.379941,0.025294,0.861617,true,none
1785680247.586987,true,false,AUTO.LOITER,true,true,0.183264,0.101594,0.097438,-5.171176,0.092649,0.110922,-5.380863,0.016181,0.209687,true,none
1785680248.586950,true,false,AUTO.LOITER,true,true,0.086004,0.101885,0.096829,-4.782141,0.099218,0.122118,-5.381322,0.025429,0.599181,true,none
1785680249.586978,true,false,AUTO.LOITER,true,true,0.083800,0.101590,0.098346,-4.854890,0.106716,0.083162,-5.396633,0.016026,0.541744,true,none
1785680250.586969,true,false,AUTO.LOITER,true,true,0.081039,0.101649,0.097723,-4.888602,0.100778,0.090555,-5.383012,0.007221,0.494410,true,none
1785680251.586970,true,false,AUTO.LOITER,true,true,0.082304,0.101695,0.097726,-5.124511,0.102492,0.102851,-5.391139,0.005188,0.266628,true,none
1785680252.586966,true,false,AUTO.LOITER,true,true,0.183362,0.101953,0.096499,-5.237894,0.101658,0.062551,-5.394917,0.033950,0.157024,true,none
1785680253.586959,true,false,AUTO.LOITER,true,true,0.081285,0.101932,0.096879,-5.015038,0.109719,0.104238,-5.401245,0.010714,0.386207,true,none
1785680254.587494,true,false,AUTO.LOITER,true,true,0.074638,0.101794,0.097276,-5.053429,0.100699,0.127146,-5.412487,0.029891,0.359058,true,none
1785680255.588290,true,false,AUTO.LOITER,true,true,0.185392,0.102115,0.096302,-5.208172,0.097760,0.104126,-5.429562,0.008954,0.221390,true,none
1785680256.586982,true,false,AUTO.LOITER,true,true,0.085379,0.102132,0.095340,-4.931156,0.095165,0.116069,-5.427364,0.021869,0.496208,true,none
1785680257.586963,true,false,AUTO.LOITER,true,true,0.084867,0.101955,0.095249,-5.142633,0.084281,0.074007,-5.387010,0.027633,0.244377,true,none
1785680258.587069,true,false,AUTO.LOITER,true,true,0.185446,0.102208,0.094456,-5.185955,0.097862,0.081592,-5.392448,0.013578,0.206494,true,none
1785680259.586943,true,false,AUTO.LOITER,true,true,0.083830,0.102383,0.094068,-5.227641,0.100223,0.099185,-5.376267,0.005554,0.148626,true,none
1785680260.586965,true,false,AUTO.LOITER,true,true,0.085888,0.102387,0.094613,-5.253451,0.100678,0.113164,-5.389058,0.018629,0.135607,true,none
1785680261.587004,true,false,AUTO.LOITER,true,true,0.184179,0.102718,0.094037,-5.272984,0.096677,0.081592,-5.391658,0.013834,0.118674,true,none
1785680262.586971,true,false,AUTO.LOITER,true,true,0.084256,0.103058,0.092139,-5.245063,0.103528,0.120460,-5.409993,0.028326,0.164930,true,none
1785680263.586960,true,false,AUTO.LOITER,true,true,0.083984,0.102977,0.090021,-5.038353,0.099992,0.095785,-5.398163,0.006491,0.359811,true,none
1785680264.586968,true,false,AUTO.LOITER,true,true,0.084502,0.103271,0.089168,-5.126868,0.097066,0.089853,-5.399186,0.006243,0.272318,true,none
1785680265.587070,true,false,AUTO.LOITER,true,true,0.081816,0.103677,0.087609,-5.185597,0.101202,0.104907,-5.400316,0.017475,0.214718,true,none
1785680266.586982,true,false,AUTO.LOITER,true,true,0.182512,0.103260,0.087929,-5.022107,0.101728,0.096092,-5.397013,0.008305,0.374905,true,none
1785680267.586969,true,false,AUTO.LOITER,true,true,0.084845,0.103422,0.088409,-5.170231,0.092113,0.132556,-5.387367,0.045573,0.217135,true,none
1785680268.587406,true,false,AUTO.LOITER,true,true,0.085630,0.102870,0.090598,-5.293998,0.094918,0.134175,-5.373650,0.044297,0.079652,true,none
1785680269.586952,true,false,AUTO.LOITER,true,true,0.184665,0.103075,0.090187,-5.225056,0.085472,0.140369,-5.425933,0.053180,0.200877,true,none
1785680270.587001,true,false,AUTO.LOITER,true,true,0.085520,0.103141,0.089179,-4.927205,0.097594,0.102736,-5.410806,0.014648,0.483601,true,none
1785680271.586989,true,false,AUTO.LOITER,true,true,0.086884,0.103163,0.089864,-5.095774,0.106667,0.081320,-5.414059,0.009235,0.318284,true,none
1785680272.586978,true,false,AUTO.LOITER,true,true,0.184590,0.103385,0.088572,-5.110640,0.101508,0.070886,-5.411349,0.017785,0.300709,true,none
1785680273.587085,true,false,AUTO.LOITER,true,true,0.079381,0.103207,0.087744,-5.109413,0.108058,0.100113,-5.386657,0.013286,0.277244,true,none
1785680274.586972,true,false,AUTO.LOITER,true,true,0.083470,0.103119,0.087644,-4.918432,0.116570,0.079605,-5.381170,0.015670,0.462738,true,none
1785680275.586949,true,false,AUTO.LOITER,true,true,0.083246,0.103087,0.090463,-5.085232,0.112875,0.096938,-5.369610,0.011736,0.284377,true,none
1785680276.587795,true,false,AUTO.LOITER,true,true,0.084901,0.103449,0.088896,-5.364553,0.112802,0.086010,-5.351439,0.009788,-0.013114,true,none
1785680277.586957,true,false,AUTO.LOITER,true,true,0.182300,0.103094,0.089481,-4.847212,0.111161,0.059438,-5.341067,0.031107,0.493854,true,none
1785680278.586969,true,false,AUTO.LOITER,true,true,0.085187,0.102647,0.090673,-5.222799,0.117084,0.071226,-5.358337,0.024220,0.135538,true,none
1785680279.587215,true,false,AUTO.LOITER,true,true,0.085791,0.102947,0.089580,-5.444067,0.109533,0.053048,-5.350717,0.037121,-0.093350,true,none
1785680280.586968,true,false,AUTO.LOITER,true,true,0.182219,0.102864,0.089970,-5.185517,0.103192,0.026165,-5.338378,0.063806,0.152861,true,none
1785680281.586955,true,false,AUTO.LOITER,true,true,0.085715,0.102753,0.090394,-5.475296,0.111949,0.061359,-5.349846,0.030457,-0.125450,true,none
1785680282.586991,true,false,AUTO.LOITER,true,true,0.082727,0.103134,0.090313,-5.386032,0.106396,0.081793,-5.339144,0.009124,-0.046887,true,none
1785680283.586967,true,false,AUTO.LOITER,true,true,0.183463,0.103099,0.089104,-5.535315,0.112936,0.080235,-5.355913,0.013245,-0.179402,true,none
1785680284.586964,true,false,AUTO.LOITER,true,true,0.077927,0.102789,0.089114,-5.617595,0.103235,0.084690,-5.322111,0.004446,-0.295484,true,none
1785680285.589547,true,false,AUTO.LOITER,true,true,0.081453,0.102673,0.089977,-5.871696,0.105003,0.084393,-5.343502,0.006050,-0.528193,true,none
1785680286.587049,true,false,AUTO.LOITER,true,true,0.183693,0.102774,0.089097,-5.998141,0.109789,0.085615,-5.384011,0.007832,-0.614129,true,none
1785680287.586975,true,false,AUTO.LOITER,true,true,0.085173,0.102896,0.089038,-5.675448,0.108968,0.109380,-5.407290,0.021229,-0.268158,true,none
1785680288.587032,true,false,AUTO.LOITER,true,true,0.082811,0.102759,0.089421,-6.068888,0.112655,0.083303,-5.443284,0.011635,-0.625604,true,none
1785680289.587137,true,false,AUTO.LOITER,true,true,0.085193,0.102907,0.089373,-5.999379,0.109918,0.085072,-5.476430,0.008225,-0.522949,true,none
1785680290.586964,true,false,AUTO.LOITER,true,true,0.085720,0.102709,0.088982,-6.017059,0.115231,0.105972,-5.509920,0.021106,-0.507138,true,none
1785680291.586965,true,false,AUTO.LOITER,true,true,0.182561,0.102502,0.088778,-6.012443,0.107796,0.092911,-5.564222,0.006716,-0.448221,true,none
1785680292.586966,true,false,AUTO.LOITER,true,true,0.082969,0.102543,0.088418,-6.162014,0.117639,0.118240,-5.586542,0.033425,-0.575472,true,none
1785680293.586977,true,false,AUTO.LOITER,true,true,0.084853,0.103117,0.086121,-6.275776,0.109492,0.087791,-5.623475,0.006590,-0.652301,true,none
1785680294.586981,true,false,AUTO.LOITER,true,true,0.183067,0.102914,0.085497,-6.099942,0.101259,0.125192,-5.673888,0.039730,-0.426055,true,none
1785680295.587780,true,false,AUTO.LOITER,true,true,0.084150,0.102848,0.086216,-6.251588,0.110000,0.151293,-5.707369,0.065468,-0.544220,true,none
1785680296.586960,true,false,AUTO.LOITER,true,true,0.085199,0.103222,0.086400,-6.334700,0.106662,0.135404,-5.744874,0.049125,-0.589826,true,none
1785680297.587797,true,false,AUTO.LOITER,true,true,0.183401,0.103258,0.085352,-6.153648,0.103469,0.082052,-5.786111,0.003306,-0.367537,true,none
1785680298.586959,true,false,AUTO.LOITER,true,true,0.081269,0.103339,0.084787,-6.174659,0.103702,0.060057,-5.807837,0.024732,-0.366822,true,none
1785680299.586961,true,false,AUTO.LOITER,true,true,0.081931,0.103612,0.085477,-6.486561,0.114946,0.050332,-5.830380,0.036927,-0.656181,true,none
1785680300.586964,true,false,AUTO.LOITER,true,true,0.085292,0.103856,0.084806,-6.087319,0.108995,0.065570,-5.867043,0.019910,-0.220276,true,none
1785680301.586975,true,false,AUTO.LOITER,true,true,0.081901,0.103854,0.086059,-5.907676,0.107449,0.067760,-5.884585,0.018650,-0.023092,true,none
1785680302.586966,true,false,AUTO.LOITER,true,true,0.183249,0.103886,0.086053,-6.022220,0.107315,0.069228,-5.891840,0.017170,-0.130380,true,none
1785680303.587745,true,false,AUTO.LOITER,true,true,0.081461,0.104075,0.085379,-5.785962,0.108314,0.066180,-5.895398,0.019662,0.109436,true,none
1785680304.587751,true,false,AUTO.LOITER,true,true,0.086621,0.103765,0.086300,-5.813575,0.109425,0.072527,-5.898898,0.014891,0.085323,true,none
1785680305.586964,true,false,AUTO.LOITER,true,true,0.183518,0.103346,0.086350,-6.001576,0.113463,0.076162,-5.907500,0.014358,-0.094076,true,none
1785680306.587109,true,false,AUTO.LOITER,true,true,0.085714,0.103529,0.086328,-5.829784,0.094576,0.069398,-5.934380,0.019152,0.104596,true,none
1785680307.586963,true,false,AUTO.LOITER,true,true,0.083527,0.103875,0.085868,-5.798909,0.104025,0.067863,-5.935933,0.018005,0.137024,true,none
1785680308.586955,true,false,AUTO.LOITER,true,true,0.182183,0.103447,0.085880,-5.516101,0.104423,0.059894,-5.938640,0.026005,0.422539,true,none
1785680309.586971,true,false,AUTO.LOITER,true,true,0.082428,0.103279,0.085883,-5.881146,0.099292,0.073617,-5.936050,0.012898,0.054903,true,none
1785680310.586960,true,false,AUTO.LOITER,true,true,0.084248,0.103390,0.085129,-6.031867,0.108693,0.105146,-5.950914,0.020708,-0.080953,true,none
1785680311.586894,true,false,AUTO.LOITER,true,true,0.181154,0.103451,0.085372,-5.878874,0.106335,0.110085,-5.948339,0.024881,0.069464,true,none
1785680312.587776,true,false,AUTO.LOITER,true,true,0.083005,0.103174,0.086193,-5.686712,0.106925,0.107895,-5.960534,0.022023,0.273823,true,none
1785680313.586977,true,false,AUTO.LOITER,true,true,0.084808,0.103679,0.086387,-5.830243,0.117243,0.091300,-5.976739,0.014426,0.146496,true,none
1785680314.586989,true,false,AUTO.LOITER,true,true,0.085321,0.103978,0.083997,-5.765346,0.127306,0.073589,-5.961147,0.025545,0.195801,true,none
1785680315.586952,true,false,AUTO.LOITER,true,true,0.084728,0.104094,0.083188,-5.388300,0.125822,0.104482,-5.962385,0.030422,0.574085,true,none
1785680316.586979,true,false,AUTO.LOITER,true,true,0.184497,0.104224,0.083664,-5.585898,0.120790,0.113468,-5.959061,0.034098,0.373164,true,none
1785680317.586950,true,false,AUTO.LOITER,true,true,0.080088,0.104304,0.083254,-5.744745,0.105223,0.060079,-5.963651,0.023193,0.218906,true,none
1785680318.586976,true,false,AUTO.LOITER,true,true,0.085930,0.104426,0.081515,-5.730864,0.111807,0.078955,-5.957132,0.007812,0.226268,true,none
1785680319.587382,true,false,AUTO.LOITER,true,true,0.183676,0.104351,0.080808,-5.758665,0.106907,0.078249,-5.968357,0.003616,0.209692,true,none
1785680320.586956,true,false,AUTO.LOITER,true,true,0.083778,0.104408,0.080269,-5.951886,0.106318,0.095184,-5.951659,0.015036,-0.000227,true,none
1785680321.587773,true,false,AUTO.LOITER,true,true,0.086234,0.104864,0.079365,-6.048639,0.112279,0.090128,-5.958445,0.013069,-0.090194,true,none
1785680322.587035,true,false,AUTO.LOITER,true,true,0.082849,0.104899,0.080779,-6.084497,0.088137,0.048841,-5.985475,0.036069,-0.099022,true,none
1785680323.587754,true,false,AUTO.LOITER,true,true,0.076385,0.105089,0.081418,-6.480904,0.096153,0.046487,-5.999944,0.036055,-0.480959,true,none
1785680324.587081,true,false,AUTO.LOITER,true,true,0.182001,0.105389,0.079524,-6.262425,0.102569,0.012265,-6.023723,0.067318,-0.238701,true,none
1785680325.586950,true,false,AUTO.LOITER,true,true,0.085284,0.105468,0.079257,-6.396885,0.105949,-0.015156,-6.054927,0.094415,-0.341958,true,none
1785680326.586998,true,false,AUTO.LOITER,true,true,0.085120,0.105116,0.079167,-6.505678,0.100681,0.000928,-6.062059,0.078364,-0.443619,true,none
1785680327.586968,true,false,AUTO.LOITER,true,true,0.185115,0.105426,0.078830,-6.721151,0.102376,-0.005975,-6.088794,0.084860,-0.632357,true,none
1785680328.586988,true,false,AUTO.LOITER,true,true,0.075729,0.105545,0.078085,-6.463234,0.094186,-0.032193,-6.112535,0.110861,-0.350699,true,none
1785680329.587959,true,false,AUTO.LOITER,true,true,0.084920,0.105239,0.077612,-6.463857,0.093835,-0.006495,-6.150609,0.084877,-0.313248,true,none
1785680330.586991,true,false,AUTO.LOITER,true,true,0.183541,0.105214,0.077179,-6.484828,0.103927,0.014883,-6.180340,0.062310,-0.304487,true,none
1785680331.587071,true,false,AUTO.LOITER,true,true,0.084805,0.105418,0.075299,-6.678283,0.100634,0.024177,-6.190247,0.051346,-0.488035,true,none
1785680332.586955,true,false,AUTO.LOITER,true,true,0.084526,0.105211,0.075483,-6.447566,0.102162,0.037828,-6.220215,0.037779,-0.227351,true,none
1785680333.587017,true,false,AUTO.LOITER,true,true,0.077112,0.105198,0.075244,-6.514601,0.103417,0.057169,-6.246135,0.018163,-0.268467,true,none
1785680334.586957,true,false,AUTO.LOITER,true,true,0.084098,0.105424,0.075596,-6.610229,0.090599,0.043861,-6.272476,0.035027,-0.337753,true,none
1785680335.586988,true,false,AUTO.LOITER,true,true,0.183238,0.105703,0.074533,-6.486939,0.096228,0.079544,-6.305502,0.010718,-0.181437,true,none
1785680336.586967,true,false,AUTO.LOITER,true,true,0.084853,0.105859,0.073005,-6.639094,0.091793,0.094602,-6.301873,0.025774,-0.337221,true,none
1785680337.586957,true,false,AUTO.LOITER,true,true,0.085063,0.106064,0.070957,-6.661707,0.096262,0.089519,-6.332444,0.020991,-0.329263,true,none
1785680338.586956,true,false,AUTO.LOITER,true,true,0.183194,0.106461,0.069841,-6.709941,0.098431,0.084473,-6.365792,0.016691,-0.344148,true,none
1785680339.587026,true,false,AUTO.LOITER,true,true,0.085406,0.106314,0.071138,-6.357043,0.099127,0.075996,-6.385235,0.008674,0.028192,true,none
1785680340.586982,true,false,AUTO.LOITER,true,true,0.084136,0.106375,0.069660,-6.605392,0.103004,0.087757,-6.406980,0.018409,-0.198412,true,none
1785680341.586966,true,false,AUTO.LOITER,true,true,0.085972,0.106506,0.068851,-6.967231,0.101112,0.085894,-6.434480,0.017877,-0.532751,true,none
1785680342.588770,true,false,AUTO.LOITER,true,true,0.087118,0.106384,0.069245,-6.706605,0.100426,0.096687,-6.451112,0.028082,-0.255493,true,none
1785680343.586962,true,false,AUTO.LOITER,true,true,0.184020,0.106282,0.069505,-6.715307,0.107412,0.127468,-6.488238,0.057973,-0.227068,true,none
1785680344.586969,true,false,AUTO.LOITER,true,true,0.073471,0.106215,0.068862,-6.976642,0.122696,0.128623,-6.524376,0.061992,-0.452266,true,none
1785680345.587735,true,false,AUTO.LOITER,true,true,0.084036,0.106530,0.070287,-6.960324,0.113594,0.114056,-6.550362,0.044335,-0.409962,true,none
1785680346.587165,true,false,AUTO.LOITER,true,true,0.182913,0.106576,0.069636,-7.003744,0.106817,0.091446,-6.585701,0.021811,-0.418043,true,none
1785680347.586990,true,false,AUTO.LOITER,true,true,0.082887,0.106194,0.069577,-7.070843,0.121667,0.097877,-6.620048,0.032254,-0.450794,true,none
1785680348.587793,true,false,AUTO.LOITER,true,true,0.086543,0.106594,0.069379,-7.254937,0.106768,0.075539,-6.652060,0.006162,-0.602877,true,none
1785680349.586957,true,false,AUTO.LOITER,true,true,0.184296,0.106427,0.067970,-6.957236,0.104876,0.017142,-6.717519,0.050851,-0.239716,true,none
1785680350.587762,true,false,AUTO.LOITER,true,true,0.080500,0.105672,0.070247,-6.901674,0.111968,0.039946,-6.734219,0.030948,-0.167455,true,none
1785680351.586960,true,false,AUTO.LOITER,true,true,0.085755,0.104935,0.072075,-6.883884,0.117899,0.020565,-6.762596,0.053117,-0.121288,true,none
1785680352.586952,true,false,AUTO.LOITER,true,true,0.085012,0.105007,0.075803,-6.917621,0.124967,0.007793,-6.782524,0.070878,-0.135097,true,none
1785680353.587001,true,false,AUTO.LOITER,true,true,0.084452,0.105323,0.074256,-6.490416,0.119458,0.043753,-6.797017,0.033619,0.306601,true,none
1785680354.586987,true,false,AUTO.LOITER,true,true,0.184635,0.105687,0.072977,-6.737603,0.125970,0.059356,-6.817755,0.024433,0.080152,true,none
1785680355.586960,true,false,AUTO.LOITER,true,true,0.082077,0.105874,0.073387,-6.990994,0.116072,0.038684,-6.812126,0.036171,-0.178868,true,none
1785680356.587006,true,false,AUTO.LOITER,true,true,0.083425,0.105812,0.073207,-6.909128,0.126397,0.101528,-6.820967,0.035012,-0.088161,true,none
1785680357.586959,true,false,AUTO.LOITER,true,true,0.183896,0.105748,0.072833,-6.753207,0.126163,0.070055,-6.835305,0.020603,0.082098,true,none
1785680358.587994,true,false,AUTO.LOITER,true,true,0.085240,0.105732,0.074144,-6.498807,0.112137,0.041385,-6.832758,0.033379,0.333951,true,none
1785680359.586980,true,false,AUTO.LOITER,true,true,0.085984,0.106087,0.072543,-6.540413,0.122413,0.069154,-6.833659,0.016674,0.293246,true,none
1785680360.586999,true,false,AUTO.LOITER,true,true,0.183849,0.106021,0.072020,-7.060384,0.137145,0.070820,-6.832437,0.031147,-0.227947,true,none
1785680361.587804,true,false,AUTO.LOITER,true,true,0.086027,0.106122,0.072158,-6.774455,0.113978,0.038870,-6.835362,0.034202,0.060907,true,none
1785680362.586955,true,false,AUTO.LOITER,true,true,0.184421,0.106540,0.071594,-6.730445,0.114658,0.042737,-6.839329,0.029977,0.108883,true,none
1785680363.586969,true,false,AUTO.LOITER,true,true,0.083678,0.106884,0.070524,-6.505781,0.109343,0.050164,-6.830834,0.020508,0.325052,true,none
1785680364.587751,true,false,AUTO.LOITER,true,true,0.083409,0.106784,0.070981,-6.265177,0.107315,0.010712,-6.838919,0.060272,0.573742,true,none
1785680365.586952,true,false,AUTO.LOITER,true,true,0.183497,0.106902,0.070491,-6.384693,0.127733,0.028307,-6.828035,0.047048,0.443341,true,none
1785680366.586978,true,false,AUTO.LOITER,true,true,0.084505,0.106903,0.070703,-6.946341,0.120932,0.011114,-6.839486,0.061218,-0.106855,true,none
1785680367.588841,true,false,AUTO.LOITER,true,true,0.086470,0.106806,0.069946,-6.182232,0.118255,0.008207,-6.830675,0.062791,0.648442,true,none
1785680368.586961,true,false,AUTO.LOITER,true,true,0.182881,0.106450,0.070852,-6.516485,0.123633,0.009623,-6.811227,0.063594,0.294742,true,none
1785680369.587055,true,false,AUTO.LOITER,true,true,0.084026,0.106510,0.069706,-6.644631,0.117380,0.020008,-6.799214,0.050873,0.154583,true,none
1785680370.587005,true,false,AUTO.LOITER,true,true,0.084245,0.106430,0.068292,-6.487115,0.118850,0.012212,-6.774799,0.057439,0.287684,true,none
1785680371.586961,true,false,AUTO.LOITER,true,true,0.085307,0.106035,0.069009,-6.695855,0.111162,-0.008124,-6.770295,0.077304,0.074439,true,none
1785680372.586955,true,false,AUTO.LOITER,true,true,0.085846,0.106200,0.068901,-6.412993,0.107351,-0.005379,-6.729911,0.074289,0.316918,true,none
1785680373.586957,true,false,AUTO.LOITER,true,true,0.184680,0.106406,0.068758,-6.292758,0.115482,-0.012293,-6.734657,0.081558,0.441900,true,none
1785680374.586951,true,false,AUTO.LOITER,true,true,0.084987,0.106565,0.068525,-6.345605,0.116280,0.030834,-6.711731,0.038922,0.366126,true,none
1785680375.587760,true,false,AUTO.LOITER,true,true,0.085766,0.106359,0.069055,-6.078297,0.101154,0.060881,-6.691329,0.009691,0.613032,true,none
1785680376.586967,true,false,AUTO.LOITER,true,true,0.184401,0.106705,0.068481,-6.684565,0.102262,0.055540,-6.662597,0.013683,-0.021968,true,none
1785680377.586970,true,false,AUTO.LOITER,true,true,0.081618,0.106848,0.067875,-5.907701,0.103831,0.052269,-6.642620,0.015895,0.734920,true,none
1785680378.586987,true,false,AUTO.LOITER,true,true,0.084869,0.106788,0.068735,-5.649536,0.109369,0.078505,-6.619038,0.010105,0.969502,true,none
1785680379.586945,true,false,AUTO.LOITER,true,true,0.084772,0.107105,0.067636,-5.875877,0.122719,0.093577,-6.546922,0.030278,0.671045,true,none
1785680380.586958,true,false,AUTO.LOITER,true,true,0.084323,0.107240,0.066899,-5.985111,0.107243,0.093742,-6.510823,0.026843,0.525712,true,none
1785680381.588096,true,false,AUTO.LOITER,true,true,0.185725,0.107332,0.065441,-5.494346,0.099387,0.049991,-6.458192,0.017373,0.963846,true,none
1785680382.586976,true,false,AUTO.LOITER,true,true,0.085581,0.107175,0.065724,-5.609400,0.102720,0.060081,-6.433493,0.007189,0.824092,true,none
1785680383.586986,true,false,AUTO.LOITER,true,true,0.085436,0.107645,0.063739,-6.212487,0.111103,0.077856,-6.403776,0.014535,0.191289,true,none
1785680384.586978,true,false,AUTO.LOITER,true,true,0.185393,0.107356,0.063753,-6.216288,0.108761,0.064720,-6.382381,0.001706,0.166093,true,none
1785680385.587199,true,false,AUTO.LOITER,true,true,0.086180,0.107500,0.063667,-5.488848,0.105439,0.066262,-6.350229,0.003314,0.861382,true,none
1785680386.586955,true,false,AUTO.LOITER,true,true,0.079634,0.107637,0.062297,-5.777897,0.096295,0.077110,-6.289613,0.018657,0.511716,true,none
1785680387.588244,true,false,AUTO.LOITER,true,true,0.186076,0.107940,0.062740,-5.576020,0.110427,0.099388,-6.225499,0.036732,0.649479,true,none
1785680388.586947,true,false,AUTO.LOITER,true,true,0.084552,0.107676,0.064463,-5.081586,0.106467,0.071603,-6.178596,0.007242,1.097010,true,none
1785680389.586969,true,false,AUTO.LOITER,true,true,0.084716,0.107408,0.065800,-5.690672,0.109310,0.074875,-6.134719,0.009272,0.444047,true,none
1785680390.587162,true,false,AUTO.LOITER,true,true,0.084087,0.107931,0.065461,-5.491945,0.115540,0.080798,-6.104114,0.017121,0.612169,true,none
1785680391.586908,true,false,AUTO.LOITER,true,true,0.084731,0.107970,0.066434,-5.303351,0.126409,0.104063,-6.089583,0.041904,0.786232,true,none
1785680392.586984,true,false,AUTO.LOITER,true,true,0.184449,0.108067,0.066493,-5.180244,0.120962,0.080156,-6.054734,0.018788,0.874490,true,none
1785680393.586974,true,false,AUTO.LOITER,true,true,0.084556,0.108298,0.065268,-5.323800,0.117454,0.089544,-6.028429,0.025945,0.704628,true,none
1785680394.586956,true,false,AUTO.LOITER,true,true,0.084946,0.108411,0.065489,-6.116470,0.116890,0.089047,-5.999199,0.025038,-0.117272,true,none
1785680395.586956,true,false,AUTO.LOITER,true,true,0.184655,0.108337,0.065470,-5.782681,0.116074,0.082672,-5.982156,0.018861,0.199475,true,none
1785680396.587503,true,false,AUTO.LOITER,true,true,0.085232,0.108578,0.063895,-5.349137,0.115095,0.081180,-5.961753,0.018473,0.612616,true,none
1785680397.586958,true,false,AUTO.LOITER,true,true,0.086276,0.108735,0.064528,-5.565522,0.115125,0.080122,-5.930611,0.016853,0.365088,true,none
1785680398.586957,true,false,AUTO.LOITER,true,true,0.084798,0.108515,0.064946,-5.604909,0.115147,0.078538,-5.904119,0.015123,0.299210,true,none
1785680399.587665,true,false,AUTO.LOITER,true,true,0.085112,0.108326,0.064391,-5.431558,0.114235,0.076822,-5.875521,0.013764,0.443963,true,none
1785680400.586952,true,false,AUTO.LOITER,true,true,0.183187,0.108837,0.062872,-5.328000,0.115421,0.072132,-5.847947,0.011362,0.519947,true,none
1785680401.586961,true,false,AUTO.LOITER,true,true,0.084977,0.108595,0.063523,-5.174251,0.119682,0.042858,-5.814060,0.023452,0.639809,true,none
1785680402.590656,true,false,AUTO.LOITER,true,true,0.087539,0.108571,0.063139,-5.632955,0.115268,0.045578,-5.754982,0.018795,0.122027,true,none
1785680403.586956,true,false,AUTO.LOITER,true,true,0.183356,0.108573,0.063042,-5.408141,0.121425,0.017203,-5.747803,0.047606,0.339662,true,none
1785680404.586947,true,false,AUTO.LOITER,true,true,0.080924,0.108538,0.061152,-6.046117,0.113661,0.033175,-5.747520,0.028442,-0.298597,true,none
1785680405.586988,true,false,AUTO.LOITER,true,true,0.084444,0.108499,0.060091,-5.675940,0.111460,0.050728,-5.723079,0.009820,0.047139,true,none
1785680406.586951,true,false,AUTO.LOITER,true,true,0.181444,0.108693,0.060227,-5.445166,0.116201,0.045733,-5.713047,0.016323,0.267881,true,none
1785680407.586967,true,false,AUTO.LOITER,true,true,0.084542,0.108627,0.060195,-5.403368,0.112831,0.038799,-5.690273,0.021805,0.286905,true,none
1785680408.586971,true,false,AUTO.LOITER,true,true,0.181120,0.108638,0.061419,-5.170274,0.101801,0.054366,-5.679856,0.009824,0.509581,true,none
1785680409.587000,true,false,AUTO.LOITER,true,true,0.075299,0.108645,0.060537,-5.290582,0.115011,0.079663,-5.661444,0.020158,0.370862,true,none
1785680410.588804,true,false,AUTO.LOITER,true,true,0.084096,0.108863,0.059749,-5.277364,0.122676,0.043325,-5.692560,0.021461,0.415195,true,none
1785680411.587338,true,false,AUTO.LOITER,true,true,0.183128,0.109063,0.057850,-5.335809,0.116875,0.046441,-5.650934,0.013827,0.315125,true,none
1785680412.586957,true,false,AUTO.LOITER,true,true,0.084871,0.109019,0.058705,-5.195562,0.124175,0.085487,-5.611855,0.030772,0.416293,true,none
1785680413.586969,true,false,AUTO.LOITER,true,true,0.083603,0.108849,0.059579,-5.144385,0.117429,0.077817,-5.585493,0.020156,0.441108,true,none
1785680414.587443,true,false,AUTO.LOITER,true,true,0.085618,0.109020,0.058796,-5.860796,0.124897,0.064796,-5.574732,0.016973,-0.286064,true,none
1785680415.587753,true,false,AUTO.LOITER,true,true,0.087056,0.108861,0.058142,-5.652842,0.120428,0.079795,-5.562304,0.024548,-0.090539,true,none
1785680416.586979,true,false,AUTO.LOITER,true,true,0.085660,0.108685,0.058598,-5.375298,0.116942,0.083638,-5.544941,0.026366,0.169642,true,none
1785680417.586940,true,false,AUTO.LOITER,true,true,0.083225,0.108709,0.058032,-5.350069,0.111097,0.082220,-5.530908,0.024306,0.180839,true,none
1785680418.586949,true,false,AUTO.LOITER,true,true,0.084499,0.108738,0.057296,-5.222561,0.107685,0.064073,-5.517051,0.006858,0.294490,true,none
1785680419.586966,true,false,AUTO.LOITER,true,true,0.184983,0.108550,0.058672,-5.176206,0.106178,0.039332,-5.497990,0.019485,0.321784,true,none
1785680420.588216,true,false,AUTO.LOITER,true,true,0.087118,0.108842,0.059642,-5.526140,0.114815,0.062503,-5.462083,0.006622,-0.064056,true,none
1785680421.586962,true,false,AUTO.LOITER,true,true,0.085389,0.109230,0.058519,-5.019104,0.113668,0.031852,-5.448723,0.027033,0.429619,true,none
1785680422.586959,true,false,AUTO.LOITER,true,true,0.184448,0.109381,0.059381,-4.453748,0.110484,0.006309,-5.413109,0.053083,0.959361,true,none
1785680423.587396,true,false,AUTO.LOITER,true,true,0.085224,0.109135,0.060734,-4.461565,0.112372,0.016325,-5.373003,0.044527,0.911438,true,none
1785680424.586968,true,false,AUTO.LOITER,true,true,0.182768,0.109408,0.061379,-4.862630,0.101691,0.025004,-5.323555,0.037185,0.460925,true,none
1785680425.586959,true,false,AUTO.LOITER,true,true,0.082541,0.109448,0.060805,-4.973564,0.102931,0.026454,-5.290673,0.034964,0.317109,true,none
1785680426.588803,true,false,AUTO.LOITER,true,true,0.086672,0.109264,0.060568,-4.543142,0.110690,0.030601,-5.233009,0.030001,0.689867,true,none
1785680427.587782,true,false,AUTO.LOITER,true,true,0.184406,0.109572,0.061172,-4.338959,0.119486,0.005837,-5.184858,0.056216,0.845899,true,none
1785680428.586960,true,false,AUTO.LOITER,true,true,0.085558,0.109924,0.061629,-5.049300,0.108748,0.014351,-5.112265,0.047293,0.062965,true,none
1785680429.590418,true,false,AUTO.LOITER,true,true,0.087665,0.109531,0.063532,-4.102213,0.110715,0.040397,-5.078704,0.023165,0.976491,true,none
1785680430.586956,true,false,AUTO.LOITER,true,true,0.183792,0.109386,0.064381,-4.640490,0.108822,0.053790,-5.031485,0.010607,0.390996,true,none
1785680431.587839,true,false,AUTO.LOITER,true,true,0.083873,0.109752,0.065228,-4.457628,0.114106,0.038833,-4.996465,0.026752,0.538837,true,none
1785680432.587780,true,false,AUTO.LOITER,true,true,0.085636,0.110101,0.065116,-4.124864,0.114082,0.039821,-4.972016,0.025606,0.847152,true,none
1785680433.586962,true,false,AUTO.LOITER,true,true,0.082699,0.110019,0.064412,-4.393256,0.098514,0.032358,-4.941840,0.034056,0.548585,true,none
1785680434.586955,true,false,AUTO.LOITER,true,true,0.085487,0.109669,0.064870,-3.985593,0.106904,-0.012931,-4.899590,0.077850,0.913998,true,none
1785680435.586964,true,false,AUTO.LOITER,true,true,0.182858,0.109713,0.065687,-3.938134,0.106924,0.011610,-4.850899,0.054149,0.912765,true,none
1785680436.586963,true,false,AUTO.LOITER,true,true,0.083282,0.109720,0.064688,-4.022502,0.101386,0.010485,-4.812552,0.054840,0.790050,true,none
1785680437.586957,true,false,AUTO.LOITER,true,true,0.084319,0.109717,0.064671,-3.874538,0.111416,0.021747,-4.768452,0.042957,0.893915,true,none
1785680438.587765,true,false,AUTO.LOITER,true,true,0.183929,0.109209,0.066871,-4.200659,0.085640,0.020587,-4.711344,0.051939,0.510685,true,none
1785680439.586969,true,false,AUTO.LOITER,true,true,0.076699,0.109689,0.065966,-4.312337,0.088881,0.011041,-4.638816,0.058734,0.326479,true,none
1785680440.586965,true,false,AUTO.LOITER,true,true,0.085716,0.109314,0.067842,-4.257081,0.095123,0.013077,-4.602456,0.056573,0.345375,true,none
1785680441.587072,true,false,AUTO.LOITER,true,true,0.085961,0.109449,0.068070,-4.442042,0.096280,0.069653,-4.534400,0.013264,0.092358,true,none
1785680442.586968,true,false,AUTO.LOITER,true,true,0.085095,0.109498,0.068770,-4.153551,0.100117,0.059112,-4.496111,0.013464,0.342560,true,none
1785680443.586983,true,false,AUTO.LOITER,true,true,0.182245,0.109237,0.070522,-3.979788,0.096089,0.047855,-4.434157,0.026205,0.454369,true,none
1785680444.586977,true,false,AUTO.LOITER,true,true,0.080537,0.109105,0.071121,-4.302110,0.080951,0.052278,-4.400343,0.033878,0.098233,true,none
1785680445.586969,true,false,AUTO.LOITER,true,true,0.083216,0.109653,0.071171,-3.851919,0.079278,0.068212,-4.364081,0.030519,0.512163,true,none
1785680446.586968,true,false,AUTO.LOITER,true,true,0.184754,0.109888,0.070426,-3.756781,0.086898,0.089978,-4.300965,0.030179,0.544185,true,none
1785680447.588532,true,false,AUTO.LOITER,true,true,0.084948,0.109947,0.071870,-3.434948,0.087665,0.070035,-4.256011,0.022358,0.821063,true,none
1785680448.589823,true,false,AUTO.LOITER,true,true,0.086667,0.109995,0.071579,-3.278212,0.092475,0.086339,-4.211231,0.022909,0.933019,true,none
1785680449.586965,true,false,AUTO.LOITER,true,true,0.083502,0.110252,0.071724,-3.719239,0.114295,0.067813,-4.117179,0.005625,0.397939,true,none
1785680450.587238,true,false,AUTO.LOITER,true,true,0.084302,0.110050,0.071574,-3.356505,0.104579,0.158255,-4.100442,0.086853,0.743938,true,none
1785680451.586978,true,false,AUTO.LOITER,true,true,0.184044,0.109973,0.071731,-3.272989,0.097388,0.162292,-4.049567,0.091432,0.776578,true,none
1785680452.586995,true,false,AUTO.LOITER,true,true,0.084865,0.110002,0.072708,-3.408876,0.093886,0.147697,-3.994256,0.076701,0.585380,true,none
1785680453.587238,true,false,AUTO.LOITER,true,true,0.083442,0.110558,0.072342,-3.559550,0.095002,0.136071,-3.926631,0.065600,0.367081,true,none
1785680454.586965,true,false,AUTO.LOITER,true,true,0.085529,0.110461,0.072128,-3.531787,0.101237,0.125282,-3.886438,0.053949,0.354651,true,none
1785680455.586952,true,false,AUTO.LOITER,true,true,0.082612,0.110191,0.071818,-3.617993,0.107902,0.107163,-3.836603,0.035420,0.218610,true,none
1785680456.586968,true,false,AUTO.LOITER,true,true,0.082248,0.110807,0.071373,-3.728559,0.098611,0.104610,-3.804182,0.035404,0.075623,true,none
1785680457.586954,true,false,AUTO.LOITER,true,true,0.181802,0.110795,0.072118,-3.638352,0.098097,0.104532,-3.775689,0.034812,0.137337,true,none
1785680458.586987,true,false,AUTO.LOITER,true,true,0.083022,0.110698,0.072303,-3.319935,0.088229,0.105830,-3.742055,0.040360,0.422120,true,none
1785680459.586976,true,false,AUTO.LOITER,true,true,0.483924,0.110873,0.071038,-3.740279,0.096519,0.086064,-3.707437,0.020781,-0.032843,false,none
1785680460.586945,true,false,AUTO.LOITER,false,false,1.483893,nan,nan,nan,0.096519,0.086064,-3.707437,nan,nan,false,lidar_odom_stale
1785680461.586944,true,false,AUTO.LOITER,false,false,2.483890,nan,nan,nan,0.096519,0.086064,-3.707437,nan,nan,false,lidar_odom_stale
1785680462.586948,true,false,AUTO.LOITER,false,false,3.483895,nan,nan,nan,0.096519,0.086064,-3.707437,nan,nan,false,lidar_odom_stale
1785680463.586957,true,false,AUTO.LOITER,false,false,4.483903,nan,nan,nan,0.085048,0.102595,13.555633,nan,nan,false,lidar_odom_stale
1785680464.586890,true,false,AUTO.LOITER,false,false,5.483836,nan,nan,nan,0.085048,0.102595,13.555633,nan,nan,false,lidar_odom_stale
1785680465.586958,true,false,AUTO.LOITER,false,false,6.483904,nan,nan,nan,0.085048,0.102595,13.555633,nan,nan,false,lidar_odom_stale
1785680466.586950,true,false,AUTO.LOITER,false,false,7.483895,nan,nan,nan,0.085048,0.102595,13.555633,nan,nan,false,lidar_odom_stale
1785680467.586947,true,false,AUTO.LOITER,false,false,8.483893,nan,nan,nan,0.085048,0.102595,13.555633,nan,nan,false,lidar_odom_stale
1785680468.586968,true,false,AUTO.LOITER,false,false,9.483918,nan,nan,nan,0.085048,0.102595,13.555633,nan,nan,false,lidar_odom_stale
1785680469.586960,true,false,AUTO.LOITER,false,false,10.483907,nan,nan,nan,0.085048,0.102595,13.555633,nan,nan,false,lidar_odom_stale
1785680470.586941,true,false,AUTO.LOITER,false,false,11.483889,nan,nan,nan,0.082295,0.118881,17.475686,nan,nan,false,lidar_odom_stale
1785680471.586945,true,false,AUTO.LOITER,false,false,12.483891,nan,nan,nan,0.095434,0.094190,16.387111,nan,nan,false,lidar_odom_stale
1785680472.587023,true,false,AUTO.LOITER,false,false,13.483970,nan,nan,nan,0.102118,0.110059,15.599428,nan,nan,false,lidar_odom_stale
1785680473.586970,true,false,AUTO.LOITER,false,false,14.483917,nan,nan,nan,0.096301,0.111098,14.709821,nan,nan,false,lidar_odom_stale
1785680474.586968,true,false,AUTO.LOITER,true,true,0.183643,0.097031,0.110794,14.332311,0.092422,0.121048,14.344641,0.011243,-0.012330,true,none
1785680475.587523,true,false,AUTO.LOITER,true,true,0.084772,0.096956,0.110733,14.351641,0.096630,0.113664,14.966217,0.002949,-0.614576,true,none
1785680476.586959,true,false,AUTO.LOITER,true,true,0.084921,0.096525,0.111332,14.233174,0.107479,0.118599,14.845569,0.013145,-0.612395,true,none
1785680477.586958,true,false,AUTO.LOITER,true,true,0.182092,0.097424,0.110114,14.480348,0.075671,0.129686,14.498135,0.029262,-0.017787,true,none
1785680478.586919,true,false,AUTO.LOITER,true,true,0.083280,0.097313,0.110473,14.544419,0.076864,0.097302,14.530071,0.024324,0.014349,true,none
1785680479.586974,true,false,AUTO.LOITER,true,true,0.083932,0.097301,0.110629,14.752834,0.079536,0.111644,14.516038,0.017794,0.236795,true,none
1785680480.586964,true,false,AUTO.LOITER,true,true,0.084492,0.097743,0.110254,14.619917,0.079629,0.105913,14.527049,0.018627,0.092868,true,none
1785680481.586968,true,false,AUTO.LOITER,true,true,0.084321,0.097058,0.111900,14.660275,0.087512,0.081863,14.584928,0.031517,0.075347,true,none
1785680482.586927,true,false,AUTO.LOITER,true,true,0.183127,0.096955,0.110914,14.367049,0.091299,0.096554,14.603417,0.015433,-0.236368,true,none
1785680483.586957,true,false,AUTO.LOITER,true,true,0.081376,0.096845,0.111144,14.792940,0.093798,0.091236,14.704165,0.020140,0.088775,true,none
1785680484.587778,true,false,AUTO.LOITER,true,true,0.083497,0.096882,0.110693,14.572882,0.101561,0.095198,14.721199,0.016186,-0.148317,true,none
1785680485.586988,true,false,AUTO.LOITER,true,true,0.183400,0.096701,0.111332,15.156764,0.102221,0.073157,14.746747,0.038572,0.410017,true,none
1785680486.586976,true,false,AUTO.LOITER,true,true,0.082634,0.096868,0.110795,15.305993,0.121385,0.065374,14.825868,0.051615,0.480125,true,none
1785680487.586982,true,false,AUTO.LOITER,true,true,0.083269,0.096021,0.112292,15.110626,0.107359,0.115806,14.879065,0.011870,0.231561,true,none
1785680488.586965,true,false,AUTO.LOITER,true,true,0.081981,0.096075,0.111660,14.882440,0.112978,0.111897,14.920639,0.016905,-0.038199,true,none
1785680489.586959,true,false,AUTO.LOITER,true,true,0.072915,0.095867,0.112509,14.731474,0.114223,0.070141,14.915800,0.046174,-0.184326,true,none
1785680490.586954,true,false,AUTO.LOITER,true,true,0.184043,0.096088,0.112108,14.531469,0.125031,0.075115,14.918313,0.046970,-0.386844,true,none
1785680491.586952,true,false,AUTO.LOITER,true,true,0.085150,0.096698,0.111626,14.671994,0.117377,0.111742,14.901529,0.020680,-0.229534,true,none
1785680492.586967,true,false,AUTO.LOITER,true,true,0.084281,0.096446,0.111645,14.949474,0.109055,0.118790,14.927008,0.014492,0.022466,true,none
1785680493.586973,true,false,AUTO.LOITER,true,true,0.182358,0.096299,0.112102,14.988854,0.110084,0.114179,14.939257,0.013941,0.049597,true,none
1785680494.588200,true,false,AUTO.LOITER,true,true,0.081931,0.097155,0.111448,15.115917,0.093755,0.119403,14.985883,0.008652,0.130034,true,none
1785680495.586982,true,false,AUTO.LOITER,true,true,0.084685,0.096781,0.112587,15.450594,0.086796,0.135056,15.009590,0.024588,0.441004,true,none
1785680496.587763,true,false,AUTO.LOITER,true,true,0.086406,0.096828,0.112187,15.159452,0.075991,0.129911,15.055555,0.027356,0.103897,true,none
1785680497.586964,true,false,AUTO.LOITER,true,true,0.085607,0.096507,0.113345,14.936678,0.078873,0.142989,15.090034,0.034492,-0.153356,true,none
1785680498.586978,true,false,AUTO.LOITER,true,true,0.183536,0.097279,0.111825,15.082399,0.067713,0.136343,15.065215,0.038409,0.017184,true,none
1785680499.586962,true,false,AUTO.LOITER,true,true,0.084273,0.097347,0.111072,15.293588,0.069083,0.141212,15.082960,0.041319,0.210628,true,none
1785680500.586973,true,false,AUTO.LOITER,true,true,0.084323,0.097590,0.110517,15.120407,0.081030,0.123340,15.100879,0.020944,0.019528,true,none
1785680501.586971,true,false,AUTO.LOITER,true,true,0.183944,0.097507,0.111630,15.055708,0.087205,0.111632,15.111673,0.010302,-0.055964,true,none
1785680502.586967,true,false,AUTO.LOITER,true,true,0.082202,0.097246,0.112068,15.358033,0.085973,0.119816,15.146119,0.013679,0.211914,true,none
1785680503.586957,true,false,AUTO.LOITER,true,true,0.182232,0.096955,0.112758,15.178683,0.086597,0.118164,15.159411,0.011684,0.019271,true,none
1785680504.586972,true,false,AUTO.LOITER,true,true,0.080092,0.096562,0.113955,15.527829,0.082152,0.124031,15.169154,0.017583,0.358675,true,none
1785680505.587002,true,false,AUTO.LOITER,true,true,0.084958,0.097107,0.113339,15.232936,0.077990,0.121263,15.191189,0.020693,0.041747,true,none
1785680506.586908,true,false,AUTO.LOITER,true,true,0.181423,0.096700,0.114297,15.205507,0.086498,0.111718,15.210138,0.010523,-0.004632,true,none
1785680507.586948,true,false,AUTO.LOITER,true,true,0.083609,0.096785,0.114342,15.216220,0.089376,0.111176,15.206549,0.008057,0.009670,true,none
1785680508.588202,true,false,AUTO.LOITER,true,true,0.086260,0.098545,0.111627,14.774687,0.088094,0.134286,15.220380,0.024953,-0.445693,true,none
1785680509.586974,true,false,AUTO.LOITER,true,true,0.184221,0.098433,0.111685,14.909108,0.088866,0.121016,15.189145,0.013364,-0.280037,true,none
1785680510.586959,true,false,AUTO.LOITER,true,true,0.083633,0.098406,0.112084,15.103257,0.091279,0.113015,15.188495,0.007188,-0.085239,true,none
1785680511.586985,true,false,AUTO.LOITER,true,true,0.184254,0.098534,0.112296,14.884090,0.092381,0.114439,15.188354,0.006515,-0.304264,true,none
1785680512.586967,true,false,AUTO.LOITER,true,true,0.071547,0.099161,0.111682,15.025686,0.095271,0.123125,15.204380,0.012087,-0.178695,true,none
1785680513.586963,true,false,AUTO.LOITER,true,true,0.082820,0.099471,0.110722,15.174236,0.082242,0.153741,15.209930,0.046341,-0.035694,true,none
1785680514.587771,true,false,AUTO.LOITER,true,true,0.181136,0.099513,0.110260,15.458720,0.088215,0.157514,15.220365,0.048586,0.238355,true,none
1785680515.586957,true,false,AUTO.LOITER,true,true,0.084888,0.099714,0.110170,15.071950,0.080000,0.166597,15.255762,0.059772,-0.183812,true,none
1785680516.586981,true,false,AUTO.LOITER,true,true,0.080064,0.099513,0.110590,15.247861,0.079016,0.177507,15.271732,0.069986,-0.023871,true,none
1785680517.586957,true,false,AUTO.LOITER,true,true,0.073927,0.099430,0.109919,15.114873,0.082816,0.165294,15.273538,0.057814,-0.158664,true,none
1785680518.588800,true,false,AUTO.LOITER,true,true,0.086469,0.099366,0.111002,14.947401,0.083684,0.136800,15.283544,0.030190,-0.336142,true,none
1785680519.586977,true,false,AUTO.LOITER,true,true,0.183201,0.099381,0.110671,14.957152,0.087585,0.141161,15.287755,0.032693,-0.330602,true,none
1785680520.586969,true,false,AUTO.LOITER,true,true,0.085333,0.099278,0.111238,15.264949,0.093671,0.120968,15.293403,0.011230,-0.028454,true,none
1785680521.586983,true,false,AUTO.LOITER,true,true,0.085707,0.099163,0.111370,15.008173,0.094174,0.114342,15.270927,0.005808,-0.262754,true,none
1785680522.586959,true,false,AUTO.LOITER,true,true,0.183702,0.099470,0.110636,15.083601,0.098566,0.114674,15.272017,0.004138,-0.188417,true,none
1785680523.586902,true,false,AUTO.LOITER,true,true,0.085104,0.099138,0.111238,15.352353,0.098466,0.093566,15.273099,0.017685,0.079255,true,none
1785680524.586978,true,false,AUTO.LOITER,true,true,0.085081,0.098993,0.111495,15.013827,0.093380,0.105639,15.280973,0.008112,-0.267146,true,none
1785680525.587024,true,false,AUTO.LOITER,true,true,0.084613,0.099390,0.110710,14.771027,0.092164,0.103880,15.307264,0.009943,-0.536237,true,none
1785680526.586972,true,false,AUTO.LOITER,true,true,0.084926,0.099657,0.110935,15.055404,0.091861,0.101293,15.291336,0.012399,-0.235931,true,none
1785680527.586962,true,false,AUTO.LOITER,true,true,0.182624,0.099641,0.110406,14.864218,0.092630,0.088766,15.270384,0.022747,-0.406166,true,none
1785680528.587480,true,false,AUTO.LOITER,true,true,0.084504,0.100242,0.109571,15.107129,0.089348,0.089901,15.279365,0.022485,-0.172236,true,none
1785680529.588770,true,false,AUTO.LOITER,true,true,0.083645,0.101515,0.107755,15.128149,0.088986,0.111776,15.285012,0.013159,-0.156864,true,none
1785680530.586970,true,false,AUTO.LOITER,true,true,0.183158,0.101454,0.108001,14.776917,0.096672,0.103314,15.276018,0.006696,-0.499101,true,none
1785680531.588000,true,false,AUTO.LOITER,true,true,0.084110,0.101421,0.108043,14.698763,0.095200,0.128850,15.273620,0.021717,-0.574857,true,none
1785680532.586952,true,false,AUTO.LOITER,true,true,0.085021,0.101577,0.107102,14.641068,0.087907,0.129869,15.240021,0.026555,-0.598953,true,none
1785680533.586957,true,false,AUTO.LOITER,true,true,0.085105,0.102016,0.106401,14.564222,0.092247,0.128825,15.245163,0.024460,-0.680941,true,none
1785680534.586967,true,false,AUTO.LOITER,true,true,0.085194,0.101924,0.107006,14.617161,0.085454,0.128794,15.225311,0.027313,-0.608151,true,none
1785680535.587008,true,false,AUTO.LOITER,true,true,0.183021,0.101974,0.106555,14.850291,0.079140,0.146696,15.189210,0.046181,-0.338919,true,none
1785680536.587025,true,false,AUTO.LOITER,true,true,0.084718,0.102146,0.106798,14.949811,0.071962,0.152997,15.188232,0.055185,-0.238421,true,none
1785680537.586952,true,false,AUTO.LOITER,true,true,0.083214,0.101292,0.108222,14.925567,0.077228,0.146978,15.189626,0.045619,-0.264059,true,none
1785680538.586956,true,false,AUTO.LOITER,true,true,0.082179,0.100362,0.109929,14.603093,0.086750,0.138350,15.166350,0.031512,-0.563257,true,none
1785680539.586962,true,false,AUTO.LOITER,true,true,0.084618,0.101839,0.107797,14.937689,0.073695,0.157352,15.166744,0.056989,-0.229055,true,none
1785680540.587319,true,false,AUTO.LOITER,true,true,0.084254,0.102969,0.105610,14.739554,0.064106,0.193781,15.131117,0.096356,-0.391563,true,none
1785680541.586967,true,false,AUTO.LOITER,true,true,0.083262,0.101670,0.108082,14.922230,0.067741,0.166853,15.101667,0.067861,-0.179438,true,none
1785680542.586954,true,false,AUTO.LOITER,true,true,0.084869,0.101644,0.108110,14.800944,0.080568,0.144100,15.103917,0.041707,-0.302973,true,none
1785680543.586956,true,false,AUTO.LOITER,true,true,0.183168,0.101474,0.109299,14.545637,0.086040,0.130012,15.102429,0.025832,-0.556791,true,none
1785680544.586974,true,false,AUTO.LOITER,true,true,0.084256,0.101669,0.108901,14.816641,0.087379,0.143767,15.080045,0.037681,-0.263404,true,none
1785680545.586957,true,false,AUTO.LOITER,true,true,0.085769,0.101604,0.108704,14.785431,0.096877,0.109339,15.075917,0.004769,-0.290485,true,none
1785680546.586963,true,false,AUTO.LOITER,true,true,0.184709,0.102132,0.109132,14.561803,0.104631,0.075471,15.044610,0.033753,-0.482808,true,none
1785680547.586977,true,false,AUTO.LOITER,true,true,0.084696,0.102311,0.108670,14.719832,0.093437,0.120289,15.023611,0.014620,-0.303779,true,none
1785680548.586971,true,false,AUTO.LOITER,true,true,0.182494,0.101674,0.109872,14.566367,0.105944,0.117123,15.007459,0.008415,-0.441091,true,none
1785680549.586962,true,false,AUTO.LOITER,true,true,0.083775,0.101604,0.110169,14.909518,0.088747,0.103305,14.994755,0.014575,-0.085237,true,none
1785680550.586973,true,false,AUTO.LOITER,true,true,0.082733,0.101454,0.111503,15.181199,0.086295,0.113897,14.955440,0.015347,0.225759,true,none
1785680551.587052,true,false,AUTO.LOITER,true,true,0.182488,0.101189,0.112014,14.802323,0.080822,0.175206,14.967360,0.066392,-0.165037,true,none
1785680552.586971,true,false,AUTO.LOITER,true,true,0.082996,0.101966,0.110268,14.919834,0.068967,0.157633,14.970742,0.057727,-0.050908,true,none
1785680553.586977,true,false,AUTO.LOITER,true,true,0.084959,0.101461,0.112412,15.458804,0.080654,0.127006,14.980412,0.025415,0.478392,true,none
1785680554.586967,true,false,AUTO.LOITER,true,true,0.084298,0.101398,0.112361,15.242857,0.081780,0.148737,15.020091,0.041328,0.222766,true,none
1785680555.586971,true,false,AUTO.LOITER,true,true,0.083301,0.101303,0.113147,15.679139,0.077248,0.162524,15.051060,0.054925,0.628079,true,none
1785680556.586962,true,false,AUTO.LOITER,true,true,0.183757,0.101162,0.113138,15.368556,0.071591,0.156467,15.075339,0.052458,0.293217,true,none
1785680557.586959,true,false,AUTO.LOITER,true,true,0.083436,0.101759,0.112101,15.345818,0.081004,0.189309,15.097774,0.079950,0.248044,true,none
1785680558.586956,true,false,AUTO.LOITER,true,true,0.083718,0.100830,0.114057,15.869016,0.081479,0.188244,15.115962,0.076669,0.753054,true,none
1785680559.586976,true,false,AUTO.LOITER,true,true,0.183247,0.101229,0.113303,15.876563,0.069481,0.184896,15.158641,0.078317,0.717922,true,none
1785680560.586955,true,false,AUTO.LOITER,true,true,0.082255,0.101402,0.113800,16.053610,0.068794,0.171601,15.186093,0.066364,0.867516,true,none
1785680561.586977,true,false,AUTO.LOITER,true,true,0.083388,0.103285,0.110780,16.148949,0.062795,0.188120,15.218854,0.087298,0.930095,true,none
1785680562.586965,true,false,AUTO.LOITER,true,true,0.082629,0.102168,0.112325,16.026140,0.089760,0.156311,15.254434,0.045703,0.771706,true,none
1785680563.586966,true,false,AUTO.LOITER,true,true,0.083863,0.102624,0.111384,15.912343,0.078307,0.161545,15.293231,0.055744,0.619113,true,none
1785680564.586983,true,false,AUTO.LOITER,true,true,0.183693,0.102634,0.111254,15.778931,0.073656,0.173357,15.341184,0.068531,0.437746,true,none
1785680565.586956,true,false,AUTO.LOITER,true,true,0.084106,0.102162,0.112082,16.150555,0.082666,0.164088,15.381056,0.055540,0.769499,true,none
1785680566.586971,true,false,AUTO.LOITER,true,true,0.086083,0.102533,0.112208,15.880087,0.090315,0.164456,15.408434,0.053658,0.471652,true,none
1785680567.586962,true,false,AUTO.LOITER,true,true,0.085670,0.102732,0.111807,15.746552,0.091865,0.152857,15.448789,0.042464,0.297763,true,none
1785680568.586964,true,false,AUTO.LOITER,true,true,0.081649,0.103047,0.111955,16.144700,0.105953,0.142126,15.489779,0.030310,0.654921,true,none
1785680569.587590,true,false,AUTO.LOITER,true,true,0.183814,0.102830,0.112153,16.075707,0.099194,0.152212,15.505685,0.040224,0.570022,true,none
1785680570.586957,true,false,AUTO.LOITER,true,true,0.084889,0.102291,0.113258,15.797614,0.082853,0.185629,15.536016,0.074937,0.261598,true,none
1785680571.586949,true,false,AUTO.LOITER,true,true,0.083238,0.102423,0.112879,15.932792,0.096264,0.167980,15.570328,0.055444,0.362464,true,none
1785680572.586958,true,false,AUTO.LOITER,true,true,0.183131,0.102101,0.112888,15.983800,0.097174,0.160407,15.582421,0.047773,0.401380,true,none
1785680573.586951,true,false,AUTO.LOITER,true,true,0.084759,0.101576,0.114239,16.022351,0.101889,0.145263,15.616200,0.031025,0.406151,true,none
1785680574.587289,true,false,AUTO.LOITER,true,true,0.085025,0.102350,0.112993,15.938632,0.101557,0.148335,15.653894,0.035351,0.284739,true,none
1785680575.586967,true,false,AUTO.LOITER,true,true,0.083989,0.102509,0.113090,16.000594,0.103751,0.126578,15.681860,0.013546,0.318733,true,none
1785680576.586979,true,false,AUTO.LOITER,true,true,0.085277,0.102744,0.112407,16.009752,0.100374,0.126779,15.714537,0.014565,0.295215,true,none
1785680577.586965,true,false,AUTO.LOITER,true,true,0.182614,0.102815,0.112631,15.837672,0.099247,0.133216,15.739108,0.020893,0.098564,true,none
1785680578.586950,true,false,AUTO.LOITER,true,true,0.084978,0.102729,0.112946,16.154063,0.086751,0.160376,15.784746,0.050050,0.369317,true,none
1785680579.586957,true,false,AUTO.LOITER,true,true,0.084981,0.101692,0.113935,16.280585,0.089734,0.136546,15.810722,0.025578,0.469863,true,none
1785680580.586960,true,false,AUTO.LOITER,true,true,0.184611,0.102331,0.113300,16.252860,0.081433,0.183910,15.843475,0.073638,0.409386,true,none
1785680581.586958,true,false,AUTO.LOITER,true,true,0.077148,0.101864,0.114297,16.041235,0.083324,0.187724,15.888041,0.075731,0.153194,true,none
1785680582.587770,true,false,AUTO.LOITER,true,true,0.084906,0.101632,0.114574,16.372037,0.084130,0.184157,15.903721,0.071751,0.468316,true,none
1785680583.587149,true,false,AUTO.LOITER,true,true,0.077275,0.101173,0.115443,16.455996,0.084853,0.177860,15.927899,0.064515,0.528097,true,none
1785680584.586957,true,false,AUTO.LOITER,true,true,0.085242,0.101255,0.115394,16.480396,0.087734,0.159799,15.974322,0.046418,0.506074,true,none
1785680585.586947,true,false,AUTO.LOITER,true,true,0.179326,0.101852,0.114322,16.481549,0.085501,0.164316,16.029090,0.052600,0.452459,true,none
1785680586.586967,true,false,AUTO.LOITER,true,true,0.084532,0.101932,0.114306,16.663880,0.081971,0.185546,16.058102,0.073984,0.605777,true,none
1785680587.586955,true,false,AUTO.LOITER,true,true,0.082759,0.101193,0.115949,16.557804,0.087284,0.167835,16.090513,0.053718,0.467291,true,none
1785680588.586982,true,false,AUTO.LOITER,true,true,0.085471,0.101145,0.115999,16.286823,0.091360,0.142960,16.128585,0.028683,0.158238,true,none
1785680589.586967,true,false,AUTO.LOITER,true,true,0.084986,0.100513,0.116655,16.581714,0.091526,0.142402,16.177832,0.027270,0.403882,true,none
1785680590.586969,true,false,AUTO.LOITER,true,true,0.084794,0.101133,0.115615,16.279653,0.077701,0.157640,16.213818,0.048116,0.065835,true,none
1785680591.586955,true,false,AUTO.LOITER,true,true,0.084042,0.100265,0.117234,16.117023,0.086849,0.151555,16.241192,0.036850,-0.124168,true,none
1785680592.586959,true,false,AUTO.LOITER,true,true,0.085022,0.100907,0.116515,16.221240,0.093149,0.135116,16.256516,0.020154,-0.035276,true,none
1785680593.586963,true,false,AUTO.LOITER,true,true,0.183327,0.100277,0.117788,16.248457,0.106936,0.120137,16.260895,0.007061,-0.012437,true,none
1785680594.586969,true,false,AUTO.LOITER,true,true,0.077657,0.100890,0.116968,16.213686,0.106987,0.132962,16.276881,0.017117,-0.063195,true,none
1785680595.587157,true,false,AUTO.LOITER,true,true,0.084414,0.101258,0.117137,15.987832,0.115404,0.107380,16.286485,0.017185,-0.298653,true,none
1785680596.586984,true,false,AUTO.LOITER,true,true,0.080519,0.100831,0.117788,16.249095,0.112743,0.126038,16.277556,0.014490,-0.028461,true,none
1785680597.587811,true,false,AUTO.LOITER,true,true,0.084525,0.100572,0.117724,16.402564,0.116162,0.138603,16.283883,0.026057,0.118681,true,none
1785680598.586976,true,false,AUTO.LOITER,true,true,0.181797,0.099510,0.120776,15.996431,0.120445,0.129825,16.282127,0.022806,-0.285697,true,none
1785680599.587032,true,false,AUTO.LOITER,true,true,0.083470,0.100169,0.120484,15.921301,0.117137,0.123160,16.293260,0.017178,-0.371959,true,none
1785680600.587758,true,false,AUTO.LOITER,true,true,0.086194,0.100010,0.120764,15.968068,0.126307,0.113255,16.301553,0.027349,-0.333485,true,none
1785680601.586962,true,false,AUTO.LOITER,true,true,0.183510,0.100164,0.120640,15.911403,0.117581,0.125159,16.271772,0.017994,-0.360369,true,none
1785680602.587803,true,false,AUTO.LOITER,true,true,0.086176,0.100945,0.119706,15.773710,0.115529,0.144195,16.260659,0.028503,-0.486948,true,none
1785680603.586967,true,false,AUTO.LOITER,true,true,0.183541,0.100629,0.120538,15.905950,0.123021,0.156724,16.247830,0.042554,-0.341880,true,none
1785680604.586954,true,false,AUTO.LOITER,true,true,0.085459,0.100597,0.120309,15.902852,0.121812,0.142702,16.243663,0.030846,-0.340810,true,none
1785680605.586964,true,false,AUTO.LOITER,true,true,0.084100,0.100764,0.120562,15.791077,0.111938,0.134829,16.245551,0.018121,-0.454474,true,none
1785680606.586962,true,false,AUTO.LOITER,true,true,0.183265,0.100961,0.119981,15.729833,0.116368,0.127505,16.230357,0.017146,-0.500524,true,none
1785680607.586969,true,false,AUTO.LOITER,true,true,0.084156,0.100823,0.119502,15.858250,0.114161,0.126965,16.221533,0.015284,-0.363284,true,none
1785680608.586973,true,false,AUTO.LOITER,true,true,0.083931,0.100486,0.119856,15.797657,0.123525,0.113545,16.186473,0.023887,-0.388816,true,none
1785680609.586976,true,false,AUTO.LOITER,true,true,0.182775,0.100916,0.120045,15.887957,0.117578,0.128391,16.178279,0.018635,-0.290322,true,none
1785680610.586980,true,false,AUTO.LOITER,true,true,0.084304,0.101219,0.119877,15.910090,0.111229,0.140463,16.176302,0.022891,-0.266212,true,none
1785680611.586961,true,false,AUTO.LOITER,true,true,0.183938,0.101282,0.120166,16.058058,0.108741,0.130136,16.162506,0.012451,-0.104448,true,none
1785680612.586956,true,false,AUTO.LOITER,true,true,0.083966,0.100985,0.120355,15.850621,0.094496,0.158324,16.166385,0.038520,-0.315765,true,none
1785680613.586983,true,false,AUTO.LOITER,true,true,0.085978,0.101341,0.119302,15.761273,0.095303,0.190117,16.163111,0.071072,-0.401838,true,none
1785680614.586961,true,false,AUTO.LOITER,true,true,0.185169,0.101127,0.119922,15.783591,0.096028,0.172723,16.148793,0.053046,-0.365202,true,none
1785680615.586941,true,false,AUTO.LOITER,true,true,0.084547,0.101104,0.119706,15.775950,0.097808,0.160542,16.140589,0.040969,-0.364639,true,none
1785680616.586961,true,false,AUTO.LOITER,true,true,0.081633,0.101988,0.117700,15.523755,0.102683,0.144757,16.127758,0.027065,-0.604003,true,none
1785680617.586980,true,false,AUTO.LOITER,true,true,0.083687,0.102333,0.117857,15.640923,0.090430,0.158764,16.095161,0.042604,-0.454238,true,none
1785680618.586966,true,false,AUTO.LOITER,true,true,0.083479,0.100933,0.119649,15.917807,0.098100,0.139919,16.089115,0.020467,-0.171307,true,none
1785680619.586964,true,false,AUTO.LOITER,true,true,0.171611,0.100679,0.120260,15.952267,0.088871,0.150913,16.090327,0.032849,-0.138060,true,none
1785680620.587535,true,false,AUTO.LOITER,true,true,0.084157,0.100584,0.120726,16.014645,0.084118,0.184385,16.087866,0.065754,-0.073221,true,none
1785680621.586969,true,false,AUTO.LOITER,true,true,0.082738,0.101206,0.119793,16.284217,0.094034,0.166801,16.082799,0.047552,0.201417,true,none
1785680622.586981,true,false,AUTO.LOITER,true,true,0.182290,0.100422,0.120991,16.230376,0.089444,0.180845,16.086401,0.060852,0.143975,true,none
1785680623.588828,true,false,AUTO.LOITER,true,true,0.086614,0.100957,0.120518,16.104176,0.077224,0.163041,16.113766,0.048698,-0.009590,true,none
1785680624.586970,true,false,AUTO.LOITER,true,true,0.184441,0.101293,0.119697,16.473189,0.081001,0.161924,16.116692,0.046849,0.356497,true,none
1785680625.586959,true,false,AUTO.LOITER,true,true,0.085677,0.100935,0.120134,15.948439,0.093657,0.158933,16.111217,0.039476,-0.162778,true,none
1785680626.587757,true,false,AUTO.LOITER,true,true,0.086623,0.100894,0.120228,15.869656,0.090927,0.170542,16.113085,0.051292,-0.243429,true,none
1785680627.586959,true,false,AUTO.LOITER,true,true,0.183000,0.100904,0.120344,16.179590,0.072811,0.199048,16.130360,0.083567,0.049230,true,none
1785680628.588135,true,false,AUTO.LOITER,true,true,0.081141,0.100169,0.121538,16.520602,0.071534,0.193576,16.135867,0.077521,0.384735,true,none
1785680629.586960,true,false,AUTO.LOITER,true,true,0.084204,0.099059,0.123446,16.298407,0.100060,0.158231,16.162107,0.034800,0.136300,true,none
1785680630.586967,true,false,AUTO.LOITER,true,true,0.083445,0.099506,0.122630,16.226853,0.097632,0.142849,16.170146,0.020306,0.056706,true,none
1785680631.587443,true,false,AUTO.LOITER,true,true,0.082938,0.099642,0.122514,16.240803,0.098263,0.143521,16.178416,0.021053,0.062388,true,none
1785680632.586976,true,false,AUTO.LOITER,true,true,0.183731,0.099609,0.122279,16.275707,0.102293,0.168900,16.199642,0.046698,0.076065,true,none
1785680633.586980,true,false,AUTO.LOITER,true,true,0.080542,0.100084,0.121645,16.042901,0.078164,0.177014,16.217240,0.059551,-0.174339,true,none
1785680634.586953,true,false,AUTO.LOITER,true,true,0.084758,0.100171,0.121695,16.269203,0.080845,0.168816,16.240194,0.050930,0.029009,true,none
1785680635.586976,true,false,AUTO.LOITER,true,true,0.182878,0.099145,0.123694,16.446135,0.093290,0.172108,16.213285,0.048766,0.232850,true,none
1785680636.586906,true,false,AUTO.LOITER,true,true,0.084521,0.098767,0.123769,16.402137,0.087457,0.157643,16.231143,0.035712,0.170994,true,none
1785680637.586966,true,false,AUTO.LOITER,true,true,0.085229,0.098808,0.124302,16.422641,0.083682,0.168701,16.235918,0.046905,0.186723,true,none
1785680638.586957,true,false,AUTO.LOITER,true,true,0.084565,0.099052,0.123392,16.129189,0.109306,0.159399,16.222990,0.037438,-0.093801,true,none
1785680639.586954,true,false,AUTO.LOITER,true,true,0.079837,0.098699,0.124436,15.915176,0.089286,0.170675,16.229669,0.047187,-0.314493,true,none
1785680640.586971,true,false,AUTO.LOITER,true,true,0.183926,0.099195,0.123701,16.325785,0.081998,0.162397,16.241296,0.042345,0.084489,true,none
1785680641.586953,true,false,AUTO.LOITER,true,true,0.083614,0.099985,0.122275,15.800861,0.102982,0.132349,16.234730,0.010511,-0.433869,true,none
1785680642.586960,true,false,AUTO.LOITER,true,true,0.085599,0.100188,0.122078,16.332404,0.113066,0.121216,16.226603,0.012908,0.105802,true,none
1785680643.587038,true,false,AUTO.LOITER,true,true,0.071706,0.099937,0.122964,16.183396,0.121843,0.105248,16.225694,0.028173,-0.042298,true,none
1785680644.587781,true,false,AUTO.LOITER,true,true,0.083941,0.100270,0.122430,16.080208,0.122295,0.095154,16.218015,0.035058,-0.137807,true,none
1785680645.586990,true,false,AUTO.LOITER,true,true,0.085326,0.099837,0.122575,16.216892,0.119272,0.095342,16.239920,0.033456,-0.023028,true,none
1785680646.586954,true,false,AUTO.LOITER,true,true,0.084103,0.099597,0.122350,16.118563,0.110736,0.114964,16.242962,0.013365,-0.124399,true,none
1785680647.586953,true,false,AUTO.LOITER,true,true,0.082091,0.099676,0.122586,15.812241,0.113131,0.110858,16.231909,0.017849,-0.419669,true,none
1785680648.586956,true,false,AUTO.LOITER,true,true,0.184590,0.099991,0.122119,16.183868,0.129550,0.093332,16.203253,0.041261,-0.019385,true,none
1785680649.587810,true,false,AUTO.LOITER,true,true,0.086780,0.099442,0.123597,16.394213,0.125433,0.113794,16.206898,0.027778,0.187316,true,none
1785680650.586995,true,false,AUTO.LOITER,true,true,0.084967,0.099405,0.123778,16.208615,0.113081,0.120710,16.202221,0.014016,0.006394,true,none
1785680651.586974,true,false,AUTO.LOITER,true,true,0.084542,0.099658,0.123667,16.087623,0.105679,0.135511,16.199595,0.013287,-0.111972,true,none
1785680652.586963,true,false,AUTO.LOITER,true,true,0.085936,0.099856,0.123505,16.246292,0.112218,0.101982,16.218636,0.024821,0.027656,true,none
1785680653.586971,true,false,AUTO.LOITER,true,true,0.182633,0.099210,0.123809,16.130710,0.093424,0.102961,16.216982,0.021636,-0.086272,true,none
1785680654.587800,true,false,AUTO.LOITER,true,true,0.083921,0.101244,0.120296,16.001209,0.093520,0.110901,16.192127,0.012162,-0.190918,true,none
1785680655.586962,true,false,AUTO.LOITER,true,true,0.085637,0.101743,0.119894,16.145310,0.096037,0.148436,16.196594,0.029108,-0.051284,true,none
1785680656.586986,true,false,AUTO.LOITER,true,true,0.184272,0.100928,0.121216,16.127359,0.102070,0.132557,16.179627,0.011399,-0.052268,true,none
1785680657.586907,true,false,AUTO.LOITER,true,true,0.082787,0.100985,0.120954,16.012450,0.108369,0.120592,16.191009,0.007394,-0.178559,true,none
1785680658.586978,true,false,AUTO.LOITER,true,true,0.084704,0.101341,0.120481,15.921736,0.118363,0.109316,16.182987,0.020357,-0.261251,true,none
1785680659.586959,true,false,AUTO.LOITER,true,true,0.083992,0.101687,0.120089,15.886640,0.113295,0.128249,16.178740,0.014189,-0.292100,true,none
1785680660.586957,true,false,AUTO.LOITER,true,true,0.083900,0.101805,0.120355,15.975628,0.113668,0.112676,16.154080,0.014131,-0.178452,true,none
1785680661.586964,true,false,AUTO.LOITER,true,true,0.182288,0.101847,0.120450,15.587942,0.125885,0.126366,16.118821,0.024755,-0.530878,true,none
1785680662.586953,true,false,AUTO.LOITER,true,true,0.085781,0.101510,0.121029,15.783156,0.116209,0.140733,16.104366,0.024582,-0.321209,true,none
1785680663.586959,true,false,AUTO.LOITER,true,true,0.084622,0.101167,0.120598,15.845045,0.120286,0.134940,16.098813,0.023901,-0.253768,true,none
1785680664.586972,true,false,AUTO.LOITER,true,true,0.185342,0.101215,0.120547,15.902887,0.122560,0.145692,16.089827,0.032984,-0.186940,true,none
1785680665.587157,true,false,AUTO.LOITER,true,true,0.082186,0.101664,0.120199,15.885980,0.122115,0.153152,16.078763,0.038784,-0.192783,true,none
1785680666.587988,true,false,AUTO.LOITER,true,true,0.183829,0.101595,0.120266,15.953814,0.113643,0.128401,16.059971,0.014537,-0.106157,true,none
1785680667.587801,true,false,AUTO.LOITER,true,true,0.085066,0.101436,0.119656,15.926743,0.113858,0.131053,16.052363,0.016859,-0.125620,true,none
1785680668.586951,true,false,AUTO.LOITER,true,true,0.085002,0.101715,0.119763,15.604565,0.126013,0.096965,16.041874,0.033319,-0.437308,true,none
1785680669.586956,true,false,AUTO.LOITER,true,true,0.184106,0.102028,0.119276,15.794346,0.121976,0.133132,16.037391,0.024288,-0.243045,true,none
1785680670.586957,true,false,AUTO.LOITER,true,true,0.084137,0.099587,0.124217,15.943910,0.114857,0.189003,16.030221,0.066561,-0.086311,true,none
1785680671.586970,true,false,AUTO.LOITER,true,true,0.082768,0.101176,0.121977,15.506630,0.109284,0.169887,16.003244,0.048591,-0.496614,true,none
1785680672.586981,true,false,AUTO.LOITER,true,true,0.083063,0.102252,0.120528,15.177974,0.114968,0.161885,16.000863,0.043268,-0.822890,true,none
1785680673.586970,true,false,AUTO.LOITER,true,true,0.084860,0.102056,0.120482,15.318367,0.124266,0.097383,15.988323,0.032044,-0.669956,true,none
1785680674.586954,true,false,AUTO.LOITER,true,true,0.182641,0.101697,0.121021,15.118734,0.116684,0.117033,15.941037,0.015509,-0.822303,true,none
1785680675.586969,true,false,AUTO.LOITER,true,true,0.081201,0.101464,0.121581,15.331050,0.110138,0.123283,15.914484,0.008839,-0.583434,true,none
1785680676.586987,true,false,AUTO.LOITER,true,true,0.083486,0.101953,0.120514,15.399118,0.115271,0.119354,15.898869,0.013369,-0.499751,true,none
1785680677.586952,true,false,AUTO.LOITER,true,true,0.084184,0.101908,0.120296,15.292884,0.116467,0.104313,15.873073,0.021620,-0.580189,true,none
1785680678.586989,true,false,AUTO.LOITER,true,true,0.084891,0.102076,0.120778,15.422090,0.117225,0.097152,15.836559,0.028065,-0.414469,true,none
1785680679.586984,true,false,AUTO.LOITER,true,true,0.183767,0.102548,0.120137,15.386162,0.116629,0.113986,15.810445,0.015366,-0.424284,true,none
1785680680.586957,true,false,AUTO.LOITER,true,true,0.082175,0.102441,0.120630,15.433580,0.123826,0.110087,15.790368,0.023842,-0.356787,true,none
1785680681.586956,true,false,AUTO.LOITER,true,true,0.084725,0.102410,0.121115,15.356326,0.117856,0.095464,15.760957,0.029942,-0.404631,true,none
1785680682.586964,true,false,AUTO.LOITER,true,true,0.184586,0.102995,0.120294,15.094973,0.115354,0.109168,15.734380,0.016629,-0.639407,true,none
1785680683.586903,true,false,AUTO.LOITER,true,true,0.080384,0.102788,0.120211,14.898037,0.106529,0.137554,15.716835,0.017742,-0.818798,true,none
1785680684.586962,true,false,AUTO.LOITER,true,true,0.082632,0.102407,0.121321,14.810938,0.110262,0.131559,15.670562,0.012904,-0.859625,true,none
1785680685.586969,true,false,AUTO.LOITER,true,true,0.081519,0.102444,0.121570,14.837516,0.110994,0.115218,15.633912,0.010651,-0.796396,true,none
1785680686.586979,true,false,AUTO.LOITER,true,true,0.082594,0.102660,0.121463,14.994583,0.108631,0.132908,15.607868,0.012909,-0.613285,true,none
1785680687.587815,true,false,AUTO.LOITER,true,true,0.184582,0.102174,0.122266,15.335917,0.094930,0.156436,15.568627,0.034929,-0.232710,true,none
1785680688.586960,true,false,AUTO.LOITER,true,true,0.083916,0.102754,0.122281,15.131892,0.094653,0.162282,15.543170,0.040813,-0.411278,true,none
1785680689.586913,true,false,AUTO.LOITER,true,true,0.084387,0.103097,0.122178,14.945055,0.120705,0.135130,15.529650,0.021859,-0.584595,true,none
1785680690.586936,true,false,AUTO.LOITER,true,true,0.182258,0.103122,0.122100,15.297222,0.095012,0.112808,15.482323,0.012333,-0.185101,true,none
1785680691.586957,true,false,AUTO.LOITER,true,true,0.085783,0.103300,0.121965,15.067558,0.114897,0.103164,15.443601,0.022089,-0.376042,true,none
1785680692.586978,true,false,AUTO.LOITER,true,true,0.084567,0.104023,0.120920,14.984920,0.113018,0.112378,15.414230,0.012405,-0.429310,true,none
1785680693.586996,true,false,AUTO.LOITER,true,true,0.085565,0.104432,0.120094,14.864760,0.099359,0.127148,15.403829,0.008689,-0.539069,true,none
1785680694.586962,true,false,AUTO.LOITER,true,true,0.084824,0.104078,0.120705,15.043076,0.098806,0.101791,15.380697,0.019635,-0.337620,true,none
1785680695.586980,true,false,AUTO.LOITER,true,true,0.182874,0.104373,0.120150,14.965267,0.102631,0.098780,15.342587,0.021440,-0.377319,true,none
1785680696.586955,true,false,AUTO.LOITER,true,true,0.084522,0.105446,0.118954,14.818370,0.103115,0.100850,15.311026,0.018253,-0.492656,true,none
1785680697.586972,true,false,AUTO.LOITER,true,true,0.085198,0.105194,0.118823,15.007973,0.094843,0.100386,15.286092,0.021144,-0.278119,true,none
1785680698.586963,true,false,AUTO.LOITER,true,true,0.081219,0.104499,0.119339,15.245418,0.106479,0.126646,15.267770,0.007571,-0.022352,true,none
1785680699.586979,true,false,AUTO.LOITER,true,true,0.084502,0.105760,0.116880,15.041487,0.111581,0.107067,15.248291,0.011410,-0.206804,true,none
1785680700.586978,true,false,AUTO.LOITER,true,true,0.084429,0.105937,0.116443,14.945793,0.114586,0.085519,15.199195,0.032111,-0.253401,true,none
1785680701.586971,true,false,AUTO.LOITER,true,true,0.083278,0.106840,0.115848,14.831848,0.107171,0.115944,15.169438,0.000345,-0.337590,true,none
1785680702.586981,true,false,AUTO.LOITER,true,true,0.084536,0.106391,0.116563,14.837493,0.117824,0.108933,15.118356,0.013745,-0.280863,true,none
1785680703.586960,true,false,AUTO.LOITER,true,true,0.183996,0.106650,0.116745,14.792193,0.118343,0.105285,15.093459,0.016372,-0.301266,true,none
1785680704.586956,true,false,AUTO.LOITER,true,true,0.084778,0.106607,0.117100,15.018996,0.108115,0.121054,15.090536,0.004232,-0.071540,true,none
1785680705.586952,true,false,AUTO.LOITER,true,true,0.084947,0.106103,0.117155,15.025001,0.120942,0.114950,15.069332,0.015002,-0.044331,true,none
1785680706.586986,true,false,AUTO.LOITER,true,true,0.082075,0.105720,0.117388,14.960060,0.124870,0.091690,15.064153,0.032048,-0.104093,true,none
1785680707.586961,true,false,AUTO.LOITER,true,true,0.083805,0.107125,0.115161,15.057876,0.119041,0.101279,15.049833,0.018295,0.008043,true,none
1785680708.586970,true,false,AUTO.LOITER,true,true,0.182265,0.106596,0.116124,14.533993,0.116914,0.103235,15.035038,0.016511,-0.501045,true,none
1785680709.586964,true,false,AUTO.LOITER,true,true,0.075848,0.106429,0.116156,14.710439,0.124133,0.105337,15.005279,0.020747,-0.294840,true,none
1785680710.587201,true,false,AUTO.LOITER,true,true,0.080651,0.108898,0.112937,14.629854,0.124351,0.115196,10.637492,0.015617,3.992362,true,none
1785680711.588792,true,false,AUTO.LOITER,true,true,0.075581,0.107974,0.114467,15.024062,0.098890,0.106251,15.362020,0.012248,-0.337958,true,none
1785680712.588017,true,false,AUTO.LOITER,true,true,0.184316,0.107641,0.115086,14.849522,0.097531,0.129436,14.781061,0.017554,0.068461,true,none
1785680713.586978,true,false,AUTO.LOITER,true,true,0.085486,0.106138,0.117473,14.917950,0.105859,0.136173,14.866664,0.018702,0.051286,true,none
1785680714.586960,true,false,AUTO.LOITER,true,true,0.183261,0.106456,0.116426,14.950879,0.108850,0.097181,14.856256,0.019393,0.094623,true,none
1785680715.586983,true,false,AUTO.LOITER,true,true,0.082504,0.106390,0.116304,14.974651,0.106367,0.122169,14.853009,0.005865,0.121642,true,none
1785680716.586972,true,false,AUTO.LOITER,true,true,0.085436,0.106252,0.117138,14.874764,0.104672,0.116693,14.828626,0.001642,0.046138,true,none
1785680717.586975,true,false,AUTO.LOITER,true,true,0.182654,0.106844,0.116273,14.847790,0.106065,0.118158,14.822639,0.002039,0.025151,true,none
1785680718.587155,true,false,AUTO.LOITER,true,true,0.084886,0.106661,0.116644,14.898535,0.106498,0.137240,14.786599,0.020596,0.111936,true,none
1785680719.586983,true,false,AUTO.LOITER,true,true,0.084425,0.106508,0.117023,14.997709,0.107207,0.136843,14.740353,0.019832,0.257356,true,none
1785680720.587833,true,false,AUTO.LOITER,true,true,0.185084,0.107173,0.116654,14.675102,0.107455,0.113492,14.707268,0.003175,-0.032167,true,none
1785680721.586926,true,false,AUTO.LOITER,true,true,0.077720,0.106642,0.117024,14.636158,0.114468,0.118027,14.678935,0.007890,-0.042777,true,none
1785680722.586987,true,false,AUTO.LOITER,true,true,0.081078,0.106275,0.117321,14.505250,0.107037,0.140597,14.647180,0.023289,-0.141929,true,none
1785680723.592865,true,false,AUTO.LOITER,true,true,0.157105,0.105988,0.117987,14.775748,0.106351,0.132041,14.625380,0.014058,0.150368,true,none
1785680724.586954,true,false,AUTO.LOITER,true,true,0.075864,0.106535,0.116827,14.533624,0.106908,0.128661,14.609180,0.011840,-0.075556,true,none
1785680725.586959,true,false,AUTO.LOITER,true,true,0.076829,0.106489,0.117086,14.572355,0.106929,0.126952,14.584783,0.009876,-0.012428,true,none
1785680726.588389,true,false,AUTO.LOITER,true,true,0.184449,0.106120,0.117779,14.787266,0.107229,0.139352,14.541961,0.021602,0.245305,true,none
1785680727.586967,true,false,AUTO.LOITER,true,true,0.083181,0.106138,0.118107,14.508370,0.122785,0.116490,14.544429,0.016726,-0.036059,true,none
1785680728.586960,true,false,AUTO.LOITER,true,true,0.085259,0.106529,0.118282,14.581759,0.123417,0.110871,14.541931,0.018442,0.039828,true,none
1785680729.586959,true,false,AUTO.LOITER,true,true,0.182617,0.106412,0.118234,14.738696,0.127036,0.102837,14.550083,0.025737,0.188613,true,none
1785680730.587895,true,false,AUTO.LOITER,true,true,0.075105,0.106872,0.118062,14.532192,0.129262,0.092482,14.573826,0.033995,-0.041634,true,none
1785680731.587243,true,false,AUTO.LOITER,true,true,0.084077,0.107465,0.116931,14.758569,0.132695,0.111176,14.575253,0.025879,0.183316,true,none
1785680732.588807,true,false,AUTO.LOITER,true,true,0.042495,0.107675,0.116442,14.765892,0.116296,0.114728,10.570022,0.008790,4.195870,true,none
1785680733.587358,true,false,AUTO.LOITER,true,true,0.037097,0.109853,0.112213,14.782763,0.104029,0.116530,14.687288,0.007249,0.095475,true,none
1785680734.586949,true,false,AUTO.LOITER,true,true,0.126417,0.110112,0.112236,14.630255,0.100036,0.133557,14.379875,0.023582,0.250381,true,none
1785680735.586968,true,false,AUTO.LOITER,true,true,0.043283,0.110074,0.112431,14.484969,0.099676,0.102248,14.429905,0.014553,0.055064,true,none
1785680736.589990,true,false,AUTO.LOITER,true,true,0.032889,0.110132,0.112114,14.696872,0.106284,0.107880,14.483172,0.005722,0.213700,true,none
1785680737.587018,true,false,AUTO.LOITER,true,true,0.038350,0.110108,0.112718,14.761258,0.098143,0.118039,14.450896,0.013094,0.310362,true,none
1785680738.586969,true,false,AUTO.LOITER,true,true,0.132887,0.110622,0.112311,14.632140,0.095455,0.113282,14.440756,0.015198,0.191384,true,none
1785680739.586972,true,false,AUTO.LOITER,true,true,0.028760,0.110791,0.111961,14.926676,0.099058,0.116916,14.509526,0.012736,0.417150,true,none
1785680740.587515,true,false,AUTO.LOITER,true,true,0.037015,0.110745,0.112097,14.662407,0.095607,0.110807,14.580491,0.015193,0.081917,true,none
1785680741.586997,true,false,AUTO.LOITER,true,true,0.139465,0.110844,0.111828,14.863356,0.101063,0.110695,14.607284,0.009847,0.256072,true,none
1785680742.586967,true,false,AUTO.LOITER,true,true,0.028623,0.111056,0.111013,14.807284,0.095316,0.118271,14.608852,0.017333,0.198431,true,none
1785680743.588268,true,false,AUTO.LOITER,true,true,0.215276,0.111251,0.111695,14.422239,0.104006,0.125698,14.589595,0.015767,-0.167356,true,none
1785680744.586991,true,false,AUTO.LOITER,true,true,0.139101,0.110721,0.113039,14.522119,0.117279,0.112315,10.184970,0.006598,4.337149,true,none
1785680745.587929,true,false,AUTO.LOITER,true,true,0.040843,0.111327,0.111540,14.723347,0.100806,0.109679,15.247820,0.010684,-0.524473,true,none
1785680746.586967,true,false,AUTO.LOITER,true,true,0.025360,0.111401,0.111317,14.566554,0.099489,0.129254,14.868844,0.021532,-0.302291,true,none
1785680747.587172,true,false,AUTO.LOITER,true,true,0.043972,0.111245,0.111469,14.872053,0.111408,0.103977,14.914166,0.007494,-0.042113,true,none
1785680748.587014,true,false,AUTO.LOITER,true,true,0.012002,0.111745,0.110474,14.552454,0.113571,0.103132,14.865327,0.007566,-0.312874,true,none
1785680749.593056,true,false,AUTO.LOITER,true,true,0.039250,0.111643,0.110450,14.755764,0.119944,0.112963,14.750773,0.008673,0.004991,true,none
1785680750.586968,true,false,AUTO.LOITER,true,true,0.041423,0.111441,0.110587,14.786361,0.117438,0.113558,9.828736,0.006692,4.957626,true,none
1785680751.587887,true,false,AUTO.LOITER,true,true,0.136954,0.112086,0.109781,14.639223,0.108551,0.108328,14.473253,0.003823,0.165969,true,none
1785680752.587341,true,false,AUTO.LOITER,true,true,0.041945,0.111769,0.110034,14.566732,0.112430,0.104482,14.648520,0.005591,-0.081788,true,none
1785680753.587174,true,false,AUTO.LOITER,true,true,0.008619,0.111505,0.110891,14.820642,0.121844,0.098666,14.613025,0.016011,0.207617,true,none
1785680754.586994,true,false,AUTO.LOITER,true,true,0.134787,0.111587,0.111166,14.567070,0.128208,0.094633,14.672036,0.023443,-0.104966,true,none
1785680755.586962,true,false,AUTO.LOITER,true,true,0.041064,0.111821,0.110932,14.586763,0.121333,0.100315,14.689798,0.014254,-0.103035,true,none
1785680756.587353,true,false,AUTO.LOITER,true,true,0.034599,0.111695,0.111188,14.982720,0.118563,0.114781,14.699417,0.007750,0.283303,true,none
1785680757.587053,true,false,AUTO.LOITER,true,true,0.143300,0.111265,0.112288,14.820657,0.130526,0.086860,14.838118,0.031899,-0.017461,true,none
1785680758.587139,true,false,AUTO.LOITER,true,true,0.038731,0.111259,0.112214,14.797799,0.119367,0.118653,14.808421,0.010354,-0.010622,true,none
1785680759.587001,true,false,AUTO.LOITER,true,true,0.041217,0.110885,0.112462,14.960810,0.116472,0.128265,14.841136,0.016762,0.119673,true,none
1785680760.586944,true,false,AUTO.LOITER,true,true,0.138772,0.110918,0.112509,14.832289,0.118932,0.106097,14.866533,0.010263,-0.034244,true,none
1785680761.587005,true,false,AUTO.LOITER,true,true,0.036284,0.110813,0.112525,14.928699,0.113897,0.146166,14.892289,0.033781,0.036410,true,none
1785680762.586968,true,false,AUTO.LOITER,true,true,0.040984,0.111267,0.111533,15.018779,0.109574,0.123491,14.875526,0.012077,0.143253,true,none
1785680763.587078,true,false,AUTO.LOITER,true,true,0.135840,0.111077,0.111854,15.111695,0.104723,0.124367,14.906705,0.014034,0.204990,true,none
1785680764.587553,true,false,AUTO.LOITER,true,true,0.004402,0.110877,0.112234,15.094240,0.126034,0.126672,14.926128,0.020933,0.168112,true,none
1785680765.588752,true,false,AUTO.LOITER,true,true,0.111420,0.111498,0.111447,15.381681,0.120108,0.111064,14.965427,0.008619,0.416254,true,none
1785680766.587399,true,false,AUTO.LOITER,true,true,0.114151,0.110880,0.112462,15.348805,0.117851,0.128384,8.587442,0.017381,6.761363,true,none
1785680767.586955,true,false,AUTO.LOITER,true,true,0.089110,0.112387,0.109846,15.113106,0.116540,0.112438,15.093491,0.004895,0.019615,true,none
1785680768.587521,true,false,AUTO.LOITER,true,true,0.189317,0.111294,0.110917,15.085781,0.109127,0.134509,15.228129,0.023691,-0.142348,true,none
1785680769.586981,true,false,AUTO.LOITER,true,true,0.081857,0.111468,0.111424,15.226451,0.093574,0.116650,15.335587,0.018642,-0.109137,true,none
1785680770.588640,true,false,AUTO.LOITER,true,true,0.287215,0.110831,0.112851,15.277079,0.110197,0.111418,15.160684,0.001567,0.116395,true,none
1785680771.590512,true,false,AUTO.LOITER,true,true,0.180997,0.110476,0.113812,15.351816,0.115192,0.120856,18.394402,0.008477,-3.042586,true,none
1785680772.586957,true,false,AUTO.LOITER,true,true,0.088197,0.110929,0.113558,15.161562,0.111136,0.125509,15.786066,0.011953,-0.624504,true,none
1785680773.588166,true,false,AUTO.LOITER,true,true,0.088045,0.110673,0.113969,15.462157,0.102540,0.127953,15.515284,0.016177,-0.053127,true,none
1785680774.587053,true,false,AUTO.LOITER,true,true,0.190667,0.110387,0.114917,15.514312,0.111667,0.126887,15.224473,0.012039,0.289839,true,none
1785680775.586967,true,false,AUTO.LOITER,true,true,0.082457,0.111298,0.113971,15.271010,0.105535,0.130342,15.276955,0.017356,-0.005946,true,none
1785680776.595332,true,false,AUTO.LOITER,true,true,0.049302,0.111207,0.114357,15.321164,0.107928,0.139994,15.334062,0.025846,-0.012898,true,none
1785680777.586972,true,false,AUTO.LOITER,true,true,0.017021,0.112046,0.112082,14.895560,0.123579,0.097464,10.425486,0.018620,4.470074,true,none
1785680778.586952,true,false,AUTO.LOITER,true,true,0.014860,0.112318,0.112404,14.889959,0.117020,0.102026,15.327537,0.011394,-0.437579,true,none
1785680779.586997,true,false,AUTO.LOITER,true,true,0.121084,0.112209,0.112997,15.216416,0.109991,0.114848,15.000260,0.002889,0.216156,true,none
1785680780.587275,true,false,AUTO.LOITER,true,true,0.021662,0.112493,0.112684,15.379174,0.119706,0.100507,15.068807,0.014153,0.310367,true,none
1785680781.587971,true,false,AUTO.LOITER,true,true,0.006801,0.112352,0.112897,15.142488,0.111102,0.110945,15.174147,0.002318,-0.031659,true,none
1785680782.586967,true,false,AUTO.LOITER,true,true,0.113785,0.112529,0.112666,15.347863,0.104370,0.100734,15.239805,0.014454,0.108058,true,none
1785680783.587194,true,false,AUTO.LOITER,true,true,0.015695,0.112980,0.111985,15.376528,0.099278,0.109080,15.187999,0.014007,0.188529,true,none
1785680784.587549,true,false,AUTO.LOITER,true,true,0.017796,0.112948,0.111443,15.193243,0.111968,0.095665,15.223992,0.015808,-0.030749,true,none
1785680785.587579,true,false,AUTO.LOITER,true,true,0.126421,0.112696,0.111697,15.416427,0.090353,0.154924,15.201467,0.048660,0.214960,true,none
1785680786.587680,true,false,AUTO.LOITER,true,true,0.085187,0.112847,0.111850,15.348382,0.106846,0.140939,15.206105,0.029701,0.142277,true,none
1785680787.586962,true,false,AUTO.LOITER,true,true,0.004061,0.112610,0.111698,15.128745,0.111448,0.119146,15.185257,0.007538,-0.056511,true,none
1785680788.586946,true,false,AUTO.LOITER,true,true,0.000215,0.112785,0.111584,15.084998,0.091799,0.148664,15.131413,0.042607,-0.046415,true,none
1785680789.587265,true,false,AUTO.LOITER,true,true,0.038418,0.113102,0.110915,15.451431,0.101222,0.142801,15.143308,0.034027,0.308124,true,none
1785680790.586961,true,false,AUTO.LOITER,true,true,0.045193,0.112536,0.112176,15.511102,0.091786,0.152319,9.939150,0.045189,5.571952,false,none
1785680791.586957,true,false,AUTO.LOITER,true,true,0.598609,0.112872,0.111849,15.227789,0.123601,0.098321,9.903804,0.017266,5.323985,false,none
1785680792.587018,true,false,AUTO.LOITER,true,true,0.109797,0.113026,0.111687,15.224085,0.113212,0.108984,15.641150,0.002709,-0.417065,true,none
1785680793.597367,true,false,AUTO.LOITER,true,true,0.119886,0.113268,0.110708,15.629795,0.108160,0.115437,14.971960,0.006961,0.657835,true,none
1785680794.591633,true,false,AUTO.LOITER,true,true,0.212336,0.113704,0.109323,15.413722,0.117707,0.115642,15.293598,0.007480,0.120124,true,none
1785680795.586980,true,false,AUTO.LOITER,true,true,0.106638,0.113993,0.108975,15.071613,0.124906,0.106244,15.298584,0.011250,-0.226971,true,none
1785680796.586977,true,false,AUTO.LOITER,true,true,0.010598,0.114371,0.109132,15.161869,0.130855,0.067196,15.452700,0.045059,-0.290831,true,none
1785680797.588494,true,false,AUTO.LOITER,true,true,0.207637,0.114088,0.109674,15.442689,0.126044,0.103666,15.388617,0.013381,0.054072,true,none
1785680798.587662,true,false,AUTO.LOITER,true,true,0.111008,0.114573,0.108315,15.135239,0.130306,0.110463,15.385403,0.015879,-0.250164,true,none
1785680799.586979,true,false,AUTO.LOITER,true,true,0.008022,0.116606,0.104626,15.229368,0.126613,0.116752,15.325877,0.015722,-0.096509,true,none
1785680800.586968,true,false,AUTO.LOITER,true,true,0.010995,0.116289,0.104972,15.930433,0.117704,0.118679,15.279969,0.013780,0.650465,true,none
1785680801.587015,true,false,AUTO.LOITER,true,true,0.107838,0.116240,0.104661,15.551231,0.123031,0.092411,9.375458,0.014006,6.175773,true,none
1785680802.586972,true,false,AUTO.LOITER,false,false,0.002338,nan,nan,nan,0.123627,0.094271,10.709612,nan,nan,false,rf2o_monitor_WAITING_FOR_ODOM
1785680803.586996,true,false,AUTO.LOITER,true,true,0.107762,0.124544,0.082023,10.392820,0.125305,0.072818,9.994803,0.009236,0.398018,true,none
1785680804.588229,true,false,AUTO.LOITER,true,true,0.009194,0.124136,0.082411,10.711504,0.128214,0.079642,10.370843,0.004929,0.340661,true,none
1785680805.586994,true,false,AUTO.LOITER,true,true,0.109704,0.124156,0.083203,10.676203,0.126857,0.095727,10.494993,0.012812,0.181210,true,none
1785680806.586985,true,false,AUTO.LOITER,true,true,0.005629,0.124778,0.082572,10.586961,0.127835,0.094318,10.577222,0.012138,0.009739,true,none
1785680807.586994,true,false,AUTO.LOITER,true,true,0.005646,0.124203,0.084102,10.715365,0.126507,0.091292,10.588077,0.007550,0.127288,true,none
1785680808.586973,true,false,AUTO.LOITER,true,true,0.100719,0.123940,0.084554,10.388640,0.127985,0.078931,10.596079,0.006927,-0.207440,true,none
1785680809.586980,true,false,AUTO.LOITER,true,true,0.003290,0.123937,0.085026,10.562342,0.127315,0.083196,10.581504,0.003841,-0.019162,true,none
1785680810.587017,true,false,AUTO.LOITER,true,true,0.010299,0.124159,0.084870,10.726383,0.131188,0.090669,10.639185,0.009112,0.087198,true,none
1785680811.586973,true,false,AUTO.LOITER,true,true,0.104221,0.123810,0.086058,10.774841,0.131876,0.086594,10.605657,0.008084,0.169184,true,none
1785680812.587806,true,false,AUTO.LOITER,true,true,0.085390,0.123882,0.086451,10.359411,0.125293,0.101923,10.631827,0.015536,-0.272416,true,none
1785680813.586990,true,false,AUTO.LOITER,true,true,0.001940,0.124195,0.085586,10.801195,0.126814,0.095915,10.633076,0.010656,0.168119,true,none
1785680814.587297,true,false,AUTO.LOITER,true,true,0.005087,0.124575,0.084554,10.622921,0.124563,0.072485,10.635248,0.012069,-0.012327,true,none
1785680815.587544,true,false,AUTO.LOITER,true,true,0.096925,0.124051,0.085329,10.493585,0.132390,0.129806,10.620970,0.045252,-0.127385,true,none
1785680816.586992,true,false,AUTO.LOITER,true,true,0.085930,0.124009,0.085982,10.640561,0.125516,0.109510,10.602106,0.023577,0.038454,false,none
1785680817.586967,true,false,AUTO.LOITER,true,true,0.002611,0.124297,0.085304,10.732580,0.133231,0.114076,10.623522,0.030127,0.109059,true,none
1785680818.586957,true,false,AUTO.LOITER,true,true,0.099338,0.123726,0.086883,10.723214,0.123989,0.114512,10.625251,0.027630,0.097963,true,none
1785680819.587029,true,false,AUTO.LOITER,true,true,0.006560,0.123628,0.087896,10.699234,0.116962,0.109281,10.624962,0.022399,0.074272,true,none
1785680820.588033,true,false,AUTO.LOITER,true,true,0.311713,0.123972,0.086811,11.020107,0.127988,0.086100,10.638671,0.004079,0.381436,true,none
1785680821.591512,true,false,AUTO.LOITER,true,true,0.028253,0.124016,0.086241,11.180533,0.138827,0.078828,10.684741,0.016562,0.495792,true,none
1785680822.586932,true,false,AUTO.LOITER,true,true,0.003806,0.123603,0.087756,11.424045,0.141749,0.082940,10.711460,0.018774,0.712584,true,none
1785680823.586984,true,false,AUTO.LOITER,true,true,0.003536,0.123784,0.087913,11.647659,0.140453,0.074262,10.732094,0.021546,0.915565,true,none
1785680824.587509,true,false,AUTO.LOITER,true,true,0.185823,0.123910,0.087271,11.711841,0.139106,0.096396,10.787870,0.017725,0.923971,true,none
1785680825.587033,true,false,AUTO.LOITER,true,true,0.812211,0.124038,0.086910,11.465584,0.128171,0.106741,9.779359,0.020257,1.686225,false,lidar_odom_stale
1785680826.588362,true,false,AUTO.LOITER,false,false,0.008496,nan,nan,nan,0.128946,0.114606,10.204800,nan,nan,false,lidar_odom_stale
1785680827.586964,true,false,AUTO.LOITER,true,true,0.011467,0.127368,0.118409,10.226649,0.127957,0.129955,10.672505,0.011561,-0.445855,true,none
1785680828.586992,true,false,AUTO.LOITER,true,true,0.114066,0.127258,0.119551,10.161136,0.134369,0.112916,10.351021,0.009725,-0.189885,true,none
1785680829.586973,true,false,AUTO.LOITER,true,true,0.007161,0.127075,0.119206,10.081834,0.131060,0.125536,10.501645,0.007480,-0.419811,true,none
1785680830.586897,true,false,AUTO.LOITER,true,true,0.002703,0.127759,0.117764,9.636495,0.122772,0.133408,10.363601,0.016419,-0.727105,true,none
1785680831.586966,true,false,AUTO.LOITER,true,true,0.112338,0.127967,0.117405,10.189308,0.121871,0.129282,10.229151,0.013350,-0.039843,true,none
1785680832.586959,true,false,AUTO.LOITER,true,true,0.010795,0.127719,0.118022,9.965853,0.123807,0.130130,10.149928,0.012725,-0.184075,true,none
1785680833.586958,true,false,AUTO.LOITER,true,true,0.009339,0.128203,0.117582,10.049278,0.115557,0.134184,10.126843,0.020869,-0.077565,true,none
1785680834.587385,true,false,AUTO.LOITER,true,true,0.006812,0.128331,0.116367,10.118922,0.121892,0.127780,10.113241,0.013104,0.005680,true,none
1785680835.587479,true,false,AUTO.LOITER,true,true,0.006923,0.128542,0.115585,9.930342,0.127695,0.127218,10.119153,0.011664,-0.188811,true,none
1785680836.586939,true,false,AUTO.LOITER,true,true,0.104192,0.128972,0.115476,10.235172,0.128836,0.135122,10.140585,0.019647,0.094587,true,none
1785680837.587051,true,false,AUTO.LOITER,true,true,0.013371,0.130562,0.112077,9.703737,0.121218,0.156113,10.134280,0.045016,-0.430544,true,none
1785680838.587066,true,false,AUTO.LOITER,true,true,0.013301,0.130024,0.111912,10.031885,0.133680,0.149677,10.112379,0.037941,-0.080494,true,none
1785680839.586982,true,false,AUTO.LOITER,true,true,0.113360,0.130118,0.112234,10.080725,0.129412,0.134930,10.083851,0.022706,-0.003126,true,none
1785680840.586952,true,false,AUTO.LOITER,true,true,0.007557,0.130413,0.111437,9.887156,0.125490,0.151870,10.095025,0.040732,-0.207869,true,none
1785680841.586951,true,false,AUTO.LOITER,true,true,0.013242,0.130663,0.111284,9.795139,0.141293,0.121380,10.073139,0.014660,-0.278000,true,none
1785680842.586959,true,false,AUTO.LOITER,true,true,0.009178,0.130409,0.112000,9.815835,0.134531,0.163606,10.077393,0.051770,-0.261558,true,none
1785680843.586987,true,false,AUTO.LOITER,true,true,0.012462,0.130820,0.111219,9.777669,0.136533,0.151900,10.051367,0.041080,-0.273698,true,none
1785680844.586982,true,false,AUTO.LOITER,true,true,0.106019,0.130966,0.110857,10.158739,0.126776,0.151807,10.023877,0.041165,0.134862,true,none
1785680845.586956,true,false,AUTO.LOITER,true,true,0.010796,0.131041,0.110519,9.944888,0.122302,0.135733,10.032147,0.026685,-0.087258,true,none
1785680846.586950,true,false,AUTO.LOITER,true,true,0.008159,0.131379,0.110107,10.229302,0.133613,0.129891,10.046704,0.019909,0.182598,true,none
1785680847.586964,true,false,AUTO.LOITER,true,true,0.112722,0.132597,0.107160,9.439183,0.129362,0.140672,10.047063,0.033668,-0.607880,true,none
1785680848.588946,true,false,AUTO.LOITER,true,true,0.014857,0.133253,0.104739,9.804568,0.129345,0.147225,10.020662,0.042666,-0.216094,true,none
1785680849.586963,true,false,AUTO.LOITER,true,true,0.010451,0.132766,0.106090,10.394263,0.135233,0.156621,9.952317,0.050591,0.441946,true,none
1785680850.586974,true,false,AUTO.LOITER,true,true,0.110138,0.133302,0.104756,9.283072,0.131537,0.146035,9.960324,0.041317,-0.677251,true,none
1785680851.586977,true,false,AUTO.LOITER,true,true,0.013678,0.134055,0.103051,9.776584,0.128019,0.142074,9.954528,0.039487,-0.177944,true,none
1785680852.586955,true,false,AUTO.LOITER,true,true,0.010728,0.134277,0.101801,9.714113,0.128918,0.129598,9.941608,0.028309,-0.227494,true,none
1785680853.586953,true,false,AUTO.LOITER,true,true,0.006074,0.134370,0.101978,9.375435,0.128528,0.148899,9.918798,0.047283,-0.543362,true,none
1785680854.586967,true,false,AUTO.LOITER,true,true,0.010936,0.135634,0.099746,9.858569,0.139344,0.125692,9.886533,0.026209,-0.027964,true,none
1785680855.586962,true,false,AUTO.LOITER,true,true,0.012748,0.135439,0.101473,10.141449,0.142764,0.093044,9.904022,0.011168,0.237427,true,none
1785680856.586955,true,false,AUTO.LOITER,true,true,0.011100,0.135547,0.101658,9.375113,0.136844,0.110248,9.900392,0.008687,-0.525279,true,none
1785680857.586981,true,false,AUTO.LOITER,true,true,0.008297,0.136924,0.098916,10.089636,0.140727,0.117634,9.891479,0.019101,0.198158,true,none
1785680858.586947,true,false,AUTO.LOITER,true,true,0.110372,0.136196,0.100393,9.442361,0.134527,0.101598,9.883718,0.002058,-0.441357,true,none
1785680859.587962,true,false,AUTO.LOITER,true,true,0.005857,0.136067,0.100346,9.783806,0.130690,0.064625,9.874326,0.036124,-0.090520,true,none
1785680860.586973,true,false,AUTO.LOITER,true,true,0.012393,0.136512,0.100099,9.642005,0.125406,0.102859,9.853330,0.011444,-0.211325,true,none
1785680861.586963,true,false,AUTO.LOITER,true,true,0.114385,0.136483,0.100542,9.763185,0.133475,0.096521,9.846868,0.005021,-0.083683,true,none
1785680862.586949,true,false,AUTO.LOITER,true,true,0.007283,0.135787,0.102060,9.247323,0.132593,0.094888,9.830747,0.007851,-0.583425,true,none
1785680863.587013,true,false,AUTO.LOITER,true,true,0.014710,0.135984,0.101808,9.315597,0.131988,0.087370,9.807503,0.014982,-0.491906,true,none
1785680864.586958,true,false,AUTO.LOITER,true,true,0.012718,0.136480,0.101243,9.196587,0.132606,0.068853,9.791452,0.032620,-0.594865,true,none
1785680865.586990,true,false,AUTO.LOITER,true,true,0.012005,0.136857,0.100894,9.828510,0.132016,0.089221,9.753700,0.012637,0.074811,true,none
1785680866.587395,true,false,AUTO.LOITER,true,true,0.111471,0.136665,0.100840,10.298935,0.135073,0.083054,9.748340,0.017857,0.550596,true,none
1785680867.586959,true,false,AUTO.LOITER,true,true,0.008716,0.137015,0.100266,10.082565,0.137656,0.065106,9.763687,0.035166,0.318877,true,none
1785680868.586951,true,false,AUTO.LOITER,true,true,0.010034,0.138171,0.097597,9.683380,0.134888,0.068935,9.759777,0.028849,-0.076397,true,none
1785680869.586959,true,false,AUTO.LOITER,true,true,0.112423,0.139220,0.093944,9.682815,0.134841,0.078083,9.757692,0.016455,-0.074877,true,none
1785680870.586942,true,false,AUTO.LOITER,true,true,0.005218,0.138313,0.096794,9.786096,0.132107,0.117821,9.740492,0.021924,0.045604,true,none
1785680871.587125,true,false,AUTO.LOITER,true,true,0.012860,0.139824,0.095278,9.556789,0.136761,0.192262,9.763227,0.097033,-0.206438,true,none
1785680872.586989,true,false,AUTO.LOITER,true,true,0.009025,0.140276,0.094795,8.932914,0.140129,0.147479,9.700478,0.052684,-0.767565,true,none
1785680873.586964,true,false,AUTO.LOITER,true,true,0.012908,0.140290,0.094201,8.907026,0.125055,0.153695,9.646328,0.061414,-0.739303,true,none
1785680874.586976,true,false,AUTO.LOITER,true,true,0.113321,0.140702,0.093522,9.095280,0.133672,0.160160,9.625355,0.067008,-0.530075,true,none
1785680875.586945,true,false,AUTO.LOITER,true,true,0.011894,0.140329,0.093920,9.035817,0.145450,0.148387,9.583345,0.054707,-0.547528,true,none
1785680876.586953,true,false,AUTO.LOITER,true,true,0.005899,0.140616,0.092824,9.300307,0.136902,0.140712,9.566441,0.048032,-0.266133,true,none
1785680877.586954,true,false,AUTO.LOITER,true,true,0.111187,0.140654,0.093221,9.360502,0.142294,0.135502,9.542864,0.042313,-0.182362,true,none
1785680878.586954,true,false,AUTO.LOITER,true,true,0.004878,0.141559,0.091419,8.962919,0.145808,0.143416,9.511081,0.052170,-0.548162,true,none
1785680879.586991,true,false,AUTO.LOITER,true,true,0.011289,0.142262,0.090376,9.607260,0.154287,0.111073,9.490519,0.023936,0.116741,true,none
1785680880.586954,true,false,AUTO.LOITER,true,true,0.007463,0.142049,0.089978,9.073795,0.147020,0.117900,9.469536,0.028361,-0.395741,true,none
1785680881.586907,true,false,AUTO.LOITER,true,true,0.002093,0.142546,0.088565,8.722643,0.138169,0.111533,9.447416,0.023382,-0.724773,true,none
1785680882.586909,true,false,AUTO.LOITER,true,true,0.112158,0.143446,0.087384,9.067848,0.139830,0.107197,9.401598,0.020140,-0.333750,true,none
1785680883.587766,true,false,AUTO.LOITER,true,true,0.011246,0.142799,0.089075,8.933681,0.129117,0.119527,9.385413,0.033385,-0.451732,true,none
1785680884.587011,true,false,AUTO.LOITER,true,true,0.008146,0.142542,0.089601,8.952998,0.138668,0.128206,9.358316,0.038799,-0.405318,true,none
1785680885.586971,true,false,AUTO.LOITER,true,true,0.111638,0.142992,0.089080,9.577890,0.144776,0.123763,9.342616,0.034729,0.235274,true,none
1785680886.586972,true,false,AUTO.LOITER,true,true,0.009311,0.142707,0.089107,9.177494,0.140995,0.125310,9.322134,0.036244,-0.144640,true,none
1785680887.586917,true,false,AUTO.LOITER,true,true,0.005748,0.142686,0.089189,8.917338,0.135111,0.099442,9.295500,0.012748,-0.378162,true,none
1785680888.586964,true,false,AUTO.LOITER,true,true,0.009312,0.143006,0.088807,8.775222,0.120760,0.134268,9.221205,0.050612,-0.445983,true,none
1785680889.586969,true,false,AUTO.LOITER,true,true,0.011240,0.142934,0.089035,8.976898,0.129431,0.140326,9.214568,0.053038,-0.237670,true,none
1785680890.587438,true,false,AUTO.LOITER,true,true,0.111157,0.142585,0.089926,9.427253,0.134644,0.116637,9.221228,0.027866,0.206025,true,none
1785680891.586974,true,false,AUTO.LOITER,true,true,0.008687,0.142028,0.090667,8.723852,0.147092,0.110751,9.229765,0.020713,-0.505913,true,none
1785680892.587017,true,false,AUTO.LOITER,true,true,0.208987,0.141314,0.092398,8.944449,0.149465,0.128421,9.203474,0.036934,-0.259025,true,none
1785680893.588795,true,false,AUTO.LOITER,true,true,0.114896,0.140483,0.094123,9.894873,0.143039,0.123815,9.205157,0.029801,0.689717,true,none
1785680894.586932,true,false,AUTO.LOITER,true,true,0.010915,0.140056,0.096070,9.430810,0.137009,0.120417,9.233684,0.024538,0.197126,true,none
1785680895.586960,true,false,AUTO.LOITER,true,true,0.013039,0.141020,0.094420,9.278648,0.136443,0.112570,9.231790,0.018718,0.046858,true,none
1785680896.586954,true,false,AUTO.LOITER,true,true,0.110177,0.141386,0.093037,9.640480,0.139814,0.111037,9.225558,0.018068,0.414922,true,none
1785680897.586962,true,false,AUTO.LOITER,true,true,0.011981,0.141562,0.092594,9.626851,0.143000,0.106914,9.229640,0.014392,0.397211,true,none
1785680898.586952,true,false,AUTO.LOITER,true,true,0.011973,0.140316,0.095604,9.851948,0.143341,0.117810,9.243439,0.022412,0.608509,true,none
1785680899.586969,true,false,AUTO.LOITER,true,true,0.010515,0.139653,0.097506,9.406812,0.142985,0.105702,9.271886,0.008847,0.134925,true,none
1785680900.586957,true,false,AUTO.LOITER,true,true,0.008348,0.139873,0.095204,10.140171,0.134035,0.118006,9.290630,0.023537,0.849540,true,none
1785680901.586947,true,false,AUTO.LOITER,true,true,0.112036,0.136263,0.091031,10.185587,0.135080,0.148856,8.944767,0.057838,1.240820,true,none
1785680902.586950,true,false,AUTO.LOITER,true,true,0.011836,0.086288,0.126682,11.234550,0.114137,0.153178,10.997145,0.038440,0.237405,true,none
1785680903.586959,true,false,AUTO.LOITER,true,true,0.005529,-0.027740,0.184511,17.364917,0.104415,0.151340,16.614704,0.136255,0.750212,true,none
1785680904.586954,true,false,AUTO.LOITER,true,true,0.107608,-0.160999,0.174542,21.172148,-0.028111,0.155145,19.764744,0.134296,1.407404,true,none
1785680905.586938,true,false,AUTO.LOITER,true,true,0.009857,-0.198766,0.117936,18.224370,-0.103944,0.133186,15.875795,0.096041,2.348574,true,none
1785680906.586961,true,false,AUTO.LOITER,true,true,0.010821,-0.202741,0.114139,22.471044,-0.142084,0.145383,17.707706,0.068232,4.763338,true,none
1785680907.586972,true,false,AUTO.LOITER,true,true,0.107547,-0.205971,0.094814,16.370122,-0.163206,0.124866,20.929801,0.052268,-4.559679,true,none
1785680908.586949,true,false,AUTO.LOITER,true,true,0.005928,-0.220133,0.104854,23.295297,-0.178704,0.110415,27.278483,0.041801,-3.983186,true,none
1785680909.586954,true,false,AUTO.LOITER,true,true,0.009919,-0.228361,0.102576,28.315199,-0.200534,0.108726,32.404069,0.028499,-4.088870,true,none
1785680910.586953,true,false,AUTO.LOITER,true,true,0.109110,-0.230894,0.111242,32.670393,-0.197070,0.115942,36.280194,0.034149,-3.609800,true,none
1785680911.586976,true,false,AUTO.LOITER,true,true,0.003622,-0.234751,0.118569,37.023967,-0.197858,0.112331,40.501195,0.037417,-3.477228,true,none
1785680912.586987,true,false,AUTO.LOITER,true,true,0.011659,-0.232547,0.119073,40.437423,-0.191125,0.116895,43.692005,0.041479,-3.254582,true,none
1785680913.586891,true,false,AUTO.LOITER,true,true,0.000778,-0.236635,0.119597,43.791072,-0.202019,0.117565,47.810707,0.034675,-4.019635,true,none
1785680914.586951,true,false,AUTO.LOITER,true,true,0.010880,-0.242671,0.117555,47.929513,-0.209526,0.104423,52.632277,0.035651,-4.702764,true,none
1785680915.587012,true,false,AUTO.LOITER,true,true,0.007969,-0.252820,0.112907,51.794852,-0.250031,0.096856,55.779912,0.016293,-3.985060,true,none
1785680916.588172,true,false,AUTO.LOITER,true,true,0.112192,-0.257033,0.093309,54.301967,-0.262622,0.056677,59.258803,0.037056,-4.956836,true,none
1785680917.587007,true,false,AUTO.LOITER,true,true,0.010002,-0.261136,0.100695,59.052061,-0.263370,0.034653,62.688846,0.066080,-3.636786,true,none
1785680918.586975,true,false,AUTO.LOITER,true,true,0.009044,-0.270605,0.105583,63.631401,-0.250793,0.037728,67.401145,0.070689,-3.769744,true,none
1785680919.586973,true,false,AUTO.LOITER,true,true,0.105261,-0.270585,0.112978,66.621952,-0.241083,0.060581,69.693554,0.060131,-3.071602,true,none
1785680920.586974,true,false,AUTO.LOITER,true,true,0.007471,-0.271651,0.120038,66.780495,-0.250893,0.111694,69.705316,0.022373,-2.924821,true,none
1785680921.586942,true,false,AUTO.LOITER,true,true,0.004511,-0.280544,0.135835,70.042550,-0.261287,0.135466,73.288356,0.019261,-3.245805,true,none
1785680922.586952,true,false,AUTO.LOITER,true,true,0.106285,-0.283027,0.123634,72.389629,-0.271277,0.153489,74.448723,0.032083,-2.059093,true,none
1785680923.586959,true,false,AUTO.LOITER,true,true,0.004425,-0.267988,0.131211,65.872762,-0.272717,0.132207,68.389821,0.004833,-2.517059,true,none
1785680924.586980,true,false,AUTO.LOITER,true,true,0.001599,-0.303791,0.139439,68.652337,-0.319656,0.153687,71.930442,0.021323,-3.278105,true,none
1785680925.587091,true,false,AUTO.LOITER,true,true,0.004163,-0.345254,0.151347,76.634535,-0.387651,0.155976,79.941043,0.042649,-3.306509,true,none
1785680926.586978,true,false,AUTO.LOITER,true,true,0.107221,-0.355010,0.162672,83.080837,-0.405110,0.163722,86.531874,0.050110,-3.451037,true,none
1785680927.586949,true,false,AUTO.LOITER,true,true,0.007031,-0.364950,0.166907,87.280140,-0.398525,0.153701,90.708439,0.036079,-3.428298,true,none
1785680928.586980,true,false,AUTO.LOITER,true,true,0.206275,-0.379869,0.156212,91.793846,-0.403689,0.115628,95.371379,0.047058,-3.577533,true,none
1785680929.586979,true,false,AUTO.LOITER,true,true,0.104550,-0.394738,0.148655,97.323659,-0.393149,0.127108,100.848976,0.021606,-3.525317,true,none
1785680930.587642,true,false,AUTO.LOITER,true,true,0.004565,-0.402703,0.132379,102.954701,-0.376606,0.147375,106.239574,0.030099,-3.284872,true,none
1785680931.586977,true,false,AUTO.LOITER,true,true,0.008952,-0.408701,0.135997,109.028498,-0.386742,0.147905,111.547313,0.024980,-2.518815,false,none
1785680932.586973,true,false,AUTO.LOITER,true,true,0.106258,-0.406667,0.120208,113.815998,-0.386394,0.126294,117.228579,0.021167,-3.412581,true,none
1785680933.586949,true,false,AUTO.LOITER,true,true,0.002419,-0.429620,0.102499,118.483103,-0.391414,0.097783,121.600078,0.038496,-3.116974,true,none
1785680934.586953,true,false,AUTO.LOITER,true,true,0.007721,-0.432969,0.105701,122.338300,-0.385754,0.116146,124.600404,0.048357,-2.262103,true,none
1785680935.586954,true,false,AUTO.LOITER,true,true,0.111222,-0.446835,0.096139,125.244155,-0.418902,0.110218,127.591235,0.031281,-2.347081,true,none
1785680936.586964,true,false,AUTO.LOITER,true,true,0.009930,-0.452453,0.092705,129.680500,-0.429716,0.102808,132.315677,0.024880,-2.635177,true,none
1785680937.586974,true,false,AUTO.LOITER,true,true,0.008407,-0.454910,0.090718,132.400878,-0.435308,0.084999,134.523567,0.020419,-2.122689,true,none
1785680938.586890,true,false,AUTO.LOITER,true,true,0.104408,-0.451515,0.093905,136.145985,-0.442513,0.077567,137.770180,0.018654,-1.624195,true,none
1785680939.587167,true,false,AUTO.LOITER,true,true,0.006280,-0.459492,0.093900,138.859651,-0.466680,0.077570,140.420319,0.017842,-1.560668,true,none
1785680940.586973,true,false,AUTO.LOITER,true,true,0.011195,-0.483790,0.072308,141.094072,-0.488501,0.066771,143.264429,0.007270,-2.170357,true,none
1785680941.586990,true,false,AUTO.LOITER,true,true,0.110678,-0.511924,0.066471,147.542343,-0.513191,0.081283,150.878323,0.014866,-3.335980,true,none
1785680942.586935,true,false,AUTO.LOITER,true,true,0.001637,-0.504351,0.073017,152.496269,-0.503618,0.079450,154.101389,0.006475,-1.605120,true,none
1785680943.587166,true,false,AUTO.LOITER,true,true,0.008605,-0.494884,0.073889,157.304099,-0.485306,0.067713,158.724127,0.011396,-1.420028,true,none
1785680944.586942,true,false,AUTO.LOITER,true,true,0.107036,-0.499561,0.070102,160.971157,-0.487131,0.074880,163.526229,0.013318,-2.555071,true,none
1785680945.586969,true,false,AUTO.LOITER,true,true,0.009150,-0.509568,0.073692,167.730676,-0.495469,0.131509,169.922277,0.059511,-2.191601,true,none
1785680946.586990,true,false,AUTO.LOITER,true,true,0.006445,-0.506316,0.057353,176.492165,-0.499673,0.116101,179.598296,0.059123,-3.106130,true,none
1785680947.586993,true,false,AUTO.LOITER,true,true,0.109658,-0.505746,0.075151,-175.098851,-0.528741,0.143335,-173.436299,0.071957,-1.662552,true,none
1785680948.587009,true,false,AUTO.LOITER,true,true,0.100094,-0.513143,0.079347,-168.695961,-0.535299,0.134466,-165.500223,0.059405,-3.195737,true,none
1785680949.586960,true,false,AUTO.LOITER,true,true,0.007511,-0.501853,0.072294,-161.765874,-0.526439,0.097519,-160.240531,0.035224,-1.525343,true,none
1785680950.586952,true,false,AUTO.LOITER,true,true,0.007818,-0.501331,0.089413,-157.458533,-0.532346,0.071118,-155.416921,0.036008,-2.041613,true,none
1785680951.586997,true,false,AUTO.LOITER,true,true,0.007871,-0.497535,0.100882,-151.988199,-0.522081,0.086939,-151.332115,0.028230,-0.656084,true,none
1785680952.586996,true,false,AUTO.LOITER,true,true,0.007609,-0.471408,0.081735,-142.735431,-0.483106,0.070654,-142.509803,0.016113,-0.225628,true,none
1785680953.586971,true,false,AUTO.LOITER,true,true,0.008747,-0.494390,0.056624,-137.714139,-0.512647,0.050222,-134.540697,0.019347,-3.173442,true,none
1785680954.586993,true,false,AUTO.LOITER,true,true,0.105014,-0.492340,0.046954,-132.188270,-0.468469,0.109579,-131.263143,0.067020,-0.925127,true,none
1785680955.586930,true,false,AUTO.LOITER,true,true,0.006785,-0.445114,0.055902,-149.620523,-0.425817,0.079300,-153.917187,0.030329,4.296664,true,none
1785680956.586980,true,false,AUTO.LOITER,true,true,0.011085,-0.428147,0.041639,-166.516044,-0.426838,-0.007969,-168.211996,0.049626,1.695952,true,none
1785680957.586924,true,false,AUTO.LOITER,true,true,0.004375,-0.349481,0.063546,-170.593713,-0.418826,-0.009950,-170.801838,0.101046,0.208124,true,none
1785680958.586961,true,false,AUTO.LOITER,true,true,0.106319,-0.267143,0.093667,-171.152772,-0.382887,-0.008764,-174.271032,0.154560,3.118260,true,none
1785680959.586964,true,false,AUTO.LOITER,true,true,0.009928,-0.060590,0.001597,177.438102,-0.259225,0.002384,176.947911,0.198637,0.490191,true,none
1785680960.586973,true,false,AUTO.LOITER,true,true,0.010185,-0.026052,-0.007268,-177.746388,-0.195330,0.002129,179.421978,0.169539,2.831634,true,none
1785680961.586967,true,false,AUTO.LOITER,true,true,0.109869,-0.024912,-0.007588,-177.574658,-0.150682,-0.045652,179.582066,0.131404,2.843277,true,none
1785680962.587379,true,false,AUTO.LOITER,true,true,0.011227,-0.023541,-0.012074,-177.727659,-0.140110,-0.016009,179.656958,0.116635,2.615383,true,none
1785680963.586970,true,false,AUTO.LOITER,true,true,0.011281,-0.024050,-0.012528,-177.920116,-0.124550,-0.015927,179.758848,0.100558,2.321037,true,none
1785680964.586948,true,false,AUTO.LOITER,true,true,0.010286,-0.024103,-0.012285,-178.200479,-0.107779,-0.016436,179.857114,0.083779,1.942407,true,none
1785680965.586948,true,false,AUTO.LOITER,true,true,0.006695,-0.024268,-0.012333,-177.389106,-0.105937,-0.028777,179.932026,0.083308,2.678868,true,none
1785680966.586996,true,false,AUTO.LOITER,true,true,0.108481,-0.023651,-0.014263,-177.690854,-0.101427,-0.035063,-179.985483,0.080509,2.294629,true,none
1785680967.586986,true,false,AUTO.LOITER,true,true,0.008134,-0.022888,-0.013427,-177.795938,-0.087891,-0.029788,-179.916936,0.067031,2.120998,true,none
1785680968.586937,true,false,AUTO.LOITER,true,true,0.006927,-0.022534,-0.015491,-177.746810,-0.079208,-0.043071,-179.852840,0.063028,2.106030,true,none
1785680969.586959,true,false,AUTO.LOITER,true,true,0.108741,-0.022180,-0.016801,-177.415151,-0.072036,-0.035151,-179.793565,0.053126,2.378414,true,none
1785680970.586941,true,false,AUTO.LOITER,true,true,0.006308,-0.022392,-0.016619,-177.848163,-0.065946,-0.009953,-179.731740,0.044061,1.883577,true,none
1785680971.586949,true,false,AUTO.LOITER,true,true,0.009253,-0.022448,-0.021143,-177.674138,-0.052898,0.013760,-179.681132,0.046319,2.006994,true,none
1785680972.586973,true,false,AUTO.LOITER,true,true,0.109211,-0.021185,-0.032472,-177.331350,-0.049383,-0.011815,-179.614623,0.034955,2.283272,true,none
1785680973.586985,true,false,AUTO.LOITER,true,true,0.106292,-0.019380,-0.035462,-177.201460,-0.041839,0.008869,-179.558613,0.049695,2.357153,true,none
1785680974.586986,true,false,AUTO.LOITER,true,true,0.006221,-0.019575,-0.035261,-177.457938,-0.039155,0.005979,-179.520403,0.045652,2.062465,true,none
1785680975.587020,true,false,AUTO.LOITER,true,true,0.081006,-0.019546,-0.034400,-177.442641,-0.038552,0.000680,-179.465522,0.039898,2.022880,true,none
