timestamp,mode,input_size,output_size,declared_span_rad,indexed_span_rad,angular_coverage_ratio,finite_return_ratio,accumulated_segments,revolution_duration_sec,input_rate_hz,output_rate_hz,valid,rejection_reason
1785061906.346993685,per_message_full_scan,720,720,6.274458647,6.274458612,0.000000000,0.000000000,0,0.000000000,2.755047577,0.000000000,false,STALE_INPUT:Dropping full scan because deskew TF is unavailable
1785061907.181859255,per_message_full_scan,720,720,6.274458647,6.274458612,0.915277778,0.915277778,1,0.117231220,104.553591852,7.258000301,true,none
1785061908.182014227,per_message_full_scan,720,720,6.274458647,6.274458612,0.912500000,0.912500000,1,0.121031545,23.743532556,7.673108150,true,none
1785061909.187398434,per_message_full_scan,720,720,6.274458647,6.274458612,0.902777778,0.902777778,1,0.114259146,11.289277702,7.752111265,true,none
1785061910.182970285,per_message_full_scan,720,720,6.274458647,6.274458612,0.915277778,0.915277778,1,0.113480888,8.327883004,7.733954989,true,none
1785061911.187085867,per_message_full_scan,720,720,6.274458647,6.274458612,0.916666667,0.916666667,1,0.133971065,7.796315399,8.095321677,true,none
1785061912.182183504,per_message_full_scan,720,720,6.274458647,6.274458612,0.926388889,0.926388889,1,0.133707419,7.589550748,7.501810596,true,none
1785061913.200810671,per_message_full_scan,720,720,6.274458647,6.274458612,0.908333333,0.908333333,1,0.123288631,7.676564249,7.479125473,true,none
1785061914.182254076,per_message_full_scan,720,720,6.274458647,6.274458612,0.908333333,0.908333333,1,0.134217367,7.589852473,7.628230987,false,STALE_INPUT:none
1785061915.181852341,per_message_full_scan,720,720,6.274458647,6.274458612,0.912500000,0.912500000,1,0.120061852,7.601503259,7.603042328,true,none
1785061916.181836128,per_message_full_scan,720,720,6.274458647,6.274458612,0.911111111,0.911111111,1,0.121841311,7.675675631,7.469595633,true,none
1785061917.182150364,per_message_full_scan,720,720,6.274458647,6.274458612,0.916666667,0.916666667,1,0.118297935,7.699712484,7.360463033,true,none
1785061918.182083845,per_message_full_scan,720,720,6.274458647,6.274458612,0.909722222,0.909722222,1,0.122187018,7.823685484,7.023324447,true,none
1785061919.181910038,per_message_full_scan,720,720,6.274458647,6.274458612,0.905555556,0.905555556,1,0.124741726,7.893084159,7.585495715,true,none
1785061920.181824923,per_message_full_scan,720,720,6.274458647,6.274458612,0.916666667,0.916666667,1,0.132527292,7.683041604,7.572373250,true,none
1785061921.182307482,per_message_full_scan,720,720,6.274458647,6.274458612,0.900000000,0.900000000,1,0.134253174,7.646609190,8.017527454,true,none
1785061922.181850195,per_message_full_scan,720,720,6.274458647,6.274458612,0.905555556,0.905555556,1,0.120306127,7.661398019,7.939884405,true,none
1785061923.194513559,per_message_full_scan,720,720,6.274458647,6.274458612,0.909722222,0.909722222,1,0.130006492,7.487433670,7.656971203,true,none
1785061924.182247400,per_message_full_scan,720,720,6.274458647,6.274458612,0.905555556,0.905555556,1,0.132740602,7.601805273,7.625505093,true,none
1785061925.184133291,per_message_full_scan,720,720,6.274458647,6.274458612,0.911111111,0.911111111,1,0.120083496,7.709066720,7.730466691,true,none
1785061926.182824850,per_message_full_scan,720,720,6.274458647,6.274458612,0.902777778,0.902777778,1,0.138986662,7.241257423,7.174755010,true,none
1785061927.184936285,per_message_full_scan,720,720,6.274458647,6.274458612,0.906944444,0.906944444,1,0.120475397,7.626543637,7.378655944,true,none
1785061928.183975697,per_message_full_scan,720,720,6.274458647,6.274458612,0.901388889,0.901388889,1,0.114842176,7.689813429,8.311672655,true,none
1785061929.181944847,per_message_full_scan,720,720,6.274458647,6.274458612,0.902777778,0.902777778,1,0.138166338,7.317080309,6.788802940,true,none
1785061930.181845188,per_message_full_scan,720,720,6.274458647,6.274458612,0.906944444,0.906944444,1,0.130989596,7.964418370,7.672226835,true,none
1785061931.182251692,per_message_full_scan,720,720,6.274458647,6.274458612,0.912500000,0.912500000,1,0.125623554,7.835533715,7.621297316,true,none
1785061932.182179689,per_message_full_scan,720,720,6.274458647,6.274458612,0.905555556,0.905555556,1,0.134739250,7.547190386,7.512241350,true,none
1785061933.182396889,per_message_full_scan,720,720,6.274458647,6.274458612,0.900000000,0.900000000,1,0.088841103,7.834767593,8.279317712,true,none
1785061934.190772295,per_message_full_scan,720,720,6.274458647,6.274458612,0.911111111,0.911111111,1,0.123671986,8.048130803,7.434457233,true,none
1785061935.240563154,per_message_full_scan,720,720,6.274458647,6.274458612,0.909722222,0.909722222,1,0.100936592,7.996258015,7.081664344,true,none
1785061936.182214975,per_message_full_scan,720,720,6.274458647,6.274458612,0.905555556,0.905555556,1,0.134224936,7.998728092,7.924045937,true,none
1785061937.187555313,per_message_full_scan,720,720,6.274458647,6.274458612,0.902777778,0.902777778,1,0.121605784,7.701070474,7.550186184,true,none
1785061938.181847811,per_message_full_scan,720,720,6.274458647,6.274458612,0.902777778,0.902777778,1,0.113599986,7.712950370,8.114780405,true,none
1785061939.181844711,per_message_full_scan,720,720,6.274458647,6.274458612,0.909722222,0.909722222,1,0.133147404,7.654260612,7.673422211,true,none
1785061940.215324163,per_message_full_scan,720,720,6.274458647,6.274458612,0.905555556,0.905555556,1,0.134238690,7.591102311,7.453637056,true,none
1785061941.181863070,per_message_full_scan,720,720,6.274458647,6.274458612,0.901388889,0.901388889,1,0.121773303,7.717115868,7.787042640,true,none
1785061942.184342623,per_message_full_scan,720,720,6.274458647,6.274458612,0.905555556,0.905555556,1,0.134247020,7.459500912,7.289763294,true,none
1785061943.184558392,per_message_full_scan,720,720,6.274458647,6.274458612,0.904166667,0.904166667,1,0.119712554,7.270730272,7.255458028,true,none
1785061944.185350657,per_message_full_scan,720,720,6.274458647,6.274458612,0.900000000,0.900000000,1,0.122602239,8.013178629,7.637030541,true,none
1785061945.193246603,per_message_full_scan,720,720,6.274458647,6.274458612,0.906944444,0.906944444,1,0.133509099,7.765279244,7.846044863,true,none
1785061946.182175398,per_message_full_scan,720,720,6.274458647,6.274458612,0.912500000,0.912500000,1,0.133596912,7.618173090,7.538757779,true,none
1785061947.239499569,per_message_full_scan,720,720,6.274458647,6.274458612,0.913888889,0.913888889,1,0.131083056,8.268132373,7.485632113,true,none
1785061948.182365179,per_message_full_scan,720,720,6.274458647,6.274458612,0.916666667,0.916666667,1,0.134280041,7.460801771,7.112648205,true,none
1785061949.183709145,per_message_full_scan,720,720,6.274458647,6.274458612,0.905555556,0.905555556,1,0.134160712,7.653463347,7.619618864,true,none
1785061950.182503223,per_message_full_scan,720,720,6.274458647,6.274458612,0.909722222,0.909722222,1,0.130399927,7.695538885,7.982086433,true,none
1785061951.181837797,per_message_full_scan,720,720,6.274458647,6.274458612,0.901388889,0.901388889,1,0.132454023,7.614580624,7.800875129,true,none
1785061952.181895971,per_message_full_scan,720,720,6.274458647,6.274458612,0.906944444,0.906944444,1,0.132727891,7.554323928,7.843112267,true,none
1785061953.186935902,per_message_full_scan,720,720,6.274458647,6.274458612,0.897222222,0.897222222,1,0.101688668,7.960295868,7.376634677,true,none
1785061954.181901455,per_message_full_scan,720,720,6.274458647,6.274458612,0.911111111,0.911111111,1,0.132928133,7.718767245,7.486432855,true,none
1785061955.181853533,per_message_full_scan,720,720,6.274458647,6.274458612,0.901388889,0.901388889,1,0.122626707,7.928129678,7.756440758,true,none
1785061956.181874037,per_message_full_scan,720,720,6.274458647,6.274458612,0.918055556,0.918055556,1,0.133013174,7.633695568,7.865888189,true,none
1785061957.193583012,per_message_full_scan,720,720,6.274458647,6.274458612,0.904166667,0.904166667,1,0.114246547,7.606106649,7.707377740,true,none
1785061958.181854963,per_message_full_scan,720,720,6.274458647,6.274458612,0.894444444,0.894444444,1,0.130926028,7.585581782,7.670456804,true,none
1785061959.191817999,per_message_full_scan,720,720,6.274458647,6.274458612,0.912500000,0.912500000,1,0.103281416,8.124280670,7.818791154,true,none
1785061960.182527542,per_message_full_scan,720,720,6.274458647,6.274458612,0.906944444,0.906944444,1,0.134145126,7.715961912,7.947080594,true,none
1785061961.181846380,per_message_full_scan,720,720,6.274458647,6.274458612,0.901388889,0.901388889,1,0.121312477,7.912608540,7.215381017,true,none
1785061962.181948662,per_message_full_scan,720,720,6.274458647,6.274458612,0.918055556,0.918055556,1,0.121818572,7.791048023,7.280159242,true,none
1785061963.189277649,per_message_full_scan,720,720,6.274458647,6.274458612,0.905555556,0.905555556,1,0.133625045,8.415635593,6.588710651,true,none
1785061964.181844473,per_message_full_scan,720,720,6.274458647,6.274458612,0.901388889,0.901388889,1,0.133908242,7.995243391,7.369140872,true,none
1785061965.181912899,per_message_full_scan,720,720,6.274458647,6.274458612,0.901388889,0.901388889,1,0.134095132,7.655803143,7.458912221,true,none
1785061966.182249308,per_message_full_scan,720,720,6.274458647,6.274458612,0.915277778,0.915277778,1,0.121745273,7.756107804,8.374479439,true,none
1785061967.199856281,per_message_full_scan,720,720,6.274458647,6.274458612,0.906944444,0.906944444,1,0.134080172,7.648752743,7.597516508,true,none
1785061968.184309721,per_message_full_scan,720,720,6.274458647,6.274458612,0.913888889,0.913888889,1,0.133767739,7.572858711,7.586106792,true,none
1785061969.187783718,per_message_full_scan,720,720,6.274458647,6.274458612,0.897222222,0.897222222,1,0.134503037,7.558290531,7.537623774,true,none
1785061970.181884766,per_message_full_scan,720,720,6.274458647,6.274458612,0.905555556,0.905555556,1,0.132528171,7.654003342,7.753878417,true,none
1785061971.181834936,per_message_full_scan,720,720,6.274458647,6.274458612,0.895833333,0.895833333,1,0.121693708,7.779038145,7.576712351,true,none
1785061972.181841373,per_message_full_scan,720,720,6.274458647,6.274458612,0.890277778,0.890277778,1,0.132643923,7.654257594,7.921833018,true,none
1785061973.181906939,per_message_full_scan,720,720,6.274458647,6.274458612,0.901388889,0.901388889,1,0.135011271,7.627981323,7.590315789,true,none
1785061974.182530403,per_message_full_scan,720,720,6.274458647,6.274458612,0.902777778,0.902777778,1,0.134234741,7.553998906,7.475464728,true,none
1785061975.181872606,per_message_full_scan,720,720,6.274458647,6.274458612,0.895833333,0.895833333,1,0.131798789,7.546935125,7.591034307,true,none
1785061976.182219982,per_message_full_scan,720,720,6.274458647,6.274458612,0.904166667,0.904166667,1,0.133786172,7.654268363,7.760076429,true,none
1785061977.208728790,per_message_full_scan,720,720,6.274458647,6.274458612,0.897222222,0.897222222,1,0.135307729,7.462219629,7.459203226,true,none
1785061978.181878805,per_message_full_scan,720,720,6.274458647,6.274458612,0.901388889,0.901388889,1,0.134144381,7.573424320,7.567755697,true,none
1785061979.181864738,per_message_full_scan,720,720,6.274458647,6.274458612,0.912500000,0.912500000,1,0.121957898,7.689995284,7.791909910,true,none
1785061980.181896448,per_message_full_scan,720,720,6.274458647,6.274458612,0.901388889,0.901388889,1,0.122017525,7.674038430,7.625063799,true,none
1785061981.181847572,per_message_full_scan,720,720,6.274458647,6.274458612,0.900000000,0.900000000,1,0.133971646,7.602122079,7.694663767,true,none
1785061982.184686899,per_message_full_scan,720,720,6.274458647,6.274458612,0.905555556,0.905555556,1,0.133962616,7.610537059,7.651075205,true,none
1785061983.181867599,per_message_full_scan,720,720,6.274458647,6.274458612,0.894444444,0.894444444,1,0.121845178,7.709962011,8.066824318,true,none
1785061984.181849003,per_message_full_scan,720,720,6.274458647,6.274458612,0.893055556,0.893055556,1,0.120707810,7.710142449,7.712898531,true,none
1785061985.181837559,per_message_full_scan,720,720,6.274458647,6.274458612,0.894444444,0.894444444,1,0.121807888,7.731747444,8.051431047,true,none
1785061986.181830645,per_message_full_scan,720,720,6.274458647,6.274458612,0.898611111,0.898611111,1,0.133811265,7.641887982,7.623691960,true,none
1785061987.181834698,per_message_full_scan,720,720,6.274458647,6.274458612,0.905555556,0.905555556,1,0.131082684,7.663265064,7.932253327,true,none
1785061988.192758083,per_message_full_scan,720,720,6.274458647,6.274458612,0.898611111,0.898611111,1,0.132800713,7.663924712,7.660947158,true,none
1785061989.181851387,per_message_full_scan,720,720,6.274458647,6.274458612,0.902777778,0.902777778,1,0.134105369,7.584240538,8.240821362,true,none
1785061990.181851387,per_message_full_scan,720,720,6.274458647,6.274458612,0.895833333,0.895833333,1,0.133064240,7.612880865,7.675274979,true,none
1785061991.189382553,per_message_full_scan,720,720,6.274458647,6.274458612,0.897222222,0.897222222,1,0.134228989,7.649556630,7.938468231,true,none
1785061992.181873560,per_message_full_scan,720,720,6.274458647,6.274458612,0.897222222,0.897222222,1,0.121856883,7.718392863,7.641225480,true,none
1785061993.181863070,per_message_full_scan,720,720,6.274458647,6.274458612,0.895833333,0.895833333,1,0.121700816,7.719482452,7.653715052,true,none
1785061994.181850910,per_message_full_scan,720,720,6.274458647,6.274458612,0.901388889,0.901388889,1,0.123327546,7.730655902,8.109783795,true,none
1785061995.181836128,per_message_full_scan,720,720,6.274458647,6.274458612,0.901388889,0.901388889,1,0.133306682,7.656834900,8.041284139,true,none
1785061996.181836367,per_message_full_scan,720,720,6.274458647,6.274458612,0.909722222,0.909722222,1,0.133944035,7.660508403,8.049975378,true,none
1785061997.207592487,per_message_full_scan,720,720,6.274458647,6.274458612,0.898611111,0.898611111,1,0.134175137,7.684810517,7.668129545,true,none
1785061998.181841850,per_message_full_scan,720,720,6.274458647,6.274458612,0.895833333,0.895833333,1,0.134015977,7.605602489,7.555564124,true,none
1785061999.181844234,per_message_full_scan,720,720,6.274458647,6.274458612,0.893055556,0.893055556,1,0.134067804,7.611816911,7.689553308,true,none
1785062000.182002544,per_message_full_scan,720,720,6.274458647,6.274458612,0.887500000,0.887500000,1,0.133114278,7.684571722,7.897218553,true,none
1785062001.181845903,per_message_full_scan,720,720,6.274458647,6.274458612,0.890277778,0.890277778,1,0.121983789,7.715354914,7.613835409,true,none
1785062002.181848764,per_message_full_scan,720,720,6.274458647,6.274458612,0.904166667,0.904166667,1,0.121729210,7.736590780,8.110199507,true,none
1785062003.182019234,per_message_full_scan,720,720,6.274458647,6.274458612,0.905555556,0.905555556,1,0.134170875,7.647342218,7.787719815,true,none
1785062004.181972504,per_message_full_scan,720,720,6.274458647,6.274458612,0.936111111,0.936111111,1,0.121110514,7.740028306,8.002080855,true,none
1785062005.184532642,per_message_full_scan,720,720,6.274458647,6.274458612,0.916666667,0.916666667,1,0.121962026,7.694222285,7.801573634,true,none
1785062006.182024240,per_message_full_scan,720,720,6.274458647,6.274458612,0.911111111,0.911111111,1,0.131965697,7.661010128,8.216897829,true,none
1785062007.181844950,per_message_full_scan,720,720,6.274458647,6.274458612,0.916666667,0.916666667,1,0.121527985,7.706900124,7.834265238,true,none
1785062008.181921482,per_message_full_scan,720,720,6.274458647,6.274458612,0.908333333,0.908333333,1,0.120873608,7.764206884,8.141983161,true,none
1785062009.182224274,per_message_full_scan,720,720,6.274458647,6.274458612,0.908333333,0.908333333,1,0.121130489,7.689254463,7.722626210,true,none
1785062010.182131290,per_message_full_scan,720,720,6.274458647,6.274458612,0.902777778,0.902777778,1,0.134234935,7.577171946,7.603449733,true,none
1785062011.196622849,per_message_full_scan,720,720,6.274458647,6.274458612,0.925000000,0.925000000,1,0.134133428,7.631592350,7.890930942,true,none
1785062012.182081461,per_message_full_scan,720,720,6.274458647,6.274458612,0.937500000,0.937500000,1,0.122867949,7.683256796,7.599699570,true,none
1785062013.182309866,per_message_full_scan,720,720,6.274458647,6.274458612,0.911111111,0.911111111,1,0.121835724,7.664699852,7.813179645,true,none
1785062014.182689190,per_message_full_scan,720,720,6.274458647,6.274458612,0.919444444,0.919444444,1,0.133916274,7.655098578,7.562197009,true,none
1785062015.182115555,per_message_full_scan,720,720,6.274458647,6.274458612,0.911111111,0.911111111,1,0.121850900,7.709850077,7.941102281,true,none
1785062016.184975863,per_message_full_scan,720,720,6.274458647,6.274458612,0.913888889,0.913888889,1,0.121969268,7.735371295,7.609097639,true,none
1785062017.181949377,per_message_full_scan,720,720,6.274458647,6.274458612,0.915277778,0.915277778,1,0.133163139,7.654383228,7.757334635,true,none
1785062018.181881189,per_message_full_scan,720,720,6.274458647,6.274458612,0.913888889,0.913888889,1,0.121957421,7.697834988,7.566080922,true,none
1785062019.211405039,per_message_full_scan,720,720,6.274458647,6.274458612,0.934722222,0.934722222,1,0.134043023,7.602563967,7.577782623,true,none
1785062020.181931496,per_message_full_scan,720,720,6.274458647,6.274458612,0.929166667,0.929166667,1,0.122545980,7.664369174,7.728329093,true,none
1785062021.181865931,per_message_full_scan,720,720,6.274458647,6.274458612,0.918055556,0.918055556,1,0.121848859,7.739581186,8.094090792,true,none
1785062022.200323582,per_message_full_scan,720,720,6.274458647,6.274458612,0.936111111,0.936111111,1,0.133883849,7.608869737,7.655457078,true,none
1785062023.182115078,per_message_full_scan,720,720,6.274458647,6.274458612,0.925000000,0.925000000,1,0.121939242,7.710875782,8.066982680,true,none
1785062024.182080746,per_message_full_scan,720,720,6.274458647,6.274458612,0.934722222,0.934722222,1,0.136795193,7.600776591,7.749811249,true,none
1785062025.189122677,per_message_full_scan,720,720,6.274458647,6.274458612,0.920833333,0.920833333,1,0.120505020,7.716171874,8.084388226,true,none
1785062026.181910515,per_message_full_scan,720,720,6.274458647,6.274458612,0.902777778,0.902777778,1,0.133690208,7.648431429,8.043768204,true,none
1785062027.185243368,per_message_full_scan,720,720,6.274458647,6.274458612,0.888888889,0.888888889,1,0.121831410,7.713031181,7.623025698,true,none
1785062028.181965590,per_message_full_scan,720,720,6.274458647,6.274458612,0.883333333,0.883333333,1,0.134241924,7.637122208,7.917692630,true,none
1785062029.182028294,per_message_full_scan,720,720,6.274458647,6.274458612,0.894444444,0.894444444,1,0.119886778,7.706757215,7.543454421,true,none
1785062030.215655088,per_message_full_scan,720,720,6.274458647,6.274458612,0.895833333,0.895833333,1,0.133045197,7.598211377,7.486841491,true,none
1785062031.181980848,per_message_full_scan,720,720,6.274458647,6.274458612,0.900000000,0.900000000,1,0.121858560,7.701488231,7.718355100,true,none
1785062032.181849718,per_message_full_scan,720,720,6.274458647,6.274458612,0.898611111,0.898611111,1,0.121877447,7.720132229,8.080387399,true,none
1785062033.205013514,per_message_full_scan,720,720,6.274458647,6.274458612,0.908333333,0.908333333,1,0.134072542,7.611116136,7.591533681,true,none
1785062034.181934834,per_message_full_scan,720,720,6.274458647,6.274458612,0.893055556,0.893055556,1,0.123702377,7.671649862,7.495345893,true,none
1785062035.182180166,per_message_full_scan,720,720,6.274458647,6.274458612,0.869444444,0.869444444,1,0.122335106,7.717104865,7.594934540,true,none
1785062036.191315651,per_message_full_scan,720,720,6.274458647,6.274458612,0.869444444,0.869444444,1,0.121996045,7.748101349,8.245277292,true,none
1785062037.181875944,per_message_full_scan,720,720,6.274458647,6.274458612,0.873611111,0.873611111,1,0.134187773,7.660294526,7.687394788,true,none
1785062038.187021255,per_message_full_scan,720,720,6.274458647,6.274458612,0.870833333,0.870833333,1,0.134276763,7.679126784,7.690771909,true,none
1785062039.215766430,per_message_full_scan,720,720,6.274458647,6.274458612,0.866666667,0.866666667,1,0.122261479,7.654752393,7.681095750,true,none
1785062040.181864500,per_message_full_scan,720,720,6.274458647,6.274458612,0.869444444,0.869444444,1,0.134081483,7.646960412,7.705503160,true,none
1785062041.181945562,per_message_full_scan,720,720,6.274458647,6.274458612,0.879166667,0.879166667,1,0.134805799,7.655339453,7.727341609,true,none
1785062042.182100534,per_message_full_scan,720,720,6.274458647,6.274458612,0.881944444,0.881944444,1,0.134060010,7.597594024,7.564513797,true,none
1785062043.181923866,per_message_full_scan,720,720,6.274458647,6.274458612,0.904166667,0.904166667,1,0.133922353,7.657108055,7.742474269,true,none
1785062044.182380199,per_message_full_scan,720,720,6.274458647,6.274458612,0.911111111,0.911111111,1,0.118569613,7.727718010,7.946223060,true,none
1785062045.181841373,per_message_full_scan,720,720,6.274458647,6.274458612,0.912500000,0.912500000,1,0.134163961,7.649006157,7.704092249,true,none
1785062046.181865692,per_message_full_scan,720,720,6.274458647,6.274458612,0.904166667,0.904166667,1,0.121802732,7.714876656,8.065744865,true,none
1785062047.195738792,per_message_full_scan,720,720,6.274458647,6.274458612,0.902777778,0.902777778,1,0.134100676,7.605051099,7.851317598,true,none
1785062048.182240725,per_message_full_scan,720,720,6.274458647,6.274458612,0.913888889,0.913888889,1,0.137255147,7.640816325,7.541278948,true,none
1785062049.182157040,per_message_full_scan,720,720,6.274458647,6.274458612,0.911111111,0.911111111,1,0.121773295,7.714085322,7.980047163,true,none
1785062050.181863308,per_message_full_scan,720,720,6.274458647,6.274458612,0.918055556,0.918055556,1,0.134704307,7.625797599,7.584071785,true,none
1785062051.181900024,per_message_full_scan,720,720,6.274458647,6.274458612,0.915277778,0.915277778,1,0.134047911,7.665179153,7.997458394,true,none
1785062052.181917667,per_message_full_scan,720,720,6.274458647,6.274458612,0.922222222,0.922222222,1,0.121736266,7.717318957,7.601455342,true,none
1785062053.182134390,per_message_full_scan,720,720,6.274458647,6.274458612,0.945833333,0.945833333,1,0.134085402,7.652055242,7.961720645,true,none
1785062054.182062387,per_message_full_scan,720,720,6.274458647,6.274458612,0.933333333,0.933333333,1,0.133852303,7.684525135,7.634958638,true,none
1785062055.181949854,per_message_full_scan,720,720,6.274458647,6.274458612,0.922222222,0.922222222,1,0.121841811,7.728168613,8.124013932,true,none
1785062056.181837559,per_message_full_scan,720,720,6.274458647,6.274458612,0.915277778,0.915277778,1,0.130046725,7.609031969,7.666330655,true,none
1785062057.181859493,per_message_full_scan,720,720,6.274458647,6.274458612,0.915277778,0.915277778,1,0.134110048,7.657662697,7.962878938,true,none
1785062058.196672678,per_message_full_scan,720,720,6.274458647,6.274458612,0.908333333,0.908333333,1,0.134131417,7.664563781,7.698807044,true,none
1785062059.181843042,per_message_full_scan,720,720,6.274458647,6.274458612,0.904166667,0.904166667,1,0.133498043,7.606380626,7.867851062,true,none
1785062060.181987762,per_message_full_scan,720,720,6.274458647,6.274458612,0.902777778,0.902777778,1,0.133121639,7.615940351,7.664443118,true,none
1785062061.185904503,per_message_full_scan,720,720,6.274458647,6.274458612,0.890277778,0.890277778,1,0.133969977,7.617478324,7.729265125,true,none
1785062062.181837082,per_message_full_scan,720,720,6.274458647,6.274458612,0.897222222,0.897222222,1,0.134041891,7.672598249,8.144892355,true,none
1785062063.181844711,per_message_full_scan,720,720,6.274458647,6.274458612,0.890277778,0.890277778,1,0.132271692,7.666743510,7.812519511,true,none
1785062064.182661533,per_message_full_scan,720,720,6.274458647,6.274458612,0.897222222,0.897222222,1,0.133258820,7.671149902,7.959913754,true,none
1785062065.181838036,per_message_full_scan,720,720,6.274458647,6.274458612,0.893055556,0.893055556,1,0.121749818,7.718290480,7.660749485,true,none
1785062066.181840658,per_message_full_scan,720,720,6.274458647,6.274458612,0.881944444,0.881944444,1,0.121601738,7.724631587,7.910286070,true,none
1785062067.204341412,per_message_full_scan,720,720,6.274458647,6.274458612,0.891666667,0.891666667,1,0.121425681,7.723685875,7.591705935,true,none
1785062068.181834936,per_message_full_scan,720,720,6.274458647,6.274458612,0.886111111,0.886111111,1,0.134073064,7.591132355,7.690066797,true,none
1785062069.181862116,per_message_full_scan,720,720,6.274458647,6.274458612,0.886111111,0.886111111,1,0.121789098,7.765560986,7.913776857,true,none
1785062070.196082115,per_message_full_scan,720,720,6.274458647,6.274458612,0.883333333,0.883333333,1,0.120808631,7.761890276,7.701348117,true,none
1785062071.181928635,per_message_full_scan,720,720,6.274458647,6.274458612,0.886111111,0.886111111,1,0.134083226,7.660000384,7.664386645,true,none
1785062072.181963682,per_message_full_scan,720,720,6.274458647,6.274458612,0.890277778,0.890277778,1,0.132481530,7.659831849,7.745265699,true,none
1785062073.186671019,per_message_full_scan,720,720,6.274458647,6.274458612,0.890277778,0.890277778,1,0.134166852,7.615847318,7.762044141,true,none
1785062074.181844711,per_message_full_scan,720,720,6.274458647,6.274458612,0.876388889,0.876388889,1,0.134259507,7.684014803,7.669491875,true,none
1785062075.181836367,per_message_full_scan,720,720,6.274458647,6.274458612,0.893055556,0.893055556,1,0.132793173,7.666015943,7.642632462,true,none
1785062076.213873625,per_message_full_scan,720,720,6.274458647,6.274458612,0.880555556,0.880555556,1,0.134167910,7.664853341,7.632191540,true,none
1785062077.181859016,per_message_full_scan,720,720,6.274458647,6.274458612,0.881944444,0.881944444,1,0.121896319,7.721868152,7.658072524,true,none
1785062078.181849957,per_message_full_scan,720,720,6.274458647,6.274458612,0.883333333,0.883333333,1,0.121743515,7.731955320,8.237278811,true,none
1785062079.181850433,per_message_full_scan,720,720,6.274458647,6.274458612,0.891666667,0.891666667,1,0.121492997,7.732780688,8.100390932,true,none
1785062080.181852341,per_message_full_scan,720,720,6.274458647,6.274458612,0.888888889,0.888888889,1,0.133405358,7.616915470,7.727672233,true,none
1785062081.181847811,per_message_full_scan,720,720,6.274458647,6.274458612,0.884722222,0.884722222,1,0.133996949,7.627133658,7.623261606,true,none
1785062082.217939615,per_message_full_scan,720,720,6.274458647,6.274458612,0.891666667,0.891666667,1,0.133032203,7.636737338,7.707762036,true,none
1785062083.181853771,per_message_full_scan,720,720,6.274458647,6.274458612,0.879166667,0.879166667,1,0.134056389,7.683224194,7.808019065,true,none
1785062084.181850433,per_message_full_scan,720,720,6.274458647,6.274458612,0.877777778,0.877777778,1,0.133983523,7.689302703,7.923785035,true,none
1785062085.206502199,per_message_full_scan,720,720,6.274458647,6.274458612,0.870833333,0.870833333,1,0.133225009,7.662342761,7.645498888,true,none
1785062086.181830883,per_message_full_scan,720,720,6.274458647,6.274458612,0.893055556,0.893055556,1,0.121862344,7.731782944,7.704437238,true,none
1785062087.181842327,per_message_full_scan,720,720,6.274458647,6.274458612,0.888888889,0.888888889,1,0.121796876,7.733098955,7.999095375,true,none
1785062088.203407288,per_message_full_scan,720,720,6.274458647,6.274458612,0.888888889,0.888888889,1,0.121862024,7.749241879,7.570420396,true,none
1785062089.181849718,per_message_full_scan,720,720,6.274458647,6.274458612,0.886111111,0.886111111,1,0.135872170,7.641067596,8.020677807,true,none
1785062090.181862593,per_message_full_scan,720,720,6.274458647,6.274458612,0.891666667,0.891666667,1,0.134121239,7.680682495,7.625532873,true,none
1785062091.190847635,per_message_full_scan,720,720,6.274458647,6.274458612,0.887500000,0.887500000,1,0.121661536,7.713742390,8.043710899,true,none
1785062092.181846857,per_message_full_scan,720,720,6.274458647,6.274458612,0.884722222,0.884722222,1,0.134110093,7.648379446,7.603889297,true,none
1785062093.181880474,per_message_full_scan,720,720,6.274458647,6.274458612,0.886111111,0.886111111,1,0.134148821,7.654695672,7.978045879,true,none
1785062094.214419603,per_message_full_scan,720,720,6.274458647,6.274458612,0.887500000,0.887500000,1,0.121831082,7.674872043,7.581485499,true,none
1785062095.181868076,per_message_full_scan,720,720,6.274458647,6.274458612,0.872222222,0.872222222,1,0.133889034,7.647944667,7.574190396,true,none
1785062096.181846619,per_message_full_scan,720,720,6.274458647,6.274458612,0.879166667,0.879166667,1,0.121719576,7.708793513,7.651934196,true,none
1785062097.182480812,per_message_full_scan,720,720,6.274458647,6.274458612,0.865277778,0.865277778,1,0.132632971,7.648093335,7.522136816,true,none
1785062098.181860685,per_message_full_scan,720,720,6.274458647,6.274458612,0.859722222,0.859722222,1,0.131434545,7.660033175,7.675202953,true,none
1785062099.181844950,per_message_full_scan,720,720,6.274458647,6.274458612,0.872222222,0.872222222,1,0.121336229,7.711694774,8.048081164,true,none
1785062100.181862354,per_message_full_scan,720,720,6.274458647,6.274458612,0.865277778,0.865277778,1,0.134095818,7.649697376,8.051582875,true,none
1785062101.181916237,per_message_full_scan,720,720,6.274458647,6.274458612,0.872222222,0.872222222,1,0.121788152,7.709767695,7.605063092,true,none
1785062102.194249392,per_message_full_scan,720,720,6.274458647,6.274458612,0.868055556,0.868055556,1,0.121767610,7.711365675,7.619489934,true,none
1785062103.181842089,per_message_full_scan,720,720,6.274458647,6.274458612,0.869444444,0.869444444,1,0.135086238,7.617212909,7.615614227,true,none
1785062104.181915283,per_message_full_scan,720,720,6.274458647,6.274458612,0.879166667,0.879166667,1,0.121479183,7.716250960,7.823249272,true,none
1785062105.181877851,per_message_full_scan,720,720,6.274458647,6.274458612,0.870833333,0.870833333,1,0.134019211,7.645903307,7.636059002,true,none
1785062106.181870699,per_message_full_scan,720,720,6.274458647,6.274458612,0.869444444,0.869444444,1,0.121729143,7.707054225,8.073914843,true,none
1785062107.181847811,per_message_full_scan,720,720,6.274458647,6.274458612,0.876388889,0.876388889,1,0.133972585,7.598960983,7.698060760,true,none
1785062108.181842804,per_message_full_scan,720,720,6.274458647,6.274458612,0.869444444,0.869444444,1,0.119084254,7.705751845,8.193878454,true,none
1785062109.181912899,per_message_full_scan,720,720,6.274458647,6.274458612,0.877777778,0.877777778,1,0.132675260,7.605591676,7.602552422,true,none
1785062110.181885004,per_message_full_scan,720,720,6.274458647,6.274458612,0.873611111,0.873611111,1,0.120753460,7.680648232,8.004133852,true,none
1785062111.181877613,per_message_full_scan,720,720,6.274458647,6.274458612,0.872222222,0.872222222,1,0.133217320,7.628157038,7.918241480,true,none
1785062112.181849003,per_message_full_scan,720,720,6.274458647,6.274458612,0.872222222,0.872222222,1,0.133280411,7.661603704,7.668587514,true,none
1785062113.188208818,per_message_full_scan,720,720,6.274458647,6.274458612,0.880555556,0.880555556,1,0.121338733,7.717408803,7.858921928,true,none
1785062114.181837797,per_message_full_scan,720,720,6.274458647,6.274458612,0.886111111,0.886111111,1,0.134064034,7.654888409,7.605018248,true,none
1785062115.181857586,per_message_full_scan,720,720,6.274458647,6.274458612,0.894444444,0.894444444,1,0.121882521,7.715510705,8.061944695,true,none
1785062116.181881666,per_message_full_scan,720,720,6.274458647,6.274458612,0.883333333,0.883333333,1,0.134053171,7.650259343,7.617261540,true,none
1785062117.181823015,per_message_full_scan,720,720,6.274458647,6.274458612,0.884722222,0.884722222,1,0.134009853,7.680850397,7.877961916,true,none
1785062118.181855917,per_message_full_scan,720,720,6.274458647,6.274458612,0.891666667,0.891666667,1,0.133974910,7.598827738,7.624892036,true,none
1785062119.181840420,per_message_full_scan,720,720,6.274458647,6.274458612,0.887500000,0.887500000,1,0.122011475,7.704154261,8.031726235,true,none
1785062120.181852341,per_message_full_scan,720,720,6.274458647,6.274458612,0.894444444,0.894444444,1,0.133520737,7.602683763,7.832038002,true,none
1785062121.205486059,per_message_full_scan,720,720,6.274458647,6.274458612,0.895833333,0.895833333,1,0.134857863,7.631297906,7.559437508,true,none
1785062122.181836605,per_message_full_scan,720,720,6.274458647,6.274458612,0.894444444,0.894444444,1,0.135719031,7.581296362,7.974796536,true,none
1785062123.181841373,per_message_full_scan,720,720,6.274458647,6.274458612,0.895833333,0.895833333,1,0.131921872,7.651180345,7.629598727,true,none
1785062124.193289995,per_message_full_scan,720,720,6.274458647,6.274458612,0.887500000,0.887500000,1,0.121898554,7.703246415,8.061081658,true,none
1785062125.181937933,per_message_full_scan,720,720,6.274458647,6.274458612,0.890277778,0.890277778,1,0.134011164,7.649065152,7.639023765,true,none
1785062126.182612658,per_message_full_scan,720,720,6.274458647,6.274458612,0.901388889,0.901388889,1,0.121750571,7.714103227,8.026735611,true,none
1785062127.213905096,per_message_full_scan,720,720,6.274458647,6.274458612,0.913888889,0.913888889,1,0.123215757,7.720701342,7.690873783,true,none
1785062128.182307243,per_message_full_scan,720,720,6.274458647,6.274458612,0.912500000,0.912500000,1,0.133894444,7.655888017,8.021065278,true,none
1785062129.183544397,per_message_full_scan,720,720,6.274458647,6.274458612,0.926388889,0.926388889,1,0.120956890,7.721273947,7.639963259,true,none
1785062130.181851864,per_message_full_scan,720,720,6.274458647,6.274458612,0.890277778,0.890277778,1,0.133059248,7.629498681,7.629767876,true,none
1785062131.181851864,per_message_full_scan,720,720,6.274458647,6.274458612,0.887500000,0.887500000,1,0.132236511,7.650430436,7.699298186,true,none
1785062132.181854010,per_message_full_scan,720,720,6.274458647,6.274458612,0.888888889,0.888888889,1,0.119613774,7.723994182,8.100589259,true,none
1785062133.181843996,per_message_full_scan,720,720,6.274458647,6.274458612,0.895833333,0.895833333,1,0.134325117,7.627697483,7.677253855,true,none
1785062134.181836605,per_message_full_scan,720,720,6.274458647,6.274458612,0.902777778,0.902777778,1,0.133886814,7.660084909,7.637544324,true,none
1785062135.196618795,per_message_full_scan,720,720,6.274458647,6.274458612,0.908333333,0.908333333,1,0.122029327,7.701418563,7.624770334,true,none
1785062136.181863308,per_message_full_scan,720,720,6.274458647,6.274458612,0.890277778,0.890277778,1,0.134092942,7.622001558,7.522089569,true,none
1785062137.181880236,per_message_full_scan,720,720,6.274458647,6.274458612,0.893055556,0.893055556,1,0.134315968,7.624387872,7.683368477,true,none
1785062138.224649906,per_message_full_scan,720,720,6.274458647,6.274458612,0.897222222,0.897222222,1,0.121856451,7.710496453,7.520890399,true,none
1785062139.181932449,per_message_full_scan,720,720,6.274458647,6.274458612,0.873611111,0.873611111,1,0.134107500,7.651076410,7.789817927,true,none
1785062140.181838274,per_message_full_scan,720,720,6.274458647,6.274458612,0.891666667,0.891666667,1,0.133827046,7.682565552,8.010754617,true,none
1785062141.215342760,per_message_full_scan,720,720,6.274458647,6.274458612,0.901388889,0.901388889,1,0.134512261,7.677447159,7.722210917,true,none
1785062142.181842804,per_message_full_scan,720,720,6.274458647,6.274458612,0.891666667,0.891666667,1,0.131668091,7.596951198,7.596941626,true,none
1785062143.181838989,per_message_full_scan,720,720,6.274458647,6.274458612,0.902777778,0.902777778,1,0.133826867,7.614910837,7.758145824,true,none
1785062144.181841612,per_message_full_scan,720,720,6.274458647,6.274458612,0.900000000,0.900000000,1,0.134208396,7.668056080,7.756315966,true,none
1785062145.181867361,per_message_full_scan,720,720,6.274458647,6.274458612,0.893055556,0.893055556,1,0.134226814,7.664552623,7.645994871,true,none
1785062146.181840897,per_message_full_scan,720,720,6.274458647,6.274458612,0.890277778,0.890277778,1,0.134306595,7.663785359,8.123676683,true,none
1785062147.181827545,per_message_full_scan,720,720,6.274458647,6.274458612,0.906944444,0.906944444,1,0.119766071,7.734280233,7.166541811,true,none
1785062148.181863308,per_message_full_scan,720,720,6.274458647,6.274458612,0.890277778,0.890277778,1,0.121717647,7.758758072,7.520267997,true,none
1785062149.184846878,per_message_full_scan,720,720,6.274458647,6.274458612,0.898611111,0.898611111,1,0.134090334,7.609658034,7.559243843,true,none
1785062150.181952953,per_message_full_scan,720,720,6.274458647,6.274458612,0.900000000,0.900000000,1,0.134218231,7.662261909,7.739932318,true,none
1785062151.181837797,per_message_full_scan,720,720,6.274458647,6.274458612,0.897222222,0.897222222,1,0.133204073,7.682128636,7.549563660,true,none
1785062152.183582067,per_message_full_scan,720,720,6.274458647,6.274458612,0.891666667,0.891666667,1,0.133950263,7.662383686,7.701237548,true,none
1785062153.181834936,per_message_full_scan,720,720,6.274458647,6.274458612,0.898611111,0.898611111,1,0.134113193,7.608203632,7.529319512,true,none
1785062154.181855679,per_message_full_scan,720,720,6.274458647,6.274458612,0.886111111,0.886111111,1,0.132119343,7.623598459,7.691884962,true,none
1785062155.202606678,per_message_full_scan,720,720,6.274458647,6.274458612,0.901388889,0.901388889,1,0.133482367,7.625960001,7.540554781,true,none
1785062156.181838751,per_message_full_scan,720,720,6.274458647,6.274458612,0.888888889,0.888888889,1,0.121937282,7.712061394,7.674749402,true,none
1785062157.181849003,per_message_full_scan,720,720,6.274458647,6.274458612,0.893055556,0.893055556,1,0.121739939,7.715710418,8.076732828,true,none
1785062158.197962523,per_message_full_scan,720,720,6.274458647,6.274458612,0.898611111,0.898611111,1,0.121713534,7.732405894,7.592906804,true,none
1785062159.182620049,per_message_full_scan,720,720,6.274458647,6.274458612,0.897222222,0.897222222,1,0.133457854,7.633753905,7.939330377,true,none
1785062160.181860209,per_message_full_scan,720,720,6.274458647,6.274458612,0.898611111,0.898611111,1,0.132858828,7.659646551,7.601525035,true,none
1785062161.186679363,per_message_full_scan,720,720,6.274458647,6.274458612,0.894444444,0.894444444,1,0.132497221,7.661668661,7.935131614,true,none
1785062162.181826591,per_message_full_scan,720,720,6.274458647,6.274458612,0.904166667,0.904166667,1,0.121870451,7.735974106,8.099872797,true,none
1785062163.181872129,per_message_full_scan,720,720,6.274458647,6.274458612,0.898611111,0.898611111,1,0.121833503,7.735498203,7.736006964,true,none
1785062164.181853771,per_message_full_scan,720,720,6.274458647,6.274458612,0.897222222,0.897222222,1,0.121678390,7.727682674,8.064212803,true,none
1785062165.181894064,per_message_full_scan,720,720,6.274458647,6.274458612,0.900000000,0.900000000,1,0.134248972,7.608111423,7.773694601,true,none
1785062166.181844711,per_message_full_scan,720,720,6.274458647,6.274458612,0.893055556,0.893055556,1,0.121754386,7.771485011,8.059906561,true,none
1785062167.203814745,per_message_full_scan,720,720,6.274458647,6.274458612,0.887500000,0.887500000,1,0.134221524,7.606325700,7.585959031,true,none
1785062168.181845665,per_message_full_scan,720,720,6.274458647,6.274458612,0.900000000,0.900000000,1,0.133879334,7.646489762,7.879944299,true,none
1785062169.181857586,per_message_full_scan,720,720,6.274458647,6.274458612,0.894444444,0.894444444,1,0.134300962,7.644645803,7.632622777,true,none
1785062170.189847946,per_message_full_scan,720,720,6.274458647,6.274458612,0.888888889,0.888888889,1,0.134221718,7.661742032,7.746233368,true,none
1785062171.181850910,per_message_full_scan,720,720,6.274458647,6.274458612,0.900000000,0.900000000,1,0.121848583,7.750389656,8.052618163,true,none
1785062172.181875706,per_message_full_scan,720,720,6.274458647,6.274458612,0.893055556,0.893055556,1,0.121891133,7.744862984,7.705772353,true,none
1785062173.186394930,per_message_full_scan,720,720,6.274458647,6.274458612,0.894444444,0.894444444,1,0.121547185,7.749275470,7.909587207,true,none
1785062174.181844234,per_message_full_scan,720,720,6.274458647,6.274458612,0.893055556,0.893055556,1,0.134055436,7.652959249,7.578169221,true,none
1785062175.181834936,per_message_full_scan,720,720,6.274458647,6.274458612,0.902777778,0.902777778,1,0.137045741,7.643108020,8.010341131,true,none
1785062176.205791235,per_message_full_scan,720,720,6.274458647,6.274458612,0.888888889,0.888888889,1,0.134135425,7.683106338,7.638928901,true,none
1785062177.181845188,per_message_full_scan,720,720,6.274458647,6.274458612,0.887500000,0.887500000,1,0.121809736,7.747450120,7.925886424,true,none
1785062178.181837797,per_message_full_scan,720,720,6.274458647,6.274458612,0.898611111,0.898611111,1,0.121429227,7.757127743,7.601938720,true,none
1785062179.202877045,per_message_full_scan,720,720,6.274458647,6.274458612,0.895833333,0.895833333,1,0.121859729,7.756125764,7.686317707,true,none
1785062180.181909561,per_message_full_scan,720,720,6.274458647,6.274458612,0.902777778,0.902777778,1,0.134680241,7.643702810,7.639246318,true,none
1785062181.181852102,per_message_full_scan,720,720,6.274458647,6.274458612,0.887500000,0.887500000,1,0.134199634,7.676750429,7.936465920,true,none
1785062182.229161978,per_message_full_scan,720,720,6.274458647,6.274458612,0.897222222,0.897222222,1,0.135751858,7.640424634,7.657374578,true,none
1785062183.181876898,per_message_full_scan,720,720,6.274458647,6.274458612,0.902777778,0.902777778,1,0.121678792,7.735923594,7.742559366,true,none
1785062184.181879759,per_message_full_scan,720,720,6.274458647,6.274458612,0.902777778,0.902777778,1,0.121763036,7.735978612,7.940132154,true,none
1785062185.223230124,per_message_full_scan,720,720,6.274458647,6.274458612,0.897222222,0.897222222,1,0.121869199,7.716755239,7.659139433,true,none
1785062186.181848764,per_message_full_scan,720,720,6.274458647,6.274458612,0.897222222,0.897222222,1,0.133698672,7.630066979,7.518709947,true,none
1785062187.181848288,per_message_full_scan,720,720,6.274458647,6.274458612,0.890277778,0.890277778,1,0.133008197,7.653183886,7.706898811,true,none
1785062188.181931257,per_message_full_scan,720,720,6.274458647,6.274458612,0.893055556,0.893055556,1,0.120389543,7.730338029,8.143739056,true,none
1785062189.181834936,per_message_full_scan,720,720,6.274458647,6.274458612,0.891666667,0.891666667,1,0.121831194,7.733703317,8.062340690,true,none
1785062190.181906223,per_message_full_scan,720,720,6.274458647,6.274458612,0.888888889,0.888888889,1,0.121998303,7.730116429,7.804017712,true,none
1785062191.181854963,per_message_full_scan,720,720,6.274458647,6.274458612,0.898611111,0.898611111,1,0.133990422,7.609818113,7.659460761,true,none
1785062192.181867361,per_message_full_scan,720,720,6.274458647,6.274458612,0.884722222,0.884722222,1,0.121413313,7.738247369,7.705539543,true,none
1785062193.181841612,per_message_full_scan,720,720,6.274458647,6.274458612,0.891666667,0.891666667,1,0.121228516,7.765968238,8.374853570,true,none
1785062194.192921877,per_message_full_scan,720,720,6.274458647,6.274458612,0.879166667,0.879166667,1,0.121769235,7.711900116,8.108334646,true,none
1785062195.181855440,per_message_full_scan,720,720,6.274458647,6.274458612,0.888888889,0.888888889,1,0.134157240,7.655947694,7.752430958,true,none
1785062196.186719179,per_message_full_scan,720,720,6.274458647,6.274458612,0.898611111,0.898611111,1,0.135213077,7.570902334,7.541486393,true,none
1785062197.181901455,per_message_full_scan,720,720,6.274458647,6.274458612,0.890277778,0.890277778,1,0.133350760,7.662946619,7.498707577,true,none
1785062198.181828022,per_message_full_scan,720,720,6.274458647,6.274458612,0.897222222,0.897222222,1,0.134146050,7.654574491,7.699863031,true,none
1785062199.181847334,per_message_full_scan,720,720,6.274458647,6.274458612,0.888888889,0.888888889,1,0.134164572,7.664206881,7.762704620,true,none
1785062200.181845188,per_message_full_scan,720,720,6.274458647,6.274458612,0.886111111,0.886111111,1,0.121819891,7.721179697,7.589828574,true,none
1785062201.181848049,per_message_full_scan,720,720,6.274458647,6.274458612,0.898611111,0.898611111,1,0.121259518,7.736825712,7.679293492,true,none
1785062202.181850195,per_message_full_scan,720,720,6.274458647,6.274458612,0.888888889,0.888888889,1,0.120894365,7.739130987,8.134994714,true,none
1785062203.181889534,per_message_full_scan,720,720,6.274458647,6.274458612,0.893055556,0.893055556,1,0.134177372,7.640871415,7.787983463,true,none
1785062204.181869030,per_message_full_scan,720,720,6.274458647,6.274458612,0.898611111,0.898611111,1,0.134157822,7.637239012,7.892004714,true,none
1785062205.192087889,per_message_full_scan,720,720,6.274458647,6.274458612,0.897222222,0.897222222,1,0.134012341,7.628860230,7.572127655,true,none
1785062206.181909323,per_message_full_scan,720,720,6.274458647,6.274458612,0.904166667,0.904166667,1,0.133970335,7.674542934,7.971186338,true,none
1785062207.181980371,per_message_full_scan,720,720,6.274458647,6.274458612,0.895833333,0.895833333,1,0.122182123,7.716964150,7.564226943,true,none
1785062208.181900024,per_message_full_scan,720,720,6.274458647,6.274458612,0.900000000,0.900000000,1,0.121957414,7.721557238,7.926108138,true,none
1785062209.181831598,per_message_full_scan,720,720,6.274458647,6.274458612,0.893055556,0.893055556,1,0.132107183,7.611354869,7.657814349,true,none
1785062210.181841373,per_message_full_scan,720,720,6.274458647,6.274458612,0.884722222,0.884722222,1,0.134096771,7.623139310,7.716762400,true,none
1785062211.210237503,per_message_full_scan,720,720,6.274458647,6.274458612,0.890277778,0.890277778,1,0.134033442,7.616693202,7.583354782,true,none
1785062212.181838751,per_message_full_scan,720,720,6.274458647,6.274458612,0.890277778,0.890277778,1,0.134218201,7.667889863,7.753872109,true,none
1785062213.181924105,per_message_full_scan,720,720,6.274458647,6.274458612,0.887500000,0.887500000,1,0.134080112,7.671826782,8.072052641,true,none
1785062214.194553137,per_message_full_scan,720,720,6.274458647,6.274458612,0.895833333,0.895833333,1,0.134064555,7.664692699,7.689028672,true,none
1785062215.181851387,per_message_full_scan,720,720,6.274458647,6.274458612,0.897222222,0.897222222,1,0.121751979,7.753312483,8.315747336,true,none
1785062216.181857586,per_message_full_scan,720,720,6.274458647,6.274458612,0.898611111,0.898611111,1,0.121767774,7.743776491,8.102217501,true,none
1785062217.191733360,per_message_full_scan,720,720,6.274458647,6.274458612,0.891666667,0.891666667,1,0.121692494,7.771799607,7.954612045,true,none
1785062218.181864262,per_message_full_scan,720,720,6.274458647,6.274458612,0.894444444,0.894444444,1,0.134030193,7.660572910,8.039798537,true,none
1785062219.181885242,per_message_full_scan,720,720,6.274458647,6.274458612,0.898611111,0.898611111,1,0.134200871,7.658728031,7.782910134,true,none
1785062220.182557344,per_message_full_scan,720,720,6.274458647,6.274458612,0.894444444,0.894444444,1,0.134089142,7.660956188,8.082676340,true,none
1785062221.181838751,per_message_full_scan,720,720,6.274458647,6.274458612,0.908333333,0.908333333,1,0.121330760,7.718715198,7.664527547,true,none
1785062222.181830406,per_message_full_scan,720,720,6.274458647,6.274458612,0.895833333,0.895833333,1,0.122010984,7.722646531,8.111696813,true,none
1785062223.209056854,per_message_full_scan,720,720,6.274458647,6.274458612,0.883333333,0.883333333,1,0.122040279,7.707406140,7.600345902,true,none
1785062224.181874275,per_message_full_scan,720,720,6.274458647,6.274458612,0.909722222,0.909722222,1,0.134053126,7.610190322,7.830092739,true,none
1785062225.181824446,per_message_full_scan,720,720,6.274458647,6.274458612,0.895833333,0.895833333,1,0.134188280,7.594133708,7.641920505,true,none
1785062226.195920467,per_message_full_scan,720,720,6.274458647,6.274458612,0.898611111,0.898611111,1,0.133695006,7.619855836,7.716872407,true,none
1785062227.181839705,per_message_full_scan,720,720,6.274458647,6.274458612,0.900000000,0.900000000,1,0.134775549,7.655626683,8.090892130,true,none
1785062228.181848764,per_message_full_scan,720,720,6.274458647,6.274458612,0.879166667,0.879166667,1,0.134159938,7.663783011,7.614842166,true,none
1785062229.184151411,per_message_full_scan,720,720,6.274458647,6.274458612,0.894444444,0.894444444,1,0.134048745,7.669604604,8.020763302,true,none
1785062230.181873322,per_message_full_scan,720,720,6.274458647,6.274458612,0.911111111,0.911111111,1,0.122548915,7.680367901,7.678434214,true,none
1785062231.181868792,per_message_full_scan,720,720,6.274458647,6.274458612,0.905555556,0.905555556,1,0.122221358,7.727459439,7.733039383,true,none
1785062232.210591793,per_message_full_scan,720,720,6.274458647,6.274458612,0.855555556,0.855555556,1,0.121632688,7.755401882,7.603437352,true,none
1785062233.181840181,per_message_full_scan,720,720,6.274458647,6.274458612,0.872222222,0.872222222,1,0.134148404,7.635903920,7.754858973,true,none
1785062234.181851387,per_message_full_scan,720,720,6.274458647,6.274458612,0.884722222,0.884722222,1,0.134543940,7.613305759,7.535092080,true,none
1785062235.199059963,per_message_full_scan,720,720,6.274458647,6.274458612,0.887500000,0.887500000,1,0.134195626,7.620997921,7.708293289,true,none
1785062236.181844234,per_message_full_scan,720,720,6.274458647,6.274458612,0.890277778,0.890277778,1,0.134066656,7.670519775,8.038306033,true,none
1785062237.181849003,per_message_full_scan,720,720,6.274458647,6.274458612,0.894444444,0.894444444,1,0.135041937,7.639648474,7.595205951,true,none
1785062238.195371151,per_message_full_scan,720,720,6.274458647,6.274458612,0.887500000,0.887500000,1,0.134067386,7.676655497,7.791549774,true,none
1785062239.181848049,per_message_full_scan,720,720,6.274458647,6.274458612,0.887500000,0.887500000,1,0.134179786,7.685110755,7.675625271,true,none
1785062240.181852341,per_message_full_scan,720,720,6.274458647,6.274458612,0.887500000,0.887500000,1,0.134041056,7.690274345,7.741544155,true,none
1785062241.183382511,per_message_full_scan,720,720,6.274458647,6.274458612,0.900000000,0.900000000,1,0.133984029,7.667135944,8.052066154,true,none
1785062242.181840420,per_message_full_scan,720,720,6.274458647,6.274458612,0.894444444,0.894444444,1,0.123809807,7.668452155,7.772770783,true,none
1785062243.181847811,per_message_full_scan,720,720,6.274458647,6.274458612,0.894444444,0.894444444,1,0.122109301,7.729644671,8.162826430,true,none
1785062244.210375071,per_message_full_scan,720,720,6.274458647,6.274458612,0.888888889,0.888888889,1,0.121767521,7.731513723,7.628987085,true,none
1785062245.182201624,per_message_full_scan,720,720,6.274458647,6.274458612,0.881944444,0.881944444,1,0.134056315,7.617981148,7.830779496,true,none
1785062246.181836367,per_message_full_scan,720,720,6.274458647,6.274458612,0.900000000,0.900000000,1,0.134768933,7.612338151,7.526938067,true,none
1785062247.198426008,per_message_full_scan,720,720,6.274458647,6.274458612,0.887500000,0.887500000,1,0.134209201,7.636388570,7.818321048,true,none
1785062248.181867361,per_message_full_scan,720,720,6.274458647,6.274458612,0.888888889,0.888888889,1,0.134058699,7.646021069,8.163102537,true,none
1785062249.181843996,per_message_full_scan,720,720,6.274458647,6.274458612,0.887500000,0.887500000,1,0.135510221,7.645257947,7.714282852,true,none
1785062250.195321798,per_message_full_scan,720,720,6.274458647,6.274458612,0.884722222,0.884722222,1,0.134216622,7.674488338,7.954086591,true,none
1785062251.181895494,per_message_full_scan,720,720,6.274458647,6.274458612,0.890277778,0.890277778,1,0.122370996,7.692115232,7.587624347,true,none
1785062252.181894064,per_message_full_scan,720,720,6.274458647,6.274458612,0.886111111,0.886111111,1,0.133642465,7.685110882,7.736216582,true,none
1785062253.192565203,per_message_full_scan,720,720,6.274458647,6.274458612,0.898611111,0.898611111,1,0.133580953,7.689325613,7.896436862,true,none
1785062254.181835890,per_message_full_scan,720,720,6.274458647,6.274458612,0.902777778,0.902777778,1,0.122492954,7.702563323,7.717361587,true,none
1785062255.181840420,per_message_full_scan,720,720,6.274458647,6.274458612,0.895833333,0.895833333,1,0.121746987,7.757334908,7.944439315,true,none
1785062256.209405184,per_message_full_scan,720,720,6.274458647,6.274458612,0.887500000,0.887500000,1,0.121773444,7.758094597,7.593465591,true,none
1785062257.181861162,per_message_full_scan,720,720,6.274458647,6.274458612,0.891666667,0.891666667,1,0.134106323,7.656281592,7.981856805,true,none
1785062258.181846857,per_message_full_scan,720,720,6.274458647,6.274458612,0.888888889,0.888888889,1,0.134614423,7.652496614,7.652519825,true,none
1785062259.198430538,per_message_full_scan,720,720,6.274458647,6.274458612,0.893055556,0.893055556,1,0.132727891,7.659136230,7.797840184,true,none
1785062260.181838512,per_message_full_scan,720,720,6.274458647,6.274458612,0.883333333,0.883333333,1,0.121822327,7.730300250,8.080646041,true,none
1785062261.181855440,per_message_full_scan,720,720,6.274458647,6.274458612,0.891666667,0.891666667,1,0.136223793,7.660668993,7.668075846,true,none
1785062262.194751978,per_message_full_scan,720,720,6.274458647,6.274458612,0.902777778,0.902777778,1,0.134173080,7.688418807,7.952553608,true,none
1785062263.181843042,per_message_full_scan,720,720,6.274458647,6.274458612,0.891666667,0.891666667,1,0.121996105,7.709396342,7.576025314,true,none
1785062264.181871176,per_message_full_scan,720,720,6.274458647,6.274458612,0.894444444,0.894444444,1,0.121039160,7.739257516,7.746126314,true,none
1785062265.182864428,per_message_full_scan,720,720,6.274458647,6.274458612,0.888888889,0.888888889,1,0.121310338,7.731285340,8.185640186,true,none
1785062266.181848049,per_message_full_scan,720,720,6.274458647,6.274458612,0.895833333,0.895833333,1,0.134115204,7.616602654,7.689882317,true,none
1785062267.181845665,per_message_full_scan,720,720,6.274458647,6.274458612,0.886111111,0.886111111,1,0.134175271,7.614601569,7.593461006,true,none
1785062268.210118771,per_message_full_scan,720,720,6.274458647,6.274458612,0.891666667,0.891666667,1,0.121611282,7.763516526,7.611614072,true,none
1785062269.181842089,per_message_full_scan,720,720,6.274458647,6.274458612,0.890277778,0.890277778,1,0.134172142,7.639341120,7.984787227,true,none
1785062270.181849241,per_message_full_scan,720,720,6.274458647,6.274458612,0.894444444,0.894444444,1,0.134162098,7.633147959,7.670761823,true,none
1785062271.197702169,per_message_full_scan,720,720,6.274458647,6.274458612,0.887500000,0.887500000,1,0.134183347,7.635701382,7.707888169,true,none
1785062272.181884050,per_message_full_scan,720,720,6.274458647,6.274458612,0.895833333,0.895833333,1,0.134224653,7.689041297,7.968057235,true,none
1785062273.181845427,per_message_full_scan,720,720,6.274458647,6.274458612,0.894444444,0.894444444,1,0.136885911,7.645196409,7.723282646,true,none
1785062274.194485426,per_message_full_scan,720,720,6.274458647,6.274458612,0.888888889,0.888888889,1,0.134001434,7.686381845,7.840806214,true,none
1785062275.181859493,per_message_full_scan,720,720,6.274458647,6.274458612,0.897222222,0.897222222,1,0.121963792,7.727120475,7.556639840,true,none
1785062276.181838512,per_message_full_scan,720,720,6.274458647,6.274458612,0.897222222,0.897222222,1,0.121066377,7.759139775,7.925877445,true,none
1785062277.222488165,per_message_full_scan,720,720,6.274458647,6.274458612,0.893055556,0.893055556,1,0.121797100,7.733195409,7.509527236,true,none
1785062278.181871653,per_message_full_scan,720,720,6.274458647,6.274458612,0.890277778,0.890277778,1,0.134344131,7.611165257,7.699514204,true,none
1785062279.181855202,per_message_full_scan,720,720,6.274458647,6.274458612,0.893055556,0.893055556,1,0.133429319,7.612162652,7.595893838,true,none
1785062280.209066391,per_message_full_scan,720,720,6.274458647,6.274458612,0.897222222,0.897222222,1,0.121540710,7.754877530,7.627082933,true,none
1785062281.181842804,per_message_full_scan,720,720,6.274458647,6.274458612,0.888888889,0.888888889,1,0.134088352,7.660771287,8.048169916,true,none
1785062282.181917429,per_message_full_scan,720,720,6.274458647,6.274458612,0.898611111,0.898611111,1,0.134304672,7.626012493,7.635659342,true,none
1785062283.197460651,per_message_full_scan,720,720,6.274458647,6.274458612,0.895833333,0.895833333,1,0.134249359,7.667841293,7.790044605,true,none
1785062284.181868315,per_message_full_scan,720,720,6.274458647,6.274458612,0.894444444,0.894444444,1,0.121784203,7.722437664,7.605080341,true,none
1785062285.181855202,per_message_full_scan,720,720,6.274458647,6.274458612,0.883333333,0.883333333,1,0.121378019,7.672312575,7.685933286,true,none
1785062286.184453487,per_message_full_scan,720,720,6.274458647,6.274458612,0.894444444,0.894444444,1,0.134030804,7.691476443,7.993712632,true,none
1785062287.181843758,per_message_full_scan,720,720,6.274458647,6.274458612,0.900000000,0.900000000,1,0.123072974,7.696211719,7.641535144,true,none
1785062288.181828499,per_message_full_scan,720,720,6.274458647,6.274458612,0.881944444,0.881944444,1,0.121527053,7.706911529,7.804383003,true,none
1785062289.212456703,per_message_full_scan,720,720,6.274458647,6.274458612,0.888888889,0.888888889,1,0.122026972,7.711451498,7.585831466,true,none
1785062290.181854010,per_message_full_scan,720,720,6.274458647,6.274458612,0.897222222,0.897222222,1,0.121820509,7.699103326,7.887635741,true,none
1785062291.181855202,per_message_full_scan,720,720,6.274458647,6.274458612,0.887500000,0.887500000,1,0.121843584,7.750789728,8.096839960,true,none
1785062292.198667765,per_message_full_scan,720,720,6.274458647,6.274458612,0.898611111,0.898611111,1,0.121247172,7.730513196,7.711533616,true,none
1785062293.181866407,per_message_full_scan,720,720,6.274458647,6.274458612,0.901388889,0.901388889,1,0.133144602,7.610254402,7.917938908,true,none
1785062294.181892633,per_message_full_scan,720,720,6.274458647,6.274458612,0.897222222,0.897222222,1,0.121513948,7.762103348,8.208426679,true,none
1785062295.195117235,per_message_full_scan,720,720,6.274458647,6.274458612,0.895833333,0.895833333,1,0.121977210,7.751497592,7.696245973,true,none
1785062296.181840420,per_message_full_scan,720,720,6.274458647,6.274458612,0.897222222,0.897222222,1,0.134210244,7.658019093,7.664089684,true,none
1785062297.181854725,per_message_full_scan,720,720,6.274458647,6.274458612,0.895833333,0.895833333,1,0.133634895,7.663612399,7.604382703,true,none
1785062298.185815811,per_message_full_scan,720,720,6.274458647,6.274458612,0.895833333,0.895833333,1,0.133497447,7.663735316,8.083782067,true,none
1785062299.181866646,per_message_full_scan,720,720,6.274458647,6.274458612,0.891666667,0.891666667,1,0.135488689,7.651840526,7.622015046,true,none
1785062300.181834698,per_message_full_scan,720,720,6.274458647,6.274458612,0.902777778,0.902777778,1,0.134140655,7.688936611,7.805481710,true,none
1785062301.183561325,per_message_full_scan,720,720,6.274458647,6.274458612,0.890277778,0.890277778,1,0.134131610,7.679488525,7.981172591,true,none
1785062302.181843996,per_message_full_scan,720,720,6.274458647,6.274458612,0.900000000,0.900000000,1,0.121690571,7.706359338,7.690591260,true,none
1785062303.181827545,per_message_full_scan,720,720,6.274458647,6.274458612,0.891666667,0.891666667,1,0.121837385,7.736055614,8.051873553,true,none
1785062304.198416233,per_message_full_scan,720,720,6.274458647,6.274458612,0.894444444,0.894444444,1,0.121480636,7.719678478,7.672250878,true,none
1785062305.181847095,per_message_full_scan,720,720,6.274458647,6.274458612,0.898611111,0.898611111,1,0.121835805,7.763951606,8.018809579,true,none
1785062306.181853533,per_message_full_scan,720,720,6.274458647,6.274458612,0.897222222,0.897222222,1,0.121667288,7.752460883,7.650092784,true,none
1785062307.194984913,per_message_full_scan,720,720,6.274458647,6.274458612,0.876388889,0.876388889,1,0.121775024,7.725316112,7.702598823,true,none
1785062308.181869030,per_message_full_scan,720,720,6.274458647,6.274458612,0.895833333,0.895833333,1,0.135411218,7.613306255,7.556071969,true,none
1785062309.181853533,per_message_full_scan,720,720,6.274458647,6.274458612,0.898611111,0.898611111,1,0.132576585,7.576599296,7.670240403,true,none
1785062310.213827610,per_message_full_scan,720,720,6.274458647,6.274458612,0.902777778,0.902777778,1,0.134047568,7.624225543,7.547590170,true,none
1785062311.181856155,per_message_full_scan,720,720,6.274458647,6.274458612,0.901388889,0.901388889,1,0.134513840,7.641958323,7.680934750,true,none
1785062312.181901455,per_message_full_scan,720,720,6.274458647,6.274458612,0.891666667,0.891666667,1,0.134373918,7.658470082,7.779851504,true,none
1785062313.213598728,per_message_full_scan,720,720,6.274458647,6.274458612,0.884722222,0.884722222,1,0.134090632,7.665206407,7.555140749,true,none
1785062314.181841612,per_message_full_scan,720,720,6.274458647,6.274458612,0.888888889,0.888888889,1,0.121772483,7.724688933,7.685625208,true,none
1785062315.181843519,per_message_full_scan,720,720,6.274458647,6.274458612,0.887500000,0.887500000,1,0.120892756,7.731284734,8.081087057,true,none
1785062316.197678089,per_message_full_scan,720,720,6.274458647,6.274458612,0.891666667,0.891666667,1,0.134303719,7.684956492,7.688779415,true,none
1785062317.181847811,per_message_full_scan,720,720,6.274458647,6.274458612,0.897222222,0.897222222,1,0.121690422,7.757723884,7.939487820,true,none
1785062318.181850433,per_message_full_scan,720,720,6.274458647,6.274458612,0.888888889,0.888888889,1,0.122005403,7.732287080,8.058584098,true,none
1785062319.194795609,per_message_full_scan,720,720,6.274458647,6.274458612,0.901388889,0.901388889,1,0.121918730,7.721064613,7.695120294,true,none
1785062320.181857109,per_message_full_scan,720,720,6.274458647,6.274458612,0.888888889,0.888888889,1,0.134349585,7.603701377,7.599939798,true,none
1785062321.181869268,per_message_full_scan,720,720,6.274458647,6.274458612,0.897222222,0.897222222,1,0.120768234,7.754054101,7.609422520,true,none
1785062322.183845282,per_message_full_scan,720,720,6.274458647,6.274458612,0.895833333,0.895833333,1,0.121888436,7.734473270,7.866892514,true,none
1785062323.181843281,per_message_full_scan,720,720,6.274458647,6.274458612,0.884722222,0.884722222,1,0.135010630,7.590277743,7.617029267,true,none
1785062324.181868792,per_message_full_scan,720,720,6.274458647,6.274458612,0.891666667,0.891666667,1,0.134232312,7.620671054,7.701981714,true,none
1785062325.210819006,per_message_full_scan,720,720,6.274458647,6.274458612,0.883333333,0.883333333,1,0.133912191,7.623533079,7.534772282,true,none
1785062326.181833982,per_message_full_scan,720,720,6.274458647,6.274458612,0.897222222,0.897222222,1,0.134112969,7.668531905,7.655180450,true,none
1785062327.181863308,per_message_full_scan,720,720,6.274458647,6.274458612,0.887500000,0.887500000,1,0.134283513,7.660356836,8.082811265,true,none
1785062328.197072744,per_message_full_scan,720,720,6.274458647,6.274458612,0.884722222,0.884722222,1,0.133500367,7.640482229,7.649931870,true,none
1785062329.181854486,per_message_full_scan,720,720,6.274458647,6.274458612,0.887500000,0.887500000,1,0.134274170,7.674486805,7.746317591,true,none
1785062330.181866169,per_message_full_scan,720,720,6.274458647,6.274458612,0.884722222,0.884722222,1,0.132573143,7.669312180,7.988831551,true,none
1785062331.194063663,per_message_full_scan,720,720,6.274458647,6.274458612,0.879166667,0.879166667,1,0.134224698,7.649884747,7.717952368,true,none
1785062332.181923389,per_message_full_scan,720,720,6.274458647,6.274458612,0.887500000,0.887500000,1,0.133960932,7.683832352,7.928772086,true,none
1785062333.181859255,per_message_full_scan,720,720,6.274458647,6.274458612,0.873611111,0.873611111,1,0.132260591,7.664020786,7.653430410,true,none
1785062334.191351414,per_message_full_scan,720,720,6.274458647,6.274458612,0.872222222,0.872222222,1,0.133824930,7.651326104,7.676904255,true,none
1785062335.181838989,per_message_full_scan,720,720,6.274458647,6.274458612,0.886111111,0.886111111,1,0.134006917,7.694667259,7.972851388,true,none
1785062336.182019949,per_message_full_scan,720,720,6.274458647,6.274458612,0.893055556,0.893055556,1,0.134085163,7.819275855,7.660719164,true,none
1785062337.182125092,per_message_full_scan,720,720,6.274458647,6.274458612,0.893055556,0.893055556,1,0.134209752,7.690938993,7.916852981,true,none
1785062338.181843519,per_message_full_scan,720,720,6.274458647,6.274458612,0.887500000,0.887500000,1,0.131423786,7.679103134,7.577820729,true,none
1785062339.181857586,per_message_full_scan,720,720,6.274458647,6.274458612,0.890277778,0.890277778,1,0.133662015,7.673476693,7.645478096,true,none
1785062340.204946756,per_message_full_scan,720,720,6.274458647,6.274458612,0.891666667,0.891666667,1,0.133998886,7.668106335,7.595480701,true,none
1785062341.181838512,per_message_full_scan,720,720,6.274458647,6.274458612,0.883333333,0.883333333,1,0.122002840,7.712375800,7.743957897,true,none
1785062342.181934834,per_message_full_scan,720,720,6.274458647,6.274458612,0.879166667,0.879166667,1,0.133962333,7.692891861,7.789666144,true,none
1785062343.192064047,per_message_full_scan,720,720,6.274458647,6.274458612,0.881944444,0.881944444,1,0.134114638,7.663418518,7.602964275,true,none
1785062344.181891680,per_message_full_scan,720,720,6.274458647,6.274458612,0.891666667,0.891666667,1,0.121597782,7.737812287,7.673491859,true,none
1785062345.181847811,per_message_full_scan,720,720,6.274458647,6.274458612,0.881944444,0.881944444,1,0.134060219,7.694986168,8.011271214,true,none
1785062346.181850195,per_message_full_scan,720,720,6.274458647,6.274458612,0.884722222,0.884722222,1,0.133924857,7.670566891,7.714165332,true,none
1785062347.181849957,per_message_full_scan,720,720,6.274458647,6.274458612,0.887500000,0.887500000,1,0.134316593,7.693006357,8.006633192,true,none
1785062348.181839466,per_message_full_scan,720,720,6.274458647,6.274458612,0.884722222,0.884722222,1,0.132363260,7.687816504,7.682979957,true,none
1785062349.181841135,per_message_full_scan,720,720,6.274458647,6.274458612,0.890277778,0.890277778,1,0.134018362,7.681499898,7.642224038,true,none
1785062350.181841135,per_message_full_scan,720,720,6.274458647,6.274458612,0.884722222,0.884722222,1,0.121116810,7.740930477,8.035494421,true,none
1785062351.181833506,per_message_full_scan,720,720,6.274458647,6.274458612,0.895833333,0.895833333,1,0.121583566,7.726509118,7.569587371,true,none
1785062352.181849718,per_message_full_scan,720,720,6.274458647,6.274458612,0.880555556,0.880555556,1,0.133567348,7.700310091,7.830646570,true,none
1785062353.181869745,per_message_full_scan,720,720,6.274458647,6.274458612,0.883333333,0.883333333,1,0.121307380,7.763471612,8.078732293,true,none
1785062354.181841373,per_message_full_scan,720,720,6.274458647,6.274458612,0.884722222,0.884722222,1,0.121931620,7.734823603,7.694828484,true,none
1785062355.181860447,per_message_full_scan,720,720,6.274458647,6.274458612,0.879166667,0.879166667,1,0.121697783,7.732071186,8.088251676,true,none
1785062356.224023819,per_message_full_scan,720,720,6.274458647,6.274458612,0.893055556,0.893055556,1,0.133014187,7.695111158,7.583350641,true,none
1785062357.181859016,per_message_full_scan,720,720,6.274458647,6.274458612,0.884722222,0.884722222,1,0.121946856,7.757465636,7.851446487,true,none
1785062358.181849957,per_message_full_scan,720,720,6.274458647,6.274458612,0.900000000,0.900000000,1,0.121728040,7.736920172,8.219003271,true,none
1785062359.210288048,per_message_full_scan,720,720,6.274458647,6.274458612,0.888888889,0.888888889,1,0.121310748,7.715820530,7.728196471,true,none
1785062360.181843519,per_message_full_scan,720,720,6.274458647,6.274458612,0.894444444,0.894444444,1,0.133706823,7.618647554,7.647649069,true,none
1785062361.181839466,per_message_full_scan,720,720,6.274458647,6.274458612,0.893055556,0.893055556,1,0.122441299,7.729177955,7.604307502,true,none
1785062362.196501255,per_message_full_scan,720,720,6.274458647,6.274458612,0.884722222,0.884722222,1,0.121084906,7.738449155,7.890266313,true,none
1785062363.181845427,per_message_full_scan,720,720,6.274458647,6.274458612,0.893055556,0.893055556,1,0.133902818,7.617687953,7.549256502,true,none
1785062364.181844234,per_message_full_scan,720,720,6.274458647,6.274458612,0.890277778,0.890277778,1,0.121936202,7.725444306,7.749259120,true,none
1785062365.193733692,per_message_full_scan,720,720,6.274458647,6.274458612,0.887500000,0.887500000,1,0.121957980,7.746080938,8.160252199,true,none
1785062366.181865692,per_message_full_scan,720,720,6.274458647,6.274458612,0.887500000,0.887500000,1,0.134233534,7.632831174,7.677169964,true,none
1785062367.181852341,per_message_full_scan,720,720,6.274458647,6.274458612,0.890277778,0.890277778,1,0.134242162,7.621003333,8.034449411,true,none
1785062368.220541954,per_message_full_scan,720,720,6.274458647,6.274458612,0.887500000,0.887500000,1,0.121766791,7.763209811,7.572424980,true,none
1785062369.181839466,per_message_full_scan,720,720,6.274458647,6.274458612,0.888888889,0.888888889,1,0.134231344,7.632769507,7.858809828,true,none
1785062370.181850672,per_message_full_scan,720,720,6.274458647,6.274458612,0.879166667,0.879166667,1,0.134207904,7.629634182,7.665491440,true,none
1785062371.212714434,per_message_full_scan,720,720,6.274458647,6.274458612,0.888888889,0.888888889,1,0.133374080,7.585245528,7.601747393,true,none
1785062372.181838036,per_message_full_scan,720,720,6.274458647,6.274458612,0.900000000,0.900000000,1,0.133714586,7.682872103,7.809838242,true,none
1785062373.181846857,per_message_full_scan,720,720,6.274458647,6.274458612,0.886111111,0.886111111,1,0.134077698,7.614026522,7.519047723,true,none
1785062374.195838451,per_message_full_scan,720,720,6.274458647,6.274458612,0.888888889,0.888888889,1,0.134104013,7.634752759,7.820408286,true,none
1785062375.181847334,per_message_full_scan,720,720,6.274458647,6.274458612,0.886111111,0.886111111,1,0.134226844,7.685824236,8.048521325,true,none
1785062376.181901455,per_message_full_scan,720,720,6.274458647,6.274458612,0.895833333,0.895833333,1,0.134196624,7.637758574,7.619197944,true,none
1785062377.192594767,per_message_full_scan,720,720,6.274458647,6.274458612,0.888888889,0.888888889,1,0.133582056,7.632729299,7.755058083,true,none
1785062378.181877613,per_message_full_scan,720,720,6.274458647,6.274458612,0.886111111,0.886111111,1,0.134164825,7.680312534,8.002399776,true,none
1785062379.181864977,per_message_full_scan,720,720,6.274458647,6.274458612,0.890277778,0.890277778,1,0.135053977,7.630545401,7.713604879,true,none
1785062380.181850910,per_message_full_scan,720,720,6.274458647,6.274458612,0.886111111,0.886111111,1,0.133448958,7.631642834,7.962413631,true,none
1785062381.181858778,per_message_full_scan,720,720,6.274458647,6.274458612,0.888888889,0.888888889,1,0.134125590,7.677245498,7.680867332,true,none
1785062382.181841850,per_message_full_scan,720,720,6.274458647,6.274458612,0.894444444,0.894444444,1,0.134158850,7.676001722,7.774719881,true,none
1785062383.181917429,per_message_full_scan,720,720,6.274458647,6.274458612,0.895833333,0.895833333,1,0.130862996,7.663920220,7.925102544,true,none
1785062384.181844234,per_message_full_scan,720,720,6.274458647,6.274458612,0.886111111,0.886111111,1,0.132582799,7.689102317,7.764982857,true,none
1785062385.181854963,per_message_full_scan,720,720,6.274458647,6.274458612,0.876388889,0.876388889,1,0.133844480,7.670848154,7.906906173,true,none
1785062386.194056988,per_message_full_scan,720,720,6.274458647,6.274458612,0.880555556,0.880555556,1,0.134389415,7.657243278,7.724476933,true,none
1785062387.181850910,per_message_full_scan,720,720,6.274458647,6.274458612,0.879166667,0.879166667,1,0.121726662,7.718459419,7.815893864,true,none
1785062388.181855440,per_message_full_scan,720,720,6.274458647,6.274458612,0.887500000,0.887500000,1,0.130253941,7.695318754,7.649264974,true,none
1785062389.190305710,per_message_full_scan,720,720,6.274458647,6.274458612,0.881944444,0.881944444,1,0.133965209,7.670232705,7.634345336,true,none
1785062390.181900740,per_message_full_scan,720,720,6.274458647,6.274458612,0.875000000,0.875000000,1,0.121658884,7.733129243,8.010364939,true,none
1785062391.181868076,per_message_full_scan,720,720,6.274458647,6.274458612,0.873611111,0.873611111,1,0.121888883,7.708389270,7.579703219,true,none
1785062392.181941748,per_message_full_scan,720,720,6.274458647,6.274458612,0.902777778,0.902777778,1,0.134131730,7.692309223,7.908930453,true,none
1785062393.181834698,per_message_full_scan,720,720,6.274458647,6.274458612,0.881944444,0.881944444,1,0.116496101,7.759530625,7.596560180,true,none
1785062394.182138920,per_message_full_scan,720,720,6.274458647,6.274458612,0.905555556,0.905555556,1,0.121143304,7.727076818,7.703664876,true,none
1785062395.181876183,per_message_full_scan,720,720,6.274458647,6.274458612,0.897222222,0.897222222,1,0.134063601,7.695612795,7.971757128,true,none
1785062396.181891918,per_message_full_scan,720,720,6.274458647,6.274458612,0.897222222,0.897222222,1,0.121830530,7.738168089,7.576545216,true,none
1785062397.181857347,per_message_full_scan,720,720,6.274458647,6.274458612,0.901388889,0.901388889,1,0.119560637,7.734895343,7.855695113,true,none
1785062398.202054739,per_message_full_scan,720,720,6.274458647,6.274458612,0.904166667,0.904166667,1,0.134332746,7.699557401,7.702380397,true,none
1785062399.181850195,per_message_full_scan,720,720,6.274458647,6.274458612,0.894444444,0.894444444,1,0.121782266,7.740364858,7.774703262,true,none
1785062400.181854010,per_message_full_scan,720,720,6.274458647,6.274458612,0.900000000,0.900000000,1,0.121420652,7.744057790,8.219271094,true,none
1785062401.187417746,per_message_full_scan,720,720,6.274458647,6.274458612,0.908333333,0.908333333,1,0.134153247,7.706020423,7.633148705,true,none
1785062402.181885004,per_message_full_scan,720,720,6.274458647,6.274458612,0.902777778,0.902777778,1,0.120624818,7.742365069,7.736660153,true,none
1785062403.181871414,per_message_full_scan,720,720,6.274458647,6.274458612,0.888888889,0.888888889,1,0.121552244,7.737207359,8.072907997,true,none
1785062404.181954384,per_message_full_scan,720,720,6.274458647,6.274458612,0.886111111,0.886111111,1,0.132972106,7.692430522,7.709874046,true,none
1785062405.181835413,per_message_full_scan,720,720,6.274458647,6.274458612,0.902777778,0.902777778,1,0.119904406,7.753979578,7.825343333,true,none
1785062406.181847572,per_message_full_scan,720,720,6.274458647,6.274458612,0.888888889,0.888888889,1,0.121812552,7.728009994,7.605261893,true,none
1785062407.181851625,per_message_full_scan,720,720,6.274458647,6.274458612,0.906944444,0.906944444,1,0.134198710,7.695832090,7.617824750,true,none
1785062408.181837797,per_message_full_scan,720,720,6.274458647,6.274458612,0.893055556,0.893055556,1,0.121502556,7.744336691,8.067238621,true,none
1785062409.181856871,per_message_full_scan,720,720,6.274458647,6.274458612,0.900000000,0.900000000,1,0.134059340,7.685548229,7.585363471,true,none
1785062410.181927919,per_message_full_scan,720,720,6.274458647,6.274458612,0.902777778,0.902777778,1,0.133644089,7.688100431,7.734582116,true,none
1785062411.225169182,per_message_full_scan,720,720,6.274458647,6.274458612,0.887500000,0.887500000,1,0.135121509,7.623116058,7.668786731,true,none
1785062412.182123661,per_message_full_scan,720,720,6.274458647,6.274458612,0.893055556,0.893055556,1,0.134004623,7.694141096,7.730062431,true,none
1785062413.181840181,per_message_full_scan,720,720,6.274458647,6.274458612,0.887500000,0.887500000,1,0.133877352,7.667290348,7.799866065,true,none
1785062414.223727942,per_message_full_scan,720,720,6.274458647,6.274458612,0.887500000,0.887500000,1,0.133648455,7.611460090,7.585683729,true,none
1785062415.181845427,per_message_full_scan,720,720,6.274458647,6.274458612,0.904166667,0.904166667,1,0.134203196,7.679846938,7.679258117,true,none
1785062416.181839943,per_message_full_scan,720,720,6.274458647,6.274458612,0.898611111,0.898611111,1,0.136326984,7.604564306,7.514531976,true,none
1785062417.205846548,per_message_full_scan,720,720,6.274458647,6.274458612,0.886111111,0.886111111,1,0.134005472,7.641794935,7.645988908,true,none
1785062418.181853771,per_message_full_scan,720,720,6.274458647,6.274458612,0.879166667,0.879166667,1,0.134538248,7.649706515,7.769052045,true,none
1785062419.181842089,per_message_full_scan,720,720,6.274458647,6.274458612,0.901388889,0.901388889,1,0.134148762,7.621629525,7.565453667,true,none
1785062420.201585293,per_message_full_scan,720,720,6.274458647,6.274458612,0.880555556,0.880555556,1,0.121809006,7.768660136,7.646086172,true,none
1785062421.181867599,per_message_full_scan,720,720,6.274458647,6.274458612,0.891666667,0.891666667,1,0.133847162,7.623214446,7.967198178,true,none
1785062422.181844711,per_message_full_scan,720,720,6.274458647,6.274458612,0.888888889,0.888888889,1,0.132728070,7.623108374,7.648215062,true,none
1785062423.189463615,per_message_full_scan,720,720,6.274458647,6.274458612,0.886111111,0.886111111,1,0.134114265,7.618658420,7.739508201,true,none
1785062424.181849241,per_message_full_scan,720,720,6.274458647,6.274458612,0.890277778,0.890277778,1,0.134136707,7.673654992,7.935226838,true,none
1785062425.181843758,per_message_full_scan,720,720,6.274458647,6.274458612,0.894444444,0.894444444,1,0.131266892,7.648204184,7.618331883,true,none
1785062426.181907415,per_message_full_scan,720,720,6.274458647,6.274458612,0.894444444,0.894444444,1,0.132329568,7.613984979,7.952630435,true,none
1785062427.181822062,per_message_full_scan,720,720,6.274458647,6.274458612,0.888888889,0.888888889,1,0.134271935,7.660347761,7.570804672,true,none
1785062428.181837559,per_message_full_scan,720,720,6.274458647,6.274458612,0.897222222,0.897222222,1,0.132795557,7.654566245,7.684894366,true,none
1785062429.181843519,per_message_full_scan,720,720,6.274458647,6.274458612,0.894444444,0.894444444,1,0.121063948,7.773331388,7.966517318,true,none
1785062430.181851149,per_message_full_scan,720,720,6.274458647,6.274458612,0.894444444,0.894444444,1,0.133564472,7.008632442,6.979434599,true,none
1785062431.181858778,per_message_full_scan,720,720,6.274458647,6.274458612,0.897222222,0.897222222,1,0.132622078,7.537254315,7.572384009,true,none
1785062432.181823254,per_message_full_scan,720,720,6.274458647,6.274458612,0.876388889,0.876388889,1,0.121614978,7.751461071,7.886977976,true,none
1785062433.181844711,per_message_full_scan,720,720,6.274458647,6.274458612,0.905555556,0.905555556,1,0.133455634,7.636293332,7.667518147,true,none
1785062434.181855917,per_message_full_scan,720,720,6.274458647,6.274458612,0.898611111,0.898611111,1,0.134114265,7.613057032,7.930366211,true,none
1785062435.181873560,per_message_full_scan,720,720,6.274458647,6.274458612,0.898611111,0.898611111,1,0.122212529,7.748395845,8.063904754,true,none
1785062436.181860447,per_message_full_scan,720,720,6.274458647,6.274458612,0.881944444,0.881944444,1,0.134374365,7.638417497,7.733682285,true,none
1785062437.181832075,per_message_full_scan,720,720,6.274458647,6.274458612,0.901388889,0.901388889,1,0.121854901,7.770491542,8.230977151,true,none
1785062438.181799173,per_message_full_scan,720,720,6.274458647,6.274458612,0.890277778,0.890277778,1,0.121414289,7.747578830,7.622508651,true,none
1785062439.215331554,per_message_full_scan,720,720,6.274458647,6.274458612,0.895833333,0.895833333,1,0.121909752,7.732710238,7.750348702,true,none
1785062440.181829691,per_message_full_scan,720,720,6.274458647,6.274458612,0.908333333,0.908333333,1,0.121905640,7.760874356,8.004451054,true,none
1785062441.181849003,per_message_full_scan,720,720,6.274458647,6.274458612,0.901388889,0.901388889,1,0.121950567,7.741421308,7.705925366,true,none
1785062442.204880238,per_message_full_scan,720,720,6.274458647,6.274458612,0.902777778,0.902777778,1,0.134182394,7.700578478,7.772577397,true,none
1785062443.181899071,per_message_full_scan,720,720,6.274458647,6.274458612,0.898611111,0.898611111,1,0.121720880,7.741131826,7.601658921,true,none
1785062444.181889057,per_message_full_scan,720,720,6.274458647,6.274458612,0.900000000,0.900000000,1,0.121803045,7.720952293,7.649777035,true,none
1785062445.188488483,per_message_full_scan,720,720,6.274458647,6.274458612,0.897222222,0.897222222,1,0.134192660,7.671532753,8.044945358,true,none
1785062446.181868792,per_message_full_scan,720,720,6.274458647,6.274458612,0.908333333,0.908333333,1,0.121476002,7.709460292,7.572665420,true,none
1785062447.181858540,per_message_full_scan,720,720,6.274458647,6.274458612,0.900000000,0.900000000,1,0.134114236,7.672391468,7.844516747,true,none
1785062448.185225248,per_message_full_scan,720,720,6.274458647,6.274458612,0.893055556,0.893055556,1,0.134071976,7.672821370,8.025985443,true,none
1785062449.181881905,per_message_full_scan,720,720,6.274458647,6.274458612,0.884722222,0.884722222,1,0.133382976,7.689717702,7.639127152,true,none
1785062450.181826830,per_message_full_scan,720,720,6.274458647,6.274458612,0.904166667,0.904166667,1,0.133728221,7.686792368,7.874154322,true,none
1785062451.213691711,per_message_full_scan,720,720,6.274458647,6.274458612,0.904166667,0.904166667,1,0.134251550,7.666986168,7.544326361,true,none
1785062452.181825876,per_message_full_scan,720,720,6.274458647,6.274458612,0.897222222,0.897222222,1,0.134677738,7.687843293,7.756917856,true,none
1785062453.181829214,per_message_full_scan,720,720,6.274458647,6.274458612,0.895833333,0.895833333,1,0.134397462,7.666932885,7.991986466,true,none
1785062454.199453354,per_message_full_scan,720,720,6.274458647,6.274458612,0.890277778,0.890277778,1,0.132399619,7.643706792,7.635504124,true,none
1785062455.181841612,per_message_full_scan,720,720,6.274458647,6.274458612,0.898611111,0.898611111,1,0.134178013,7.685741680,7.773359374,true,none
1785062456.181835890,per_message_full_scan,720,720,6.274458647,6.274458612,0.900000000,0.900000000,1,0.134219632,7.671981283,7.564252714,true,none
1785062457.195712328,per_message_full_scan,720,720,6.274458647,6.274458612,0.891666667,0.891666667,1,0.132962987,7.669807164,7.798916594,true,none
1785062458.182274818,per_message_full_scan,720,720,6.274458647,6.274458612,0.893055556,0.893055556,1,0.134064525,7.680538233,8.060173861,true,none
1785062459.181841850,per_message_full_scan,720,720,6.274458647,6.274458612,0.891666667,0.891666667,1,0.133707985,7.664207125,7.628882196,true,none
1785062460.183186769,per_message_full_scan,720,720,6.274458647,6.274458612,0.895833333,0.895833333,1,0.134156689,7.633508839,7.766594914,true,none
1785062461.181843996,per_message_full_scan,720,720,6.274458647,6.274458612,0.898611111,0.898611111,1,0.134178251,7.668219496,7.670644602,true,none
1785062462.182025194,per_message_full_scan,720,720,6.274458647,6.274458612,0.893055556,0.893055556,1,0.131028503,7.643333138,7.625781661,true,none
1785062463.181857586,per_message_full_scan,720,720,6.274458647,6.274458612,0.893055556,0.893055556,1,0.133167639,7.623158241,7.809980533,true,none
1785062464.181868076,per_message_full_scan,720,720,6.274458647,6.274458612,0.893055556,0.893055556,1,0.133811548,7.654313120,7.556553758,true,none
1785062465.181832075,per_message_full_scan,720,720,6.274458647,6.274458612,0.901388889,0.901388889,1,0.133412391,7.635609652,7.682757261,true,none
1785062466.181870699,per_message_full_scan,720,720,6.274458647,6.274458612,0.898611111,0.898611111,1,0.121939085,7.761776479,8.245399747,true,none
1785062467.181862354,per_message_full_scan,720,720,6.274458647,6.274458612,0.895833333,0.895833333,1,0.134060785,7.629773037,7.661137336,true,none
1785062468.181860685,per_message_full_scan,720,720,6.274458647,6.274458612,0.895833333,0.895833333,1,0.134164691,7.620461366,7.659606304,true,none
1785062469.181868553,per_message_full_scan,720,720,6.274458647,6.274458612,0.893055556,0.893055556,1,0.121752568,7.764053600,7.978424151,true,none
1785062470.182219267,per_message_full_scan,720,720,6.274458647,6.274458612,0.890277778,0.890277778,1,0.134184882,7.635842080,7.586624671,true,none
1785062471.181831598,per_message_full_scan,720,720,6.274458647,6.274458612,0.894444444,0.894444444,1,0.121734060,7.761743593,7.895516990,true,none
1785062472.181916475,per_message_full_scan,720,720,6.274458647,6.274458612,0.895833333,0.895833333,1,0.121737786,7.763065540,7.601340564,true,none
1785062473.212549210,per_message_full_scan,720,720,6.274458647,6.274458612,0.893055556,0.893055556,1,0.121829838,7.730679426,7.693730402,true,none
1785062474.181945801,per_message_full_scan,720,720,6.274458647,6.274458612,0.895833333,0.895833333,1,0.121760137,7.769648758,8.046939031,true,none
1785062475.181869030,per_message_full_scan,720,720,6.274458647,6.274458612,0.894444444,0.894444444,1,0.122093946,7.713576941,7.680552216,true,none
1785062476.198815584,per_message_full_scan,720,720,6.274458647,6.274458612,0.895833333,0.895833333,1,0.133219346,7.440934508,7.567319584,true,none
1785062477.181862593,per_message_full_scan,720,720,6.274458647,6.274458612,0.888888889,0.888888889,1,0.120561711,7.683289759,8.034632862,true,none
1785062478.181844711,per_message_full_scan,720,720,6.274458647,6.274458612,0.887500000,0.887500000,1,0.121779777,7.718732983,7.683627460,true,none
1785062479.195642471,per_message_full_scan,720,720,6.274458647,6.274458612,0.905555556,0.905555556,1,0.133529678,7.696451641,7.960500051,true,none
1785062480.181860447,per_message_full_scan,720,720,6.274458647,6.274458612,0.894444444,0.894444444,1,0.122045040,7.720179897,7.585266664,true,none
1785062481.181890249,per_message_full_scan,720,720,6.274458647,6.274458612,0.891666667,0.891666667,1,0.121578425,7.741324091,7.752480561,true,none
1785062482.192404509,per_message_full_scan,720,720,6.274458647,6.274458612,0.890277778,0.890277778,1,0.133093789,7.690820509,7.969015147,true,none
1785062483.181839705,per_message_full_scan,720,720,6.274458647,6.274458612,0.902777778,0.902777778,1,0.121546611,7.709944421,7.700995843,true,none
1785062484.181919575,per_message_full_scan,720,720,6.274458647,6.274458612,0.904166667,0.904166667,1,0.134076566,7.686495852,7.805000117,true,none
1785062485.181810141,per_message_full_scan,720,720,6.274458647,6.274458612,0.906944444,0.906944444,1,0.133465052,7.673931383,7.977851798,true,none
1785062486.181852341,per_message_full_scan,720,720,6.274458647,6.274458612,0.898611111,0.898611111,1,0.121972218,7.720947199,7.793868390,true,none
1785062487.181850910,per_message_full_scan,720,720,6.274458647,6.274458612,0.890277778,0.890277778,1,0.134165198,7.679570303,7.914806393,true,none
1785062488.196808100,per_message_full_scan,720,720,6.274458647,6.274458612,0.898611111,0.898611111,1,0.132461891,7.665359149,7.656593855,true,none
1785062489.181851149,per_message_full_scan,720,720,6.274458647,6.274458612,0.883333333,0.883333333,1,0.134265408,7.695732123,7.822821483,true,none
1785062490.181969166,per_message_full_scan,720,720,6.274458647,6.274458612,0.898611111,0.898611111,1,0.134381637,7.667313556,7.778038586,true,none
1785062491.192637682,per_message_full_scan,720,720,6.274458647,6.274458612,0.901388889,0.901388889,1,0.132883683,7.648600868,7.674434791,true,none
1785062492.181847334,per_message_full_scan,720,720,6.274458647,6.274458612,0.898611111,0.898611111,1,0.133414507,7.675344805,7.824942301,true,none
1785062493.181879520,per_message_full_scan,720,720,6.274458647,6.274458612,0.895833333,0.895833333,1,0.132002503,7.649886573,7.662926417,true,none
1785062494.191008329,per_message_full_scan,720,720,6.274458647,6.274458612,0.902777778,0.902777778,1,0.121758141,7.726270198,7.587100237,true,none
1785062495.181860447,per_message_full_scan,720,720,6.274458647,6.274458612,0.904166667,0.904166667,1,0.133130908,7.664232678,8.036258805,true,none
1785062496.181841612,per_message_full_scan,720,720,6.274458647,6.274458612,0.902777778,0.902777778,1,0.134047493,7.626173984,7.622276562,true,none
1785062497.181847095,per_message_full_scan,720,720,6.274458647,6.274458612,0.897222222,0.897222222,1,0.121856712,7.751672165,7.694716088,true,none
1785062498.181853771,per_message_full_scan,720,720,6.274458647,6.274458612,0.901388889,0.901388889,1,0.134172246,7.623265317,7.545841959,true,none
1785062499.181858063,per_message_full_scan,720,720,6.274458647,6.274458612,0.898611111,0.898611111,1,0.121822231,7.773846358,7.629797024,true,none
1785062500.181900501,per_message_full_scan,720,720,6.274458647,6.274458612,0.908333333,0.908333333,1,0.121929727,7.732459304,7.659388681,true,none
1785062501.194839239,per_message_full_scan,720,720,6.274458647,6.274458612,0.894444444,0.894444444,1,0.121645488,7.722836914,8.188176406,true,none
1785062502.181999445,per_message_full_scan,720,720,6.274458647,6.274458612,0.901388889,0.901388889,1,0.121954121,7.756730257,7.810863958,true,none
1785062503.181852102,per_message_full_scan,720,720,6.274458647,6.274458612,0.895833333,0.895833333,1,0.121898413,7.736200218,8.134545963,true,none
1785062504.224075556,per_message_full_scan,720,720,6.274458647,6.274458612,0.891666667,0.891666667,1,0.134448186,7.677831216,7.585048166,true,none
1785062505.181839705,per_message_full_scan,720,720,6.274458647,6.274458612,0.897222222,0.897222222,1,0.121783115,7.739501411,7.890021375,true,none
1785062506.181855440,per_message_full_scan,720,720,6.274458647,6.274458612,0.897222222,0.897222222,1,0.134249657,7.693312581,8.032512222,true,none
1785062507.209761381,per_message_full_scan,720,720,6.274458647,6.274458612,0.901388889,0.901388889,1,0.134055123,7.668482347,7.660201719,true,none
1785062508.181831360,per_message_full_scan,720,720,6.274458647,6.274458612,0.900000000,0.900000000,1,0.121693872,7.726207663,7.830348183,true,none
1785062509.181843042,per_message_full_scan,720,720,6.274458647,6.274458612,0.897222222,0.897222222,1,0.132025376,7.702184557,7.607346754,true,none
1785062510.205488682,per_message_full_scan,720,720,6.274458647,6.274458612,0.897222222,0.897222222,1,0.134172589,7.676031126,7.651919709,true,none
1785062511.181855440,per_message_full_scan,720,720,6.274458647,6.274458612,0.900000000,0.900000000,1,0.134431466,7.683258965,7.950300876,true,none
1785062512.181850910,per_message_full_scan,720,720,6.274458647,6.274458612,0.890277778,0.890277778,1,0.133151919,7.666980790,7.638336763,true,none
1785062513.192481041,per_message_full_scan,720,720,6.274458647,6.274458612,0.912500000,0.912500000,1,0.134138778,7.667817154,7.703385638,true,none
1785062514.181895018,per_message_full_scan,720,720,6.274458647,6.274458612,0.900000000,0.900000000,1,0.123636127,7.677711665,7.574681734,true,none
1785062515.181927681,per_message_full_scan,720,720,6.274458647,6.274458612,0.904166667,0.904166667,1,0.134131044,7.690847850,7.644243876,true,none
1785062516.189593315,per_message_full_scan,720,720,6.274458647,6.274458612,0.898611111,0.898611111,1,0.133599371,7.673009107,7.780003946,true,none
1785062517.181851625,per_message_full_scan,720,720,6.274458647,6.274458612,0.904166667,0.904166667,1,0.121230669,7.725094634,7.541496662,true,none
1785062518.181840420,per_message_full_scan,720,720,6.274458647,6.274458612,0.893055556,0.893055556,1,0.133717462,7.689203114,7.759486844,true,none
1785062519.181863070,per_message_full_scan,720,720,6.274458647,6.274458612,0.898611111,0.898611111,1,0.134259462,7.667725676,8.048115012,true,none
1785062520.181841850,per_message_full_scan,720,720,6.274458647,6.274458612,0.883333333,0.883333333,1,0.121946514,7.728359129,7.623980456,true,none
1785062521.181856871,per_message_full_scan,720,720,6.274458647,6.274458612,0.906944444,0.906944444,1,0.133406565,7.692181624,7.816348538,true,none
1785062522.203519821,per_message_full_scan,720,720,6.274458647,6.274458612,0.904166667,0.904166667,1,0.133322626,7.669101058,7.559120596,true,none
1785062523.181844473,per_message_full_scan,720,720,6.274458647,6.274458612,0.895833333,0.895833333,1,0.134167075,7.693285419,7.683361444,true,none
1785062524.182658911,per_message_full_scan,720,720,6.274458647,6.274458612,0.900000000,0.900000000,1,0.133061707,7.666232525,8.039135232,true,none
1785062525.190330267,per_message_full_scan,720,720,6.274458647,6.274458612,0.886111111,0.886111111,1,0.132527843,7.636056590,7.666938481,true,none
1785062526.181905985,per_message_full_scan,720,720,6.274458647,6.274458612,0.891666667,0.891666667,1,0.134250775,7.675978842,7.750691887,true,none
1785062527.182053328,per_message_full_scan,720,720,6.274458647,6.274458612,0.898611111,0.898611111,1,0.133921772,7.638785435,7.928895302,true,none
1785062528.181845903,per_message_full_scan,720,720,6.274458647,6.274458612,0.890277778,0.890277778,1,0.121504493,7.733434547,8.025530215,true,none
1785062529.181843758,per_message_full_scan,720,720,6.274458647,6.274458612,0.890277778,0.890277778,1,0.134542301,7.610795056,7.836829252,true,none
1785062530.181885719,per_message_full_scan,720,720,6.274458647,6.274458612,0.904166667,0.904166667,1,0.120965749,7.753575291,8.079794549,true,none
1785062531.181864500,per_message_full_scan,720,720,6.274458647,6.274458612,0.902777778,0.902777778,1,0.122824788,7.704714448,7.676592402,true,none
1785062532.181864023,per_message_full_scan,720,720,6.274458647,6.274458612,0.900000000,0.900000000,1,0.121811621,7.748545639,7.880774564,true,none
1785062533.181864023,per_message_full_scan,720,720,6.274458647,6.274458612,0.905555556,0.905555556,1,0.120794974,7.717588676,7.612159432,true,none
1785062534.181844473,per_message_full_scan,720,720,6.274458647,6.274458612,0.897222222,0.897222222,1,0.134060845,7.703161960,7.811763705,true,none
1785062535.193743467,per_message_full_scan,720,720,6.274458647,6.274458612,0.901388889,0.901388889,1,0.133650109,7.660390784,7.981121176,true,none
1785062536.181837082,per_message_full_scan,720,720,6.274458647,6.274458612,0.900000000,0.900000000,1,0.134345278,7.669439372,7.646459753,true,none
1785062537.181838989,per_message_full_scan,720,720,6.274458647,6.274458612,0.902777778,0.902777778,1,0.134145081,7.668364522,7.753861595,true,none
1785062538.219432592,per_message_full_scan,720,720,6.274458647,6.274458612,0.905555556,0.905555556,1,0.134012714,7.641851179,7.722752221,true,none
1785062539.181944132,per_message_full_scan,720,720,6.274458647,6.274458612,0.894444444,0.894444444,1,0.133833498,7.643190938,7.738624349,true,none
1785062540.181841135,per_message_full_scan,720,720,6.274458647,6.274458612,0.894444444,0.894444444,1,0.121914878,7.771888476,7.718761247,true,none
1785062541.183855057,per_message_full_scan,720,720,6.274458647,6.274458612,0.900000000,0.900000000,1,0.121793188,7.741311297,7.956362521,true,none
1785062542.181837559,per_message_full_scan,720,720,6.274458647,6.274458612,0.895833333,0.895833333,1,0.122379154,7.726941807,7.592913355,true,none
1785062543.181833982,per_message_full_scan,720,720,6.274458647,6.274458612,0.893055556,0.893055556,1,0.121928632,7.726495347,7.757935296,true,none
1785062544.181920528,per_message_full_scan,720,720,6.274458647,6.274458612,0.894444444,0.894444444,1,0.133530170,7.694339157,8.031215956,true,none
1785062545.181851625,per_message_full_scan,720,720,6.274458647,6.274458612,0.894444444,0.894444444,1,0.122182727,7.730607599,7.729026440,true,none
1785062546.181999207,per_message_full_scan,720,720,6.274458647,6.274458612,0.897222222,0.897222222,1,0.134160206,7.694459858,8.070913068,true,none
1785062547.197633028,per_message_full_scan,720,720,6.274458647,6.274458612,0.897222222,0.897222222,1,0.134194806,7.665297335,7.601585928,true,none
1785062548.181847811,per_message_full_scan,720,720,6.274458647,6.274458612,0.898611111,0.898611111,1,0.128202990,7.698097347,7.668637609,true,none
1785062549.181875706,per_message_full_scan,720,720,6.274458647,6.274458612,0.897222222,0.897222222,1,0.134115115,7.678586497,7.871743281,true,none
1785062550.195014477,per_message_full_scan,720,720,6.274458647,6.274458612,0.906944444,0.906944444,1,0.133550674,7.571258886,7.536051161,true,none
1785062551.181847095,per_message_full_scan,720,720,6.274458647,6.274458612,0.902777778,0.902777778,1,0.121533819,7.784169760,8.254807100,true,none
1785062552.181837082,per_message_full_scan,720,720,6.274458647,6.274458612,0.898611111,0.898611111,1,0.132377103,7.623077608,7.639227400,true,none
1785062553.181925535,per_message_full_scan,720,720,6.274458647,6.274458612,0.902777778,0.902777778,1,0.121086724,7.769780790,7.935794342,true,none
1785062554.181967974,per_message_full_scan,720,720,6.274458647,6.274458612,0.891666667,0.891666667,1,0.133967534,7.632082830,7.558320626,true,none
1785062555.181838751,per_message_full_scan,720,720,6.274458647,6.274458612,0.888888889,0.888888889,1,0.121999279,7.770445599,7.628897952,true,none
1785062556.181852818,per_message_full_scan,720,720,6.274458647,6.274458612,0.898611111,0.898611111,1,0.121377885,7.744239637,8.149255367,true,none
1785062557.181838036,per_message_full_scan,720,720,6.274458647,6.274458612,0.887500000,0.887500000,1,0.121800832,7.774657215,7.713007742,true,none
1785062558.181841135,per_message_full_scan,720,720,6.274458647,6.274458612,0.901388889,0.901388889,1,0.121520832,7.743182454,7.883404047,true,none
1785062559.182080030,per_message_full_scan,720,720,6.274458647,6.274458612,0.897222222,0.897222222,1,0.134125471,7.691664618,7.837928294,true,none
1785062560.181848049,per_message_full_scan,720,720,6.274458647,6.274458612,0.890277778,0.890277778,1,0.120408460,7.751289063,7.688841420,true,none
1785062561.181910753,per_message_full_scan,720,720,6.274458647,6.274458612,0.893055556,0.893055556,1,0.133753389,7.687780186,7.774731500,true,none
1785062562.181844473,per_message_full_scan,720,720,6.274458647,6.274458612,0.900000000,0.900000000,1,0.133815795,7.685376984,8.015551902,true,none
1785062563.183715343,per_message_full_scan,720,720,6.274458647,6.274458612,0.898611111,0.898611111,1,0.133837968,7.691557822,7.636857202,true,none
1785062564.181863308,per_message_full_scan,720,720,6.274458647,6.274458612,0.898611111,0.898611111,1,0.132356092,7.675167020,7.681538426,true,none
1785062565.181841373,per_message_full_scan,720,720,6.274458647,6.274458612,0.888888889,0.888888889,1,0.134216547,7.628249084,7.556908446,true,none
1785062566.210860252,per_message_full_scan,720,720,6.274458647,6.274458612,0.893055556,0.893055556,1,0.121972583,7.759628953,7.716781290,true,none
1785062567.181839466,per_message_full_scan,720,720,6.274458647,6.274458612,0.902777778,0.902777778,1,0.134077668,7.640391800,7.864340156,true,none
1785062568.181843758,per_message_full_scan,720,720,6.274458647,6.274458612,0.898611111,0.898611111,1,0.134328753,7.600182950,7.651015647,true,none
1785062569.202126503,per_message_full_scan,720,720,6.274458647,6.274458612,0.893055556,0.893055556,1,0.121968433,7.735895363,7.651318794,true,none
1785062570.182173729,per_message_full_scan,720,720,6.274458647,6.274458612,0.904166667,0.904166667,1,0.121880360,7.770353939,7.924444093,true,none
1785062571.181843281,per_message_full_scan,720,720,6.274458647,6.274458612,0.891666667,0.891666667,1,0.121412955,7.739291974,7.598887213,true,none
1785062572.194193840,per_message_full_scan,720,720,6.274458647,6.274458612,0.895833333,0.895833333,1,0.134214699,7.683617723,7.704297395,true,none
1785062573.182399988,per_message_full_scan,720,720,6.274458647,6.274458612,0.895833333,0.895833333,1,0.134148717,7.706384348,7.947674351,true,none
1785062574.181844234,per_message_full_scan,720,720,6.274458647,6.274458612,0.900000000,0.900000000,1,0.131891772,7.660178960,7.525121512,true,none
1785062575.183064461,per_message_full_scan,720,720,6.274458647,6.274458612,0.888888889,0.888888889,1,0.134094208,7.641380798,7.742028171,true,none
1785062576.181826353,per_message_full_scan,720,720,6.274458647,6.274458612,0.897222222,0.897222222,1,0.133832574,7.680566681,7.696182963,true,none
1785062577.181837082,per_message_full_scan,720,720,6.274458647,6.274458612,0.897222222,0.897222222,1,0.134035587,7.634710961,7.638597897,true,none
1785062578.181844711,per_message_full_scan,720,720,6.274458647,6.274458612,0.897222222,0.897222222,1,0.121958613,7.759067871,7.863041393,true,none
1785062579.181836128,per_message_full_scan,720,720,6.274458647,6.274458612,0.893055556,0.893055556,1,0.135176718,7.622701123,7.628840236,true,none
1785062580.181866407,per_message_full_scan,720,720,6.274458647,6.274458612,0.905555556,0.905555556,1,0.122638226,7.754247784,7.707456752,true,none
1785062581.181859732,per_message_full_scan,720,720,6.274458647,6.274458612,0.897222222,0.897222222,1,0.120573044,7.762809205,7.949475829,true,none
1785062582.181871653,per_message_full_scan,720,720,6.274458647,6.274458612,0.895833333,0.895833333,1,0.134064361,7.627363924,7.630922385,true,none
1785062583.181938887,per_message_full_scan,720,720,6.274458647,6.274458612,0.891666667,0.891666667,1,0.121819302,7.739842546,7.641759599,true,none
1785062584.181897402,per_message_full_scan,720,720,6.274458647,6.274458612,0.887500000,0.887500000,1,0.121763557,7.741828626,8.050497843,true,none
1785062585.182133913,per_message_full_scan,720,720,6.274458647,6.274458612,0.894444444,0.894444444,1,0.121762000,7.765454789,7.623220035,true,none
1785062586.181844234,per_message_full_scan,720,720,6.274458647,6.274458612,0.883333333,0.883333333,1,0.121888615,7.742354401,7.866133552,true,none
1785062587.181859493,per_message_full_scan,720,720,6.274458647,6.274458612,0.904166667,0.904166667,1,0.134274364,7.691044111,7.711765518,true,none
1785062588.210682392,per_message_full_scan,720,720,6.274458647,6.274458612,0.887500000,0.887500000,1,0.133969083,7.665948054,7.696283930,true,none
1785062589.181850433,per_message_full_scan,720,720,6.274458647,6.274458612,0.890277778,0.890277778,1,0.134051502,7.692210328,7.841780817,true,none
1785062590.181838274,per_message_full_scan,720,720,6.274458647,6.274458612,0.884722222,0.884722222,1,0.133132935,7.686037603,7.565062848,true,none
1785062591.206538439,per_message_full_scan,720,720,6.274458647,6.274458612,0.894444444,0.894444444,1,0.134197354,7.637927157,7.685323606,true,none
1785062592.181844950,per_message_full_scan,720,720,6.274458647,6.274458612,0.894444444,0.894444444,1,0.134168819,7.666534868,8.047863048,true,none
1785062593.181839705,per_message_full_scan,720,720,6.274458647,6.274458612,0.893055556,0.893055556,1,0.129521534,7.597873117,7.595080301,true,none
1785062594.190482378,per_message_full_scan,720,720,6.274458647,6.274458612,0.880555556,0.880555556,1,0.121820740,7.779822034,7.739436345,true,none
1785062595.182010174,per_message_full_scan,720,720,6.274458647,6.274458612,0.901388889,0.901388889,1,0.133555248,7.613914738,7.560790555,true,none
1785062596.181890011,per_message_full_scan,720,720,6.274458647,6.274458612,0.893055556,0.893055556,1,0.121669278,7.777811256,7.636091755,true,none
1785062597.187971115,per_message_full_scan,720,720,6.274458647,6.274458612,0.901388889,0.901388889,1,0.121723793,7.738391878,7.782019818,true,none
1785062598.181828022,per_message_full_scan,720,720,6.274458647,6.274458612,0.897222222,0.897222222,1,0.121826775,7.766860870,8.242776412,true,none
1785062599.181843042,per_message_full_scan,720,720,6.274458647,6.274458612,0.898611111,0.898611111,1,0.121746346,7.738212836,7.632025981,true,none
1785062600.181838036,per_message_full_scan,720,720,6.274458647,6.274458612,0.908333333,0.908333333,1,0.121801034,7.734925091,8.053998862,true,none
1785062601.181855679,per_message_full_scan,720,720,6.274458647,6.274458612,0.895833333,0.895833333,1,0.121728405,7.770773934,8.099679585,true,none
1785062602.181854725,per_message_full_scan,720,720,6.274458647,6.274458612,0.893055556,0.893055556,1,0.120013610,7.748947965,7.782574113,true,none
1785062603.181855440,per_message_full_scan,720,720,6.274458647,6.274458612,0.900000000,0.900000000,1,0.134091645,7.698456842,7.976496135,true,none
1785062604.181845188,per_message_full_scan,720,720,6.274458647,6.274458612,0.898611111,0.898611111,1,0.122174643,7.727470624,7.580582141,true,none
1785062605.181910515,per_message_full_scan,720,720,6.274458647,6.274458612,0.890277778,0.890277778,1,0.134052798,7.679576467,7.828927474,true,none
1785062606.188126326,per_message_full_scan,720,720,6.274458647,6.274458612,0.901388889,0.901388889,1,0.134003177,7.675418393,7.772283364,true,none
1785062607.181874037,per_message_full_scan,720,720,6.274458647,6.274458612,0.909722222,0.909722222,1,0.134036854,7.689983203,7.705768764,true,none
1785062608.181838036,per_message_full_scan,720,720,6.274458647,6.274458612,0.893055556,0.893055556,1,0.133939698,7.676050015,7.771780702,true,none
1785062609.181872845,per_message_full_scan,720,720,6.274458647,6.274458612,0.894444444,0.894444444,1,0.134126425,7.617229683,7.632980213,true,none
1785062610.216784477,per_message_full_scan,720,720,6.274458647,6.274458612,0.890277778,0.890277778,1,0.122020416,7.762462588,7.646128773,true,none
1785062611.181910992,per_message_full_scan,720,720,6.274458647,6.274458612,0.898611111,0.898611111,1,0.133647323,7.641885823,7.906994678,true,none
1785062612.181829214,per_message_full_scan,720,720,6.274458647,6.274458612,0.898611111,0.898611111,1,0.134133711,7.633836290,7.607259563,true,none
1785062613.203462124,per_message_full_scan,720,720,6.274458647,6.274458612,0.900000000,0.900000000,1,0.122026786,7.761750917,7.707102205,true,none
1785062614.181852579,per_message_full_scan,720,720,6.274458647,6.274458612,0.897222222,0.897222222,1,0.134057701,7.634946205,7.600595383,true,none
1785062615.181857586,per_message_full_scan,720,720,6.274458647,6.274458612,0.897222222,0.897222222,1,0.121758915,7.751509399,7.646156120,true,none
1785062616.191390991,per_message_full_scan,720,720,6.274458647,6.274458612,0.895833333,0.895833333,1,0.121857770,7.734527113,7.881365978,true,none
1785062617.181855917,per_message_full_scan,720,720,6.274458647,6.274458612,0.902777778,0.902777778,1,0.121359192,7.768170588,8.228868541,true,none
1785062618.183107376,per_message_full_scan,720,720,6.274458647,6.274458612,0.913888889,0.913888889,1,0.121876992,7.739686079,7.727292047,true,none
1785062619.186982632,per_message_full_scan,720,720,6.274458647,6.274458612,0.909722222,0.909722222,1,0.132311657,7.697028923,7.910400919,true,none
1785062620.182025909,per_message_full_scan,720,720,6.274458647,6.274458612,0.902777778,0.902777778,1,0.134056956,7.700655104,7.698377955,true,none
1785062621.181835175,per_message_full_scan,720,720,6.274458647,6.274458612,0.909722222,0.909722222,1,0.132393599,7.672239485,7.666755396,true,none
1785062622.215096951,per_message_full_scan,720,720,6.274458647,6.274458612,0.915277778,0.915277778,1,0.133263469,7.630248034,7.470230570,true,none
1785062623.181851625,per_message_full_scan,720,720,6.274458647,6.274458612,0.897222222,0.897222222,1,0.134443879,7.673456486,7.634024812,true,none
1785062624.181857347,per_message_full_scan,720,720,6.274458647,6.274458612,0.893055556,0.893055556,1,0.131459191,7.646463894,7.824371368,true,none
1785062625.181837559,per_message_full_scan,720,720,6.274458647,6.274458612,0.890277778,0.890277778,1,0.121548504,7.771009375,8.123085246,true,none
1785062626.181868076,per_message_full_scan,720,720,6.274458647,6.274458612,0.911111111,0.911111111,1,0.121750690,7.774800498,7.689987274,true,none
1785062627.181846857,per_message_full_scan,720,720,6.274458647,6.274458612,0.898611111,0.898611111,1,0.121848509,7.743852360,7.738595248,true,none
1785062628.181861162,per_message_full_scan,720,720,6.274458647,6.274458612,0.887500000,0.887500000,1,0.134050950,7.701210559,8.065234685,true,none
1785062629.181860209,per_message_full_scan,720,720,6.274458647,6.274458612,0.904166667,0.904166667,1,0.119441137,7.737970527,7.668016161,true,none
1785062630.182135105,per_message_full_scan,720,720,6.274458647,6.274458612,0.905555556,0.905555556,1,0.133982107,7.693348581,7.888585457,true,none
1785062631.192365408,per_message_full_scan,720,720,6.274458647,6.274458612,0.887500000,0.887500000,1,0.134120926,7.677837771,7.634123496,true,none
1785062632.181883097,per_message_full_scan,720,720,6.274458647,6.274458612,0.893055556,0.893055556,1,0.134175524,7.691065958,7.702605014,true,none
1785062633.181840420,per_message_full_scan,720,720,6.274458647,6.274458612,0.894444444,0.894444444,1,0.134246185,7.674788757,7.759303697,true,none
1785062634.181828260,per_message_full_scan,720,720,6.274458647,6.274458612,0.900000000,0.900000000,1,0.134608507,7.627488467,7.600379739,true,none
1785062635.201799631,per_message_full_scan,720,720,6.274458647,6.274458612,0.901388889,0.901388889,1,0.121919893,7.745093548,7.790876387,true,none
1785062636.181847572,per_message_full_scan,720,720,6.274458647,6.274458612,0.904166667,0.904166667,1,0.121947259,7.731642248,7.936099421,true,none
1785062637.181841373,per_message_full_scan,720,720,6.274458647,6.274458612,0.906944444,0.906944444,1,0.121781632,7.738572490,7.612417739,true,none
1785062638.197570324,per_message_full_scan,720,720,6.274458647,6.274458612,0.905555556,0.905555556,1,0.132522881,7.677387305,7.633869255,true,none
1785062639.181876421,per_message_full_scan,720,720,6.274458647,6.274458612,0.902777778,0.902777778,1,0.134112954,7.691327643,7.882366785,true,none
1785062640.181867361,per_message_full_scan,720,720,6.274458647,6.274458612,0.900000000,0.900000000,1,0.134034023,7.672331762,8.012933875,true,none
1785062641.193015337,per_message_full_scan,720,720,6.274458647,6.274458612,0.893055556,0.893055556,1,0.121531874,7.777599703,7.676061182,true,none
1785062642.181838036,per_message_full_scan,720,720,6.274458647,6.274458612,0.891666667,0.891666667,1,0.134201482,7.641472401,7.730162390,true,none
1785062643.181867361,per_message_full_scan,720,720,6.274458647,6.274458612,0.904166667,0.904166667,1,0.121141091,7.776953543,7.669205479,true,none
1785062644.182392597,per_message_full_scan,720,720,6.274458647,6.274458612,0.901388889,0.901388889,1,0.134120718,7.706130197,7.696641852,true,none
1785062645.181831598,per_message_full_scan,720,720,6.274458647,6.274458612,0.904166667,0.904166667,1,0.121800095,7.760727609,8.174184159,true,none
1785062646.181863785,per_message_full_scan,720,720,6.274458647,6.274458612,0.908333333,0.908333333,1,0.134040952,7.709296283,7.627441230,true,none
1785062647.181841850,per_message_full_scan,720,720,6.274458647,6.274458612,0.908333333,0.908333333,1,0.134392530,7.669624157,7.771957060,true,none
1785062648.181871891,per_message_full_scan,720,720,6.274458647,6.274458612,0.901388889,0.901388889,1,0.134121075,7.695797499,7.817109371,true,none
1785062649.181838989,per_message_full_scan,720,720,6.274458647,6.274458612,0.905555556,0.905555556,1,0.133143499,7.668530756,7.651059635,true,none
1785062650.181842089,per_message_full_scan,720,720,6.274458647,6.274458612,0.905555556,0.905555556,1,0.122073606,7.746483465,7.744088053,true,none
1785062651.194060564,per_message_full_scan,720,720,6.274458647,6.274458612,0.901388889,0.901388889,1,0.122050419,7.736076382,8.066319118,true,none
1785062652.181859732,per_message_full_scan,720,720,6.274458647,6.274458612,0.901388889,0.901388889,1,0.123521477,7.737362672,7.615545030,true,none
1785062653.181847334,per_message_full_scan,720,720,6.274458647,6.274458612,0.908333333,0.908333333,1,0.133818418,7.695441775,7.605439450,true,none
1785062654.191102505,per_message_full_scan,720,720,6.274458647,6.274458612,0.913888889,0.913888889,1,0.134264216,7.667612319,7.972206902,true,none
1785062655.181836128,per_message_full_scan,720,720,6.274458647,6.274458612,0.909722222,0.909722222,1,0.134016588,7.691532397,7.703377830,true,none
1785062656.181846619,per_message_full_scan,720,720,6.274458647,6.274458612,0.909722222,0.909722222,1,0.134197906,7.670036862,7.737813119,true,none
1785062657.181834221,per_message_full_scan,720,720,6.274458647,6.274458612,0.906944444,0.906944444,1,0.118741959,7.783271714,8.087137555,true,none
1785062658.181869030,per_message_full_scan,720,720,6.274458647,6.274458612,0.919444444,0.919444444,1,0.134166643,7.643143018,7.640403286,true,none
1785062659.181839466,per_message_full_scan,720,720,6.274458647,6.274458612,0.916666667,0.916666667,1,0.121868365,7.764749862,7.861740160,true,none
1785062660.181844473,per_message_full_scan,720,720,6.274458647,6.274458612,0.904166667,0.904166667,1,0.117491424,7.767480824,8.009687576,true,none
1785062661.182714939,per_message_full_scan,720,720,6.274458647,6.274458612,0.906944444,0.906944444,1,0.121828847,7.777656051,7.672388858,true,none
1785062662.181854248,per_message_full_scan,720,720,6.274458647,6.274458612,0.915277778,0.915277778,1,0.121600032,7.743681800,7.883931469,true,none
1785062663.181855202,per_message_full_scan,720,720,6.274458647,6.274458612,0.912500000,0.912500000,1,0.134082243,7.698902097,7.965952230,true,none
1785062664.181951284,per_message_full_scan,720,720,6.274458647,6.274458612,0.909722222,0.909722222,1,0.121806048,7.738854412,7.709196552,true,none
1785062665.181862354,per_message_full_scan,720,720,6.274458647,6.274458612,0.898611111,0.898611111,1,0.133837029,7.683007629,7.946807130,true,none
1785062666.182003260,per_message_full_scan,720,720,6.274458647,6.274458612,0.915277778,0.915277778,1,0.133999601,7.613549333,7.672958077,true,none
1785062667.213150501,per_message_full_scan,720,720,6.274458647,6.274458612,0.912500000,0.912500000,1,0.122210860,7.717261909,7.761649099,true,none
1785062668.181884766,per_message_full_scan,720,720,6.274458647,6.274458612,0.905555556,0.905555556,1,0.121825755,7.764970674,7.946776937,true,none
1785062669.181856394,per_message_full_scan,720,720,6.274458647,6.274458612,0.905555556,0.905555556,1,0.121814013,7.744239285,7.650801317,true,none
1785062670.204482079,per_message_full_scan,720,720,6.274458647,6.274458612,0.906944444,0.906944444,1,0.134116068,7.694527369,7.758458280,true,none
1785062671.181850433,per_message_full_scan,720,720,6.274458647,6.274458612,0.904166667,0.904166667,1,0.134877637,7.672383548,7.796274530,true,none
1785062672.181845427,per_message_full_scan,720,720,6.274458647,6.274458612,0.900000000,0.900000000,1,0.134827420,7.655153482,7.542695038,true,none
1785062673.191529512,per_message_full_scan,720,720,6.274458647,6.274458612,0.905555556,0.905555556,1,0.133968115,7.630535218,7.722550467,true,none
1785062674.181845188,per_message_full_scan,720,720,6.274458647,6.274458612,0.904166667,0.904166667,1,0.134161234,7.622723097,8.000949649,true,none
1785062675.181849957,per_message_full_scan,720,720,6.274458647,6.274458612,0.908333333,0.908333333,1,0.121721193,7.779170968,8.095406586,true,none
1785062676.185871601,per_message_full_scan,720,720,6.274458647,6.274458612,0.905555556,0.905555556,1,0.119603604,7.752243508,7.746389220,true,none
1785062677.183355570,per_message_full_scan,720,720,6.274458647,6.274458612,0.915277778,0.915277778,1,0.121395178,7.746519432,8.265150642,true,none
1785062678.181836128,per_message_full_scan,720,720,6.274458647,6.274458612,0.912500000,0.912500000,1,0.134116247,7.695643037,7.644305466,true,none
1785062679.183166027,per_message_full_scan,720,720,6.274458647,6.274458612,0.898611111,0.898611111,1,0.134089306,7.668148856,7.619855166,true,none
1785062680.181847095,per_message_full_scan,720,720,6.274458647,6.274458612,0.904166667,0.904166667,1,0.134180680,7.682213940,7.917710034,true,none
1785062681.181837320,per_message_full_scan,720,720,6.274458647,6.274458612,0.904166667,0.904166667,1,0.134503245,7.631936701,7.626568111,true,none
1785062682.181834936,per_message_full_scan,720,720,6.274458647,6.274458612,0.913888889,0.913888889,1,0.121773988,7.770111281,7.713547585,true,none
1785062683.193768024,per_message_full_scan,720,720,6.274458647,6.274458612,0.906944444,0.906944444,1,0.134238392,7.674586755,7.860234177,true,none
1785062684.181847811,per_message_full_scan,720,720,6.274458647,6.274458612,0.911111111,0.911111111,1,0.120404229,7.752067106,7.568252926,true,none
1785062685.181838036,per_message_full_scan,720,720,6.274458647,6.274458612,0.915277778,0.915277778,1,0.134112746,7.679393889,7.840058056,true,none
1785062686.228839159,per_message_full_scan,720,720,6.274458647,6.274458612,0.908333333,0.908333333,1,0.134007618,7.679416999,7.640216970,true,none
1785062687.182048082,per_message_full_scan,720,720,6.274458647,6.274458612,0.913888889,0.913888889,1,0.134009317,7.692695588,7.638791944,true,none
1785062688.181857586,per_message_full_scan,720,720,6.274458647,6.274458612,0.904166667,0.904166667,1,0.134252787,7.610294510,7.747714368,true,none
1785062689.183901787,per_message_full_scan,720,720,6.274458647,6.274458612,0.906944444,0.906944444,1,0.121798694,7.764255356,8.145134398,true,none
1785062690.181899071,per_message_full_scan,720,720,6.274458647,6.274458612,0.906944444,0.906944444,1,0.121808670,7.771427613,7.671997053,true,none
1785062691.181836843,per_message_full_scan,720,720,6.274458647,6.274458612,0.906944444,0.906944444,1,0.129170686,7.713203250,7.913697075,true,none
1785062692.181833982,per_message_full_scan,720,720,6.274458647,6.274458612,0.904166667,0.904166667,1,0.133369938,7.672707030,8.079575852,true,none
1785062693.181841612,per_message_full_scan,720,720,6.274458647,6.274458612,0.912500000,0.912500000,1,0.132762939,7.693517567,7.681491614,true,none
1785062694.181841135,per_message_full_scan,720,720,6.274458647,6.274458612,0.905555556,0.905555556,1,0.134071857,7.636836153,7.776267712,true,none
1785062695.181838036,per_message_full_scan,720,720,6.274458647,6.274458612,0.908333333,0.908333333,1,0.121887229,7.756850903,8.030550635,true,none
1785062696.181847572,per_message_full_scan,720,720,6.274458647,6.274458612,0.912500000,0.912500000,1,0.120456874,7.778393244,7.651504622,true,none
1785062697.181870222,per_message_full_scan,720,720,6.274458647,6.274458612,0.905555556,0.905555556,1,0.121873133,7.750955529,7.738998615,true,none
1785062698.181881666,per_message_full_scan,720,720,6.274458647,6.274458612,0.909722222,0.909722222,1,0.132513657,7.707097389,8.299870431,true,none
1785062699.182270765,per_message_full_scan,720,720,6.274458647,6.274458612,0.905555556,0.905555556,1,0.133522868,7.695039775,7.639038828,true,none
1785062700.181843996,per_message_full_scan,720,720,6.274458647,6.274458612,0.909722222,0.909722222,1,0.134103358,7.672330125,7.832039436,true,none
1785062701.181863785,per_message_full_scan,720,720,6.274458647,6.274458612,0.918055556,0.918055556,1,0.134018496,7.632256493,7.932555969,true,none
1785062702.212284088,per_message_full_scan,720,720,6.274458647,6.274458612,0.895833333,0.895833333,1,0.121930927,7.763190508,7.603052366,true,none
1785062703.181851625,per_message_full_scan,720,720,6.274458647,6.274458612,0.895833333,0.895833333,1,0.134201244,7.636862581,7.797037971,true,none
1785062704.181839943,per_message_full_scan,720,720,6.274458647,6.274458612,0.906944444,0.906944444,1,0.121056192,7.775533999,8.115075883,true,none
1785062705.207775831,per_message_full_scan,720,720,6.274458647,6.274458612,0.919444444,0.919444444,1,0.135019794,7.695125735,7.662937529,true,none
1785062706.181844711,per_message_full_scan,720,720,6.274458647,6.274458612,0.900000000,0.900000000,1,0.121802114,7.740387924,7.928562646,true,none
1785062707.181869268,per_message_full_scan,720,720,6.274458647,6.274458612,0.911111111,0.911111111,1,0.133722886,7.696796430,7.668917271,true,none
1785062708.193436861,per_message_full_scan,720,720,6.274458647,6.274458612,0.908333333,0.908333333,1,0.134176180,7.671777450,7.645328822,true,none
1785062709.181838989,per_message_full_scan,720,720,6.274458647,6.274458612,0.895833333,0.895833333,1,0.134230554,7.689703095,7.855509162,true,none
1785062710.181906939,per_message_full_scan,720,720,6.274458647,6.274458612,0.909722222,0.909722222,1,0.134173349,7.640113063,7.546141210,true,none
1785062711.188537598,per_message_full_scan,720,720,6.274458647,6.274458612,0.909722222,0.909722222,1,0.121518150,7.763961190,7.692612136,true,none
1785062712.181857586,per_message_full_scan,720,720,6.274458647,6.274458612,0.902777778,0.902777778,1,0.134172440,7.636388977,7.846197117,true,none
1785062713.181859255,per_message_full_scan,720,720,6.274458647,6.274458612,0.901388889,0.901388889,1,0.121763609,7.754841548,8.213692641,true,none
1785062714.181936979,per_message_full_scan,720,720,6.274458647,6.274458612,0.901388889,0.901388889,1,0.134060830,7.693810377,7.626065202,true,none
1785062715.181860685,per_message_full_scan,720,720,6.274458647,6.274458612,0.904166667,0.904166667,1,0.118953951,7.755638786,8.079084959,true,none
1785062716.181840420,per_message_full_scan,720,720,6.274458647,6.274458612,0.902777778,0.902777778,1,0.134075850,7.696458197,7.606395508,true,none
1785062717.181838751,per_message_full_scan,720,720,6.274458647,6.274458612,0.913888889,0.913888889,1,0.134086683,7.676915731,7.763195859,true,none
1785062718.181863308,per_message_full_scan,720,720,6.274458647,6.274458612,0.895833333,0.895833333,1,0.134051070,7.694823075,8.052594922,true,none
1785062719.181843042,per_message_full_scan,720,720,6.274458647,6.274458612,0.895833333,0.895833333,1,0.134007975,7.670700666,7.679960636,true,none
1785062720.181855440,per_message_full_scan,720,720,6.274458647,6.274458612,0.906944444,0.906944444,1,0.134137407,7.640248326,7.752967864,true,none
1785062721.190428734,per_message_full_scan,720,720,6.274458647,6.274458612,0.906944444,0.906944444,1,0.121891573,7.763514409,8.088296257,true,none
1785062722.181844234,per_message_full_scan,720,720,6.274458647,6.274458612,0.908333333,0.908333333,1,0.121846683,7.766479035,7.653856827,true,none
1785062723.181927919,per_message_full_scan,720,720,6.274458647,6.274458612,0.904166667,0.904166667,1,0.122029439,7.737898071,7.787767791,true,none
1785062724.181855202,per_message_full_scan,720,720,6.274458647,6.274458612,0.913888889,0.913888889,1,0.132053316,7.697784239,8.019026349,true,none
1785062725.182153702,per_message_full_scan,720,720,6.274458647,6.274458612,0.912500000,0.912500000,1,0.121931255,7.740519040,7.557589938,true,none
1785062726.181841135,per_message_full_scan,720,720,6.274458647,6.274458612,0.905555556,0.905555556,1,0.132797882,7.698046948,7.838567648,true,none
1785062727.205713987,per_message_full_scan,720,720,6.274458647,6.274458612,0.904166667,0.904166667,1,0.134217307,7.658180722,7.647132588,true,none
1785062728.181848049,per_message_full_scan,720,720,6.274458647,6.274458612,0.898611111,0.898611111,1,0.134128734,7.692810883,7.647453935,true,none
1785062729.181882858,per_message_full_scan,720,720,6.274458647,6.274458612,0.884722222,0.884722222,1,0.131916717,7.668438857,7.957461647,true,none
1785062730.191420555,per_message_full_scan,720,720,6.274458647,6.274458612,0.897222222,0.897222222,1,0.133631945,7.631066891,7.652886061,true,none
1785062731.181850910,per_message_full_scan,720,720,6.274458647,6.274458612,0.905555556,0.905555556,1,0.133799449,7.665382364,7.767122430,true,none
1785062732.181852579,per_message_full_scan,720,720,6.274458647,6.274458612,0.893055556,0.893055556,1,0.134033769,7.636444278,7.751363806,true,none
1785062733.181836367,per_message_full_scan,720,720,6.274458647,6.274458612,0.891666667,0.891666667,1,0.121679060,7.755233869,8.118607727,true,none
1785062734.181899786,per_message_full_scan,720,720,6.274458647,6.274458612,0.893055556,0.893055556,1,0.119452134,7.788884017,7.781242486,true,none
1785062735.181847095,per_message_full_scan,720,720,6.274458647,6.274458612,0.901388889,0.901388889,1,0.121787056,7.752633515,7.987787739,true,none
1785062736.182822227,per_message_full_scan,720,720,6.274458647,6.274458612,0.904166667,0.904166667,1,0.133959591,7.698384370,7.571184398,true,none
1785062737.181870937,per_message_full_scan,720,720,6.274458647,6.274458612,0.898611111,0.898611111,1,0.134245440,7.713593409,7.677123159,true,none
1785062738.181845903,per_message_full_scan,720,720,6.274458647,6.274458612,0.900000000,0.900000000,1,0.134053007,7.674915708,8.183398296,true,none
1785062739.181843996,per_message_full_scan,720,720,6.274458647,6.274458612,0.905555556,0.905555556,1,0.133990124,7.634093589,7.625244678,true,none
1785062740.201179028,per_message_full_scan,720,720,6.274458647,6.274458612,0.933333333,0.933333333,1,0.121531844,7.747382530,7.888128508,true,none
1785062741.182053566,per_message_full_scan,720,720,6.274458647,6.274458612,0.918055556,0.918055556,1,0.121743195,7.773337001,8.116761065,true,none
1785062742.181941271,per_message_full_scan,720,720,6.274458647,6.274458612,0.904166667,0.904166667,1,0.121853344,7.714229373,7.590323162,true,none
1785062743.197143078,per_message_full_scan,720,720,6.274458647,6.274458612,0.891666667,0.891666667,1,0.132863387,7.695371008,7.800412751,true,none
1785062744.181937933,per_message_full_scan,720,720,6.274458647,6.274458612,0.886111111,0.886111111,1,0.120236367,7.743976910,7.564687852,true,none
1785062745.181843281,per_message_full_scan,720,720,6.274458647,6.274458612,0.886111111,0.886111111,1,0.134067476,7.696649375,7.698737570,true,none
1785062746.185274363,per_message_full_scan,720,720,6.274458647,6.274458612,0.897222222,0.897222222,1,0.134083569,7.631299155,7.747419245,true,none
1785062747.181865931,per_message_full_scan,720,720,6.274458647,6.274458612,0.895833333,0.895833333,1,0.134200871,7.671649024,7.563667498,true,none
1785062748.181845665,per_message_full_scan,720,720,6.274458647,6.274458612,0.893055556,0.893055556,1,0.132371381,7.642012791,7.596234603,true,none
1785062749.181895494,per_message_full_scan,720,720,6.274458647,6.274458612,0.886111111,0.886111111,1,0.121444345,7.774943078,7.731286078,true,none
1785062750.181831598,per_message_full_scan,720,720,6.274458647,6.274458612,0.893055556,0.893055556,1,0.132702261,7.637579777,7.625481272,true,none
1785062751.181876183,per_message_full_scan,720,720,6.274458647,6.274458612,0.906944444,0.906944444,1,0.121687584,7.771966525,7.725574260,true,none
1785062752.181851387,per_message_full_scan,720,720,6.274458647,6.274458612,0.902777778,0.902777778,1,0.122075126,7.746790091,8.045438657,true,none
1785062753.181847334,per_message_full_scan,720,720,6.274458647,6.274458612,0.894444444,0.894444444,1,0.119465098,7.777674629,7.683229570,true,none
1785062754.181851625,per_message_full_scan,720,720,6.274458647,6.274458612,0.895833333,0.895833333,1,0.121886835,7.744566305,7.820950234,true,none
1785062755.181854963,per_message_full_scan,720,720,6.274458647,6.274458612,0.906944444,0.906944444,1,0.133993402,7.698537534,8.038672461,true,none
1785062756.182197571,per_message_full_scan,720,720,6.274458647,6.274458612,0.890277778,0.890277778,1,0.122371674,7.737171998,7.652529839,true,none
1785062757.181856155,per_message_full_scan,720,720,6.274458647,6.274458612,0.898611111,0.898611111,1,0.134195611,7.692640732,7.882503853,true,none
1785062758.181836367,per_message_full_scan,720,720,6.274458647,6.274458612,0.894444444,0.894444444,1,0.134412065,7.675756367,7.671131650,true,none
1785062759.214434624,per_message_full_scan,720,720,6.274458647,6.274458612,0.894444444,0.894444444,1,0.134361863,7.632271162,7.613715756,true,none
1785062760.182336092,per_message_full_scan,720,720,6.274458647,6.274458612,0.898611111,0.898611111,1,0.133605346,7.674639071,7.882913166,true,none
1785062761.181881905,per_message_full_scan,720,720,6.274458647,6.274458612,0.900000000,0.900000000,1,0.133078575,7.635975255,7.551154405,true,none
1785062762.200374365,per_message_full_scan,720,720,6.274458647,6.274458612,0.895833333,0.895833333,1,0.134173647,7.620234450,7.772294908,true,none
1785062763.181849957,per_message_full_scan,720,720,6.274458647,6.274458612,0.897222222,0.897222222,1,0.133474812,7.677307852,8.153442553,true,none
1785062764.181851625,per_message_full_scan,720,720,6.274458647,6.274458612,0.900000000,0.900000000,1,0.121879302,7.777971755,8.126042807,true,none
1785062765.195641279,per_message_full_scan,720,720,6.274458647,6.274458612,0.900000000,0.900000000,1,0.121824905,7.734838421,7.707914564,true,none
1785062766.182944298,per_message_full_scan,720,720,6.274458647,6.274458612,0.898611111,0.898611111,1,0.121709235,7.767046210,8.087839429,true,none
1785062767.181885004,per_message_full_scan,720,720,6.274458647,6.274458612,0.894444444,0.894444444,1,0.121367224,7.730923067,7.588339645,true,none
1785062768.192339897,per_message_full_scan,720,720,6.274458647,6.274458612,0.886111111,0.886111111,1,0.131744564,7.696338716,7.792758610,true,none
1785062769.182255030,per_message_full_scan,720,720,6.274458647,6.274458612,0.897222222,0.897222222,1,0.134028256,7.699214495,7.803319106,true,none
1785062770.181845427,per_message_full_scan,720,720,6.274458647,6.274458612,0.905555556,0.905555556,1,0.130870804,7.676986254,7.739420279,true,none
1785062771.181949139,per_message_full_scan,720,720,6.274458647,6.274458612,0.894444444,0.894444444,1,0.134154916,7.636050812,7.794435363,true,none
1785062772.181883335,per_message_full_scan,720,720,6.274458647,6.274458612,0.908333333,0.908333333,1,0.133294150,7.671968743,7.575497034,true,none
1785062773.181881428,per_message_full_scan,720,720,6.274458647,6.274458612,0.891666667,0.891666667,1,0.134197205,7.634741111,7.574723066,true,none
1785062774.181843519,per_message_full_scan,720,720,6.274458647,6.274458612,0.898611111,0.898611111,1,0.121542923,7.751537747,7.783176780,true,none
1785062775.182518482,per_message_full_scan,720,720,6.274458647,6.274458612,0.894444444,0.894444444,1,0.121720038,7.767358164,8.216920912,true,none
1785062776.181893110,per_message_full_scan,720,720,6.274458647,6.274458612,0.884722222,0.884722222,1,0.121864147,7.744938694,7.778468907,true,none
1785062777.181900263,per_message_full_scan,720,720,6.274458647,6.274458612,0.894444444,0.894444444,1,0.133514702,7.702044594,7.973621746,true,none
1785062778.182162523,per_message_full_scan,720,720,6.274458647,6.274458612,0.880555556,0.880555556,1,0.122015938,7.735965242,7.615556573,true,none
1785062779.181847095,per_message_full_scan,720,720,6.274458647,6.274458612,0.893055556,0.893055556,1,0.133236825,7.686747444,7.755038742,true,none
1785062780.188212633,per_message_full_scan,720,720,6.274458647,6.274458612,0.901388889,0.901388889,1,0.134340540,7.644476377,7.500155070,true,none
1785062781.220482111,per_message_full_scan,720,720,6.274458647,6.274458612,0.901388889,0.901388889,1,0.121245749,7.773436209,7.580948005,true,none
1785062782.181836128,per_message_full_scan,720,720,6.274458647,6.274458612,0.909722222,0.909722222,1,0.134106904,7.635861387,7.823924895,true,none
1785062783.181845903,per_message_full_scan,720,720,6.274458647,6.274458612,0.905555556,0.905555556,1,0.121795267,7.760231970,8.080573678,true,none
1785062784.181830645,per_message_full_scan,720,720,6.274458647,6.274458612,0.888888889,0.888888889,1,0.121948637,7.737052901,8.063451854,true,none
1785062785.181857109,per_message_full_scan,720,720,6.274458647,6.274458612,0.897222222,0.897222222,1,0.121970341,7.762216787,7.733664956,true,none
1785062786.181860447,per_message_full_scan,720,720,6.274458647,6.274458612,0.908333333,0.908333333,1,0.122028708,7.735337137,7.599366523,true,none
1785062787.192862749,per_message_full_scan,720,720,6.274458647,6.274458612,0.890277778,0.890277778,1,0.134242818,7.693298124,7.731099967,true,none
1785062788.181857347,per_message_full_scan,720,720,6.274458647,6.274458612,0.897222222,0.897222222,1,0.121093892,7.739887529,8.111757551,true,none
1785062789.181854486,per_message_full_scan,720,720,6.274458647,6.274458612,0.897222222,0.897222222,1,0.134114191,7.695437121,7.730469606,true,none
1785062790.190508366,per_message_full_scan,720,720,6.274458647,6.274458612,0.887500000,0.887500000,1,0.134130582,7.646694505,7.657488650,true,none
1785062791.181846380,per_message_full_scan,720,720,6.274458647,6.274458612,0.894444444,0.894444444,1,0.134270146,7.672245841,7.854377548,true,none
1785062792.181899309,per_message_full_scan,720,720,6.274458647,6.274458612,0.901388889,0.901388889,1,0.134060204,7.630609312,7.541145966,true,none
1785062793.181886435,per_message_full_scan,720,720,6.274458647,6.274458612,0.894444444,0.894444444,1,0.122004703,7.759424215,7.724856368,true,none
1785062794.181821585,per_message_full_scan,720,720,6.274458647,6.274458612,0.898611111,0.898611111,1,0.120662495,7.790054644,7.899393118,true,none
1785062795.181848049,per_message_full_scan,720,720,6.274458647,6.274458612,0.894444444,0.894444444,1,0.121772692,7.759273995,8.066327282,true,none
1785062796.181895733,per_message_full_scan,720,720,6.274458647,6.274458612,0.893055556,0.893055556,1,0.121840924,7.743878720,7.703793636,true,none
1785062797.181850910,per_message_full_scan,720,720,6.274458647,6.274458612,0.894444444,0.894444444,1,0.121765777,7.771466472,8.093823693,true,none
1785062798.181824446,per_message_full_scan,720,720,6.274458647,6.274458612,0.905555556,0.905555556,1,0.134047210,7.701612087,8.030994423,true,none
1785062799.181983709,per_message_full_scan,720,720,6.274458647,6.274458612,0.901388889,0.901388889,1,0.134134427,7.676046218,7.868141453,true,none
1785062800.191617727,per_message_full_scan,720,720,6.274458647,6.274458612,0.898611111,0.898611111,1,0.134082556,7.646492157,7.910087846,true,none
1785062801.181887388,per_message_full_scan,720,720,6.274458647,6.274458612,0.906944444,0.906944444,1,0.134033114,7.674024325,7.626910682,true,none
1785062802.181874037,per_message_full_scan,720,720,6.274458647,6.274458612,0.897222222,0.897222222,1,0.134176403,7.626197550,7.746320058,true,none
1785062803.187287092,per_message_full_scan,720,720,6.274458647,6.274458612,0.888888889,0.888888889,1,0.120918818,7.767257741,8.088364825,true,none
1785062804.181937456,per_message_full_scan,720,720,6.274458647,6.274458612,0.894444444,0.894444444,1,0.133881420,7.640745268,7.642325580,true,none
1785062805.181854963,per_message_full_scan,720,720,6.274458647,6.274458612,0.895833333,0.895833333,1,0.120902658,7.769600147,7.971166761,true,none
1785062806.181841373,per_message_full_scan,720,720,6.274458647,6.274458612,0.895833333,0.895833333,1,0.121765502,7.720895857,8.077326804,true,none
1785062807.181892872,per_message_full_scan,720,720,6.274458647,6.274458612,0.898611111,0.898611111,1,0.121819295,7.760845560,7.734545012,true,none
1785062808.181861162,per_message_full_scan,720,720,6.274458647,6.274458612,0.895833333,0.895833333,1,0.121942095,7.734716812,8.173767936,true,none
1785062809.201536655,per_message_full_scan,720,720,6.274458647,6.274458612,0.894444444,0.894444444,1,0.134046733,7.673887403,7.711643912,true,none
1785062810.181838989,per_message_full_scan,720,720,6.274458647,6.274458612,0.891666667,0.891666667,1,0.133612782,7.690156151,7.657621502,true,none
1785062811.182290316,per_message_full_scan,720,720,6.274458647,6.274458612,0.895833333,0.895833333,1,0.134257376,7.653606364,7.658766153,true,none
1785062812.187955379,per_message_full_scan,720,720,6.274458647,6.274458612,0.900000000,0.900000000,1,0.121732503,7.714266581,7.713202198,true,none
1785062813.181834221,per_message_full_scan,720,720,6.274458647,6.274458612,0.901388889,0.901388889,1,0.121848591,7.769441960,7.964200822,true,none
1785062814.182271242,per_message_full_scan,720,720,6.274458647,6.274458612,0.895833333,0.895833333,1,0.122350097,7.689879336,7.504255507,true,none
1785062815.181818962,per_message_full_scan,720,720,6.274458647,6.274458612,0.895833333,0.895833333,1,0.131732687,7.628989267,7.872215800,true,none
1785062816.181837559,per_message_full_scan,720,720,6.274458647,6.274458612,0.905555556,0.905555556,1,0.134554356,7.677349143,7.554443337,true,none
1785062817.181843281,per_message_full_scan,720,720,6.274458647,6.274458612,0.901388889,0.901388889,1,0.134072319,7.670675975,7.704774818,true,none
1785062818.181842089,per_message_full_scan,720,720,6.274458647,6.274458612,0.883333333,0.883333333,1,0.133975655,7.629267327,8.267253370,true,none
1785062819.181842804,per_message_full_scan,720,720,6.274458647,6.274458612,0.884722222,0.884722222,1,0.134240970,7.668929341,7.718090471,true,none
1785062820.181853533,per_message_full_scan,720,720,6.274458647,6.274458612,0.900000000,0.900000000,1,0.121659972,7.787598059,8.007177956,true,none
1785062821.181856871,per_message_full_scan,720,720,6.274458647,6.274458612,0.880555556,0.880555556,1,0.121841975,7.745395875,8.182682836,true,none
1785062822.181842327,per_message_full_scan,720,720,6.274458647,6.274458612,0.893055556,0.893055556,1,0.119966723,7.775220408,7.653442352,true,none
1785062823.181841135,per_message_full_scan,720,720,6.274458647,6.274458612,0.886111111,0.886111111,1,0.121860303,7.754147657,7.803232896,true,none
1785062824.181876898,per_message_full_scan,720,720,6.274458647,6.274458612,0.898611111,0.898611111,1,0.134629011,7.665816736,7.936247709,true,none
1785062825.181888103,per_message_full_scan,720,720,6.274458647,6.274458612,0.877777778,0.877777778,1,0.119396597,7.757537224,7.674064737,true,none
1785062826.181835890,per_message_full_scan,720,720,6.274458647,6.274458612,0.886111111,0.886111111,1,0.134138808,7.704101074,7.981530848,true,none
1785062827.182662487,per_message_full_scan,720,720,6.274458647,6.274458612,0.886111111,0.886111111,1,0.130942792,7.693895868,7.602762957,true,none
1785062828.181853771,per_message_full_scan,720,720,6.274458647,6.274458612,0.877777778,0.877777778,1,0.134113297,7.700413767,7.647660812,true,none
1785062829.181849957,per_message_full_scan,720,720,6.274458647,6.274458612,0.894444444,0.894444444,1,0.134025350,7.649516420,7.959496564,true,none
1785062830.181843042,per_message_full_scan,720,720,6.274458647,6.274458612,0.886111111,0.886111111,1,0.120489649,7.786788700,8.134501247,true,none
1785062831.200928450,per_message_full_scan,720,720,6.274458647,6.274458612,0.887500000,0.887500000,1,0.121939369,7.741984848,7.736995646,true,none
1785062832.181845427,per_message_full_scan,720,720,6.274458647,6.274458612,0.893055556,0.893055556,1,0.120936222,7.777678087,7.907543714,true,none
1785062833.181876659,per_message_full_scan,720,720,6.274458647,6.274458612,0.883333333,0.883333333,1,0.134065539,7.701127011,8.009349671,true,none
1785062834.196862936,per_message_full_scan,720,720,6.274458647,6.274458612,0.879166667,0.879166667,1,0.131652564,7.677336319,7.664456146,true,none
1785062835.181912661,per_message_full_scan,720,720,6.274458647,6.274458612,0.890277778,0.890277778,1,0.133650661,7.686366299,8.051462502,true,none
1785062836.182003260,per_message_full_scan,720,720,6.274458647,6.274458612,0.895833333,0.895833333,1,0.133236706,7.634973672,7.544569174,true,none
1785062837.192428589,per_message_full_scan,720,720,6.274458647,6.274458612,0.893055556,0.893055556,1,0.121726789,7.762257691,7.677116229,true,none
1785062838.181863785,per_message_full_scan,720,720,6.274458647,6.274458612,0.900000000,0.900000000,1,0.133777872,7.636342994,7.602599161,true,none
1785062839.181834698,per_message_full_scan,720,720,6.274458647,6.274458612,0.883333333,0.883333333,1,0.119633868,7.778566316,7.659981853,true,none
1785062840.181844950,per_message_full_scan,720,720,6.274458647,6.274458612,0.890277778,0.890277778,1,0.134108886,7.716625774,7.701607992,true,none
1785062841.181865454,per_message_full_scan,720,720,6.274458647,6.274458612,0.897222222,0.897222222,1,0.121189848,7.747296364,8.065104855,true,none
1785062842.181850672,per_message_full_scan,720,720,6.274458647,6.274458612,0.886111111,0.886111111,1,0.133912027,7.693207956,7.611953946,true,none
1785062843.181860447,per_message_full_scan,720,720,6.274458647,6.274458612,0.887500000,0.887500000,1,0.134719536,7.638226130,7.843336330,true,none
1785062844.197471142,per_message_full_scan,720,720,6.274458647,6.274458612,0.895833333,0.895833333,1,0.121718675,7.773137973,8.145803930,true,none
1785062845.181875229,per_message_full_scan,720,720,6.274458647,6.274458612,0.877777778,0.877777778,1,0.121278524,7.784512606,7.691495772,true,none
1785062846.181898355,per_message_full_scan,720,720,6.274458647,6.274458612,0.886111111,0.886111111,1,0.121627927,8.842536111,7.495963793,true,none
1785062847.183751822,per_message_full_scan,720,720,6.274458647,6.274458612,0.883333333,0.883333333,1,0.134110123,7.880812538,7.989729975,true,none
1785062848.181875467,per_message_full_scan,720,720,6.274458647,6.274458612,0.880555556,0.880555556,1,0.121835947,7.776522965,7.566033141,true,none
1785062849.181843758,per_message_full_scan,720,720,6.274458647,6.274458612,0.886111111,0.886111111,1,0.134197265,7.688736398,7.650135413,true,none
1785062850.211317539,per_message_full_scan,720,720,6.274458647,6.274458612,0.890277778,0.890277778,1,0.134222656,7.636720225,7.653512381,true,none
1785062851.181841135,per_message_full_scan,720,720,6.274458647,6.274458612,0.891666667,0.891666667,1,0.133090019,7.648445791,7.663640351,true,none
1785062852.181845188,per_message_full_scan,720,720,6.274458647,6.274458612,0.893055556,0.893055556,1,0.134115577,7.643407189,7.875965548,true,none
1785062853.181836367,per_message_full_scan,720,720,6.274458647,6.274458612,0.894444444,0.894444444,1,0.119782478,7.780315770,8.153066228,true,none
1785062854.182024240,per_message_full_scan,720,720,6.274458647,6.274458612,0.891666667,0.891666667,1,0.134342879,7.644012312,7.711643441,true,none
1785062855.181841373,per_message_full_scan,720,720,6.274458647,6.274458612,0.890277778,0.890277778,1,0.120881356,7.773292069,7.934860502,true,none
1785062856.181841612,per_message_full_scan,720,720,6.274458647,6.274458612,0.897222222,0.897222222,1,0.134042576,7.706373654,8.069632898,true,none
1785062857.181854010,per_message_full_scan,720,720,6.274458647,6.274458612,0.893055556,0.893055556,1,0.121906936,7.763513996,7.721302241,true,none
1785062858.181938171,per_message_full_scan,720,720,6.274458647,6.274458612,0.900000000,0.900000000,1,0.134924307,7.693175744,8.024568676,true,none
1785062859.191232681,per_message_full_scan,720,720,6.274458647,6.274458612,0.884722222,0.884722222,1,0.134205937,7.660428136,7.580019501,true,none
1785062860.181875706,per_message_full_scan,720,720,6.274458647,6.274458612,0.884722222,0.884722222,1,0.134080946,7.695115533,7.644250836,true,none
1785062861.181885481,per_message_full_scan,720,720,6.274458647,6.274458612,0.897222222,0.897222222,1,0.134213984,7.681839578,7.980381665,true,none
1785062862.181904078,per_message_full_scan,720,720,6.274458647,6.274458612,0.886111111,0.886111111,1,0.134151965,7.623303209,7.611689647,true,none
1785062863.208404541,per_message_full_scan,720,720,6.274458647,6.274458612,0.891666667,0.891666667,1,0.121723838,7.746818431,7.724231430,true,none
1785062864.181846857,per_message_full_scan,720,720,6.274458647,6.274458612,0.876388889,0.876388889,1,0.122011729,7.774126379,8.101154870,true,none
1785062865.181835413,per_message_full_scan,720,720,6.274458647,6.274458612,0.890277778,0.890277778,1,0.121859081,7.700991591,7.567507247,true,none
1785062866.204815626,per_message_full_scan,720,720,6.274458647,6.274458612,0.880555556,0.880555556,1,0.134106562,7.683269313,7.660003157,true,none
1785062867.181862593,per_message_full_scan,720,720,6.274458647,6.274458612,0.888888889,0.888888889,1,0.134103984,7.683515607,7.910775548,true,none
1785062868.181941032,per_message_full_scan,720,720,6.274458647,6.274458612,0.895833333,0.895833333,1,0.134133086,7.670358380,7.717827177,true,none
1785062869.190127134,per_message_full_scan,720,720,6.274458647,6.274458612,0.888888889,0.888888889,1,0.121928088,7.779816361,7.766066919,true,none
1785062870.182011604,per_message_full_scan,720,720,6.274458647,6.274458612,0.887500000,0.887500000,1,0.134042963,7.618687985,8.316161044,true,none
1785062871.181878567,per_message_full_scan,720,720,6.274458647,6.274458612,0.886111111,0.886111111,1,0.121314332,7.765387683,8.105512082,true,none
1785062872.186195850,per_message_full_scan,720,720,6.274458647,6.274458612,0.906944444,0.906944444,1,0.134208381,7.709563890,7.761582295,true,none
1785062873.181823254,per_message_full_scan,720,720,6.274458647,6.274458612,0.895833333,0.895833333,1,0.121975906,7.734402224,8.061006302,true,none
1785062874.181859255,per_message_full_scan,720,720,6.274458647,6.274458612,0.893055556,0.893055556,1,0.134376884,7.691791816,7.578009108,true,none
1785062875.181840897,per_message_full_scan,720,720,6.274458647,6.274458612,0.893055556,0.893055556,1,0.134302661,7.669660506,7.768316868,true,none
1785062876.181850672,per_message_full_scan,720,720,6.274458647,6.274458612,0.879166667,0.879166667,1,0.134235919,7.689258045,8.044610087,true,none
1785062877.181839705,per_message_full_scan,720,720,6.274458647,6.274458612,0.894444444,0.894444444,1,0.134046957,7.670894972,7.670457764,true,none
1785062878.181839943,per_message_full_scan,720,720,6.274458647,6.274458612,0.894444444,0.894444444,1,0.122016728,7.766396920,7.827808836,true,none
1785062879.193810701,per_message_full_scan,720,720,6.274458647,6.274458612,0.897222222,0.897222222,1,0.122041628,7.708031149,8.164682065,true,none
1785062880.181853771,per_message_full_scan,720,720,6.274458647,6.274458612,0.900000000,0.900000000,1,0.121708147,7.745308606,7.629121347,true,none
1785062881.181840658,per_message_full_scan,720,720,6.274458647,6.274458612,0.879166667,0.879166667,1,0.134012759,7.693894917,7.832946758,true,none
1785062882.188086987,per_message_full_scan,720,720,6.274458647,6.274458612,0.900000000,0.900000000,1,0.134070769,7.674065632,8.145129382,true,none
1785062883.181894302,per_message_full_scan,720,720,6.274458647,6.274458612,0.880555556,0.880555556,1,0.134049401,7.696341032,7.711830943,true,none
1785062884.181843758,per_message_full_scan,720,720,6.274458647,6.274458612,0.891666667,0.891666667,1,0.135074496,7.622937899,7.795067487,true,none
1785062885.183483362,per_message_full_scan,720,720,6.274458647,6.274458612,0.887500000,0.887500000,1,0.121995702,7.763142198,7.891535289,true,none
1785062886.181837082,per_message_full_scan,720,720,6.274458647,6.274458612,0.894444444,0.894444444,1,0.134336278,7.611353303,7.760892651,true,none
1785062887.181834221,per_message_full_scan,720,720,6.274458647,6.274458612,0.884722222,0.884722222,1,0.121903241,7.749127955,7.744207080,true,none
1785062888.181855917,per_message_full_scan,720,720,6.274458647,6.274458612,0.881944444,0.881944444,1,0.133058995,7.699091484,8.061386844,true,none
1785062889.181833506,per_message_full_scan,720,720,6.274458647,6.274458612,0.890277778,0.890277778,1,0.121958733,7.722230505,7.735357814,true,none
1785062890.181875229,per_message_full_scan,720,720,6.274458647,6.274458612,0.902777778,0.902777778,1,0.133284867,7.681438968,7.973462645,true,none
1785062891.197487116,per_message_full_scan,720,720,6.274458647,6.274458612,0.894444444,0.894444444,1,0.134245038,7.628438000,7.654015826,true,none
1785062892.181859493,per_message_full_scan,720,720,6.274458647,6.274458612,0.887500000,0.887500000,1,0.133815080,7.665712443,7.762787192,true,none
1785062893.182027817,per_message_full_scan,720,720,6.274458647,6.274458612,0.897222222,0.897222222,1,0.121912181,7.765461555,7.821618319,true,none
1785062894.181835175,per_message_full_scan,720,720,6.274458647,6.274458612,0.879166667,0.879166667,1,0.121770717,7.727674201,8.181917340,true,none
1785062895.182209015,per_message_full_scan,720,720,6.274458647,6.274458612,0.898611111,0.898611111,1,0.121814460,7.765165707,7.764509028,true,none
1785062896.181861401,per_message_full_scan,720,720,6.274458647,6.274458612,0.887500000,0.887500000,1,0.134359464,7.688020811,7.802118919,true,none
1785062897.181826830,per_message_full_scan,720,720,6.274458647,6.274458612,0.886111111,0.886111111,1,0.134230360,7.665656953,7.646611767,true,none
1785062898.204808235,per_message_full_scan,720,720,6.274458647,6.274458612,0.893055556,0.893055556,1,0.135653242,7.621318436,7.802779701,true,none
1785062899.181843519,per_message_full_scan,720,720,6.274458647,6.274458612,0.890277778,0.890277778,1,0.134054646,7.652305639,7.752847507,true,none
1785062900.181865692,per_message_full_scan,720,720,6.274458647,6.274458612,0.906944444,0.906944444,1,0.121957608,7.768822194,7.651250934,true,none
1785062901.196809053,per_message_full_scan,720,720,6.274458647,6.274458612,0.895833333,0.895833333,1,0.122082233,7.733699457,7.757714693,true,none
1785062902.181845665,per_message_full_scan,720,720,6.274458647,6.274458612,0.895833333,0.895833333,1,0.121815287,7.747072681,8.062496296,true,none
1785062903.181860924,per_message_full_scan,720,720,6.274458647,6.274458612,0.897222222,0.897222222,1,0.133175835,7.695318012,7.593133646,true,none
1785062904.194195986,per_message_full_scan,720,720,6.274458647,6.274458612,0.886111111,0.886111111,1,0.133745715,7.668069126,7.776601652,true,none
1785062905.181944847,per_message_full_scan,720,720,6.274458647,6.274458612,0.893055556,0.893055556,1,0.134134531,7.693637099,7.966121523,true,none
1785062906.181882620,per_message_full_scan,720,720,6.274458647,6.274458612,0.886111111,0.886111111,1,0.132130578,7.677804593,7.668159555,true,none
1785062907.183056116,per_message_full_scan,720,720,6.274458647,6.274458612,0.898611111,0.898611111,1,0.118736252,7.777996784,7.925914806,true,none
1785062908.181855679,per_message_full_scan,720,720,6.274458647,6.274458612,0.887500000,0.887500000,1,0.133897781,7.641249655,7.715755464,true,none
1785062909.181833267,per_message_full_scan,720,720,6.274458647,6.274458612,0.890277778,0.890277778,1,0.121868826,7.748381730,8.091724720,true,none
1785062910.181843996,per_message_full_scan,720,720,6.274458647,6.274458612,0.895833333,0.895833333,1,0.121973172,7.717732348,7.818555056,true,none
1785062911.181875706,per_message_full_scan,720,720,6.274458647,6.274458612,0.884722222,0.884722222,1,0.119391695,7.756529483,8.309440671,true,none
1785062912.181861162,per_message_full_scan,720,720,6.274458647,6.274458612,0.888888889,0.888888889,1,0.133661225,7.707508433,7.618897996,true,none
1785062913.181847811,per_message_full_scan,720,720,6.274458647,6.274458612,0.884722222,0.884722222,1,0.134173229,7.678469127,7.711683350,true,none
1785062914.181874037,per_message_full_scan,720,720,6.274458647,6.274458612,0.893055556,0.893055556,1,0.133963555,7.696356013,7.762636690,true,none
1785062915.181835413,per_message_full_scan,720,720,6.274458647,6.274458612,0.884722222,0.884722222,1,0.134026110,7.646349339,7.677041060,true,none
1785062916.181863070,per_message_full_scan,720,720,6.274458647,6.274458612,0.890277778,0.890277778,1,0.121865414,7.770907732,7.895952395,true,none
1785062917.190379858,per_message_full_scan,720,720,6.274458647,6.274458612,0.886111111,0.886111111,1,0.134177461,7.708567017,7.830857541,true,none
1785062918.181853771,per_message_full_scan,720,720,6.274458647,6.274458612,0.891666667,0.891666667,1,0.121514261,7.693014838,7.622127848,true,none
1785062919.181859016,per_message_full_scan,720,720,6.274458647,6.274458612,0.890277778,0.890277778,1,0.134185418,7.697710187,8.071259630,true,none
1785062920.181836605,per_message_full_scan,720,720,6.274458647,6.274458612,0.894444444,0.894444444,1,0.132018790,7.644934689,8.123727926,true,none
1785062921.181840897,per_message_full_scan,720,720,6.274458647,6.274458612,0.886111111,0.886111111,1,0.134117812,7.674514740,7.655744531,true,none
1785062922.181854010,per_message_full_scan,720,720,6.274458647,6.274458612,0.893055556,0.893055556,1,0.121605247,7.779119513,7.735628136,true,none
1785062923.181845188,per_message_full_scan,720,720,6.274458647,6.274458612,0.881944444,0.881944444,1,0.121636502,7.744276245,8.138398083,true,none
1785062924.181829453,per_message_full_scan,720,720,6.274458647,6.274458612,0.880555556,0.880555556,1,0.121611722,7.249057192,7.192490860,true,none
1785062925.181888819,per_message_full_scan,720,720,6.274458647,6.274458612,0.884722222,0.884722222,1,0.134058580,7.603029071,7.746801748,true,none
1785062926.181863070,per_message_full_scan,720,720,6.274458647,6.274458612,0.884722222,0.884722222,1,0.133597702,7.658892980,7.934732503,true,none
1785062927.181938171,per_message_full_scan,720,720,6.274458647,6.274458612,0.880555556,0.880555556,1,0.134027764,7.677739775,7.666318223,true,none
1785062928.181897640,per_message_full_scan,720,720,6.274458647,6.274458612,0.890277778,0.890277778,1,0.134014875,7.675608487,7.923497475,true,none
1785062929.181853294,per_message_full_scan,720,720,6.274458647,6.274458612,0.894444444,0.894444444,1,0.121795490,7.783854202,8.081278337,true,none
1785062930.218244791,per_message_full_scan,720,720,6.274458647,6.274458612,0.884722222,0.884722222,1,0.122596942,7.730412167,7.717264750,true,none
1785062931.181836128,per_message_full_scan,720,720,6.274458647,6.274458612,0.883333333,0.883333333,1,0.121830322,7.769398336,7.957580197,true,none
1785062932.181860685,per_message_full_scan,720,720,6.274458647,6.274458612,0.887500000,0.887500000,1,0.134490237,7.661873113,7.640581537,true,none
1785062933.205228567,per_message_full_scan,720,720,6.274458647,6.274458612,0.895833333,0.895833333,1,0.133799553,7.676796292,7.665658928,true,none
1785062934.181849957,per_message_full_scan,720,720,6.274458647,6.274458612,0.893055556,0.893055556,1,0.137272030,7.667280028,7.845604942,true,none
1785062935.181858778,per_message_full_scan,720,720,6.274458647,6.274458612,0.904166667,0.904166667,1,0.134121686,7.675996705,7.653754229,true,none
1785062936.191123486,per_message_full_scan,720,720,6.274458647,6.274458612,0.904166667,0.904166667,1,0.122614577,7.742732126,7.723174913,true,none
1785062937.181848288,per_message_full_scan,720,720,6.274458647,6.274458612,0.881944444,0.881944444,1,0.133731991,7.611139480,7.895927486,true,none
1785062938.181852102,per_message_full_scan,720,720,6.274458647,6.274458612,0.888888889,0.888888889,1,0.121456109,7.779925370,8.273648293,true,none
1785062939.186024427,per_message_full_scan,720,720,6.274458647,6.274458612,0.890277778,0.890277778,1,0.121433258,7.742775920,7.675648607,true,none
1785062940.181813240,per_message_full_scan,720,720,6.274458647,6.274458612,0.883333333,0.883333333,1,0.121695369,7.735600975,8.052145654,true,none
1785062941.181844234,per_message_full_scan,720,720,6.274458647,6.274458612,0.877777778,0.877777778,1,0.134061024,7.694544418,7.697798151,true,none
1785062942.183198214,per_message_full_scan,720,720,6.274458647,6.274458612,0.884722222,0.884722222,1,0.133579880,7.669010538,7.661475020,true,none
1785062943.181849957,per_message_full_scan,720,720,6.274458647,6.274458612,0.893055556,0.893055556,1,0.133741781,7.699906989,8.028987897,true,none
1785062944.181849957,per_message_full_scan,720,720,6.274458647,6.274458612,0.879166667,0.879166667,1,0.133733928,7.628704489,7.753837544,true,none
1785062945.181840181,per_message_full_scan,720,720,6.274458647,6.274458612,0.893055556,0.893055556,1,0.122886501,7.755921553,7.711277943,true,none
1785062946.204934359,per_message_full_scan,720,720,6.274458647,6.274458612,0.891666667,0.891666667,1,0.121955283,7.720558873,7.745282711,true,none
1785062947.181872845,per_message_full_scan,720,720,6.274458647,6.274458612,0.891666667,0.891666667,1,0.121743701,7.771343597,8.124276860,true,none
1785062948.181879282,per_message_full_scan,720,720,6.274458647,6.274458612,0.902777778,0.902777778,1,0.122190520,7.735398837,7.751068173,true,none
1785062949.187815189,per_message_full_scan,720,720,6.274458647,6.274458612,0.901388889,0.901388889,1,0.134147137,7.693920091,8.014788361,true,none
1785062950.181875467,per_message_full_scan,720,720,6.274458647,6.274458612,0.890277778,0.890277778,1,0.119239151,7.732679808,7.533674439,true,none
1785062951.181841850,per_message_full_scan,720,720,6.274458647,6.274458612,0.883333333,0.883333333,1,0.134131372,7.681765706,7.786389205,true,none
1785062952.185137033,per_message_full_scan,720,720,6.274458647,6.274458612,0.893055556,0.893055556,1,0.133423001,7.651307699,8.331188919,true,none
1785062953.181822538,per_message_full_scan,720,720,6.274458647,6.274458612,0.891666667,0.891666667,1,0.134295344,7.663159042,7.702201502,true,none
1785062954.181829691,per_message_full_scan,720,720,6.274458647,6.274458612,0.893055556,0.893055556,1,0.121198349,7.787294793,7.793394638,true,none
1785062955.181838989,per_message_full_scan,720,720,6.274458647,6.274458612,0.900000000,0.900000000,1,0.121762976,7.739350201,7.952351241,true,none
1785062956.181863785,per_message_full_scan,720,720,6.274458647,6.274458612,0.897222222,0.897222222,1,0.121526845,7.752510556,7.579480834,true,none
1785062957.181827068,per_message_full_scan,720,720,6.274458647,6.274458612,0.895833333,0.895833333,1,0.133810788,7.706903809,7.876819850,true,none
1785062958.196944952,per_message_full_scan,720,720,6.274458647,6.274458612,0.898611111,0.898611111,1,0.133612245,7.674210106,7.680324978,true,none
1785062959.181839705,per_message_full_scan,720,720,6.274458647,6.274458612,0.895833333,0.895833333,1,0.130730122,7.690402264,7.694148466,true,none
1785062960.181874514,per_message_full_scan,720,720,6.274458647,6.274458612,0.893055556,0.893055556,1,0.134152099,7.640586750,7.985284566,true,none
1785062961.182338715,per_message_full_scan,720,720,6.274458647,6.274458612,0.888888889,0.888888889,1,0.121751852,7.775996819,8.112417981,true,none
1785062962.181928396,per_message_full_scan,720,720,6.274458647,6.274458612,0.894444444,0.894444444,1,0.121787541,7.788037871,7.640123930,true,none
1785062963.181836843,per_message_full_scan,720,720,6.274458647,6.274458612,0.898611111,0.898611111,1,0.121765018,7.737720992,7.896964158,true,none
1785062964.181978941,per_message_full_scan,720,720,6.274458647,6.274458612,0.893055556,0.893055556,1,0.134078175,7.698700586,7.986456916,true,none
1785062965.212074995,per_message_full_scan,720,720,6.274458647,6.274458612,0.900000000,0.900000000,1,0.134147435,7.676874903,7.676150613,true,none
1785062966.181844950,per_message_full_scan,720,720,6.274458647,6.274458612,0.888888889,0.888888889,1,0.134147614,7.687538045,7.944974289,true,none
1785062967.181850195,per_message_full_scan,720,720,6.274458647,6.274458612,0.902777778,0.902777778,1,0.134192601,7.634677104,7.565292215,true,none
1785062968.198338985,per_message_full_scan,720,720,6.274458647,6.274458612,0.886111111,0.886111111,1,0.122092582,7.748145575,7.813190454,true,none
1785062969.181848526,per_message_full_scan,720,720,6.274458647,6.274458612,0.904166667,0.904166667,1,0.121710926,7.784966839,7.838947985,true,none
1785062970.181849003,per_message_full_scan,720,720,6.274458647,6.274458612,0.890277778,0.890277778,1,0.120654486,7.747788071,8.105238918,true,none
1785062971.194010735,per_message_full_scan,720,720,6.274458647,6.274458612,0.898611111,0.898611111,1,0.134184271,7.694704381,7.654546086,true,none
1785062972.181850433,per_message_full_scan,720,720,6.274458647,6.274458612,0.894444444,0.894444444,1,0.121877775,7.737966771,8.073359814,true,none
1785062973.182209015,per_message_full_scan,720,720,6.274458647,6.274458612,0.881944444,0.881944444,1,0.131819487,7.691050949,8.060594950,true,none
1785062974.190968752,per_message_full_scan,720,720,6.274458647,6.274458612,0.891666667,0.891666667,1,0.133206442,7.636804311,7.669452917,true,none
1785062975.181887627,per_message_full_scan,720,720,6.274458647,6.274458612,0.893055556,0.893055556,1,0.133831218,7.671481698,7.934335736,true,none
1785062976.181836605,per_message_full_scan,720,720,6.274458647,6.274458612,0.897222222,0.897222222,1,0.133232638,7.636005923,7.672130907,true,none
1785062977.181894302,per_message_full_scan,720,720,6.274458647,6.274458612,0.898611111,0.898611111,1,0.121844850,7.747940204,7.719057228,true,none
1785062978.181960344,per_message_full_scan,720,720,6.274458647,6.274458612,0.886111111,0.886111111,1,0.132196322,7.637041948,8.098361563,true,none
1785062979.181832552,per_message_full_scan,720,720,6.274458647,6.274458612,0.898611111,0.898611111,1,0.121876054,7.755846389,7.621650331,true,none
1785062980.182163239,per_message_full_scan,720,720,6.274458647,6.274458612,0.901388889,0.901388889,1,0.132068321,7.704029885,7.781566852,true,none
1785062981.181864738,per_message_full_scan,720,720,6.274458647,6.274458612,0.891666667,0.891666667,1,0.121773697,7.745476037,8.079456004,true,none
1785062982.181865215,per_message_full_scan,720,720,6.274458647,6.274458612,0.891666667,0.891666667,1,0.134482980,7.691128668,7.584172724,true,none
1785062983.181845903,per_message_full_scan,720,720,6.274458647,6.274458612,0.897222222,0.897222222,1,0.133941442,7.646049642,7.755696126,true,none
1785062984.190613747,per_message_full_scan,720,720,6.274458647,6.274458612,0.895833333,0.895833333,1,0.121895075,7.770157029,7.869681031,true,none
1785062985.181855440,per_message_full_scan,720,720,6.274458647,6.274458612,0.893055556,0.893055556,1,0.121847913,7.785230909,7.620473751,true,none
1785062986.181881666,per_message_full_scan,720,720,6.274458647,6.274458612,0.895833333,0.895833333,1,0.121911667,7.739731961,7.702019672,true,none
1785062987.181841850,per_message_full_scan,720,720,6.274458647,6.274458612,0.872222222,0.872222222,1,0.132189468,7.695579480,7.996094273,true,none
1785062988.182469845,per_message_full_scan,720,720,6.274458647,6.274458612,0.898611111,0.898611111,1,0.121948048,7.736984920,7.580899563,true,none
1785062989.181834698,per_message_full_scan,720,720,6.274458647,6.274458612,0.895833333,0.895833333,1,0.133981764,7.697078296,7.850246003,true,none
1785062990.181877136,per_message_full_scan,720,720,6.274458647,6.274458612,0.890277778,0.890277778,1,0.134018630,7.643294187,7.858843212,true,none
1785062991.181842089,per_message_full_scan,720,720,6.274458647,6.274458612,0.901388889,0.901388889,1,0.134296417,7.673287025,7.617646455,true,none
1785062992.181837559,per_message_full_scan,720,720,6.274458647,6.274458612,0.893055556,0.893055556,1,0.133435279,7.644515153,7.767481903,true,none
1785062993.181826830,per_message_full_scan,720,720,6.274458647,6.274458612,0.893055556,0.893055556,1,0.121527530,7.768380498,8.003983422,true,none
1785062994.181868076,per_message_full_scan,720,720,6.274458647,6.274458612,0.884722222,0.884722222,1,0.133748144,7.633178494,7.671122101,true,none
1785062995.181869507,per_message_full_scan,720,720,6.274458647,6.274458612,0.900000000,0.900000000,1,0.121938109,7.765264622,7.911430743,true,none
1785062996.187443018,per_message_full_scan,720,720,6.274458647,6.274458612,0.886111111,0.886111111,1,0.134304598,7.678716620,7.854248631,true,none
1785062997.181890249,per_message_full_scan,720,720,6.274458647,6.274458612,0.891666667,0.891666667,1,0.120823853,7.746010599,7.742492989,true,none
1785062998.181841135,per_message_full_scan,720,720,6.274458647,6.274458612,0.893055556,0.893055556,1,0.133710980,7.701963002,7.912118089,true,none
1785062999.183990240,per_message_full_scan,720,720,6.274458647,6.274458612,0.887500000,0.887500000,1,0.134266302,7.627205062,7.621131666,true,none
1785063000.214344740,per_message_full_scan,720,720,6.274458647,6.274458612,0.881944444,0.881944444,1,0.121841148,7.762451763,7.622239919,true,none
1785063001.181847811,per_message_full_scan,720,720,6.274458647,6.274458612,0.898611111,0.898611111,1,0.121152326,7.753543189,7.919632884,true,none
1785063002.181844473,per_message_full_scan,720,720,6.274458647,6.274458612,0.893055556,0.893055556,1,0.121966556,7.734669234,8.200791573,true,none
1785063003.201490164,per_message_full_scan,720,720,6.274458647,6.274458612,0.888888889,0.888888889,1,0.134073630,7.690955061,7.646336766,true,none
1785063004.181845665,per_message_full_scan,720,720,6.274458647,6.274458612,0.905555556,0.905555556,1,0.134019986,7.701578487,7.832492829,true,none
1785063005.181886673,per_message_full_scan,720,720,6.274458647,6.274458612,0.886111111,0.886111111,1,0.134264439,7.687608838,7.551166898,true,none
1785063006.198001385,per_message_full_scan,720,720,6.274458647,6.274458612,0.898611111,0.898611111,1,0.133109897,7.648807402,7.732431233,true,none
1785063007.183160782,per_message_full_scan,720,720,6.274458647,6.274458612,0.900000000,0.900000000,1,0.134143874,7.672057927,8.012625465,true,none
1785063008.181846619,per_message_full_scan,720,720,6.274458647,6.274458612,0.897222222,0.897222222,1,0.133169532,7.636794074,7.659388132,true,none
1785063009.184103489,per_message_full_scan,720,720,6.274458647,6.274458612,0.911111111,0.911111111,1,0.121562295,7.755669850,7.689007985,true,none
1785063010.181940317,per_message_full_scan,720,720,6.274458647,6.274458612,0.897222222,0.897222222,1,0.121628828,7.779330408,7.959175625,true,none
1785063011.181844473,per_message_full_scan,720,720,6.274458647,6.274458612,0.897222222,0.897222222,1,0.119607940,7.740931899,7.592047216,true,none
1785063012.181863308,per_message_full_scan,720,720,6.274458647,6.274458612,0.902777778,0.902777778,1,0.133461580,7.670690519,7.775508571,true,none
1785063013.181846380,per_message_full_scan,720,720,6.274458647,6.274458612,0.898611111,0.898611111,1,0.134212255,7.695498179,7.902012792,true,none
1785063014.181847572,per_message_full_scan,720,720,6.274458647,6.274458612,0.902777778,0.902777778,1,0.133958787,7.666682296,7.653105709,true,none
1785063015.181847334,per_message_full_scan,720,720,6.274458647,6.274458612,0.908333333,0.908333333,1,0.134298488,7.635303830,7.715093673,true,none
1785063016.197476387,per_message_full_scan,720,720,6.274458647,6.274458612,0.904166667,0.904166667,1,0.121925466,7.771582272,8.098760256,true,none
1785063017.182121992,per_message_full_scan,720,720,6.274458647,6.274458612,0.906944444,0.906944444,1,0.134036243,7.643250606,7.638776753,true,none
1785063018.181946993,per_message_full_scan,720,720,6.274458647,6.274458612,0.897222222,0.897222222,1,0.121907331,7.728033981,7.889647571,true,none
1785063019.185792685,per_message_full_scan,720,720,6.274458647,6.274458612,0.902777778,0.902777778,1,0.134152353,7.699811907,8.005208633,true,none
1785063020.181834459,per_message_full_scan,720,720,6.274458647,6.274458612,0.895833333,0.895833333,1,0.122814655,7.701574548,7.657581983,true,none
1785063021.181874275,per_message_full_scan,720,720,6.274458647,6.274458612,0.906944444,0.906944444,1,0.134233385,7.690203041,7.818928174,true,none
1785063022.211903811,per_message_full_scan,720,720,6.274458647,6.274458612,0.906944444,0.906944444,1,0.134007394,7.644065062,7.593846207,true,none
1785063023.181907892,per_message_full_scan,720,720,6.274458647,6.274458612,0.909722222,0.909722222,1,0.136260420,7.626593703,7.631026483,true,none
1785063024.181842089,per_message_full_scan,720,720,6.274458647,6.274458612,0.887500000,0.887500000,1,0.121977873,7.782798095,7.865593369,true,none
1785063025.181879282,per_message_full_scan,720,720,6.274458647,6.274458612,0.908333333,0.908333333,1,0.133923933,7.707908161,8.075808359,true,none
1785063026.181852102,per_message_full_scan,720,720,6.274458647,6.274458612,0.905555556,0.905555556,1,0.122403599,7.723719575,7.688342552,true,none
1785063027.181841850,per_message_full_scan,720,720,6.274458647,6.274458612,0.886111111,0.886111111,1,0.134115905,7.694316410,7.841070729,true,none
1785063028.193380833,per_message_full_scan,720,720,6.274458647,6.274458612,0.904166667,0.904166667,1,0.132894248,7.647289022,7.792891715,true,none
1785063029.181848049,per_message_full_scan,720,720,6.274458647,6.274458612,0.901388889,0.901388889,1,0.134185001,7.672964328,7.718472472,true,none
1785063030.181986332,per_message_full_scan,720,720,6.274458647,6.274458612,0.902777778,0.902777778,1,0.134266049,7.635853294,7.903717804,true,none
1785063031.181857586,per_message_full_scan,720,720,6.274458647,6.274458612,0.902777778,0.902777778,1,0.121168055,7.752023835,7.933607789,true,none
1785063032.182121992,per_message_full_scan,720,720,6.274458647,6.274458612,0.893055556,0.893055556,1,0.121787786,7.760303996,7.600661411,true,none
1785063033.181836367,per_message_full_scan,720,720,6.274458647,6.274458612,0.890277778,0.890277778,1,0.121777542,7.743531556,7.782706573,true,none
1785063034.181885242,per_message_full_scan,720,720,6.274458647,6.274458612,0.893055556,0.893055556,1,0.134569600,7.675736624,7.692917338,true,none
1785063035.209175110,per_message_full_scan,720,720,6.274458647,6.274458612,0.894444444,0.894444444,1,0.134212479,7.637814931,7.648974671,true,none
1785063036.181840420,per_message_full_scan,720,720,6.274458647,6.274458612,0.905555556,0.905555556,1,0.134176388,7.669756519,7.850329059,true,none
1785063037.181855440,per_message_full_scan,720,720,6.274458647,6.274458612,0.901388889,0.901388889,1,0.121969439,7.774925853,8.155108856,true,none
1785063038.194472551,per_message_full_scan,720,720,6.274458647,6.274458612,0.893055556,0.893055556,1,0.122658908,7.723357677,7.728686791,true,none
1785063039.181867123,per_message_full_scan,720,720,6.274458647,6.274458612,0.908333333,0.908333333,1,0.121844508,7.763650276,7.845164180,true,none
1785063040.181895256,per_message_full_scan,720,720,6.274458647,6.274458612,0.900000000,0.900000000,1,0.134112597,7.688763236,8.075977529,true,none
1785063041.190797806,per_message_full_scan,720,720,6.274458647,6.274458612,0.902777778,0.902777778,1,0.133582368,7.670922597,7.684712086,true,none
1785063042.181892157,per_message_full_scan,720,720,6.274458647,6.274458612,0.895833333,0.895833333,1,0.134165034,7.670799444,7.778548355,true,none
1785063043.181890726,per_message_full_scan,720,720,6.274458647,6.274458612,0.894444444,0.894444444,1,0.121940129,7.784342185,8.087790510,true,none
1785063044.181860447,per_message_full_scan,720,720,6.274458647,6.274458612,0.881944444,0.881944444,1,0.121862002,7.712246764,7.698549959,true,none
1785063045.181842327,per_message_full_scan,720,720,6.274458647,6.274458612,0.887500000,0.887500000,1,0.118991397,7.757426476,7.869424983,true,none
1785063046.181838036,per_message_full_scan,720,720,6.274458647,6.274458612,0.891666667,0.891666667,1,0.133670092,7.691492156,7.896513136,true,none
1785063047.181832790,per_message_full_scan,720,720,6.274458647,6.274458612,0.906944444,0.906944444,1,0.134115681,7.676898977,7.664564558,true,none
1785063048.204013824,per_message_full_scan,720,720,6.274458647,6.274458612,0.887500000,0.887500000,1,0.121123850,7.774085441,7.748424768,true,none
1785063049.181844473,per_message_full_scan,720,720,6.274458647,6.274458612,0.886111111,0.886111111,1,0.133400723,7.624917472,7.645316722,true,none
1785063050.181833744,per_message_full_scan,720,720,6.274458647,6.274458612,0.888888889,0.888888889,1,0.128907979,7.777650780,7.959959646,true,none
1785063051.184948206,per_message_full_scan,720,720,6.274458647,6.274458612,0.888888889,0.888888889,1,0.130304053,6.871000167,6.924593323,true,none
1785063052.181926966,per_message_full_scan,720,720,6.274458647,6.274458612,0.904166667,0.904166667,1,0.119949654,7.456286990,7.712771957,true,none
1785063053.182270765,per_message_full_scan,720,720,6.274458647,6.274458612,0.904166667,0.904166667,1,0.119949654,7.456286990,7.712771957,false,STALE_INPUT:none
1785063054.181886911,per_message_full_scan,720,720,6.274458647,6.274458612,0.904166667,0.904166667,1,0.119949654,7.456286990,7.712771957,false,STALE_INPUT:none
1785063055.182241678,per_message_full_scan,720,720,6.274458647,6.274458612,0.904166667,0.904166667,1,0.119949654,7.456286990,7.712771957,false,STALE_INPUT:none
1785063056.181887627,per_message_full_scan,720,720,6.274458647,6.274458612,0.904166667,0.904166667,1,0.119949654,7.456286990,7.712771957,false,STALE_INPUT:none
