timestamp,mode,input_size,output_size,declared_span_rad,indexed_span_rad,angular_coverage_ratio,finite_return_ratio,accumulated_segments,revolution_duration_sec,input_rate_hz,output_rate_hz,valid,rejection_reason
1784907717.695103645,unselected,1046,720,6.265732050,6.265731945,0.000000000,0.000000000,0,0.000000000,7.541288951,0.000000000,false,CLASSIFYING_INPUT:none
1784907718.695137024,unselected,1038,720,6.265732050,6.265731607,0.000000000,0.000000000,0,0.000000000,7.522105034,0.000000000,false,CLASSIFYING_INPUT:none
1784907719.695087433,per_message_full_scan,1038,720,6.265732050,6.265731607,0.997222222,0.904166667,1,0.133768544,7.506878068,0.000000000,true,none
1784907720.695054531,per_message_full_scan,1045,720,6.265732050,6.265731722,0.997222222,0.909722222,1,0.121802501,7.610258552,7.582902051,true,none
1784907721.695052385,per_message_full_scan,1046,720,6.265732050,6.265731945,0.997222222,0.918055556,1,0.134098724,7.453648374,7.447903720,true,none
1784907722.695065498,per_message_full_scan,1040,720,6.265732050,6.265732009,0.998611111,0.911111111,1,0.134121314,7.456832075,7.455595058,true,none
1784907723.695719481,per_message_full_scan,1039,720,6.265732050,6.265731823,0.997222222,0.912500000,1,0.121716723,237.574725624,6.711819172,true,none
1784907724.695088387,per_message_full_scan,1041,720,6.265732050,6.265731715,0.997222222,0.915277778,1,0.133464634,46.114851677,7.382434154,true,none
1784907725.695029020,per_message_full_scan,1051,720,6.265732050,6.265731901,0.997222222,0.916666667,1,0.133446723,15.487523817,7.349386528,true,none
1784907726.695876360,per_message_full_scan,1052,720,6.265732050,6.265731888,0.997222222,0.908333333,1,0.136158094,9.127783000,7.435521268,true,none
1784907727.695508718,per_message_full_scan,1038,720,6.265732050,6.265731607,0.997222222,0.916666667,1,0.133895099,7.807612261,7.526363183,true,none
1784907728.695379972,per_message_full_scan,1044,720,6.265732050,6.265731669,0.997222222,0.902777778,1,0.133935466,7.517120662,7.470505972,true,none
1784907729.698015928,per_message_full_scan,1045,720,6.265732050,6.265731722,0.997222222,0.906944444,1,0.134246558,7.498191302,7.488610529,true,none
1784907730.695952654,per_message_full_scan,1043,720,6.265732050,6.265731754,0.997222222,0.909722222,1,0.133973882,7.534130556,7.534729981,true,none
1784907731.698034763,per_message_full_scan,1041,720,6.265732050,6.265731715,0.997222222,0.913888889,1,0.133871168,7.529784628,7.531027696,true,none
1784907732.696598291,per_message_full_scan,1047,720,6.265732050,6.265731885,0.997222222,0.909722222,1,0.120670751,7.574015300,7.574584344,true,none
1784907733.695421934,per_message_full_scan,1040,720,6.265732050,6.265732009,0.998611111,0.897222222,1,0.135460109,7.426724719,7.425165525,true,none
1784907734.695157290,per_message_full_scan,1049,720,6.265732050,6.265732020,0.998611111,0.909722222,1,0.127484247,7.475645521,7.485481813,true,none
1784907735.695181608,per_message_full_scan,1039,720,6.265732050,6.265731823,0.997222222,0.912500000,1,0.134339631,123.920009407,6.551592125,true,none
1784907736.698187590,per_message_full_scan,1046,720,6.265732050,6.265731945,0.997222222,0.908333333,1,0.134142384,31.887860550,7.177635686,true,none
1784907737.695615530,per_message_full_scan,1051,720,6.265732050,6.265731901,0.997222222,0.908333333,1,0.132419810,11.572113628,7.427726386,true,none
1784907738.698025465,per_message_full_scan,1047,720,6.265732050,6.265731885,0.997222222,0.915277778,1,0.131796300,8.372009112,7.504118546,true,none
1784907739.695716619,per_message_full_scan,1042,720,6.265732050,6.265731941,0.997222222,0.905555556,1,0.133927807,7.663583457,7.518715116,true,none
1784907740.695092678,per_message_full_scan,1039,720,6.265732050,6.265731823,0.997222222,0.901388889,1,0.133668229,7.546074142,7.515436259,true,none
1784907741.696126938,per_message_full_scan,1047,720,6.265732050,6.265731885,0.997222222,0.901388889,1,0.131759286,7.487526539,7.475693658,true,none
1784907742.695096731,per_message_full_scan,1039,720,6.265732050,6.265731823,0.997222222,0.905555556,1,0.134316608,7.451250053,7.450622385,true,none
1784907743.696479559,per_message_full_scan,1044,720,6.265732050,6.265731669,0.997222222,0.918055556,1,0.134041995,7.456875911,7.458114257,true,none
1784907744.697032928,per_message_full_scan,1046,720,6.265732050,6.265731945,0.997222222,0.911111111,1,0.135978341,7.434798016,7.435111241,true,none
1784907745.695616484,per_message_full_scan,1045,720,6.265732050,6.265731722,0.997222222,0.913888889,1,0.134095937,7.451846530,7.452327943,true,none
1784907746.695651293,per_message_full_scan,1043,720,6.265732050,6.265731754,0.997222222,0.912500000,1,0.133087382,7.495970753,7.495703119,true,none
1784907747.695216894,per_message_full_scan,1045,720,6.265732050,6.265731722,0.997222222,0.909722222,1,0.133684322,7.519887978,7.520370525,true,none
1784907748.695245981,per_message_full_scan,1047,720,6.265732050,6.265731885,0.997222222,0.922222222,1,0.132815391,7.523504345,7.500704428,true,none
1784907749.695814133,per_message_full_scan,1045,720,6.265732050,6.265731722,0.997222222,0.912500000,1,0.133373126,7.538448223,7.535862283,true,none
1784907750.695130825,per_message_full_scan,1045,720,6.265732050,6.265731722,0.997222222,0.906944444,1,0.131812975,7.552736964,7.553355336,true,none
1784907751.695091248,per_message_full_scan,1044,720,6.265732050,6.265731669,0.997222222,0.905555556,1,0.121242568,7.586731199,7.586648360,true,none
1784907752.696859598,per_message_full_scan,1042,720,6.265732050,6.265731941,0.997222222,0.912500000,1,0.121811248,7.585238156,7.586916353,true,none
1784907753.695462942,per_message_full_scan,1042,720,6.265732050,6.265731941,0.997222222,0.911111111,1,0.132153928,28.191919461,6.857712867,true,none
1784907754.695185661,per_message_full_scan,1039,720,6.265732050,6.265731823,0.997222222,0.908333333,1,0.134137332,11.851825331,7.377460057,true,none
1784907755.695116997,per_message_full_scan,1038,720,6.265732050,6.265731607,0.997222222,0.916666667,1,0.133302912,8.209976181,7.459296600,true,none
1784907756.695089102,per_message_full_scan,1038,720,6.265732050,6.265731607,0.997222222,0.915277778,1,0.134184346,7.727497876,7.570170968,true,none
1784907757.695084810,per_message_full_scan,1038,720,6.265732050,6.265731607,0.997222222,0.904166667,1,0.134059727,7.518449228,7.492593375,true,none
1784907758.695110798,per_message_full_scan,1037,720,6.265732050,6.265731810,0.997222222,0.905555556,1,0.121915236,7.621245469,7.615791113,true,none
1784907759.695100307,per_message_full_scan,1038,720,6.265732050,6.265731607,0.997222222,0.911111111,1,0.134097427,7.513184010,7.511847978,true,none
1784907760.695154428,per_message_full_scan,1038,720,6.265732050,6.265731607,0.997222222,0.916666667,1,0.121917643,7.620374144,7.620007082,true,none
1784907761.695224524,per_message_full_scan,1039,720,6.265732050,6.265731823,0.997222222,0.929166667,1,0.134087309,7.515812215,7.515968691,true,none
1784907762.695270300,per_message_full_scan,1046,720,6.265732050,6.265731945,0.997222222,0.912500000,1,0.133600369,7.491600047,7.492087999,true,none
1784907763.695361137,per_message_full_scan,1046,720,6.265732050,6.265731945,0.997222222,0.913888889,1,0.131143585,7.503033014,7.503753238,true,none
1784907764.695116520,per_message_full_scan,1042,720,6.265732050,6.265731941,0.997222222,0.925000000,1,0.132936612,7.504589273,7.504490640,true,none
1784907765.696080446,per_message_full_scan,1042,720,6.265732050,6.265731941,0.997222222,0.922222222,1,0.134204775,7.557504595,7.562722806,true,none
1784907766.695380688,per_message_full_scan,1045,720,6.265732050,6.265731722,0.997222222,0.913888889,1,0.134050041,7.559275662,7.559816840,true,none
1784907767.695490122,per_message_full_scan,1043,720,6.265732050,6.265731754,0.997222222,0.912500000,1,0.131250426,7.546804757,7.546751271,true,none
1784907768.695243120,per_message_full_scan,1039,720,6.265732050,6.265731823,0.997222222,0.916666667,1,0.121576697,7.586941344,7.585278262,true,none
1784907769.695125580,per_message_full_scan,1038,720,6.265732050,6.265731607,0.997222222,0.908333333,1,0.134277716,7.507413630,7.507501817,true,none
1784907770.696598053,per_message_full_scan,1047,720,6.265732050,6.265731885,0.997222222,0.922222222,1,0.133833796,7.484120542,7.484152567,true,none
1784907771.695136786,per_message_full_scan,1044,720,6.265732050,6.265731669,0.997222222,0.915277778,1,0.134187743,7.469638620,7.469809165,true,none
1784907772.695231915,per_message_full_scan,1043,720,6.265732050,6.265731754,0.997222222,0.909722222,1,0.128619596,7.494953411,7.495997194,true,none
1784907773.695992231,per_message_full_scan,1044,720,6.265732050,6.265731669,0.997222222,0.911111111,1,0.134705782,7.487110392,7.487075431,true,none
1784907774.695112228,per_message_full_scan,1045,720,6.265732050,6.265731722,0.997222222,0.919444444,1,0.132511765,7.500391032,7.500935572,true,none
1784907775.695655107,per_message_full_scan,1044,720,6.265732050,6.265731669,0.997222222,0.918055556,1,0.134356365,7.491000901,7.491250893,true,none
1784907776.698293924,per_message_full_scan,1039,720,6.265732050,6.265731823,0.997222222,0.904166667,1,0.133849114,7.520239593,7.520758141,true,none
1784907777.695128202,per_message_full_scan,1044,720,6.265732050,6.265731669,0.997222222,0.913888889,1,0.134343773,7.489424589,7.491550841,true,none
1784907778.695118666,per_message_full_scan,1038,720,6.265732050,6.265731607,0.997222222,0.920833333,1,0.133647919,7.476377637,7.476880138,true,none
1784907779.695178747,per_message_full_scan,1044,720,6.265732050,6.265731669,0.997222222,0.913888889,1,0.127886549,7.534290680,7.536052970,true,none
1784907780.695634842,per_message_full_scan,1037,720,6.265732050,6.265731810,0.997222222,0.911111111,1,0.133338228,7.529506804,7.530057338,true,none
1784907781.695084572,per_message_full_scan,1044,720,6.265732050,6.265731669,0.997222222,0.915277778,1,0.134361923,7.467151359,7.467431230,true,none
1784907782.695137739,per_message_full_scan,1044,720,6.265732050,6.265731669,0.997222222,0.911111111,1,0.129864052,7.473386941,7.476749039,true,none
1784907783.696419239,per_message_full_scan,1043,720,6.265732050,6.265731754,0.997222222,0.919444444,1,0.121979184,7.599733269,7.600185549,true,none
1784907784.695095062,per_message_full_scan,1039,720,6.265732050,6.265731823,0.997222222,0.929166667,1,0.121773921,7.590181916,7.591180070,true,none
1784907785.695748329,per_message_full_scan,1045,720,6.265732050,6.265731722,0.997222222,0.915277778,1,0.129824370,7.548370973,7.547974595,true,none
1784907786.695094585,per_message_full_scan,1040,720,6.265732050,6.265732009,0.998611111,0.923611111,1,0.135044500,7.494421855,7.494128311,true,none
1784907787.695343971,per_message_full_scan,1043,720,6.265732050,6.265731754,0.997222222,0.926388889,1,0.131958723,7.473343504,7.473122691,true,none
1784907788.697599173,per_message_full_scan,1043,720,6.265732050,6.265731754,0.997222222,0.915277778,1,0.129321456,7.431282762,7.431712542,true,none
1784907789.695117235,per_message_full_scan,1039,720,6.265732050,6.265731823,0.997222222,0.929166667,1,0.134136647,7.443201001,7.445143450,true,none
1784907790.695089817,per_message_full_scan,1037,720,6.265732050,6.265731810,0.997222222,0.925000000,1,0.134191826,7.536670801,7.536708703,true,none
1784907791.695113420,per_message_full_scan,1044,720,6.265732050,6.265731669,0.997222222,0.911111111,1,0.133171946,7.499854171,7.500028552,true,none
1784907792.695989609,per_message_full_scan,1042,720,6.265732050,6.265731941,0.997222222,0.922222222,1,0.121960036,7.605841061,7.606603038,true,none
1784907793.695082903,per_message_full_scan,1035,720,6.265732050,6.265731889,0.997222222,0.913888889,1,0.133944854,7.563016061,7.562948535,true,none
1784907794.695119143,per_message_full_scan,1040,720,6.265732050,6.265732009,0.998611111,0.904166667,1,0.134101704,7.485304253,7.485749057,true,none
1784907795.695124626,per_message_full_scan,1038,720,6.265732050,6.265731607,0.997222222,0.915277778,1,0.121520855,7.631369000,7.636583124,true,none
1784907796.696090460,per_message_full_scan,1046,720,6.265732050,6.265731945,0.997222222,0.916666667,1,0.129816890,7.566232494,7.577136189,true,none
1784907797.696040869,per_message_full_scan,1046,720,6.265732050,6.265731945,0.997222222,0.908333333,1,0.118617214,7.596879121,7.591378872,true,none
1784907798.695098400,per_message_full_scan,1046,720,6.265732050,6.265731945,0.997222222,0.918055556,1,0.119502790,7.583416872,7.577307626,true,none
1784907799.695092678,per_message_full_scan,1038,720,6.265732050,6.265731607,0.997222222,0.916666667,1,0.121778056,7.592769707,7.593362850,true,none
1784907800.695139647,per_message_full_scan,1045,720,6.265732050,6.265731722,0.997222222,0.915277778,1,0.134103045,7.528954679,7.528899766,true,none
1784907801.695128679,per_message_full_scan,1043,720,6.265732050,6.265731754,0.997222222,0.919444444,1,0.134276778,7.546864973,7.548651072,true,none
1784907802.695115089,per_message_full_scan,1042,720,6.265732050,6.265731941,0.997222222,0.915277778,1,0.130562961,7.561865051,7.562024952,true,none
1784907803.696646929,per_message_full_scan,1044,720,6.265732050,6.265731669,0.997222222,0.911111111,1,0.132697701,7.516808010,7.516750615,true,none
1784907804.695411444,per_message_full_scan,1042,720,6.265732050,6.265731941,0.997222222,0.918055556,1,0.132017031,7.474471135,7.473483590,true,none
1784907805.695245028,per_message_full_scan,1037,720,6.265732050,6.265731810,0.997222222,0.906944444,1,0.133990049,7.480400663,7.480591137,true,none
1784907806.695300817,per_message_full_scan,1042,720,6.265732050,6.265731941,0.997222222,0.920833333,1,0.134057447,7.516726946,7.516239793,true,none
1784907807.696651220,per_message_full_scan,1041,720,6.265732050,6.265731715,0.997222222,0.923611111,1,0.134208485,7.508021607,7.510034396,true,none
1784907808.698732853,per_message_full_scan,1048,720,6.265732050,6.265731574,0.997222222,0.920833333,1,0.127563387,7.490596306,7.497713972,true,none
1784907809.695160389,per_message_full_scan,1049,720,6.265732050,6.265732020,0.998611111,0.909722222,1,0.132374927,7.611461513,7.606915106,true,none
1784907810.695143223,per_message_full_scan,1047,720,6.265732050,6.265731885,0.997222222,0.918055556,1,0.133980364,7.455840306,7.464965334,true,none
1784907811.695161819,per_message_full_scan,1036,720,6.265732050,6.265731915,0.997222222,0.912500000,1,0.121936761,7.602249930,7.603996358,true,none
1784907812.697917938,per_message_full_scan,1046,720,6.265732050,6.265731945,0.997222222,0.916666667,1,0.132422447,7.493803101,7.498103854,true,none
1784907813.695161819,per_message_full_scan,1043,720,6.265732050,6.265731754,0.997222222,0.919444444,1,0.122005224,7.583592731,7.591623193,true,none
1784907814.695106745,per_message_full_scan,1037,720,6.265732050,6.265731810,0.997222222,0.912500000,1,0.133869708,7.568755209,7.571960143,true,none
1784907815.695108414,per_message_full_scan,1035,720,6.265732050,6.265731889,0.997222222,0.922222222,1,0.134027615,7.516779546,7.517985735,true,none
1784907816.697171450,per_message_full_scan,1040,720,6.265732050,6.265732009,0.998611111,0.912500000,1,0.134240597,7.551228498,7.551209945,true,none
1784907817.695282221,per_message_full_scan,1037,720,6.265732050,6.265731810,0.997222222,0.911111111,1,0.134153917,7.531691292,7.532311943,true,none
1784907818.695095778,per_message_full_scan,1043,720,6.265732050,6.265731754,0.997222222,0.922222222,1,0.121770062,7.628732012,7.628926015,true,none
1784907819.695107937,per_message_full_scan,1042,720,6.265732050,6.265731941,0.997222222,0.925000000,1,0.121897578,7.609491980,7.614685097,true,none
1784907820.695463419,per_message_full_scan,1035,720,6.265732050,6.265731889,0.997222222,0.909722222,1,0.133632511,7.518640531,7.520107864,true,none
1784907821.695098639,per_message_full_scan,1040,720,6.265732050,6.265732009,0.998611111,0.920833333,1,0.133800328,7.467395718,7.465633302,true,none
1784907822.695122480,per_message_full_scan,1038,720,6.265732050,6.265731607,0.997222222,0.920833333,1,0.134120509,7.540179332,7.540590809,true,none
1784907823.695182085,per_message_full_scan,1035,720,6.265732050,6.265731889,0.997222222,0.916666667,1,0.133981615,7.493510285,7.493298309,true,none
1784907824.695571423,per_message_full_scan,1036,720,6.265732050,6.265731915,0.997222222,0.908333333,1,0.133432135,7.542417567,7.542802592,true,none
1784907825.695132017,per_message_full_scan,1043,720,6.265732050,6.265731754,0.997222222,0.908333333,1,0.133977458,7.492654580,7.491676285,true,none
1784907826.695503712,per_message_full_scan,1036,720,6.265732050,6.265731915,0.997222222,0.913888889,1,0.121834166,7.648630766,7.648781453,true,none
1784907827.696959019,per_message_full_scan,1045,720,6.265732050,6.265731722,0.997222222,0.915277778,1,0.128562406,7.563560395,7.563438328,true,none
1784907828.696012497,per_message_full_scan,1035,720,6.265732050,6.265731889,0.997222222,0.919444444,1,0.133319959,7.506674697,7.507712899,true,none
1784907829.697042942,per_message_full_scan,1041,720,6.265732050,6.265731715,0.997222222,0.919444444,1,0.133740559,7.504480523,7.503505113,true,none
1784907830.697854757,per_message_full_scan,1036,720,6.265732050,6.265731915,0.997222222,0.916666667,1,0.134587467,7.504917711,7.506271484,true,none
1784907831.695158720,per_message_full_scan,1035,720,6.265732050,6.265731889,0.997222222,0.918055556,1,0.132393613,7.582500352,7.582650882,true,none
1784907832.695118427,per_message_full_scan,1038,720,6.265732050,6.265731607,0.997222222,0.909722222,1,0.134126887,7.518812305,7.521472771,true,none
1784907833.696880817,per_message_full_scan,1039,720,6.265732050,6.265731823,0.997222222,0.918055556,1,0.134058133,7.585202012,7.586277834,true,none
1784907834.695116043,per_message_full_scan,1039,720,6.265732050,6.265731823,0.997222222,0.911111111,1,0.134034783,7.537511155,7.540113385,true,none
1784907835.695133448,per_message_full_scan,1034,720,6.265732050,6.265731698,0.997222222,0.913888889,1,0.121741928,7.622296874,7.622636876,true,none
1784907836.695204496,per_message_full_scan,1045,720,6.265732050,6.265731722,0.997222222,0.925000000,1,0.131540433,7.559900221,7.562760298,true,none
1784907837.695147276,per_message_full_scan,1035,720,6.265732050,6.265731889,0.997222222,0.912500000,1,0.134160429,7.493360471,7.497868422,true,none
1784907838.695225954,per_message_full_scan,1041,720,6.265732050,6.265731715,0.997222222,0.908333333,1,0.134610593,7.530567360,7.527937208,true,none
1784907839.697129726,per_message_full_scan,1042,720,6.265732050,6.265731941,0.997222222,0.912500000,1,0.133357674,7.535398064,7.534920881,true,none
1784907840.695521832,per_message_full_scan,1036,720,6.265732050,6.265731915,0.997222222,0.906944444,1,0.133701622,7.501117794,7.500604153,true,none
1784907841.695167542,per_message_full_scan,1035,720,6.265732050,6.265731889,0.997222222,0.919444444,1,0.134211406,7.580585904,7.580800733,true,none
1784907842.695883989,per_message_full_scan,1038,720,6.265732050,6.265731607,0.997222222,0.933333333,1,0.133067161,7.499946248,7.499844883,true,none
1784907843.695248365,per_message_full_scan,1035,720,6.265732050,6.265731889,0.997222222,0.923611111,1,0.132144704,7.575779827,7.577564252,true,none
1784907844.695258617,per_message_full_scan,1036,720,6.265732050,6.265731915,0.997222222,0.925000000,1,0.121886559,7.645442765,7.646241207,true,none
1784907845.696364403,per_message_full_scan,1037,720,6.265732050,6.265731810,0.997222222,0.913888889,1,0.130486935,7.563604277,7.564941418,true,none
1784907846.695104361,per_message_full_scan,1035,720,6.265732050,6.265731889,0.997222222,0.923611111,1,0.122024633,7.622000173,7.622757790,true,none
1784907847.695194006,per_message_full_scan,1041,720,6.265732050,6.265731715,0.997222222,0.930555556,1,0.133485839,7.571171700,7.571960190,true,none
1784907848.695230484,per_message_full_scan,1045,720,6.265732050,6.265731722,0.997222222,0.931944444,1,0.128027335,7.523731858,7.534777567,true,none
1784907849.695090294,per_message_full_scan,1034,720,6.265732050,6.265731698,0.997222222,0.931944444,1,0.134044036,7.490586019,7.493273698,true,none
1784907850.695136547,per_message_full_scan,1034,720,6.265732050,6.265731698,0.997222222,0.931944444,1,0.134010136,7.524264578,7.524822488,true,none
1784907851.695131540,per_message_full_scan,1040,720,6.265732050,6.265732009,0.998611111,0.938888889,1,0.121660762,7.626489349,7.626973200,true,none
1784907852.695220470,per_message_full_scan,1038,720,6.265732050,6.265731607,0.997222222,0.922222222,1,0.132690102,7.526725936,7.526058137,true,none
1784907853.695111752,per_message_full_scan,1034,720,6.265732050,6.265731698,0.997222222,0.930555556,1,0.121702984,7.641399387,7.641459756,true,none
1784907854.695111275,per_message_full_scan,1036,720,6.265732050,6.265731915,0.997222222,0.940277778,1,0.134125918,7.516726468,7.514782047,true,none
1784907855.695153952,per_message_full_scan,1038,720,6.265732050,6.265731607,0.997222222,0.936111111,1,0.133433565,7.574796020,7.578175605,true,none
1784907856.696019173,per_message_full_scan,1035,720,6.265732050,6.265731889,0.997222222,0.929166667,1,0.133948728,7.522285219,7.522841777,true,none
1784907857.695110083,per_message_full_scan,1038,720,6.265732050,6.265731607,0.997222222,0.930555556,1,0.121516429,7.620567817,7.627868191,true,none
1784907858.696811676,per_message_full_scan,1037,720,6.265732050,6.265731810,0.997222222,0.931944444,1,0.133985877,7.547854105,7.549844944,true,none
1784907859.695106983,per_message_full_scan,1035,720,6.265732050,6.265731889,0.997222222,0.934722222,1,0.121955931,7.621767588,7.621772255,true,none
1784907860.696907997,per_message_full_scan,1041,720,6.265732050,6.265731715,0.997222222,0.938888889,1,0.133575544,7.544652574,7.544830627,true,none
1784907861.695123434,per_message_full_scan,1036,720,6.265732050,6.265731915,0.997222222,0.943055556,1,0.134141177,7.488761586,7.489182920,true,none
1784907862.695104837,per_message_full_scan,1033,720,6.265732050,6.265731789,0.997222222,0.931944444,1,0.134078860,7.554920349,7.554939287,true,none
1784907863.695082903,per_message_full_scan,1034,720,6.265732050,6.265731698,0.997222222,0.931944444,1,0.133882344,7.575368902,7.575972245,true,none
1784907864.698081732,per_message_full_scan,1034,720,6.265732050,6.265731698,0.997222222,0.933333333,1,0.121794708,7.646166148,7.646728225,true,none
1784907865.695178032,per_message_full_scan,1039,720,6.265732050,6.265731823,0.997222222,0.931944444,1,0.134189323,7.514612451,7.513891796,true,none
1784907866.695094109,per_message_full_scan,1044,720,6.265732050,6.265731669,0.997222222,0.919444444,1,0.128227040,7.511042265,7.528148815,true,none
1784907867.695160389,per_message_full_scan,1033,720,6.265732050,6.265731789,0.997222222,0.918055556,1,0.134337932,7.549637796,7.548430988,true,none
1784907868.695142031,per_message_full_scan,1034,720,6.265732050,6.265731698,0.997222222,0.915277778,1,0.133962825,7.516209792,7.516913318,true,none
1784907869.695124388,per_message_full_scan,1039,720,6.265732050,6.265731823,0.997222222,0.922222222,1,0.132453978,7.549823053,7.549645052,true,none
1784907870.695136309,per_message_full_scan,1035,720,6.265732050,6.265731889,0.997222222,0.926388889,1,0.121803805,7.628847505,7.630112084,true,none
1784907871.695115328,per_message_full_scan,1033,720,6.265732050,6.265731789,0.997222222,0.916666667,1,0.134234741,7.543956388,7.544353603,true,none
1784907872.695802450,per_message_full_scan,1033,720,6.265732050,6.265731789,0.997222222,0.918055556,1,0.130360603,7.586842147,7.587020730,true,none
1784907873.695503950,per_message_full_scan,1040,720,6.265732050,6.265732009,0.998611111,0.919444444,1,0.132523462,7.505125649,7.505851774,true,none
1784907874.695438623,per_message_full_scan,1037,720,6.265732050,6.265731810,0.997222222,0.918055556,1,0.133189827,7.569222445,7.568406326,true,none
1784907875.695376158,per_message_full_scan,1045,720,6.265732050,6.265731722,0.997222222,0.920833333,1,0.131521806,7.506983149,7.511548435,true,none
1784907876.695226908,per_message_full_scan,1036,720,6.265732050,6.265731915,0.997222222,0.925000000,1,0.121843100,7.618975054,7.619861446,true,none
1784907877.697117329,per_message_full_scan,1035,720,6.265732050,6.265731889,0.997222222,0.919444444,1,0.134668231,7.520119587,7.498372997,true,none
1784907878.695188999,per_message_full_scan,1038,720,6.265732050,6.265731607,0.997222222,0.911111111,1,0.134297922,7.574564465,7.576719092,true,none
1784907879.695104837,per_message_full_scan,1036,720,6.265732050,6.265731915,0.997222222,0.922222222,1,0.133995444,7.507316179,7.507480195,true,none
1784907880.695187569,per_message_full_scan,1037,720,6.265732050,6.265731810,0.997222222,0.920833333,1,0.133734852,7.563874970,7.564076242,true,none
1784907881.695087194,per_message_full_scan,1034,720,6.265732050,6.265731698,0.997222222,0.929166667,1,0.136795059,7.563348026,7.562016232,true,none
1784907882.695153713,per_message_full_scan,1040,720,6.265732050,6.265732009,0.998611111,0.925000000,1,0.127251580,7.404186055,7.330917368,true,none
1784907883.695261002,per_message_full_scan,1040,720,6.265732050,6.265732009,0.998611111,0.918055556,1,0.127137333,7.462080841,7.471910520,true,none
1784907884.695282459,per_message_full_scan,1039,720,6.265732050,6.265731823,0.997222222,0.916666667,1,0.133622944,7.588324477,7.591176778,true,none
1784907885.695105076,per_message_full_scan,1033,720,6.265732050,6.265731789,0.997222222,0.923611111,1,0.133904457,44.417451640,7.522141120,true,none
1784907886.695125341,per_message_full_scan,1040,720,6.265732050,6.265732009,0.998611111,0.915277778,1,0.134170875,15.315020886,7.577916251,true,none
1784907887.696135998,per_message_full_scan,1041,720,6.265732050,6.265731715,0.997222222,0.919444444,1,0.133010536,8.796577639,7.501718585,true,none
1784907888.695126534,per_message_full_scan,1034,720,6.265732050,6.265731698,0.997222222,0.919444444,1,0.123303220,472.144664242,7.318478938,true,none
1784907889.695147753,per_message_full_scan,1032,720,6.265732050,6.265731648,0.997222222,0.925000000,1,0.134002477,85.462353056,7.477907724,true,none
1784907890.695118904,per_message_full_scan,1037,720,6.265732050,6.265731810,0.997222222,0.918055556,1,0.133383483,23.913285095,7.559912267,true,none
1784907891.695120335,per_message_full_scan,1036,720,6.265732050,6.265731915,0.997222222,0.926388889,1,0.134125933,10.221317161,7.476630969,true,none
1784907892.695121765,per_message_full_scan,1033,720,6.265732050,6.265731789,0.997222222,0.913888889,1,0.134057105,8.152602306,7.576685343,true,none
1784907893.695112705,per_message_full_scan,1038,720,6.265732050,6.265731607,0.997222222,0.923611111,1,0.122050837,7.735801153,7.643161712,true,none
1784907894.695185900,per_message_full_scan,1035,720,6.265732050,6.265731889,0.997222222,0.925000000,1,0.133978084,7.568967651,7.549623906,true,none
1784907895.695970297,per_message_full_scan,1041,720,6.265732050,6.265731715,0.997222222,0.922222222,1,0.113101989,7.651344692,7.649003868,true,none
1784907896.695101261,per_message_full_scan,1043,720,6.265732050,6.265731754,0.997222222,0.908333333,1,0.126973942,7.539637279,7.548119382,true,none
1784907897.695152283,per_message_full_scan,1031,720,6.265732050,6.265731719,0.997222222,0.916666667,1,0.122065984,7.602468648,7.597481802,true,none
1784907898.696818113,per_message_full_scan,1040,720,6.265732050,6.265732009,0.998611111,0.922222222,1,0.134525642,7.510056026,7.510890167,true,none
1784907899.695108175,per_message_full_scan,1034,720,6.265732050,6.265731698,0.997222222,0.922222222,1,0.121630877,7.627262422,7.627581622,true,none
1784907900.695198536,per_message_full_scan,1039,720,6.265732050,6.265731823,0.997222222,0.931944444,1,0.134092361,123.754735671,6.402996785,true,none
1784907901.695108414,per_message_full_scan,1032,720,6.265732050,6.265731648,0.997222222,0.926388889,1,0.121519729,31.999585326,7.389201371,true,none
1784907902.695150852,per_message_full_scan,1033,720,6.265732050,6.265731789,0.997222222,0.936111111,1,0.121903509,11.716623289,7.587881459,true,none
1784907903.695102692,per_message_full_scan,1039,720,6.265732050,6.265731823,0.997222222,0.933333333,1,0.133706212,8.585985285,7.785266579,true,none
1784907904.695121527,per_message_full_scan,1032,720,6.265732050,6.265731648,0.997222222,0.919444444,1,0.133885697,7.740294847,7.606538776,true,none
1784907905.695113659,per_message_full_scan,1033,720,6.265732050,6.265731789,0.997222222,0.931944444,1,0.133952796,7.572174684,7.547502292,true,none
1784907906.695146084,per_message_full_scan,1038,720,6.265732050,6.265731607,0.997222222,0.931944444,1,0.134010091,7.606110111,7.602071661,true,none
1784907907.695233822,per_message_full_scan,1039,720,6.265732050,6.265731823,0.997222222,0.936111111,1,0.133398458,7.519800638,7.519459404,true,none
1784907908.695154190,per_message_full_scan,1039,720,6.265732050,6.265731823,0.997222222,0.929166667,1,0.133287236,7.470477026,7.470708596,true,none
1784907909.695321560,per_message_full_scan,1040,720,6.265732050,6.265732009,0.998611111,0.929166667,1,0.133523837,7.564303914,7.564668121,true,none
1784907910.695129395,per_message_full_scan,1039,720,6.265732050,6.265731823,0.997222222,0.911111111,1,0.134031817,7.528624579,7.528632390,true,none
1784907911.695857763,per_message_full_scan,1038,720,6.265732050,6.265731607,0.997222222,0.909722222,1,0.134084076,7.475009904,7.475222443,true,none
1784907912.695168257,per_message_full_scan,1039,720,6.265732050,6.265731823,0.997222222,0.944444444,1,0.124519013,7.574501720,7.574524603,true,none
1784907913.695218086,per_message_full_scan,1033,720,6.265732050,6.265731789,0.997222222,0.913888889,1,0.133957803,7.501431374,7.501632813,true,none
1784907914.695101023,per_message_full_scan,1041,720,6.265732050,6.265731715,0.997222222,0.922222222,1,0.133571565,7.576588270,7.575560810,true,none
1784907915.695116997,per_message_full_scan,1039,720,6.265732050,6.265731823,0.997222222,0.931944444,1,0.121125527,7.652714562,7.655833282,true,none
1784907916.695243835,per_message_full_scan,1039,720,6.265732050,6.265731823,0.997222222,0.923611111,1,0.134455711,7.571456601,7.572995047,true,none
1784907917.695155144,per_message_full_scan,1039,720,6.265732050,6.265731823,0.997222222,0.925000000,1,0.133401141,7.491786087,7.492835930,true,none
1784907918.695175648,per_message_full_scan,1038,720,6.265732050,6.265731607,0.997222222,0.920833333,1,0.121778361,7.625636738,7.626777350,true,none
1784907919.695132732,per_message_full_scan,1039,720,6.265732050,6.265731823,0.997222222,0.931944444,1,0.132569432,7.492598034,7.494315801,true,none
1784907920.695127726,per_message_full_scan,1037,720,6.265732050,6.265731810,0.997222222,0.916666667,1,0.121903397,7.625077859,7.625419862,true,none
1784907921.695384026,per_message_full_scan,1032,720,6.265732050,6.265731648,0.997222222,0.923611111,1,0.133998260,147.023199393,6.782416674,true,none
1784907922.695884705,per_message_full_scan,1038,720,6.265732050,6.265731607,0.997222222,0.931944444,1,0.130317956,30.984151467,7.455674662,true,none
1784907923.695094347,per_message_full_scan,1038,720,6.265732050,6.265731607,0.997222222,0.923611111,1,0.134033859,12.472381518,7.538195922,true,none
1784907924.695132017,per_message_full_scan,1033,720,6.265732050,6.265731789,0.997222222,0.927777778,1,0.134163186,8.418378765,7.593701772,true,none
1784907925.695217848,per_message_full_scan,1032,720,6.265732050,6.265731648,0.997222222,0.918055556,1,0.134568453,7.672177172,7.500721449,true,none
1784907926.695141554,per_message_full_scan,1038,720,6.265732050,6.265731607,0.997222222,0.937500000,1,0.134413704,7.556114166,7.528170735,true,none
1784907927.695198059,per_message_full_scan,1033,720,6.265732050,6.265731789,0.997222222,0.920833333,1,0.122053616,7.635898061,7.631341677,true,none
1784907928.695091963,per_message_full_scan,1032,720,6.265732050,6.265731648,0.997222222,0.913888889,1,0.121415213,7.659019361,7.659533613,true,none
1784907929.695139647,per_message_full_scan,1035,720,6.265732050,6.265731889,0.997222222,0.925000000,1,0.134127885,7.537618926,7.538978308,true,none
1784907930.695142031,per_message_full_scan,1031,720,6.265732050,6.265731719,0.997222222,0.911111111,1,0.134061426,7.555480074,7.556726626,true,none
1784907931.695100784,per_message_full_scan,1034,720,6.265732050,6.265731698,0.997222222,0.927777778,1,0.133122608,7.586871695,7.586846408,true,none
1784907932.697015047,per_message_full_scan,1036,720,6.265732050,6.265731915,0.997222222,0.913888889,1,0.133692294,7.524727327,7.524668118,true,none
1784907933.695458412,per_message_full_scan,1039,720,6.265732050,6.265731823,0.997222222,0.926388889,1,0.134116456,7.592440297,7.592790408,true,none
1784907934.695093155,per_message_full_scan,1033,720,6.265732050,6.265731789,0.997222222,0.911111111,1,0.134010270,7.521343222,7.521792191,true,none
1784907935.695414066,per_message_full_scan,1035,720,6.265732050,6.265731889,0.997222222,0.916666667,1,0.133746356,7.549476541,7.551282669,true,none
1784907936.695132494,per_message_full_scan,1037,720,6.265732050,6.265731810,0.997222222,0.911111111,1,0.120338678,7.639303037,7.638976257,true,none
1784907937.695098400,per_message_full_scan,1037,720,6.265732050,6.265731810,0.997222222,0.915277778,1,0.132815406,7.521772477,7.521652162,true,none
1784907938.695145369,per_message_full_scan,1037,720,6.265732050,6.265731810,0.997222222,0.916666667,1,0.133951813,7.562418016,7.562752448,true,none
1784907939.695124149,per_message_full_scan,1036,720,6.265732050,6.265731915,0.997222222,0.918055556,1,0.133919016,7.508689786,7.511261468,true,none
1784907940.695113182,per_message_full_scan,1031,720,6.265732050,6.265731719,0.997222222,0.925000000,1,0.133946568,7.526428115,7.526918373,true,none
1784907941.696474552,per_message_full_scan,1037,720,6.265732050,6.265731810,0.997222222,0.909722222,1,0.132379964,7.499116592,7.491088980,true,none
1784907942.695095778,per_message_full_scan,1030,720,6.265732050,6.265731969,0.998611111,0.911111111,1,0.134205163,7.595741644,7.596988763,true,none
1784907943.695106030,per_message_full_scan,1036,720,6.265732050,6.265731915,0.997222222,0.918055556,1,0.120600700,7.622864442,7.618879382,true,none
1784907944.695179939,per_message_full_scan,1038,720,6.265732050,6.265731607,0.997222222,0.916666667,1,0.133532375,7.541644763,7.544306640,true,none
1784907945.695082664,per_message_full_scan,1031,720,6.265732050,6.265731719,0.997222222,0.927777778,1,0.134103552,7.597691892,7.597654133,true,none
1784907946.695120335,per_message_full_scan,1036,720,6.265732050,6.265731915,0.997222222,0.931944444,1,0.132499173,7.591414552,7.590478631,true,none
1784907947.695030689,per_message_full_scan,2070,720,6.265732050,6.265731680,0.997222222,0.988888889,1,0.257163703,6.801673243,6.802180924,true,none
1784907948.695124626,per_message_full_scan,1032,720,6.265732050,6.265731648,0.997222222,0.933333333,1,0.133989438,7.356143043,7.362196421,true,none
1784907949.695551634,per_message_full_scan,1039,720,6.265732050,6.265731823,0.997222222,0.926388889,1,0.132117465,7.512490790,7.513632534,true,none
1784907950.695099831,per_message_full_scan,1045,720,6.265732050,6.265731722,0.997222222,0.930555556,1,0.133435681,7.477251822,7.484663711,true,none
1784907951.695108891,per_message_full_scan,1033,720,6.265732050,6.265731789,0.997222222,0.933333333,1,0.134152889,7.577265570,7.578117014,true,none
1784907952.695132732,per_message_full_scan,1038,720,6.265732050,6.265731607,0.997222222,0.927777778,1,0.132865369,7.502555072,7.505532158,true,none
1784907953.695407152,per_message_full_scan,1038,720,6.265732050,6.265731607,0.997222222,0.927777778,1,0.133680090,7.542053687,7.543531693,true,none
1784907954.695137501,per_message_full_scan,1037,720,6.265732050,6.265731810,0.997222222,0.930555556,1,0.119281724,7.664993596,7.665372332,true,none
1784907955.695151091,per_message_full_scan,1033,720,6.265732050,6.265731789,0.997222222,0.926388889,1,0.134203687,7.521166647,7.520974172,true,none
1784907956.695127249,per_message_full_scan,1038,720,6.265732050,6.265731607,0.997222222,0.933333333,1,0.128301442,7.619142145,7.610888484,true,none
1784907957.695117235,per_message_full_scan,1032,720,6.265732050,6.265731648,0.997222222,0.925000000,1,0.121916376,7.648906062,7.649983842,true,none
1784907958.695155382,per_message_full_scan,1034,720,6.265732050,6.265731698,0.997222222,0.912500000,1,0.120989621,7.653032287,7.652856626,true,none
1784907959.695160866,per_message_full_scan,1032,720,6.265732050,6.265731648,0.997222222,0.920833333,1,0.134106278,7.556483538,7.552556197,true,none
1784907960.695294380,per_message_full_scan,1037,720,6.265732050,6.265731810,0.997222222,0.909722222,1,0.134095371,99.715095611,7.574086569,true,none
1784907961.695134878,per_message_full_scan,1038,720,6.265732050,6.265731607,0.997222222,0.923611111,1,0.130883440,26.838245892,7.514589076,true,none
1784907962.695158005,per_message_full_scan,1039,720,6.265732050,6.265731823,0.997222222,0.923611111,1,0.132320732,10.816132531,7.585010578,true,none
1784907963.695144415,per_message_full_scan,1036,720,6.265732050,6.265731915,0.997222222,0.918055556,1,0.132150620,8.202797394,7.528945541,true,none
1784907964.695159912,per_message_full_scan,1034,720,6.265732050,6.265731698,0.997222222,0.913888889,1,0.134124517,7.668619645,7.555784600,true,none
1784907965.696682453,per_message_full_scan,1038,720,6.265732050,6.265731607,0.997222222,0.915277778,1,0.120838404,7.665693717,7.642966821,true,none
1784907966.695109129,per_message_full_scan,1042,720,6.265732050,6.265731941,0.997222222,0.929166667,1,0.132707834,7.388193509,7.384537927,true,none
1784907967.695389509,per_message_full_scan,1042,720,6.265732050,6.265731941,0.997222222,0.933333333,1,0.115699217,7.620213303,7.618576712,true,none
1784907968.695144653,per_message_full_scan,1042,720,6.265732050,6.265731941,0.997222222,0.927777778,1,0.127739057,7.522935486,7.546064703,true,none
1784907969.695153236,per_message_full_scan,1041,720,6.265732050,6.265731715,0.997222222,0.926388889,1,0.130778477,7.649801139,7.659262033,true,none
1784907970.695120573,per_message_full_scan,1035,720,6.265732050,6.265731889,0.997222222,0.920833333,1,0.122070730,7.641611528,7.643271330,true,none
1784907971.696337223,per_message_full_scan,1032,720,6.265732050,6.265731648,0.997222222,0.943055556,1,0.134282038,7.511085399,7.514218331,true,none
1784907972.695136070,per_message_full_scan,1032,720,6.265732050,6.265731648,0.997222222,0.922222222,1,0.134003744,8.067991032,8.082887714,true,none
1784907973.695251942,per_message_full_scan,1034,720,6.265732050,6.265731698,0.997222222,0.934722222,1,0.133973166,7.648614362,7.650745314,true,none
1784907974.695144892,per_message_full_scan,1030,720,6.265732050,6.265731969,0.998611111,0.926388889,1,0.134169057,7.621134902,7.621985519,true,none
1784907975.695252895,per_message_full_scan,1039,720,6.265732050,6.265731823,0.997222222,0.936111111,1,0.097277924,7.511557031,7.550756893,true,none
1784907976.695103407,per_message_full_scan,1035,720,6.265732050,6.265731889,0.997222222,0.929166667,1,0.132182017,7.619642421,7.628942890,true,none
1784907977.695193291,per_message_full_scan,1032,720,6.265732050,6.265731648,0.997222222,0.931944444,1,0.134243146,7.499837399,7.501692316,true,none
1784907978.695108414,per_message_full_scan,1036,720,6.265732050,6.265731915,0.997222222,0.931944444,1,0.134276479,7.559405045,7.560269889,true,none
1784907979.695479155,per_message_full_scan,1031,720,6.265732050,6.265731719,0.997222222,0.930555556,1,0.134141788,7.594794156,7.594742110,true,none
1784907980.695089340,per_message_full_scan,1033,720,6.265732050,6.265731789,0.997222222,0.927777778,1,0.122398637,7.640629176,7.640569671,true,none
1784907981.695102930,per_message_full_scan,1035,720,6.265732050,6.265731889,0.997222222,0.936111111,1,0.133442074,7.530616748,7.530336781,true,none
1784907982.695138454,per_message_full_scan,1029,720,6.265732050,6.265731884,0.997222222,0.927777778,1,0.134016186,7.531186671,7.530907427,true,none
1784907983.695100307,per_message_full_scan,1030,720,6.265732050,6.265731969,0.998611111,0.937500000,1,0.134335279,7.561723804,7.560140061,true,none
1784907984.846160412,per_message_full_scan,1034,720,6.265732050,6.265731698,0.997222222,0.926388889,1,0.122000486,7.645447034,7.638622267,false,STALE_INPUT:none
1784907985.695173979,per_message_full_scan,1031,720,6.265732050,6.265731719,0.997222222,0.925000000,1,0.134153455,15.493494197,7.086750334,true,none
1784907986.695093393,per_message_full_scan,1041,720,6.265732050,6.265731715,0.997222222,0.930555556,1,0.117145561,8.990099929,7.587203082,true,none
1784907987.695303440,per_message_full_scan,1038,720,6.265732050,6.265731607,0.997222222,0.931944444,1,0.135109022,7.809002595,7.515074050,true,none
1784907988.695119381,per_message_full_scan,1037,720,6.265732050,6.265731810,0.997222222,0.930555556,1,0.119008683,7.688867962,7.641297568,true,none
1784907989.695140600,per_message_full_scan,1037,720,6.265732050,6.265731810,0.997222222,0.925000000,1,0.134049818,7.540334969,7.532330199,true,none
1784907990.695178747,per_message_full_scan,1037,720,6.265732050,6.265731810,0.997222222,0.931944444,1,0.120933659,7.640061621,7.637603301,true,none
1784907991.695214510,per_message_full_scan,1037,720,6.265732050,6.265731810,0.997222222,0.941666667,1,0.128578037,7.513015911,7.513645000,true,none
1784907992.695208311,per_message_full_scan,1036,720,6.265732050,6.265731915,0.997222222,0.927777778,1,0.133543208,7.594554704,7.594510398,true,none
1784907993.695116758,per_message_full_scan,1036,720,6.265732050,6.265731915,0.997222222,0.930555556,1,0.135446787,7.484050046,7.484436014,true,none
1784907994.695332766,per_message_full_scan,1032,720,6.265732050,6.265731648,0.997222222,0.927777778,1,0.133974984,7.584518873,7.584375184,true,none
1784907995.695137739,per_message_full_scan,1037,720,6.265732050,6.265731810,0.997222222,0.933333333,1,0.133190677,7.572793532,7.571505251,true,none
1784907996.695143461,per_message_full_scan,1038,720,6.265732050,6.265731607,0.997222222,0.936111111,1,0.129205778,7.542398919,7.543271492,true,none
1784907997.696351767,per_message_full_scan,1037,720,6.265732050,6.265731810,0.997222222,0.926388889,1,0.133758798,7.580424138,7.578927041,true,none
1784907998.695105314,per_message_full_scan,1029,720,6.265732050,6.265731884,0.997222222,0.925000000,1,0.121627510,7.594804903,7.591292603,true,none
1784907999.695177078,per_message_full_scan,1028,720,6.265732050,6.265731908,0.997222222,0.927777778,1,0.121747196,7.666495742,7.666328329,true,none
1784908000.695122004,per_message_full_scan,1030,720,6.265732050,6.265731969,0.998611111,0.927777778,1,0.133942053,7.625903724,7.626404270,true,none
1784908001.695147514,per_message_full_scan,1029,720,6.265732050,6.265731884,0.997222222,0.930555556,1,0.133845344,7.627538294,7.625660192,true,none
1784908002.695122004,per_message_full_scan,1030,720,6.265732050,6.265731969,0.998611111,0.931944444,1,0.134902328,7.593574115,7.594270501,true,none
1784908003.695116043,per_message_full_scan,1030,720,6.265732050,6.265731969,0.998611111,0.931944444,1,0.134185299,7.626090564,7.625972920,true,none
1784908004.695181131,per_message_full_scan,1035,720,6.265732050,6.265731889,0.997222222,0.930555556,1,0.133913428,7.613653718,7.614235120,true,none
1784908005.695116758,per_message_full_scan,1032,720,6.265732050,6.265731648,0.997222222,0.927777778,1,0.121954635,7.643673902,7.643341042,true,none
1784908006.695181370,per_message_full_scan,1029,720,6.265732050,6.265731884,0.997222222,0.926388889,1,0.134780973,7.524295313,7.523580086,true,none
1784908007.695109844,per_message_full_scan,1029,720,6.265732050,6.265731884,0.997222222,0.931944444,1,0.121739954,7.681151452,7.681499938,true,none
1784908008.695108414,per_message_full_scan,1030,720,6.265732050,6.265731969,0.998611111,0.938888889,1,0.121772215,7.684325445,7.683919517,true,none
1784908009.695093393,per_message_full_scan,1030,720,6.265732050,6.265731969,0.998611111,0.936111111,1,0.133397296,7.624929257,7.623421078,true,none
1784908010.695123672,per_message_full_scan,1029,720,6.265732050,6.265731884,0.997222222,0.930555556,1,0.134132132,7.577856726,7.578759204,true,none
1784908011.695123911,per_message_full_scan,1030,720,6.265732050,6.265731969,0.998611111,0.936111111,1,0.133284107,7.610738748,7.611200618,true,none
1784908012.695119858,per_message_full_scan,1030,720,6.265732050,6.265731969,0.998611111,0.933333333,1,0.133965611,7.575171271,7.575914787,true,none
1784908013.695118427,per_message_full_scan,1032,720,6.265732050,6.265731648,0.997222222,0.929166667,1,0.134183064,7.571185143,7.571250482,true,none
1784908014.695098162,per_message_full_scan,1029,720,6.265732050,6.265731884,0.997222222,0.934722222,1,0.135404244,7.543979871,7.545314525,true,none
1784908015.695118427,per_message_full_scan,1029,720,6.265732050,6.265731884,0.997222222,0.929166667,1,0.134172603,7.572123270,7.572820775,true,none
1784908016.696123123,per_message_full_scan,1035,720,6.265732050,6.265731889,0.997222222,0.940277778,1,0.134064883,7.568210336,7.568259296,true,none
1784908017.695152283,per_message_full_scan,1036,720,6.265732050,6.265731915,0.997222222,0.925000000,1,0.133668542,7.580419031,7.580596784,true,none
1784908018.695144176,per_message_full_scan,1030,720,6.265732050,6.265731969,0.998611111,0.926388889,1,0.133981422,7.519129396,7.520243704,true,none
1784908019.695112705,per_message_full_scan,1030,720,6.265732050,6.265731969,0.998611111,0.926388889,1,0.133946478,7.542374542,7.543828074,true,none
1784908020.695123911,per_message_full_scan,1036,720,6.265732050,6.265731915,0.997222222,0.923611111,1,0.134341553,7.573087625,7.575757264,true,none
1784908021.695144415,per_message_full_scan,1028,720,6.265732050,6.265731908,0.997222222,0.931944444,1,0.134206891,7.563775605,7.564649804,true,none
1784908022.695122480,per_message_full_scan,1027,720,6.265732050,6.265732007,0.998611111,0.933333333,1,0.120963104,7.684496675,7.683787449,true,none
1784908023.695116282,per_message_full_scan,1029,720,6.265732050,6.265731884,0.997222222,0.931944444,1,0.121822566,7.671299851,7.672300601,true,none
1784908024.695112705,per_message_full_scan,1028,720,6.265732050,6.265731908,0.997222222,0.929166667,1,0.134080499,7.626415224,7.626698701,true,none
1784908025.695101261,per_message_full_scan,1028,720,6.265732050,6.265731908,0.997222222,0.925000000,1,0.133732781,7.615470562,7.615450781,true,none
1784908026.695172548,per_message_full_scan,1034,720,6.265732050,6.265731698,0.997222222,0.931944444,1,0.134331942,7.544762827,7.544738826,true,none
1784908027.695143700,per_message_full_scan,1034,720,6.265732050,6.265731698,0.997222222,0.926388889,1,0.122351281,7.630056609,7.629848564,true,none
1784908028.695140600,per_message_full_scan,1035,720,6.265732050,6.265731889,0.997222222,0.929166667,1,0.133672968,7.501931704,7.501617402,true,none
1784908029.695144653,per_message_full_scan,1032,720,6.265732050,6.265731648,0.997222222,0.930555556,1,0.134099439,7.531154383,7.531738748,true,none
1784908030.695326090,per_message_full_scan,1030,720,6.265732050,6.265731969,0.998611111,0.931944444,1,0.134011492,7.548190274,7.548880762,true,none
1784908031.695123672,per_message_full_scan,1027,720,6.265732050,6.265732007,0.998611111,0.930555556,1,0.121790618,7.683741447,7.685002374,true,none
1784908032.695136309,per_message_full_scan,1034,720,6.265732050,6.265731698,0.997222222,0.929166667,1,0.120885193,7.684272653,7.686130145,true,none
1784908033.695109606,per_message_full_scan,1029,720,6.265732050,6.265731884,0.997222222,0.923611111,1,0.134461582,7.515020324,7.515825401,true,none
1784908034.696108103,per_message_full_scan,1036,720,6.265732050,6.265731915,0.997222222,0.918055556,1,0.133728102,7.550053199,7.549995359,true,none
1784908035.695136786,per_message_full_scan,1030,720,6.265732050,6.265731969,0.998611111,0.927777778,1,0.133957669,7.564250213,7.564021060,true,none
1784908036.695093393,per_message_full_scan,1027,720,6.265732050,6.265732007,0.998611111,0.926388889,1,0.131258249,7.552363496,7.555044426,true,none
1784908037.695135593,per_message_full_scan,1031,720,6.265732050,6.265731719,0.997222222,0.925000000,1,0.133632213,7.516107504,7.517000338,true,none
1784908038.695085764,per_message_full_scan,1028,720,6.265732050,6.265731908,0.997222222,0.926388889,1,0.133831903,7.552210631,7.552809977,true,none
1784908039.695529461,per_message_full_scan,1033,720,6.265732050,6.265731789,0.997222222,0.923611111,1,0.130286857,7.557866671,7.558161545,true,none
1784908040.695685387,per_message_full_scan,1029,720,6.265732050,6.265731884,0.997222222,0.933333333,1,0.134349719,7.515812348,7.516909252,true,none
1784908041.699724913,per_message_full_scan,1033,720,6.265732050,6.265731789,0.997222222,0.925000000,1,0.134060234,7.485793487,7.444340452,true,none
1784908042.695122480,per_message_full_scan,1034,720,6.265732050,6.265731698,0.997222222,0.930555556,1,0.134090886,7.625219024,7.633875098,true,none
1784908043.695111990,per_message_full_scan,1030,720,6.265732050,6.265731969,0.998611111,0.922222222,1,0.134016559,7.616133075,7.617066942,true,none
1784908044.695153475,per_message_full_scan,1029,720,6.265732050,6.265731884,0.997222222,0.930555556,1,0.121826008,7.652949194,7.652678301,true,none
1784908045.695995569,per_message_full_scan,1031,720,6.265732050,6.265731719,0.997222222,0.933333333,1,0.134776920,7.602597415,7.601789919,true,none
1784908046.695195675,per_message_full_scan,1027,720,6.265732050,6.265732007,0.998611111,0.931944444,1,0.134016410,7.612871668,7.612964210,true,none
1784908047.695131063,per_message_full_scan,1034,720,6.265732050,6.265731698,0.997222222,0.930555556,1,0.120492533,7.653012110,7.655364629,true,none
1784908048.696033955,per_message_full_scan,1029,720,6.265732050,6.265731884,0.997222222,0.930555556,1,0.133545890,7.578134282,7.578362632,true,none
1784908049.695445061,per_message_full_scan,1035,720,6.265732050,6.265731889,0.997222222,0.923611111,1,0.133977994,7.565939051,7.574892758,true,none
1784908050.695279121,per_message_full_scan,1029,720,6.265732050,6.265731884,0.997222222,0.934722222,1,0.134086564,7.577886096,7.579558749,true,none
1784908051.695185184,per_message_full_scan,1033,720,6.265732050,6.265731789,0.997222222,0.933333333,1,0.133950651,7.569437101,7.570787797,true,none
1784908052.695085049,per_message_full_scan,1028,720,6.265732050,6.265731908,0.997222222,0.934722222,1,0.131769836,7.607462273,7.607725231,true,none
1784908053.695117474,per_message_full_scan,1028,720,6.265732050,6.265731908,0.997222222,0.936111111,1,0.134100631,7.579714450,7.580040947,true,none
1784908054.696314812,per_message_full_scan,1029,720,6.265732050,6.265731884,0.997222222,0.930555556,1,0.133938149,7.576238603,7.575924614,true,none
1784908055.695512295,per_message_full_scan,1031,720,6.265732050,6.265731719,0.997222222,0.926388889,1,0.121928528,7.684617046,7.685091287,true,none
1784908056.695257664,per_message_full_scan,1033,720,6.265732050,6.265731789,0.997222222,0.936111111,1,0.134189069,7.557794659,7.565106949,true,none
1784908057.695128918,per_message_full_scan,1027,720,6.265732050,6.265732007,0.998611111,0.931944444,1,0.122223377,7.686915080,7.688331343,true,none
1784908058.714239120,per_message_full_scan,1033,720,6.265732050,6.265731789,0.997222222,0.934722222,1,0.122000322,7.606606920,7.606813402,true,none
1784908059.714930058,per_message_full_scan,1029,720,6.265732050,6.265731884,0.997222222,0.933333333,1,0.132212430,7.533569619,7.533200709,true,none
1784908060.695148230,per_message_full_scan,1036,720,6.265732050,6.265731915,0.997222222,0.929166667,1,0.132184982,7.558999568,7.565154477,true,none
1784908061.695120573,per_message_full_scan,1032,720,6.265732050,6.265731648,0.997222222,0.929166667,1,0.134059533,7.676679691,7.678106121,true,none
1784908062.695288420,per_message_full_scan,1033,720,6.265732050,6.265731789,0.997222222,0.927777778,1,0.133470386,7.582058879,7.582154458,true,none
1784908063.695119143,per_message_full_scan,1034,720,6.265732050,6.265731698,0.997222222,0.927777778,1,0.129510760,7.578319835,7.516999503,true,none
1784908064.695123196,per_message_full_scan,1034,720,6.265732050,6.265731698,0.997222222,0.922222222,1,0.119174071,7.765197103,7.773154727,true,none
1784908065.696506023,per_message_full_scan,1033,720,6.265732050,6.265731789,0.997222222,0.926388889,1,0.121794820,7.780371090,7.792985911,true,none
1784908066.695185900,per_message_full_scan,1034,720,6.265732050,6.265731698,0.997222222,0.925000000,1,0.132694095,7.547477137,7.550355257,true,none
1784908067.696417332,per_message_full_scan,1036,720,6.265732050,6.265731915,0.997222222,0.923611111,1,0.134752274,7.651404236,6.936640336,true,none
1784908068.695482969,per_message_full_scan,1040,720,6.265732050,6.265732009,0.998611111,0.916666667,1,0.133311346,7.563114681,7.418755624,true,none
1784908069.696177244,per_message_full_scan,1044,720,6.265732050,6.265731669,0.997222222,0.919444444,1,0.121667400,7.608827135,7.584845843,true,none
1784908070.695127487,per_message_full_scan,1039,720,6.265732050,6.265731823,0.997222222,0.915277778,1,0.131911561,7.565489374,7.561697720,true,none
1784908071.696034193,per_message_full_scan,1040,720,6.265732050,6.265732009,0.998611111,0.926388889,1,0.132895619,7.506506997,7.507960176,true,none
1784908072.697313070,per_message_full_scan,1043,720,6.265732050,6.265731754,0.997222222,0.923611111,1,0.133463725,7.715605526,6.880317514,true,none
1784908073.695342541,per_message_full_scan,1038,720,6.265732050,6.265731607,0.997222222,0.918055556,1,0.133088872,7.621656398,7.481799775,true,none
1784908074.695156574,per_message_full_scan,1036,720,6.265732050,6.265731915,0.997222222,0.923611111,1,0.134877264,7.516833331,7.488235114,true,none
1784908075.695161819,per_message_full_scan,1031,720,6.265732050,6.265731719,0.997222222,0.912500000,1,0.134209737,7.595849925,7.599135150,true,none
1784908076.695376158,per_message_full_scan,1040,720,6.265732050,6.265732009,0.998611111,0.906944444,1,0.128338277,7.529007511,7.530589634,true,none
1784908077.695599318,per_message_full_scan,1041,720,6.265732050,6.265731715,0.997222222,0.904166667,1,0.133376166,7.488634525,7.490252162,true,none
1784908078.695095301,per_message_full_scan,1032,720,6.265732050,6.265731648,0.997222222,0.908333333,1,0.121262364,7.663263591,7.674621586,true,none
1784908079.696567774,per_message_full_scan,1041,720,6.265732050,6.265731715,0.997222222,0.900000000,1,0.133492947,7.448648074,7.473015230,true,none
1784908080.695140362,per_message_full_scan,1037,720,6.265732050,6.265731810,0.997222222,0.904166667,1,0.133519486,7.538314090,7.545004795,true,none
1784908081.695093870,per_message_full_scan,1033,720,6.265732050,6.265731789,0.997222222,0.909722222,1,0.133948445,7.590514087,7.597708943,true,none
1784908082.696828842,per_message_full_scan,1040,720,6.265732050,6.265732009,0.998611111,0.919444444,1,0.101553164,7.661352115,7.665258289,true,none
1784908083.695330858,per_message_full_scan,1040,720,6.265732050,6.265732009,0.998611111,0.912500000,1,0.130900934,7.530442808,7.532921220,true,none
1784908084.695132971,per_message_full_scan,1038,720,6.265732050,6.265731607,0.997222222,0.905555556,1,0.133981511,7.581367425,7.583124306,true,none
1784908085.695405483,per_message_full_scan,1038,720,6.265732050,6.265731607,0.997222222,0.906944444,1,0.133639261,7.545170450,7.546623834,true,none
1784908086.695127726,per_message_full_scan,1037,720,6.265732050,6.265731810,0.997222222,0.904166667,1,0.121762507,7.625012700,7.625370181,true,none
1784908087.695237398,per_message_full_scan,1038,720,6.265732050,6.265731607,0.997222222,0.901388889,1,0.133975759,7.547595932,7.548027083,true,none
1784908088.695154667,per_message_full_scan,1036,720,6.265732050,6.265731915,0.997222222,0.900000000,1,0.122116894,7.569142918,7.569788049,true,none
1784908089.695135593,per_message_full_scan,1040,720,6.265732050,6.265732009,0.998611111,0.905555556,1,0.132961467,7.569948799,7.570391681,true,none
1784908090.695230722,per_message_full_scan,1038,720,6.265732050,6.265731607,0.997222222,0.911111111,1,0.134195194,7.517509419,7.517783103,true,none
1784908091.695156336,per_message_full_scan,1034,720,6.265732050,6.265731698,0.997222222,0.904166667,1,0.135277614,7.569779006,7.572668470,true,none
1784908092.695754290,per_message_full_scan,1041,720,6.265732050,6.265731715,0.997222222,0.906944444,1,0.126974314,7.599621621,7.601803199,true,none
1784908093.695866585,per_message_full_scan,1037,720,6.265732050,6.265731810,0.997222222,0.908333333,1,0.133208320,7.569614119,7.584379892,true,none
1784908094.695135832,per_message_full_scan,1038,720,6.265732050,6.265731607,0.997222222,0.900000000,1,0.133498147,7.552248544,7.557217365,true,none
1784908095.695164204,per_message_full_scan,1032,720,6.265732050,6.265731648,0.997222222,0.913888889,1,0.133531645,7.600037794,7.600885224,true,none
1784908096.695132732,per_message_full_scan,1031,720,6.265732050,6.265731719,0.997222222,0.915277778,1,0.121653549,7.647669656,7.649735950,true,none
1784908097.695160866,per_message_full_scan,1029,720,6.265732050,6.265731884,0.997222222,0.912500000,1,0.121168546,7.654286058,7.655147512,true,none
1784908098.695206881,per_message_full_scan,1038,720,6.265732050,6.265731607,0.997222222,0.918055556,1,0.133164793,7.531339240,7.531551025,true,none
1784908099.695097685,per_message_full_scan,1034,720,6.265732050,6.265731698,0.997222222,0.913888889,1,0.134294331,7.585031842,7.585700466,true,none
1784908100.695119381,per_message_full_scan,1033,720,6.265732050,6.265731789,0.997222222,0.920833333,1,0.120086014,7.613038757,7.578542140,true,none
1784908101.695156574,per_message_full_scan,1030,720,6.265732050,6.265731969,0.998611111,0.920833333,1,0.121778660,7.652686790,7.656201264,true,none
1784908102.695575953,per_message_full_scan,1037,720,6.265732050,6.265731810,0.997222222,0.918055556,1,0.121865824,7.647637776,7.649362745,true,none
1784908103.695127010,per_message_full_scan,1031,720,6.265732050,6.265731719,0.997222222,0.918055556,1,0.133925527,7.553293023,7.554233388,true,none
1784908104.695622444,per_message_full_scan,1036,720,6.265732050,6.265731915,0.997222222,0.920833333,1,0.133770958,7.567679284,7.568373765,true,none
1784908105.696653843,per_message_full_scan,1042,720,6.265732050,6.265731941,0.997222222,0.925000000,1,0.133375183,7.718047354,7.707874714,true,none
1784908106.695199013,per_message_full_scan,1038,720,6.265732050,6.265731607,0.997222222,0.911111111,1,0.121910676,7.658707129,7.663070568,true,none
1784908107.695201397,per_message_full_scan,1037,720,6.265732050,6.265731810,0.997222222,0.897222222,1,0.134419218,7.525817474,7.527343243,true,none
1784908108.695179701,per_message_full_scan,1035,720,6.265732050,6.265731889,0.997222222,0.909722222,1,0.121014602,7.626606583,7.626544382,true,none
1784908109.695129633,per_message_full_scan,1038,720,6.265732050,6.265731607,0.997222222,0.913888889,1,0.134258360,7.533100445,7.533289080,true,none
1784908110.695206881,per_message_full_scan,1036,720,6.265732050,6.265731915,0.997222222,0.906944444,1,0.121786416,7.627934932,7.627737768,true,none
1784908111.695150852,per_message_full_scan,1036,720,6.265732050,6.265731915,0.997222222,0.916666667,1,0.134237200,7.541106908,7.542108162,true,none
1784908112.696011543,per_message_full_scan,1035,720,6.265732050,6.265731889,0.997222222,0.913888889,1,0.121227048,7.630048794,7.625403912,true,none
1784908113.695674658,per_message_full_scan,1037,720,6.265732050,6.265731810,0.997222222,0.919444444,1,0.133484632,7.523788496,7.513127428,true,none
1784908114.696053028,per_message_full_scan,1034,720,6.265732050,6.265731698,0.997222222,0.909722222,1,0.133160532,7.566859340,7.569155575,true,none
1784908115.695890665,per_message_full_scan,1036,720,6.265732050,6.265731915,0.997222222,0.918055556,1,0.134099230,7.609185564,7.614069912,true,none
1784908116.695268154,per_message_full_scan,1040,720,6.265732050,6.265732009,0.998611111,0.912500000,1,0.134183258,7.595064625,7.595992574,true,none
1784908117.695116758,per_message_full_scan,1039,720,6.265732050,6.265731823,0.997222222,0.920833333,1,0.130531952,7.554392602,7.596203148,true,none
1784908118.695142984,per_message_full_scan,1031,720,6.265732050,6.265731719,0.997222222,0.906944444,1,0.133302093,7.617105413,7.627330424,true,none
1784908119.695230961,per_message_full_scan,1029,720,6.265732050,6.265731884,0.997222222,0.916666667,1,0.133974180,7.573430067,7.575252932,true,none
1784908120.695649862,per_message_full_scan,1029,720,6.265732050,6.265731884,0.997222222,0.906944444,1,0.134297937,7.583645859,7.586878098,true,none
1784908121.695140600,per_message_full_scan,1033,720,6.265732050,6.265731789,0.997222222,0.909722222,1,0.134149447,7.623363010,7.632313364,true,none
1784908122.695142984,per_message_full_scan,1032,720,6.265732050,6.265731648,0.997222222,0.913888889,1,0.134224266,7.606686920,7.605743214,true,none
1784908123.695093393,per_message_full_scan,1029,720,6.265732050,6.265731884,0.997222222,0.920833333,1,0.121820733,7.653934958,7.655186837,true,none
1784908124.695115089,per_message_full_scan,1032,720,6.265732050,6.265731648,0.997222222,0.919444444,1,0.121796660,7.641066873,7.640887756,true,none
1784908125.701951742,per_message_full_scan,1037,720,6.265732050,6.265731810,0.997222222,0.898611111,1,0.131610677,7.464603801,7.454792154,true,none
1784908126.695383072,per_message_full_scan,1029,720,6.265732050,6.265731884,0.997222222,0.897222222,1,0.133450240,7.603770223,7.604934645,true,none
1784908127.695163727,per_message_full_scan,1029,720,6.265732050,6.265731884,0.997222222,0.915277778,1,0.134130076,7.616639407,7.616998542,true,none
1784908128.695093870,per_message_full_scan,1032,720,6.265732050,6.265731648,0.997222222,0.905555556,1,0.134164914,7.572695472,7.573183230,true,none
1784908129.695125103,per_message_full_scan,1030,720,6.265732050,6.265731969,0.998611111,0.893055556,1,0.134120792,7.564393051,7.564635140,true,none
1784908130.695101261,per_message_full_scan,1029,720,6.265732050,6.265731884,0.997222222,0.900000000,1,0.133908957,7.574689085,7.575129815,true,none
1784908131.695129871,per_message_full_scan,1030,720,6.265732050,6.265731969,0.998611111,0.901388889,1,0.134108871,7.548363490,7.548309193,true,none
1784908132.695308685,per_message_full_scan,1030,720,6.265732050,6.265731969,0.998611111,0.888888889,1,0.133994207,7.549293141,7.550169168,true,none
1784908133.695109129,per_message_full_scan,1029,720,6.265732050,6.265731884,0.997222222,0.900000000,1,0.121726066,7.684459524,7.684478275,true,none
1784908134.695144415,per_message_full_scan,1029,720,6.265732050,6.265731884,0.997222222,0.895833333,1,0.134261757,7.631984456,7.632160035,true,none
1784908135.695343971,per_message_full_scan,1031,720,6.265732050,6.265731719,0.997222222,0.902777778,1,0.121704787,7.661690635,7.662070207,true,none
1784908136.695118904,per_message_full_scan,1030,720,6.265732050,6.265731969,0.998611111,0.919444444,1,0.133517668,7.612123177,7.612305318,true,none
1784908137.695168257,per_message_full_scan,1030,720,6.265732050,6.265731969,0.998611111,0.894444444,1,0.134032249,7.627093111,7.627302689,true,none
1784908138.695130110,per_message_full_scan,1031,720,6.265732050,6.265731719,0.997222222,0.902777778,1,0.134154588,7.608499488,7.607763668,true,none
1784908139.695237875,per_message_full_scan,1030,720,6.265732050,6.265731969,0.998611111,0.902777778,1,0.136197999,7.587615194,7.587728549,true,none
1784908140.695112228,per_message_full_scan,1030,720,6.265732050,6.265731969,0.998611111,0.902777778,1,0.133273885,7.583506888,7.584009669,true,none
1784908141.695256948,per_message_full_scan,1029,720,6.265732050,6.265731884,0.997222222,0.920833333,1,0.134027779,7.559361558,7.559141473,true,none
1784908142.695126534,per_message_full_scan,1029,720,6.265732050,6.265731884,0.997222222,0.918055556,1,0.134064138,7.571675969,7.571930290,true,none
1784908143.695399761,per_message_full_scan,1030,720,6.265732050,6.265731969,0.998611111,0.925000000,1,0.133997425,7.540764509,7.540380699,true,none
1784908144.695167065,per_message_full_scan,1030,720,6.265732050,6.265731969,0.998611111,0.905555556,1,0.132393703,7.552637367,7.552931651,true,none
1784908145.695136070,per_message_full_scan,1028,720,6.265732050,6.265731908,0.997222222,0.923611111,1,0.121913508,7.683606313,7.683924248,true,none
1784908146.695211887,per_message_full_scan,1029,720,6.265732050,6.265731884,0.997222222,0.880555556,1,0.134047404,7.635846549,7.635916541,true,none
1784908147.695105314,per_message_full_scan,1030,720,6.265732050,6.265731969,0.998611111,0.886111111,1,0.134370863,7.625056089,7.624169543,true,none
1784908148.695151806,per_message_full_scan,1029,720,6.265732050,6.265731884,0.997222222,0.876388889,1,0.134250730,7.608873837,7.610073232,true,none
1784908149.695210218,per_message_full_scan,1029,720,6.265732050,6.265731884,0.997222222,0.866666667,1,0.134092018,7.614139633,7.612534008,true,none
1784908150.695168734,per_message_full_scan,1035,720,6.265732050,6.265731889,0.997222222,0.895833333,1,0.133316964,7.570864084,7.568685241,true,none
1784908151.695252895,per_message_full_scan,1029,720,6.265732050,6.265731884,0.997222222,0.875000000,1,0.132823199,7.601892065,7.600301705,true,none
1784908152.695106983,per_message_full_scan,1030,720,6.265732050,6.265731969,0.998611111,0.901388889,1,0.132973999,7.614506635,7.617502720,true,none
1784908153.695107698,per_message_full_scan,1029,720,6.265732050,6.265731884,0.997222222,0.904166667,1,0.134199202,7.567973975,7.568436703,true,none
1784908154.695228577,per_message_full_scan,1030,720,6.265732050,6.265731969,0.998611111,0.918055556,1,0.133912995,7.595361201,7.596065588,true,none
1784908155.695198774,per_message_full_scan,1031,720,6.265732050,6.265731719,0.997222222,0.905555556,1,0.134597257,7.527662538,7.526058248,true,none
1784908156.695096254,per_message_full_scan,1029,720,6.265732050,6.265731884,0.997222222,0.913888889,1,0.121788919,7.678539072,7.678807705,true,none
1784908157.695442915,per_message_full_scan,1030,720,6.265732050,6.265731969,0.998611111,0.905555556,1,0.121289752,7.684576465,7.685200059,true,none
1784908158.695323229,per_message_full_scan,1031,720,6.265732050,6.265731719,0.997222222,0.915277778,1,0.134158790,7.618021840,7.617226647,true,none
1784908159.695119619,per_message_full_scan,1029,720,6.265732050,6.265731884,0.997222222,0.912500000,1,0.133971676,7.628379137,7.630856434,true,none
1784908160.695154428,per_message_full_scan,1030,720,6.265732050,6.265731969,0.998611111,0.938888889,1,0.134165332,7.567969957,7.567111168,true,none
1784908161.696140289,per_message_full_scan,1029,720,6.265732050,6.265731884,0.997222222,0.915277778,1,0.134114757,7.617919476,7.617045772,true,none
1784908162.695177078,per_message_full_scan,1029,720,6.265732050,6.265731884,0.997222222,0.922222222,1,0.134120107,7.580094743,7.580866865,true,none
1784908163.695425034,per_message_full_scan,1029,720,6.265732050,6.265731884,0.997222222,0.918055556,1,0.134122804,7.537421838,7.537469476,true,none
1784908164.695251703,per_message_full_scan,1028,720,6.265732050,6.265731908,0.997222222,0.931944444,1,0.134103194,7.518323825,7.518118918,true,none
1784908165.695320845,per_message_full_scan,1030,720,6.265732050,6.265731969,0.998611111,0.947222222,1,0.121766269,7.673727958,7.673389520,true,none
1784908166.696064472,per_message_full_scan,1030,720,6.265732050,6.265731969,0.998611111,0.930555556,1,0.133045241,7.631385883,7.631536023,true,none
1784908167.695140600,per_message_full_scan,1029,720,6.265732050,6.265731884,0.997222222,0.916666667,1,0.121742733,7.660917082,7.660634654,true,none
1784908168.695188522,per_message_full_scan,1030,720,6.265732050,6.265731969,0.998611111,0.909722222,1,0.133377522,7.612360269,7.612814744,true,none
1784908169.695137501,per_message_full_scan,1029,720,6.265732050,6.265731884,0.997222222,0.920833333,1,0.136629909,7.604195819,7.604962729,true,none
1784908170.695146561,per_message_full_scan,1029,720,6.265732050,6.265731884,0.997222222,0.918055556,1,0.134101197,7.581192775,7.580667159,true,none
1784908171.695126295,per_message_full_scan,1028,720,6.265732050,6.265731908,0.997222222,0.922222222,1,0.134078279,7.611835002,7.611550699,true,none
1784908172.695242405,per_message_full_scan,1030,720,6.265732050,6.265731969,0.998611111,0.902777778,1,0.129629210,7.585092992,7.585124540,true,none
1784908173.695224524,per_message_full_scan,1028,720,6.265732050,6.265731908,0.997222222,0.930555556,1,0.121844955,7.696041560,7.697583625,true,none
1784908174.695194960,per_message_full_scan,1026,720,6.265732050,6.265731668,0.997222222,0.891666667,1,0.122290656,7.659071672,7.658543841,true,none
1784908175.695327044,per_message_full_scan,1027,720,6.265732050,6.265732007,0.998611111,0.856944444,1,0.133555278,7.641701434,7.642002672,true,none
1784908176.695105076,per_message_full_scan,1030,720,6.265732050,6.265731969,0.998611111,0.881944444,1,0.134020880,7.626296015,7.626284407,true,none
1784908177.695111513,per_message_full_scan,1027,720,6.265732050,6.265732007,0.998611111,0.876388889,1,0.132804736,7.587695495,7.587620980,true,none
1784908178.695098639,per_message_full_scan,1028,720,6.265732050,6.265731908,0.997222222,0.893055556,1,0.121704265,7.673309968,7.673265964,true,none
1784908179.695136547,per_message_full_scan,1027,720,6.265732050,6.265732007,0.998611111,0.887500000,1,0.134256631,7.623478966,7.624193728,true,none
1784908180.695127726,per_message_full_scan,1027,720,6.265732050,6.265732007,0.998611111,0.886111111,1,0.134088978,7.586755574,7.587501170,true,none
1784908181.695204973,per_message_full_scan,1028,720,6.265732050,6.265731908,0.997222222,0.883333333,1,0.121747583,7.673390827,7.671994348,true,none
1784908182.695106030,per_message_full_scan,1026,720,6.265732050,6.265731668,0.997222222,0.883333333,1,0.134049743,7.639353348,7.639367392,true,none
1784908183.695358753,per_message_full_scan,1025,720,6.265732050,6.265731812,0.997222222,0.872222222,1,0.133921206,7.587466644,7.587823252,true,none
1784908184.695112705,per_message_full_scan,1027,720,6.265732050,6.265732007,0.998611111,0.870833333,1,0.133979067,7.553887384,7.554340242,true,none
1784908185.695228338,per_message_full_scan,1029,720,6.265732050,6.265731884,0.997222222,0.888888889,1,0.122145578,7.668023075,7.668781703,true,none
1784908186.695906401,per_message_full_scan,1028,720,6.265732050,6.265731908,0.997222222,0.883333333,1,0.134296969,7.584033107,7.582296185,true,none
1784908187.695137024,per_message_full_scan,1028,720,6.265732050,6.265731908,0.997222222,0.909722222,1,0.134000823,7.618621558,7.618979532,true,none
1784908188.695117712,per_message_full_scan,1027,720,6.265732050,6.265732007,0.998611111,0.895833333,1,0.134070814,7.575973317,7.576656403,true,none
1784908189.695337296,per_message_full_scan,1028,720,6.265732050,6.265731908,0.997222222,0.918055556,1,0.133986786,7.549241026,7.549378507,true,none
1784908190.695170164,per_message_full_scan,1027,720,6.265732050,6.265732007,0.998611111,0.905555556,1,0.121768989,7.670570054,7.670785534,true,none
1784908191.695231676,per_message_full_scan,1030,720,6.265732050,6.265731969,0.998611111,0.898611111,1,0.134174898,7.614794089,7.615373795,true,none
1784908192.695765972,per_message_full_scan,1029,720,6.265732050,6.265731884,0.997222222,0.916666667,1,0.134084240,7.613622035,7.614402874,true,none
1784908193.695142508,per_message_full_scan,1030,720,6.265732050,6.265731969,0.998611111,0.906944444,1,0.134020612,7.575754592,7.573564282,true,none
1784908194.695501089,per_message_full_scan,1029,720,6.265732050,6.265731884,0.997222222,0.911111111,1,0.134033471,7.578369932,7.578634656,true,none
1784908195.695471048,per_message_full_scan,1029,720,6.265732050,6.265731884,0.997222222,0.916666667,1,0.121826954,7.689666258,7.689752012,true,none
1784908196.695173740,per_message_full_scan,1028,720,6.265732050,6.265731908,0.997222222,0.918055556,1,0.121948674,7.652196027,7.651907502,true,none
1784908197.695157051,per_message_full_scan,1028,720,6.265732050,6.265731908,0.997222222,0.888888889,1,0.120962441,7.672879326,7.672948720,true,none
1784908198.695412397,per_message_full_scan,1027,720,6.265732050,6.265732007,0.998611111,0.895833333,1,0.134248242,7.592814798,7.593075824,true,none
1784908199.695162535,per_message_full_scan,1030,720,6.265732050,6.265731969,0.998611111,0.897222222,1,0.133668631,7.584839505,7.585052504,true,none
1784908200.695108175,per_message_full_scan,1029,720,6.265732050,6.265731884,0.997222222,0.908333333,1,0.121775769,7.692556509,7.694738588,true,none
1784908201.695672512,per_message_full_scan,1029,720,6.265732050,6.265731884,0.997222222,0.906944444,1,0.120474704,7.665504363,7.665510110,true,none
1784908202.695113659,per_message_full_scan,1029,720,6.265732050,6.265731884,0.997222222,0.923611111,1,0.121755399,7.669704735,7.670189448,true,none
1784908203.695137262,per_message_full_scan,1029,720,6.265732050,6.265731884,0.997222222,0.900000000,1,0.135163382,7.600603722,7.601978368,true,none
1784908204.695192337,per_message_full_scan,1029,720,6.265732050,6.265731884,0.997222222,0.890277778,1,0.134208158,7.615526890,7.616047311,true,none
1784908205.695159912,per_message_full_scan,1027,720,6.265732050,6.265732007,0.998611111,0.884722222,1,0.135903046,7.532478896,7.513233031,true,none
1784908206.695146799,per_message_full_scan,1030,720,6.265732050,6.265731969,0.998611111,0.870833333,1,0.135053754,7.558460080,7.563381595,true,none
1784908207.695244789,per_message_full_scan,1028,720,6.265732050,6.265731908,0.997222222,0.881944444,1,0.133732602,7.569343184,7.570317964,true,none
1784908208.695124388,per_message_full_scan,1030,720,6.265732050,6.265731969,0.998611111,0.884722222,1,0.134376019,7.533882025,7.533777261,true,none
1784908209.695110083,per_message_full_scan,1051,720,6.265732050,6.265731901,0.997222222,0.897222222,1,0.135465428,7.547436845,7.547230094,true,none
1784908210.695297480,per_message_full_scan,1062,720,6.265732050,6.265731704,0.997222222,0.894444444,1,0.133932680,7.429892447,7.429215208,true,none
1784908211.696259022,per_message_full_scan,1053,720,6.265732050,6.265731787,0.997222222,0.901388889,1,0.134109020,7.331012417,7.323986907,true,none
1784908212.695109367,per_message_full_scan,1049,720,6.265732050,6.265732020,0.998611111,0.916666667,1,0.134159595,7.440411148,7.442355889,true,none
1784908213.695238829,per_message_full_scan,1050,720,6.265732050,6.265731793,0.997222222,0.905555556,1,0.134034365,7.413022091,7.413879750,true,none
1784908214.695321560,per_message_full_scan,1051,720,6.265732050,6.265731901,0.997222222,0.886111111,1,0.134024665,7.522525679,7.521536782,true,none
1784908215.695303440,per_message_full_scan,1048,720,6.265732050,6.265731574,0.997222222,0.837500000,1,0.134133026,7.421336007,7.419539932,true,none
1784908216.695482731,per_message_full_scan,1047,720,6.265732050,6.265731885,0.997222222,0.848611111,1,0.133911833,7.455715485,7.455846216,true,none
1784908217.695203781,per_message_full_scan,1042,720,6.265732050,6.265731941,0.997222222,0.856944444,1,0.133538678,7.511786175,7.511760707,true,none
1784908218.695322037,per_message_full_scan,1047,720,6.265732050,6.265731885,0.997222222,0.825000000,1,0.121525489,7.570567027,7.570331209,true,none
1784908219.697026968,per_message_full_scan,1047,720,6.265732050,6.265731885,0.997222222,0.866666667,1,0.120967478,7.586701586,7.588663858,true,none
1784908220.695095778,per_message_full_scan,1046,720,6.265732050,6.265731945,0.997222222,0.862500000,1,0.134171233,7.443455227,7.444031244,true,none
1784908221.695124388,per_message_full_scan,1046,720,6.265732050,6.265731945,0.997222222,0.859722222,1,0.134116590,7.451772771,7.451762641,true,none
1784908222.695248365,per_message_full_scan,1047,720,6.265732050,6.265731885,0.997222222,0.838888889,1,0.134080455,7.487663524,7.487911610,true,none
1784908223.695110798,per_message_full_scan,1044,720,6.265732050,6.265731669,0.997222222,0.884722222,1,0.134108424,7.532774378,7.531954051,true,none
1784908224.695120096,per_message_full_scan,1046,720,6.265732050,6.265731945,0.997222222,0.863888889,1,0.134139568,7.428215237,7.427443506,true,none
1784908225.695208788,per_message_full_scan,1046,720,6.265732050,6.265731945,0.997222222,0.865277778,1,0.134146109,7.463318038,7.461749894,true,none
1784908226.695313692,per_message_full_scan,1044,720,6.265732050,6.265731669,0.997222222,0.840277778,1,0.134144738,7.476071071,7.475781504,true,none
1784908227.695474625,per_message_full_scan,1047,720,6.265732050,6.265731885,0.997222222,0.830555556,1,0.134431869,7.495603190,7.494937240,true,none
1784908228.695122957,per_message_full_scan,1044,720,6.265732050,6.265731669,0.997222222,0.851388889,1,0.133302644,7.494644524,7.494271833,true,none
1784908229.695289612,per_message_full_scan,1045,720,6.265732050,6.265731722,0.997222222,0.802777778,1,0.134231001,7.539855372,7.540361488,true,none
1784908230.695177794,per_message_full_scan,1045,720,6.265732050,6.265731722,0.997222222,0.718055556,1,0.121692024,7.578250392,7.579102288,true,none
1784908231.695111275,per_message_full_scan,1045,720,6.265732050,6.265731722,0.997222222,0.691666667,1,0.134036794,7.444860839,7.444698953,true,none
1784908232.695101976,per_message_full_scan,1039,720,6.265732050,6.265731823,0.997222222,0.704166667,1,0.134137064,7.444201206,7.442601914,true,none
1784908233.695110321,per_message_full_scan,1042,720,6.265732050,6.265731941,0.997222222,0.770833333,1,0.121648788,7.600350918,7.599438645,true,none
1784908234.695152044,per_message_full_scan,1038,720,6.265732050,6.265731607,0.997222222,0.761111111,1,0.134057000,7.517476865,7.516349462,true,none
1784908235.695097923,per_message_full_scan,1040,720,6.265732050,6.265732009,0.998611111,0.781944444,1,0.134034231,7.529294667,7.528595869,true,none
1784908236.695125580,per_message_full_scan,1040,720,6.265732050,6.265732009,0.998611111,0.812500000,1,0.133903757,7.488960562,7.488888396,true,none
1784908237.695118189,per_message_full_scan,1044,720,6.265732050,6.265731669,0.997222222,0.798611111,1,0.134248480,7.468446397,7.469132085,true,none
1784908238.695126772,per_message_full_scan,1040,720,6.265732050,6.265732009,0.998611111,0.783333333,1,0.121933490,7.601737384,7.601443148,true,none
1784908239.695111275,per_message_full_scan,1039,720,6.265732050,6.265731823,0.997222222,0.790277778,1,0.133064061,7.562713652,7.562458752,true,none
1784908240.695105791,per_message_full_scan,1045,720,6.265732050,6.265731722,0.997222222,0.805555556,1,0.134186640,7.504091560,7.504180155,true,none
1784908241.695115328,per_message_full_scan,1048,720,6.265732050,6.265731574,0.997222222,0.783333333,1,0.133385837,7.548843545,7.548821161,true,none
1784908242.695137501,per_message_full_scan,1047,720,6.265732050,6.265731885,0.997222222,0.755555556,1,0.134005815,7.422202573,7.422625765,true,none
1784908243.695112705,per_message_full_scan,1048,720,6.265732050,6.265731574,0.997222222,0.761111111,1,0.134270161,7.444430724,7.444517723,true,none
1784908244.695096493,per_message_full_scan,1045,720,6.265732050,6.265731722,0.997222222,0.752777778,1,0.133196428,7.459276783,7.455771100,true,none
1784908245.695127010,per_message_full_scan,1047,720,6.265732050,6.265731885,0.997222222,0.756944444,1,0.132459089,7.546858763,7.547793697,true,none
1784908246.696095943,per_message_full_scan,1047,720,6.265732050,6.265731885,0.997222222,0.775000000,1,0.121977955,7.556590364,7.556890306,true,none
1784908247.695213079,per_message_full_scan,1044,720,6.265732050,6.265731669,0.997222222,0.763888889,1,0.134471118,7.438120525,7.438570707,true,none
1784908248.695276260,per_message_full_scan,1046,720,6.265732050,6.265731945,0.997222222,0.773611111,1,0.133282080,7.450582199,7.450333097,true,none
1784908249.695116043,per_message_full_scan,1048,720,6.265732050,6.265731574,0.997222222,0.756944444,1,0.132971078,7.473948130,7.475055317,true,none
1784908250.695131540,per_message_full_scan,1041,720,6.265732050,6.265731715,0.997222222,0.787500000,1,0.133731648,7.507332703,7.506951556,true,none
1784908251.697187901,per_message_full_scan,1046,720,6.265732050,6.265731945,0.997222222,0.786111111,1,0.134097740,7.546998140,7.546802008,true,none
1784908252.695089102,per_message_full_scan,1046,720,6.265732050,6.265731945,0.997222222,0.748611111,1,0.133149937,7.436091076,7.436237067,true,none
1784908253.695237875,per_message_full_scan,1046,720,6.265732050,6.265731945,0.997222222,0.755555556,1,0.133436576,7.446702597,7.447245739,true,none
1784908254.695135593,per_message_full_scan,1046,720,6.265732050,6.265731945,0.997222222,0.756944444,1,0.132512569,7.479947609,7.483410872,true,none
1784908255.695073605,per_message_full_scan,1048,720,6.265732050,6.265731574,0.997222222,0.788888889,1,0.120119087,7.570121254,7.575937748,true,none
1784908256.695461750,per_message_full_scan,1046,720,6.265732050,6.265731945,0.997222222,0.770833333,1,0.134059012,7.428167700,7.430637168,true,none
1784908257.695289135,per_message_full_scan,1048,720,6.265732050,6.265731574,0.997222222,0.802777778,1,0.135337010,7.447626006,7.448144036,true,none
1784908258.695106030,per_message_full_scan,1045,720,6.265732050,6.265731722,0.997222222,0.822222222,1,0.134865046,7.500860567,7.501228647,true,none
1784908259.695178986,per_message_full_scan,1044,720,6.265732050,6.265731669,0.997222222,0.848611111,1,0.134392142,7.546165629,7.546375296,true,none
1784908260.695149422,per_message_full_scan,1046,720,6.265732050,6.265731945,0.997222222,0.825000000,1,0.132587224,7.438870883,7.440257841,true,none
1784908261.695683479,per_message_full_scan,1046,720,6.265732050,6.265731945,0.997222222,0.856944444,1,0.134216383,7.449243612,7.449145966,true,none
1784908262.695110559,per_message_full_scan,1045,720,6.265732050,6.265731722,0.997222222,0.859722222,1,0.134024128,7.472207917,7.472801877,true,none
1784908263.695113420,per_message_full_scan,1045,720,6.265732050,6.265731722,0.997222222,0.848611111,1,0.132981420,7.481827242,7.457224948,true,none
1784908264.695092440,per_message_full_scan,1041,720,6.265732050,6.265731715,0.997222222,0.858333333,1,0.134335816,7.479526140,7.481100492,true,none
1784908265.695306301,per_message_full_scan,1044,720,6.265732050,6.265731669,0.997222222,0.855555556,1,0.133539960,7.478027807,7.478301203,true,none
1784908266.695514202,per_message_full_scan,1043,720,6.265732050,6.265731754,0.997222222,0.833333333,1,0.134532511,7.482813272,7.483463102,true,none
1784908267.695130825,per_message_full_scan,1047,720,6.265732050,6.265731885,0.997222222,0.854166667,1,0.134215161,7.516075116,7.516659042,true,none
1784908268.695103884,per_message_full_scan,1041,720,6.265732050,6.265731715,0.997222222,0.833333333,1,0.120778717,7.580647302,7.581008727,true,none
1784908269.695381403,per_message_full_scan,1046,720,6.265732050,6.265731945,0.997222222,0.797222222,1,0.133844659,7.439558493,7.439748320,true,none
1784908270.695173740,per_message_full_scan,1049,720,6.265732050,6.265732020,0.998611111,0.779166667,1,0.133616105,7.470931693,7.470472076,true,none
1784908271.695168495,per_message_full_scan,1050,720,6.265732050,6.265731793,0.997222222,0.729166667,1,0.133832991,7.510816991,7.511168021,true,none
1784908272.695872545,per_message_full_scan,1046,720,6.265732050,6.265731945,0.997222222,0.750000000,1,0.133796453,7.437718122,7.438407659,true,none
1784908273.695327997,per_message_full_scan,1045,720,6.265732050,6.265731722,0.997222222,0.702777778,1,0.133273542,7.449830736,7.449891435,true,none
1784908274.696181059,per_message_full_scan,1046,720,6.265732050,6.265731945,0.997222222,0.722222222,1,0.134323850,7.490511893,7.491956931,true,none
1784908275.695110559,per_message_full_scan,1045,720,6.265732050,6.265731722,0.997222222,0.790277778,1,0.133584678,7.497839915,7.498068844,true,none
1784908276.695196867,per_message_full_scan,1050,720,6.265732050,6.265731793,0.997222222,0.812500000,1,0.132650524,7.409032687,7.412666469,true,none
1784908277.695169687,per_message_full_scan,1048,720,6.265732050,6.265731574,0.997222222,0.827777778,1,0.131543055,7.460885091,7.461889168,true,none
1784908278.695145369,per_message_full_scan,1047,720,6.265732050,6.265731885,0.997222222,0.940277778,1,0.123900257,7.521007161,7.520833709,true,none
1784908279.695645094,per_message_full_scan,1051,720,6.265732050,6.265731901,0.997222222,0.894444444,1,0.132510424,7.393792374,7.392716001,true,none
1784908280.695495367,per_message_full_scan,1049,720,6.265732050,6.265732020,0.998611111,0.956944444,1,0.133797422,7.415451891,7.419400070,true,none
1784908281.695161104,per_message_full_scan,1041,720,6.265732050,6.265731715,0.997222222,0.929166667,1,0.134235114,7.468414893,7.468477959,true,none
1784908282.695112228,per_message_full_scan,1042,720,6.265732050,6.265731941,0.997222222,0.926388889,1,0.134135231,7.479463995,7.477964187,true,none
1784908283.695214272,per_message_full_scan,1047,720,6.265732050,6.265731885,0.997222222,0.908333333,1,0.134137064,7.489117988,7.489472906,true,none
1784908284.695636034,per_message_full_scan,1044,720,6.265732050,6.265731669,0.997222222,0.913888889,1,0.133527517,7.471421171,7.471589235,true,none
1784908285.695549011,per_message_full_scan,1046,720,6.265732050,6.265731945,0.997222222,0.922222222,1,0.134472713,7.539188543,7.530910205,true,none
1784908286.695172548,per_message_full_scan,1045,720,6.265732050,6.265731722,0.997222222,0.897222222,1,0.120393328,7.587316725,7.587875623,true,none
1784908287.696935654,per_message_full_scan,1046,720,6.265732050,6.265731945,0.997222222,0.886111111,1,0.134156898,7.445610161,7.448671428,true,none
1784908288.695203066,per_message_full_scan,1044,720,6.265732050,6.265731669,0.997222222,0.895833333,1,0.132411480,7.444475196,7.445749054,true,none
1784908289.695245981,per_message_full_scan,1045,720,6.265732050,6.265731722,0.997222222,0.872222222,1,0.134236112,7.451380588,7.451480123,true,none
1784908290.695096731,per_message_full_scan,1044,720,6.265732050,6.265731669,0.997222222,0.884722222,1,0.134637564,7.459250828,7.459483491,true,none
1784908291.695320368,per_message_full_scan,1045,720,6.265732050,6.265731722,0.997222222,0.886111111,1,0.134903431,7.471377510,7.471349666,true,none
1784908292.695101261,per_message_full_scan,1045,720,6.265732050,6.265731722,0.997222222,0.870833333,1,0.132965088,7.497048974,7.497175626,true,none
1784908293.695145130,per_message_full_scan,1048,720,6.265732050,6.265731574,0.997222222,0.877777778,1,0.134047031,7.550183567,7.550322956,true,none
1784908294.696152925,per_message_full_scan,1045,720,6.265732050,6.265731722,0.997222222,0.875000000,1,0.134257436,7.421102170,7.421281673,true,none
1784908295.698372126,per_message_full_scan,1045,720,6.265732050,6.265731722,0.997222222,0.879166667,1,0.135369226,7.435025600,7.435197592,true,none
1784908296.696587324,per_message_full_scan,1044,720,6.265732050,6.265731669,0.997222222,0.881944444,1,0.131713599,7.453637712,7.453849674,true,none
1784908297.695316076,per_message_full_scan,1044,720,6.265732050,6.265731669,0.997222222,0.877777778,1,0.133820459,7.466736149,7.468522464,true,none
1784908298.695658922,per_message_full_scan,1044,720,6.265732050,6.265731669,0.997222222,0.876388889,1,0.134031087,7.502774956,7.503896412,true,none
1784908299.695250273,per_message_full_scan,1043,720,6.265732050,6.265731754,0.997222222,0.880555556,1,0.129639581,7.515219549,7.515857850,true,none
1784908300.695156813,per_message_full_scan,1044,720,6.265732050,6.265731669,0.997222222,0.884722222,1,0.133321941,7.528127049,7.528152769,true,none
1784908301.695084095,per_message_full_scan,1043,720,6.265732050,6.265731754,0.997222222,0.888888889,1,0.132937238,7.496809400,7.498201414,true,none
1784908302.695116043,per_message_full_scan,1042,720,6.265732050,6.265731941,0.997222222,0.876388889,1,0.134673700,7.534393576,7.534797103,true,none
1784908303.695096731,per_message_full_scan,1043,720,6.265732050,6.265731754,0.997222222,0.880555556,1,0.138353556,7.475837710,7.476019500,true,none
1784908304.695119381,per_message_full_scan,1051,720,6.265732050,6.265731901,0.997222222,0.879166667,1,0.132909447,7.530831636,7.530115352,true,none
1784908305.697407007,per_message_full_scan,1046,720,6.265732050,6.265731945,0.997222222,0.877777778,1,0.134248197,7.421391946,7.421847155,true,none
1784908306.695114136,per_message_full_scan,1046,720,6.265732050,6.265731945,0.997222222,0.868055556,1,0.134093568,7.451213251,7.454414583,true,none
1784908307.695092916,per_message_full_scan,1045,720,6.265732050,6.265731722,0.997222222,0.894444444,1,0.134096757,7.440399965,7.441802767,true,none
1784908308.695456266,per_message_full_scan,1045,720,6.265732050,6.265731722,0.997222222,0.888888889,1,0.134045452,7.504481764,7.504228598,true,none
1784908309.697071314,per_message_full_scan,1044,720,6.265732050,6.265731669,0.997222222,0.883333333,1,0.134133816,7.515966394,7.516478234,true,none
1784908310.695163965,per_message_full_scan,1048,720,6.265732050,6.265731574,0.997222222,0.883333333,1,0.134326711,7.426960121,7.426855825,true,none
1784908311.695097446,per_message_full_scan,1047,720,6.265732050,6.265731885,0.997222222,0.893055556,1,0.134095103,7.438196586,7.438388221,true,none
1784908312.695118666,per_message_full_scan,1047,720,6.265732050,6.265731885,0.997222222,0.894444444,1,0.134026781,7.488600020,7.488775099,true,none
1784908313.695140362,per_message_full_scan,1048,720,6.265732050,6.265731574,0.997222222,0.893055556,1,0.133099556,7.540402390,7.540743585,true,none
1784908314.695114613,per_message_full_scan,1047,720,6.265732050,6.265731885,0.997222222,0.890277778,1,0.133591741,7.424578142,7.426465463,true,none
1784908315.695338488,per_message_full_scan,1047,720,6.265732050,6.265731885,0.997222222,0.900000000,1,0.134236112,7.459875747,7.460013955,true,none
1784908316.695178509,per_message_full_scan,1047,720,6.265732050,6.265731885,0.997222222,0.894444444,1,0.134005964,7.513663945,7.513925218,true,none
1784908317.695105314,per_message_full_scan,1044,720,6.265732050,6.265731669,0.997222222,0.893055556,1,0.121629059,7.553028710,7.560734497,true,none
1784908318.695104599,per_message_full_scan,1047,720,6.265732050,6.265731885,0.997222222,0.872222222,1,0.134000555,7.439443315,7.444501041,true,none
1784908319.695382833,per_message_full_scan,1046,720,6.265732050,6.265731945,0.997222222,0.859722222,1,0.134213075,7.495195881,7.496263975,true,none
1784908320.695142984,per_message_full_scan,1046,720,6.265732050,6.265731945,0.997222222,0.852777778,1,0.131767303,7.518341317,7.519089840,true,none
1784908321.695103407,per_message_full_scan,1044,720,6.265732050,6.265731669,0.997222222,0.847222222,1,0.121617489,7.581854889,7.586670835,true,none
1784908322.695152044,per_message_full_scan,1045,720,6.265732050,6.265731722,0.997222222,0.856944444,1,0.134211794,7.439766119,7.440612809,true,none
1784908323.695139885,per_message_full_scan,1047,720,6.265732050,6.265731885,0.997222222,0.855555556,1,0.134198144,7.445084227,7.445182588,true,none
1784908324.695215464,per_message_full_scan,1046,720,6.265732050,6.265731945,0.997222222,0.845833333,1,0.134170532,7.489438006,7.487875944,true,none
1784908325.695183516,per_message_full_scan,1047,720,6.265732050,6.265731885,0.997222222,0.836111111,1,0.134166628,7.538989496,7.539098904,true,none
1784908326.695107698,per_message_full_scan,1047,720,6.265732050,6.265731885,0.997222222,0.855555556,1,0.133440062,7.430278381,7.430883112,true,none
1784908327.695176601,per_message_full_scan,1045,720,6.265732050,6.265731722,0.997222222,0.845833333,1,0.134318262,7.438348494,7.438256485,true,none
1784908328.695107698,per_message_full_scan,1046,720,6.265732050,6.265731945,0.997222222,0.861111111,1,0.135223046,7.448460978,7.449765715,true,none
1784908329.695111513,per_message_full_scan,1048,720,6.265732050,6.265731574,0.997222222,0.852777778,1,0.133534595,7.485476891,7.487948909,true,none
1784908330.695255995,per_message_full_scan,1046,720,6.265732050,6.265731945,0.997222222,0.851388889,1,0.134180248,7.540264807,7.540143406,true,none
1784908331.695676565,per_message_full_scan,1047,720,6.265732050,6.265731885,0.997222222,0.841666667,1,0.133944243,7.431791296,7.432057353,true,none
1784908332.695134163,per_message_full_scan,1046,720,6.265732050,6.265731945,0.997222222,0.836111111,1,0.132327259,7.452212085,7.452895086,true,none
1784908333.696627855,per_message_full_scan,1047,720,6.265732050,6.265731885,0.997222222,0.859722222,1,0.134101972,7.459257800,7.459876082,true,none
1784908334.695193529,per_message_full_scan,1045,720,6.265732050,6.265731722,0.997222222,0.851388889,1,0.131678969,7.478543243,7.468548924,true,none
1784908335.695193291,per_message_full_scan,1048,720,6.265732050,6.265731574,0.997222222,0.854166667,1,0.121915653,7.525359171,7.522469062,true,none
1784908336.695282698,per_message_full_scan,1044,720,6.265732050,6.265731669,0.997222222,0.877777778,1,0.134256929,7.441898532,7.442333047,true,none
1784908337.695192099,per_message_full_scan,1047,720,6.265732050,6.265731885,0.997222222,0.856944444,1,0.133441925,7.451902178,7.451911629,true,none
1784908338.695117712,per_message_full_scan,1045,720,6.265732050,6.265731722,0.997222222,0.858333333,1,0.133252949,7.545641974,7.545641945,true,none
1784908339.695133209,per_message_full_scan,1045,720,6.265732050,6.265731722,0.997222222,0.848611111,1,0.134305879,7.421577064,7.421698735,true,none
1784908340.695120573,per_message_full_scan,1046,720,6.265732050,6.265731945,0.997222222,0.843055556,1,0.133595660,7.451989473,7.454573051,true,none
1784908341.695152044,per_message_full_scan,1044,720,6.265732050,6.265731669,0.997222222,0.843055556,1,0.135580078,7.440619424,7.441421358,true,none
1784908342.697939634,per_message_full_scan,1046,720,6.265732050,6.265731945,0.997222222,0.845833333,1,0.133775488,7.474551147,7.475387065,true,none
1784908343.695095778,per_message_full_scan,1043,720,6.265732050,6.265731754,0.997222222,0.858333333,1,0.134080335,7.490012651,7.490000905,true,none
1784908344.695096493,per_message_full_scan,1045,720,6.265732050,6.265731722,0.997222222,0.856944444,1,0.133881718,7.548805711,7.549266655,true,none
1784908345.695125580,per_message_full_scan,1046,720,6.265732050,6.265731945,0.997222222,0.752777778,1,0.120933421,7.581898918,7.584400865,true,none
1784908346.695094824,per_message_full_scan,1046,720,6.265732050,6.265731945,0.997222222,0.818055556,1,0.134692982,7.440795708,7.441503661,true,none
1784908347.695469379,per_message_full_scan,1046,720,6.265732050,6.265731945,0.997222222,0.827777778,1,0.134304792,7.467267518,7.467145760,true,none
1784908348.695108175,per_message_full_scan,1048,720,6.265732050,6.265731574,0.997222222,0.851388889,1,0.134190440,7.520386551,7.520856098,true,none
1784908349.696602345,per_message_full_scan,1046,720,6.265732050,6.265731945,0.997222222,0.836111111,1,0.120295830,7.573579210,7.574489678,true,none
1784908350.696052790,per_message_full_scan,1047,720,6.265732050,6.265731885,0.997222222,0.837500000,1,0.134368747,7.440033097,7.439843027,true,none
1784908351.695196867,per_message_full_scan,1046,720,6.265732050,6.265731945,0.997222222,0.845833333,1,0.134180531,7.440122701,7.436437815,true,none
1784908352.695134163,per_message_full_scan,1046,720,6.265732050,6.265731945,0.997222222,0.852777778,1,0.133848697,7.490200195,7.475234118,true,none
1784908353.695116997,per_message_full_scan,1046,720,6.265732050,6.265731945,0.997222222,0.851388889,1,0.121689849,7.566270718,7.566695404,true,none
1784908354.695129395,per_message_full_scan,1047,720,6.265732050,6.265731885,0.997222222,0.794444444,1,0.133523121,7.442487177,7.447174269,true,none
1784908355.695138931,per_message_full_scan,1046,720,6.265732050,6.265731945,0.997222222,0.870833333,1,0.134300739,7.474045573,7.472629874,true,none
1784908356.695117474,per_message_full_scan,1044,720,6.265732050,6.265731669,0.997222222,0.876388889,1,0.133562654,7.488059501,7.490416153,true,none
1784908357.695178509,per_message_full_scan,1043,720,6.265732050,6.265731754,0.997222222,0.879166667,1,0.133734733,7.520781244,7.521171096,true,none
1784908358.695162058,per_message_full_scan,1045,720,6.265732050,6.265731722,0.997222222,0.875000000,1,0.134890676,7.530457482,7.523426179,true,none
1784908359.695130587,per_message_full_scan,1046,720,6.265732050,6.265731945,0.997222222,0.880555556,1,0.133337215,7.445545611,7.446576694,true,none
1784908360.695128918,per_message_full_scan,1043,720,6.265732050,6.265731754,0.997222222,0.883333333,1,0.133999884,7.448167806,7.448026447,true,none
1784908361.695104361,per_message_full_scan,1044,720,6.265732050,6.265731669,0.997222222,0.883333333,1,0.133097336,7.457161705,7.455941478,true,none
1784908362.695285320,per_message_full_scan,1043,720,6.265732050,6.265731754,0.997222222,0.877777778,1,0.133168966,7.456639475,7.457370863,true,none
1784908363.695094585,per_message_full_scan,1045,720,6.265732050,6.265731722,0.997222222,0.891666667,1,0.134706095,7.440930961,7.440628863,true,none
1784908364.695099115,per_message_full_scan,1045,720,6.265732050,6.265731722,0.997222222,0.873611111,1,0.133468449,7.485461501,7.485976405,true,none
1784908365.695110083,per_message_full_scan,1046,720,6.265732050,6.265731945,0.997222222,0.870833333,1,0.134587258,7.512596752,7.511710393,true,none
1784908366.695296526,per_message_full_scan,1045,720,6.265732050,6.265731722,0.997222222,0.881944444,1,0.134176940,7.540335179,7.540036933,true,none
1784908367.695085526,per_message_full_scan,1044,720,6.265732050,6.265731669,0.997222222,0.877777778,1,0.131796539,7.439741934,7.440888643,true,none
1784908368.695702076,per_message_full_scan,1044,720,6.265732050,6.265731669,0.997222222,0.872222222,1,0.133772060,7.442100339,7.442665751,true,none
1784908369.695160151,per_message_full_scan,1046,720,6.265732050,6.265731945,0.997222222,0.866666667,1,0.133706957,7.465502053,7.465496383,true,none
1784908370.695775270,per_message_full_scan,1045,720,6.265732050,6.265731722,0.997222222,0.879166667,1,0.133521110,7.479302718,7.479227320,true,none
1784908371.695830584,per_message_full_scan,1044,720,6.265732050,6.265731669,0.997222222,0.880555556,1,0.133799970,7.503601498,7.503726879,true,none
1784908372.695299149,per_message_full_scan,1045,720,6.265732050,6.265731722,0.997222222,0.716666667,1,0.134225637,7.509386198,7.511808068,true,none
1784908373.695427418,per_message_full_scan,1061,720,6.265732050,6.265731649,0.997222222,0.858333333,1,0.132216707,7.414660085,7.415569405,true,none
1784908374.695311785,per_message_full_scan,1049,720,6.265732050,6.265732020,0.998611111,0.850000000,1,0.134250671,7.445915306,7.447209315,true,none
1784908375.695094585,per_message_full_scan,1050,720,6.265732050,6.265731793,0.997222222,0.840277778,1,0.136136159,7.487645382,7.488493776,true,none
1784908376.695157290,per_message_full_scan,1027,720,6.265732050,6.265732007,0.998611111,0.875000000,1,0.135635197,7.545035586,7.542124720,true,none
1784908377.695162773,per_message_full_scan,1047,720,6.265732050,6.265731885,0.997222222,0.811111111,1,0.121516876,7.494664717,7.492683829,true,none
1784908378.697210073,per_message_full_scan,1041,720,6.265732050,6.265731715,0.997222222,0.876388889,1,0.132985547,7.438002348,7.438011409,true,none
1784908379.695121050,per_message_full_scan,1052,720,6.265732050,6.265731888,0.997222222,0.876388889,1,0.129167721,7.445383567,7.445840707,true,none
1784908380.695133448,per_message_full_scan,1045,720,6.265732050,6.265731722,0.997222222,0.837500000,1,0.133635566,7.492229373,7.492400395,true,none
1784908381.695116520,per_message_full_scan,1048,720,6.265732050,6.265731574,0.997222222,0.887500000,1,0.134270161,7.423875488,7.425680309,true,none
1784908382.695122242,per_message_full_scan,1045,720,6.265732050,6.265731722,0.997222222,0.911111111,1,0.134623900,7.470664205,7.471274182,true,none
1784908383.695174932,per_message_full_scan,1047,720,6.265732050,6.265731885,0.997222222,0.894444444,1,0.134570047,7.373512296,7.373959762,true,none
1784908384.695887327,per_message_full_scan,1053,720,6.265732050,6.265731787,0.997222222,0.888888889,1,0.117125645,7.608926894,7.619824360,true,none
1784908385.695108175,per_message_full_scan,1083,720,6.265732050,6.265731602,0.997222222,0.859722222,1,0.132794425,7.450352100,7.456284013,true,none
1784908386.695106268,per_message_full_scan,1052,720,6.265732050,6.265731888,0.997222222,0.859722222,1,0.133523941,7.494016391,7.494554692,true,none
1784908387.695152521,per_message_full_scan,1070,720,6.265732050,6.265731738,0.997222222,0.822222222,1,0.134320006,7.448648978,7.451387180,true,none
1784908388.695119381,per_message_full_scan,989,720,6.265732050,6.265731618,0.997222222,0.836111111,1,0.121669292,7.659228276,7.661273780,true,none
1784908389.697175264,per_message_full_scan,1002,720,6.265732050,6.265731581,0.997222222,0.826388889,1,0.121553361,7.653272692,7.653720872,true,none
1784908390.695582390,per_message_full_scan,1042,720,6.265732050,6.265731941,0.997222222,0.795833333,1,0.131175190,7.461180230,7.461308531,true,none
1784908391.695792675,per_message_full_scan,1036,720,6.265732050,6.265731915,0.997222222,0.800000000,1,0.120122217,7.670949869,7.673914967,true,none
1784908392.695469856,per_message_full_scan,1035,720,6.265732050,6.265731889,0.997222222,0.805555556,1,0.133425072,7.553444156,7.554268290,true,none
1784908393.695134163,per_message_full_scan,1033,720,6.265732050,6.265731789,0.997222222,0.575000000,1,0.134186402,7.596151413,7.596943386,true,none
1784908394.695110083,per_message_full_scan,1049,720,6.265732050,6.265732020,0.998611111,0.477777778,1,0.133924007,7.483490630,7.484003257,true,none
1784908395.695139170,per_message_full_scan,1036,720,6.265732050,6.265731915,0.997222222,0.894444444,1,0.135424033,7.557050971,7.543121670,true,none
1784908396.696019888,per_message_full_scan,1035,720,6.265732050,6.265731889,0.997222222,0.798611111,1,0.134355336,7.520841301,7.522053722,true,none
1784908397.695127726,per_message_full_scan,1032,720,6.265732050,6.265731648,0.997222222,0.884722222,1,0.134305030,7.547153375,7.547940714,true,none
1784908398.695105791,per_message_full_scan,1033,720,6.265732050,6.265731789,0.997222222,0.883333333,1,0.122254267,7.644688598,7.662833590,true,none
1784908399.695114851,per_message_full_scan,1033,720,6.265732050,6.265731789,0.997222222,0.881944444,1,0.120338336,7.660681845,7.663864379,true,none
1784908400.695196152,per_message_full_scan,1033,720,6.265732050,6.265731789,0.997222222,0.895833333,1,0.120401360,7.656389399,7.658715565,true,none
1784908401.695110559,per_message_full_scan,1034,720,6.265732050,6.265731698,0.997222222,0.906944444,1,0.133850068,7.542899488,7.543531006,true,none
1784908402.695100784,per_message_full_scan,1032,720,6.265732050,6.265731648,0.997222222,0.879166667,1,0.134644553,7.556481585,7.556934507,true,none
1784908403.695204258,per_message_full_scan,1035,720,6.265732050,6.265731889,0.997222222,0.881944444,1,0.133987114,7.599865105,7.599642052,true,none
1784908404.695157290,per_message_full_scan,1034,720,6.265732050,6.265731698,0.997222222,0.897222222,1,0.134706229,7.594322492,7.593800566,true,none
1784908405.695075274,per_message_full_scan,1032,720,6.265732050,6.265731648,0.997222222,0.895833333,1,0.132194430,7.529262984,7.529750641,true,none
1784908406.695089340,per_message_full_scan,1033,720,6.265732050,6.265731789,0.997222222,0.890277778,1,0.135190070,7.531422597,7.529002445,true,none
1784908407.695108414,per_message_full_scan,1032,720,6.265732050,6.265731648,0.997222222,0.895833333,1,0.133379161,7.555092313,7.560557066,true,none
1784908408.695773602,per_message_full_scan,1033,720,6.265732050,6.265731789,0.997222222,0.906944444,1,0.133310631,7.593682020,7.595993166,true,none
1784908409.695507765,per_message_full_scan,1034,720,6.265732050,6.265731698,0.997222222,0.898611111,1,0.131755993,7.601271349,7.601977519,true,none
1784908410.695137739,per_message_full_scan,1033,720,6.265732050,6.265731789,0.997222222,0.900000000,1,0.121193573,7.644727899,7.644894255,true,none
1784908411.695096016,per_message_full_scan,1031,720,6.265732050,6.265731719,0.997222222,0.893055556,1,0.134204194,7.511867384,7.515187980,true,none
1784908412.695123196,per_message_full_scan,1033,720,6.265732050,6.265731789,0.997222222,0.895833333,1,0.134129301,7.561630169,7.562543720,true,none
1784908413.695513248,per_message_full_scan,1032,720,6.265732050,6.265731648,0.997222222,0.898611111,1,0.134992570,7.552242632,7.552269512,true,none
1784908414.695103407,per_message_full_scan,1033,720,6.265732050,6.265731789,0.997222222,0.895833333,1,0.134391487,7.602923212,7.604393908,true,none
1784908415.695575953,per_message_full_scan,1031,720,6.265732050,6.265731719,0.997222222,0.900000000,1,0.134113446,7.587763312,7.587927728,true,none
1784908416.695176601,per_message_full_scan,1037,720,6.265732050,6.265731810,0.997222222,0.902777778,1,0.129535764,7.613340297,7.616714907,true,none
1784908417.696998835,per_message_full_scan,1038,720,6.265732050,6.265731607,0.997222222,0.898611111,1,0.133191749,7.542481954,7.544036632,true,none
1784908418.696998835,per_message_full_scan,1038,720,6.265732050,6.265731607,0.997222222,0.898611111,1,0.126431137,7.518391528,7.481508999,true,none
1784908419.695124388,per_message_full_scan,1036,720,6.265732050,6.265731915,0.997222222,0.895833333,1,0.132929832,7.771682253,6.800160294,true,none
1784908420.702165842,per_message_full_scan,1040,720,6.265732050,6.265732009,0.998611111,0.911111111,1,0.120222360,7.704953030,7.541644874,true,none
1784908421.705973387,per_message_full_scan,1036,720,6.265732050,6.265731915,0.997222222,0.909722222,1,0.134147182,8.317687068,6.815784797,true,none
1784908422.695171595,per_message_full_scan,1036,720,6.265732050,6.265731915,0.997222222,0.904166667,1,0.116245672,20.712776048,6.084706767,true,none
1784908423.734430552,per_message_full_scan,1036,720,6.265732050,6.265731915,0.997222222,0.906944444,1,0.131240740,10.033380532,7.021867905,true,none
1784908424.695478678,per_message_full_scan,1035,720,6.265732050,6.265731889,0.997222222,0.904166667,1,0.120651364,8.178163935,7.675728480,true,none
1784908425.695090294,per_message_full_scan,1036,720,6.265732050,6.265731915,0.997222222,0.898611111,1,0.133629352,7.957888546,6.945688647,true,none
1784908426.695100307,per_message_full_scan,1035,720,6.265732050,6.265731889,0.997222222,0.890277778,1,0.129180402,7.647330520,7.477827640,true,none
1784908427.695074081,per_message_full_scan,1034,720,6.265732050,6.265731698,0.997222222,0.904166667,1,0.124349788,7.644791738,7.620278142,true,none
1784908428.695115566,per_message_full_scan,1031,720,6.265732050,6.265731719,0.997222222,0.902777778,1,0.121655665,7.682882065,7.677708104,true,none
1784908429.695158720,per_message_full_scan,1032,720,6.265732050,6.265731648,0.997222222,0.909722222,1,0.121538647,7.662196962,7.660989745,true,none
1784908430.696285725,per_message_full_scan,1034,720,6.265732050,6.265731698,0.997222222,0.897222222,1,0.133635893,7.546893447,7.546991682,true,none
1784908431.697029591,per_message_full_scan,1035,720,6.265732050,6.265731889,0.997222222,0.897222222,1,0.130039364,7.608047870,7.607894687,true,none
1784908432.695555925,per_message_full_scan,1034,720,6.265732050,6.265731698,0.997222222,0.895833333,1,0.118432812,7.655790437,7.664604187,true,none
1784908433.700911760,per_message_full_scan,1033,720,6.265732050,6.265731789,0.997222222,0.879166667,1,0.130428880,7.497339176,7.511824070,true,none
1784908434.698363304,per_message_full_scan,1035,720,6.265732050,6.265731889,0.997222222,0.898611111,1,0.129955322,7.705712548,7.712699593,true,none
1784908435.698434353,per_message_full_scan,1032,720,6.265732050,6.265731648,0.997222222,0.895833333,1,0.125651121,7.563018669,7.545480445,true,none
1784908436.697656870,per_message_full_scan,1032,720,6.265732050,6.265731648,0.997222222,0.901388889,1,0.118950136,7.656463685,7.653575346,true,none
1784908437.708609343,per_message_full_scan,1032,720,6.265732050,6.265731648,0.997222222,0.904166667,1,0.134027094,7.586262182,7.625088501,true,none
1784908438.695495367,per_message_full_scan,1034,720,6.265732050,6.265731698,0.997222222,0.912500000,1,0.134261250,7.458171298,7.463327067,true,none
1784908439.698596001,per_message_full_scan,1034,720,6.265732050,6.265731698,0.997222222,0.902777778,1,0.132905483,7.622058825,7.622912613,true,none
1784908440.700429916,per_message_full_scan,1033,720,6.265732050,6.265731789,0.997222222,0.906944444,1,0.125790238,7.583168836,7.646506771,true,none
1784908441.697004557,per_message_full_scan,1034,720,6.265732050,6.265731698,0.997222222,0.897222222,1,0.123486377,7.527666174,7.541458972,true,none
1784908442.698275566,per_message_full_scan,1034,720,6.265732050,6.265731698,0.997222222,0.908333333,1,0.128901348,7.545562828,7.549073955,true,none
1784908443.699809551,per_message_full_scan,1034,720,6.265732050,6.265731698,0.997222222,0.908333333,1,0.125946850,7.573680466,7.545410697,true,none
1784908444.698636293,per_message_full_scan,1033,720,6.265732050,6.265731789,0.997222222,0.906944444,1,0.133033201,7.577403725,7.582232571,true,none
1784908445.699869394,per_message_full_scan,1033,720,6.265732050,6.265731789,0.997222222,0.909722222,1,0.120117798,7.698916653,7.714696592,true,none
1784908446.697337866,per_message_full_scan,1034,720,6.265732050,6.265731698,0.997222222,0.894444444,1,0.120741956,7.518148928,7.522740937,true,none
1784908447.700184584,per_message_full_scan,1033,720,6.265732050,6.265731789,0.997222222,0.916666667,1,0.121487632,7.605789683,7.628418714,true,none
1784908448.695762157,per_message_full_scan,1029,720,6.265732050,6.265731884,0.997222222,0.891666667,1,0.134227768,7.628669848,7.637091028,true,none
1784908449.695107698,per_message_full_scan,1030,720,6.265732050,6.265731969,0.998611111,0.901388889,1,0.134182438,7.554343924,7.555389068,true,none
1784908450.695088863,per_message_full_scan,1031,720,6.265732050,6.265731719,0.997222222,0.906944444,1,0.133239433,7.565068759,7.565434089,true,none
1784908451.695095539,per_message_full_scan,1030,720,6.265732050,6.265731969,0.998611111,0.911111111,1,0.133620501,7.574214442,7.575029718,true,none
1784908452.695305586,per_message_full_scan,1029,720,6.265732050,6.265731884,0.997222222,0.898611111,1,0.134153888,7.564087554,7.564325958,true,none
1784908453.695084333,per_message_full_scan,1030,720,6.265732050,6.265731969,0.998611111,0.902777778,1,0.134049237,7.570489268,7.571365840,true,none
1784908454.695088863,per_message_full_scan,1030,720,6.265732050,6.265731969,0.998611111,0.902777778,1,0.134150609,7.526915565,7.527520039,true,none
1784908455.695104599,per_message_full_scan,1030,720,6.265732050,6.265731969,0.998611111,0.908333333,1,0.133775234,7.569675012,7.569578936,true,none
1784908456.695149660,per_message_full_scan,1031,720,6.265732050,6.265731719,0.997222222,0.918055556,1,0.134189174,7.544887981,7.545049846,true,none
1784908457.695113420,per_message_full_scan,1031,720,6.265732050,6.265731719,0.997222222,0.900000000,1,0.130618259,7.541880217,7.542572353,true,none
1784908458.695103407,per_message_full_scan,1032,720,6.265732050,6.265731648,0.997222222,0.897222222,1,0.134025604,7.568588658,7.567703976,true,none
1784908459.695624113,per_message_full_scan,1030,720,6.265732050,6.265731969,0.998611111,0.913888889,1,0.134083152,7.543599717,7.544355388,true,none
1784908460.695138931,per_message_full_scan,1031,720,6.265732050,6.265731719,0.997222222,0.902777778,1,0.134209812,7.565865760,7.565737352,true,none
1784908461.695116520,per_message_full_scan,1029,720,6.265732050,6.265731884,0.997222222,0.904166667,1,0.135285929,7.534091330,7.533868743,true,none
1784908462.695347309,per_message_full_scan,1034,720,6.265732050,6.265731698,0.997222222,0.918055556,1,0.132585302,7.523559582,7.523636760,true,none
1784908463.696695328,per_message_full_scan,1035,720,6.265732050,6.265731889,0.997222222,0.898611111,1,0.133459046,7.588704917,7.593908395,true,none
1784908464.695353508,per_message_full_scan,1036,720,6.265732050,6.265731915,0.997222222,0.906944444,1,0.120136589,7.625565855,7.626930841,true,none
1784908465.697117090,per_message_full_scan,1034,720,6.265732050,6.265731698,0.997222222,0.900000000,1,0.134212211,7.540008443,7.541081930,true,none
1784908466.696237803,per_message_full_scan,1035,720,6.265732050,6.265731889,0.997222222,0.897222222,1,0.132876202,7.513263942,7.514545642,true,none
1784908467.696262360,per_message_full_scan,1034,720,6.265732050,6.265731698,0.997222222,0.900000000,1,0.117394492,7.665278552,7.651635801,true,none
1784908468.697026014,per_message_full_scan,1034,720,6.265732050,6.265731698,0.997222222,0.904166667,1,0.132330820,7.533925207,7.534031243,true,none
1784908469.695122004,per_message_full_scan,1032,720,6.265732050,6.265731648,0.997222222,0.893055556,1,0.134193256,7.571487220,7.567903278,true,none
1784908470.695110559,per_message_full_scan,1031,720,6.265732050,6.265731719,0.997222222,0.890277778,1,0.135320812,7.551648635,7.552019062,true,none
1784908471.695084095,per_message_full_scan,1030,720,6.265732050,6.265731969,0.998611111,0.904166667,1,0.131688371,7.552602808,7.552875779,true,none
1784908472.695940971,per_message_full_scan,1035,720,6.265732050,6.265731889,0.997222222,0.904166667,1,0.134223863,7.572436161,7.571330684,true,none
1784908473.696068048,per_message_full_scan,1034,720,6.265732050,6.265731698,0.997222222,0.904166667,1,0.134549543,7.602272631,7.603003323,true,none
1784908474.695163250,per_message_full_scan,1034,720,6.265732050,6.265731698,0.997222222,0.900000000,1,0.132885069,7.534350144,7.535580634,true,none
1784908475.698480129,per_message_full_scan,1035,720,6.265732050,6.265731889,0.997222222,0.893055556,1,0.132976755,7.550953586,7.539753147,true,none
1784908476.695221663,per_message_full_scan,1033,720,6.265732050,6.265731789,0.997222222,0.904166667,1,0.117454939,7.665725227,7.666607257,true,none
1784908477.695103884,per_message_full_scan,1032,720,6.265732050,6.265731648,0.997222222,0.911111111,1,0.124224178,7.626493641,7.627597411,true,none
1784908478.695123196,per_message_full_scan,1035,720,6.265732050,6.265731889,0.997222222,0.904166667,1,0.118009768,7.655156548,7.664125099,true,none
1784908479.695130348,per_message_full_scan,1031,720,6.265732050,6.265731719,0.997222222,0.911111111,1,0.132648885,7.558131878,7.560980270,true,none
1784908480.695142508,per_message_full_scan,1030,720,6.265732050,6.265731969,0.998611111,0.905555556,1,0.131834969,7.546595152,7.546679772,true,none
1784908481.695116758,per_message_full_scan,1035,720,6.265732050,6.265731889,0.997222222,0.880555556,1,0.134099439,7.580284544,7.580864611,true,none
1784908482.696545124,per_message_full_scan,1033,720,6.265732050,6.265731789,0.997222222,0.905555556,1,0.133467779,7.571275420,7.571062534,true,none
1784908483.695113182,per_message_full_scan,1034,720,6.265732050,6.265731698,0.997222222,0.902777778,1,0.121281751,7.648260530,7.649708086,true,none
1784908484.695734024,per_message_full_scan,1033,720,6.265732050,6.265731789,0.997222222,0.897222222,1,0.118589871,7.691993441,7.687979376,true,none
1784908485.695154905,per_message_full_scan,1033,720,6.265732050,6.265731789,0.997222222,0.895833333,1,0.119953364,7.668771467,7.670343631,true,none
1784908486.695229769,per_message_full_scan,1032,720,6.265732050,6.265731648,0.997222222,0.888888889,1,0.134225875,7.575162071,7.575367660,true,none
1784908487.695096731,per_message_full_scan,1033,720,6.265732050,6.265731789,0.997222222,0.904166667,1,0.128097296,7.574014566,7.578150113,true,none
1784908488.695159435,per_message_full_scan,1032,720,6.265732050,6.265731648,0.997222222,0.904166667,1,0.133685246,7.613152660,7.620603743,true,none
1784908489.695105314,per_message_full_scan,1031,720,6.265732050,6.265731719,0.997222222,0.888888889,1,0.122016318,7.643364802,7.645910095,true,none
1784908490.695144653,per_message_full_scan,1037,720,6.265732050,6.265731810,0.997222222,0.881944444,1,0.132341683,7.533678743,7.534627046,true,none
1784908491.695126057,per_message_full_scan,1034,720,6.265732050,6.265731698,0.997222222,0.897222222,1,0.133859128,7.552774704,7.553286307,true,none
1784908492.695056438,per_message_full_scan,1031,720,6.265732050,6.265731719,0.997222222,0.869444444,1,0.134237483,7.544411692,7.544471323,true,none
1784908493.695169687,per_message_full_scan,1036,720,6.265732050,6.265731915,0.997222222,0.888888889,1,0.131842449,7.594821537,7.565232790,true,none
1784908494.695132017,per_message_full_scan,1034,720,6.265732050,6.265731698,0.997222222,0.877777778,1,0.133800417,7.631511576,7.636312558,true,none
1784908495.695143700,per_message_full_scan,1030,720,6.265732050,6.265731969,0.998611111,0.890277778,1,0.122386381,7.654355695,7.655313518,true,none
1784908496.696651697,per_message_full_scan,1034,720,6.265732050,6.265731698,0.997222222,0.893055556,1,0.120594352,7.646725399,7.646747092,true,none
1784908497.699322224,per_message_full_scan,1036,720,6.265732050,6.265731915,0.997222222,0.894444444,1,0.131389380,7.538862341,7.541121746,true,none
1784908498.695141554,per_message_full_scan,1032,720,6.265732050,6.265731648,0.997222222,0.893055556,1,0.134258479,7.567443561,7.567935001,true,none
1784908499.695028305,per_message_full_scan,1035,720,6.265732050,6.265731889,0.997222222,0.893055556,1,0.128279984,7.566449930,7.594094208,true,none
1784908500.695123434,per_message_full_scan,1034,720,6.265732050,6.265731698,0.997222222,0.883333333,1,0.118856639,7.756998493,7.770449664,true,none
1784908501.695151567,per_message_full_scan,1031,720,6.265732050,6.265731719,0.997222222,0.890277778,1,0.120784678,7.668932950,7.671037851,true,none
1784908502.695168972,per_message_full_scan,1034,720,6.265732050,6.265731698,0.997222222,0.900000000,1,0.136328012,7.524931514,7.525539008,true,none
1784908503.695106745,per_message_full_scan,1031,720,6.265732050,6.265731719,0.997222222,0.881944444,1,0.134157911,7.569785172,7.570104162,true,none
1784908504.695087910,per_message_full_scan,1029,720,6.265732050,6.265731884,0.997222222,0.893055556,1,0.133251801,7.577436178,7.577380578,true,none
1784908505.695259333,per_message_full_scan,1030,720,6.265732050,6.265731969,0.998611111,0.884722222,1,0.134146407,7.548856380,7.549180458,true,none
1784908506.695677042,per_message_full_scan,1034,720,6.265732050,6.265731698,0.997222222,0.886111111,1,0.133467123,7.555399239,7.555358248,true,none
1784908507.695284843,per_message_full_scan,1029,720,6.265732050,6.265731884,0.997222222,0.893055556,1,0.134158552,7.574875209,7.575196857,true,none
1784908508.695185900,per_message_full_scan,1033,720,6.265732050,6.265731789,0.997222222,0.876388889,1,0.132680133,7.564976150,7.564937017,true,none
1784908509.695110321,per_message_full_scan,1032,720,6.265732050,6.265731648,0.997222222,0.886111111,1,0.133646935,7.597383896,7.597204432,true,none
1784908510.695199013,per_message_full_scan,1029,720,6.265732050,6.265731884,0.997222222,0.905555556,1,0.134681091,7.580165916,7.580446347,true,none
1784908511.695150137,per_message_full_scan,1032,720,6.265732050,6.265731648,0.997222222,0.901388889,1,0.130121559,7.610793387,7.622059229,true,none
1784908512.700196981,per_message_full_scan,1034,720,6.265732050,6.265731698,0.997222222,0.890277778,1,0.120787583,7.617688584,7.600124993,true,none
1784908513.696194649,per_message_full_scan,1031,720,6.265732050,6.265731719,0.997222222,0.897222222,1,0.121245451,7.643438144,7.644012572,true,none
1784908514.695511818,per_message_full_scan,1034,720,6.265732050,6.265731698,0.997222222,0.879166667,1,0.133890837,7.535591733,7.535710398,true,none
1784908515.695169449,per_message_full_scan,1036,720,6.265732050,6.265731915,0.997222222,0.881944444,1,0.122971363,7.608627444,7.680718217,true,none
1784908516.696017981,per_message_full_scan,1036,720,6.265732050,6.265731915,0.997222222,0.880555556,1,0.118345186,7.653740367,7.668323509,true,none
1784908517.713716030,per_message_full_scan,1035,720,6.265732050,6.265731889,0.997222222,0.887500000,1,0.112140648,7.413329529,7.420521125,true,none
1784908518.696054935,per_message_full_scan,1036,720,6.265732050,6.265731915,0.997222222,0.872222222,1,0.123157926,7.499684480,7.511418418,true,none
1784908519.695477486,per_message_full_scan,1034,720,6.265732050,6.265731698,0.997222222,0.884722222,1,0.122316465,7.519787136,7.522317830,true,none
1784908520.696151257,per_message_full_scan,1035,720,6.265732050,6.265731889,0.997222222,0.884722222,1,0.134052366,7.580400087,7.618080630,true,none
1784908521.695153475,per_message_full_scan,1035,720,6.265732050,6.265731889,0.997222222,0.888888889,1,0.130874619,7.632501818,7.645131731,true,none
1784908522.695112228,per_message_full_scan,1035,720,6.265732050,6.265731889,0.997222222,0.883333333,1,0.121686578,7.665906221,7.671949735,true,none
1784908523.695648432,per_message_full_scan,1032,720,6.265732050,6.265731648,0.997222222,0.886111111,1,0.133145809,7.556715852,7.558839686,true,none
1784908524.696857691,per_message_full_scan,1033,720,6.265732050,6.265731789,0.997222222,0.894444444,1,0.128469571,7.532366881,7.541279344,true,none
1784908525.695110083,per_message_full_scan,1031,720,6.265732050,6.265731719,0.997222222,0.881944444,1,0.132989421,7.575813662,7.579385667,true,none
1784908526.696918011,per_message_full_scan,1032,720,6.265732050,6.265731648,0.997222222,0.877777778,1,0.130001783,7.556582865,7.557441928,true,none
1784908527.695056915,per_message_full_scan,1033,720,6.265732050,6.265731789,0.997222222,0.876388889,1,0.131267503,7.612784777,7.613441139,true,none
1784908528.695107222,per_message_full_scan,1035,720,6.265732050,6.265731889,0.997222222,0.876388889,1,0.131347045,7.603811106,7.604170313,true,none
1784908529.695470810,per_message_full_scan,1034,720,6.265732050,6.265731698,0.997222222,0.880555556,1,0.121099465,7.657797517,7.659325500,true,none
1784908530.695108414,per_message_full_scan,1036,720,6.265732050,6.265731915,0.997222222,0.872222222,1,0.134668216,7.583706057,7.656612221,true,none
1784908531.695221186,per_message_full_scan,1031,720,6.265732050,6.265731719,0.997222222,0.888888889,1,0.130565658,7.584376322,7.599793402,true,none
1784908532.695134640,per_message_full_scan,1030,720,6.265732050,6.265731969,0.998611111,0.869444444,1,0.134190932,7.589652708,7.593254227,true,none
1784908533.695120573,per_message_full_scan,1035,720,6.265732050,6.265731889,0.997222222,0.879166667,1,0.134758100,7.549145546,7.560010421,true,none
1784908534.695266485,per_message_full_scan,1034,720,6.265732050,6.265731698,0.997222222,0.868055556,1,0.110553354,7.693813729,7.758943674,true,none
1784908535.695250273,per_message_full_scan,1032,720,6.265732050,6.265731648,0.997222222,0.884722222,1,0.120656185,7.679634292,7.703688541,true,none
1784908536.695132732,per_message_full_scan,1032,720,6.265732050,6.265731648,0.997222222,0.872222222,1,0.120178342,7.669323049,7.673641844,true,none
1784908537.695132732,per_message_full_scan,1030,720,6.265732050,6.265731969,0.998611111,0.875000000,1,0.120496340,7.685948066,7.687469126,true,none
1784908538.695568562,per_message_full_scan,1035,720,6.265732050,6.265731889,0.997222222,0.866666667,1,0.126289889,7.545669873,7.530395686,true,none
1784908539.695330858,per_message_full_scan,1035,720,6.265732050,6.265731889,0.997222222,0.877777778,1,0.133048609,22.019036626,7.487819816,true,none
1784908540.695143700,per_message_full_scan,1034,720,6.265732050,6.265731698,0.997222222,0.886111111,1,0.134022802,10.011241035,7.573116352,true,none
1784908541.695129395,per_message_full_scan,1034,720,6.265732050,6.265731698,0.997222222,0.894444444,1,0.131946385,8.025946127,7.522026106,true,none
1784908542.695145369,per_message_full_scan,1034,720,6.265732050,6.265731698,0.997222222,0.875000000,1,0.133555666,7.601871416,7.520280456,true,none
1784908543.695258856,per_message_full_scan,1034,720,6.265732050,6.265731698,0.997222222,0.879166667,1,0.134114921,7.589058371,7.572062115,true,none
1784908544.695335627,per_message_full_scan,1033,720,6.265732050,6.265731789,0.997222222,0.893055556,1,0.129422441,7.597759097,7.596376491,true,none
1784908545.695453405,per_message_full_scan,1034,720,6.265732050,6.265731698,0.997222222,0.873611111,1,0.120564424,7.643265543,7.645097047,true,none
1784908546.695300579,per_message_full_scan,1034,720,6.265732050,6.265731698,0.997222222,0.879166667,1,0.134109125,7.536493909,7.539553410,true,none
1784908547.696868181,per_message_full_scan,1034,720,6.265732050,6.265731698,0.997222222,0.893055556,1,0.133692697,7.532729252,7.528574952,true,none
1784908548.954693079,per_message_full_scan,1031,720,6.265732050,6.265731719,0.997222222,0.879166667,1,0.132886216,7.568421429,7.570233732,true,none
1784908549.695133209,per_message_full_scan,1031,720,6.265732050,6.265731719,0.997222222,0.891666667,1,0.132690370,15.746721755,7.104413699,true,none
1784908550.696504831,per_message_full_scan,1036,720,6.265732050,6.265731915,0.997222222,0.883333333,1,0.133436799,9.301615175,7.493506822,true,none
1784908551.695621729,per_message_full_scan,1035,720,6.265732050,6.265731889,0.997222222,0.893055556,1,0.123407654,7.919113855,7.615490741,true,none
1784908552.704021692,per_message_full_scan,1034,720,6.265732050,6.265731698,0.997222222,0.886111111,1,0.133754879,7.534099737,7.484208787,true,none
1784908553.695112944,per_message_full_scan,1030,720,6.265732050,6.265731969,0.998611111,0.893055556,1,0.134650245,7.548228860,7.538261045,true,none
1784908554.696051121,per_message_full_scan,1034,720,6.265732050,6.265731698,0.997222222,0.891666667,1,0.133031860,7.558970631,7.557390842,true,none
1784908555.697211742,per_message_full_scan,1034,720,6.265732050,6.265731698,0.997222222,0.888888889,1,0.122163229,7.577227761,7.577169219,true,none
1784908556.695396423,per_message_full_scan,1033,720,6.265732050,6.265731789,0.997222222,0.898611111,1,0.133580372,7.529056011,7.528601484,true,none
1784908557.695120811,per_message_full_scan,1031,720,6.265732050,6.265731719,0.997222222,0.895833333,1,0.134992525,7.555322041,7.555949562,true,none
1784908558.697558165,per_message_full_scan,1030,720,6.265732050,6.265731969,0.998611111,0.895833333,1,0.132538930,7.579710278,7.588003554,true,none
1784908559.695105791,per_message_full_scan,1029,720,6.265732050,6.265731884,0.997222222,0.900000000,1,0.133694559,7.537682536,7.539498623,true,none
1784908560.698840618,per_message_full_scan,1035,720,6.265732050,6.265731889,0.997222222,0.909722222,1,0.135884255,7.517822694,7.518236374,true,none
1784908561.695281506,per_message_full_scan,1033,720,6.265732050,6.265731789,0.997222222,0.880555556,1,0.121374354,7.619196915,7.660829951,true,none
1784908562.695226192,per_message_full_scan,1033,720,6.265732050,6.265731789,0.997222222,0.888888889,1,0.119164422,7.796238954,7.805126229,true,none
1784908563.695936918,per_message_full_scan,1031,720,6.265732050,6.265731719,0.997222222,0.887500000,1,0.121279679,7.690443069,7.693827503,true,none
1784908564.695297003,per_message_full_scan,1032,720,6.265732050,6.265731648,0.997222222,0.883333333,1,0.133983925,7.539978066,7.541258141,true,none
1784908565.695315599,per_message_full_scan,1032,720,6.265732050,6.265731648,0.997222222,0.888888889,1,0.119644418,7.677716896,7.677249144,true,none
1784908566.695132256,per_message_full_scan,1032,720,6.265732050,6.265731648,0.997222222,0.901388889,1,0.132980525,7.571292349,7.577896329,true,none
1784908567.695121527,per_message_full_scan,1031,720,6.265732050,6.265731719,0.997222222,0.891666667,1,0.133813933,7.572617177,7.575467586,true,none
1784908568.695123911,per_message_full_scan,1032,720,6.265732050,6.265731648,0.997222222,0.888888889,1,0.133563444,7.549625243,7.550240989,true,none
1784908569.695240974,per_message_full_scan,1034,720,6.265732050,6.265731698,0.997222222,0.894444444,1,0.133705273,7.613521676,7.617532166,true,none
1784908570.695716143,per_message_full_scan,1033,720,6.265732050,6.265731789,0.997222222,0.891666667,1,0.120121144,7.669144294,7.673423677,true,none
1784908571.695157528,per_message_full_scan,1033,720,6.265732050,6.265731789,0.997222222,0.900000000,1,0.133725241,7.513416703,7.514195212,true,none
1784908572.695216894,per_message_full_scan,1036,720,6.265732050,6.265731915,0.997222222,0.901388889,1,0.129906923,7.587035761,7.589369272,true,none
1784908573.695224524,per_message_full_scan,1028,720,6.265732050,6.265731908,0.997222222,0.898611111,1,0.134219542,7.616409034,7.616964820,true,none
1784908574.696177483,per_message_full_scan,1046,720,6.265732050,6.265731945,0.997222222,0.894444444,1,0.130836919,7.485278425,7.458966504,true,none
1784908575.695491791,per_message_full_scan,1036,720,6.265732050,6.265731915,0.997222222,0.897222222,1,0.134873122,7.488906105,7.494395679,true,none
1784908576.695106506,per_message_full_scan,1033,720,6.265732050,6.265731789,0.997222222,0.898611111,1,0.134069443,7.564306458,7.566946865,true,none
1784908577.695107937,per_message_full_scan,1033,720,6.265732050,6.265731789,0.997222222,0.898611111,1,0.133124977,7.578278083,7.580770949,true,none
1784908578.950403214,per_message_full_scan,1031,720,6.265732050,6.265731719,0.997222222,0.872222222,1,0.121657379,7.637919678,7.637263480,true,none
1784908579.695985556,per_message_full_scan,1031,720,6.265732050,6.265731719,0.997222222,0.890277778,1,0.133579746,13.255773877,7.167722320,true,none
1784908580.695140362,per_message_full_scan,1028,720,6.265732050,6.265731908,0.997222222,0.908333333,1,0.134135589,8.807354368,7.530438990,true,none
1784908581.720358849,per_message_full_scan,1034,720,6.265732050,6.265731698,0.997222222,0.894444444,1,0.132344201,7.586819389,7.373322899,true,none
1784908582.695280790,per_message_full_scan,1032,720,6.265732050,6.265731648,0.997222222,0.879166667,1,0.121813312,12.356592110,7.356423437,true,none
1784908583.695336342,per_message_full_scan,1034,720,6.265732050,6.265731698,0.997222222,0.891666667,1,0.132312715,8.517037889,7.468372225,true,none
1784908584.695473671,per_message_full_scan,1032,720,6.265732050,6.265731648,0.997222222,0.886111111,1,0.127253875,7.735858724,7.560472595,true,none
1784908585.695149422,per_message_full_scan,1030,720,6.265732050,6.265731969,0.998611111,0.897222222,1,0.131604776,7.652213090,7.619858157,true,none
1784908586.699331045,per_message_full_scan,1035,720,6.265732050,6.265731889,0.997222222,0.891666667,1,0.132519454,7.607577683,7.602191938,true,none
1784908587.709932566,per_message_full_scan,1036,720,6.265732050,6.265731915,0.997222222,0.875000000,1,0.127152979,7.532353535,7.532841952,true,none
1784908588.695098877,per_message_full_scan,1032,720,6.265732050,6.265731648,0.997222222,0.890277778,1,0.131613851,7.543772396,7.544676895,true,none
1784908589.695663691,per_message_full_scan,1033,720,6.265732050,6.265731789,0.997222222,0.887500000,1,0.132952124,7.627697729,7.746234010,true,none
1784908590.698734999,per_message_full_scan,1035,720,6.265732050,6.265731889,0.997222222,0.886111111,1,0.129349977,7.663100730,7.693056370,true,none
1784908591.699433565,per_message_full_scan,1036,720,6.265732050,6.265731915,0.997222222,0.884722222,1,0.120756388,7.909126196,7.912454053,true,none
1784908592.696495533,per_message_full_scan,1035,720,6.265732050,6.265731889,0.997222222,0.881944444,1,0.113895342,7.719531540,7.706212613,true,none
1784908593.695142746,per_message_full_scan,1032,720,6.265732050,6.265731648,0.997222222,0.897222222,1,0.132092878,7.614400616,7.622025341,true,none
1784908594.695639849,per_message_full_scan,1033,720,6.265732050,6.265731789,0.997222222,0.866666667,1,0.134743184,7.559679445,7.555271260,true,none
1784908595.695198536,per_message_full_scan,1034,720,6.265732050,6.265731698,0.997222222,0.884722222,1,0.118218206,7.661297200,7.658561855,true,none
1784908596.695504427,per_message_full_scan,1034,720,6.265732050,6.265731698,0.997222222,0.877777778,1,0.131652802,7.531204837,7.532801023,true,none
1784908597.695127726,per_message_full_scan,1033,720,6.265732050,6.265731789,0.997222222,0.877777778,1,0.131778687,7.542544586,7.542573736,true,none
1784908598.698233366,per_message_full_scan,1034,720,6.265732050,6.265731698,0.997222222,0.879166667,1,0.130788729,7.587993862,7.590513831,true,none
1784908599.697573423,per_message_full_scan,1036,720,6.265732050,6.265731915,0.997222222,0.879166667,1,0.121713340,7.620433032,7.621630101,true,none
1784908600.695130825,per_message_full_scan,1034,720,6.265732050,6.265731698,0.997222222,0.888888889,1,0.134012103,7.539853194,7.543046829,true,none
1784908601.695945501,per_message_full_scan,1036,720,6.265732050,6.265731915,0.997222222,0.897222222,1,0.131143302,7.609298755,7.611278794,true,none
1784908602.697449446,per_message_full_scan,1038,720,6.265732050,6.265731607,0.997222222,0.895833333,1,0.108044878,7.523386581,7.533319386,true,none
1784908603.695163250,per_message_full_scan,1036,720,6.265732050,6.265731915,0.997222222,0.886111111,1,0.129004389,7.618786035,7.623382161,true,none
1784908604.695163488,per_message_full_scan,1034,720,6.265732050,6.265731698,0.997222222,0.881944444,1,0.134107232,7.624678968,7.626708963,true,none
1784908605.695262671,per_message_full_scan,1031,720,6.265732050,6.265731719,0.997222222,0.876388889,1,0.120487206,7.686553441,7.690481464,true,none
1784908606.695180655,per_message_full_scan,1035,720,6.265732050,6.265731889,0.997222222,0.888888889,1,0.133759812,7.506280108,7.506372222,true,none
1784908607.700670242,per_message_full_scan,1031,720,6.265732050,6.265731719,0.997222222,0.883333333,1,0.134148180,7.526642185,7.526870833,true,none
1784908608.695220947,per_message_full_scan,1031,720,6.265732050,6.265731719,0.997222222,0.868055556,1,0.134357527,34.628129892,7.446005444,true,none
1784908609.695338726,per_message_full_scan,1032,720,6.265732050,6.265731648,0.997222222,0.884722222,1,0.133919165,12.181020530,7.622714264,true,none
1784908610.695296049,per_message_full_scan,1031,720,6.265732050,6.265731719,0.997222222,0.879166667,1,0.132942677,8.541641475,7.580611218,true,none
1784908611.695147276,per_message_full_scan,1035,720,6.265732050,6.265731889,0.997222222,0.890277778,1,0.118472300,7.827197599,7.672872142,true,none
1784908612.695096016,per_message_full_scan,1031,720,6.265732050,6.265731719,0.997222222,0.909722222,1,0.130952656,7.598169959,7.569900431,true,none
1784908613.695159912,per_message_full_scan,1035,720,6.265732050,6.265731889,0.997222222,0.887500000,1,0.133712277,7.579487315,7.574916982,true,none
1784908614.703452826,per_message_full_scan,1033,720,6.265732050,6.265731789,0.997222222,0.891666667,1,0.150676936,6.957117264,6.949130939,true,none
1784908615.700653791,per_message_full_scan,1033,720,6.265732050,6.265731789,0.997222222,0.884722222,1,0.129269570,7.644137741,6.919794710,true,none
1784908616.695125580,per_message_full_scan,1035,720,6.265732050,6.265731889,0.997222222,0.886111111,1,0.133934662,7.639058538,7.568065332,true,none
1784908617.695115328,per_message_full_scan,1030,720,6.265732050,6.265731969,0.998611111,0.881944444,1,0.133433729,7.598534162,7.584341262,true,none
1784908618.695948362,per_message_full_scan,1035,720,6.265732050,6.265731889,0.997222222,0.886111111,1,0.133077994,7.561771872,7.559343738,true,none
1784908619.697712421,per_message_full_scan,1035,720,6.265732050,6.265731889,0.997222222,0.887500000,1,0.127520934,7.626318666,7.634571848,true,none
1784908620.695419788,per_message_full_scan,1036,720,6.265732050,6.265731915,0.997222222,0.887500000,1,0.117496245,7.664964488,7.745143468,true,none
1784908621.695106268,per_message_full_scan,1031,720,6.265732050,6.265731719,0.997222222,0.879166667,1,0.133771539,7.562064947,7.578921158,true,none
1784908622.695213795,per_message_full_scan,1034,720,6.265732050,6.265731698,0.997222222,0.880555556,1,0.129745200,7.557322214,7.560282937,true,none
1784908623.695151091,per_message_full_scan,1030,720,6.265732050,6.265731969,0.998611111,0.877777778,1,0.134180665,7.591946344,7.596776739,true,none
1784908624.695154428,per_message_full_scan,1031,720,6.265732050,6.265731719,0.997222222,0.887500000,1,0.133900881,7.614208247,7.604413029,true,none
1784908625.695092916,per_message_full_scan,1031,720,6.265732050,6.265731719,0.997222222,0.879166667,1,0.133859932,7.632006142,7.638489651,true,none
1784908626.695535421,per_message_full_scan,1031,720,6.265732050,6.265731719,0.997222222,0.879166667,1,0.121145867,7.610783660,7.611976066,true,none
1784908627.695116043,per_message_full_scan,1034,720,6.265732050,6.265731698,0.997222222,0.876388889,1,0.118884780,7.676894830,7.701424859,true,none
1784908628.696056843,per_message_full_scan,1035,720,6.265732050,6.265731889,0.997222222,0.880555556,1,0.133188799,7.519333318,7.529656478,true,none
1784908629.696433783,per_message_full_scan,1034,720,6.265732050,6.265731698,0.997222222,0.886111111,1,0.132076621,7.531667246,7.527598417,true,none
1784908630.695653915,per_message_full_scan,1033,720,6.265732050,6.265731789,0.997222222,0.883333333,1,0.130001888,7.611300153,7.619510632,true,none
1784908631.697564602,per_message_full_scan,1034,720,6.265732050,6.265731698,0.997222222,0.879166667,1,0.118776076,7.674367532,7.675759715,true,none
1784908632.695163488,per_message_full_scan,1033,720,6.265732050,6.265731789,0.997222222,0.879166667,1,0.129067138,7.510159012,7.515917547,true,none
1784908633.695981979,per_message_full_scan,1035,720,6.265732050,6.265731889,0.997222222,0.879166667,1,0.131930366,7.566604155,7.568740544,true,none
1784908634.696715355,per_message_full_scan,1035,720,6.265732050,6.265731889,0.997222222,0.883333333,1,0.123403825,7.581712459,7.550240278,true,none
1784908635.707926512,per_message_full_scan,1035,720,6.265732050,6.265731889,0.997222222,0.879166667,1,0.148184314,7.273633982,7.208798001,true,none
1784908636.696511269,per_message_full_scan,1037,720,6.265732050,6.265731810,0.997222222,0.876388889,1,0.133761749,7.714649720,7.301832984,true,none
1784908637.695728540,per_message_full_scan,1033,720,6.265732050,6.265731789,0.997222222,0.890277778,1,0.130567774,7.560580223,7.479958028,true,none
1784908638.695670843,per_message_full_scan,1035,720,6.265732050,6.265731889,0.997222222,0.894444444,1,0.133784652,7.517672133,7.504724677,true,none
1784908639.695110798,per_message_full_scan,1032,720,6.265732050,6.265731648,0.997222222,0.919444444,1,0.133137286,7.563859070,7.562417992,true,none
1784908640.706237793,per_message_full_scan,1031,720,6.265732050,6.265731719,0.997222222,0.911111111,1,0.134018168,7.609536655,7.609978618,true,none
1784908641.695114851,per_message_full_scan,1034,720,6.265732050,6.265731698,0.997222222,0.915277778,1,0.119291462,7.678308189,7.686599352,true,none
1784908642.695199728,per_message_full_scan,1032,720,6.265732050,6.265731648,0.997222222,0.915277778,1,0.134071484,7.570544877,7.587855900,true,none
1784908643.695109606,per_message_full_scan,1032,720,6.265732050,6.265731648,0.997222222,0.936111111,1,0.134032920,7.542246106,7.545547537,true,none
1784908644.695139647,per_message_full_scan,1034,720,6.265732050,6.265731698,0.997222222,0.916666667,1,0.131793812,7.582536204,7.593210030,true,none
1784908645.695173740,per_message_full_scan,1032,720,6.265732050,6.265731648,0.997222222,0.905555556,1,0.129527882,7.587638298,7.597014021,true,none
1784908646.701462507,per_message_full_scan,1035,720,6.265732050,6.265731889,0.997222222,0.915277778,1,0.132038116,7.550437716,7.552849652,true,none
1784908647.696963549,per_message_full_scan,1032,720,6.265732050,6.265731648,0.997222222,0.909722222,1,0.115115657,7.622474164,7.600556239,true,none
1784908648.695148945,per_message_full_scan,1031,720,6.265732050,6.265731719,0.997222222,0.922222222,1,0.121899009,7.645780065,7.648852867,true,none
1784908649.695108414,per_message_full_scan,1030,720,6.265732050,6.265731969,0.998611111,0.922222222,1,0.133909434,7.553703172,7.555035659,true,none
1784908650.695087194,per_message_full_scan,1030,720,6.265732050,6.265731969,0.998611111,0.915277778,1,0.121842571,7.674220894,7.674347215,true,none
1784908651.695101500,per_message_full_scan,1030,720,6.265732050,6.265731969,0.998611111,0.912500000,1,0.121678025,7.673351926,7.674065837,true,none
1784908652.695112944,per_message_full_scan,1030,720,6.265732050,6.265731969,0.998611111,0.908333333,1,0.133944198,7.621745776,7.621934243,true,none
1784908653.695139647,per_message_full_scan,1029,720,6.265732050,6.265731884,0.997222222,0.919444444,1,0.133761391,7.609528154,7.609728800,true,none
1784908654.695129395,per_message_full_scan,1031,720,6.265732050,6.265731719,0.997222222,0.927777778,1,0.134371579,7.607391522,7.600341290,true,none
1784908655.696329832,per_message_full_scan,1031,720,6.265732050,6.265731719,0.997222222,0.919444444,1,0.133934245,7.586429016,7.587694409,true,none
1784908656.695165634,per_message_full_scan,1029,720,6.265732050,6.265731884,0.997222222,0.919444444,1,0.133129448,7.622138273,7.622160223,true,none
1784908657.696354866,per_message_full_scan,1030,720,6.265732050,6.265731969,0.998611111,0.919444444,1,0.133860588,7.569086153,7.568418224,true,none
1784908658.695117474,per_message_full_scan,1030,720,6.265732050,6.265731969,0.998611111,0.908333333,1,0.134035617,7.539083975,7.541938488,true,none
1784908659.695221186,per_message_full_scan,1029,720,6.265732050,6.265731884,0.997222222,0.923611111,1,0.133208394,7.549877986,7.550121652,true,none
1784908660.695144415,per_message_full_scan,1028,720,6.265732050,6.265731908,0.997222222,0.934722222,1,0.120410144,7.668924378,7.669902983,true,none
1784908661.695111752,per_message_full_scan,1030,720,6.265732050,6.265731969,0.998611111,0.918055556,1,0.121405780,7.669508451,7.669967118,true,none
1784908662.695176125,per_message_full_scan,1030,720,6.265732050,6.265731969,0.998611111,0.915277778,1,0.134346843,7.616650109,7.616841362,true,none
1784908663.695120573,per_message_full_scan,1029,720,6.265732050,6.265731884,0.997222222,0.922222222,1,0.132946983,7.621350195,7.620867292,true,none
1784908664.695115566,per_message_full_scan,1029,720,6.265732050,6.265731884,0.997222222,0.916666667,1,0.133534297,7.604877621,7.604799143,true,none
1784908665.695108652,per_message_full_scan,1030,720,6.265732050,6.265731969,0.998611111,0.915277778,1,0.134254098,7.592152330,7.592329273,true,none
1784908666.695147991,per_message_full_scan,1030,720,6.265732050,6.265731969,0.998611111,0.920833333,1,0.133465633,7.600073808,7.600484428,true,none
1784908667.695127249,per_message_full_scan,1029,720,6.265732050,6.265731884,0.997222222,0.913888889,1,0.134334013,7.573281040,7.574113357,true,none
1784908668.695486784,per_message_full_scan,1029,720,6.265732050,6.265731884,0.997222222,0.909722222,1,0.134114072,7.569760261,7.570643649,true,none
1784908669.695335388,per_message_full_scan,1029,720,6.265732050,6.265731884,0.997222222,0.887500000,1,0.134140223,7.549402324,7.549939668,true,none
1784908670.695207596,per_message_full_scan,1027,720,6.265732050,6.265732007,0.998611111,0.884722222,1,0.121875748,7.668248310,7.668631415,true,none
1784908671.695161104,per_message_full_scan,1029,720,6.265732050,6.265731884,0.997222222,0.894444444,1,0.133963183,7.619668885,7.619445794,true,none
1784908672.695221663,per_message_full_scan,1032,720,6.265732050,6.265731648,0.997222222,0.912500000,1,0.135155395,7.588399905,7.588338858,true,none
1784908673.695101500,per_message_full_scan,1032,720,6.265732050,6.265731648,0.997222222,0.904166667,1,0.121818565,7.646762276,7.647076173,true,none
1784908674.695314884,per_message_full_scan,1030,720,6.265732050,6.265731969,0.998611111,0.915277778,1,0.131584153,7.606596724,7.603599527,true,none
1784908675.695150852,per_message_full_scan,1031,720,6.265732050,6.265731719,0.997222222,0.902777778,1,0.130200833,7.598724678,7.599617678,true,none
1784908676.695126534,per_message_full_scan,1032,720,6.265732050,6.265731648,0.997222222,0.912500000,1,0.130940601,7.631294891,7.631436434,true,none
1784908677.695227146,per_message_full_scan,1031,720,6.265732050,6.265731719,0.997222222,0.898611111,1,0.134105101,7.609553229,7.607359673,true,none
1784908678.695260763,per_message_full_scan,1026,720,6.265732050,6.265731668,0.997222222,0.900000000,1,0.134471238,7.632057987,7.633230028,true,none
1784908679.696283817,per_message_full_scan,1029,720,6.265732050,6.265731884,0.997222222,0.891666667,1,0.133938029,7.577035841,7.576448903,true,none
1784908680.695164680,per_message_full_scan,1028,720,6.265732050,6.265731908,0.997222222,0.911111111,1,0.120718762,7.692318885,7.698744078,true,none
1784908681.695200682,per_message_full_scan,1029,720,6.265732050,6.265731884,0.997222222,0.909722222,1,0.121052593,7.639605895,7.641258343,true,none
1784908682.696628332,per_message_full_scan,1031,720,6.265732050,6.265731719,0.997222222,0.906944444,1,0.122143641,7.658546584,7.658783938,true,none
1784908683.695209265,per_message_full_scan,1031,720,6.265732050,6.265731719,0.997222222,0.918055556,1,0.116634823,7.696363661,7.696123819,true,none
1784908684.697641134,per_message_full_scan,1030,720,6.265732050,6.265731969,0.998611111,0.941666667,1,0.121865012,7.659827857,7.660105166,true,none
1784908685.695093155,per_message_full_scan,1029,720,6.265732050,6.265731884,0.997222222,0.934722222,1,0.133816317,7.609028314,7.609306713,true,none
1784908686.695127010,per_message_full_scan,1033,720,6.265732050,6.265731789,0.997222222,0.918055556,1,0.121170543,7.635751489,7.635946399,true,none
1784908687.695137739,per_message_full_scan,1029,720,6.265732050,6.265731884,0.997222222,0.938888889,1,0.120860457,7.647315443,7.647871004,true,none
1784908688.695751190,per_message_full_scan,1038,720,6.265732050,6.265731607,0.997222222,0.881944444,1,0.134122834,7.535362162,7.535646024,true,none
1784908689.695124388,per_message_full_scan,1039,720,6.265732050,6.265731823,0.997222222,0.894444444,1,0.134469941,7.583425110,7.583769219,true,none
1784908690.695133686,per_message_full_scan,1040,720,6.265732050,6.265732009,0.998611111,0.875000000,1,0.133901462,7.550656633,7.552112119,true,none
1784908691.695103168,per_message_full_scan,1038,720,6.265732050,6.265731607,0.997222222,0.890277778,1,0.133619905,7.490869535,7.491815794,true,none
1784908692.695139170,per_message_full_scan,1039,720,6.265732050,6.265731823,0.997222222,0.915277778,1,0.133435994,7.479991453,7.480934835,true,none
1784908693.695153713,per_message_full_scan,1033,720,6.265732050,6.265731789,0.997222222,0.927777778,1,0.134289116,7.553308002,7.553878137,true,none
1784908694.695126057,per_message_full_scan,1041,720,6.265732050,6.265731715,0.997222222,0.918055556,1,0.134047657,7.520727666,7.521074597,true,none
1784908695.695180178,per_message_full_scan,1037,720,6.265732050,6.265731810,0.997222222,0.937500000,1,0.132628575,7.570244268,7.565006750,true,none
1784908696.697559834,per_message_full_scan,1031,720,6.265732050,6.265731719,0.997222222,0.922222222,1,0.135208890,7.594386607,7.592853312,true,none
1784908697.695142031,per_message_full_scan,1031,720,6.265732050,6.265731719,0.997222222,0.884722222,1,0.121630333,7.655419601,7.657061906,true,none
1784908698.695174217,per_message_full_scan,1026,720,6.265732050,6.265731668,0.997222222,0.915277778,1,0.133727640,7.628735725,7.629381331,true,none
1784908699.695170164,per_message_full_scan,1028,720,6.265732050,6.265731908,0.997222222,0.918055556,1,0.132738531,7.591508291,7.590918867,true,none
1784908700.695294619,per_message_full_scan,1029,720,6.265732050,6.265731884,0.997222222,0.894444444,1,0.134337589,7.563890472,7.563619063,true,none
1784908701.696120739,per_message_full_scan,1030,720,6.265732050,6.265731969,0.998611111,0.908333333,1,0.120843209,7.636254428,7.634559876,true,none
1784908702.695135117,per_message_full_scan,1025,720,6.265732050,6.265731812,0.997222222,0.901388889,1,0.121690549,7.679581128,7.683129668,true,none
1784908703.695440054,per_message_full_scan,1026,720,6.265732050,6.265731668,0.997222222,0.904166667,1,0.133457258,7.597975919,7.598828899,true,none
1784908704.696693659,per_message_full_scan,1026,720,6.265732050,6.265731668,0.997222222,0.894444444,1,0.134146884,7.578308090,7.577006790,true,none
1784908705.695220947,per_message_full_scan,1026,720,6.265732050,6.265731668,0.997222222,0.900000000,1,0.134049416,7.644866433,7.644814902,true,none
1784908706.695115566,per_message_full_scan,1026,720,6.265732050,6.265731668,0.997222222,0.895833333,1,0.134075105,7.588488739,7.589018170,true,none
1784908707.695138216,per_message_full_scan,1030,720,6.265732050,6.265731969,0.998611111,0.918055556,1,0.134108931,7.556046626,7.563132411,true,none
1784908708.695120096,per_message_full_scan,1028,720,6.265732050,6.265731908,0.997222222,0.876388889,1,0.121815234,7.678023562,7.680218587,true,none
1784908709.695116520,per_message_full_scan,1027,720,6.265732050,6.265732007,0.998611111,0.906944444,1,0.122834414,7.665265870,7.664638513,true,none
1784908710.695216417,per_message_full_scan,1029,720,6.265732050,6.265731884,0.997222222,0.918055556,1,0.133187518,7.597912698,7.597230092,true,none
1784908711.696643591,per_message_full_scan,1030,720,6.265732050,6.265731969,0.998611111,0.906944444,1,0.134170249,7.549902304,7.550205247,true,none
1784908712.695216417,per_message_full_scan,1027,720,6.265732050,6.265732007,0.998611111,0.913888889,1,0.134057194,7.552484732,7.553341507,true,none
1784908713.695262194,per_message_full_scan,1028,720,6.265732050,6.265731908,0.997222222,0.900000000,1,0.121580370,7.667100327,7.666908308,true,none
1784908714.695208549,per_message_full_scan,1027,720,6.265732050,6.265732007,0.998611111,0.888888889,1,0.133825123,7.641410057,7.643047368,true,none
1784908715.695177078,per_message_full_scan,1028,720,6.265732050,6.265731908,0.997222222,0.913888889,1,0.132917464,7.593872967,7.594044890,true,none
1784908716.695102692,per_message_full_scan,1026,720,6.265732050,6.265731668,0.997222222,0.894444444,1,0.121005461,7.704518063,7.710332131,true,none
1784908717.695297003,per_message_full_scan,1030,720,6.265732050,6.265731969,0.998611111,0.898611111,1,0.122249618,7.677901969,7.679566444,true,none
1784908718.695154667,per_message_full_scan,1025,720,6.265732050,6.265731812,0.997222222,0.912500000,1,0.131879389,7.588671538,7.588831105,true,none
1784908719.695135593,per_message_full_scan,1028,720,6.265732050,6.265731908,0.997222222,0.904166667,1,0.134008870,7.591965413,7.591539101,true,none
1784908720.695177555,per_message_full_scan,1027,720,6.265732050,6.265732007,0.998611111,0.904166667,1,0.121697597,7.689974935,7.690385183,true,none
1784908721.695124149,per_message_full_scan,1027,720,6.265732050,6.265732007,0.998611111,0.913888889,1,0.134055123,7.605829492,7.599143851,true,none
1784908722.695137501,per_message_full_scan,1028,720,6.265732050,6.265731908,0.997222222,0.912500000,1,0.134177402,7.586360222,7.587139041,true,none
1784908723.695130110,per_message_full_scan,1025,720,6.265732050,6.265731812,0.997222222,0.908333333,1,0.121761061,7.696469512,7.693800722,true,none
1784908724.695188522,per_message_full_scan,1026,720,6.265732050,6.265731668,0.997222222,0.920833333,1,0.134218782,7.630344124,7.630730793,true,none
1784908725.695187807,per_message_full_scan,1028,720,6.265732050,6.265731908,0.997222222,0.931944444,1,0.134126738,7.594295864,7.594415421,true,none
1784908726.695188046,per_message_full_scan,1027,720,6.265732050,6.265732007,0.998611111,0.923611111,1,0.121455096,7.705738971,7.706004061,true,none
1784908727.695108891,per_message_full_scan,1029,720,6.265732050,6.265731884,0.997222222,0.916666667,1,0.121848747,7.689797475,7.692475986,true,none
1784908728.697101116,per_message_full_scan,1030,720,6.265732050,6.265731969,0.998611111,0.913888889,1,0.133542776,7.635215582,7.636202656,true,none
1784908729.695080519,per_message_full_scan,1028,720,6.265732050,6.265731908,0.997222222,0.918055556,1,0.133981571,7.588734769,7.588566751,true,none
1784908730.695207119,per_message_full_scan,1028,720,6.265732050,6.265731908,0.997222222,0.918055556,1,0.133568615,7.571676790,7.574590395,true,none
1784908731.695195675,per_message_full_scan,1030,720,6.265732050,6.265731969,0.998611111,0.922222222,1,0.119979031,7.690058441,7.689285924,true,none
1784908732.695339203,per_message_full_scan,1027,720,6.265732050,6.265732007,0.998611111,0.931944444,1,0.119388998,7.697154017,7.697780414,true,none
1784908733.695138931,per_message_full_scan,1030,720,6.265732050,6.265731969,0.998611111,0.929166667,1,0.133537486,7.618945327,7.618579593,true,none
1784908734.695138454,per_message_full_scan,1029,720,6.265732050,6.265731884,0.997222222,0.933333333,1,0.134547696,7.577207182,7.576989503,true,none
1784908735.695159912,per_message_full_scan,1031,720,6.265732050,6.265731719,0.997222222,0.929166667,1,0.134162351,7.575944633,7.576507290,true,none
1784908736.695147753,per_message_full_scan,1029,720,6.265732050,6.265731884,0.997222222,0.905555556,1,0.133917555,7.552656447,7.552406289,true,none
1784908737.695131302,per_message_full_scan,1029,720,6.265732050,6.265731884,0.997222222,0.901388889,1,0.121757507,7.700497096,7.701598025,true,none
1784908738.695122957,per_message_full_scan,1029,720,6.265732050,6.265731884,0.997222222,0.918055556,1,0.134010896,7.631604323,7.632183758,true,none
1784908739.695257902,per_message_full_scan,1027,720,6.265732050,6.265732007,0.998611111,0.912500000,1,0.131942987,7.631376479,7.632497663,true,none
1784908740.794772387,per_message_full_scan,1027,720,6.265732050,6.265732007,0.998611111,0.912500000,1,0.131942987,7.631376479,7.632497663,false,STALE_INPUT:none
1784908741.695138216,per_message_full_scan,1030,720,6.265732050,6.265731969,0.998611111,0.919444444,1,0.133936435,189.327415472,7.115810387,true,none
1784908742.695577145,per_message_full_scan,1026,720,6.265732050,6.265731668,0.997222222,0.916666667,1,0.134029701,45.732455197,7.519789237,true,none
1784908743.695209503,per_message_full_scan,1028,720,6.265732050,6.265731908,0.997222222,0.912500000,1,0.133982569,13.985887372,7.577000061,true,none
1784908744.695135117,per_message_full_scan,1029,720,6.265732050,6.265731884,0.997222222,0.927777778,1,0.121653564,8.762501196,7.686460353,true,none
1784908745.695191383,per_message_full_scan,1022,720,6.265732050,6.265731920,0.997222222,0.936111111,1,0.121540017,7.923045451,7.697834809,true,none
1784908746.695148945,per_message_full_scan,1024,720,6.265732050,6.265731925,0.997222222,0.952777778,1,0.121614203,7.754850851,7.716984845,true,none
1784908747.695455790,per_message_full_scan,1026,720,6.265732050,6.265731668,0.997222222,0.962500000,1,0.122326650,7.673475135,7.666167814,true,none
1784908748.695147753,per_message_full_scan,1028,720,6.265732050,6.265731908,0.997222222,0.923611111,1,0.133995593,7.594058713,7.592673752,true,none
1784908749.695155859,per_message_full_scan,1028,720,6.265732050,6.265731908,0.997222222,0.965277778,1,0.118606701,7.687398918,7.688395331,true,none
1784908750.695113420,per_message_full_scan,1025,720,6.265732050,6.265731812,0.997222222,0.943055556,1,0.121757261,7.689846465,7.689217020,true,none
1784908751.697138786,per_message_full_scan,1025,720,6.265732050,6.265731812,0.997222222,0.930555556,1,0.133940101,1263.775361848,6.333333117,true,none
1784908752.695195198,per_message_full_scan,1025,720,6.265732050,6.265731812,0.997222222,0.945833333,1,0.133044377,218.589786449,7.207890139,true,none
1784908753.695190668,per_message_full_scan,1030,720,6.265732050,6.265731969,0.998611111,0.952777778,1,0.133462280,51.863780339,7.534322754,true,none
1784908754.695123434,per_message_full_scan,1027,720,6.265732050,6.265732007,0.998611111,0.945833333,1,0.134069547,14.996462665,7.558827106,true,none
1784908755.695128679,per_message_full_scan,1025,720,6.265732050,6.265731812,0.997222222,0.947222222,1,0.133961663,9.112092494,7.552626449,true,none
1784908756.695119381,per_message_full_scan,1030,720,6.265732050,6.265731969,0.998611111,0.934722222,1,0.131131366,221.724043313,6.906217981,true,none
1784908757.695135832,per_message_full_scan,1028,720,6.265732050,6.265731908,0.997222222,0.901388889,1,0.132725269,43.500862241,7.460534016,true,none
1784908758.695131302,per_message_full_scan,1030,720,6.265732050,6.265731969,0.998611111,0.911111111,1,0.133196294,15.088856575,7.532547637,true,none
1784908759.695998907,per_message_full_scan,1026,720,6.265732050,6.265731668,0.997222222,0.906944444,1,0.134797201,8.901022434,7.633046433,true,none
1784908760.695555925,per_message_full_scan,1026,720,6.265732050,6.265731668,0.997222222,0.916666667,1,0.133973777,7.884932864,7.618246851,true,none
1784908761.696024418,per_message_full_scan,1025,720,6.265732050,6.265731812,0.997222222,0.897222222,1,0.119868457,7.750657748,7.706915441,true,none
1784908762.695170403,per_message_full_scan,1026,720,6.265732050,6.265731668,0.997222222,0.904166667,1,0.134037629,7.607060602,7.598934528,true,none
1784908763.695187569,per_message_full_scan,1025,720,6.265732050,6.265731812,0.997222222,0.890277778,1,0.121691436,7.707958838,7.706298276,true,none
1784908764.695094824,per_message_full_scan,1026,720,6.265732050,6.265731668,0.997222222,0.898611111,1,0.134205759,7.613155260,7.612850974,true,none
1784908765.695124149,per_message_full_scan,1025,720,6.265732050,6.265731812,0.997222222,0.894444444,1,0.121891655,7.699551668,7.699500099,true,none
1784908766.695131063,per_message_full_scan,1025,720,6.265732050,6.265731812,0.997222222,0.869444444,1,0.134144843,285.455171032,6.187269163,true,none
1784908767.695102215,per_message_full_scan,1029,720,6.265732050,6.265731884,0.997222222,0.879166667,1,0.121774793,54.315275887,7.462092821,true,none
1784908768.695102215,per_message_full_scan,1028,720,6.265732050,6.265731908,0.997222222,0.856944444,1,0.133372620,17.421604245,7.595657304,true,none
1784908769.695179701,per_message_full_scan,1025,720,6.265732050,6.265731812,0.997222222,0.891666667,1,0.133949026,9.225205769,7.576351833,true,none
1784908770.695131540,per_message_full_scan,1028,720,6.265732050,6.265731908,0.997222222,0.897222222,1,0.131660789,7.918560410,7.643904118,true,none
1784908771.695133209,per_message_full_scan,1025,720,6.265732050,6.265731812,0.997222222,0.902777778,1,0.133949429,7.656705767,7.598905095,true,none
1784908772.695132017,per_message_full_scan,1023,720,6.265732050,6.265731973,0.998611111,0.887500000,1,0.122135773,7.701052683,7.691488694,true,none
1784908773.695088625,per_message_full_scan,1023,720,6.265732050,6.265731973,0.998611111,0.897222222,1,0.134517953,7.597818313,7.596565754,true,none
1784908774.695284843,per_message_full_scan,1025,720,6.265732050,6.265731812,0.997222222,0.884722222,1,0.133029282,7.663638620,7.663226894,true,none
1784908775.695093870,per_message_full_scan,1024,720,6.265732050,6.265731925,0.997222222,0.893055556,1,0.133865222,7.577522035,7.577875912,true,none
1784908776.695147276,per_message_full_scan,1026,720,6.265732050,6.265731668,0.997222222,0.883333333,1,0.118606254,7.717826003,7.718753565,true,none
1784908777.696268320,per_message_full_scan,1024,720,6.265732050,6.265731925,0.997222222,0.875000000,1,0.134105831,7.599719068,7.599497734,true,none
1784908778.695120573,per_message_full_scan,1023,720,6.265732050,6.265731973,0.998611111,0.868055556,1,0.134101480,7.647506161,7.646977980,true,none
1784908779.695155621,per_message_full_scan,1028,720,6.265732050,6.265731908,0.997222222,0.873611111,1,0.134163693,7.596942031,7.596559956,true,none
1784908780.695133209,per_message_full_scan,1027,720,6.265732050,6.265732007,0.998611111,0.879166667,1,0.136040613,7.518376923,7.518228077,true,none
1784908781.695144176,per_message_full_scan,1028,720,6.265732050,6.265731908,0.997222222,0.884722222,1,0.121349409,7.663296495,7.663903492,true,none
1784908782.695127726,per_message_full_scan,1029,720,6.265732050,6.265731884,0.997222222,0.881944444,1,0.134010479,7.639988029,7.641108968,true,none
1784908783.695899725,per_message_full_scan,1028,720,6.265732050,6.265731908,0.997222222,0.886111111,1,0.132478878,7.589994174,7.590956505,true,none
1784908784.695148468,per_message_full_scan,1023,720,6.265732050,6.265731973,0.998611111,0.886111111,1,0.134040624,7.598705246,7.598864270,true,none
1784908785.696215153,per_message_full_scan,1023,720,6.265732050,6.265731973,0.998611111,0.883333333,1,0.131618649,7.628242836,7.627563636,true,none
1784908786.695090771,per_message_full_scan,1024,720,6.265732050,6.265731925,0.997222222,0.863888889,1,0.134204775,7.651243764,7.644039184,true,none
1784908787.695075750,per_message_full_scan,1023,720,6.265732050,6.265731973,0.998611111,0.877777778,1,0.134487018,7.584294507,7.586302210,true,none
1784908788.695275545,per_message_full_scan,1022,720,6.265732050,6.265731920,0.997222222,0.869444444,1,0.134192437,7.649851574,7.649836525,true,none
1784908789.695112228,per_message_full_scan,1024,720,6.265732050,6.265731925,0.997222222,0.876388889,1,0.121922269,7.705310179,7.705521023,true,none
1784908790.695123434,per_message_full_scan,1024,720,6.265732050,6.265731925,0.997222222,0.869444444,1,0.134229422,7.646857757,7.646902539,true,none
1784908791.695117235,per_message_full_scan,1023,720,6.265732050,6.265731973,0.998611111,0.872222222,1,0.121941097,7.706147124,7.706620201,true,none
1784908792.695191860,per_message_full_scan,1024,720,6.265732050,6.265731925,0.997222222,0.854166667,1,0.121244289,7.710369621,7.711306417,true,none
1784908793.695113182,per_message_full_scan,1023,720,6.265732050,6.265731973,0.998611111,0.855555556,1,0.134140760,7.648350928,7.647846542,true,none
1784908794.695432186,per_message_full_scan,1022,720,6.265732050,6.265731920,0.997222222,0.854166667,1,0.121685192,7.710190395,7.709445455,true,none
1784908795.695148468,per_message_full_scan,1024,720,6.265732050,6.265731925,0.997222222,0.866666667,1,0.134212255,7.645995569,7.646686992,true,none
1784908796.695143938,per_message_full_scan,1023,720,6.265732050,6.265731973,0.998611111,0.868055556,1,0.121924855,7.705166659,7.705710902,true,none
1784908797.695107222,per_message_full_scan,1023,720,6.265732050,6.265731973,0.998611111,0.838888889,1,0.133992031,7.606994155,7.606746845,true,none
1784908798.695153713,per_message_full_scan,1023,720,6.265732050,6.265731973,0.998611111,0.841666667,1,0.122731023,7.692283848,7.691820783,true,none
1784908799.695115805,per_message_full_scan,1022,720,6.265732050,6.265731920,0.997222222,0.854166667,1,0.121881567,7.747217427,7.747408479,true,none
1784908800.695286036,per_message_full_scan,1022,720,6.265732050,6.265731920,0.997222222,0.858333333,1,0.134084284,7.612471929,7.615424392,true,none
1784908801.695119858,per_message_full_scan,1024,720,6.265732050,6.265731925,0.997222222,0.858333333,1,0.121798038,7.709722333,7.710217315,true,none
1784908802.695105553,per_message_full_scan,1023,720,6.265732050,6.265731973,0.998611111,0.865277778,1,0.134191796,7.597439156,7.597821285,true,none
1784908803.695849657,per_message_full_scan,1023,720,6.265732050,6.265731973,0.998611111,0.870833333,1,0.134108469,7.614668982,7.606446386,true,none
1784908804.695108414,per_message_full_scan,1022,720,6.265732050,6.265731920,0.997222222,0.863888889,1,0.122018583,7.711063454,7.712291391,true,none
1784908805.695108175,per_message_full_scan,1023,720,6.265732050,6.265731973,0.998611111,0.866666667,1,0.134061396,7.603082317,7.603196608,true,none
1784908806.695195913,per_message_full_scan,1025,720,6.265732050,6.265731812,0.997222222,0.862500000,1,0.121924371,7.701859443,7.703881098,true,none
1784908807.695163488,per_message_full_scan,1023,720,6.265732050,6.265731973,0.998611111,0.852777778,1,0.120251052,7.724467145,7.724769759,true,none
1784908808.695154667,per_message_full_scan,1024,720,6.265732050,6.265731925,0.997222222,0.776388889,1,0.133699730,7.600611914,7.601228846,true,none
1784908809.695196152,per_message_full_scan,1022,720,6.265732050,6.265731920,0.997222222,0.720833333,1,0.120358102,7.709254338,7.708990506,true,none
1784908810.695100069,per_message_full_scan,1024,720,6.265732050,6.265731925,0.997222222,0.773611111,1,0.121736541,7.745216499,7.745205868,true,none
1784908811.695162296,per_message_full_scan,1022,720,6.265732050,6.265731920,0.997222222,0.783333333,1,0.134196728,7.601590835,7.601923554,true,none
1784908812.695150375,per_message_full_scan,1023,720,6.265732050,6.265731973,0.998611111,0.769444444,1,0.121717900,7.708433615,7.708945474,true,none
1784908813.695280790,per_message_full_scan,1021,720,6.265732050,6.265731733,0.997222222,0.788888889,1,0.121336967,7.718917677,7.718182830,true,none
1784908814.695189476,per_message_full_scan,1021,720,6.265732050,6.265731733,0.997222222,0.790277778,1,0.121695265,7.729723817,7.728969995,true,none
1784908815.695108891,per_message_full_scan,1021,720,6.265732050,6.265731733,0.997222222,0.765277778,1,0.134218141,7.646271264,7.645858479,true,none
1784908816.695108175,per_message_full_scan,1022,720,6.265732050,6.265731920,0.997222222,0.750000000,1,0.133515120,7.645748806,7.644729676,true,none
1784908817.695101976,per_message_full_scan,1022,720,6.265732050,6.265731920,0.997222222,0.838888889,1,0.133606181,7.681339240,7.681610117,true,none
1784908818.695118904,per_message_full_scan,1022,720,6.265732050,6.265731920,0.997222222,0.770833333,1,0.134110004,7.605120405,7.605983356,true,none
1784908819.695129871,per_message_full_scan,1025,720,6.265732050,6.265731812,0.997222222,0.759722222,1,0.134095713,7.657725428,7.657198787,true,none
1784908820.695109129,per_message_full_scan,1024,720,6.265732050,6.265731925,0.997222222,0.754166667,1,0.122345857,7.695613772,7.694661922,true,none
1784908821.695102215,per_message_full_scan,1025,720,6.265732050,6.265731812,0.997222222,0.768055556,1,0.134084523,7.646795826,7.646988515,true,none
1784908822.695114136,per_message_full_scan,1024,720,6.265732050,6.265731925,0.997222222,0.783333333,1,0.134218365,7.585718936,7.585325907,true,none
1784908823.695114613,per_message_full_scan,1025,720,6.265732050,6.265731812,0.997222222,0.776388889,1,0.121916845,7.703446639,7.703253403,true,none
1784908824.695105314,per_message_full_scan,1026,720,6.265732050,6.265731668,0.997222222,0.788888889,1,0.134003967,7.600105221,7.600885162,true,none
1784908825.695126772,per_message_full_scan,1024,720,6.265732050,6.265731925,0.997222222,0.797222222,1,0.133990034,7.645493352,7.645535312,true,none
1784908826.695101500,per_message_full_scan,1024,720,6.265732050,6.265731925,0.997222222,0.786111111,1,0.133942202,7.597145624,7.597154385,true,none
1784908827.695109129,per_message_full_scan,1026,720,6.265732050,6.265731668,0.997222222,0.776388889,1,0.121983297,7.673308317,7.673348115,true,none
1784908828.695175409,per_message_full_scan,1025,720,6.265732050,6.265731812,0.997222222,0.772222222,1,0.132468730,7.638116798,7.638155533,true,none
1784908829.695112944,per_message_full_scan,1024,720,6.265732050,6.265731925,0.997222222,0.776388889,1,0.121988826,7.697411754,7.697967265,true,none
1784908830.695306063,per_message_full_scan,1025,720,6.265732050,6.265731812,0.997222222,0.765277778,1,0.133967295,7.596429669,7.596802298,true,none
1784908831.695113182,per_message_full_scan,1025,720,6.265732050,6.265731812,0.997222222,0.763888889,1,0.121859670,7.707842448,7.707836805,true,none
1784908832.695076704,per_message_full_scan,1024,720,6.265732050,6.265731925,0.997222222,0.762500000,1,0.134094328,7.597934450,7.597629194,true,none
1784908833.695106745,per_message_full_scan,1025,720,6.265732050,6.265731812,0.997222222,0.736111111,1,0.121684082,7.699299660,7.699900193,true,none
1784908834.695253134,per_message_full_scan,1023,720,6.265732050,6.265731973,0.998611111,0.875000000,1,0.134082079,7.643293282,7.643748087,true,none
1784908835.695234060,per_message_full_scan,1026,720,6.265732050,6.265731668,0.997222222,0.898611111,1,0.121471301,7.694515250,7.677801292,true,none
1784908836.695127726,per_message_full_scan,1024,720,6.265732050,6.265731925,0.997222222,0.884722222,1,0.134036481,7.645698533,7.645845109,true,none
1784908837.695122004,per_message_full_scan,1025,720,6.265732050,6.265731812,0.997222222,0.888888889,1,0.122287281,7.702550004,7.703800837,true,none
1784908838.695095301,per_message_full_scan,1023,720,6.265732050,6.265731973,0.998611111,0.868055556,1,0.134024188,7.600608017,7.599910234,true,none
1784908839.695122004,per_message_full_scan,1023,720,6.265732050,6.265731973,0.998611111,0.855555556,1,0.121209204,7.709689077,7.706595998,true,none
1784908840.695096731,per_message_full_scan,1023,720,6.265732050,6.265731973,0.998611111,0.851388889,1,0.132346928,7.606122626,7.606193846,true,none
1784908841.695127487,per_message_full_scan,1022,720,6.265732050,6.265731920,0.997222222,0.843055556,1,0.133851737,7.645609957,7.643369661,true,none
1784908842.695109606,per_message_full_scan,1025,720,6.265732050,6.265731812,0.997222222,0.841666667,1,0.135083839,7.565780640,7.565757291,true,none
1784908843.695223570,per_message_full_scan,1021,720,6.265732050,6.265731733,0.997222222,0.843055556,1,0.134202451,7.647985388,7.647254984,true,none
1784908844.695127964,per_message_full_scan,1022,720,6.265732050,6.265731920,0.997222222,0.830555556,1,0.134061128,7.654490209,7.654554493,true,none
1784908845.695139170,per_message_full_scan,1023,720,6.265732050,6.265731973,0.998611111,0.837500000,1,0.134110183,7.598199711,7.598163051,true,none
1784908846.695100307,per_message_full_scan,1022,720,6.265732050,6.265731920,0.997222222,0.820833333,1,0.133806750,7.612829666,7.613041267,true,none
1784908847.695096493,per_message_full_scan,1020,720,6.265732050,6.265731851,0.997222222,0.844444444,1,0.134130314,7.644933912,7.644948863,true,none
1784908848.695141554,per_message_full_scan,1024,720,6.265732050,6.265731925,0.997222222,0.818055556,1,0.120823734,7.722357100,7.724522852,true,none
1784908849.695090771,per_message_full_scan,1023,720,6.265732050,6.265731973,0.998611111,0.884722222,1,0.134025887,7.601656057,7.602399350,true,none
1784908850.695179939,per_message_full_scan,1025,720,6.265732050,6.265731812,0.997222222,0.897222222,1,0.134086058,7.677451440,7.677937026,true,none
1784908851.695129156,per_message_full_scan,1024,720,6.265732050,6.265731925,0.997222222,0.900000000,1,0.121901877,7.712896328,7.712690403,true,none
1784908852.695125103,per_message_full_scan,1023,720,6.265732050,6.265731973,0.998611111,0.894444444,1,0.133323222,7.601010099,7.601588891,true,none
1784908853.695115328,per_message_full_scan,1022,720,6.265732050,6.265731920,0.997222222,0.888888889,1,0.134126261,7.677619529,7.677604218,true,none
1784908854.695132256,per_message_full_scan,1023,720,6.265732050,6.265731973,0.998611111,0.895833333,1,0.121650033,7.710844398,7.711130144,true,none
1784908855.695118427,per_message_full_scan,1025,720,6.265732050,6.265731812,0.997222222,0.895833333,1,0.134360343,7.595569512,7.595994727,true,none
1784908856.695098162,per_message_full_scan,1021,720,6.265732050,6.265731733,0.997222222,0.893055556,1,0.121868141,7.704416771,7.704951347,true,none
1784908857.695150852,per_message_full_scan,1023,720,6.265732050,6.265731973,0.998611111,0.891666667,1,0.122210711,7.701481216,7.701217025,true,none
1784908858.695125580,per_message_full_scan,1022,720,6.265732050,6.265731920,0.997222222,0.904166667,1,0.134074524,7.597198496,7.598005895,true,none
1784908859.695121050,per_message_full_scan,1020,720,6.265732050,6.265731851,0.997222222,0.890277778,1,0.136278704,7.643027524,7.643577087,true,none
1784908860.695093393,per_message_full_scan,1022,720,6.265732050,6.265731920,0.997222222,0.887500000,1,0.121837184,7.711500456,7.711204726,true,none
1784908861.695122004,per_message_full_scan,1023,720,6.265732050,6.265731973,0.998611111,0.895833333,1,0.136005849,7.574401335,7.573342192,true,none
1784908862.695137978,per_message_full_scan,1021,720,6.265732050,6.265731733,0.997222222,0.887500000,1,0.132658735,7.670718027,7.671182712,true,none
1784908863.695384264,per_message_full_scan,1023,720,6.265732050,6.265731973,0.998611111,0.901388889,1,0.122007601,7.707051867,7.708130327,true,none
1784908864.695095062,per_message_full_scan,1021,720,6.265732050,6.265731733,0.997222222,0.887500000,1,0.120576158,7.743959439,7.744315010,true,none
1784908865.695132256,per_message_full_scan,1021,720,6.265732050,6.265731733,0.997222222,0.897222222,1,0.133878753,7.650659611,7.651673501,true,none
1784908866.695132971,per_message_full_scan,1022,720,6.265732050,6.265731920,0.997222222,0.897222222,1,0.134146586,7.677683173,7.678459492,true,none
1784908867.695154190,per_message_full_scan,1022,720,6.265732050,6.265731920,0.997222222,0.879166667,1,0.133370429,7.604631273,7.605250571,true,none
1784908868.695121527,per_message_full_scan,1021,720,6.265732050,6.265731733,0.997222222,0.895833333,1,0.134043023,7.644472875,7.644140020,true,none
1784908869.695125103,per_message_full_scan,1023,720,6.265732050,6.265731973,0.998611111,0.890277778,1,0.134049937,7.654805040,7.654749897,true,none
1784908870.695103407,per_message_full_scan,1022,720,6.265732050,6.265731920,0.997222222,0.898611111,1,0.121870928,7.747088787,7.742369209,true,none
1784908871.695170879,per_message_full_scan,1022,720,6.265732050,6.265731920,0.997222222,0.890277778,1,0.133758172,7.612438192,7.612634467,true,none
1784908872.695106983,per_message_full_scan,1021,720,6.265732050,6.265731733,0.997222222,0.900000000,1,0.133238688,7.620660901,7.620028445,true,none
1784908873.695086956,per_message_full_scan,1024,720,6.265732050,6.265731925,0.997222222,0.893055556,1,0.121860772,7.714282785,7.715124350,true,none
1784908874.695099354,per_message_full_scan,1022,720,6.265732050,6.265731920,0.997222222,0.890277778,1,0.121740654,7.747869618,7.747811119,true,none
1784908875.695209026,per_message_full_scan,1024,720,6.265732050,6.265731925,0.997222222,0.897222222,1,0.131197855,7.616241484,7.629526761,true,none
1784908876.695124388,per_message_full_scan,1021,720,6.265732050,6.265731733,0.997222222,0.895833333,1,0.121122293,7.712838418,7.715467314,true,none
1784908877.695065022,per_message_full_scan,1022,720,6.265732050,6.265731920,0.997222222,0.904166667,1,0.121947221,7.714792429,7.715649461,true,none
1784908878.695122480,per_message_full_scan,1021,720,6.265732050,6.265731733,0.997222222,0.894444444,1,0.121819109,7.725917899,7.725646075,true,none
1784908879.695132017,per_message_full_scan,1021,720,6.265732050,6.265731733,0.997222222,0.897222222,1,0.134208903,7.666031956,7.665928901,true,none
1784908880.695234299,per_message_full_scan,1021,720,6.265732050,6.265731733,0.997222222,0.894444444,1,0.134660304,7.660166267,7.660341805,true,none
1784908881.695125103,per_message_full_scan,1022,720,6.265732050,6.265731920,0.997222222,0.904166667,1,0.121831268,7.716516602,7.717154724,true,none
1784908882.695109606,per_message_full_scan,1021,720,6.265732050,6.265731733,0.997222222,0.895833333,1,0.132991850,7.608967207,7.609447051,true,none
1784908883.695118904,per_message_full_scan,1021,720,6.265732050,6.265731733,0.997222222,0.897222222,1,0.134181082,7.620851239,7.621435705,true,none
1784908884.695462227,per_message_full_scan,1022,720,6.265732050,6.265731920,0.997222222,0.897222222,1,0.133624807,7.652440408,7.652344511,true,none
1784908885.695178747,per_message_full_scan,1023,720,6.265732050,6.265731973,0.998611111,0.898611111,1,0.121967591,7.725949257,7.725871740,true,none
1784908886.695214987,per_message_full_scan,1022,720,6.265732050,6.265731920,0.997222222,0.897222222,1,0.133375242,7.602647580,7.602516597,true,none
1784908887.695127487,per_message_full_scan,1023,720,6.265732050,6.265731973,0.998611111,0.891666667,1,0.134091198,7.681934340,7.679574258,true,none
1784908888.695118189,per_message_full_scan,1023,720,6.265732050,6.265731973,0.998611111,0.897222222,1,0.117963195,7.731530956,7.732200046,true,none
1784908889.695105791,per_message_full_scan,1022,720,6.265732050,6.265731920,0.997222222,0.891666667,1,0.121890008,7.749599480,7.749157466,true,none
1784908890.695235014,per_message_full_scan,1023,720,6.265732050,6.265731973,0.998611111,0.898611111,1,0.133925125,7.656713081,7.657257733,true,none
1784908891.695120096,per_message_full_scan,1022,720,6.265732050,6.265731920,0.997222222,0.897222222,1,0.121802092,7.708948468,7.708945550,true,none
1784908892.695102930,per_message_full_scan,1022,720,6.265732050,6.265731920,0.997222222,0.900000000,1,0.122139037,7.722818908,7.723787228,true,none
1784908893.695103884,per_message_full_scan,1023,720,6.265732050,6.265731973,0.998611111,0.906944444,1,0.134099543,7.651802683,7.653241555,true,none
1784908894.695113182,per_message_full_scan,1023,720,6.265732050,6.265731973,0.998611111,0.890277778,1,0.134038240,7.674944314,7.675066928,true,none
1784908895.695233345,per_message_full_scan,1023,720,6.265732050,6.265731973,0.998611111,0.891666667,1,0.120934650,7.713620018,7.713583038,true,none
1784908896.695215464,per_message_full_scan,1023,720,6.265732050,6.265731973,0.998611111,0.898611111,1,0.133448318,7.622596157,7.620968231,true,none
1784908897.695112467,per_message_full_scan,1023,720,6.265732050,6.265731973,0.998611111,0.893055556,1,0.134663776,7.628096798,7.628284494,true,none
1784908898.695125580,per_message_full_scan,1021,720,6.265732050,6.265731733,0.997222222,0.897222222,1,0.134057492,7.680209181,7.680445247,true,none
1784908899.695143700,per_message_full_scan,1022,720,6.265732050,6.265731920,0.997222222,0.891666667,1,0.134038910,7.603862627,7.604879820,true,none
1784908900.695136309,per_message_full_scan,1023,720,6.265732050,6.265731973,0.998611111,0.900000000,1,0.133898079,7.651071039,7.651128640,true,none
1784908901.695354700,per_message_full_scan,1021,720,6.265732050,6.265731733,0.997222222,0.891666667,1,0.134309009,7.645412265,7.643649876,true,none
1784908902.695120335,per_message_full_scan,1022,720,6.265732050,6.265731920,0.997222222,0.906944444,1,0.121866412,7.746211009,7.747256090,true,none
1784908903.695245743,per_message_full_scan,1022,720,6.265732050,6.265731920,0.997222222,0.883333333,1,0.134077013,7.603381338,7.604336302,true,none
1784908904.695123911,per_message_full_scan,1020,720,6.265732050,6.265731851,0.997222222,0.901388889,1,0.121961132,7.706802098,7.707668624,true,none
1784908905.695119143,per_message_full_scan,1021,720,6.265732050,6.265731733,0.997222222,0.893055556,1,0.121833034,7.715116041,7.715577498,true,none
1784908906.695106030,per_message_full_scan,1020,720,6.265732050,6.265731851,0.997222222,0.905555556,1,0.121773325,7.728092510,7.728192715,true,none
1784908907.695113420,per_message_full_scan,1023,720,6.265732050,6.265731973,0.998611111,0.904166667,1,0.134162396,7.650154589,7.650373536,true,none
1784908908.695311785,per_message_full_scan,1023,720,6.265732050,6.265731973,0.998611111,0.898611111,1,0.134031385,7.663105480,7.662960158,true,none
1784908909.695340633,per_message_full_scan,1021,720,6.265732050,6.265731733,0.997222222,0.887500000,1,0.121831559,7.713864368,7.714906821,true,none
1784908910.695125818,per_message_full_scan,1021,720,6.265732050,6.265731733,0.997222222,0.888888889,1,0.133376285,7.604836447,7.605438179,true,none
1784908911.695127487,per_message_full_scan,1022,720,6.265732050,6.265731920,0.997222222,0.904166667,1,0.134058207,7.651312468,7.651480553,true,none
1784908912.695175648,per_message_full_scan,1022,720,6.265732050,6.265731920,0.997222222,0.901388889,1,0.134106964,7.658274714,7.658578977,true,none
1784908913.695210695,per_message_full_scan,1021,720,6.265732050,6.265731733,0.997222222,0.895833333,1,0.122341946,7.740866425,7.741596366,true,none
1784908914.695108414,per_message_full_scan,1023,720,6.265732050,6.265731973,0.998611111,0.890277778,1,0.134189799,7.609582360,7.609565253,true,none
1784908915.695108891,per_message_full_scan,1023,720,6.265732050,6.265731973,0.998611111,0.891666667,1,0.134056464,7.654915401,7.654972919,true,none
1784908916.695103168,per_message_full_scan,1021,720,6.265732050,6.265731733,0.997222222,0.900000000,1,0.122655198,7.689267997,7.689580495,true,none
1784908917.696068764,per_message_full_scan,1023,720,6.265732050,6.265731973,0.998611111,0.890277778,1,0.121495463,7.749856943,7.749190312,true,none
1784908918.695078373,per_message_full_scan,1022,720,6.265732050,6.265731920,0.997222222,0.897222222,1,0.134759083,7.582904769,7.582082176,true,none
1784908919.695323944,per_message_full_scan,1020,720,6.265732050,6.265731851,0.997222222,0.898611111,1,0.133697152,7.671708801,7.671200444,true,none
1784908920.695114851,per_message_full_scan,1021,720,6.265732050,6.265731733,0.997222222,0.894444444,1,0.121684626,7.711917270,7.711637767,true,none
1784908921.697056055,per_message_full_scan,1021,720,6.265732050,6.265731733,0.997222222,0.897222222,1,0.121795788,7.665413721,7.663593424,true,none
1784908922.695101261,per_message_full_scan,1020,720,6.265732050,6.265731851,0.997222222,0.897222222,1,0.133984998,7.627387692,7.627742539,true,none
1784908923.695095539,per_message_full_scan,1021,720,6.265732050,6.265731733,0.997222222,0.908333333,1,0.134170502,7.644578753,7.645326679,true,none
1784908924.695253611,per_message_full_scan,1022,720,6.265732050,6.265731920,0.997222222,0.887500000,1,0.118940316,7.727583898,7.727458716,true,none
1784908925.695094585,per_message_full_scan,1020,720,6.265732050,6.265731851,0.997222222,0.891666667,1,0.121000089,7.749435562,7.750967291,true,none
1784908926.695179701,per_message_full_scan,1021,720,6.265732050,6.265731733,0.997222222,0.908333333,1,0.134224668,7.603671422,7.604439876,true,none
1784908927.695134163,per_message_full_scan,1022,720,6.265732050,6.265731920,0.997222222,0.902777778,1,0.134205118,7.660301762,7.660424092,true,none
1784908928.695121050,per_message_full_scan,1021,720,6.265732050,6.265731733,0.997222222,0.891666667,1,0.121824309,7.709364800,7.708769194,true,none
1784908929.695127726,per_message_full_scan,1022,720,6.265732050,6.265731920,0.997222222,0.894444444,1,0.120658539,7.721808780,7.722096562,true,none
1784908930.695106506,per_message_full_scan,1022,720,6.265732050,6.265731920,0.997222222,0.895833333,1,0.134144261,7.649501941,7.649826708,true,none
1784908931.695139408,per_message_full_scan,1022,720,6.265732050,6.265731920,0.997222222,0.902777778,1,0.134057805,7.651505680,7.653615422,true,none
1784908932.695102215,per_message_full_scan,1022,720,6.265732050,6.265731920,0.997222222,0.887500000,1,0.134094805,7.664900867,7.664697084,true,none
1784908933.695165157,per_message_full_scan,1020,720,6.265732050,6.265731851,0.997222222,0.905555556,1,0.121929429,7.748911158,7.749452604,true,none
1784908934.695122480,per_message_full_scan,1022,720,6.265732050,6.265731920,0.997222222,0.900000000,1,0.134230122,7.602833456,7.603562117,true,none
1784908935.695126534,per_message_full_scan,1022,720,6.265732050,6.265731920,0.997222222,0.909722222,1,0.133995891,7.615368317,7.634960177,true,none
1784908936.695125818,per_message_full_scan,1022,720,6.265732050,6.265731920,0.997222222,0.893055556,1,0.134282783,7.682789031,7.687153920,true,none
1784908937.695841551,per_message_full_scan,1022,720,6.265732050,6.265731920,0.997222222,0.902777778,1,0.121887587,7.697242450,7.697060758,true,none
1784908938.695127487,per_message_full_scan,1029,720,6.265732050,6.265731884,0.997222222,0.900000000,1,0.131873265,7.605260611,7.606386442,true,none
1784908939.697270155,per_message_full_scan,1030,720,6.265732050,6.265731969,0.998611111,0.904166667,1,0.133136526,7.597683344,7.621292507,true,none
1784908940.699067116,per_message_full_scan,1022,720,6.265732050,6.265731920,0.997222222,0.884722222,1,0.122006267,7.693512349,7.704727538,true,none
1784908941.695189238,per_message_full_scan,1027,720,6.265732050,6.265732007,0.998611111,0.897222222,1,0.132495850,7.665061128,7.667549824,true,none
1784908942.695136070,per_message_full_scan,1029,720,6.265732050,6.265731884,0.997222222,0.900000000,1,0.133798420,7.564760769,7.564118082,true,none
1784908943.697955847,per_message_full_scan,1031,720,6.265732050,6.265731719,0.997222222,0.890277778,1,0.117418319,7.652218852,7.664724051,true,none
1784908944.696156740,per_message_full_scan,1028,720,6.265732050,6.265731908,0.997222222,0.887500000,1,0.136046961,8.633916204,6.964985380,true,none
1784908945.700437307,per_message_full_scan,1032,720,6.265732050,6.265731648,0.997222222,0.881944444,1,0.135729507,7.615836572,7.295083523,true,none
1784908946.695194006,per_message_full_scan,1026,720,6.265732050,6.265731668,0.997222222,0.886111111,1,0.122352645,7.666867648,7.643475669,true,none
1784908947.695203304,per_message_full_scan,1019,720,6.265732050,6.265731762,0.997222222,0.876388889,1,0.134082481,7.631486124,7.628704220,true,none
1784908948.695114851,per_message_full_scan,1020,720,6.265732050,6.265731851,0.997222222,0.877777778,1,0.134133711,7.630209455,7.629736374,true,none
1784908949.695117474,per_message_full_scan,1020,720,6.265732050,6.265731851,0.997222222,0.888888889,1,0.133643955,7.683258410,7.683283896,true,none
1784908950.695114613,per_message_full_scan,1020,720,6.265732050,6.265731851,0.997222222,0.883333333,1,0.131639168,7.664871028,7.665206059,true,none
1784908951.695143938,per_message_full_scan,1027,720,6.265732050,6.265732007,0.998611111,0.884722222,1,0.121753998,7.712773229,7.712382963,true,none
1784908952.695156813,per_message_full_scan,1027,720,6.265732050,6.265732007,0.998611111,0.879166667,1,0.135338172,7.628187265,7.627995138,true,none
1784908953.695118427,per_message_full_scan,1028,720,6.265732050,6.265731908,0.997222222,0.881944444,1,0.133991569,7.589013627,7.589144992,true,none
1784908954.695499420,per_message_full_scan,1026,720,6.265732050,6.265731668,0.997222222,0.893055556,1,0.121656954,7.706541042,7.706699291,true,none
1784908955.697137117,per_message_full_scan,1027,720,6.265732050,6.265732007,0.998611111,0.891666667,1,0.134373263,7.644230769,7.643833778,true,none
1784908956.695163488,per_message_full_scan,1027,720,6.265732050,6.265732007,0.998611111,0.887500000,1,0.132134303,7.595668951,7.596115113,true,none
1784908957.695130825,per_message_full_scan,1024,720,6.265732050,6.265731925,0.997222222,0.891666667,1,0.134056762,7.578568112,7.578199191,true,none
1784908958.695111275,per_message_full_scan,1027,720,6.265732050,6.265732007,0.998611111,0.890277778,1,0.130032271,7.584793984,7.585020942,true,none
1784908959.903173685,per_message_full_scan,1020,720,6.265732050,6.265731851,0.997222222,0.887500000,1,0.122149430,7.683899520,7.684333474,true,none
1784908960.695167065,per_message_full_scan,1027,720,6.265732050,6.265732007,0.998611111,0.888888889,1,0.134054601,59.934693533,7.137459202,true,none
1784908961.695997000,per_message_full_scan,1025,720,6.265732050,6.265731812,0.997222222,0.884722222,1,0.134797037,16.421491200,7.563838404,true,none
1784908962.695235491,per_message_full_scan,1026,720,6.265732050,6.265731668,0.997222222,0.884722222,1,0.130823910,9.476165255,7.618015187,true,none
1784908963.695131063,per_message_full_scan,1025,720,6.265732050,6.265731812,0.997222222,0.876388889,1,0.121895157,8.009834196,7.700854063,true,none
1784908964.695153475,per_message_full_scan,1028,720,6.265732050,6.265731908,0.997222222,0.881944444,1,0.134208813,7.677263632,7.625410032,true,none
1784908965.695188999,per_message_full_scan,1023,720,6.265732050,6.265731973,0.998611111,0.880555556,1,0.134227201,7.592440496,7.581401190,true,none
1784908966.697815180,per_message_full_scan,1026,720,6.265732050,6.265731668,0.997222222,0.890277778,1,0.122468174,7.650100357,7.648017162,true,none
1784908967.695933580,per_message_full_scan,1025,720,6.265732050,6.265731812,0.997222222,0.884722222,1,0.134136170,7.598943523,7.601023843,true,none
1784908968.695174456,per_message_full_scan,1028,720,6.265732050,6.265731908,0.997222222,0.900000000,1,0.134140909,7.560917356,7.561718536,true,none
1784908969.695119619,per_message_full_scan,1023,720,6.265732050,6.265731973,0.998611111,0.895833333,1,0.134390771,7.635598741,7.635026494,true,none
1784908970.695508242,per_message_full_scan,1024,720,6.265732050,6.265731925,0.997222222,0.880555556,1,0.121696122,7.716998047,7.716365868,true,none
1784908971.695127249,per_message_full_scan,1021,720,6.265732050,6.265731733,0.997222222,0.881944444,1,0.127112031,7.666476950,7.666444312,true,none
1784908972.695123911,per_message_full_scan,1021,720,6.265732050,6.265731733,0.997222222,0.888888889,1,0.134223595,7.636502264,7.636749999,true,none
1784908973.695135832,per_message_full_scan,1025,720,6.265732050,6.265731812,0.997222222,0.886111111,1,0.122031346,7.689589766,7.691907026,true,none
1784908974.796739817,per_message_full_scan,1026,720,6.265732050,6.265731668,0.997222222,0.880555556,1,0.134226114,7.643673423,7.643288194,false,STALE_INPUT:none
1784908975.695118427,per_message_full_scan,1021,720,6.265732050,6.265731733,0.997222222,0.879166667,1,0.134296134,25.755044038,7.207340582,true,none
1784908976.695378065,per_message_full_scan,1026,720,6.265732050,6.265731668,0.997222222,0.897222222,1,0.131307840,11.466049988,7.572133433,true,none
1784908977.695131540,per_message_full_scan,1021,720,6.265732050,6.265731733,0.997222222,0.893055556,1,0.121839926,8.378964989,7.727998531,true,none
1784908978.697649479,per_message_full_scan,1027,720,6.265732050,6.265732007,0.998611111,0.884722222,1,0.133253202,7.662965879,7.504680632,true,none
1784908979.695140123,per_message_full_scan,1024,720,6.265732050,6.265731925,0.997222222,0.890277778,1,0.122195169,7.671835001,7.657259126,true,none
1784908980.695111752,per_message_full_scan,1021,720,6.265732050,6.265731733,0.997222222,0.890277778,1,0.134359196,7.609961065,7.607638450,true,none
1784908981.697492838,per_message_full_scan,1025,720,6.265732050,6.265731812,0.997222222,0.883333333,1,0.131342590,7.659421104,7.659004443,true,none
1784908982.695201874,per_message_full_scan,1024,720,6.265732050,6.265731925,0.997222222,0.888888889,1,0.131928250,7.598454066,7.605123832,true,none
1784908983.695122242,per_message_full_scan,1019,720,6.265732050,6.265731762,0.997222222,0.894444444,1,0.134013742,7.623371437,7.624513030,true,none
1784908984.695139170,per_message_full_scan,1022,720,6.265732050,6.265731920,0.997222222,0.890277778,1,0.134128049,7.636342479,7.636836957,true,none
1784908985.697396994,per_message_full_scan,1032,720,6.265732050,6.265731648,0.997222222,0.886111111,1,0.124731377,7.656464111,7.677120139,true,none
1784908986.695119858,per_message_full_scan,1024,720,6.265732050,6.265731925,0.997222222,0.886111111,1,0.132712379,7.603343038,7.607478996,true,none
1784908987.695122242,per_message_full_scan,1020,720,6.265732050,6.265731851,0.997222222,0.893055556,1,0.135605514,7.669917098,7.653385362,true,none
1784908988.695132017,per_message_full_scan,1019,720,6.265732050,6.265731762,0.997222222,0.881944444,1,0.133642823,7.682902056,7.683678364,true,none
1784908989.695602179,per_message_full_scan,1026,720,6.265732050,6.265731668,0.997222222,0.887500000,1,0.120990641,7.717249467,7.705324656,true,none
1784908990.695818663,per_message_full_scan,1019,720,6.265732050,6.265731762,0.997222222,0.888888889,1,0.133252263,7.599201770,7.599010517,true,none
1784908991.695951939,per_message_full_scan,1027,720,6.265732050,6.265732007,0.998611111,0.880555556,1,0.129783973,7.627358034,7.621251811,true,none
1784908992.695095778,per_message_full_scan,1021,720,6.265732050,6.265731733,0.997222222,0.884722222,1,0.134168014,7.675421145,7.677496475,true,none
1784908993.695139885,per_message_full_scan,1025,720,6.265732050,6.265731812,0.997222222,0.881944444,1,0.136301830,7.553459448,7.552904626,true,none
1784908994.695141792,per_message_full_scan,1027,720,6.265732050,6.265732007,0.998611111,0.886111111,1,0.134131417,7.681254369,7.685478362,true,none
1784908995.695107937,per_message_full_scan,1028,720,6.265732050,6.265731908,0.997222222,0.879166667,1,0.133753181,7.607036782,7.607902504,true,none
1784908996.695116282,per_message_full_scan,1020,720,6.265732050,6.265731851,0.997222222,0.866666667,1,0.133449599,7.670168644,7.670180956,true,none
1784908997.698342323,per_message_full_scan,1024,720,6.265732050,6.265731925,0.997222222,0.888888889,1,0.131349355,7.642552485,7.603341178,true,none
1784908998.695312500,per_message_full_scan,1020,720,6.265732050,6.265731851,0.997222222,0.870833333,1,0.131329954,7.613498375,7.617579848,true,none
1784908999.695111752,per_message_full_scan,1024,720,6.265732050,6.265731925,0.997222222,0.883333333,1,0.134168372,7.627862218,7.629402088,true,none
1784909000.696515560,per_message_full_scan,1021,720,6.265732050,6.265731733,0.997222222,0.883333333,1,0.134427682,7.613855211,7.603985074,true,none
1784909001.695212841,per_message_full_scan,1024,720,6.265732050,6.265731925,0.997222222,0.875000000,1,0.134083003,7.612031915,7.613389045,true,none
1784909002.695116520,per_message_full_scan,1025,720,6.265732050,6.265731812,0.997222222,0.886111111,1,0.134232938,7.651045200,7.650540306,true,none
1784909003.695086241,per_message_full_scan,1027,720,6.265732050,6.265732007,0.998611111,0.876388889,1,0.118331820,7.721186060,7.752196560,true,none
1784909004.695129871,per_message_full_scan,1024,720,6.265732050,6.265731925,0.997222222,0.887500000,1,0.132772297,7.649961449,7.656367145,true,none
1784909005.695110321,per_message_full_scan,1025,720,6.265732050,6.265731812,0.997222222,0.879166667,1,0.121211685,7.715822441,7.716983241,true,none
1784909006.695219517,per_message_full_scan,1027,720,6.265732050,6.265732007,0.998611111,0.879166667,1,0.132908925,7.614018514,7.618425446,true,none
1784909007.695214033,per_message_full_scan,1030,720,6.265732050,6.265731969,0.998611111,0.888888889,1,0.120954975,7.703759437,7.718610214,true,none
1784909008.695417643,per_message_full_scan,1030,720,6.265732050,6.265731969,0.998611111,0.881944444,1,0.108293518,7.760888257,7.790867066,true,none
1784909009.695175409,per_message_full_scan,1029,720,6.265732050,6.265731884,0.997222222,0.875000000,1,0.126259103,7.687646640,7.695443551,true,none
1784909010.695122480,per_message_full_scan,1021,720,6.265732050,6.265731733,0.997222222,0.875000000,1,0.133493796,24.455532167,7.348259181,true,none
1784909011.700144053,per_message_full_scan,1026,720,6.265732050,6.265731668,0.997222222,0.884722222,1,0.134392500,10.381817620,7.513840529,true,none
1784909012.695182323,per_message_full_scan,1030,720,6.265732050,6.265731969,0.998611111,0.881944444,1,0.130647376,8.183937495,7.583154930,true,none
1784909013.695118904,per_message_full_scan,1020,720,6.265732050,6.265731851,0.997222222,0.873611111,1,0.121934801,7.801229016,7.702440864,true,none
1784909014.695283651,per_message_full_scan,1019,720,6.265732050,6.265731762,0.997222222,0.876388889,1,0.121890247,7.743046756,7.726906759,true,none
1784909015.695124149,per_message_full_scan,1024,720,6.265732050,6.265731925,0.997222222,0.877777778,1,0.134134158,7.631828288,7.628841472,true,none
1784909016.695142746,per_message_full_scan,1020,720,6.265732050,6.265731851,0.997222222,0.881944444,1,0.134222746,7.663497401,7.663585815,true,none
1784909017.695100069,per_message_full_scan,1019,720,6.265732050,6.265731762,0.997222222,0.894444444,1,0.132530779,7.606766776,7.606757530,true,none
1784909018.695157528,per_message_full_scan,1022,720,6.265732050,6.265731920,0.997222222,0.893055556,1,0.134235561,7.610783695,7.610962226,true,none
1784909019.695109129,per_message_full_scan,1019,720,6.265732050,6.265731762,0.997222222,0.877777778,1,0.134300157,7.609895197,7.610539696,true,none
1784909020.695124388,per_message_full_scan,1026,720,6.265732050,6.265731668,0.997222222,0.879166667,1,0.119612910,7.706607367,7.717911155,true,none
1784909021.695133448,per_message_full_scan,1022,720,6.265732050,6.265731920,0.997222222,0.897222222,1,0.134073943,7.604945347,7.607217344,true,none
1784909022.695096970,per_message_full_scan,1020,720,6.265732050,6.265731851,0.997222222,0.897222222,1,0.133777723,7.650327362,7.651723558,true,none
1784909023.695115089,per_message_full_scan,1020,720,6.265732050,6.265731851,0.997222222,0.887500000,1,0.121955402,7.716445359,7.716632445,true,none
1784909024.695276499,per_message_full_scan,1019,720,6.265732050,6.265731762,0.997222222,0.880555556,1,0.122463621,7.658086463,7.631366079,true,none
1784909025.697084665,per_message_full_scan,1030,720,6.265732050,6.265731969,0.998611111,0.890277778,1,0.133058906,7.602824545,7.594041163,true,none
1784909026.695129633,per_message_full_scan,1021,720,6.265732050,6.265731733,0.997222222,0.884722222,1,0.134163812,7.586048529,7.591140845,true,none
1784909027.695127964,per_message_full_scan,1021,720,6.265732050,6.265731733,0.997222222,0.901388889,1,0.132944718,7.604678533,7.606118320,true,none
1784909028.695092678,per_message_full_scan,1019,720,6.265732050,6.265731762,0.997222222,0.879166667,1,0.134132519,7.632520210,7.631971404,true,none
1784909029.695142746,per_message_full_scan,1028,720,6.265732050,6.265731908,0.997222222,0.887500000,1,0.132841736,7.641998550,7.635980310,true,none
1784909030.696660280,per_message_full_scan,1027,720,6.265732050,6.265732007,0.998611111,0.900000000,1,0.132932350,7.601785176,7.602496044,true,none
1784909031.695118666,per_message_full_scan,1021,720,6.265732050,6.265731733,0.997222222,0.895833333,1,0.120402358,7.719326541,7.720966580,true,none
1784909032.695102692,per_message_full_scan,1020,720,6.265732050,6.265731851,0.997222222,0.891666667,1,0.121948086,7.715066430,7.714784091,true,none
1784909033.695119143,per_message_full_scan,1025,720,6.265732050,6.265731812,0.997222222,0.897222222,1,0.121761844,7.722487048,7.723667224,true,none
1784909034.695106745,per_message_full_scan,1021,720,6.265732050,6.265731733,0.997222222,0.904166667,1,0.134018794,7.616858298,7.617270494,true,none
1784909035.695177078,per_message_full_scan,1019,720,6.265732050,6.265731762,0.997222222,0.890277778,1,0.134182930,7.653843673,7.653694900,true,none
1784909036.695109844,per_message_full_scan,1020,720,6.265732050,6.265731851,0.997222222,0.897222222,1,0.133385241,7.658059104,7.657825521,true,none
1784909037.695112228,per_message_full_scan,1022,720,6.265732050,6.265731920,0.997222222,0.898611111,1,0.121048540,7.719987991,7.720803639,true,none
1784909038.695095778,per_message_full_scan,1019,720,6.265732050,6.265731762,0.997222222,0.898611111,1,0.122131139,7.693872770,7.694162983,true,none
1784909039.695212364,per_message_full_scan,1020,720,6.265732050,6.265731851,0.997222222,0.890277778,1,0.122810178,7.668150345,7.650103943,true,none
1784909040.695407391,per_message_full_scan,1026,720,6.265732050,6.265731668,0.997222222,0.897222222,1,0.123945273,7.640602401,7.638589235,true,none
1784909041.695133209,per_message_full_scan,1025,720,6.265732050,6.265731812,0.997222222,0.898611111,1,0.132153913,7.559375822,7.560460373,true,none
1784909042.695123672,per_message_full_scan,1025,720,6.265732050,6.265731812,0.997222222,0.904166667,1,0.133262321,7.636685125,7.637010297,true,none
1784909043.695244551,per_message_full_scan,1025,720,6.265732050,6.265731812,0.997222222,0.905555556,1,0.133795738,7.600312773,7.601079459,true,none
1784909044.697477102,per_message_full_scan,1027,720,6.265732050,6.265732007,0.998611111,0.897222222,1,0.134210989,7.648609672,7.650931480,true,none
1784909045.695171833,per_message_full_scan,1026,720,6.265732050,6.265731668,0.997222222,0.905555556,1,0.131958291,7.634888912,7.633335947,true,none
1784909046.695173979,per_message_full_scan,1025,720,6.265732050,6.265731812,0.997222222,0.890277778,1,0.120790988,7.711887046,7.722189852,true,none
1784909047.695221424,per_message_full_scan,1027,720,6.265732050,6.265732007,0.998611111,0.900000000,1,0.130090892,7.649707256,7.676985284,true,none
1784909048.695083380,per_message_full_scan,1026,720,6.265732050,6.265731668,0.997222222,0.897222222,1,0.129584461,7.607704476,7.612423810,true,none
1784909049.695141554,per_message_full_scan,1025,720,6.265732050,6.265731812,0.997222222,0.898611111,1,0.134247899,7.646428014,7.647914194,true,none
1784909050.695144415,per_message_full_scan,1024,720,6.265732050,6.265731925,0.997222222,0.897222222,1,0.121028483,7.694266715,7.695008677,true,none
1784909051.695163488,per_message_full_scan,1026,720,6.265732050,6.265731668,0.997222222,0.877777778,1,0.133531496,7.675865487,7.676025263,true,none
1784909052.695169210,per_message_full_scan,1019,720,6.265732050,6.265731762,0.997222222,0.876388889,1,0.134437352,7.656668712,7.654477034,true,none
1784909053.695108891,per_message_full_scan,1019,720,6.265732050,6.265731762,0.997222222,0.886111111,1,0.134211436,7.685428958,7.685941582,true,none
1784909054.695115089,per_message_full_scan,1017,720,6.265732050,6.265731774,0.997222222,0.891666667,1,0.120828159,7.734990105,7.735644355,true,none
1784909055.695186853,per_message_full_scan,1019,720,6.265732050,6.265731762,0.997222222,0.895833333,1,0.121826038,7.673237365,7.673247454,true,none
1784909056.695139408,per_message_full_scan,1019,720,6.265732050,6.265731762,0.997222222,0.886111111,1,0.134197816,7.689638742,7.689957389,true,none
1784909057.695263147,per_message_full_scan,1018,720,6.265732050,6.265731907,0.997222222,0.891666667,1,0.121672787,7.754984713,7.755363154,true,none
1784909058.695199013,per_message_full_scan,1020,720,6.265732050,6.265731851,0.997222222,0.893055556,1,0.121878088,7.750953077,7.750286410,true,none
1784909059.695140362,per_message_full_scan,1018,720,6.265732050,6.265731907,0.997222222,0.905555556,1,0.121952213,7.732076089,7.724265726,true,none
1784909060.695188284,per_message_full_scan,1018,720,6.265732050,6.265731907,0.997222222,0.906944444,1,0.133968160,7.615616747,7.615607657,true,none
1784909061.695160627,per_message_full_scan,1020,720,6.265732050,6.265731851,0.997222222,0.891666667,1,0.121798918,7.761125403,7.761236069,true,none
1784909062.695147514,per_message_full_scan,1019,720,6.265732050,6.265731762,0.997222222,0.890277778,1,0.121754743,7.753109175,7.753126601,true,none
1784909063.695157766,per_message_full_scan,1019,720,6.265732050,6.265731762,0.997222222,0.893055556,1,0.133885965,7.630979620,7.631268181,true,none
1784909064.695132732,per_message_full_scan,1020,720,6.265732050,6.265731851,0.997222222,0.891666667,1,0.134452611,7.591176309,7.590061351,true,none
1784909065.695163965,per_message_full_scan,1018,720,6.265732050,6.265731907,0.997222222,0.893055556,1,0.121770553,7.760339343,7.746814380,true,none
1784909066.695300817,per_message_full_scan,1018,720,6.265732050,6.265731907,0.997222222,0.890277778,1,0.134229124,7.634240301,7.634753683,true,none
1784909067.695176363,per_message_full_scan,1020,720,6.265732050,6.265731851,0.997222222,0.898611111,1,0.133374348,7.596168853,7.591582018,true,none
1784909068.695207596,per_message_full_scan,1020,720,6.265732050,6.265731851,0.997222222,0.886111111,1,0.121945754,7.761554418,7.760633350,true,none
1784909069.695219517,per_message_full_scan,1018,720,6.265732050,6.265731907,0.997222222,0.897222222,1,0.134255052,7.660552369,7.661936769,true,none
1784909070.695137501,per_message_full_scan,1018,720,6.265732050,6.265731907,0.997222222,0.879166667,1,0.134004533,7.633801456,7.633608999,true,none
1784909071.695105076,per_message_full_scan,1019,720,6.265732050,6.265731762,0.997222222,0.895833333,1,0.134249941,7.614039388,7.614136937,true,none
1784909072.695148706,per_message_full_scan,1017,720,6.265732050,6.265731774,0.997222222,0.897222222,1,0.134043619,7.630249844,7.630169197,true,none
1784909073.695145845,per_message_full_scan,1019,720,6.265732050,6.265731762,0.997222222,0.895833333,1,0.133787021,7.635619164,7.635427186,true,none
1784909074.695174932,per_message_full_scan,1017,720,6.265732050,6.265731774,0.997222222,0.894444444,1,0.131580457,7.625584273,7.625148115,true,none
1784909075.695199728,per_message_full_scan,1019,720,6.265732050,6.265731762,0.997222222,0.894444444,1,0.133321539,7.665754329,7.665685985,true,none
1784909076.695725918,per_message_full_scan,1020,720,6.265732050,6.265731851,0.997222222,0.895833333,1,0.134147614,7.636893854,7.628364084,true,none
1784909077.695156574,per_message_full_scan,1018,720,6.265732050,6.265731907,0.997222222,0.890277778,1,0.134144112,7.611414174,7.611511485,true,none
1784909078.695138931,per_message_full_scan,1018,720,6.265732050,6.265731907,0.997222222,0.898611111,1,0.134008959,7.664632881,7.665338955,true,none
1784909079.695165396,per_message_full_scan,1020,720,6.265732050,6.265731851,0.997222222,0.888888889,1,0.134004369,7.631202627,7.631132652,true,none
1784909080.695164680,per_message_full_scan,1018,720,6.265732050,6.265731907,0.997222222,0.904166667,1,0.134020865,7.626993181,7.627357568,true,none
1784909081.695271730,per_message_full_scan,1017,720,6.265732050,6.265731774,0.997222222,0.897222222,1,0.133392215,7.667939478,7.666752758,true,none
1784909082.695140600,per_message_full_scan,1019,720,6.265732050,6.265731762,0.997222222,0.891666667,1,0.134230837,7.632125575,7.631906560,true,none
1784909083.695154428,per_message_full_scan,1018,720,6.265732050,6.265731907,0.997222222,0.911111111,1,0.121697806,7.760624224,7.760255593,true,none
1784909084.695188522,per_message_full_scan,1018,720,6.265732050,6.265731907,0.997222222,0.898611111,1,0.133911148,7.657008051,7.655588444,true,none
1784909085.696095228,per_message_full_scan,1020,720,6.265732050,6.265731851,0.997222222,0.901388889,1,0.134246230,7.631169372,7.631376853,true,none
1784909086.695164442,per_message_full_scan,1019,720,6.265732050,6.265731762,0.997222222,0.894444444,1,0.134146631,7.612954588,7.612983051,true,none
1784909087.695432901,per_message_full_scan,1020,720,6.265732050,6.265731851,0.997222222,0.894444444,1,0.134102553,7.662866935,7.662656762,true,none
1784909088.695168018,per_message_full_scan,1020,720,6.265732050,6.265731851,0.997222222,0.897222222,1,0.133806333,7.629136606,7.631457228,true,none
1784909089.695214748,per_message_full_scan,1020,720,6.265732050,6.265731851,0.997222222,0.894444444,1,0.134087086,7.627883786,7.627932855,true,none
1784909090.695143223,per_message_full_scan,1019,720,6.265732050,6.265731762,0.997222222,0.890277778,1,0.121800631,7.761810230,7.761998602,true,none
1784909091.695203781,per_message_full_scan,1018,720,6.265732050,6.265731907,0.997222222,0.906944444,1,0.134138763,7.656873394,7.657672108,true,none
1784909092.695140123,per_message_full_scan,1019,720,6.265732050,6.265731762,0.997222222,0.895833333,1,0.134172335,7.635116538,7.635907919,true,none
1784909093.695137739,per_message_full_scan,1018,720,6.265732050,6.265731907,0.997222222,0.895833333,1,0.133982033,7.668819931,7.668980698,true,none
1784909094.695153236,per_message_full_scan,1019,720,6.265732050,6.265731762,0.997222222,0.902777778,1,0.134185389,7.660658437,7.660241114,true,none
1784909095.695139885,per_message_full_scan,1019,720,6.265732050,6.265731762,0.997222222,0.915277778,1,0.134123310,7.634671974,7.635047331,true,none
1784909096.695171356,per_message_full_scan,1017,720,6.265732050,6.265731774,0.997222222,0.904166667,1,0.134204775,7.683702019,7.684310936,true,none
1784909097.695185423,per_message_full_scan,1021,720,6.265732050,6.265731733,0.997222222,0.895833333,1,0.134018511,7.666983595,7.667551713,true,none
1784909098.695186615,per_message_full_scan,1027,720,6.265732050,6.265732007,0.998611111,0.906944444,1,0.122081943,7.693906794,7.693485622,true,none
1784909099.695194006,per_message_full_scan,1026,720,6.265732050,6.265731668,0.997222222,0.909722222,1,0.133705020,7.642785773,7.643237185,true,none
1784909100.697003365,per_message_full_scan,1020,720,6.265732050,6.265731851,0.997222222,0.890277778,1,0.121403784,7.699989104,7.700971986,true,none
1784909101.695177794,per_message_full_scan,1018,720,6.265732050,6.265731907,0.997222222,0.894444444,1,0.121785752,7.743127158,7.742547964,true,none
1784909102.695135832,per_message_full_scan,1021,720,6.265732050,6.265731733,0.997222222,0.895833333,1,0.133586153,7.630241867,7.630480969,true,none
1784909103.696404934,per_message_full_scan,1019,720,6.265732050,6.265731762,0.997222222,0.901388889,1,0.133976817,7.623489277,7.623428040,true,none
1784909104.695128679,per_message_full_scan,1024,720,6.265732050,6.265731925,0.997222222,0.909722222,1,0.134091154,7.653871273,7.653575306,true,none
1784909105.695199490,per_message_full_scan,1024,720,6.265732050,6.265731925,0.997222222,0.887500000,1,0.122944638,7.628942837,7.585317982,true,none
1784909106.695109606,per_message_full_scan,1025,720,6.265732050,6.265731812,0.997222222,0.895833333,1,0.134246901,7.611976734,7.615764052,true,none
1784909107.695173264,per_message_full_scan,1021,720,6.265732050,6.265731733,0.997222222,0.898611111,1,0.133363470,7.670496306,7.675879422,true,none
1784909108.696244478,per_message_full_scan,1025,720,6.265732050,6.265731812,0.997222222,0.897222222,1,0.118997671,7.731715782,7.718596168,true,none
1784909109.696394205,per_message_full_scan,1026,720,6.265732050,6.265731668,0.997222222,0.901388889,1,0.133627743,7.592754499,7.587369331,true,none
1784909110.695264816,per_message_full_scan,1023,720,6.265732050,6.265731973,0.998611111,0.887500000,1,0.133089885,7.660010197,7.662027639,true,none
1784909111.702203035,per_message_full_scan,1020,720,6.265732050,6.265731851,0.997222222,0.905555556,1,0.121929146,7.752509628,7.765874382,true,none
1784909112.695162535,per_message_full_scan,1020,720,6.265732050,6.265731851,0.997222222,0.881944444,1,0.134069011,7.604944790,7.608098488,true,none
1784909113.696684122,per_message_full_scan,1022,720,6.265732050,6.265731920,0.997222222,0.887500000,1,0.133857787,7.664895961,7.666893818,true,none
1784909114.695647717,per_message_full_scan,1025,720,6.265732050,6.265731812,0.997222222,0.897222222,1,0.120827153,7.674869458,7.667606443,true,none
1784909115.879915476,per_message_full_scan,1022,720,6.265732050,6.265731920,0.997222222,0.881944444,1,0.134186342,7.675731471,7.724921425,false,STALE_INPUT:none
1784909116.695381641,per_message_full_scan,1022,720,6.265732050,6.265731920,0.997222222,0.876388889,1,0.132934019,8.691671644,7.360128629,true,none
1784909117.695170879,per_message_full_scan,1018,720,6.265732050,6.265731907,0.997222222,0.887500000,1,0.134131521,7.852252796,7.629005819,true,none
1784909118.695089340,per_message_full_scan,1025,720,6.265732050,6.265731812,0.997222222,0.904166667,1,0.121098079,7.745604683,7.708227611,true,none
1784909119.695170403,per_message_full_scan,1019,720,6.265732050,6.265731762,0.997222222,0.898611111,1,0.133813903,7.629357461,7.621345886,true,none
1784909120.699386120,per_message_full_scan,1022,720,6.265732050,6.265731920,0.997222222,0.911111111,1,0.130074486,7.568505002,7.579853145,true,none
1784909121.695582151,per_message_full_scan,1020,720,6.265732050,6.265731851,0.997222222,0.897222222,1,0.134102866,7.661810937,7.664171915,true,none
1784909122.695142031,per_message_full_scan,1025,720,6.265732050,6.265731812,0.997222222,0.895833333,1,0.122003637,7.707446002,7.708611608,true,none
1784909123.698171377,per_message_full_scan,1027,720,6.265732050,6.265732007,0.998611111,0.898611111,1,0.133095413,7.608234724,7.598996447,true,none
1784909124.697751999,per_message_full_scan,1024,720,6.265732050,6.265731925,0.997222222,0.897222222,1,0.136483595,7.610710271,7.612378588,true,none
1784909125.695254803,per_message_full_scan,1028,720,6.265732050,6.265731908,0.997222222,0.897222222,1,0.130055949,7.686273586,7.690329250,true,none
1784909126.696010351,per_message_full_scan,1019,720,6.265732050,6.265731762,0.997222222,0.901388889,1,0.134246826,7.685339118,7.684929333,true,none
1784909127.695111990,per_message_full_scan,1024,720,6.265732050,6.265731925,0.997222222,0.909722222,1,0.133627862,7.686477519,7.697535134,true,none
1784909128.696721077,per_message_full_scan,1027,720,6.265732050,6.265732007,0.998611111,0.883333333,1,0.127898812,7.566098006,7.568285441,true,none
1784909129.700128317,per_message_full_scan,1028,720,6.265732050,6.265731908,0.997222222,0.890277778,1,0.107879519,7.832128690,7.912987360,true,none
1784909130.697077274,per_message_full_scan,1035,720,6.265732050,6.265731889,0.997222222,0.879166667,1,0.131920800,7.656999901,7.677487653,true,none
1784909131.695128202,per_message_full_scan,1032,720,6.265732050,6.265731648,0.997222222,0.887500000,1,0.136055082,7.550911485,7.559132321,true,none
1784909132.695127487,per_message_full_scan,1019,720,6.265732050,6.265731762,0.997222222,0.881944444,1,0.121372990,7.695328981,7.697269205,true,none
1784909133.695526838,per_message_full_scan,1026,720,6.265732050,6.265731668,0.997222222,0.893055556,1,0.133711427,7.641569042,7.643622526,true,none
1784909134.695132017,per_message_full_scan,1019,720,6.265732050,6.265731762,0.997222222,0.876388889,1,0.134311780,7.649870418,7.651622565,true,none
1784909135.695795059,per_message_full_scan,1026,720,6.265732050,6.265731668,0.997222222,0.883333333,1,0.133716702,7.683950523,7.683636115,true,none
1784909136.695122004,per_message_full_scan,1019,720,6.265732050,6.265731762,0.997222222,0.881944444,1,0.134128854,7.610846176,7.611447915,true,none
1784909137.695580721,per_message_full_scan,1025,720,6.265732050,6.265731812,0.997222222,0.891666667,1,0.134110138,7.619188167,7.619759842,true,none
1784909138.695626497,per_message_full_scan,1025,720,6.265732050,6.265731812,0.997222222,0.881944444,1,0.119849049,7.684160234,7.684861623,true,none
1784909139.696065903,per_message_full_scan,1024,720,6.265732050,6.265731925,0.997222222,0.887500000,1,0.134198934,7.674293087,7.680660074,true,none
1784909140.696983576,per_message_full_scan,1025,720,6.265732050,6.265731812,0.997222222,0.880555556,1,0.121046923,7.712915643,7.714269510,true,none
1784909141.696195364,per_message_full_scan,1024,720,6.265732050,6.265731925,0.997222222,0.887500000,1,0.136009812,7.628382910,7.627045477,true,none
1784909142.695090532,per_message_full_scan,1022,720,6.265732050,6.265731920,0.997222222,0.894444444,1,0.121854387,7.724168149,7.725292228,true,none
1784909143.696162701,per_message_full_scan,1023,720,6.265732050,6.265731973,0.998611111,0.873611111,1,0.119637638,7.723026825,7.723099084,true,none
1784909144.695157051,per_message_full_scan,1028,720,6.265732050,6.265731908,0.997222222,0.888888889,1,0.123058952,7.621117416,7.620989289,true,none
1784909145.701316357,per_message_full_scan,1027,720,6.265732050,6.265732007,0.998611111,0.894444444,1,0.133428365,7.628762554,7.600444956,true,none
1784909146.697367191,per_message_full_scan,1027,720,6.265732050,6.265732007,0.998611111,0.887500000,1,0.131493747,7.513203312,7.531544428,true,none
1784909147.695330620,per_message_full_scan,1024,720,6.265732050,6.265731925,0.997222222,0.890277778,1,0.121826664,7.722878569,7.729691750,true,none
1784909148.695169210,per_message_full_scan,1023,720,6.265732050,6.265731973,0.998611111,0.891666667,1,0.131857291,7.605836315,7.615343836,true,none
1784909149.695119619,per_message_full_scan,1019,720,6.265732050,6.265731762,0.997222222,0.880555556,1,0.134194776,7.664271979,7.666142715,true,none
1784909150.695296288,per_message_full_scan,1016,720,6.265732050,6.265731803,0.997222222,0.884722222,1,0.134442106,7.657121842,7.655866958,true,none
1784909151.699058771,per_message_full_scan,1024,720,6.265732050,6.265731925,0.997222222,0.887500000,1,0.132777125,7.668886238,7.668858273,true,none
1784909152.695113659,per_message_full_scan,1019,720,6.265732050,6.265731762,0.997222222,0.886111111,1,0.121767431,7.763177541,7.769520599,true,none
1784909153.695734024,per_message_full_scan,1026,720,6.265732050,6.265731668,0.997222222,0.873611111,1,0.116723113,7.742850739,7.750149956,true,none
1784909154.695072174,per_message_full_scan,1023,720,6.265732050,6.265731973,0.998611111,0.875000000,1,0.133000925,7.621677818,7.623681609,true,none
1784909155.695127487,per_message_full_scan,1019,720,6.265732050,6.265731762,0.997222222,0.886111111,1,0.135894015,7.665223456,7.664734925,true,none
1784909156.695144415,per_message_full_scan,1021,720,6.265732050,6.265731733,0.997222222,0.883333333,1,0.121789336,7.715868347,7.716261822,true,none
1784909157.696236610,per_message_full_scan,1019,720,6.265732050,6.265731762,0.997222222,0.870833333,1,0.121541299,7.724259694,7.723745030,true,none
1784909158.695141554,per_message_full_scan,1019,720,6.265732050,6.265731762,0.997222222,0.888888889,1,0.122054540,7.758647620,7.759106109,true,none
1784909159.695226431,per_message_full_scan,1019,720,6.265732050,6.265731762,0.997222222,0.894444444,1,0.121912241,7.745286636,7.756955785,true,none
1784909160.695233107,per_message_full_scan,1022,720,6.265732050,6.265731920,0.997222222,0.891666667,1,0.121907227,7.744643234,7.746815177,true,none
1784909161.695225954,per_message_full_scan,1023,720,6.265732050,6.265731973,0.998611111,0.883333333,1,0.133345053,7.616846538,7.619299586,true,none
1784909162.695379734,per_message_full_scan,1026,720,6.265732050,6.265731668,0.997222222,0.904166667,1,0.120944142,7.678713688,7.678309743,true,none
1784909163.695136070,per_message_full_scan,1023,720,6.265732050,6.265731973,0.998611111,0.897222222,1,0.121720552,7.722610283,7.767761341,true,none
1784909164.697743177,per_message_full_scan,1019,720,6.265732050,6.265731762,0.997222222,0.909722222,1,0.134176150,7.648330834,7.657888479,true,none
1784909165.702872753,per_message_full_scan,1027,720,6.265732050,6.265732007,0.998611111,0.905555556,1,0.130580962,7.639547045,7.642826822,true,none
1784909166.695127726,per_message_full_scan,1023,720,6.265732050,6.265731973,0.998611111,0.900000000,1,0.134166017,32.659343680,7.023398911,true,none
1784909167.696018219,per_message_full_scan,1019,720,6.265732050,6.265731762,0.997222222,0.901388889,1,0.131447151,11.789876648,7.469739921,true,none
1784909168.695127726,per_message_full_scan,1017,720,6.265732050,6.265731774,0.997222222,0.911111111,1,0.133965850,8.371951793,7.652212629,true,none
1784909169.695113897,per_message_full_scan,1026,720,6.265732050,6.265731668,0.997222222,0.902777778,1,0.114526011,7.893238197,7.746780013,true,none
1784909170.695136786,per_message_full_scan,1027,720,6.265732050,6.265732007,0.998611111,0.905555556,1,0.133321717,7.613295395,7.561080365,true,none
1784909171.695177078,per_message_full_scan,1023,720,6.265732050,6.265731973,0.998611111,0.898611111,1,0.134151205,7.686088977,7.697307343,true,none
1784909172.695852995,per_message_full_scan,1019,720,6.265732050,6.265731762,0.997222222,0.904166667,1,0.134120777,7.622176890,7.645053957,true,none
1784909173.702183962,per_message_full_scan,1023,720,6.265732050,6.265731973,0.998611111,0.890277778,1,0.131863132,7.621450366,7.626137542,true,none
1784909174.708474398,per_message_full_scan,1023,720,6.265732050,6.265731973,0.998611111,0.893055556,1,0.121484526,7.518615650,7.473422124,true,none
1784909175.703254700,per_message_full_scan,1027,720,6.265732050,6.265732007,0.998611111,0.897222222,1,0.119870111,7.719395951,7.732033523,true,none
1784909176.696664095,per_message_full_scan,1023,720,6.265732050,6.265731973,0.998611111,0.900000000,1,0.133871451,7.616931831,7.620466705,true,none
1784909177.695149422,per_message_full_scan,1024,720,6.265732050,6.265731925,0.997222222,0.894444444,1,0.132994726,7.648233899,7.648903520,true,none
1784909178.696124554,per_message_full_scan,1025,720,6.265732050,6.265731812,0.997222222,0.900000000,1,0.135017782,7.595072235,7.595485324,true,none
1784909179.695129633,per_message_full_scan,1024,720,6.265732050,6.265731925,0.997222222,0.894444444,1,0.134118840,7.659422172,7.659699941,true,none
1784909180.695194483,per_message_full_scan,1025,720,6.265732050,6.265731812,0.997222222,0.887500000,1,0.134286270,7.600028933,7.600635172,true,none
1784909181.696331024,per_message_full_scan,1025,720,6.265732050,6.265731812,0.997222222,0.888888889,1,0.133551776,7.633632519,7.636841574,true,none
1784909182.695108414,per_message_full_scan,1027,720,6.265732050,6.265732007,0.998611111,0.901388889,1,0.133593246,7.650827334,7.712503892,true,none
1784909183.696300745,per_message_full_scan,1026,720,6.265732050,6.265731668,0.997222222,0.909722222,1,0.135472804,7.576754067,7.608855632,true,none
1784909184.695379019,per_message_full_scan,1027,720,6.265732050,6.265732007,0.998611111,0.904166667,1,0.129524708,7.632200588,7.647771831,true,none
1784909185.695110559,per_message_full_scan,1019,720,6.265732050,6.265731762,0.997222222,0.912500000,1,0.122065648,7.714142188,7.717120421,true,none
1784909186.710329294,per_message_full_scan,1026,720,6.265732050,6.265731668,0.997222222,0.911111111,1,0.132873133,7.407410581,7.367603822,true,none
1784909187.695836306,per_message_full_scan,1027,720,6.265732050,6.265732007,0.998611111,0.900000000,1,0.134204552,7.574898313,7.593429532,true,none
1784909188.695168018,per_message_full_scan,1022,720,6.265732050,6.265731920,0.997222222,0.902777778,1,0.121814035,7.721405988,7.731037444,true,none
1784909189.695100069,per_message_full_scan,1024,720,6.265732050,6.265731925,0.997222222,0.901388889,1,0.127392814,7.613611704,7.615588456,true,none
1784909190.695994854,per_message_full_scan,1024,720,6.265732050,6.265731925,0.997222222,0.902777778,1,0.134060472,7.620174813,7.619976663,true,none
1784909191.695218086,per_message_full_scan,1021,720,6.265732050,6.265731733,0.997222222,0.906944444,1,0.120704561,7.705706844,7.686824278,true,none
1784909192.695131540,per_message_full_scan,1019,720,6.265732050,6.265731762,0.997222222,0.906944444,1,0.122033656,7.716684291,7.716472972,true,none
1784909193.695479155,per_message_full_scan,1026,720,6.265732050,6.265731668,0.997222222,0.888888889,1,0.119079627,7.722436117,7.722283677,true,none
1784909194.695108414,per_message_full_scan,1021,720,6.265732050,6.265731733,0.997222222,0.887500000,1,0.134152219,7.661944593,7.662832649,true,none
1784909195.696626663,per_message_full_scan,1022,720,6.265732050,6.265731920,0.997222222,0.909722222,1,0.132739767,7.673671026,7.670112029,true,none
1784909196.695134163,per_message_full_scan,1025,720,6.265732050,6.265731812,0.997222222,0.913888889,1,0.122235991,7.677936027,7.678137587,true,none
1784909197.695153236,per_message_full_scan,1026,720,6.265732050,6.265731668,0.997222222,0.913888889,1,0.134076983,7.648893790,7.666439215,true,none
1784909198.696039438,per_message_full_scan,1025,720,6.265732050,6.265731812,0.997222222,0.901388889,1,0.134188592,7.565206561,7.567564275,true,none
1784909199.695191622,per_message_full_scan,1025,720,6.265732050,6.265731812,0.997222222,0.900000000,1,0.122108966,7.701371274,7.701726021,true,none
1784909200.697307825,per_message_full_scan,1025,720,6.265732050,6.265731812,0.997222222,0.890277778,1,0.133378312,7.567939613,7.568213196,true,none
1784909201.715165138,per_message_full_scan,1025,720,6.265732050,6.265731812,0.997222222,0.890277778,1,0.133404240,7.662033937,7.662924223,true,none
1784909202.702223301,per_message_full_scan,1019,720,6.265732050,6.265731762,0.997222222,0.904166667,1,0.134283230,7.611184658,7.625907280,true,none
1784909203.695173740,per_message_full_scan,1020,720,6.265732050,6.265731851,0.997222222,0.906944444,1,0.132259309,7.630931311,7.634762725,true,none
1784909204.695209980,per_message_full_scan,1021,720,6.265732050,6.265731733,0.997222222,0.904166667,1,0.133022740,7.603216757,7.604003244,true,none
1784909205.695126295,per_message_full_scan,1026,720,6.265732050,6.265731668,0.997222222,0.900000000,1,0.120319106,7.716835222,7.791509152,true,none
1784909206.695156336,per_message_full_scan,1019,720,6.265732050,6.265731762,0.997222222,0.902777778,1,0.134114370,7.606581039,7.621174012,true,none
1784909207.699945211,per_message_full_scan,1028,720,6.265732050,6.265731908,0.997222222,0.897222222,1,0.124809176,7.622328256,7.629777971,true,none
1784909208.695175886,per_message_full_scan,1026,720,6.265732050,6.265731668,0.997222222,0.898611111,1,0.112733975,13.141874528,7.441506340,true,none
1784909209.695101738,per_message_full_scan,1020,720,6.265732050,6.265731851,0.997222222,0.911111111,1,0.134047031,8.512766805,7.556498404,true,none
1784909210.695150375,per_message_full_scan,1023,720,6.265732050,6.265731973,0.998611111,0.919444444,1,0.113886438,7.935556676,7.802647604,true,none
1784909211.695142746,per_message_full_scan,1028,720,6.265732050,6.265731908,0.997222222,0.901388889,1,0.122954592,7.682889438,7.663492727,true,none
1784909212.699364185,per_message_full_scan,1021,720,6.265732050,6.265731733,0.997222222,0.911111111,1,0.134433776,7.596262723,7.594707980,true,none
1784909213.695116282,per_message_full_scan,1021,720,6.265732050,6.265731733,0.997222222,0.908333333,1,0.122251049,7.710402289,7.716883510,true,none
1784909214.695132971,per_message_full_scan,1019,720,6.265732050,6.265731762,0.997222222,0.916666667,1,0.122294158,7.729221665,7.730866990,true,none
1784909215.695124388,per_message_full_scan,1021,720,6.265732050,6.265731733,0.997222222,0.904166667,1,0.129411936,7.689814474,7.697426422,true,none
1784909216.695221663,per_message_full_scan,1019,720,6.265732050,6.265731762,0.997222222,0.909722222,1,0.133141831,7.658622601,7.659621421,false,STALE_INPUT:none
1784909217.695204020,per_message_full_scan,1019,720,6.265732050,6.265731762,0.997222222,0.913888889,1,0.121924788,7.592060439,7.594195416,true,none
1784909218.695887566,per_message_full_scan,1018,720,6.265732050,6.265731907,0.997222222,0.913888889,1,0.121275373,7.712856693,7.713811643,true,none
1784909219.695130587,per_message_full_scan,1017,720,6.265732050,6.265731774,0.997222222,0.905555556,1,0.134437069,7.679257754,7.676304245,true,none
1784909220.695554018,per_message_full_scan,1020,720,6.265732050,6.265731851,0.997222222,0.894444444,1,0.121839397,7.754622222,7.754816814,true,none
1784909221.695082903,per_message_full_scan,1019,720,6.265732050,6.265731762,0.997222222,0.906944444,1,0.121009298,7.734861517,7.735640492,true,none
1784909222.695105553,per_message_full_scan,1020,720,6.265732050,6.265731851,0.997222222,0.911111111,1,0.133919522,7.692071461,7.692922221,true,none
1784909223.695100784,per_message_full_scan,1020,720,6.265732050,6.265731851,0.997222222,0.904166667,1,0.122037396,7.765787785,7.765197983,true,none
1784909224.695089817,per_message_full_scan,1018,720,6.265732050,6.265731907,0.997222222,0.912500000,1,0.121894926,7.730160585,7.730604488,true,none
1784909225.695125818,per_message_full_scan,1018,720,6.265732050,6.265731907,0.997222222,0.901388889,1,0.131858781,7.700091440,7.704222767,true,none
1784909226.695122004,per_message_full_scan,1019,720,6.265732050,6.265731762,0.997222222,0.898611111,1,0.117520928,7.741935721,7.743274077,true,none
1784909227.695123196,per_message_full_scan,1018,720,6.265732050,6.265731907,0.997222222,0.859722222,1,0.121846095,7.732357014,7.733282288,true,none
1784909228.695138216,per_message_full_scan,1020,720,6.265732050,6.265731851,0.997222222,0.906944444,1,0.121631384,7.723896916,7.724525792,true,none
1784909229.697008371,per_message_full_scan,1020,720,6.265732050,6.265731851,0.997222222,0.908333333,1,0.121001549,7.725353086,7.728923562,true,none
1784909230.696002960,per_message_full_scan,1018,720,6.265732050,6.265731907,0.997222222,0.909722222,1,0.120882347,7.737914951,7.739095861,true,none
1784909231.695122480,per_message_full_scan,1017,720,6.265732050,6.265731774,0.997222222,0.873611111,1,0.121739313,7.737027799,7.734786467,true,none
1784909232.695127487,per_message_full_scan,1019,720,6.265732050,6.265731762,0.997222222,0.884722222,1,0.117736258,7.776895537,7.780556392,true,none
1784909233.695126295,per_message_full_scan,1018,720,6.265732050,6.265731907,0.997222222,0.891666667,1,0.121955276,7.738575510,7.740077283,true,none
1784909234.695253134,per_message_full_scan,1017,720,6.265732050,6.265731774,0.997222222,0.891666667,1,0.122001253,7.730242885,7.730269031,true,none
1784909235.695115089,per_message_full_scan,1019,720,6.265732050,6.265731762,0.997222222,0.895833333,1,0.120245285,7.775502345,7.782699138,true,none
1784909236.695187569,per_message_full_scan,1018,720,6.265732050,6.265731907,0.997222222,0.906944444,1,0.121740438,7.759114329,7.761370499,true,none
1784909237.695140839,per_message_full_scan,1018,720,6.265732050,6.265731907,0.997222222,0.893055556,1,0.121901751,7.726005360,7.726135684,true,none
1784909238.695145130,per_message_full_scan,1018,720,6.265732050,6.265731907,0.997222222,0.898611111,1,0.121034712,7.766998572,7.766625196,true,none
1784909239.695304155,per_message_full_scan,1019,720,6.265732050,6.265731762,0.997222222,0.901388889,1,0.121896803,7.722269392,7.696210500,true,none
1784909240.695116043,per_message_full_scan,1017,720,6.265732050,6.265731774,0.997222222,0.894444444,1,0.121921383,7.719105491,7.718614694,true,none
1784909241.695155621,per_message_full_scan,1019,720,6.265732050,6.265731762,0.997222222,0.891666667,1,0.121359952,7.763106177,7.768285648,true,none
1784909242.695187569,per_message_full_scan,1018,720,6.265732050,6.265731907,0.997222222,0.879166667,1,0.122016899,7.734509700,7.735209859,true,none
1784909243.695130110,per_message_full_scan,1019,720,6.265732050,6.265731762,0.997222222,0.895833333,1,0.120786741,7.720799098,7.721582619,true,none
1784909244.695125580,per_message_full_scan,1021,720,6.265732050,6.265731733,0.997222222,0.905555556,1,0.134223521,7.611466676,7.611852393,true,none
1784909245.695230961,per_message_full_scan,1018,720,6.265732050,6.265731907,0.997222222,0.890277778,1,0.121008426,7.741691438,7.742279217,true,none
1784909246.695101738,per_message_full_scan,1020,720,6.265732050,6.265731851,0.997222222,0.897222222,1,0.119429924,7.772511928,7.772632447,true,none
1784909247.695119381,per_message_full_scan,1020,720,6.265732050,6.265731851,0.997222222,0.901388889,1,0.134159535,7.635909111,7.636116169,true,none
1784909248.695146561,per_message_full_scan,1020,720,6.265732050,6.265731851,0.997222222,0.893055556,1,0.134068385,7.617707467,7.619267774,true,none
1784909249.695122242,per_message_full_scan,1019,720,6.265732050,6.265731762,0.997222222,0.883333333,1,0.133275717,7.612889065,7.613799604,true,none
1784909250.695145130,per_message_full_scan,1019,720,6.265732050,6.265731762,0.997222222,0.886111111,1,0.134027705,7.670015320,7.670564789,true,none
1784909251.695109606,per_message_full_scan,1020,720,6.265732050,6.265731851,0.997222222,0.901388889,1,0.129769534,7.655005498,7.655554523,true,none
1784909252.695552588,per_message_full_scan,1018,720,6.265732050,6.265731907,0.997222222,0.873611111,1,0.134122699,7.629399898,7.629508907,true,none
1784909253.695139647,per_message_full_scan,1020,720,6.265732050,6.265731851,0.997222222,0.891666667,1,0.134469092,7.664597833,7.665114908,true,none
1784909254.695615053,per_message_full_scan,1017,720,6.265732050,6.265731774,0.997222222,0.873611111,1,0.134277716,7.651684324,7.642638211,true,none
1784909255.695173740,per_message_full_scan,1018,720,6.265732050,6.265731907,0.997222222,0.881944444,1,0.133960545,7.635628965,7.636620766,true,none
1784909256.695123672,per_message_full_scan,1018,720,6.265732050,6.265731907,0.997222222,0.886111111,1,0.132957309,7.672346489,7.672220787,true,none
1784909257.696379900,per_message_full_scan,1017,720,6.265732050,6.265731774,0.997222222,0.890277778,1,0.133755535,7.650359446,7.642550177,true,none
1784909258.695099592,per_message_full_scan,1018,720,6.265732050,6.265731907,0.997222222,0.861111111,1,0.134226441,7.631189526,7.631801847,true,none
1784909259.695114851,per_message_full_scan,1019,720,6.265732050,6.265731762,0.997222222,0.880555556,1,0.134403497,7.667188290,7.666942623,true,none
1784909260.695103407,per_message_full_scan,1019,720,6.265732050,6.265731762,0.997222222,0.875000000,1,0.134029448,7.666906127,7.667687256,true,none
1784909261.695216417,per_message_full_scan,1019,720,6.265732050,6.265731762,0.997222222,0.898611111,1,0.133980200,7.657484956,7.657821455,true,none
1784909262.695108652,per_message_full_scan,1017,720,6.265732050,6.265731774,0.997222222,0.869444444,1,0.122791089,7.716821459,7.716732182,true,none
1784909263.695123911,per_message_full_scan,1020,720,6.265732050,6.265731851,0.997222222,0.881944444,1,0.121282622,7.719285178,7.719209448,true,none
1784909264.695483923,per_message_full_scan,1017,720,6.265732050,6.265731774,0.997222222,0.904166667,1,0.134036094,7.692586161,7.692249548,true,none
1784909265.695130110,per_message_full_scan,1015,720,6.265732050,6.265731957,0.997222222,0.893055556,1,0.134129435,7.708517892,7.711331747,true,none
1784909266.695217371,per_message_full_scan,1019,720,6.265732050,6.265731762,0.997222222,0.880555556,1,0.134015396,7.675766652,7.676866824,true,none
1784909267.695145369,per_message_full_scan,1019,720,6.265732050,6.265731762,0.997222222,0.893055556,1,0.133770078,7.632800268,7.634181520,true,none
1784909268.695816755,per_message_full_scan,1019,720,6.265732050,6.265731762,0.997222222,0.875000000,1,0.121849142,7.762677881,7.763102273,true,none
1784909269.695137262,per_message_full_scan,1019,720,6.265732050,6.265731762,0.997222222,0.886111111,1,0.133289710,7.632572764,7.632711956,true,none
1784909270.695087910,per_message_full_scan,1019,720,6.265732050,6.265731762,0.997222222,0.891666667,1,0.134360567,7.612750561,7.612232881,true,none
1784909271.695238590,per_message_full_scan,1021,720,6.265732050,6.265731733,0.997222222,0.898611111,1,0.122126102,7.755823139,7.755902823,true,none
1784909272.695364714,per_message_full_scan,1019,720,6.265732050,6.265731762,0.997222222,0.879166667,1,0.133947283,7.656869126,7.656435364,true,none
1784909273.695106030,per_message_full_scan,1018,720,6.265732050,6.265731907,0.997222222,0.900000000,1,0.133923486,7.628589432,7.628456938,true,none
1784909274.695113659,per_message_full_scan,1019,720,6.265732050,6.265731762,0.997222222,0.900000000,1,0.134619489,7.625302854,7.625116378,true,none
1784909275.695336819,per_message_full_scan,1020,720,6.265732050,6.265731851,0.997222222,0.884722222,1,0.134181052,7.677537687,7.677142556,true,none
1784909276.696680784,per_message_full_scan,1018,720,6.265732050,6.265731907,0.997222222,0.904166667,1,0.134367198,7.634789852,7.634853342,true,none
1784909277.695120573,per_message_full_scan,1018,720,6.265732050,6.265731907,0.997222222,0.876388889,1,0.134062126,7.617117789,7.594493911,true,none
1784909278.695336342,per_message_full_scan,1020,720,6.265732050,6.265731851,0.997222222,0.868055556,1,0.134229034,7.668008955,7.670565547,true,none
1784909279.695105791,per_message_full_scan,1018,720,6.265732050,6.265731907,0.997222222,0.869444444,1,0.135741904,7.646180219,7.646167013,true,none
1784909280.695105791,per_message_full_scan,1020,720,6.265732050,6.265731851,0.997222222,0.905555556,1,0.133980587,7.658317717,7.658122422,true,none
1784909281.695105791,per_message_full_scan,1019,720,6.265732050,6.265731762,0.997222222,0.880555556,1,0.134053603,7.688575312,7.688312855,true,none
1784909282.695147276,per_message_full_scan,1019,720,6.265732050,6.265731762,0.997222222,0.872222222,1,0.134051397,7.682441071,7.681812787,true,none
1784909283.695230007,per_message_full_scan,1020,720,6.265732050,6.265731851,0.997222222,0.890277778,1,0.134038150,7.668649725,7.667497121,true,none
1784909284.695127249,per_message_full_scan,1020,720,6.265732050,6.265731851,0.997222222,0.881944444,1,0.123057321,7.685727002,7.686793384,true,none
1784909285.695101976,per_message_full_scan,1018,720,6.265732050,6.265731907,0.997222222,0.886111111,1,0.133722827,7.662087737,7.661583576,true,none
1784909286.695361614,per_message_full_scan,1019,720,6.265732050,6.265731762,0.997222222,0.866666667,1,0.134126768,7.660444071,7.661629734,true,none
1784909287.695642471,per_message_full_scan,1018,720,6.265732050,6.265731907,0.997222222,0.876388889,1,0.133938015,7.692154657,7.692505966,true,none
1784909288.695171833,per_message_full_scan,1018,720,6.265732050,6.265731907,0.997222222,0.873611111,1,0.134213045,7.684739996,7.684871830,true,none
1784909289.695156574,per_message_full_scan,1019,720,6.265732050,6.265731762,0.997222222,0.881944444,1,0.131236911,7.667027848,7.667203595,true,none
1784909290.695105791,per_message_full_scan,1019,720,6.265732050,6.265731762,0.997222222,0.881944444,1,0.134085789,7.681642473,7.680736305,true,none
1784909291.695149899,per_message_full_scan,1019,720,6.265732050,6.265731762,0.997222222,0.891666667,1,0.133532211,7.670872827,7.672225255,true,none
1784909292.695109844,per_message_full_scan,1019,720,6.265732050,6.265731762,0.997222222,0.879166667,1,0.134027362,7.666848835,7.668158461,true,none
1784909293.695141315,per_message_full_scan,1017,720,6.265732050,6.265731774,0.997222222,0.881944444,1,0.133723676,7.686337430,7.686332693,true,none
1784909294.695444822,per_message_full_scan,1018,720,6.265732050,6.265731907,0.997222222,0.879166667,1,0.131332099,7.671086155,7.670739282,true,none
1784909295.695185423,per_message_full_scan,1019,720,6.265732050,6.265731762,0.997222222,0.879166667,1,0.134089455,7.626928472,7.625958842,true,none
1784909296.695117235,per_message_full_scan,1018,720,6.265732050,6.265731907,0.997222222,0.877777778,1,0.134019062,7.667714094,7.668280778,true,none
1784909297.695117474,per_message_full_scan,1018,720,6.265732050,6.265731907,0.997222222,0.869444444,1,0.134062573,7.659566679,7.659768397,true,none
1784909298.695114613,per_message_full_scan,1019,720,6.265732050,6.265731762,0.997222222,0.880555556,1,0.132757172,7.631848293,7.631627112,true,none
1784909299.695334435,per_message_full_scan,1017,720,6.265732050,6.265731774,0.997222222,0.883333333,1,0.133786246,7.666961012,7.666901938,true,none
1784909300.695228577,per_message_full_scan,1017,720,6.265732050,6.265731774,0.997222222,0.866666667,1,0.133324221,7.658530030,7.657788444,true,none
1784909301.695104599,per_message_full_scan,1020,720,6.265732050,6.265731851,0.997222222,0.866666667,1,0.133895531,7.632582666,7.633390420,true,none
1784909302.695112705,per_message_full_scan,1019,720,6.265732050,6.265731762,0.997222222,0.870833333,1,0.134777009,7.661478056,7.661361903,true,none
1784909303.695884943,per_message_full_scan,1019,720,6.265732050,6.265731762,0.997222222,0.870833333,1,0.134101152,7.660088293,7.660097132,true,none
1784909304.695103407,per_message_full_scan,1018,720,6.265732050,6.265731907,0.997222222,0.876388889,1,0.133873552,7.633824522,7.634496926,true,none
1784909305.695258141,per_message_full_scan,1018,720,6.265732050,6.265731907,0.997222222,0.876388889,1,0.134055912,7.672421839,7.673068885,true,none
1784909306.695089579,per_message_full_scan,1018,720,6.265732050,6.265731907,0.997222222,0.869444444,1,0.134095699,7.666465761,7.667160016,true,none
1784909307.695109844,per_message_full_scan,1020,720,6.265732050,6.265731851,0.997222222,0.872222222,1,0.134121016,7.634128261,7.634164757,true,none
1784909308.695231676,per_message_full_scan,1017,720,6.265732050,6.265731774,0.997222222,0.869444444,1,0.120808408,7.761569990,7.761313819,true,none
1784909309.695133686,per_message_full_scan,1018,720,6.265732050,6.265731907,0.997222222,0.877777778,1,0.134027854,7.634836548,7.635149582,true,none
1784909310.695140123,per_message_full_scan,1020,720,6.265732050,6.265731851,0.997222222,0.879166667,1,0.121897615,7.762578715,7.762449474,true,none
1784909311.695143700,per_message_full_scan,1017,720,6.265732050,6.265731774,0.997222222,0.873611111,1,0.121919170,7.734742406,7.735684979,true,none
1784909312.695237637,per_message_full_scan,1019,720,6.265732050,6.265731762,0.997222222,0.877777778,1,0.122310191,7.753780984,7.754334583,true,none
1784909313.695116282,per_message_full_scan,1019,720,6.265732050,6.265731762,0.997222222,0.887500000,1,0.121759467,7.754905205,7.753889660,true,none
1784909314.695116043,per_message_full_scan,1020,720,6.265732050,6.265731851,0.997222222,0.851388889,1,0.122070670,7.731154189,7.729950219,true,none
1784909315.695116520,per_message_full_scan,1019,720,6.265732050,6.265731762,0.997222222,0.879166667,1,0.133740485,7.616791460,7.617332362,true,none
1784909316.695132971,per_message_full_scan,1018,720,6.265732050,6.265731907,0.997222222,0.886111111,1,0.133770287,7.619483000,7.619519189,true,none
1784909317.696080923,per_message_full_scan,1017,720,6.265732050,6.265731774,0.997222222,0.887500000,1,0.136827946,7.589812555,7.589355589,true,none
1784909318.695197344,per_message_full_scan,1021,720,6.265732050,6.265731733,0.997222222,0.893055556,1,0.134221449,7.693932420,7.694819281,true,none
1784909319.695120811,per_message_full_scan,1023,720,6.265732050,6.265731973,0.998611111,0.884722222,1,0.133285448,7.683671586,7.683092706,true,none
1784909320.695353508,per_message_full_scan,1020,720,6.265732050,6.265731851,0.997222222,0.891666667,1,0.121724740,7.718416197,7.718888395,true,none
1784909321.695227623,per_message_full_scan,1020,720,6.265732050,6.265731851,0.997222222,0.894444444,1,0.134183243,7.611590888,7.611780469,true,none
1784909322.695125580,per_message_full_scan,1020,720,6.265732050,6.265731851,0.997222222,0.913888889,1,0.134229496,7.615682324,7.617129205,true,none
1784909323.695804119,per_message_full_scan,1016,720,6.265732050,6.265731803,0.997222222,0.911111111,1,0.121984757,7.756687523,7.756805302,true,none
1784909324.695138931,per_message_full_scan,1020,720,6.265732050,6.265731851,0.997222222,0.900000000,1,0.133277193,7.659115000,7.659371094,true,none
1784909325.696049690,per_message_full_scan,1023,720,6.265732050,6.265731973,0.998611111,0.909722222,1,0.134028435,7.670758086,7.670497864,true,none
1784909326.695269346,per_message_full_scan,1021,720,6.265732050,6.265731733,0.997222222,0.920833333,1,0.134775341,7.674435846,7.674383932,true,none
1784909327.695102692,per_message_full_scan,1019,720,6.265732050,6.265731762,0.997222222,0.931944444,1,0.133919358,7.607043732,7.607234931,true,none
1784909328.695653677,per_message_full_scan,1022,720,6.265732050,6.265731920,0.997222222,0.906944444,1,0.133545741,7.614004725,7.615244531,true,none
1784909329.695198298,per_message_full_scan,1022,720,6.265732050,6.265731920,0.997222222,0.900000000,1,0.133983821,7.684135151,7.684199197,true,none
1784909330.695173025,per_message_full_scan,1021,720,6.265732050,6.265731733,0.997222222,0.900000000,1,0.118980460,7.719275000,7.722332921,true,none
1784909331.695185423,per_message_full_scan,1024,720,6.265732050,6.265731925,0.997222222,0.902777778,1,0.121024825,7.741701902,7.742831010,true,none
1784909332.695227623,per_message_full_scan,1024,720,6.265732050,6.265731925,0.997222222,0.905555556,1,0.129508480,7.656351306,7.655857182,true,none
1784909333.695212126,per_message_full_scan,1023,720,6.265732050,6.265731973,0.998611111,0.893055556,1,0.134100929,7.677536754,7.677223568,true,none
1784909334.695707321,per_message_full_scan,1022,720,6.265732050,6.265731920,0.997222222,0.937500000,1,0.121758044,7.711402421,7.711652853,true,none
1784909335.695241928,per_message_full_scan,1021,720,6.265732050,6.265731733,0.997222222,0.923611111,1,0.133924097,7.604318864,7.604197562,true,none
1784909336.696031094,per_message_full_scan,1019,720,6.265732050,6.265731762,0.997222222,0.922222222,1,0.134156078,7.632367578,7.632642630,true,none
1784909337.695159912,per_message_full_scan,1022,720,6.265732050,6.265731920,0.997222222,0.918055556,1,0.133473486,7.650982213,7.651238965,true,none
1784909338.695460320,per_message_full_scan,1021,720,6.265732050,6.265731733,0.997222222,0.912500000,1,0.121857122,7.713242648,7.714018971,true,none
1784909339.695347309,per_message_full_scan,1021,720,6.265732050,6.265731733,0.997222222,0.925000000,1,0.121936485,7.729294377,7.729139630,true,none
1784909340.696182489,per_message_full_scan,1022,720,6.265732050,6.265731920,0.997222222,0.925000000,1,0.121267080,7.746687815,7.749816121,true,none
1784909341.695175171,per_message_full_scan,1018,720,6.265732050,6.265731907,0.997222222,0.929166667,1,0.134135410,7.663918319,7.665588509,true,none
1784909342.695140839,per_message_full_scan,1019,720,6.265732050,6.265731762,0.997222222,0.929166667,1,0.132679895,7.637792818,7.638559309,true,none
1784909343.695134878,per_message_full_scan,1019,720,6.265732050,6.265731762,0.997222222,0.926388889,1,0.133896723,7.628014639,7.627747722,true,none
1784909344.695107937,per_message_full_scan,1024,720,6.265732050,6.265731925,0.997222222,0.925000000,1,0.133960426,7.655215762,7.655747324,true,none
1784909345.695123196,per_message_full_scan,1024,720,6.265732050,6.265731925,0.997222222,0.926388889,1,0.133547038,7.684038397,7.684303455,true,none
1784909346.695297718,per_message_full_scan,1019,720,6.265732050,6.265731762,0.997222222,0.931944444,1,0.134055972,7.683255245,7.682844022,true,none
1784909347.695122957,per_message_full_scan,1018,720,6.265732050,6.265731907,0.997222222,0.940277778,1,0.122551903,7.738729613,7.739275054,true,none
1784909348.695287466,per_message_full_scan,1020,720,6.265732050,6.265731851,0.997222222,0.918055556,1,0.121774383,7.733812101,7.733827386,true,none
1784909349.695267677,per_message_full_scan,1020,720,6.265732050,6.265731851,0.997222222,0.915277778,1,0.121690296,7.731512832,7.730967009,true,none
1784909350.695146084,per_message_full_scan,1020,720,6.265732050,6.265731851,0.997222222,0.887500000,1,0.134182692,7.627162475,7.627769210,true,none
1784909351.695118904,per_message_full_scan,1019,720,6.265732050,6.265731762,0.997222222,0.893055556,1,0.133413836,7.623255465,7.617586531,true,none
1784909352.695110083,per_message_full_scan,1019,720,6.265732050,6.265731762,0.997222222,0.913888889,1,0.134209603,7.614409480,7.615514973,true,none
1784909353.695209503,per_message_full_scan,1019,720,6.265732050,6.265731762,0.997222222,0.923611111,1,0.136396229,7.636901496,7.636684803,true,none
1784909354.695131540,per_message_full_scan,1016,720,6.265732050,6.265731803,0.997222222,0.919444444,1,0.133329660,7.665065325,7.665025548,true,none
1784909355.695873022,per_message_full_scan,1021,720,6.265732050,6.265731733,0.997222222,0.908333333,1,0.133991346,7.623291290,7.623400317,true,none
1784909356.695226908,per_message_full_scan,1020,720,6.265732050,6.265731851,0.997222222,0.915277778,1,0.134122461,7.663022492,7.662421532,true,none
1784909357.695244789,per_message_full_scan,1018,720,6.265732050,6.265731907,0.997222222,0.918055556,1,0.133977324,7.634982858,7.635526373,true,none
1784909358.695319653,per_message_full_scan,1019,720,6.265732050,6.265731762,0.997222222,0.922222222,1,0.121722206,7.769538657,7.770466615,true,none
1784909359.695116043,per_message_full_scan,1019,720,6.265732050,6.265731762,0.997222222,0.911111111,1,0.133713916,7.652760902,7.652762340,true,none
1784909360.695605516,per_message_full_scan,1019,720,6.265732050,6.265731762,0.997222222,0.909722222,1,0.134047836,7.632016212,7.632519165,true,none
1784909361.696168423,per_message_full_scan,1019,720,6.265732050,6.265731762,0.997222222,0.929166667,1,0.121723466,7.763038904,7.762521398,true,none
1784909362.695135593,per_message_full_scan,1019,720,6.265732050,6.265731762,0.997222222,0.933333333,1,0.133447111,7.660820367,7.661308088,true,none
1784909363.695152283,per_message_full_scan,1019,720,6.265732050,6.265731762,0.997222222,0.922222222,1,0.133747056,7.635863296,7.639773000,true,none
1784909364.696057081,per_message_full_scan,1018,720,6.265732050,6.265731907,0.997222222,0.933333333,1,0.134018853,7.603669008,7.602756022,true,none
1784909365.695305586,per_message_full_scan,1020,720,6.265732050,6.265731851,0.997222222,0.954166667,1,0.133505255,7.670930521,7.672084637,true,none
1784909366.695722818,per_message_full_scan,1019,720,6.265732050,6.265731762,0.997222222,0.937500000,1,0.133971855,7.657107543,7.657272214,true,none
1784909367.695115089,per_message_full_scan,1018,720,6.265732050,6.265731907,0.997222222,0.934722222,1,0.133524135,7.631484190,7.631701204,true,none
1784909368.695111752,per_message_full_scan,1017,720,6.265732050,6.265731774,0.997222222,0.912500000,1,0.132403731,7.671852817,7.672162698,true,none
1784909369.697080374,per_message_full_scan,1018,720,6.265732050,6.265731907,0.997222222,0.933333333,1,0.133586243,7.634551279,7.635396559,true,none
1784909370.695526600,per_message_full_scan,1021,720,6.265732050,6.265731733,0.997222222,0.947222222,1,0.134025931,7.632433419,7.632997698,true,none
1784909371.695158005,per_message_full_scan,1022,720,6.265732050,6.265731920,0.997222222,0.937500000,1,0.134246022,7.681053823,7.680703654,true,none
1784909372.695204496,per_message_full_scan,1021,720,6.265732050,6.265731733,0.997222222,0.893055556,1,0.133866400,7.681109648,7.680524541,true,none
1784909373.695194483,per_message_full_scan,1020,720,6.265732050,6.265731851,0.997222222,0.902777778,1,0.134040207,7.685403694,7.685026019,true,none
1784909374.695112228,per_message_full_scan,1021,720,6.265732050,6.265731733,0.997222222,0.855555556,1,0.120869271,7.737270451,7.737152791,true,none
1784909375.695133209,per_message_full_scan,1019,720,6.265732050,6.265731762,0.997222222,0.913888889,1,0.119393848,7.749521163,7.749990716,true,none
1784909376.695161819,per_message_full_scan,1021,720,6.265732050,6.265731733,0.997222222,0.926388889,1,0.121854350,7.725705171,7.725078165,true,none
1784909377.695147991,per_message_full_scan,1017,720,6.265732050,6.265731774,0.997222222,0.897222222,1,0.121877328,7.759443630,7.759782999,true,none
1784909378.695092916,per_message_full_scan,1019,720,6.265732050,6.265731762,0.997222222,0.897222222,1,0.121864796,7.728852780,7.729791603,true,none
1784909379.695102453,per_message_full_scan,1019,720,6.265732050,6.265731762,0.997222222,0.905555556,1,0.131849274,7.687233306,7.687872349,true,none
1784909380.695105314,per_message_full_scan,1017,720,6.265732050,6.265731774,0.997222222,0.904166667,1,0.119030967,7.751023466,7.752189394,true,none
1784909381.695142746,per_message_full_scan,1016,720,6.265732050,6.265731803,0.997222222,0.922222222,1,0.133904234,7.694925832,7.694952633,true,none
1784909382.695119619,per_message_full_scan,1018,720,6.265732050,6.265731907,0.997222222,0.918055556,1,0.134046942,7.670301662,7.669383160,true,none
1784909383.695902348,per_message_full_scan,1019,720,6.265732050,6.265731762,0.997222222,0.919444444,1,0.134190425,7.632626245,7.633000170,true,none
1784909384.695099592,per_message_full_scan,1018,720,6.265732050,6.265731907,0.997222222,0.913888889,1,0.134112939,7.673485197,7.680024888,true,none
1784909385.695506573,per_message_full_scan,1018,720,6.265732050,6.265731907,0.997222222,0.909722222,1,0.134024292,7.629255914,7.631272284,true,none
1784909386.695120811,per_message_full_scan,1018,720,6.265732050,6.265731907,0.997222222,0.913888889,1,0.121987969,7.764275141,7.764274657,true,none
1784909387.695204496,per_message_full_scan,1017,720,6.265732050,6.265731774,0.997222222,0.909722222,1,0.134066239,7.625087048,7.624171104,true,none
1784909388.695133686,per_message_full_scan,1018,720,6.265732050,6.265731907,0.997222222,0.911111111,1,0.122112706,7.758647243,7.757993683,true,none
1784909389.695375204,per_message_full_scan,1015,720,6.265732050,6.265731957,0.997222222,0.922222222,1,0.121727280,7.736927124,7.737738945,true,none
1784909390.695223570,per_message_full_scan,1016,720,6.265732050,6.265731803,0.997222222,0.908333333,1,0.121774375,7.748162387,7.748554570,true,none
1784909391.695122242,per_message_full_scan,1017,720,6.265732050,6.265731774,0.997222222,0.926388889,1,0.134300724,7.685960495,7.685359663,true,none
1784909392.695259809,per_message_full_scan,1016,720,6.265732050,6.265731803,0.997222222,0.916666667,1,0.133669257,7.642069357,7.640688254,true,none
1784909393.695126534,per_message_full_scan,1018,720,6.265732050,6.265731907,0.997222222,0.908333333,1,0.134023935,7.668643259,7.668541983,true,none
1784909394.695110559,per_message_full_scan,1019,720,6.265732050,6.265731762,0.997222222,0.909722222,1,0.132042333,7.639808540,7.640596514,true,none
1784909395.695093870,per_message_full_scan,1018,720,6.265732050,6.265731907,0.997222222,0.911111111,1,0.121645287,7.765947047,7.766729752,true,none
1784909396.695120811,per_message_full_scan,1017,720,6.265732050,6.265731774,0.997222222,0.913888889,1,0.133936599,7.633259517,7.632801543,true,none
1784909397.695109844,per_message_full_scan,1019,720,6.265732050,6.265731762,0.997222222,0.918055556,1,0.120442010,7.758916146,7.758708257,true,none
1784909398.695127726,per_message_full_scan,1019,720,6.265732050,6.265731762,0.997222222,0.911111111,1,0.121147029,7.742617063,7.743257641,true,none
1784909399.695109367,per_message_full_scan,1017,720,6.265732050,6.265731774,0.997222222,0.906944444,1,0.119791217,7.786521768,7.787609628,true,none
1784909400.695133924,per_message_full_scan,1019,720,6.265732050,6.265731762,0.997222222,0.926388889,1,0.121443920,7.748409288,7.749298518,true,none
1784909401.695105791,per_message_full_scan,1016,720,6.265732050,6.265731803,0.997222222,0.919444444,1,0.134518698,7.686923664,7.687895915,true,none
1784909402.695225954,per_message_full_scan,1017,720,6.265732050,6.265731774,0.997222222,0.922222222,1,0.121965863,7.735438276,7.735400417,true,none
1784909403.695116043,per_message_full_scan,1019,720,6.265732050,6.265731762,0.997222222,0.920833333,1,0.133778363,7.699153832,7.699728187,true,none
1784909404.695110798,per_message_full_scan,1017,720,6.265732050,6.265731774,0.997222222,0.912500000,1,0.133990601,7.677039748,7.677653465,true,none
1784909405.695105076,per_message_full_scan,1017,720,6.265732050,6.265731774,0.997222222,0.915277778,1,0.121843740,7.786379920,7.785271614,true,none
1784909406.695113182,per_message_full_scan,1018,720,6.265732050,6.265731907,0.997222222,0.920833333,1,0.130301133,7.651463948,7.652650607,true,none
1784909407.695124626,per_message_full_scan,1017,720,6.265732050,6.265731774,0.997222222,0.918055556,1,0.121090017,7.766768765,7.767161385,true,none
1784909408.695150137,per_message_full_scan,1015,720,6.265732050,6.265731957,0.997222222,0.919444444,1,0.122039147,7.730781870,7.730415696,true,none
1784909409.695214748,per_message_full_scan,1018,720,6.265732050,6.265731907,0.997222222,0.918055556,1,0.119334109,7.772960365,7.795127762,true,none
1784909410.695177078,per_message_full_scan,1016,720,6.265732050,6.265731803,0.997222222,0.906944444,1,0.121776171,7.739488822,7.742967448,true,none
1784909411.695112944,per_message_full_scan,1017,720,6.265732050,6.265731774,0.997222222,0.925000000,1,0.133985475,7.675888878,7.676962762,true,none
1784909412.695242405,per_message_full_scan,1017,720,6.265732050,6.265731774,0.997222222,0.922222222,1,0.133459821,7.695219359,7.697079847,true,none
1784909413.695429564,per_message_full_scan,1016,720,6.265732050,6.265731803,0.997222222,0.916666667,1,0.132381111,7.653655026,7.652765273,true,none
1784909414.695870638,per_message_full_scan,1018,720,6.265732050,6.265731907,0.997222222,0.915277778,1,0.134118363,7.634800113,7.634048956,true,none
1784909415.695093393,per_message_full_scan,1017,720,6.265732050,6.265731774,0.997222222,0.920833333,1,0.133879989,7.670367090,7.671014426,true,none
1784909416.695955515,per_message_full_scan,1017,720,6.265732050,6.265731774,0.997222222,0.888888889,1,0.121470094,7.780560636,7.779869172,true,none
1784909417.695124388,per_message_full_scan,1020,720,6.265732050,6.265731851,0.997222222,0.897222222,1,0.121717818,7.745204716,7.748497699,true,none
1784909418.695117474,per_message_full_scan,1018,720,6.265732050,6.265731907,0.997222222,0.894444444,1,0.131820157,7.632386432,7.632614461,true,none
1784909419.695123911,per_message_full_scan,1016,720,6.265732050,6.265731803,0.997222222,0.904166667,1,0.122367471,7.752753025,7.753778724,true,none
1784909420.695105314,per_message_full_scan,1019,720,6.265732050,6.265731762,0.997222222,0.902777778,1,0.121820047,7.736553120,7.736890916,true,none
1784909421.695103645,per_message_full_scan,1018,720,6.265732050,6.265731907,0.997222222,0.904166667,1,0.120492972,7.777554347,7.777163947,true,none
1784909422.695105314,per_message_full_scan,1018,720,6.265732050,6.265731907,0.997222222,0.904166667,1,0.121797971,7.764439784,7.764869530,true,none
1784909423.695178270,per_message_full_scan,1017,720,6.265732050,6.265731774,0.997222222,0.906944444,1,0.121684194,7.741847092,7.742878666,true,none
1784909424.695120335,per_message_full_scan,1018,720,6.265732050,6.265731907,0.997222222,0.923611111,1,0.134508163,7.687088784,7.686603239,true,none
1784909425.695114613,per_message_full_scan,1018,720,6.265732050,6.265731907,0.997222222,0.919444444,1,0.121774711,7.736413861,7.736778453,true,none
1784909426.695154190,per_message_full_scan,1017,720,6.265732050,6.265731774,0.997222222,0.922222222,1,0.133705929,7.691641064,7.692681600,true,none
1784909427.695086002,per_message_full_scan,1019,720,6.265732050,6.265731762,0.997222222,0.912500000,1,0.136418968,7.636341422,7.633726663,true,none
1784909428.695167303,per_message_full_scan,1017,720,6.265732050,6.265731774,0.997222222,0.905555556,1,0.121898770,7.730199139,7.731527327,true,none
1784909429.695125341,per_message_full_scan,1018,720,6.265732050,6.265731907,0.997222222,0.900000000,1,0.134855285,7.670650104,7.671122701,true,none
1784909430.695251942,per_message_full_scan,1018,720,6.265732050,6.265731907,0.997222222,0.894444444,1,0.133431703,7.638965268,7.641293230,true,none
1784909431.695229769,per_message_full_scan,1020,720,6.265732050,6.265731851,0.997222222,0.905555556,1,0.134111464,7.671714026,7.672867932,true,none
1784909432.696988106,per_message_full_scan,1019,720,6.265732050,6.265731762,0.997222222,0.908333333,1,0.132950351,7.667478887,7.666716586,true,none
1784909433.695118427,per_message_full_scan,1021,720,6.265732050,6.265731733,0.997222222,0.922222222,1,0.134136215,7.659945419,7.659873957,true,none
1784909434.695122242,per_message_full_scan,1019,720,6.265732050,6.265731762,0.997222222,0.902777778,1,0.122155629,7.716058059,7.715436433,true,none
1784909435.695417643,per_message_full_scan,1017,720,6.265732050,6.265731774,0.997222222,0.909722222,1,0.134142905,7.689949684,7.690636236,true,none
1784909436.695112705,per_message_full_scan,1022,720,6.265732050,6.265731920,0.997222222,0.909722222,1,0.133890420,7.685720365,7.685844354,true,none
1784909437.695305824,per_message_full_scan,1020,720,6.265732050,6.265731851,0.997222222,0.898611111,1,0.122693427,7.681474847,7.680823187,true,none
1784909438.695115566,per_message_full_scan,1019,720,6.265732050,6.265731762,0.997222222,0.900000000,1,0.121795245,7.732792435,7.733228320,true,none
1784909439.695150375,per_message_full_scan,1018,720,6.265732050,6.265731907,0.997222222,0.872222222,1,0.132192627,7.693315475,7.693294694,true,none
1784909440.695127010,per_message_full_scan,1020,720,6.265732050,6.265731851,0.997222222,0.872222222,1,0.121873245,7.750313640,7.750297154,true,none
1784909441.695123911,per_message_full_scan,1017,720,6.265732050,6.265731774,0.997222222,0.897222222,1,0.121422485,7.736168340,7.735209474,true,none
1784909442.695128918,per_message_full_scan,1019,720,6.265732050,6.265731762,0.997222222,0.895833333,1,0.131565332,7.682984102,7.683768516,true,none
1784909443.695122242,per_message_full_scan,1018,720,6.265732050,6.265731907,0.997222222,0.879166667,1,0.122034445,7.733306118,7.733792860,true,none
1784909444.695566416,per_message_full_scan,1018,720,6.265732050,6.265731907,0.997222222,0.873611111,1,0.130952552,7.687995666,7.688921972,true,none
1784909445.695117712,per_message_full_scan,1019,720,6.265732050,6.265731762,0.997222222,0.876388889,1,0.134206712,7.670536714,7.670810222,true,none
1784909446.695274591,per_message_full_scan,1017,720,6.265732050,6.265731774,0.997222222,0.883333333,1,0.133988231,7.694200844,7.693963444,true,none
1784909447.695264578,per_message_full_scan,1017,720,6.265732050,6.265731774,0.997222222,0.872222222,1,0.132088110,7.682218645,7.682269305,true,none
1784909448.695476532,per_message_full_scan,1018,720,6.265732050,6.265731907,0.997222222,0.880555556,1,0.134019524,7.670974730,7.671350501,true,none
1784909449.695163488,per_message_full_scan,1018,720,6.265732050,6.265731907,0.997222222,0.861111111,1,0.132739112,7.692194876,7.691949550,true,none
1784909450.696017981,per_message_full_scan,1017,720,6.265732050,6.265731774,0.997222222,0.866666667,1,0.133971602,7.669795734,7.669852295,true,none
1784909451.695198774,per_message_full_scan,1020,720,6.265732050,6.265731851,0.997222222,0.887500000,1,0.134085581,7.636489115,7.637218787,true,none
1784909452.695161581,per_message_full_scan,1019,720,6.265732050,6.265731762,0.997222222,0.887500000,1,0.133738250,7.682562160,7.682792158,true,none
1784909453.695129871,per_message_full_scan,1018,720,6.265732050,6.265731907,0.997222222,0.879166667,1,0.134032950,7.665100041,7.663993074,true,none
1784909454.695115805,per_message_full_scan,1017,720,6.265732050,6.265731774,0.997222222,0.884722222,1,0.134011313,7.657202581,7.657274636,true,none
1784909455.695564270,per_message_full_scan,1020,720,6.265732050,6.265731851,0.997222222,0.884722222,1,0.134314105,7.672782369,7.672038788,true,none
1784909456.695175409,per_message_full_scan,1019,720,6.265732050,6.265731762,0.997222222,0.881944444,1,0.134005547,7.684885187,7.685173212,true,none
1784909457.695158243,per_message_full_scan,1021,720,6.265732050,6.265731733,0.997222222,0.904166667,1,0.133394852,7.670857052,7.670655803,true,none
1784909458.695130587,per_message_full_scan,1021,720,6.265732050,6.265731733,0.997222222,0.905555556,1,0.121700235,7.734660913,7.734874939,true,none
1784909459.695523262,per_message_full_scan,1018,720,6.265732050,6.265731907,0.997222222,0.900000000,1,0.121230088,7.730656422,7.730139355,true,none
1784909460.695153236,per_message_full_scan,1020,720,6.265732050,6.265731851,0.997222222,0.815277778,1,0.122194126,7.726219575,7.726346315,true,none
1784909461.695140123,per_message_full_scan,1017,720,6.265732050,6.265731774,0.997222222,0.743055556,1,0.120424017,7.768396830,7.770671109,true,none
1784909462.695112705,per_message_full_scan,1020,720,6.265732050,6.265731851,0.997222222,0.891666667,1,0.121880628,7.737692901,7.740453936,true,none
1784909463.695116758,per_message_full_scan,1021,720,6.265732050,6.265731733,0.997222222,0.898611111,1,0.123558201,7.693221144,7.694060960,true,none
1784909464.695118427,per_message_full_scan,1020,720,6.265732050,6.265731851,0.997222222,0.902777778,1,0.134035379,7.615516275,7.616306092,true,none
1784909465.695145845,per_message_full_scan,1018,720,6.265732050,6.265731907,0.997222222,0.895833333,1,0.121215515,7.764268929,7.766871152,true,none
1784909466.695137978,per_message_full_scan,1020,720,6.265732050,6.265731851,0.997222222,0.893055556,1,0.121742904,7.745634227,7.746064891,true,none
1784909467.695114136,per_message_full_scan,1019,720,6.265732050,6.265731762,0.997222222,0.888888889,1,0.122541294,7.718971451,7.718609188,true,none
1784909468.695177078,per_message_full_scan,1017,720,6.265732050,6.265731774,0.997222222,0.891666667,1,0.134198442,7.614106087,7.614486659,true,none
1784909469.695100069,per_message_full_scan,1020,720,6.265732050,6.265731851,0.997222222,0.887500000,1,0.121680945,7.763331856,7.763269581,true,none
1784909470.695387363,per_message_full_scan,1017,720,6.265732050,6.265731774,0.997222222,0.884722222,1,0.121775299,7.740491487,7.741064059,true,none
1784909471.695139885,per_message_full_scan,1017,720,6.265732050,6.265731774,0.997222222,0.890277778,1,0.134067118,7.618402472,7.613182487,true,none
1784909472.695203304,per_message_full_scan,1018,720,6.265732050,6.265731907,0.997222222,0.897222222,1,0.122007117,7.756257830,7.756540035,true,none
1784909473.695863485,per_message_full_scan,1019,720,6.265732050,6.265731762,0.997222222,0.886111111,1,0.121536225,7.733934486,7.733768485,true,none
1784909474.695158243,per_message_full_scan,1020,720,6.265732050,6.265731851,0.997222222,0.887500000,1,0.133682251,7.615836055,7.615908826,true,none
1784909475.695121050,per_message_full_scan,1020,720,6.265732050,6.265731851,0.997222222,0.876388889,1,0.121790595,7.760261066,7.759944700,true,none
1784909476.695114136,per_message_full_scan,1019,720,6.265732050,6.265731762,0.997222222,0.887500000,1,0.121819019,7.737266914,7.737418233,true,none
1784909477.695091724,per_message_full_scan,1019,720,6.265732050,6.265731762,0.997222222,0.884722222,1,0.134056211,7.617799259,7.616323985,true,none
1784909478.695135593,per_message_full_scan,1019,720,6.265732050,6.265731762,0.997222222,0.877777778,1,0.121679708,7.749736783,7.749443267,true,none
1784909479.695131063,per_message_full_scan,1017,720,6.265732050,6.265731774,0.997222222,0.887500000,1,0.121690065,7.736764290,7.737767167,true,none
1784909480.695149660,per_message_full_scan,1018,720,6.265732050,6.265731907,0.997222222,0.886111111,1,0.120718084,7.761927444,7.762182913,true,none
1784909481.695104361,per_message_full_scan,1019,720,6.265732050,6.265731762,0.997222222,0.884722222,1,0.120759174,7.760082484,7.762551089,true,none
1784909482.695544004,per_message_full_scan,1020,720,6.265732050,6.265731851,0.997222222,0.901388889,1,0.122029155,7.733879513,7.734208018,true,none
1784909483.695103168,per_message_full_scan,1020,720,6.265732050,6.265731851,0.997222222,0.898611111,1,0.134171084,7.626884910,7.626457219,true,none
1784909484.695096731,per_message_full_scan,1021,720,6.265732050,6.265731733,0.997222222,0.883333333,1,0.134373903,7.621014933,7.618473157,true,none
1784909485.695158005,per_message_full_scan,1019,720,6.265732050,6.265731762,0.997222222,0.897222222,1,0.133511782,7.630060444,7.630394530,true,none
1784909486.695248842,per_message_full_scan,1019,720,6.265732050,6.265731762,0.997222222,0.897222222,1,0.134131625,7.682229853,7.683184436,true,none
1784909487.695106983,per_message_full_scan,1020,720,6.265732050,6.265731851,0.997222222,0.900000000,1,0.134143367,7.678454795,7.678310238,true,none
1784909488.695112228,per_message_full_scan,1018,720,6.265732050,6.265731907,0.997222222,0.905555556,1,0.134164885,7.682840204,7.682757015,true,none
1784909489.695113182,per_message_full_scan,1018,720,6.265732050,6.265731907,0.997222222,0.905555556,1,0.121756330,7.728002076,7.727698047,true,none
1784909490.695126295,per_message_full_scan,1018,720,6.265732050,6.265731907,0.997222222,0.879166667,1,0.122005455,7.724218010,7.724491434,true,none
1784909491.695119619,per_message_full_scan,1018,720,6.265732050,6.265731907,0.997222222,0.881944444,1,0.134054095,7.692477275,7.693392752,true,none
1784909492.695368528,per_message_full_scan,1019,720,6.265732050,6.265731762,0.997222222,0.887500000,1,0.121696867,7.738504118,7.738430299,true,none
1784909493.695111990,per_message_full_scan,1015,720,6.265732050,6.265731957,0.997222222,0.884722222,1,0.134399146,7.687554259,7.688397034,true,none
1784909494.695169449,per_message_full_scan,1015,720,6.265732050,6.265731957,0.997222222,0.901388889,1,0.133543566,7.669653687,7.669584490,true,none
1784909495.695116282,per_message_full_scan,1019,720,6.265732050,6.265731762,0.997222222,0.894444444,1,0.134168446,7.689542430,7.689957860,true,none
1784909496.695132256,per_message_full_scan,1023,720,6.265732050,6.265731973,0.998611111,0.876388889,1,0.134069458,7.670005338,7.670513525,true,none
1784909497.695171833,per_message_full_scan,1019,720,6.265732050,6.265731762,0.997222222,0.906944444,1,0.133605167,7.666259592,7.666539127,true,none
1784909498.695101738,per_message_full_scan,1019,720,6.265732050,6.265731762,0.997222222,0.916666667,1,0.121860944,7.721695619,7.721979260,true,none
1784909499.695114613,per_message_full_scan,1020,720,6.265732050,6.265731851,0.997222222,0.902777778,1,0.131734625,7.689367783,7.689018531,true,none
1784909500.695165634,per_message_full_scan,1017,720,6.265732050,6.265731774,0.997222222,0.909722222,1,0.134047553,7.668522487,7.668052174,true,none
1784909501.695110321,per_message_full_scan,1018,720,6.265732050,6.265731907,0.997222222,0.894444444,1,0.134010062,7.691157482,7.690964389,true,none
1784909502.695111275,per_message_full_scan,1019,720,6.265732050,6.265731762,0.997222222,0.884722222,1,0.133708194,7.681740367,7.681231056,true,none
1784909503.695189714,per_message_full_scan,1018,720,6.265732050,6.265731907,0.997222222,0.879166667,1,0.132496700,7.668311114,7.668056871,true,none
1784909504.695106506,per_message_full_scan,1019,720,6.265732050,6.265731762,0.997222222,0.876388889,1,0.132467002,7.690375078,7.690122331,true,none
1784909505.695138216,per_message_full_scan,1019,720,6.265732050,6.265731762,0.997222222,0.868055556,1,0.134326890,7.672173684,7.672281137,true,none
1784909506.695187569,per_message_full_scan,1018,720,6.265732050,6.265731907,0.997222222,0.884722222,1,0.134158239,7.636778863,7.637379372,true,none
1784909507.695105791,per_message_full_scan,1017,720,6.265732050,6.265731774,0.997222222,0.897222222,1,0.134120554,7.686179890,7.686694200,true,none
1784909508.695182562,per_message_full_scan,1020,720,6.265732050,6.265731851,0.997222222,0.912500000,1,0.134339452,7.661738239,7.661035646,true,none
1784909509.695153713,per_message_full_scan,1018,720,6.265732050,6.265731907,0.997222222,0.904166667,1,0.134096622,7.669656348,7.670575016,true,none
1784909510.695110559,per_message_full_scan,1018,720,6.265732050,6.265731907,0.997222222,0.923611111,1,0.133626878,7.688139283,7.688449728,true,none
1784909511.695170403,per_message_full_scan,1021,720,6.265732050,6.265731733,0.997222222,0.926388889,1,0.132400930,7.669232941,7.669538961,true,none
1784909512.695095301,per_message_full_scan,1014,720,6.265732050,6.265731727,0.997222222,0.927777778,1,0.134100214,7.666351619,7.666685036,true,none
1784909513.695108414,per_message_full_scan,1017,720,6.265732050,6.265731774,0.997222222,0.911111111,1,0.120889321,7.710716145,7.712069363,true,none
1784909514.695152521,per_message_full_scan,1017,720,6.265732050,6.265731774,0.997222222,0.905555556,1,0.118068084,7.746903027,7.747246283,true,none
1784909515.695182800,per_message_full_scan,1016,720,6.265732050,6.265731803,0.997222222,0.916666667,1,0.121724084,7.739656086,7.740824353,true,none
1784909516.695204973,per_message_full_scan,1019,720,6.265732050,6.265731762,0.997222222,0.898611111,1,0.132859126,7.694934471,7.695325246,true,none
1784909517.695139170,per_message_full_scan,1017,720,6.265732050,6.265731774,0.997222222,0.898611111,1,0.121716194,7.739079158,7.739268407,true,none
1784909518.695111513,per_message_full_scan,1019,720,6.265732050,6.265731762,0.997222222,0.920833333,1,0.134071574,7.696383908,7.696611370,true,none
1784909519.695105314,per_message_full_scan,1017,720,6.265732050,6.265731774,0.997222222,0.920833333,1,0.134061620,7.670774277,7.670948277,true,none
1784909520.695112228,per_message_full_scan,1019,720,6.265732050,6.265731762,0.997222222,0.929166667,1,0.134956121,7.680993800,7.679939551,true,none
1784909521.695110798,per_message_full_scan,1013,720,6.265732050,6.265732022,0.998611111,0.927777778,1,0.135772243,7.617758215,7.613848431,true,none
1784909522.695132732,per_message_full_scan,1017,720,6.265732050,6.265731774,0.997222222,0.908333333,1,0.121182531,7.750670558,7.750962963,true,none
1784909523.695130587,per_message_full_scan,1017,720,6.265732050,6.265731774,0.997222222,0.895833333,1,0.121794865,7.766729129,7.766710961,true,none
1784909524.695170641,per_message_full_scan,1016,720,6.265732050,6.265731803,0.997222222,0.897222222,1,0.121659920,7.739146008,7.739528467,true,none
1784909525.695114136,per_message_full_scan,1016,720,6.265732050,6.265731803,0.997222222,0.891666667,1,0.134129271,7.690028243,7.689918787,true,none
1784909526.695107698,per_message_full_scan,1017,720,6.265732050,6.265731774,0.997222222,0.902777778,1,0.132783502,7.701627952,7.701577932,true,none
1784909527.696197271,per_message_full_scan,1016,720,6.265732050,6.265731803,0.997222222,0.888888889,1,0.134012073,7.670339110,7.669926084,true,none
1784909528.695146322,per_message_full_scan,1016,720,6.265732050,6.265731803,0.997222222,0.897222222,1,0.121541776,7.779753567,7.779521935,true,none
1784909529.695055962,per_message_full_scan,1018,720,6.265732050,6.265731907,0.997222222,0.881944444,1,0.123136126,7.722453626,7.722304879,true,none
1784909530.695133448,per_message_full_scan,1017,720,6.265732050,6.265731774,0.997222222,0.902777778,1,0.121832624,7.764329477,7.763995036,true,none
1784909531.695123434,per_message_full_scan,1015,720,6.265732050,6.265731957,0.997222222,0.894444444,1,0.121707223,7.735251034,7.734686630,true,none
1784909532.695115805,per_message_full_scan,1016,720,6.265732050,6.265731803,0.997222222,0.901388889,1,0.134282947,7.664033693,7.664812823,true,none
1784909533.695160389,per_message_full_scan,1017,720,6.265732050,6.265731774,0.997222222,0.901388889,1,0.134128064,7.699574313,7.700573626,true,none
1784909534.695133924,per_message_full_scan,1016,720,6.265732050,6.265731803,0.997222222,0.898611111,1,0.134433225,7.622707196,7.622726737,true,none
1784909535.695109367,per_message_full_scan,1018,720,6.265732050,6.265731907,0.997222222,0.904166667,1,0.121293075,7.769206836,7.768981537,true,none
1784909536.695129395,per_message_full_scan,1015,720,6.265732050,6.265731957,0.997222222,0.897222222,1,0.121895872,7.772383730,7.772168228,true,none
1784909537.695125103,per_message_full_scan,1014,720,6.265732050,6.265731727,0.997222222,0.894444444,1,0.121808499,7.738625598,7.739046625,true,none
1784909538.695137739,per_message_full_scan,1018,720,6.265732050,6.265731907,0.997222222,0.890277778,1,0.134199768,7.675424441,7.675123868,true,none
1784909539.695122480,per_message_full_scan,1016,720,6.265732050,6.265731803,0.997222222,0.887500000,1,0.134026602,7.694482165,7.694549177,true,none
1784909540.695286274,per_message_full_scan,1016,720,6.265732050,6.265731803,0.997222222,0.887500000,1,0.129623815,7.647582694,7.647492411,true,none
1784909541.695105076,per_message_full_scan,1017,720,6.265732050,6.265731774,0.997222222,0.840277778,1,0.121557966,7.754066879,7.754721917,true,none
1784909542.695130587,per_message_full_scan,1016,720,6.265732050,6.265731803,0.997222222,0.898611111,1,0.120775335,7.774634803,7.775362270,true,none
1784909543.695138454,per_message_full_scan,1018,720,6.265732050,6.265731907,0.997222222,0.913888889,1,0.133953750,7.701575771,7.702023164,true,none
1784909544.695123672,per_message_full_scan,1018,720,6.265732050,6.265731907,0.997222222,0.897222222,1,0.132204250,7.670665883,7.671968068,true,none
1784909545.695125818,per_message_full_scan,1017,720,6.265732050,6.265731774,0.997222222,0.904166667,1,0.119893707,7.774390151,7.775913944,true,none
1784909546.695101976,per_message_full_scan,1015,720,6.265732050,6.265731957,0.997222222,0.898611111,1,0.122002527,7.782673559,7.782915321,true,none
1784909547.696156740,per_message_full_scan,1017,720,6.265732050,6.265731774,0.997222222,0.898611111,1,0.132659182,7.707947450,7.708769539,true,none
1784909548.695179224,per_message_full_scan,1014,720,6.265732050,6.265731727,0.997222222,0.908333333,1,0.133926421,7.673820904,7.684807878,true,none
1784909549.695183516,per_message_full_scan,1016,720,6.265732050,6.265731803,0.997222222,0.893055556,1,0.134729773,7.659487408,7.654581698,true,none
1784909550.695204496,per_message_full_scan,1015,720,6.265732050,6.265731957,0.997222222,0.901388889,1,0.121079601,7.788964493,7.790278000,true,none
1784909551.695104837,per_message_full_scan,1016,720,6.265732050,6.265731803,0.997222222,0.897222222,1,0.121297672,7.745974048,7.748772827,true,none
1784909552.695087433,per_message_full_scan,1016,720,6.265732050,6.265731803,0.997222222,0.891666667,1,0.121918343,7.744382353,7.744842840,true,none
1784909553.695134401,per_message_full_scan,1017,720,6.265732050,6.265731774,0.997222222,0.902777778,1,0.134159565,7.689485963,7.685893236,true,none
1784909554.695133924,per_message_full_scan,1016,720,6.265732050,6.265731803,0.997222222,0.895833333,1,0.134145677,7.645070843,7.647332085,true,none
1784909555.695067167,per_message_full_scan,1016,720,6.265732050,6.265731803,0.997222222,0.895833333,1,0.121697195,7.772296951,7.776150559,true,none
1784909556.695108652,per_message_full_scan,1016,720,6.265732050,6.265731803,0.997222222,0.897222222,1,0.119277731,7.785754256,7.786848539,true,none
1784909557.695114613,per_message_full_scan,1017,720,6.265732050,6.265731774,0.997222222,0.905555556,1,0.133731604,7.717966575,7.720134028,true,none
1784909558.695096970,per_message_full_scan,1017,720,6.265732050,6.265731774,0.997222222,0.904166667,1,0.136240900,7.650983173,7.650045455,true,none
1784909559.695115328,per_message_full_scan,1016,720,6.265732050,6.265731803,0.997222222,0.902777778,1,0.133111686,7.691743667,7.692360687,true,none
1784909560.695127010,per_message_full_scan,1017,720,6.265732050,6.265731774,0.997222222,0.904166667,1,0.134173423,7.642084739,7.642064723,true,none
1784909561.695163727,per_message_full_scan,1017,720,6.265732050,6.265731774,0.997222222,0.900000000,1,0.121128917,7.768853018,7.768911318,true,none
1784909562.695139885,per_message_full_scan,1017,720,6.265732050,6.265731774,0.997222222,0.900000000,1,0.134140849,7.634203208,7.633764499,true,none
1784909563.695335388,per_message_full_scan,1016,720,6.265732050,6.265731803,0.997222222,0.902777778,1,0.121858478,7.744432715,7.744340605,true,none
1784909564.695575714,per_message_full_scan,1016,720,6.265732050,6.265731803,0.997222222,0.900000000,1,0.134234637,7.692416660,7.692191458,true,none
1784909565.695096970,per_message_full_scan,1015,720,6.265732050,6.265731957,0.997222222,0.904166667,1,0.134054035,7.705630273,7.705401646,true,none
1784909566.695122719,per_message_full_scan,1016,720,6.265732050,6.265731803,0.997222222,0.897222222,1,0.134085238,7.641615240,7.641470467,true,none
1784909567.695103884,per_message_full_scan,1015,720,6.265732050,6.265731957,0.997222222,0.901388889,1,0.120341070,7.776623632,7.779169572,true,none
1784909568.695123911,per_message_full_scan,1018,720,6.265732050,6.265731907,0.997222222,0.904166667,1,0.121728644,7.787270683,7.787901850,true,none
1784909569.695217609,per_message_full_scan,1015,720,6.265732050,6.265731957,0.997222222,0.893055556,1,0.121729665,7.744413881,7.745346325,true,none
1784909570.695122957,per_message_full_scan,1015,720,6.265732050,6.265731957,0.997222222,0.890277778,1,0.134204045,7.679758204,7.680034342,true,none
1784909571.695123434,per_message_full_scan,1017,720,6.265732050,6.265731774,0.997222222,0.901388889,1,0.121029794,7.781178257,7.781528030,true,none
1784909572.695867300,per_message_full_scan,1015,720,6.265732050,6.265731957,0.997222222,0.893055556,1,0.134077489,7.639323670,7.639422483,true,none
1784909573.695111275,per_message_full_scan,1016,720,6.265732050,6.265731803,0.997222222,0.905555556,1,0.122139238,7.747127230,7.744368554,true,none
1784909574.695122719,per_message_full_scan,1017,720,6.265732050,6.265731774,0.997222222,0.895833333,1,0.133447722,7.698410808,7.698166364,true,none
1784909575.695196152,per_message_full_scan,1016,720,6.265732050,6.265731803,0.997222222,0.897222222,1,0.134553522,7.688369031,7.688071896,true,none
1784909576.695149422,per_message_full_scan,1016,720,6.265732050,6.265731803,0.997222222,0.891666667,1,0.134289622,7.673936659,7.674413070,true,none
1784909577.695094347,per_message_full_scan,1017,720,6.265732050,6.265731774,0.997222222,0.900000000,1,0.121216930,7.776024563,7.777001722,true,none
1784909578.695129156,per_message_full_scan,1016,720,6.265732050,6.265731803,0.997222222,0.901388889,1,0.133362070,7.637355204,7.635303599,true,none
1784909579.695232868,per_message_full_scan,1015,720,6.265732050,6.265731957,0.997222222,0.894444444,1,0.121905431,7.743535011,7.744213196,true,none
1784909580.695110559,per_message_full_scan,1018,720,6.265732050,6.265731907,0.997222222,0.901388889,1,0.134190410,7.678731075,7.677993691,true,none
1784909581.695116282,per_message_full_scan,1017,720,6.265732050,6.265731774,0.997222222,0.902777778,1,0.133674458,7.688996673,7.688552637,true,none
1784909582.695130825,per_message_full_scan,1016,720,6.265732050,6.265731803,0.997222222,0.898611111,1,0.133430049,7.029698059,7.031907787,true,none
1784909583.695311546,per_message_full_scan,1017,720,6.265732050,6.265731774,0.997222222,0.904166667,1,0.121666208,7.664398424,7.665256822,true,none
1784909584.695089817,per_message_full_scan,1017,720,6.265732050,6.265731774,0.997222222,0.891666667,1,0.134969026,7.668384801,7.656663045,true,none
1784909585.695153952,per_message_full_scan,1016,720,6.265732050,6.265731803,0.997222222,0.902777778,1,0.121912174,7.732904337,7.733777292,true,none
1784909586.695125341,per_message_full_scan,1016,720,6.265732050,6.265731803,0.997222222,0.905555556,1,0.134131536,7.677516834,7.677660657,true,none
1784909587.695184946,per_message_full_scan,1017,720,6.265732050,6.265731774,0.997222222,0.900000000,1,0.121253379,7.774451605,7.774912722,true,none
1784909588.695117712,per_message_full_scan,1016,720,6.265732050,6.265731803,0.997222222,0.897222222,1,0.121828541,7.783976103,7.782487978,true,none
1784909589.695353031,per_message_full_scan,1017,720,6.265732050,6.265731774,0.997222222,0.900000000,1,0.121252805,7.745014971,7.744608001,true,none
1784909590.695115805,per_message_full_scan,1017,720,6.265732050,6.265731774,0.997222222,0.897222222,1,0.128744677,7.695639296,7.694066477,true,none
1784909591.695103645,per_message_full_scan,1016,720,6.265732050,6.265731803,0.997222222,0.898611111,1,0.133892626,7.697635532,7.698578558,true,none
1784909592.695121765,per_message_full_scan,1016,720,6.265732050,6.265731803,0.997222222,0.905555556,1,0.133820251,7.661057554,7.662226296,true,none
1784909593.695119143,per_message_full_scan,1014,720,6.265732050,6.265731727,0.997222222,0.897222222,1,0.121515229,7.774484987,7.775302934,true,none
1784909594.695143938,per_message_full_scan,1015,720,6.265732050,6.265731957,0.997222222,0.901388889,1,0.121788770,7.773251019,7.773273019,true,none
1784909595.695168495,per_message_full_scan,1016,720,6.265732050,6.265731803,0.997222222,0.891666667,1,0.129102230,7.705479440,7.704550003,true,none
1784909596.695133448,per_message_full_scan,1016,720,6.265732050,6.265731803,0.997222222,0.898611111,1,0.133973449,7.674073382,7.674960895,true,none
1784909597.695129156,per_message_full_scan,1017,720,6.265732050,6.265731774,0.997222222,0.905555556,1,0.121896900,7.758326718,7.757938063,true,none
1784909598.695074081,per_message_full_scan,1017,720,6.265732050,6.265731774,0.997222222,0.902777778,1,0.118142270,7.790218017,7.791259370,true,none
1784909599.695120811,per_message_full_scan,1017,720,6.265732050,6.265731774,0.997222222,0.906944444,1,0.122087732,7.728271569,7.728266357,true,none
1784909600.695103407,per_message_full_scan,1015,720,6.265732050,6.265731957,0.997222222,0.904166667,1,0.132744238,7.696001894,7.696467255,true,none
1784909601.695094347,per_message_full_scan,1017,720,6.265732050,6.265731774,0.997222222,0.901388889,1,0.134753540,7.690273057,7.690051092,true,none
1784909602.695115089,per_message_full_scan,1016,720,6.265732050,6.265731803,0.997222222,0.893055556,1,0.134054944,7.649575189,7.653158047,true,none
1784909603.695128202,per_message_full_scan,1017,720,6.265732050,6.265731774,0.997222222,0.904166667,1,0.121854715,7.764739860,7.765148520,true,none
1784909604.695108891,per_message_full_scan,1018,720,6.265732050,6.265731907,0.997222222,0.894444444,1,0.122048222,7.783493992,7.782986791,true,none
1784909605.695199728,per_message_full_scan,1017,720,6.265732050,6.265731774,0.997222222,0.893055556,1,0.121378124,7.742647156,7.742208664,true,none
1784909606.695194006,per_message_full_scan,1017,720,6.265732050,6.265731774,0.997222222,0.900000000,1,0.134180859,7.676323680,7.675026312,true,none
1784909607.695109367,per_message_full_scan,1016,720,6.265732050,6.265731803,0.997222222,0.901388889,1,0.133595139,7.693459189,7.694166666,true,none
1784909608.695136547,per_message_full_scan,1017,720,6.265732050,6.265731774,0.997222222,0.893055556,1,0.133421406,7.646576164,7.647520059,true,none
1784909609.695169449,per_message_full_scan,1015,720,6.265732050,6.265731957,0.997222222,0.893055556,1,0.122163631,7.765298764,7.765851549,true,none
1784909610.695059299,per_message_full_scan,1016,720,6.265732050,6.265731803,0.997222222,0.898611111,1,0.134205982,7.691922280,7.692180544,true,none
1784909611.695200443,per_message_full_scan,1016,720,6.265732050,6.265731803,0.997222222,0.905555556,1,0.121987522,7.735436230,7.735651751,true,none
1784909612.695148468,per_message_full_scan,1016,720,6.265732050,6.265731803,0.997222222,0.894444444,1,0.133075908,7.668585088,7.668701853,true,none
1784909613.695335627,per_message_full_scan,1016,720,6.265732050,6.265731803,0.997222222,0.893055556,1,0.121846631,7.786471789,7.787122982,true,none
1784909614.695248604,per_message_full_scan,1016,720,6.265732050,6.265731803,0.997222222,0.900000000,1,0.134220511,7.642847815,7.642987418,true,none
1784909615.695118666,per_message_full_scan,1015,720,6.265732050,6.265731957,0.997222222,0.901388889,1,0.121806517,7.740591389,7.739273630,true,none
1784909616.695109606,per_message_full_scan,1017,720,6.265732050,6.265731774,0.997222222,0.891666667,1,0.133169860,7.677354527,7.676806381,true,none
1784909617.695196867,per_message_full_scan,1014,720,6.265732050,6.265731727,0.997222222,0.911111111,1,0.133545622,7.694808747,7.695608280,true,none
1784909618.695147276,per_message_full_scan,1015,720,6.265732050,6.265731957,0.997222222,0.894444444,1,0.120595239,7.786158959,7.786326592,true,none
1784909619.695463657,per_message_full_scan,1016,720,6.265732050,6.265731803,0.997222222,0.891666667,1,0.134174466,7.710826326,7.711403748,true,none
1784909620.695144892,per_message_full_scan,1015,720,6.265732050,6.265731957,0.997222222,0.902777778,1,0.121832892,7.740349659,7.740296947,true,none
1784909621.695119381,per_message_full_scan,1015,720,6.265732050,6.265731957,0.997222222,0.908333333,1,0.134156063,7.676998442,7.676889076,true,none
1784909622.695116282,per_message_full_scan,1017,720,6.265732050,6.265731774,0.997222222,0.904166667,1,0.121864654,7.765141381,7.765366555,true,none
1784909623.695141792,per_message_full_scan,1016,720,6.265732050,6.265731803,0.997222222,0.902777778,1,0.134210736,7.708168019,7.708482479,true,none
1784909624.695122242,per_message_full_scan,1015,720,6.265732050,6.265731957,0.997222222,0.888888889,1,0.122412063,7.732942346,7.732974511,true,none
1784909625.695121050,per_message_full_scan,1016,720,6.265732050,6.265731803,0.997222222,0.895833333,1,0.134420604,7.659745371,7.659802807,true,none
1784909626.695137262,per_message_full_scan,1017,720,6.265732050,6.265731774,0.997222222,0.908333333,1,0.121831097,7.754917830,7.754784441,true,none
1784909627.695116758,per_message_full_scan,1016,720,6.265732050,6.265731803,0.997222222,0.906944444,1,0.120922245,7.769658148,7.769108214,true,none
1784909628.695110321,per_message_full_scan,1017,720,6.265732050,6.265731774,0.997222222,0.901388889,1,0.131165072,7.697288943,7.697961757,true,none
1784909629.695561886,per_message_full_scan,1015,720,6.265732050,6.265731957,0.997222222,0.901388889,1,0.134080559,7.638740793,7.638771844,true,none
1784909630.695169210,per_message_full_scan,1015,720,6.265732050,6.265731957,0.997222222,0.915277778,1,0.132988065,7.649923576,7.651626642,true,none
1784909631.695553541,per_message_full_scan,1014,720,6.265732050,6.265731727,0.997222222,0.897222222,1,0.121946432,7.753930313,7.755065603,true,none
1784909632.695139647,per_message_full_scan,1014,720,6.265732050,6.265731727,0.997222222,0.927777778,1,0.134323880,7.681392227,7.681911774,true,none
1784909633.695130825,per_message_full_scan,1015,720,6.265732050,6.265731957,0.997222222,0.912500000,1,0.121902011,7.773081602,7.773177629,true,none
1784909634.695109606,per_message_full_scan,1016,720,6.265732050,6.265731803,0.997222222,0.923611111,1,0.117625006,7.786737677,7.787688699,true,none
1784909635.695108175,per_message_full_scan,1015,720,6.265732050,6.265731957,0.997222222,0.904166667,1,0.133420199,7.659647678,7.659360655,true,none
1784909636.695095062,per_message_full_scan,1014,720,6.265732050,6.265731727,0.997222222,0.891666667,1,0.134159654,7.648170299,7.648338455,true,none
1784909637.695105791,per_message_full_scan,1015,720,6.265732050,6.265731957,0.997222222,0.905555556,1,0.121755809,7.805300297,7.806051703,true,none
1784909638.695333004,per_message_full_scan,1014,720,6.265732050,6.265731727,0.997222222,0.891666667,1,0.120317437,7.748862390,7.749781740,true,none
1784909639.695137262,per_message_full_scan,1015,720,6.265732050,6.265731957,0.997222222,0.906944444,1,0.132837802,7.656963085,7.657918728,true,none
1784909640.695118904,per_message_full_scan,1016,720,6.265732050,6.265731803,0.997222222,0.912500000,1,0.131715149,7.656563458,7.657004362,true,none
1784909641.695156336,per_message_full_scan,1014,720,6.265732050,6.265731727,0.997222222,0.900000000,1,0.121709660,7.772618013,7.773800943,true,none
1784909642.695146799,per_message_full_scan,1016,720,6.265732050,6.265731803,0.997222222,0.913888889,1,0.133483499,7.680877139,7.680966425,true,none
1784909643.695159197,per_message_full_scan,1016,720,6.265732050,6.265731803,0.997222222,0.905555556,1,0.121751569,7.783853071,7.782421553,true,none
1784909644.695142746,per_message_full_scan,1016,720,6.265732050,6.265731803,0.997222222,0.918055556,1,0.122592553,7.763226806,7.764253146,true,none
1784909645.695114851,per_message_full_scan,1014,720,6.265732050,6.265731727,0.997222222,0.916666667,1,0.133333206,7.705808396,7.705883052,true,none
1784909646.695117712,per_message_full_scan,1017,720,6.265732050,6.265731774,0.997222222,0.912500000,1,0.133937985,7.647916978,7.646506070,true,none
1784909647.695139647,per_message_full_scan,1016,720,6.265732050,6.265731803,0.997222222,0.919444444,1,0.134275749,7.645639929,7.645967328,true,none
1784909648.695118427,per_message_full_scan,1015,720,6.265732050,6.265731957,0.997222222,0.915277778,1,0.121854216,7.748541339,7.748438728,true,none
1784909649.695133924,per_message_full_scan,1018,720,6.265732050,6.265731907,0.997222222,0.913888889,1,0.134156525,7.680203786,7.679423736,true,none
1784909650.695115566,per_message_full_scan,1015,720,6.265732050,6.265731957,0.997222222,0.908333333,1,0.129361942,7.677536589,7.677069153,true,none
1784909651.695129156,per_message_full_scan,1014,720,6.265732050,6.265731727,0.997222222,0.906944444,1,0.121819295,7.750509046,7.751266167,true,none
1784909652.695517778,per_message_full_scan,1016,720,6.265732050,6.265731803,0.997222222,0.915277778,1,0.134200990,7.700294920,7.701118459,true,none
1784909653.695103407,per_message_full_scan,1014,720,6.265732050,6.265731727,0.997222222,0.922222222,1,0.120267607,7.795286948,7.795201041,true,none
1784909654.695132494,per_message_full_scan,1015,720,6.265732050,6.265731957,0.997222222,0.908333333,1,0.122006446,7.780694563,7.774880658,true,none
1784909655.695132494,per_message_full_scan,1016,720,6.265732050,6.265731803,0.997222222,0.912500000,1,0.134206995,7.712467842,7.712937833,true,none
1784909656.695108652,per_message_full_scan,1015,720,6.265732050,6.265731957,0.997222222,0.909722222,1,0.132829279,7.674024257,7.674009339,true,none
1784909657.695115089,per_message_full_scan,1015,720,6.265732050,6.265731957,0.997222222,0.908333333,1,0.134109199,7.675807304,7.676041440,true,none
1784909658.695127249,per_message_full_scan,1016,720,6.265732050,6.265731803,0.997222222,0.908333333,1,0.121764906,7.772056448,7.771922530,true,none
1784909659.695114136,per_message_full_scan,1015,720,6.265732050,6.265731957,0.997222222,0.909722222,1,0.134228244,7.697218522,7.697074886,true,none
1784909660.695111990,per_message_full_scan,1015,720,6.265732050,6.265731957,0.997222222,0.906944444,1,0.133182690,7.692085202,7.691687606,true,none
1784909661.695124626,per_message_full_scan,1015,720,6.265732050,6.265731957,0.997222222,0.909722222,1,0.133937478,7.647310223,7.649372231,true,none
1784909662.695126772,per_message_full_scan,1016,720,6.265732050,6.265731803,0.997222222,0.901388889,1,0.121968538,7.743211239,7.743747878,true,none
1784909663.695501566,per_message_full_scan,1014,720,6.265732050,6.265731727,0.997222222,0.911111111,1,0.135113552,7.667581169,7.667601152,true,none
