timestamp,raw_odom_age_sec,scan_age_sec,rf2o_rate_hz,scan_rate_hz,x,y,yaw_deg,delta_translation_m,delta_yaw_deg,translation_speed_mps,yaw_rate_degps,roll_deg,pitch_deg,valid,status_reason
1784907725.372048616,inf,inf,0.000000000,0.000000000,0.000000000,0.000000000,0.000000000,0.000000000,0.000000000,0.000000000,0.000000000,0.000000000,0.000000000,false,WAITING_FOR_SCAN
1784907726.371811867,inf,inf,0.000000000,0.000000000,0.000000000,0.000000000,0.000000000,0.000000000,0.000000000,0.000000000,0.000000000,0.232917881,1.256000028,false,WAITING_FOR_SCAN
1784907727.371805191,0.072136120,0.017374242,5.748877510,7.616892418,0.000086805,-0.000070377,0.293304491,0.000375085,0.128204252,0.002777310,0.949286084,0.224269849,1.219125386,false,WAITING_FOR_ODOM
1784907728.371842623,0.170835739,0.080610362,8.134404808,7.531456362,0.000670282,-0.000560902,0.105183864,0.000294617,0.372203181,0.002397811,3.029263907,0.228013760,1.202116044,true,OK
1784907729.371742487,0.070791978,0.015449231,8.247200418,7.545028925,0.001141930,-0.000711291,0.433340803,0.000969044,0.218503234,0.007158961,1.614226788,0.221162237,1.188748082,true,OK
1784907730.371736765,0.157580352,0.066927384,8.556432966,7.414068274,0.000002210,-0.000028113,0.134990583,0.000587687,0.174712971,0.004353184,1.294153971,0.229575823,1.166678197,true,OK
1784907731.371806622,0.072553768,0.009912088,8.534882887,7.553639856,0.000413296,-0.001305343,0.298298205,0.000479245,0.353877837,0.003545341,2.617904999,0.224016100,1.143847364,true,OK
1784907732.371929646,0.167763514,0.064715653,8.641177741,7.420129474,0.001033084,-0.001515650,0.351918605,0.000233253,0.138476416,0.001741063,1.033627292,0.226732873,1.145394644,true,OK
1784907733.371738434,0.073428949,0.127769295,8.466745545,7.408637007,0.001019896,-0.001785728,0.516825960,0.000550495,0.039564681,0.004072133,0.292668794,0.223826672,1.137650766,true,OK
1784907734.373053551,0.164004475,0.063704380,8.562628223,7.455186019,0.000290851,-0.002190871,0.275755514,0.000418352,0.027976455,0.003093249,0.206854724,0.223361964,1.148822232,true,OK
1784907735.371826410,0.073239765,0.127802332,8.613837700,7.483185424,0.000335343,-0.001966094,-0.039629591,0.000623520,0.392669016,0.004609873,2.903122243,0.215361241,1.152452130,true,OK
1784907736.371820450,0.173642120,0.063672028,8.436698821,7.053640799,0.000625211,-0.001319042,0.535127642,0.000464157,0.027976455,0.003430773,0.206785156,0.218280256,1.162527785,true,OK
1784907737.371795654,0.048867127,0.126345801,7.972438270,7.402069426,0.001626596,-0.001263446,0.364841295,0.000717401,0.074018747,0.005315470,0.548430226,0.212307421,1.176387161,true,OK
1784907738.371809483,0.068056344,0.061720425,7.901851502,7.586010586,0.000159842,-0.001623411,0.326819406,0.000555220,0.123540700,0.004187345,0.931716325,0.220405741,1.189407738,true,OK
1784907739.371815920,0.072026475,0.115992976,8.708438441,7.448541473,0.000509499,-0.002265826,0.337216618,0.000545709,0.469389223,0.004044362,3.478738371,0.209233313,1.194542200,true,OK
1784907740.371771097,0.072048790,0.059763915,7.890572085,7.594770291,0.000656773,-0.002701276,0.541268459,0.000369882,0.094872788,0.002733956,0.701246039,0.219138724,1.199695549,true,OK
1784907741.371807814,0.070675148,0.124152516,8.471922572,7.515458061,0.001042769,-0.002901363,0.684389491,0.000269206,0.128204252,0.001987139,0.946336572,0.200525309,1.217813219,true,OK
1784907742.371812820,0.170665228,0.057855406,8.921661984,7.506229320,0.001259767,-0.003539753,0.393314669,0.000117999,0.266878623,0.000873648,1.975936415,0.209807143,1.225598827,true,OK
1784907743.371830702,0.072158771,0.122235080,8.460660351,7.485402743,0.001188877,-0.003416247,0.044659649,0.000384654,0.386136634,0.002802910,2.813712363,0.211040965,1.230681988,true,OK
1784907744.371904373,0.073003842,0.055868229,7.764576776,7.484387672,0.001038684,-0.003132434,0.254809588,0.000284135,0.113640914,0.002103509,0.841306027,0.218930778,1.231087821,true,OK
1784907745.371809244,0.073416674,0.121819897,8.694292086,7.493101197,0.000444565,-0.003281386,-0.221208363,0.000267166,0.134170395,0.001973012,0.990842785,0.227132751,1.241929862,true,OK
1784907746.371846437,0.066249463,0.051121805,7.817928269,7.516777303,0.001113728,-0.003681144,-0.504663618,0.000228125,0.326259167,0.001855486,2.653679704,0.216186724,1.246583252,true,OK
1784907747.371815443,0.067021404,0.106246185,8.599859826,7.427410517,0.001267944,-0.003140442,-0.365724283,0.000459807,0.320816066,0.003399773,2.372087161,0.216539325,1.251272894,true,OK
1784907748.371862173,0.072585900,0.038158581,7.959054473,7.446459782,0.001590889,-0.004005497,-0.098285839,0.001035458,0.348304590,0.007653406,2.574432242,0.225395577,1.251721833,true,OK
1784907749.372640371,0.069691765,0.106839850,8.633626399,7.465200865,0.000395000,-0.004431167,-0.482295175,0.000797341,0.397128516,0.005897012,2.937100305,0.219269250,1.256390269,true,OK
1784907750.371793985,0.073699211,0.037437010,7.979295615,7.455056778,0.000653665,-0.004562583,-0.383199317,0.001149690,0.182384247,0.008514080,1.350654707,0.221806400,1.245039396,true,OK
1784907751.371808529,0.071819201,0.104311176,8.734805359,7.463014553,-0.008656246,-0.006010369,-0.207788560,0.000809217,0.131221234,0.005996724,0.972418710,0.226128389,1.238570900,true,OK
1784907752.371775389,0.071800719,0.035529074,7.852556745,7.473001688,-0.008151953,-0.006456732,-0.590430298,0.001351540,0.055952910,0.010137437,0.419683607,0.233676247,1.211143826,true,OK
1784907753.371835470,0.073593952,0.102145944,6.419872482,6.150960483,-0.006950395,-0.006952859,-0.732473287,0.002023072,0.593143072,0.003744013,1.097704773,0.229110447,1.232163670,true,OK
1784907754.371795654,0.072657364,0.045878235,7.429507314,7.372926002,-0.001238555,-0.003959661,-0.473605134,0.000431336,0.131221234,0.003192142,0.971113876,0.242399549,1.245274337,true,OK
1784907755.371799707,0.072245791,0.112668641,8.583617804,7.518072480,-0.001485543,-0.003257167,-0.322535276,0.000217211,0.104678325,0.001610050,0.775913594,0.223821429,1.255300778,true,OK
1784907756.371804476,0.072840067,0.044097113,7.946257399,7.484284000,-0.001842552,-0.003427295,-0.423715418,0.000433177,0.108352360,0.003202349,0.801016876,0.222091306,1.250813622,true,OK
1784907757.371835470,0.072243385,0.122817452,8.700391749,7.577634770,-0.001524785,-0.004152648,-0.297961016,0.000304954,0.138476416,0.002256234,1.024533923,0.224734251,1.253830197,true,OK
1784907758.371757746,0.071504369,0.054465755,7.938669192,7.509951094,-0.000719877,-0.003971007,-0.262349202,0.000383782,0.164324520,0.002841129,1.216488996,0.231295274,1.244285413,true,OK
1784907759.371772766,0.072096830,0.133216280,8.616443446,7.622911716,0.000210664,-0.003128010,-0.360762476,0.000938801,0.113640914,0.007639664,0.924773324,0.225607832,1.242526096,true,OK
1784907760.371990204,0.170362088,0.064856101,8.836143772,7.515760166,-0.005610725,-0.006145343,-0.378324043,0.001228639,0.129721514,0.009083450,0.959044289,0.212541213,1.245151612,true,OK
1784907761.371834993,0.071886128,0.008258133,8.390397070,7.577341779,-0.008943318,-0.007096470,0.209413588,0.002289899,0.086229231,0.018626564,0.701408494,0.209892580,1.224375688,true,OK
1784907762.371847391,0.172720449,0.074518135,8.756832828,7.529689648,-0.011037178,-0.007212837,0.587683258,0.000164724,0.377941768,0.001220105,2.799397118,0.224649523,1.226564615,true,OK
1784907763.371824503,0.064036271,0.006240696,8.401460485,7.550107220,-0.011225462,-0.007554102,0.582343508,0.000206359,0.304545622,0.001681667,2.481815091,0.212262676,1.229828636,true,OK
1784907764.371766567,0.173189837,0.055920065,8.753949618,7.394452206,-0.010492044,-0.007888233,0.068181780,0.000434285,0.315279024,0.003214698,2.333784543,0.201202015,1.254636031,true,OK
1784907765.371774912,0.072734550,0.122524529,8.407852361,7.418581789,-0.001145749,-0.009373911,0.630271490,0.002540130,0.251788307,0.018391701,1.823062094,0.155539602,1.251273744,true,OK
1784907766.372037411,0.172575395,0.057818427,8.853358323,7.450696047,0.000856074,-0.008088375,-0.694204736,0.000593531,0.351659146,0.004422610,2.620338623,0.337054215,1.354747883,true,OK
1784907767.371809483,0.071840832,0.124146449,8.407534900,7.453492385,0.005997192,-0.005551454,-2.592647098,0.000774222,0.160712550,0.005702681,1.183759486,0.321111476,1.361334857,true,OK
1784907768.371833086,0.070340672,0.056621210,7.684939986,7.455874112,0.005631381,-0.004554290,-2.668429667,0.001008383,0.062557256,0.007510908,0.465955589,0.327042971,1.358676932,true,OK
1784907769.371714354,0.071028613,0.000278258,8.365862296,7.569063089,0.006869034,-0.004944419,-2.220638997,0.000692425,0.223811772,0.005634307,1.821169549,0.324325612,1.355805656,true,OK
1784907770.371823311,0.171793789,0.065669173,8.804130240,7.510245161,0.005215042,-0.004973988,-2.624048647,0.000804713,0.019782341,0.005811655,0.142868466,0.346483060,1.344809323,true,OK
1784907771.375002384,0.072727625,0.136478121,8.421823699,7.534795068,0.004016237,-0.005902903,-2.857993669,0.000802645,0.108352360,0.005972213,0.806213929,0.340532708,1.327739067,true,OK
1784907772.371824026,0.174229428,0.064839028,8.767225702,7.522486341,0.005280364,-0.005774128,-2.660470208,0.000588326,0.146709809,0.004326910,1.078993271,0.342622618,1.324250695,true,OK
1784907773.371836901,0.071478075,0.126221552,8.520163922,7.496280328,0.006189621,-0.005128240,-2.431017786,0.000571252,0.102792073,0.004185381,0.753124284,0.330963167,1.326532889,true,OK
1784907774.371810913,0.168555933,0.063395794,8.839446508,7.559501085,0.005968573,-0.005193020,-2.782417612,0.000432586,0.121946558,0.003545663,0.999525867,0.341621105,1.321047729,true,OK
1784907775.371813297,0.074179824,0.126260367,8.605168137,7.540680871,0.005588218,-0.004692284,-2.752034313,0.000684323,0.131221234,0.005533939,1.061151487,0.345087091,1.339648102,true,OK
1784907776.371776819,0.073893195,0.060026678,7.943146609,7.571554431,0.005881256,-0.003603953,-2.690881628,0.000199675,0.113640914,0.001477092,0.840654355,0.346280057,1.343846491,true,OK
1784907777.371839523,0.073600622,0.123357324,8.761560953,7.518407481,0.005602841,-0.004586128,-2.800807627,0.000979568,0.128204252,0.007119894,0.931840305,0.342684417,1.353060376,true,OK
1784907778.371840239,0.169937354,0.058129575,8.936923419,7.517839702,0.005298434,-0.005225378,-2.749252215,0.000756610,0.285990293,0.005606861,2.119333026,0.329821871,1.362513716,true,OK
1784907779.373052359,0.059772679,0.079076971,504.090574649,712.789233552,0.006547239,-0.003809997,-3.094944377,0.000535119,0.367973453,0.003957044,2.721053909,0.322539166,1.372885217,true,OK
1784907780.371773481,0.069692935,0.068399089,111.737182792,126.117176543,0.007179743,-0.003184450,-2.827005981,0.000635379,0.138476416,0.004709747,1.026457081,0.335626526,1.364878437,true,OK
1784907781.372589588,0.070606690,0.137204620,25.845958141,32.399790075,0.006641378,-0.003429911,-3.014143586,0.000571203,0.138476416,0.004231166,1.025759822,0.327434332,1.362124268,true,OK
1784907782.372258186,0.170359873,0.067858905,12.373551220,11.670441003,0.007082294,-0.004032438,-3.122560224,0.000228695,0.100870555,0.001692279,0.746414523,0.333392704,1.371081200,true,OK
1784907783.371802807,0.071138244,0.133117933,9.612375473,8.355429475,0.006598989,-0.004522382,-2.711797597,0.000408027,0.098911718,0.003021891,0.732551272,0.322369402,1.347387279,true,OK
1784907784.371658564,0.171947663,0.065488397,8.949481855,7.619769353,0.005392548,-0.004166555,-2.848081742,0.000094289,0.102792073,0.000701998,0.765303534,0.322733789,1.364057545,true,OK
1784907785.371776342,0.071667798,0.009072981,8.427687800,7.640167896,0.004577283,-0.003730749,-3.255327742,0.000049621,0.175829360,0.000368459,1.305609150,0.323426255,1.370768343,true,OK
1784907786.371852875,0.171557554,0.075833410,8.680484673,7.575247262,0.005513290,-0.004012176,-2.931328955,0.000839946,0.128204252,0.006840998,1.044168122,0.332269712,1.365594620,true,OK
1784907787.371854782,0.072328517,0.007468284,8.331152664,7.510363182,0.005025850,-0.003765287,-2.911662072,0.000841699,0.294750570,0.006228687,2.181194059,0.335749800,1.354513110,true,OK
1784907788.374177217,0.175245668,0.076207872,8.685682665,7.503400127,0.004904758,-0.002612047,-3.260561238,0.000704480,0.000000000,0.005216828,0.000000000,0.340383930,1.362277439,true,OK
1784907789.371814728,0.067701110,0.005189016,8.296112456,7.495021741,0.004092142,-0.003428310,-3.554073133,0.000549512,0.062557256,0.004050195,0.461080295,0.334856176,1.368558583,true,OK
1784907790.371862888,0.170803927,0.071964148,8.684734918,7.486310141,0.006365818,-0.003970913,-3.281564010,0.000183878,0.151951085,0.001358836,1.122898215,0.345048554,1.365110767,true,OK
1784907791.371820450,0.047264399,0.011541675,8.020964573,7.500519111,0.008302794,-0.003081123,-3.323725422,0.000832383,0.083929371,0.006149494,0.620055179,0.330225528,1.380361067,true,OK
1784907792.371777534,0.158405553,0.082173904,8.546333446,7.516752147,0.010188877,-0.002061944,-2.953603034,0.000505030,0.347179209,0.003739347,2.570586382,0.330238074,1.383569957,true,OK
1784907793.371801138,0.072689664,0.014023257,8.338910678,7.474163466,0.011414795,-0.001500935,-3.385613949,0.000462599,0.342640709,0.003423535,2.535763382,0.327444357,1.379087436,true,OK
1784907794.372263193,0.147915652,0.089693299,8.287479443,7.521671081,0.011738532,-0.001286837,-3.103944165,0.000656524,0.117033931,0.004920916,0.877217132,0.330888021,1.377751936,true,OK
1784907795.372467041,0.072595350,0.013141890,8.136064549,7.391462413,0.012705030,-0.000894077,-2.975811611,0.000364214,0.129721514,0.002692754,0.959074041,0.329685343,1.378346038,true,OK
1784907796.372193575,0.165030489,0.087439012,8.305079942,7.478876893,0.012480508,-0.001388565,-3.292739658,0.000525175,0.129721514,0.003850853,0.951185254,0.326785248,1.374599102,true,OK
1784907797.371775627,0.047386213,0.012629152,7.891347759,7.412215299,0.013375119,-0.000988585,-3.172092704,0.000235802,0.129721514,0.001788434,0.983869783,0.318185963,1.366572189,true,OK
1784907798.371808767,0.171598000,0.087838621,10.375285402,7.487457927,0.013955489,-0.000717156,-2.860015385,0.000407540,0.113640914,0.003009895,0.839297053,0.326188942,1.383081833,true,OK
1784907799.371798515,0.074278381,0.020182195,8.743018771,7.477488726,0.014488384,-0.000670438,-2.659447337,0.000318106,0.129721514,0.002352855,0.959477859,0.331027266,1.381271795,true,OK
1784907800.372081518,0.172160294,0.086938069,8.864617013,7.467140808,0.013251320,-0.001812999,-3.206144436,0.000780126,0.233230523,0.005763892,1.723203033,0.332802466,1.381023875,true,OK
1784907801.372696638,0.073593458,0.018653516,8.364114141,7.455307860,0.013475940,-0.002564234,-2.820486120,0.000655682,0.019782341,0.004819075,0.145394442,0.327187727,1.376849891,true,OK
1784907802.371815205,0.172935292,0.084790412,8.568115690,7.464065197,0.012576533,-0.002377581,-2.382350147,0.000545826,0.100870555,0.004036229,0.745909475,0.333298765,1.365677781,true,OK
1784907803.372168779,0.071098153,0.027542091,8.275664820,7.558417456,0.010834872,-0.002797317,-2.408290799,0.000464518,0.332202472,0.003780077,2.703343193,0.333017220,1.365659474,true,OK
1784907804.371836662,0.064208552,0.094696223,8.757855596,7.556466465,0.012747519,-0.002522194,-2.600878648,0.000423415,0.195835277,0.003133783,1.449417844,0.340883768,1.374228052,true,OK
1784907805.371701956,0.068528016,0.026412762,8.039728231,7.530275407,0.013958219,-0.001308738,-2.237157875,0.000107419,0.131221234,0.000796199,0.972618700,0.346521577,1.379807723,true,OK
1784907806.371908188,0.062150393,0.075632431,297.715684036,206.435019277,0.014795787,-0.000919479,-2.238960411,0.000591579,0.102792073,0.004825287,0.838436308,0.334512872,1.385610663,true,OK
1784907807.372991323,0.064115979,0.033441363,68.484044780,40.955468902,0.014700344,-0.001258592,-2.029490575,0.000193107,0.173589404,0.001571956,1.413076919,0.341406143,1.363777393,true,OK
1784907808.371899366,0.062749835,0.103040949,18.718977516,14.552264734,0.015083235,-0.001903784,-2.142426006,0.001120937,0.125114538,0.008299346,0.926339635,0.327097051,1.361568407,true,OK
1784907809.372980833,0.003937835,0.023859588,11.676951002,8.723042266,0.016828973,-0.002507488,-1.736296341,0.000851160,0.102792073,0.005954945,0.719161379,0.344393515,1.367814034,true,OK
1784907810.371803761,0.076092911,0.073005164,8.630931460,7.590743575,0.014852534,-0.003357802,-1.703337978,0.000534378,0.148037520,0.003936645,1.090559536,0.330724247,1.362334826,true,OK
1784907811.371841431,0.072796147,0.020769526,8.458381504,7.540696075,0.017056374,-0.002220397,-1.677754284,0.000582938,0.336881605,0.004313496,2.492782838,0.333955441,1.362120994,true,OK
1784907812.371911526,0.069603975,0.096448772,9.390842628,7.615118387,0.016603361,-0.002653895,-1.828260257,0.000405972,0.106531181,0.003283771,0.861695449,0.344250753,1.369832812,true,OK
1784907813.372815609,0.055205034,0.016403007,8.380695598,7.434574275,0.016420916,-0.001806187,-1.678610646,0.000523012,0.074018747,0.003873396,0.548178339,0.334849518,1.357310797,true,OK
1784907814.371767759,0.170965191,0.085083504,8.821845615,7.535327769,0.010463109,-0.003853251,-2.029093612,0.000672158,0.208420008,0.004967526,1.540311063,0.331704866,1.355460011,true,OK
1784907815.371791124,0.072951924,0.027579443,8.381473121,7.570018419,0.013470841,-0.003048783,-2.050623379,0.000325474,0.142652530,0.002651513,1.162137351,0.330465690,1.355408305,true,OK
1784907816.371824503,0.063538185,0.094595891,8.600827248,7.499024958,0.015524304,-0.001417283,-1.926327303,0.000218324,0.111905833,0.001622083,0.831427596,0.321532686,1.366992488,true,OK
1784907817.371794462,0.072057131,0.038936119,7.923390117,7.610066547,0.016786553,-0.000195022,-1.632583739,0.000572501,0.121946558,0.004239911,0.903129289,0.334684653,1.368447877,true,OK
1784907818.372874498,0.072420927,0.105025719,8.586955381,7.524192749,0.016971805,-0.000411830,-2.151283559,0.000449085,0.137056110,0.003322944,1.014127262,0.346245710,1.377795662,true,OK
1784907819.371838093,0.046368644,0.035992150,7.637048288,7.498305184,0.017079466,-0.001132767,-2.053859048,0.000043113,0.048456644,0.000320005,0.359669464,0.338651098,1.365476639,true,OK
1784907820.371768475,0.070398564,0.115204122,8.749641621,7.610547044,0.019174436,0.000475004,-1.807231642,0.000747735,0.121946558,0.006087172,0.992744002,0.330165114,1.386239495,true,OK
1784907821.371909142,0.064041072,0.046073164,7.884501820,7.502454405,0.017843728,0.000175786,-1.910233863,0.000524733,0.148037520,0.003880514,1.094769694,0.327579174,1.376491931,true,OK
1784907822.371826172,0.070887025,0.114370811,8.746041834,7.494560913,0.017422961,0.000923482,-2.158140372,0.001159859,0.000000000,0.008593614,0.000000000,0.337450513,1.373822496,true,OK
1784907823.372586727,0.172704666,0.057919838,8.954755036,7.534304023,0.019680627,0.000619956,-1.764905637,0.001289968,0.232390036,0.009552225,1.720850757,0.326702392,1.379634552,true,OK
1784907824.372163773,0.072948887,0.124930990,8.509843875,7.495608915,0.019141461,0.001314729,-1.705654620,0.000202535,0.104678325,0.001500442,0.775488584,0.322621525,1.386458532,true,OK
1784907825.371837139,0.173911494,0.067341225,8.797795679,7.552465384,0.017542501,0.000749047,-1.974331437,0.000860016,0.139882314,0.006405351,1.041835158,0.336056714,1.375865743,true,OK
1784907826.371809959,0.074261235,0.133904603,8.467569894,7.600643571,0.016396373,-0.000472672,-1.898372329,0.000375838,0.115349902,0.002778196,0.852666429,0.323087031,1.376993947,true,OK
1784907827.371818304,0.171811726,0.077483369,8.711760182,7.624229427,0.019462420,0.001262987,-1.843852672,0.000527301,0.196831898,0.003903088,1.456952976,0.334119954,1.379814063,true,OK
1784907828.371766806,0.071196358,0.009985607,8.631590216,7.572723147,0.020342897,0.001334660,-1.666628927,0.000353227,0.111905833,0.002875063,0.910849314,0.330356574,1.373122374,true,OK
1784907829.371816635,0.166315193,0.074971046,8.643644531,7.489898001,0.018799461,0.000253337,-1.898267522,0.000672186,0.108352360,0.005054479,0.814752145,0.346319997,1.376786405,true,OK
1784907830.371800661,0.069816512,0.018719386,8.290211299,7.569858139,0.020397878,0.000681167,-1.672564001,0.000487309,0.117033931,0.004005553,0.961989014,0.329316773,1.367521177,true,OK
1784907831.371799469,0.170000085,0.086259556,8.663482596,7.517005769,0.021089364,0.000997193,-1.716423000,0.000313432,0.111905833,0.002298840,0.820764304,0.330431786,1.378193479,true,OK
1784907832.371811390,0.068250536,0.027606740,8.907584125,7.551633126,0.021294432,0.000638143,-1.784347184,0.000900229,0.096913294,0.007341043,0.790292640,0.333352986,1.369193964,true,OK
1784907833.371798038,0.073311591,0.097019827,8.883871876,7.531342549,0.020629748,-0.000282025,-1.740613019,0.000240000,0.294085961,0.001777004,2.177465796,0.334216307,1.365830537,true,OK
1784907834.371795654,0.061799545,0.039780653,7.937045632,7.607928535,0.021753269,-0.001005578,-1.573768146,0.000498283,0.178041140,0.003687637,1.317625774,0.335409483,1.370331532,true,OK
1784907835.371802092,0.073573145,0.107236860,8.749237858,7.540631853,0.020504432,-0.000093336,-1.274544048,0.000250857,0.104678325,0.001857504,0.775105027,0.339091418,1.380904202,true,OK
1784907836.371799231,0.063137262,0.049903630,7.787871936,7.650185047,0.020750907,-0.000398098,-1.903943692,0.000226841,0.264669910,0.001659933,1.936750030,0.334534758,1.372636944,true,OK
1784907837.371826887,0.070842193,0.117818039,8.712613908,7.582561840,0.020364736,-0.000434194,-1.906918960,0.000665539,0.230699911,0.004924344,1.706955957,0.323515432,1.371016737,true,OK
1784907838.371897697,0.070976766,0.049095689,7.969041307,7.495170673,0.019978152,-0.000277849,-1.812965833,0.000372075,0.076616680,0.002754693,0.567238527,0.331471206,1.373364389,true,OK
1784907839.372019529,0.059338981,0.111382362,8.449570192,7.422138006,0.019836521,0.000710344,-1.610468930,0.000276699,0.102792073,0.002046711,0.760341042,0.327833084,1.379358066,true,OK
1784907840.371737719,0.171000286,0.056256771,8.930772406,7.516946718,0.020321326,0.000607267,-1.859054585,0.000339643,0.048456644,0.002556923,0.364794842,0.338845297,1.365177865,true,OK
1784907841.371748686,0.068743627,0.125471749,9.277289931,7.511853749,0.018439721,0.000509845,-1.829982619,0.000231614,0.206533808,0.001712260,1.526848497,0.309458971,1.322637718,true,OK
1784907842.371895790,0.170704417,0.069832160,8.954725043,7.553614106,0.007252669,-0.003486642,1.385738766,0.001470643,0.100870555,0.010887294,0.746753396,0.175868806,1.238314354,true,OK
1784907843.371744394,0.071105099,0.001149847,8.504933845,7.491517828,0.002482501,-0.006466860,0.942179468,0.001120410,0.125114538,0.008351979,0.932653076,0.191134302,1.227435998,true,OK
1784907844.371859550,0.174528254,0.080134526,8.800983224,7.595656448,0.001446855,-0.007325650,0.954510774,0.000500277,0.165510998,0.004073261,1.347592391,0.208908003,1.244572682,true,OK
1784907845.371814489,0.074026569,0.024027384,8.812132210,7.648495996,0.001309121,-0.007399605,0.769865888,0.000322583,0.344349643,0.002379465,2.540023227,0.189936562,1.252125361,true,OK
1784907846.371819735,0.173732257,0.089877431,8.819892635,7.550933125,0.001877267,-0.006589031,1.054619783,0.000134640,0.000000000,0.000996426,0.000000000,0.199480102,1.268576244,true,OK
1784907847.371856928,0.073706034,0.020689972,8.393327490,7.467205067,-0.004983625,-0.007431314,1.019597481,0.002758130,0.117033931,0.020422884,0.866590941,0.194891066,1.256508963,true,OK
1784907848.373294115,0.145636482,0.091990848,8.043564904,7.471884410,-0.005085659,-0.007055459,1.124533306,0.000793467,0.212142087,0.006445526,1.723282588,0.196972622,1.252659584,true,OK
1784907849.371817112,0.072916019,0.030900411,8.321502731,7.533301935,-0.005575417,-0.006554099,1.249183718,0.000448843,0.323851312,0.003317677,2.393784223,0.190167292,1.250519814,true,OK
1784907850.371764421,0.072304318,0.109350555,8.756981140,7.622611791,-0.001992816,-0.007413578,1.485429489,0.001847792,0.113640914,0.015049047,0.925530031,0.185724450,1.260084336,true,OK
1784907851.371812105,0.074008903,0.042466994,7.979074289,7.522474006,-0.004665052,-0.009011701,1.290991012,0.001244370,0.110143430,0.009206967,0.814940323,0.177664742,1.232608684,true,OK
1784907852.371810913,0.072168855,0.109289149,8.734952726,7.481829606,0.003907565,-0.005613615,1.278930892,0.001952544,0.128204252,0.014485508,0.951119837,0.229307993,1.335643712,true,OK
1784907853.371798515,0.070880879,0.052716360,7.936298222,7.543271752,0.004110470,-0.005328878,1.436254535,0.001211801,0.123540700,0.008973878,0.914869016,0.237195798,1.327394642,true,OK
1784907854.371801853,0.072692445,0.131724039,8.583797290,7.631781770,0.005810086,-0.004856148,1.050273201,0.000432747,0.126668806,0.003522779,1.031147277,0.218424850,1.308874275,true,OK
1784907855.371815443,0.168478723,0.062576950,8.669209532,7.507265072,0.005090377,-0.005356620,1.036665597,0.000325942,0.179136785,0.002418528,1.329216424,0.236354981,1.308288960,true,OK
1784907856.371815205,0.068231315,0.006847139,10.010801622,7.609679760,0.005992267,-0.005658072,1.226965399,0.000464746,0.151951085,0.003370331,1.101947935,0.227379650,1.299734529,true,OK
1784907857.372116327,0.146404813,0.065215920,8.644307094,7.441190975,0.004895185,-0.004293392,1.346851284,0.000341481,0.218503234,0.002523368,1.614626768,0.239259799,1.296461102,true,OK
1784907858.371793509,0.073343777,0.017428819,8.963468272,7.640571279,0.005561225,-0.004298330,1.194661249,0.000101927,0.128204252,0.000753961,0.948336009,0.229561932,1.295936876,true,OK
1784907859.371798754,0.172829910,0.083798438,8.792511939,7.547608264,0.005612048,-0.005383803,1.192230262,0.000343269,0.129721514,0.002542102,0.960660743,0.247128850,1.293053257,true,OK
1784907860.371827602,0.067703985,0.027275316,8.429916586,7.619627268,0.005538932,-0.004873978,1.027776242,0.000100511,0.123540700,0.000743946,0.914404921,0.232540261,1.300550783,true,OK
1784907861.372089624,0.172282894,0.092510717,8.577120413,7.549219030,0.004904157,-0.004579970,1.109224280,0.000193349,0.074018747,0.001577283,0.603824076,0.233005200,1.312164939,true,OK
1784907862.371763229,0.071526562,0.036271667,8.158196794,7.625195226,0.005340934,-0.004812019,0.949934537,0.000475776,0.086229231,0.003521527,0.638238950,0.239809250,1.311508510,true,OK
1784907863.373016357,0.065846992,0.101172515,8.563752707,7.495291999,0.005696866,-0.004881404,1.074339369,0.000561031,0.059347027,0.004105966,0.434337522,0.231474897,1.320998031,true,OK
1784907864.371801376,0.073292054,0.048065861,7.949720674,7.558382105,0.005292359,-0.004220040,1.326098154,0.000633947,0.178041140,0.004677144,1.313554032,0.234607957,1.312664741,true,OK
1784907865.371807814,0.067472800,0.125880786,8.611117629,7.623341315,0.005403467,-0.004392756,1.244030010,0.000274084,0.126668806,0.002232368,1.031697221,0.222259241,1.316747006,true,OK
1784907866.371851921,0.051345625,0.056342605,7.873197072,7.528903881,0.005372818,-0.004964610,1.300265112,0.000419316,0.167858796,0.003079491,1.232769919,0.232229434,1.312042374,true,OK
1784907867.371722221,0.068184223,0.124493384,8.641782850,7.515148624,0.005426193,-0.005235465,1.344860998,0.000541870,0.137056110,0.004008243,1.013812444,0.229830937,1.315237650,true,OK
1784907868.371732950,0.173870277,0.068294223,8.849060056,7.581334895,0.005765177,-0.004577164,1.363710939,0.000447478,0.115349902,0.003651661,0.941317923,0.243468528,1.310593868,true,OK
1784907869.371931553,0.071953523,0.010867011,8.389244807,7.609596394,0.006405572,-0.005157621,1.055419819,0.000244634,0.174712971,0.001811901,1.294027714,0.226331560,1.296295025,true,OK
1784907870.371837854,0.169884681,0.075502286,8.640250868,7.509171639,0.005872213,-0.005309554,1.108531503,0.000169059,0.155766359,0.001251201,1.152819694,0.232750581,1.306777573,true,OK
1784907871.371818304,0.071903857,0.023067981,8.333665555,7.629267975,0.006347523,-0.005021224,1.040319104,0.000160689,0.271962471,0.001189025,2.012400922,0.222291092,1.299900417,true,OK
1784907872.371815920,0.172973428,0.089384767,8.718189232,7.529657632,0.006133358,-0.005134804,0.961410456,0.000332221,0.126668806,0.002460393,0.938094499,0.228152362,1.301895438,true,OK
1784907873.372101307,0.073508813,0.030583413,8.070769211,7.532210348,0.005697160,-0.005237522,0.853906720,0.000195067,0.000000000,0.001439430,0.000000000,0.211979630,1.288912445,true,OK
1784907874.371817112,0.070478880,0.099622059,8.805748927,7.500078382,0.007251215,-0.005516496,1.048711052,0.000478729,0.207479056,0.003543657,1.535804623,0.211914384,1.290182225,true,OK
1784907875.371891737,0.065031421,0.039515617,7.751486754,7.519309632,0.007332251,-0.005681015,1.054545554,0.000551089,0.414958778,0.004061612,3.058308840,0.208159313,1.286487305,true,OK
1784907876.371773005,0.065754197,0.105664905,8.606926780,7.490364422,0.007049192,-0.005703588,1.106742314,0.000251777,0.121946558,0.001840800,0.891580786,0.198079714,1.297164610,true,OK
1784907877.371815920,0.072398836,0.053714671,7.934697202,7.592908122,0.007863433,-0.006001129,0.775226529,0.000383924,0.180225774,0.003103437,1.456848005,0.200000383,1.295313031,true,OK
1784907878.371770620,0.011428250,0.119177703,7.959563169,7.506331392,0.007625999,-0.006165790,0.881905863,0.000240115,0.208420008,0.001775924,1.541501711,0.192948357,1.291492775,true,OK
1784907879.371812344,0.173420149,0.064223258,9.001745786,7.585864548,0.007206348,-0.005440482,1.333917771,0.000102019,0.278362492,0.000830681,2.266542895,0.208774677,1.282839273,true,OK
1784907880.371919870,0.073324277,0.007869191,8.392886507,7.660032420,0.007590234,-0.005695108,1.031536947,0.000741949,0.148037520,0.005421828,1.081790632,0.200778092,1.281524989,true,OK
1784907881.372405052,0.172927336,0.075035955,8.737561175,7.555320738,0.007204509,-0.006451237,1.025425822,0.000444436,0.120331298,0.003293908,0.891828320,0.209528772,1.281624430,true,OK
1784907882.371757507,0.073535831,0.018078260,8.486393949,7.600408437,0.007003296,-0.006172755,1.168912276,0.000121100,0.019782341,0.000987300,0.161280180,0.213053081,1.283059853,true,OK
1784907883.373562336,0.174951236,0.086628852,11.204355121,7.624313410,0.006628899,-0.005693682,0.760403625,0.000342936,0.230699911,0.002539861,1.708615080,0.215579196,1.282728995,true,OK
1784907884.372035265,0.062799894,0.014368016,8.680681536,7.537110440,0.006646513,-0.006405318,0.921260216,0.000474936,0.100870555,0.003664437,0.778280626,0.214253718,1.294035209,true,OK
1784907885.371815205,0.072698095,0.095124818,8.386896138,7.660293205,0.007196261,-0.006150810,0.780447222,0.000541792,0.225553524,0.004414611,1.837848404,0.217287702,1.308859341,true,OK
1784907886.371813774,0.074479513,0.025807617,8.024942047,7.507359263,0.007482023,-0.006100818,0.966613372,0.000238529,0.178041140,0.001766719,1.318704149,0.211356611,1.309361074,true,OK
1784907887.371798038,0.069546404,0.105627128,9.132965283,7.608637817,0.006797162,-0.005405101,1.278358054,0.000618164,0.113640914,0.004575406,0.841125325,0.216049367,1.319803019,true,OK
1784907888.371726513,0.270997199,0.307159831,9.214302590,7.714941066,0.007190882,-0.005867522,1.100387870,0.000897670,0.163129423,0.006652000,1.208836784,0.215522046,1.307750813,true,OK
1784907889.371752977,0.069729126,0.115571791,8.832095774,7.554133984,-0.008850452,-0.007824228,0.772056187,0.001849369,0.081564685,0.015047347,0.663648976,0.260834211,1.305686790,true,OK
1784907890.372117758,0.072532817,0.059082853,7.998953223,7.631015261,-0.014030876,-0.009211630,0.805648449,0.000735138,0.214891358,0.005440215,1.590253327,0.267291821,1.298102738,true,OK
1784907891.371800900,0.073523943,0.124174978,8.593044748,7.534594872,-0.024033641,-0.018217490,0.866488572,0.001974687,0.172458515,0.014621973,1.277004258,0.112109930,1.299338785,true,OK
1784907892.371837139,0.072796835,0.057418508,7.897146505,7.495394447,-0.031112276,-0.018580416,0.771509796,0.002063163,0.055952910,0.015256010,0.413742405,0.135182382,1.294491117,true,OK
1784907893.372525454,0.070002124,0.131750707,8.463835459,7.514020755,-0.029730657,-0.018702514,0.631772643,0.000549224,0.438348468,0.004066248,3.245367615,0.128616059,1.298698261,true,OK
1784907894.371812820,0.172921152,0.078075351,8.706459617,7.610246055,-0.030149145,-0.018759562,0.971761691,0.000479665,0.000000000,0.003547479,0.000000000,0.136405289,1.309324756,true,OK
1784907895.371837139,0.071420489,0.010603660,8.310654108,7.511048571,-0.030751475,-0.018771613,0.821748132,0.000629962,0.216704814,0.004720209,1.623735917,0.129568921,1.310407992,true,OK
1784907896.372127056,0.153473472,0.088422216,8.434105544,7.621141416,-0.030687235,-0.019317269,0.782978984,0.000124512,0.392669016,0.000913920,2.882200776,0.134426389,1.308529906,true,OK
1784907897.371806860,0.070259049,0.021338617,8.570709413,7.543559330,-0.031367308,-0.018897868,1.116629229,0.001109482,0.341496652,0.008213574,2.528123498,0.126327228,1.304183361,true,OK
1784907898.371817827,0.050923164,0.099755819,7.935328965,7.631697155,-0.030160037,-0.017916916,1.393591943,0.000601585,0.207479056,0.004868263,1.679003440,0.130078499,1.286894281,true,OK
1784907899.371801853,0.131296987,0.029910453,8.524701440,7.497473247,-0.029646344,-0.016945431,1.286019121,0.000679265,0.132704012,0.005029210,0.982526965,0.116653805,1.296052597,true,OK
1784907900.371786594,0.136296412,0.233190927,8.189878202,7.493528973,-0.028520967,-0.017031988,1.634703754,0.000453215,0.274825334,0.003337653,2.023920271,0.125950734,1.301491633,true,OK
1784907901.371806622,0.138579958,0.042615605,8.031383907,7.153001054,-0.029224099,-0.017383205,1.726140510,0.000231997,0.074018747,0.001717716,0.548037615,0.122542396,1.304686581,true,OK
1784907902.371817589,0.039915524,0.121136158,8.255477629,7.515400713,-0.029075380,-0.017820649,1.426627330,0.000133307,0.135620930,0.000986072,1.003185331,0.118506556,1.307170329,true,OK
1784907903.373885632,0.083424199,0.023304646,7.954925283,7.241418501,-0.028772088,-0.017829782,1.289369823,0.000236686,0.128204252,0.001926080,1.043286240,0.118388700,1.302314918,true,OK
1784907904.371834993,0.040587151,0.008732002,8.036491242,7.747034175,-0.029528738,-0.016712948,1.542400951,0.000236640,0.000000000,0.001747865,0.000000000,0.119163765,1.301396729,true,OK
1784907905.371814728,0.039795691,0.075172289,8.683040046,7.547869980,-0.030104505,-0.016465892,1.700027990,0.000401886,0.059347027,0.002973785,0.439143194,0.124633346,1.298361851,true,OK
1784907906.372993946,0.037464645,0.020403232,7.916044648,7.538890762,-0.028880892,-0.015463614,1.442056137,0.001072519,0.194833561,0.007942792,1.442886067,0.106677318,1.284641041,true,OK
1784907907.371820450,0.038987490,0.095101560,8.591131359,7.587590214,-0.014919903,-0.012127618,1.392691292,0.000494047,0.142652530,0.003995912,1.153789882,0.199131517,1.280611813,true,OK
1784907908.371829510,0.138783161,0.026257264,8.984902201,7.490764292,-0.019540224,-0.012402830,1.100230294,0.001330577,0.083929371,0.009846529,0.621093760,0.334754923,1.225980635,true,OK
1784907909.371736288,0.037774403,0.095777409,8.479004280,7.495507538,-0.020756719,-0.014431760,1.057024485,0.001550711,0.979986898,0.011468500,7.247631116,0.305665341,1.167079526,true,OK
1784907910.371807337,0.140263803,0.038776251,8.778351636,7.604932075,-0.012554790,-0.012773509,0.017381934,0.000757532,0.096913294,0.005618625,0.718807198,0.328948574,1.242281828,true,OK
1784907911.371869802,0.037080110,0.105252482,8.434952428,7.541568705,-0.010709012,-0.012100320,-0.459406960,0.002365425,0.048456644,0.017511845,0.358736860,0.296619433,1.251505611,true,OK
1784907912.371831656,0.139568769,0.035790799,8.731765698,7.479168066,-0.011679781,-0.014631718,0.218298304,0.000199326,0.113640914,0.001485257,0.846783161,0.290906275,1.238885015,true,OK
1784907913.371827126,0.038722602,0.116735657,8.296761563,7.597297129,-0.007433865,-0.008989239,-0.322479089,0.000815383,0.228997300,0.006036562,1.695346177,0.283152849,1.263794034,true,OK
1784907914.371996880,0.118425873,0.054946037,8.441319264,7.609624857,-0.008799784,-0.009701842,-0.565324691,0.001115321,0.399094517,0.008317728,2.976325793,0.278050478,1.249958023,true,OK
1784907915.371860266,0.036383167,0.116680639,8.135939801,7.475864669,-0.007694767,-0.010044590,-0.390994117,0.000275056,0.688702435,0.001988482,4.978891907,0.286119531,1.256019043,true,OK
1784907916.371886492,0.139455880,0.058208098,8.516543053,7.499164059,-0.007465987,-0.009612965,-0.269303879,0.000657269,0.357180047,0.004883784,2.653995820,0.295544696,1.256740259,true,OK
1784907917.371754646,0.040524373,0.001734271,8.070366729,7.542833200,-0.008076921,-0.009919541,-0.495832185,0.000131503,0.262442628,0.000974045,1.943914009,0.294087217,1.270127993,true,OK
1784907918.374044895,0.037739403,0.069195868,8.673569566,7.498055775,-0.007493086,-0.009716516,-0.266044859,0.000297993,0.141274205,0.002173851,1.030592862,0.295941195,1.271888691,true,OK
1784907919.373406172,0.037699921,0.013549408,7.945541687,7.582472652,-0.007387928,-0.010350249,-0.306736495,0.000396970,0.044234660,0.003231262,0.360061688,0.291557012,1.276214816,true,OK
1784907920.371840000,0.038963269,0.078435479,8.733391077,7.537225131,-0.007796980,-0.010554456,-0.314104522,0.000273795,0.128204252,0.002021378,0.946509673,0.294023235,1.268723747,true,OK
1784907921.371797800,0.237615094,0.276976880,8.676297458,7.485963135,-0.007675512,-0.010844865,-0.515465662,0.000160249,0.088469326,0.001162270,0.641659849,0.288121234,1.266168711,true,OK
1784907922.371813297,0.030447451,0.087142851,7.976983375,7.268742044,-0.007127530,-0.010870084,-0.526617573,0.000082236,0.115349902,0.000609058,0.854311118,0.296320859,1.264818409,true,OK
1784907923.371790171,0.040495873,0.026843614,7.656921125,7.539923107,-0.006504571,-0.010109416,-0.357400591,0.000355917,0.125114538,0.002621580,0.921557963,0.293629092,1.269449684,true,OK
1784907924.371775627,0.037375275,0.099628116,8.388748271,7.551149154,-0.006838275,-0.010021471,-0.664244881,0.000327275,0.034264021,0.002486905,0.260366136,0.302818896,1.272885211,true,OK
1784907925.371770859,0.139732769,0.043454010,8.602007755,7.575723966,-0.006656339,-0.009450466,-0.566085040,0.000508786,0.205584225,0.003831278,1.548098802,0.299257601,1.276770993,true,OK
1784907926.371987343,0.039394081,0.120166200,8.324909023,7.622449281,-0.006257312,-0.009484679,-0.655914387,0.000522947,0.167858796,0.004187162,1.344021698,0.289774040,1.281715294,true,OK
1784907927.371821880,0.139801657,0.053615173,8.756175595,7.538209042,-0.006523994,-0.008298036,-0.589718915,0.000317679,0.118694067,0.002404039,0.898217834,0.288442734,1.281324195,true,OK
1784907928.371838093,0.040169264,0.128002279,8.075890822,7.550350928,-0.007036823,-0.008698452,-0.613556902,0.000151913,0.205584225,0.001124386,1.521629124,0.283613382,1.269338643,true,OK
1784907929.371715069,0.038153364,0.075159178,9.419153299,7.605017996,-0.006688915,-0.008746129,-0.474021773,0.000391975,0.121946558,0.002901515,0.902685175,0.292060137,1.260643111,true,OK
1784907930.371760845,0.036896481,0.019791216,8.108184371,7.649485533,-0.005750212,-0.007416875,-0.268149940,0.000200579,0.246288351,0.001484630,1.822953425,0.288227470,1.256019220,true,OK
1784907931.371794462,0.027723054,0.086467521,8.507997165,7.534777433,-0.006800336,-0.007714432,-0.623522248,0.000203391,0.392170386,0.001506874,2.905499678,0.293628853,1.263985981,true,OK
1784907932.371756077,0.124394109,0.024122551,8.667807052,7.517836506,-0.007132664,-0.008167302,-0.805249636,0.000697150,0.283930297,0.005675108,2.311316109,0.284311922,1.247987599,true,OK
1784907933.371974945,0.036292057,0.097102830,8.740989159,7.563473491,-0.007402042,-0.009738431,-0.416147606,0.000410014,0.189745630,0.003076868,1.423909207,0.280476451,1.247226242,true,OK
1784907934.371790409,0.139275012,0.040586799,8.890758171,7.586322021,-0.007294473,-0.009586965,0.152335702,0.000436676,0.572666112,0.003554243,4.661106872,0.276957046,1.249646288,true,OK
1784907935.371811152,0.037422497,0.107395066,8.379365815,7.519880499,-0.007835665,-0.009161901,-0.095797747,0.000400334,0.416371027,0.002963098,3.081795892,0.281875820,1.251298878,true,OK
1784907936.371834278,0.138795216,0.049566800,8.909723625,7.520600864,-0.007537533,-0.008960291,-0.585436713,0.000199611,0.367441312,0.001477361,2.719510985,0.297469376,1.264731020,true,OK
1784907937.371813297,0.040112746,0.127864724,8.480878019,7.608435735,-0.007806727,-0.009366848,-0.499861760,0.000339248,0.113640914,0.002754482,0.922693634,0.288999557,1.272775442,true,OK
1784907938.371835232,0.041018834,0.061458733,8.863730593,7.545217815,-0.007832368,-0.008985811,-0.233148742,0.000228979,0.191796995,0.001696528,1.421044877,0.301390011,1.271548215,true,OK
1784907939.376580238,0.043187029,0.006520604,8.147536083,7.533480089,-0.007635903,-0.008829589,-0.660964665,0.000536340,0.247081560,0.003972951,1.830262517,0.290363652,1.257216853,true,OK
1784907940.371766090,0.039227712,0.082895795,8.726123707,7.635405955,-0.007595603,-0.009456258,-0.724476606,0.000470724,0.175829360,0.003832577,1.431580826,0.302108635,1.251481560,true,OK
1784907941.375334263,0.040751354,0.030440784,2327.819853175,2628.379374731,-0.007347248,-0.008954859,-0.900247776,0.000020026,0.090654086,0.000148162,0.670686451,0.292491059,1.259212750,true,OK
1784907942.371827126,0.039194119,0.094353952,397.930437700,557.165219378,-0.007947826,-0.007752799,-1.166604746,0.000237863,0.034264021,0.001763219,0.253991051,0.301236690,1.242941884,true,OK
1784907943.371861696,0.139525159,0.037983994,90.448257697,99.784753266,-0.007999059,-0.008833967,-1.618063729,0.000717275,0.175829360,0.005311253,1.301974713,0.294657592,1.233859207,true,OK
1784907944.372801304,0.037372516,0.113806281,22.649754687,26.935654356,-0.007976936,-0.008296797,-2.020623659,0.000505653,0.074018747,0.004126389,0.604030564,0.303389085,1.238922140,true,OK
1784907945.371770620,0.133526702,0.048094694,11.543115664,10.769080006,-0.007907888,-0.006644495,-2.746578052,0.000707438,1.151480781,0.005227278,8.508320962,0.301878720,1.220279312,true,OK
1784907946.371807575,0.037411719,0.126599026,8.623643886,8.238421449,-0.010691070,-0.004679214,-3.753323228,0.001523117,0.681275191,0.011265753,5.039059429,0.306591212,1.226642321,true,OK
1784907947.371812344,0.033164329,0.070272994,8.692647812,7.673906304,-0.015245302,-0.012349908,-1.744860834,0.001578006,0.108352360,0.011674705,0.801632997,0.262004833,1.209347623,true,OK
1784907948.371777058,0.038700954,0.014829440,7.900308826,7.368044274,-0.016184555,-0.004293140,-1.209415512,0.001044741,0.432053861,0.008512764,3.520462498,0.285108056,1.217408982,true,OK
1784907949.371821642,0.041430407,0.090679838,8.733011175,7.580222573,-0.011533289,-0.000559796,-1.960542467,0.000346804,0.117033931,0.002810388,0.948403976,0.280440041,1.228288387,true,OK
1784907950.374659061,0.138294126,0.024948325,8.863355836,7.523308637,-0.013331661,-0.003521234,-1.560774343,0.000284468,0.092787413,0.002105090,0.686634549,0.272727085,1.209872944,true,OK
1784907951.371735334,0.033752049,0.091808314,8.764442363,7.527509784,-0.012785986,-0.003348228,-1.627179490,0.000729982,0.153233400,0.005423260,1.138418353,0.277077394,1.212809203,true,OK
1784907952.371833324,0.128306778,0.032404073,8.617505598,7.528575916,-0.015952922,-0.004876234,-1.509674653,0.001706806,0.123540700,0.012641856,0.915032755,0.278911095,1.202003120,true,OK
1784907953.371739626,0.036699352,0.101532812,8.520632996,7.517747378,-0.016982001,-0.005338877,-1.038048830,0.000980847,0.275536395,0.007265532,2.041010466,0.270703920,1.209147162,true,OK
1784907954.371894598,0.137521612,0.043675638,8.731011688,7.539426872,-0.014472381,-0.005900399,-1.296539467,0.000089609,0.102792073,0.000654796,0.751127148,0.263592236,1.209124979,true,OK
1784907955.371911764,0.039574710,0.124456682,8.372082055,7.651281575,-0.014223649,-0.006250465,-1.445229390,0.000192931,0.129721514,0.001573902,1.058249270,0.261807685,1.212737254,true,OK
1784907956.371809483,0.125839103,0.052869027,8.413147593,7.508214399,-0.014064688,-0.006967444,-1.186087317,0.000533989,0.345484255,0.004012247,2.595871910,0.263607928,1.193280135,true,OK
1784907957.371758699,0.039387156,0.128137649,8.144707624,7.529177742,-0.014990764,-0.006581217,-1.785299016,0.000980294,0.380007046,0.007259727,2.814204731,0.270606521,1.187805307,true,OK
1784907958.371735573,0.040036246,0.077229651,8.752372217,7.593800377,-0.013447003,-0.007116492,-1.753983466,0.000491481,0.344349643,0.003616160,2.533614356,0.274657951,1.178437745,true,OK
1784907959.371774673,0.041347648,0.021833634,7.970545837,7.642524256,-0.013581102,-0.006902216,-1.398474854,0.000284338,0.261696003,0.002117804,1.949159363,0.269035061,1.160864784,true,OK
1784907960.372044325,0.038312438,0.086984056,7.959654574,7.539302968,-0.013381953,-0.006635749,-1.480095705,0.000222275,0.019782341,0.001661129,0.147839423,0.269240975,1.178382179,true,OK
1784907961.371890545,0.140844950,0.031789427,8.662250633,7.569305621,-0.015826343,-0.007886166,-1.977716611,0.002048224,0.228141232,0.015151770,1.687678673,0.268458801,1.190459186,true,OK
1784907962.371894598,0.008152689,0.095849780,8.087906746,7.486533562,-0.019388895,-0.011890783,-1.897091250,0.000712787,0.115349902,0.005279951,0.854450803,0.291761711,1.174191961,true,OK
1784907963.371818542,0.141083078,0.042006220,8.764648742,7.600551411,-0.013707211,-0.007455055,-1.849286816,0.001177142,0.113640914,0.009530523,0.920073591,0.270919459,1.199042561,true,OK
1784907964.371745586,0.039532285,0.108663875,8.344443491,7.507255042,-0.010446099,-0.005701020,-1.601514881,0.000725766,0.267610787,0.005344131,1.970534503,0.255708563,1.225667722,true,OK
1784907965.372107267,0.139348289,0.053092193,9.048273170,7.542385267,-0.010224788,-0.004047882,-2.106765885,0.000674896,0.121946558,0.004972510,0.898480392,0.285099768,1.227518987,true,OK
1784907966.371993303,0.019369699,0.119234297,8.380876512,7.490156045,-0.011375810,-0.006467476,-2.045736894,0.001343855,0.228997300,0.009953536,1.696115402,0.261126632,1.229173144,true,OK
1784907967.372460365,0.107737324,0.047651623,9.299229035,7.476521329,-0.013509578,-0.008991805,-1.793894079,0.000448308,0.418246580,0.003651048,3.406225891,0.265828219,1.251668147,true,OK
1784907968.372466087,0.007930802,0.126871432,8.779855743,7.556945319,-0.012258212,-0.007430196,-1.709336704,0.000598209,0.135620930,0.004412822,1.000438885,0.266159375,1.252585724,true,OK
1784907969.372962475,0.110790534,0.062011620,10.031744038,7.686170046,-0.011934694,-0.008136475,-1.849646732,0.000277937,0.292752233,0.002084917,2.196050170,0.264472314,1.243524538,true,OK
1784907970.371831656,0.039664395,0.005084257,8.289357518,7.577430029,-0.010771742,-0.007681570,-1.830024949,0.000386210,0.111905833,0.002857452,0.827957227,0.249523681,1.239378430,true,OK
1784907971.371803999,0.039934987,0.083406700,8.828979852,7.637500508,-0.011105507,-0.006700377,-1.953033758,0.000297991,0.019782341,0.002426076,0.161056717,0.268586163,1.247302557,true,OK
1784907972.371855259,0.039762024,0.150620521,7.974059494,7.538126261,-0.013464402,-0.007736669,-2.175858768,0.000373436,0.094872788,0.002769108,0.703502287,0.260250791,1.239471873,true,OK
1784907973.371820211,0.039467359,0.094477971,7.877316452,16.853122509,-0.013566900,-0.006518794,-2.101656420,0.001256351,0.120331298,0.009295821,0.890338843,0.266928984,1.252890201,true,OK
1784907974.371801615,0.139673325,0.037735737,8.592149652,9.095893419,-0.012542712,-0.006512493,-1.881128368,0.000206228,0.363694527,0.001527320,2.693514939,0.264522367,1.270499095,true,OK
1784907975.371833086,0.026712410,0.117160972,8.191322828,7.903474992,-0.012083897,-0.006662520,-1.991018202,0.000744679,0.117033931,0.005533875,0.869704920,0.261832597,1.284324282,true,OK
1784907976.371821165,0.138494423,0.047737992,10.377661367,7.700402356,-0.012716722,-0.006313204,-2.166118143,0.000782860,0.118694067,0.005766567,0.874304047,0.259103403,1.281770299,true,OK
1784907977.371866465,0.039593248,0.127576577,12.408793836,7.629931231,-0.011866150,-0.007351475,-2.156620644,0.000915128,0.377941768,0.006848663,2.828450713,0.256621512,1.279503975,true,OK
1784907978.372304678,0.140099120,0.070728195,9.310191543,7.654177127,-0.011602571,-0.005968903,-2.221563264,0.000309481,0.098911718,0.002291531,0.732384171,0.259987382,1.271613453,true,OK
1784907979.371766567,0.037933920,0.002368268,9.084140356,7.521734068,-0.011599856,-0.005248831,-1.782846916,0.000909813,0.358819746,0.006727672,2.653314587,0.252705799,1.280176119,true,OK
1784907980.371825933,0.026842447,0.074918845,8.868223531,7.498577910,-0.012312505,-0.005719973,-2.165404461,0.000013889,0.027976455,0.000098513,0.198440003,0.258488680,1.284561128,true,OK
1784907981.371829510,0.137921572,0.023896274,8.989824729,7.589155332,-0.011915128,-0.005612998,-2.331522599,0.000089266,0.074018747,0.000726693,0.602566223,0.252741307,1.278783952,true,OK
1784907982.371816397,0.039056750,0.103935988,8.491524995,7.664514152,-0.011972311,-0.004955508,-2.044197605,0.000320990,0.216704814,0.002616013,1.766105749,0.258745130,1.272460165,true,OK
1784907983.371833801,0.139239123,0.047448642,8.709499083,7.659883365,-0.013685568,-0.004919950,-2.358666064,0.000156144,0.110143430,0.001155871,0.815349629,0.259312369,1.270661533,true,OK
1784907984.371835232,0.038852954,0.114163188,8.433790257,7.544348921,-0.016918842,-0.007123150,-2.555657393,0.001707353,0.039564681,0.012647476,0.293081458,0.259878013,1.257268706,true,OK
1784907985.371855259,0.139490567,0.058214376,7.500409398,6.780859360,-0.016856149,-0.007977680,-2.146874653,0.001758376,0.292366448,0.002202603,0.366228250,0.260401045,1.244014969,false,LOW_ANGULAR_COVERAGE
1784907986.372102499,0.019358385,0.136540615,7.480979725,7.437525751,-0.019867029,-0.009602995,-2.016468800,0.000537627,0.126668806,0.004003121,0.943164650,0.266826219,1.252704818,true,OK
1784907987.372044086,0.031076838,0.077141022,8.974302154,7.576038592,-0.014769786,-0.002215294,-2.601407759,0.002674121,0.128204252,0.021765122,1.043476025,0.273795671,1.261831245,true,OK
1784907988.371858597,0.037811680,0.010853308,8.033835034,7.516630299,-0.013283775,-0.002639635,-2.637185951,0.000310816,0.100870555,0.002277613,0.739163816,0.259206567,1.263921748,true,OK
1784907989.371821404,0.038960454,0.087632831,8.692524508,7.613589471,-0.016362124,-0.007366891,-2.354668676,0.000131220,0.071326251,0.001056840,0.574457267,0.257329308,1.242190966,true,OK
1784907990.371932507,0.036880480,0.019067830,7.974473184,7.498683009,-0.022542877,-0.012433675,-1.846856331,0.001816444,0.261696003,0.013203826,1.902282143,0.262564786,1.231417909,true,OK
1784907991.372063398,0.036705481,0.100889315,8.579200612,7.597081430,-0.020148635,-0.011222573,-2.253337804,0.001055078,0.339773363,0.007809219,2.514851802,0.261630943,1.238094629,true,OK
1784907992.372882605,0.138178165,0.029961731,8.736270346,7.465312874,-0.015734027,-0.007967833,-2.426205710,0.000354853,0.259443188,0.002612944,1.910399422,0.260786879,1.238802653,true,OK
1784907993.371792078,0.034631878,0.111563309,8.294078461,7.591266001,-0.015639185,-0.005231235,-2.334680618,0.000509168,0.126668806,0.003774074,0.938900048,0.265722887,1.253253665,true,OK
1784907994.371795654,0.135035141,0.042979104,8.632756947,7.504595267,-0.018403404,-0.006391287,-2.337763421,0.000244422,0.098911718,0.001822167,0.737387673,0.281829915,1.254979832,true,OK
1784907995.372427464,0.040220449,0.121368528,8.347569168,7.549132601,-0.018859786,-0.006005249,-2.145682760,0.000736117,0.736216539,0.005450170,5.450904176,0.294714432,1.249856203,true,OK
1784907996.372124434,0.033815123,0.064200982,8.805953841,7.583645845,-0.018779535,-0.008283378,-1.748020255,0.000502674,0.096913294,0.003732787,0.719664389,0.261241752,1.247041896,true,OK
1784907997.371825218,0.040184320,0.125864215,8.005024199,7.464798875,-0.016749416,-0.008609236,-1.559918487,0.000538408,0.125114538,0.003969442,0.922412772,0.252640432,1.247475464,true,OK
1784907998.371805429,0.038339697,0.073013594,8.735099273,7.563462877,-0.016655723,-0.008805036,-1.780613731,0.000282898,0.121946558,0.002084143,0.898393363,0.257469043,1.253606189,true,OK
1784907999.371725559,0.036045836,0.018761906,7.940751407,7.574558764,-0.016701789,-0.009534185,-1.824981880,0.000239557,0.129721514,0.001771982,0.959539569,0.245085342,1.263639792,true,OK
1784908000.371806145,0.039292230,0.098436028,8.621510304,7.606283863,-0.017023238,-0.009218996,-1.857895074,0.000178969,0.113640914,0.001324005,0.840710825,0.252175458,1.266650819,true,OK
1784908001.371813536,0.138809717,0.042222792,8.727771676,7.568888288,-0.017245932,-0.008655343,-1.643302303,0.000500677,0.163129423,0.003705097,1.207186311,0.249796774,1.258140172,true,OK
1784908002.371798992,0.036128651,0.120821698,8.335867503,7.571173626,-0.018265924,-0.008816805,-1.806809081,0.000427261,0.090654086,0.003167507,0.672065291,0.239071183,1.260207726,true,OK
1784908003.371815920,0.038709622,0.064954534,8.911753236,7.568494979,-0.017572507,-0.009838546,-1.986051368,0.000216612,0.111905833,0.001601939,0.827590974,0.239927731,1.253241433,true,OK
1784908004.371855259,0.039303934,0.007076064,8.054119791,7.524371554,-0.018120443,-0.009644015,-2.097528216,0.000352766,0.121946558,0.002610841,0.902533000,0.241863933,1.253394245,true,OK
1784908005.371808529,0.030595173,0.086067319,8.671818312,7.578095668,-0.017681248,-0.008708345,-1.698376843,0.000120703,0.108352360,0.000892175,0.800888491,0.246779272,1.256833141,true,OK
1784908006.371760845,0.139605473,0.029466937,8.981941517,7.585462703,-0.018072089,-0.009008726,-2.196373539,0.000344207,0.395152724,0.002801960,3.216673326,0.237097847,1.252006354,true,OK
1784908007.371809006,0.039626451,0.109235929,8.397883390,7.648985024,-0.019757840,-0.009461932,-1.653792130,0.000232616,0.339773363,0.001893500,2.765757424,0.236136902,1.251143302,true,OK
1784908008.371830225,0.140040935,0.053978875,8.702163635,7.617966357,-0.017605067,-0.008970254,-1.371114265,0.000198976,0.090654086,0.001621526,0.738773448,0.235808402,1.255464277,true,OK
1784908009.371846437,0.038187753,0.132437595,8.037469712,7.613807210,-0.018391669,-0.009405136,-1.370906718,0.000367785,0.364232137,0.002726861,2.700518672,0.234869042,1.268542581,true,OK
1784908010.371818066,0.038445622,0.075293604,8.696482529,7.562981691,-0.018850901,-0.010356964,-2.000597679,0.000144351,0.044234660,0.001068072,0.327298703,0.243718238,1.266309678,true,OK
1784908011.371820688,0.035948151,0.019912030,7.955544811,7.541152544,-0.015757738,-0.010286842,-1.945532574,0.000310739,0.110143430,0.002298026,0.814550902,0.232362622,1.264131257,true,OK
1784908012.371818542,0.039698674,0.098844360,8.484160871,7.546446926,-0.017595986,-0.009296680,-1.642263744,0.000233464,0.121946558,0.001726437,0.901778085,0.239451028,1.255051909,true,OK
1784908013.371792793,0.138929180,0.055049926,8.715208549,7.668626083,-0.016523808,-0.009975049,-1.903185295,0.000157379,0.129721514,0.001164259,0.959653535,0.239879866,1.234814268,true,OK
1784908014.371795177,0.037083647,0.120509069,8.322638568,7.524502125,-0.016690084,-0.010286682,-2.107248282,0.000024832,0.027976455,0.000183879,0.207162281,0.237308132,1.257394613,true,OK
1784908015.371811628,0.039522988,0.077298651,8.785350299,7.666192639,-0.015991473,-0.009429362,-2.315546533,0.000516547,0.509372937,0.004209442,4.150983214,0.244695187,1.267894306,true,OK
1784908016.371850967,0.038354086,0.020000623,7.964368469,7.646249859,-0.017816740,-0.008537527,-1.951142641,0.000211786,0.092787413,0.001584040,0.693996352,0.243334003,1.264820755,true,OK
1784908017.371881723,0.035599245,0.086641336,8.603828921,7.531028893,-0.018767512,-0.008741126,-1.756956814,0.000450514,0.400562687,0.003391005,3.015021460,0.242113900,1.263819610,true,OK
1784908018.371950150,0.138823366,0.029411844,8.805559584,7.567207892,-0.019477525,-0.008794603,-2.041110179,0.000152180,0.211217717,0.001239080,1.719774026,0.237637004,1.257756086,true,OK
1784908019.371842384,0.040055246,0.110466498,8.346539383,7.689432477,-0.019087891,-0.008138849,-1.878643845,0.000586636,0.125114538,0.004785088,1.020537344,0.240935911,1.264849680,true,OK
1784908020.371858358,0.130543696,0.042784568,8.787869718,7.532646456,-0.021560696,-0.008915035,-1.888614003,0.000308806,0.150657858,0.002268178,1.106582381,0.242318238,1.262377208,true,OK
1784908021.371776581,0.038883047,0.120530513,8.398108031,7.540349093,-0.021717822,-0.010102488,-2.013452794,0.000219060,0.019782341,0.001621137,0.146397521,0.240697818,1.267650545,true,OK
1784908022.371880531,0.038885435,0.075843101,8.756959918,7.653249123,-0.020368776,-0.011001117,-2.073098748,0.000438599,0.125114538,0.003569834,1.018329254,0.239658849,1.272621144,true,OK
1784908023.371813059,0.039441193,0.019880476,7.957876170,7.588120995,-0.019362334,-0.010288637,-1.737617260,0.000295031,0.217605878,0.002183212,1.610271525,0.248911305,1.263499937,true,OK
1784908024.371806145,0.039010453,0.099412395,8.589751094,7.609714325,-0.019033742,-0.009858174,-1.924332634,0.000296486,0.163129423,0.002194315,1.207332238,0.262354122,1.268434210,true,OK
1784908025.371805668,0.139495011,0.043396547,8.746539182,7.554098930,-0.020382636,-0.011121565,-2.329868873,0.000143576,0.110143430,0.001061602,0.814398550,0.259075703,1.251806217,true,OK
1784908026.371846199,0.035244451,0.120225330,8.294808379,7.534084050,-0.021525764,-0.011658720,-2.462608404,0.000575463,0.258687892,0.004255832,1.913125794,0.251869819,1.257974592,true,OK
1784908027.371800661,0.039466433,0.065682643,8.808426855,7.542320527,-0.025183835,-0.011184724,-2.295811395,0.001827804,0.379491794,0.013516307,2.806279440,0.253739761,1.251296702,true,OK
1784908028.371884346,0.040884242,0.008850705,7.948290626,7.570804040,-0.024956043,-0.011993622,-2.886467705,0.001261341,0.108352360,0.009371540,0.805038698,0.257822234,1.263011989,true,OK
1784908029.372815371,0.036076614,0.087492814,8.737177283,7.636399292,-0.018011189,-0.009891394,-3.107995239,0.000420098,0.079129369,0.003419655,0.644123880,0.281233762,1.286646841,true,OK
1784908030.371829033,0.139898694,0.029674195,8.846649386,7.604586051,-0.019368568,-0.009471840,-2.690961153,0.000041212,0.071326251,0.000335395,0.580475494,0.285720414,1.273013854,true,OK
1784908031.371802330,0.039493637,0.110822794,8.372389167,7.663186923,-0.022609740,-0.010126484,-3.064286596,0.000067240,0.106531181,0.000547492,0.867418183,0.292563199,1.267766232,true,OK
1784908032.371878386,0.140997616,0.054147170,8.738478362,7.610049799,-0.021172283,-0.009079821,-3.113378207,0.000596718,0.180225774,0.004855094,1.466376310,0.300189853,1.267527858,true,OK
1784908033.371735096,0.039840876,0.131476840,8.348707947,7.625664084,-0.021107883,-0.008492341,-3.099190370,0.000228417,0.163129423,0.001851092,1.321998660,0.285265664,1.272401496,true,OK
1784908034.372207642,0.018027797,0.075812305,8.828778064,7.616360092,-0.020826007,-0.007915496,-2.944270514,0.000412110,0.000000000,0.003139671,0.000000000,0.292085810,1.276676587,true,OK
1784908035.371740341,0.035875911,0.020039085,8.010183971,7.654193651,-0.021383219,-0.007236040,-3.028947814,0.000400015,0.144017660,0.002973468,1.070540752,0.290454536,1.275405539,true,OK
1784908036.371800900,0.038971269,0.100005763,8.697028021,7.689178772,-0.020849821,-0.007989697,-2.743373029,0.000117423,0.405418205,0.000956463,3.302316072,0.287429544,1.275388512,true,OK
1784908037.372662544,0.136610412,0.044281155,8.700915454,7.633785263,-0.020325786,-0.007686473,-2.683764341,0.000353329,0.245492580,0.002877898,1.999560899,0.284364058,1.277793496,true,OK
1784908038.371813297,0.039860005,0.121476306,8.214506988,7.697516192,-0.020523045,-0.007072829,-2.588555586,0.000536648,0.243893275,0.004348519,1.976293398,0.284805891,1.274270572,true,OK
1784908039.371829510,0.037907958,0.065791827,8.780907119,7.630283143,-0.021062425,-0.006527544,-2.946961525,0.000607771,0.301964691,0.004495166,2.233376554,0.288703094,1.270421175,true,OK
1784908040.371736288,0.038976028,0.009414610,7.906570473,7.619127304,-0.020590587,-0.007327199,-2.811385492,0.000157759,0.027976455,0.001285208,0.227913981,0.287547276,1.270941914,true,OK
1784908041.371905088,0.037571460,0.088561124,9.544958449,7.661992154,-0.019435882,-0.007576559,-3.031194793,0.000834397,0.108352360,0.006784438,0.881007249,0.284952455,1.282545224,true,OK
1784908042.371835470,0.039622414,0.032131259,8.390561813,7.772027829,-0.019789358,-0.006900490,-2.978684879,0.000242015,0.118694067,0.001873697,0.918936981,0.271598545,1.271126356,true,OK
1784908043.371832848,0.036976906,0.091388242,8.459019593,7.499722478,-0.019387288,-0.006561527,-2.891255825,0.000743618,0.019782341,0.005402782,0.143729174,0.264614408,1.281709801,true,OK
1784908044.371818781,0.139156012,0.042319125,8.699258405,7.575915164,-0.018847545,-0.006538214,-2.972209148,0.000540403,0.285990293,0.003978705,2.105598018,0.274195720,1.273175507,true,OK
1784908045.371906519,0.063010005,0.121642120,9.314596444,7.583794004,-0.017259773,-0.006861806,-2.695372009,0.000529539,0.118694067,0.003913238,0.877136588,0.272276642,1.261904234,true,OK
1784908046.371843815,0.161483978,0.065781457,8.840375823,7.552249010,-0.017718183,-0.006106475,-2.376911744,0.000258228,0.117033931,0.001911355,0.866261649,0.290731907,1.263392892,true,OK
1784908047.371723890,0.058577967,0.020027530,8.402174594,7.669274527,-0.018337817,-0.006355173,-2.654865952,0.000638181,0.138476416,0.004805247,1.042671100,0.279337912,1.266882931,true,OK
1784908048.371736050,0.062148230,0.087569073,8.915801293,7.557989616,-0.018377695,-0.006454779,-2.906195359,0.000970510,0.364768947,0.007176690,2.697379085,0.287773060,1.272280890,true,OK
1784908049.371770620,0.020668990,0.035670875,7.584925077,8.358179904,-0.017911765,-0.007170258,-2.362036586,0.000509307,0.187671854,0.003752322,1.382674300,0.275971182,1.263608894,true,OK
1784908050.371838093,0.062151046,0.110211740,8.867641318,7.730010958,-0.019239948,-0.006548563,-1.930308693,0.000100725,0.376385392,0.000745150,2.784434858,0.278922970,1.254140835,true,OK
1784908051.371860266,0.157829789,0.066324547,8.825157495,7.727161438,-0.019771110,-0.006931887,-2.054787023,0.000866858,0.129721514,0.006423446,0.961240483,0.277600331,1.248885705,true,OK
1784908052.371834278,0.065372939,0.130801250,8.290480363,7.545694306,-0.020168590,-0.007438159,-2.219863197,0.000434422,0.189745630,0.003216239,1.404778299,0.267452092,1.234395980,true,OK
1784908053.371805906,0.164409152,0.076759190,8.836679325,7.564246990,-0.022345837,-0.010400927,-1.429118230,0.001446293,0.358819746,0.010713298,2.657928198,0.246159012,1.239058259,true,OK
1784908054.371730804,0.063241968,0.029163827,8.083803795,7.622157613,-0.023722989,-0.008518823,-1.668025010,0.001476241,0.052339156,0.010943530,0.387995628,0.267456120,1.237865378,true,OK
1784908055.371806622,0.063606076,0.112164085,8.715643981,7.673339636,-0.024774116,-0.008884677,-2.269800374,0.000440520,0.131221234,0.003592385,1.070093517,0.270300724,1.246597344,true,OK
1784908056.371758223,0.161401312,0.043719268,8.786351984,7.505078981,-0.024137469,-0.008769442,-2.153635582,0.000293935,0.399584503,0.002394158,3.254692371,0.277434460,1.250456886,true,OK
1784908057.372473955,0.063554614,0.135325306,8.404830177,7.692269588,-0.024940579,-0.007940510,-1.643373693,0.000554569,0.000000000,0.004530433,0.000000000,0.271499445,1.250386623,true,OK
1784908058.371849060,0.161393627,0.075403974,8.688446505,7.595120097,-0.025098554,-0.009331401,-1.881267961,0.000440749,0.506290440,0.003584564,4.117607535,0.268059845,1.249072745,true,OK
1784908059.371813059,0.062142305,0.021941707,8.575378409,7.638178623,-0.024926982,-0.009848084,-2.016782630,0.000646676,0.178041140,0.005265046,1.449558255,0.266805418,1.247909934,true,OK
1784908060.372024059,0.061182605,0.100323503,10.338223126,7.711560499,-0.025245395,-0.009248514,-2.326239385,0.000617347,0.318367070,0.004992140,2.574456137,0.277378719,1.262952712,true,OK
1784908061.371756077,0.064801831,0.044433562,8.500441998,7.834639712,-0.023527722,-0.009998631,-2.066181439,0.001377925,0.123540700,0.009619155,0.862425327,0.256764647,1.244274897,true,OK
1784908062.371795416,0.064640443,0.111169478,8.806259217,7.570362271,-0.023703577,-0.010032788,-2.281924512,0.000933352,0.129721514,0.006910038,0.960388480,0.251079076,1.259643564,true,OK
1784908063.371845961,0.163837524,0.054937297,9.225965554,7.530619027,-0.024873413,-0.009198139,-2.170630842,0.000845522,0.268340977,0.006258057,1.986102021,0.256603750,1.250431151,true,OK
1784908064.371813774,0.041935942,0.130276752,8.421321724,7.833312984,-0.025728891,-0.008937391,-2.180174597,0.001913035,0.170174190,0.014146405,1.258394661,0.258218317,1.276108190,true,OK
1784908065.371830702,0.161219053,0.075394511,8.858141780,7.633278968,-0.021228755,-0.001996298,-2.404089385,0.002258710,0.104678325,0.018377587,0.851696463,0.254856847,1.282072365,true,OK
1784908066.372305632,0.059569630,0.020330029,8.240228775,7.675140835,-0.021594198,-0.001204441,-2.613617238,0.000249300,0.118694067,0.002031163,0.967056364,0.253938977,1.282720186,true,OK
1784908067.373597622,0.049986909,0.167552009,7.304207978,7.129960489,-0.021498368,-0.001377466,-2.364528019,0.000471079,0.113640914,0.003166955,0.763982368,0.261048284,1.282313257,true,OK
1784908068.371813774,0.063674576,0.029843601,7.628508190,7.442590249,-0.021385758,-0.001347471,-2.012635406,0.000546604,0.000000000,0.004455841,0.000000000,0.267984576,1.265661716,true,OK
1784908069.371797085,0.063396207,0.097820753,8.660441610,7.476589471,-0.022051730,-0.002685956,-2.294111570,0.000163851,0.113640914,0.001211832,0.840482723,0.259907696,1.269816569,true,OK
1784908070.372065306,0.062783136,0.029437845,7.768574849,7.470565907,-0.022887144,-0.003020340,-2.285743381,0.001373488,0.160712550,0.010124533,1.184676707,0.269171966,1.260199625,true,OK
1784908071.371790886,0.057995117,0.100510299,8.595638923,7.502435646,-0.022095270,-0.002110536,-1.961097360,0.000566233,0.102792073,0.004184618,0.759662458,0.274649759,1.267033052,true,OK
1784908072.372614145,0.130443251,0.040004931,7.339679472,6.649363515,-0.022491979,-0.002420187,-1.828175609,0.000181824,0.044234660,0.001261465,0.306892861,0.257695258,1.272878509,true,OK
1784908073.371831656,0.062382767,0.104319024,8.474563800,7.335085450,-0.022829773,-0.002564409,-1.819526755,0.000428264,0.083929371,0.003130355,0.613473274,0.258463198,1.271908580,true,OK
1784908074.371665001,0.058122728,0.048933581,8.009054007,7.579266930,-0.022140540,-0.001562259,-1.716200560,0.000731500,0.141274205,0.005414483,1.045695762,0.259875612,1.273236891,true,OK
1784908075.371742964,0.061852584,0.116822269,8.532199826,7.523345584,-0.021426318,-0.001902940,-1.690484244,0.000198080,0.048456644,0.001466447,0.358738871,0.262520351,1.292508449,true,OK
1784908076.372762918,0.140588266,0.061374049,8.644521853,7.587507543,-0.022120581,-0.002223035,-2.086178614,0.000217242,0.062557256,0.001589108,0.457601763,0.268827292,1.296281643,true,OK
1784908077.373081923,0.062375878,0.126020473,9.286129252,7.542587880,-0.022739485,-0.002119633,-2.264407878,0.001208715,0.134170395,0.009027302,1.002052937,0.245117550,1.289675321,true,OK
1784908078.371825457,0.163810969,0.069494127,9.387225123,7.648050146,-0.022026824,-0.002457733,-1.993923402,0.000351627,0.120331298,0.002871455,0.982648025,0.256447553,1.293323647,true,OK
1784908079.372184515,0.051496829,0.011628842,8.134721150,7.698712115,-0.021704564,-0.002483461,-1.990986388,0.000776856,0.301964691,0.005768619,2.242266850,0.245543831,1.287273501,true,OK
1784908080.372097492,0.124450424,0.077877815,8.107422919,7.607597902,-0.022246250,-0.002103616,-2.292989802,0.000154813,0.106531181,0.001256589,0.864693584,0.253435949,1.282535397,true,OK
1784908081.371804237,0.060042369,0.012482413,8.751083152,7.536976804,-0.021984658,-0.002199679,-2.544390095,0.000062629,0.027976455,0.000461784,0.206278981,0.240704359,1.278130301,true,OK
1784908082.380335093,0.031645150,0.031792853,6.901516998,6.447175211,-0.021494179,-0.002311499,-2.101642446,0.000487007,0.277658662,0.003855476,2.198131120,0.235161676,1.277971171,true,OK
1784908083.379870653,0.068645131,0.039575767,21.640324560,14.500768548,-0.022241181,-0.003298742,-2.117781444,0.000319288,0.096913294,0.002601053,0.789496677,0.236370450,1.281515439,true,OK
1784908084.371817589,0.063339911,0.099164508,10.985428552,8.971160738,-0.022824651,-0.003577677,-2.324066731,0.000662186,0.071326251,0.004929397,0.530961814,0.242264697,1.281856361,true,OK
1784908085.371833086,0.064544443,0.045462594,8.453626830,7.893030544,-0.022178825,-0.003140734,-2.373168987,0.000184123,0.117033931,0.001362386,0.865972261,0.244225927,1.279094073,true,OK
1784908086.371822357,0.064078482,0.111877234,8.705022586,7.600790920,-0.022161744,-0.002770531,-2.087442898,0.000283587,0.120331298,0.002097653,0.890072972,0.242611271,1.277904259,true,OK
1784908087.371944904,0.064732461,0.055037926,7.965851568,7.628579558,-0.022253487,-0.002736439,-2.341190989,0.001013881,0.306467066,0.007505967,2.268839010,0.247386830,1.275051774,true,OK
1784908088.371775627,0.064637072,0.122305136,8.515703116,7.553945346,-0.022441273,-0.002901297,-2.578083580,0.000158399,0.118694067,0.001184299,0.887435613,0.253630698,1.276614953,true,OK
1784908089.371831656,0.163570506,0.052349345,8.704564865,7.479863165,-0.022195586,-0.002582917,-2.666385955,0.000302067,0.189745630,0.002236175,1.404669094,0.270555413,1.281625295,true,OK
1784908090.371823788,0.057633990,0.126873099,8.389168842,7.567854936,-0.021592972,-0.002881250,-2.387213092,0.000274889,0.252564227,0.002236464,2.054832495,0.254768328,1.281242785,true,OK
1784908091.371925592,0.161416275,0.064692313,8.608658067,7.531884362,-0.021971966,-0.002757415,-2.545187702,0.000438836,0.121946558,0.003243680,0.901374206,0.264042615,1.275069060,true,OK
1784908092.371917248,0.056015237,0.004188761,9.349125490,7.715679549,-0.021916496,-0.002098249,-2.826072049,0.000108666,0.170174190,0.000879042,1.376611274,0.250892876,1.273479600,true,OK
1784908093.371797085,0.158623045,0.055235240,9.044755446,7.433455919,-0.021527880,-0.002856748,-2.306023540,0.000466356,0.076616680,0.003452284,0.567168751,0.270055648,1.276601653,true,OK
1784908094.374139071,0.067278543,0.018730147,8.544653785,7.649453566,-0.021568126,-0.002990167,-2.509239507,0.000867665,0.157017511,0.006424710,1.162651127,0.260190987,1.282534948,true,OK
1784908095.372188568,0.163620414,0.084215605,8.930280288,7.556398089,-0.026986302,-0.007009066,-2.326193919,0.001830203,0.270519701,0.013709795,2.026425819,0.281850215,1.258981809,true,OK
1784908096.372100353,0.083248775,0.026146987,7.693069805,7.543491075,-0.025829824,-0.006387778,-1.905549742,0.000750530,0.129721514,0.005563464,0.961588573,0.265938441,1.260650138,true,OK
1784908097.371819973,0.052486973,0.107146086,8.557197542,7.605640382,-0.022279769,-0.005801162,-1.588003829,0.000460605,0.118694067,0.003404443,0.877296987,0.264391985,1.280839092,true,OK
1784908098.372155190,0.142197001,0.051108665,8.659326119,7.612457920,-0.023407077,-0.005400557,-1.966006495,0.000650010,0.139882314,0.005284466,1.137218261,0.262798624,1.281928360,true,OK
1784908099.371775627,0.024802678,0.117453415,8.225535398,7.530220622,-0.021644042,-0.005560801,-1.973862750,0.000247323,0.366908397,0.001830438,2.715493794,0.262011204,1.282067115,true,OK
1784908100.371829748,0.153459826,0.060935347,8.901663504,7.558350565,-0.021191261,-0.005260195,-2.088469077,0.000108503,0.164324520,0.000802446,1.215282620,0.251836326,1.278475321,true,OK
1784908101.371766567,0.053940894,0.004080984,8.387086497,7.565256679,-0.020594478,-0.004044674,-1.507226742,0.000016429,0.081564685,0.000121486,0.603153144,0.247905879,1.274615011,true,OK
1784908102.371742249,0.050362705,0.080723952,8.800160370,7.577578619,-0.020589877,-0.003734441,-1.874838109,0.000110425,0.229850193,0.000829544,1.726698879,0.250817449,1.280066141,true,OK
1784908103.372812033,0.053644821,0.028350034,8.103273565,7.634823516,-0.020193924,-0.003942533,-1.754182437,0.000756714,0.288714071,0.005589951,2.132771069,0.253939391,1.276320600,true,OK
1784908104.371835709,0.050960943,0.093387068,8.640964089,7.533959027,-0.019069723,-0.003528475,-1.574339014,0.000803895,0.370094360,0.005991150,2.758183002,0.257902662,1.284240179,true,OK
1784908105.385997534,0.264239730,0.183706036,8.674497012,7.571701867,-0.018875863,-0.002082764,-1.655025105,0.000509886,0.079129369,0.004159680,0.645542088,0.250733219,1.283543506,true,OK
1784908106.375193119,0.030143489,0.108150231,10.102151841,7.931240441,-0.018392740,-0.001980143,-1.821126381,0.001000907,0.126668806,0.007416722,0.938615699,0.262510286,1.288974407,true,OK
1784908107.371856928,0.052792953,0.047125143,8.235660063,7.674727528,-0.016418022,0.000708902,-2.427656391,0.000356485,0.083929371,0.002637342,0.620924505,0.250946397,1.286601879,true,OK
1784908108.371825457,0.051254423,0.114818833,8.471816324,7.567873797,-0.017324315,-0.001226141,-1.782622477,0.000594268,0.128204252,0.004418766,0.953281410,0.251686898,1.278961749,true,OK
1784908109.371833563,0.150823799,0.055887719,8.674155707,7.579687638,-0.017202979,-0.001254666,-1.710209699,0.000464056,0.117033931,0.003760422,0.948370814,0.258091571,1.289221906,true,OK
1784908110.372805357,0.049918280,0.126386453,8.260274110,7.558463800,-0.017722541,-0.001233305,-1.916532942,0.000642195,0.094872788,0.004754194,0.702346963,0.244442630,1.299993451,true,OK
1784908111.372150898,0.147246017,0.063464651,8.614734887,7.561594408,-0.017640372,-0.000540018,-1.855822192,0.000225546,0.380521631,0.001668521,2.814982387,0.251706564,1.295314567,true,OK
1784908112.371669292,0.053773802,0.133845626,8.424908792,7.545762929,-0.018009012,0.000120094,-1.345020078,0.000317818,0.200768942,0.002351761,1.485630463,0.236054115,1.300881374,true,OK
1784908113.372489452,0.036414316,0.076177729,8.928051345,7.572436490,-0.018721942,-0.000221862,-1.629731564,0.000151782,0.062557256,0.001125163,0.463738438,0.251877215,1.296823778,true,OK
1784908114.371852875,0.053729413,0.022360984,8.136036884,7.660057288,-0.018507322,-0.001666174,-1.734720677,0.000457254,0.096913294,0.003414022,0.723588949,0.242029608,1.287046203,true,OK
1784908115.371832848,0.053419543,0.087145556,8.719646256,7.562187007,-0.018062861,-0.000505869,-1.713002559,0.000457554,0.430693053,0.003384568,3.185877678,0.252094049,1.289007028,true,OK
1784908116.394836903,0.029966435,0.029865657,7.833269797,7.552109974,-0.017813415,-0.000887474,-1.429611194,0.000606502,0.203671772,0.004425574,1.486170096,0.250098374,1.280631591,true,OK
1784908117.371762991,0.051599662,0.099782876,13.187777229,7.929508565,-0.018072339,-0.003238020,-1.380026482,0.000432845,0.382061172,0.003203014,2.827218470,0.251958923,1.285745085,true,OK
1784908118.371828556,0.053766024,0.027138483,8.816866519,7.527419259,-0.018945664,-0.005656037,-1.731621952,0.000600370,0.348304590,0.004431096,2.570697509,0.260628661,1.284717619,true,OK
1784908119.371829748,0.052741251,0.110281184,8.610337396,7.560965479,-0.015854791,-0.000671052,-1.678642486,0.000364911,0.323246547,0.002703435,2.394762272,0.274107427,1.295998943,true,OK
1784908120.371798038,0.153143957,0.066184807,8.717548475,7.693673503,-0.017257935,0.001694830,-1.664893308,0.000870848,0.096913294,0.006456092,0.718473042,0.298995620,1.274633274,true,OK
1784908121.371777296,0.044049286,0.132008856,8.165385610,7.662147074,-0.016061035,0.006681495,-3.255924217,0.000891466,0.106531181,0.006589042,0.787397679,0.285124792,1.283507155,true,OK
1784908122.371927500,0.053934783,0.076612136,8.894296272,7.588139714,-0.014810565,0.005891219,-3.519952323,0.000988412,0.427958469,0.007303175,3.162098275,0.287197315,1.288138659,true,OK
1784908123.371741295,0.053618561,0.020193048,7.974832496,7.567533935,-0.013564191,0.005133505,-2.308206608,0.000376614,0.121946558,0.002787880,0.902708683,0.266736089,1.281976597,true,OK
1784908124.374624729,0.036609019,0.095802280,8.431195951,7.523646337,-0.018547539,-0.002573095,-1.069054892,0.000150649,0.372728519,0.001111179,2.749225933,0.269451981,1.280363157,true,OK
1784908125.371854782,0.135427657,0.042414940,8.798705221,7.612208020,-0.020042625,-0.008354369,-1.544410859,0.001042302,0.120331298,0.008462302,0.976952808,0.262768708,1.269988283,true,OK
1784908126.371797323,0.055166481,0.107823231,8.680479090,7.544648191,-0.020980421,-0.012301732,-1.394115134,0.000555914,0.113640914,0.004112723,0.840729708,0.271777521,1.270538305,true,OK
1784908127.371850729,0.154006101,0.053252730,8.757710991,7.558786887,-0.024266005,-0.011668593,-1.026848992,0.002659437,0.251788307,0.019642045,1.859655442,0.277734468,1.264848684,true,OK
1784908128.371774435,0.054319670,0.007850116,8.323428490,7.651446554,-0.032712406,-0.021079989,0.168860878,0.001996037,0.192814506,0.014762183,1.426007136,0.208277082,1.223870735,true,OK
1784908129.371802330,0.053453414,0.075439992,8.758578681,7.532629574,-0.023611705,-0.016321748,-3.044919485,0.000069251,0.155766359,0.000512428,1.152610366,0.343650907,1.555773107,true,OK
1784908130.371742964,0.052393918,0.026044099,7.972716516,7.597002619,-0.022886037,-0.016061825,-3.065659381,0.000511453,0.178041140,0.003786057,1.317959891,0.343102372,1.535349423,true,OK
1784908131.371766567,0.052311715,0.110481943,8.690013173,7.688807072,-0.026330915,-0.019946744,-3.048927298,0.000810726,0.874915910,0.006610109,7.133471119,0.333227257,1.523707011,true,OK
1784908132.371818781,0.154276730,0.054654946,8.750276354,7.632657703,-0.032068304,-0.019948662,-3.538658112,0.001984378,0.059347027,0.016134719,0.482543069,0.338325102,1.503402720,true,OK
1784908133.371829510,0.051519273,0.132623224,8.298901786,7.650493827,-0.031673025,-0.014830441,-3.688576882,0.000894440,0.196831898,0.007287290,1.603653210,0.341837604,1.504449045,true,OK
1784908134.371766567,0.052721120,0.076507525,8.953979728,7.616327743,-0.032146521,-0.014609369,-3.491123682,0.000695469,0.110143430,0.005141615,0.814292071,0.324701988,1.516955703,true,OK
1784908135.371824741,0.053518339,0.020405307,7.995505898,7.572626217,-0.033258140,-0.014463248,-3.400662063,0.000020762,0.123540700,0.000153780,0.915046060,0.311768689,1.527529284,true,OK
1784908136.371716499,0.055384091,0.099061489,8.729341700,7.578765607,-0.029666778,-0.008247519,-3.654934478,0.000748497,0.088469326,0.005536959,0.654445914,0.312493598,1.520131460,true,OK
1784908137.371807575,0.153705010,0.043345714,8.929615867,7.570914707,-0.025838174,-0.004481734,-3.406186586,0.000251697,0.148037520,0.001858795,1.093264514,0.321593571,1.505996322,true,OK
1784908138.371848345,0.054253318,0.121674731,8.416851861,7.568642843,-0.026274395,-0.005782406,-3.615165728,0.000823889,0.081564685,0.006098552,0.603753967,0.308880326,1.506376527,true,OK
1784908139.371855021,0.155809853,0.066317973,8.717832950,7.549350947,-0.030471014,-0.011723763,-3.674903103,0.000584963,0.111905833,0.004330222,0.828389088,0.317432437,1.510434324,true,OK
1784908140.371836901,0.053823079,0.019894457,8.161727426,7.660215482,-0.028687672,-0.009250235,-3.758530786,0.000647844,0.310904261,0.004834838,2.320267372,0.306167970,1.511213473,true,OK
1784908141.371815681,0.054322207,0.087783331,8.729648263,7.533114256,-0.028278082,-0.011345917,-3.637666433,0.000939341,0.137056110,0.006958972,1.015360448,0.327329757,1.512055833,true,OK
1784908142.371807575,0.055007593,0.044656431,7.941096767,7.670159117,-0.029448845,-0.010937636,-3.761273820,0.000206553,0.370094360,0.001528452,2.738625739,0.321326420,1.501273421,true,OK
1784908143.371832132,0.054348836,0.123002226,8.438632090,7.669593637,-0.029419717,-0.011606787,-3.913924933,0.000522923,0.125114538,0.004257182,1.018573198,0.320571002,1.504584176,true,OK
1784908144.372278690,0.153015920,0.064851831,8.669141652,7.598160361,-0.028776766,-0.012409999,-3.881949127,0.000391034,0.126668806,0.003176366,1.028928553,0.320037400,1.507461452,true,OK
1784908145.371799946,0.053369044,0.010947104,8.279529867,7.619653296,-0.029110839,-0.011845919,-3.735717165,0.000571773,0.217605878,0.004656544,1.772192994,0.321034509,1.488541535,true,OK
1784908146.371845484,0.055189610,0.089275066,8.761791639,7.626523519,-0.029198456,-0.012005833,-3.909760949,0.000467038,0.086229231,0.003463537,0.639473145,0.327327297,1.480684868,true,OK
1784908147.371807575,0.054731742,0.033382384,7.972270031,7.575513322,-0.028127861,-0.012826437,-3.833264798,0.000425755,0.284618625,0.003151560,2.106829091,0.280219143,1.468865140,true,OK
1784908148.371808290,0.054409225,0.110699405,8.472586667,7.560566641,-0.026501472,-0.010987581,-4.096579654,0.000126123,0.137056110,0.000935612,1.016715678,0.294603569,1.444492917,true,OK
1784908149.371803761,0.155634520,0.055953423,8.738289594,7.548452031,-0.028197824,-0.011009623,-0.082175670,0.001074833,0.979587438,0.007951339,7.246735199,0.221337971,1.543607589,true,OK
1784908150.371828318,0.055043982,0.011979693,8.402464852,7.665604711,-0.017845928,-0.015626174,-0.254974947,0.006130276,0.247872207,0.045389883,1.835299261,0.981333649,8.659242294,true,OK
1784908151.371772528,0.055491314,0.076263211,8.905133803,7.531714296,-0.036945908,-0.021260639,1.444736251,0.003626227,0.125114538,0.026656026,0.919704195,1.467355097,2.947018284,true,OK
1784908152.371818781,0.054605113,0.021137322,7.987800818,7.537646218,-0.049321815,-0.021099065,3.191446135,0.001579747,0.071326251,0.011665291,0.526692915,1.380848681,0.243782054,true,OK
1784908153.371842861,0.054299855,0.100424966,8.710107897,7.541990290,-0.054423523,-0.023841848,2.322311440,0.002564631,0.131221234,0.018987125,0.971490136,2.521737112,-1.194329645,true,OK
1784908154.371847391,0.154054786,0.057470027,8.765091292,7.707589407,-0.069672324,-0.013964962,1.632479748,0.001329099,0.019782341,0.009746507,0.145067267,4.487885633,-0.599631981,true,OK
1784908155.371757746,0.052144420,0.000879367,8.340618948,7.635047031,-0.069426435,-0.016701369,2.262375068,0.002720318,0.079129369,0.022161281,0.644633461,3.570611164,1.440042565,true,OK
1784908156.372004747,0.054803205,0.077733205,8.985143818,7.636732140,-0.067982335,-0.027627750,1.547957558,0.000935041,0.386643028,0.007593674,3.140014087,4.670400340,-0.035295962,true,OK
1784908157.371837139,0.050971739,0.022849797,8.004257548,7.607594337,-0.069169846,-0.021344275,5.651977720,0.005835881,1.913461701,0.047527543,15.583274595,4.228005781,-2.820119856,true,OK
1784908158.371743441,0.054312132,0.102263514,8.722595057,7.598909895,-0.083853181,0.000818949,20.740247126,0.007575561,1.983371249,0.056291755,14.737846394,2.169838983,-4.762676190,true,OK
1784908159.371813059,0.151444000,0.045144484,8.769003618,7.572637027,-0.103163414,0.020703446,30.602241476,0.005081835,1.508049740,0.037607801,11.160226872,-0.415237602,-5.051041495,true,OK
1784908160.371809721,0.054443872,0.002518582,8.386102350,7.694559603,-0.088340644,0.039268822,40.508844805,0.003447100,1.285270313,0.025488193,9.503412726,-0.421532156,-2.733562326,true,OK
1784908161.371822596,0.153874509,0.067794820,8.538686306,7.541152383,-0.065365724,0.041180420,44.867524554,0.001574905,0.356631791,0.011841249,2.681410666,-0.329525629,-3.152466557,true,OK
1784908162.371790648,0.052971175,0.023938792,8.145885167,7.675620543,-0.063649584,0.049303759,49.589799579,0.003344556,1.213697935,0.024811394,9.003746246,-0.901850430,-3.671846572,true,OK
1784908163.371824741,0.053972561,0.103805674,8.756401666,7.674396294,-0.041156918,0.056424397,59.078306004,0.002284196,0.754073428,0.018622478,6.147772736,-0.482605477,-2.273292019,true,OK
1784908164.371761322,0.151941942,0.047580049,8.807666137,7.631216028,-0.027204123,0.062102285,64.681191129,0.003164910,0.528231142,0.025764970,4.300235402,-1.357284777,-3.136148547,true,OK
1784908165.371804237,0.053969634,0.121768676,8.459830202,7.588210375,-0.020559011,0.064855910,71.350615575,0.000625161,1.164156545,0.004606297,8.577706483,-1.799685924,-3.215236278,true,OK
1784908166.371804237,0.153256530,0.070114125,8.698162573,7.627161503,-0.014654766,0.070813446,77.881196416,0.001039366,0.482544594,0.008551977,3.970409744,-2.106416694,-2.091875662,true,OK
1784908167.371876717,0.052802695,0.014065258,8.076239753,7.577951277,-0.017104837,0.069440439,77.591800867,0.001129563,0.386643028,0.008360643,2.861801865,-2.021028293,-2.953299348,true,OK
1784908168.372260571,0.053565987,0.092979718,8.764649581,7.589721415,-0.035409940,0.059001469,69.801977536,0.002363803,1.254138098,0.017615683,9.346167386,-2.300011546,-2.505247343,true,OK
1784908169.371798754,0.054143411,0.036144835,7.965912061,7.581460439,-0.046067587,0.051547463,62.174567459,0.001476620,0.742567975,0.010927132,5.495075846,-2.496377083,-2.509258510,true,OK
1784908170.371830940,0.054932334,0.115417905,8.451818886,7.582741198,-0.064887982,0.048557284,56.430638714,0.003332670,0.369565261,0.024678799,2.736672205,-2.825800630,-2.950086505,true,OK
1784908171.371738195,0.154557803,0.058832318,8.720550047,7.548868597,-0.079799585,0.047564903,49.515572811,0.003101632,1.423128184,0.023128378,10.612041481,-1.712686109,-3.523736876,true,OK
1784908172.371735573,0.054764390,0.012712004,8.368018253,7.642744055,-0.101053419,0.053787518,41.862331466,0.004000422,0.916852471,0.029800460,6.829935016,-1.592333298,-4.025018056,true,OK
1784908173.371803761,0.054383466,0.093377957,8.780886487,7.688834936,-0.120423762,0.057053097,34.244873107,0.001236563,0.887352137,0.010055492,7.215778750,-1.120215599,-3.788992595,true,OK
1784908174.371791840,0.054925168,0.037553219,7.989615389,7.622256549,-0.118226152,0.069259885,33.614254411,0.006091033,0.421044263,0.049604238,3.428905924,0.511186359,-4.980885316,true,OK
1784908175.371805191,0.050282483,0.116286828,8.353918128,7.615617338,-0.112358579,0.115790082,34.591138602,0.005336775,0.262442628,0.039517624,1.943328882,-0.408447272,-4.876742445,true,OK
1784908176.371922493,0.154643802,0.058345153,8.756723854,7.538424200,-0.116046658,0.146387758,34.635155878,0.000863108,0.292752233,0.006380757,2.164249462,-0.922504257,-0.078282881,true,OK
1784908177.371830463,0.051989957,0.016474489,8.157904758,7.695844660,-0.107770078,0.142863038,34.887606241,0.002075303,0.019782341,0.015368703,0.146498587,0.147528123,1.461189458,true,OK
1784908178.371885061,0.055080352,0.094908506,8.754422831,7.642944962,-0.105709582,0.138983113,31.206477131,0.000408750,0.135620930,0.003037745,1.007905425,0.116926708,1.305525421,true,OK
1784908179.371819496,0.153877490,0.038592734,8.965763884,7.600237565,-0.105965658,0.138945197,31.250736443,0.000786203,0.300665888,0.005819271,2.225450820,0.073651171,1.168852810,true,OK
1784908180.371836662,0.053172915,0.117511803,8.441206108,7.578789281,-0.108364549,0.124350051,34.674468856,0.000090420,0.534491331,0.000668771,3.953220439,0.033188492,1.084643074,true,OK
1784908181.371834040,0.154109712,0.073214650,8.716850164,7.647225553,-0.108885362,0.125643321,32.456486292,0.000415072,0.396635488,0.003384592,3.234260646,0.023523289,1.038014676,true,OK
1784908182.371851683,0.055049334,0.017277097,8.050468525,7.594166476,-0.108138891,0.129662800,31.599290885,0.000197802,0.871779145,0.001471970,6.487459655,0.014797581,1.006137434,true,OK
1784908183.371809959,0.052641621,0.096229704,8.655893029,7.578086257,-0.107682820,0.132545776,31.248043898,0.000810042,0.178041140,0.005997507,1.318206908,-0.144798995,0.855594021,true,OK
1784908184.371764898,0.153967176,0.052156863,8.775277777,7.643502381,-0.107405445,0.131997602,31.975079625,0.000459280,0.129721514,0.003733604,1.054539416,-0.277261625,0.644774740,true,OK
1784908185.371746540,0.054327521,0.127864762,8.373934766,7.601489028,-0.106685719,0.134274797,31.366843245,0.000852062,0.173589404,0.006204912,1.264117606,-0.428786311,1.033633202,true,OK
1784908186.371811867,0.054297911,0.074238700,8.936446112,7.580273070,-0.080434722,0.122012223,32.623599607,0.003279795,0.268340977,0.024282145,1.986677103,1.001149656,3.452090202,true,OK
1784908187.372338772,0.055728312,0.019062275,8.020047066,7.554508432,-0.063003778,0.097612789,32.833336880,0.005916886,0.495745589,0.043795466,3.669397705,2.045946587,2.043757033,true,OK
1784908188.371840000,0.054980445,0.097361348,8.720795296,7.564014297,-0.052289820,0.104401345,32.014861685,0.003426631,0.849267162,0.025382310,6.290831940,1.163130433,0.282634398,true,OK
1784908189.371812582,0.150114153,0.053388118,8.660546789,7.641960141,-0.053655538,0.124282246,40.854152814,0.003745344,1.255541595,0.030490929,10.221391131,0.445239647,0.601264412,true,OK
1784908190.371871948,0.053338340,0.128541982,8.291488345,7.596191936,-0.053179330,0.128670244,44.987492376,0.001283120,0.393664383,0.009483695,2.909621900,0.158412744,0.777474979,true,OK
1784908191.371810913,0.053503192,0.074964679,8.931956720,7.579204179,-0.054673506,0.136832792,50.752788887,0.001433610,0.901789022,0.010601035,6.668409010,0.001170923,0.723849870,true,OK
1784908192.371901274,0.052789324,0.019770939,7.949175430,7.548351958,-0.056594502,0.141483004,56.976384528,0.001962756,1.155044006,0.014535812,8.554045636,-0.107965269,-0.360794092,true,OK
1784908193.371809721,0.054835427,0.098521954,8.688005513,7.552408394,-0.059483206,0.141899029,61.989085013,0.000454886,0.790310143,0.003361057,5.839434828,0.219019969,0.052231665,true,OK
1784908194.371861935,0.153456511,0.054915390,8.736944504,7.685410476,-0.061704518,0.142678280,64.460387366,0.000260805,0.250229210,0.001913923,1.836312966,0.113760909,0.145956253,true,OK
1784908195.371914148,0.053248989,0.133749849,8.436215363,7.673335562,-0.061188106,0.143683336,67.857737700,0.000272869,0.173589404,0.002222148,1.413652645,0.255376334,-0.169246762,true,OK
1784908196.371797562,0.048106269,0.075934231,8.861280391,7.600141070,-0.059102124,0.140612624,66.010330025,0.000244913,1.011624120,0.001808830,7.471441531,0.435420172,0.778768191,true,OK
1784908197.372043371,0.055204926,0.019444940,8.019576397,7.564601745,-0.059202025,0.136055454,57.504752441,0.001322508,1.610947927,0.009786850,11.921372044,-0.386239816,-1.563160257,true,OK
1784908198.371831656,0.053924579,0.099452025,8.734138710,7.586229237,-0.059795514,0.136353526,49.338770992,0.004887497,1.604984425,0.036126706,11.863494783,0.250176051,-2.014187471,true,OK
1784908199.371793270,0.155261059,0.055064333,8.896768009,7.686461674,-0.083211209,0.129329181,40.376020032,0.004646189,0.873572977,0.034255673,6.440726549,0.017547744,-1.215294179,true,OK
1784908200.371805429,0.053262304,0.134654550,8.363079298,7.676926004,-0.104672404,0.124522172,32.857742130,0.001166823,0.608450540,0.009494675,4.951083108,-0.671402691,-1.902195251,true,OK
1784908201.372054815,0.054859167,0.077349725,8.989140684,7.604238174,-0.103579493,0.115498949,27.144161624,0.004056278,1.253513776,0.029957592,9.257810321,-0.879323541,1.181909723,true,OK
1784908202.371811867,0.053891579,0.021438932,8.008688600,7.575265625,-0.109265369,0.111590370,21.011415410,0.002119132,0.121946558,0.015694749,0.903162559,-1.120783329,0.796970506,true,OK
1784908203.371808290,0.053794450,0.101112499,8.712255777,7.590202099,-0.110462778,0.107604788,11.900137344,0.001975944,1.209983913,0.014632408,8.960264439,-2.412022536,-0.309044112,true,OK
1784908204.371811628,0.152310256,0.044484117,8.785233111,7.556783431,-0.104195850,0.097636040,3.450142879,0.000485214,0.582490859,0.003582081,4.300229241,-2.295461205,-0.398040883,true,OK
1784908205.371744156,0.055395666,0.000772330,8.402535366,7.671424040,-0.106100931,0.081220878,-2.158239161,0.005630284,1.013749590,0.041651543,7.499485725,0.367734004,3.894704267,true,OK
1784908206.371733904,0.055533850,0.076708154,8.993770644,7.647251823,-0.090692914,0.065707526,-3.754285016,0.003663758,0.382572983,0.029758085,3.107366431,1.606371915,3.514691302,true,OK
1784908207.371820450,0.055390499,0.023103666,8.009038090,7.666974550,-0.098577334,0.063590194,-4.429707137,0.005600133,0.039564681,0.042329593,0.299056611,0.811859201,1.189840017,true,OK
1784908208.371823311,0.054854168,0.102317365,8.722556328,7.670984611,-0.099546573,0.058980705,-4.018231588,0.001769641,0.182384247,0.014386507,1.482714325,-1.824449586,3.712130750,true,OK
1784908209.371810198,0.054894186,0.046199332,7.810472708,7.660612026,-0.090045761,0.056261892,-9.618155025,0.003991259,0.660567978,0.029533560,4.887912162,-0.499749065,4.464907632,true,OK
1784908210.371803999,0.055099444,0.099934133,8.596392251,7.455308976,-0.075744754,0.048883454,-16.901398545,0.002503840,0.408782740,0.018520980,3.023778068,-3.166863951,4.483553221,true,OK
1784908211.371770620,0.055464406,0.007019527,7.942037408,7.291010141,-0.060249368,0.058182068,-14.297366486,0.003786304,0.579797203,0.028046411,4.294750735,-1.233045516,3.741645813,true,OK
1784908212.371739149,0.052949138,0.073760925,8.737899093,7.468755481,-0.061248704,0.079675402,-11.862986848,0.000401155,0.404935262,0.002968447,2.996423091,-2.815076548,3.496858369,true,OK
1784908213.371831894,0.053240804,0.125105940,8.368020248,7.391134588,-0.053712607,0.080347020,-11.447213363,0.005282832,0.150657858,0.038801418,1.106553934,-5.145542626,3.199703890,true,OK
1784908214.371751785,0.152920272,0.047108976,8.723331688,7.417171397,-0.022268461,0.071450232,-15.465697691,0.005751083,0.851797854,0.042424014,6.283457236,-0.820846448,-0.967483727,true,OK
1784908215.371803284,0.054065245,0.113886985,8.386124035,7.452878477,-0.001023521,0.061141508,-14.159214237,0.003849255,0.885144225,0.028505320,6.554857378,-0.446041633,-0.770995867,true,OK
1784908216.371840715,0.153280511,0.045234113,8.780841830,7.511696684,0.026689636,0.065163208,-14.948060012,0.003321521,0.178041140,0.024560927,1.316521865,-1.103100814,-1.813497579,true,OK
1784908217.371806383,0.053126193,0.099598506,8.509054009,7.427967377,0.029663427,0.028180146,-21.566285640,0.009408232,1.483321253,0.069624997,10.977220720,-0.094708674,-1.075872198,true,OK
1784908218.371860266,0.053955189,0.028320552,7.849397236,7.409467703,0.026729451,0.028913745,-29.000344828,0.002994413,0.730345831,0.022171306,5.407643955,-2.588224508,-3.859679612,true,OK
1784908219.371833086,0.056486606,0.097335886,8.736397065,7.461793145,0.014899258,0.011730773,-33.854723582,0.007663374,0.213062455,0.056770626,1.578376464,-0.983239154,-3.184491780,true,OK
1784908220.371768236,0.056012681,0.026921095,7.953139026,7.441115417,0.203826690,-0.099630807,-32.562230611,0.051651928,0.454995026,0.382169889,3.366484212,0.132173361,-2.465272692,true,OK
1784908221.371792793,0.054546354,0.095471856,8.682856486,7.513063315,0.564196207,-0.200824706,-38.763174196,0.052104798,0.263187172,0.385722440,1.948327253,-1.287032958,-4.737071101,true,OK
1784908222.371875286,0.054380540,0.026929447,7.937784612,7.538245563,0.955271377,-0.368701948,-38.154144610,0.056641129,0.165510998,0.461102956,1.347388571,-0.164010338,-2.698517665,true,OK
1784908223.371816874,0.054936278,0.078457257,8.684871351,7.400338751,1.391778646,-0.449486946,-39.751132631,0.060406114,0.121946558,0.439161873,0.886570500,0.872605410,-3.380602450,true,OK
1784908224.372304440,0.052599140,0.013657871,8.009988663,7.456256181,1.791730245,-0.502877319,-44.523029141,0.053075217,0.766938303,0.391872410,5.662566764,0.590733359,-3.661189375,true,OK
1784908225.371861458,0.054994204,0.076176896,8.769984378,7.456015717,2.097448172,-0.592772579,-54.541947713,0.015068574,2.725557106,0.109005230,19.716529243,0.858263821,-3.206494474,true,OK
1784908226.371752024,0.054735983,0.010585068,8.044928968,7.521090453,2.104417882,-0.622190067,-75.639670802,0.004188451,2.314014730,0.031070476,17.165661989,-1.421561320,-4.788502899,true,OK
1784908227.371773243,0.055418128,0.076245748,8.845034411,7.537183101,2.101721165,-0.637396842,-82.540296485,0.001193665,0.923656833,0.008792281,6.803456440,-0.897994769,-2.858315796,true,OK
1784908228.371891022,0.055338536,0.008041894,8.406773806,7.536387057,2.108120264,-0.662062864,-86.002877160,0.004503850,1.707085401,0.036741387,13.926015921,0.012479799,-3.206524695,true,OK
1784908229.371775389,0.155196134,0.063346337,8.613312957,7.447355854,2.166813061,-0.729839950,-83.647454990,0.017629755,0.656705827,0.130533556,4.862356200,-1.128991749,-2.401280457,true,OK
1784908230.371805668,0.055589350,0.126559453,8.350607339,7.417652193,2.203947805,-1.012012129,-87.717101090,0.026047892,0.188711590,0.191967535,1.390765103,-1.563344042,-2.094377817,true,OK
1784908231.371842384,0.139636085,0.060764403,8.396394950,7.464858161,2.258974826,-1.262757157,-99.178669928,0.046182606,3.077970962,0.349824686,23.315059813,-0.050653302,-0.648204446,true,OK
1784908232.371829510,0.057019474,0.127350708,8.336615135,7.490451499,2.303799806,-1.633575961,-106.525514844,0.034149535,1.486615859,0.251578072,10.951831280,2.418561494,-2.102860259,true,OK
1784908233.373565912,0.158866600,0.060941050,8.709173435,7.478430262,2.340996943,-1.956406169,-108.980617163,0.052943499,0.222935800,0.391746391,1.649575439,1.903733434,-3.031994229,true,OK
1784908234.371870279,0.054663483,0.124945626,8.381434397,7.468153610,2.323931962,-2.333312449,-111.319942580,0.043559809,1.441029149,0.322496195,10.668697224,-0.776375910,-2.361440796,true,OK
1784908235.371769905,0.155868093,0.069490072,8.728222719,7.610388340,2.259355915,-2.537557803,-118.095510103,0.023290858,0.065610604,0.173317481,0.488237253,-1.333678033,-4.013269245,true,OK
1784908236.372315884,0.054033596,0.136572060,8.389778557,7.572267059,2.232176024,-2.671642579,-119.792877808,0.024004938,0.019782341,0.177774686,0.146503168,-1.215686783,-1.383142780,true,OK
1784908237.371843576,0.150875743,0.067025452,8.628445126,7.505152002,2.168944315,-2.879032999,-118.344673905,0.037965189,0.883595373,0.281024840,6.540524481,-0.687121222,-3.759066741,true,OK
1784908238.371817589,0.054792501,0.133951293,8.358709353,7.502582444,2.139144233,-3.224294067,-116.151932963,0.048015451,0.619604132,0.355461775,4.586973123,-0.008712997,-2.671384627,true,OK
1784908239.371892452,0.155593187,0.065816624,8.674546809,7.473404931,2.049076320,-3.521095921,-115.739917212,0.050518904,0.736482276,0.374538051,5.460146930,1.384547565,-2.674182694,true,OK
1784908240.371922255,0.054378410,0.008189115,8.406520070,7.550168470,2.011382969,-3.882015045,-116.557643728,0.047024337,0.175829360,0.380972485,1.424499561,-0.517757714,-4.047175180,true,OK
1784908241.371850729,0.154836987,0.063542854,8.689350031,7.444214731,1.975479487,-4.156392144,-114.418583827,0.040257377,0.504742175,0.297906738,3.735119076,1.023718334,-3.237046178,true,OK
1784908242.371800423,0.056356014,0.127848892,8.301354149,7.428662367,1.910943692,-4.352981906,-116.920601188,0.013975934,0.798684008,0.103240800,5.899911827,0.672991087,-1.040277952,true,OK
1784908243.374514341,0.150295486,0.061025439,8.486027013,7.443562841,1.900780975,-4.394162325,-119.105945526,0.002102022,0.076616680,0.015506924,0.565212389,0.795100542,-1.283880863,true,OK
1784908244.371858835,0.055820682,0.127620133,8.457775401,7.541804732,1.862718372,-4.391196334,-121.718520231,0.005209706,0.310274283,0.038516478,2.293924724,1.869045004,0.207917585,true,OK
1784908245.371922016,0.153465010,0.047049736,8.896638688,7.445073027,1.834976191,-4.391875723,-128.400847798,0.008621315,2.168169274,0.063847751,16.057031736,1.488257211,-0.179062861,true,OK
1784908246.371819735,0.055151518,0.114207817,8.466261812,7.462460373,1.763050889,-4.420731194,-139.918680853,0.009375526,1.116800496,0.070619247,8.412072668,0.532668450,0.238845991,true,OK
1784908247.371850014,0.155770631,0.045304780,8.856516740,7.464416786,1.769289458,-4.450165831,-150.265883997,0.001573118,1.108358169,0.011646997,8.206024360,0.095531274,-0.927242620,true,OK
1784908248.372151136,0.053969320,0.112155085,8.301638950,7.505157269,1.768353061,-4.439153504,-158.899591261,0.003346996,1.176363267,0.024798721,8.715967737,1.058367631,0.150492005,true,OK
1784908249.373096228,0.148459549,0.043346714,8.782077384,7.540629355,1.756212207,-4.457377540,-168.327276986,0.005606045,0.964489305,0.045069401,7.753943315,-0.450120036,0.459939736,true,OK
1784908250.372914791,0.054584576,0.099044768,8.629078156,7.446173390,1.723100504,-4.467553099,-176.704309076,0.005183961,0.818288359,0.038355107,6.054354620,-0.295285636,-2.982345790,true,OK
1784908251.371828079,0.055389721,0.028186923,7.780200501,7.432939627,1.651552391,-4.437202224,177.620315695,0.014208471,1.347410307,0.105199582,9.976231867,-0.052462780,0.316397140,true,OK
1784908252.371833324,0.054360855,0.095465837,8.634432046,7.462919771,1.601231804,-4.464348535,170.056039084,0.008586306,0.492180443,0.064876364,3.718814081,-1.299538836,0.355662610,true,OK
1784908253.372766018,0.056523883,0.027936554,7.882481840,7.487295679,1.582228955,-4.531532858,158.768873897,0.007077844,1.784544549,0.052395813,13.210613012,-2.044910476,0.536103032,true,OK
1784908254.371806860,0.055950626,0.093514530,8.759967581,7.571078788,1.561098212,-4.545100471,148.871864129,0.005525892,0.447187079,0.040954074,3.314240099,-2.414154084,0.308434333,true,OK
1784908255.371787786,0.054157356,0.013220706,7.990508192,7.453960353,1.539126531,-4.488391226,144.092383689,0.012062287,1.107828402,0.088857533,8.160881564,-2.828160815,0.825479669,true,OK
1784908256.371871471,0.047589827,0.077327077,8.600931059,7.441321999,1.523063097,-4.506678890,136.442776977,0.008102459,1.714977364,0.059895036,12.677463655,-1.574137747,1.379831117,true,OK
1784908257.371904373,0.052859064,0.009746942,7.904607500,7.490201569,1.511186513,-4.511664634,126.065271699,0.001219741,1.296789961,0.009106058,9.681270092,0.423771881,3.302860213,true,OK
1784908258.371809721,0.050931721,0.077444040,8.790053440,7.575369328,1.506945783,-4.503069614,113.823535069,0.002363351,1.735170498,0.019253103,14.135611737,2.281239294,-1.132982765,true,OK
1784908259.371840239,0.052575491,0.128360704,8.259847337,7.407578561,1.487205452,-4.486524168,106.264806626,0.004774009,1.311942416,0.035386080,9.724427396,1.143123335,-1.591681874,true,OK
1784908260.371815205,0.151132613,0.062705636,8.600865699,7.452472870,1.492248347,-4.461549324,107.464614798,0.005112018,0.645587026,0.037813158,4.775351838,0.757029372,0.718000674,true,OK
1784908261.371793747,0.051373052,0.128744628,8.411772765,7.481938584,1.485102981,-4.406091523,86.465547921,0.004758632,0.771770715,0.035175950,5.704952755,0.288146396,-2.260850085,true,OK
1784908262.371793270,0.154561636,0.061524178,8.755140737,7.517876747,1.477788766,-4.374502328,84.096072669,0.009260968,0.614848773,0.068563259,4.552011630,-0.541315451,-3.227348696,true,OK
1784908263.371793985,0.055191351,0.126368638,8.386343224,7.529233066,1.537358388,-4.175416147,78.366268796,0.033958739,1.605959541,0.250366970,11.840228249,0.212565234,-4.238509534,true,OK
1784908264.371846437,0.151679017,0.055595423,8.629434991,7.485670988,1.618487629,-4.011751039,72.857984199,0.022877838,0.765917030,0.169449551,5.672926728,-1.245250783,-3.350511419,true,OK
1784908265.371945143,0.055963311,0.125756863,8.469749737,7.553523554,1.587934979,-3.772277660,73.357723408,0.029248398,0.674056482,0.216371186,4.986474814,0.087106027,-1.743358487,true,OK
1784908266.371862888,0.156355203,0.055203999,8.868051821,7.528742433,1.602589562,-3.509419666,74.645425695,0.040481735,0.644069763,0.330784906,5.262831692,-1.051624931,-1.844810991,true,OK
1784908267.371817589,0.038470642,0.110072611,8.246202356,7.421227718,1.637662783,-3.218285734,71.022602272,0.045797132,0.154505069,0.339153316,1.144196239,-2.744533519,-1.433131509,true,OK
1784908268.371736765,0.152174183,0.043448473,8.809234525,7.449992349,1.691727053,-2.966078753,68.171248631,0.029388739,0.151951085,0.217251824,1.123275514,-1.520882942,-2.809532250,true,OK
1784908269.371803045,0.039933117,0.107406197,8.022107554,7.441592904,1.803270708,-2.731191230,72.040849243,0.036438210,0.586174358,0.266009793,4.279247576,-1.207447233,-1.911906900,true,OK
1784908270.371824980,0.140595656,0.041105760,8.795787722,7.516996570,1.900356506,-2.556567162,67.316258144,0.028342343,0.375344188,0.209573334,2.775428050,-2.936993252,-1.564428649,true,OK
1784908271.371819258,0.055534461,0.095175190,8.718562746,7.437096175,2.073743971,-2.426550357,64.677249300,0.020356310,0.673475649,0.150635945,4.983695022,-2.596248023,-0.710589226,true,OK
1784908272.371845484,0.054370428,0.023518961,7.967630792,7.417637029,2.176267897,-2.239666747,66.264181948,0.033492060,0.355532771,0.247879518,2.631348789,0.065562571,-1.522422513,true,OK
1784908273.373595715,0.058646857,0.095343671,8.827382090,7.498448261,2.220099382,-1.960769880,67.095466610,0.026313109,1.442793365,0.196370099,10.767312899,1.103732154,-0.713162580,true,OK
1784908274.371808767,0.055697053,0.025359361,8.032912375,7.548358903,2.215095723,-1.713298129,66.941085408,0.032701516,0.052339156,0.266873921,0.427134809,1.628816914,-1.114300770,true,OK
1784908275.371777773,0.053483155,0.091428724,8.627394305,7.590916559,2.159484259,-1.463777644,72.306406927,0.035179205,0.951210350,0.286681042,7.751567177,2.152283008,-0.596229940,true,OK
1784908276.371769667,0.056379199,0.009956534,8.001727742,7.436729812,2.099085398,-1.133985206,78.038021961,0.047912606,0.903739788,0.354641482,6.689337975,2.140784094,-0.345313265,true,OK
1784908277.371812105,0.052016790,0.075377640,8.688234959,7.476277445,1.967879821,-0.821446097,81.441832539,0.045688888,7.588842187,0.339781406,56.437081488,3.057043181,-1.839983017,true,OK
1784908278.371883869,0.048529230,0.128173520,8.178379720,7.399573119,1.689309798,-0.526062415,77.287959241,0.068605004,2.538444714,0.505383527,18.699629390,7.876054908,0.191243355,true,OK
1784908279.371808529,0.150833206,0.063172374,8.747562643,7.472401557,1.291466281,-0.255137965,72.449053373,0.069394790,0.955111029,0.513640941,7.069466320,6.248454075,1.453231990,true,OK
1784908280.371799231,0.052128845,0.116707511,8.362010314,7.442364488,0.818055409,-0.080163815,70.785711492,0.050479792,0.294085961,0.373516871,2.176040417,4.707503926,-5.799779657,true,OK
1784908281.371736765,0.152814958,0.048542600,9.022654078,7.512623137,0.545544039,-0.121944935,71.872436404,0.033077532,0.139882314,0.245140030,1.036678139,5.297472486,-7.084233703,true,OK
1784908282.371881008,0.052667640,0.115435757,8.582165955,7.550893164,0.334435578,-0.131157358,80.778448876,0.029602447,0.435661909,0.219162312,3.225431754,5.444091340,-7.757138773,false,WAITING_FOR_ODOM
1784908283.375979185,0.158604804,0.050858554,8.944558239,7.542669636,0.219231295,-0.056060331,86.036525313,0.014749095,0.052339156,0.107688997,0.382148943,2.570685806,-4.564525463,true,OK
1784908284.371922016,0.051953679,0.113735097,8.624428488,7.595248014,0.174465043,-0.021307525,88.990999065,0.007071431,0.000000000,0.057644072,0.000000000,1.057137338,-1.493277440,true,OK
1784908285.371804237,0.050480759,0.031810445,7.843979035,7.441098122,0.160400927,-0.013515730,89.289164236,0.002839067,0.170174190,0.020957617,1.256203249,0.351560947,-1.089760969,true,OK
1784908286.371828556,0.054884760,0.097965197,8.671443098,7.445267768,0.161523879,-0.017043026,88.586080358,0.001049065,0.368504821,0.007762196,2.726625817,0.466231889,-1.245463476,true,OK
1784908287.371834278,0.053993208,0.026977243,7.932453591,7.426130128,0.163626048,-0.021750928,86.745930065,0.000607793,0.088469326,0.004500126,0.655031320,0.534881415,-1.331903075,true,OK
1784908288.371764898,0.050567166,0.096951886,8.636103903,7.481929478,0.153389502,-0.022813786,86.753480452,0.001144988,0.115349902,0.008470835,0.853379796,0.285698141,-1.501573865,true,OK
1784908289.371832848,0.052586177,0.026175728,7.953931651,7.468454468,0.159571919,-0.021289848,87.130181622,0.000592345,0.427043037,0.004387410,3.163041974,0.332049196,-1.527853321,true,OK
1784908290.371768236,0.049401505,0.094646026,8.676643884,7.532234420,0.158901146,-0.022039932,86.652278288,0.000286114,0.086229231,0.002120129,0.638965595,0.345163557,-1.551052597,true,OK
1784908291.371807337,0.052074605,0.024371698,7.948507003,7.527279234,0.158115022,-0.022396342,86.463730102,0.001027546,0.184517467,0.008363059,1.501763095,0.330517609,-1.569339396,true,OK
1784908292.371844053,0.053406285,0.093242327,8.753248486,7.594898876,0.158322298,-0.021761664,86.745386300,0.000189980,0.055952910,0.001548328,0.456013365,0.306209945,-1.580104257,true,OK
1784908293.371831894,0.051601440,0.010929159,7.974893108,7.432138347,0.158588192,-0.022388478,86.499624981,0.000344586,0.088469326,0.002569940,0.659808725,0.297337818,-1.599480221,true,OK
1784908294.371804237,0.051612107,0.078914089,8.729510033,7.453958739,0.158565743,-0.022854869,86.096341224,0.000699316,0.294750570,0.005174267,2.180872026,0.309816000,-1.597534948,true,OK
1784908295.371797800,0.050995239,0.009695498,7.960417883,7.469210173,0.154088170,-0.023388853,86.179109016,0.001424839,0.242283378,0.010580391,1.799117748,0.283882947,-1.614223143,true,OK
1784908296.371813297,0.051336793,0.077029893,8.622785484,7.508804066,0.153310985,-0.023067829,86.603274689,0.000350285,0.392669016,0.002590452,2.903897009,0.276846637,-1.606789103,true,OK
1784908297.371794462,0.053332859,0.007516544,8.038509613,7.518177428,0.154990373,-0.023860772,86.445368723,0.000355215,0.126668806,0.002629658,0.937730915,0.248821019,-1.605697662,true,OK
1784908298.371817589,0.055168888,0.073837665,8.915764092,7.560523487,0.155798132,-0.023368617,86.066950369,0.000105459,0.361536080,0.000780509,2.675757760,0.257531055,-1.606712995,true,OK
1784908299.371796131,0.054084764,0.005445533,8.289816164,7.543344681,0.155401712,-0.023675909,86.524007435,0.000168264,0.129721514,0.001370447,1.056534569,0.243999838,-1.622078453,true,OK
1784908300.371853113,0.150345005,0.073127816,8.582688116,7.600080800,0.155787941,-0.024607794,86.725894394,0.000427401,0.263187172,0.003238122,1.993989015,0.242588114,-1.608466628,true,OK
1784908301.371795654,0.053450988,0.004439483,8.353737561,7.592648353,0.156256791,-0.025073620,86.528862206,0.000775791,0.174712971,0.005732352,1.290961425,0.243840908,-1.609055356,true,OK
1784908302.371829987,0.154093767,0.058092081,8.683766748,7.442587704,0.159708977,-0.023220576,86.796242047,0.002833367,0.253337773,0.021033479,1.880651438,0.549393175,-1.552552360,true,OK
1784908303.371774435,0.054069319,0.001563456,8.480058348,7.598757241,0.160601427,-0.019438970,86.818343779,0.001702400,0.344917429,0.012641753,2.561302326,0.530895073,-1.549838230,true,OK
1784908304.371819019,0.151248742,0.056897030,8.671603077,7.461716301,0.163813155,0.006619223,87.927298892,0.000586772,0.146709809,0.004297903,1.074598242,0.322620130,-1.076968954,true,OK
1784908305.371806145,0.044853468,0.122938542,8.211110200,7.456561124,0.187406170,-0.019884942,72.406121504,0.003330920,1.407782136,0.024643870,10.415502097,1.264547120,-0.622575826,true,OK
1784908306.371793270,0.151730980,0.054762686,8.689448822,7.485951763,0.198779186,-0.043415278,61.035146001,0.004379476,1.729522039,0.032434091,12.808718595,0.421843563,-0.634942974,true,OK
1784908307.371803761,0.053461710,0.119629499,8.407714690,7.502780557,0.205939876,-0.053955043,54.282922693,0.001975376,1.106944853,0.014619719,8.192477218,0.462133184,0.444758464,true,OK
1784908308.371806383,0.153754751,0.051214756,8.692844392,7.565740131,0.211456394,-0.069769370,46.784299141,0.003254958,1.245526723,0.024048494,9.202283147,0.691952784,1.524101687,true,OK
1784908309.371710062,0.044794598,0.106604311,8.259681260,7.440704264,0.210508166,-0.081791863,41.862752573,0.002114270,0.461400783,0.015633404,3.411704501,0.644535461,1.229440308,true,OK
1784908310.371834993,0.152326219,0.037554034,8.671484190,7.437453299,0.203309795,-0.082846707,38.512150222,0.001250806,0.155766359,0.009234150,1.149954869,0.532204316,0.707614609,true,OK
1784908311.371808767,0.052697009,0.104944244,8.418773498,7.474410717,0.197065240,-0.088021266,38.453916093,0.002452780,0.128204252,0.018139105,0.948112076,1.132499415,0.210787319,true,OK
1784908312.371859550,0.053392303,0.036227558,7.908158411,7.533054136,0.200758482,-0.089971282,40.160317761,0.000784278,0.039564681,0.006379616,0.321833995,1.103098431,0.268772789,true,OK
1784908313.371807575,0.052148901,0.087110778,8.701858332,7.400123187,0.201653918,-0.092913034,40.584461062,0.000953614,0.251788307,0.007058774,1.863770268,1.078071508,0.302421348,true,OK
1784908314.371957302,0.053202378,0.021095360,8.001983284,7.444946067,0.201627386,-0.093658399,40.979272423,0.000146539,0.135620930,0.001078871,0.998491229,1.048818352,0.341509690,true,OK
1784908315.371886015,0.050598499,0.086664020,8.697430102,7.489992558,0.200192496,-0.093380567,40.872524504,0.000278884,0.086229231,0.002049122,0.633576532,1.043879582,0.375299860,true,OK
1784908316.372677088,0.053948774,0.017718527,7.957183829,7.535116967,0.199611185,-0.089641717,40.447562180,0.000999591,0.179136785,0.007404321,1.326928359,1.049772385,0.379132966,true,OK
1784908317.373979568,0.151672568,0.075369609,8.312648322,7.447569175,0.198455128,-0.084902020,40.089913855,0.001650936,0.263187172,0.012374509,1.972706532,1.055355297,0.400028540,true,OK
1784908318.371785402,0.051578521,0.002620650,8.012591479,7.431488817,0.201476593,-0.090757030,40.362836628,0.000288886,0.323851312,0.002136779,2.395402507,1.885382851,1.852171718,true,OK
1784908319.371885061,0.154944986,0.070782777,8.608315066,7.543690848,0.214696375,-0.119858580,28.962967131,0.002222045,0.867954987,0.018180452,7.101481046,2.556453079,0.141725198,true,OK
1784908320.372981787,0.055158370,0.004971672,8.386618292,7.592600097,0.215308123,-0.134602330,23.168706509,0.001598375,0.867954987,0.011855472,6.437798240,2.524877665,0.803707131,true,OK
1784908321.371825457,0.150944805,0.057278219,8.651920217,7.449026145,0.218930857,-0.152441307,18.161387359,0.002320840,0.849958078,0.017173274,6.289346220,3.177384169,1.508968882,true,OK
1784908322.371776819,0.055062045,0.123690878,8.360793228,7.466283400,0.215114245,-0.174037684,13.050200323,0.004857344,0.911071783,0.036038643,6.759618289,3.215990807,2.497235101,true,OK
1784908323.371746302,0.154895390,0.056024476,8.676723005,7.480330702,0.209380865,-0.189001473,8.154781390,0.002643161,0.636121664,0.019688381,4.738344148,2.812295159,3.182505014,true,OK
1784908324.371825218,0.052766670,0.120688156,8.472596266,7.552938738,0.203753538,-0.191532945,5.970701658,0.001073104,0.362076892,0.008727397,2.944717284,2.337345309,3.248488637,true,OK
1784908325.371853828,0.153544398,0.041761598,8.740123725,7.438593404,0.199148728,-0.199583894,3.164501535,0.002088708,0.384613395,0.015445764,2.844172884,2.498512551,3.501468991,true,OK
1784908326.373009205,0.053815911,0.108065328,8.383534189,7.439695553,0.199355941,-0.204122859,0.118241504,0.001154517,0.407824272,0.008529181,3.012868876,2.967687270,3.957844178,true,OK
1784908327.371850491,0.153300246,0.039586331,8.790876903,7.477017813,0.186144348,-0.220197520,-3.221712456,0.004365693,0.062557256,0.032282553,0.462585894,3.349772615,2.423378178,true,OK
1784908328.371820211,0.051216319,0.105719876,8.549328758,7.546366700,0.177647522,-0.237503963,-9.298667644,0.003543035,0.838134647,0.026226316,6.204054192,4.308925900,3.073737686,true,OK
1784908329.371850491,0.053743244,0.037180478,7.942871668,7.555236757,0.180245948,-0.249544283,-13.873525762,0.001667313,0.688702435,0.013593078,5.614775830,4.370178983,3.800195309,true,OK
1784908330.371812820,0.051076901,0.091786380,8.710166546,7.440809911,0.178149340,-0.260411553,-17.343514370,0.001646953,0.175829360,0.012189286,1.301332730,4.160148934,3.322327634,true,OK
1784908331.371843576,0.053761186,0.022740524,7.951202680,7.445113558,0.169240532,-0.268332456,-21.587240035,0.001085460,1.130730987,0.008033235,8.368271125,4.274196218,3.215935363,true,OK
1784908332.372281790,0.052054249,0.087945856,8.686397743,7.472764002,0.177755332,-0.261212893,-18.289480463,0.004863178,0.872452293,0.035817541,6.425653547,3.479625601,3.642995339,true,OK
1784908333.371810675,0.049796375,0.020527134,7.953405898,7.499731137,0.194211687,-0.248479523,-5.406320340,0.004055042,2.467596656,0.029983076,18.245466346,2.973588574,3.699583199,true,OK
1784908334.371812344,0.052562292,0.086602896,8.814580342,7.571834835,0.197045165,-0.221838516,5.438660587,0.002976770,0.845109658,0.024129716,6.850464182,2.413366858,2.643547721,true,OK
1784908335.372564793,0.053211742,0.004033125,8.033547300,7.405228278,0.192863652,-0.197013665,16.044493046,0.000926235,0.176938705,0.006855866,1.309676196,2.454458350,3.708273181,true,OK
1784908336.371819019,0.148323755,0.073103950,8.414688589,7.469288389,0.196177415,-0.204700840,10.871212653,0.004659973,1.686324080,0.034169101,12.364916195,1.548478346,4.989266438,true,OK
1784908337.371766806,0.052929391,0.003134094,8.228332907,7.466962021,0.210629007,-0.203977413,6.739305963,0.005042981,1.542942402,0.037293469,11.410249620,1.891102050,4.572159593,true,OK
1784908338.371813059,0.154048094,0.056592966,8.587113796,7.411244423,0.218737865,-0.227487805,-1.980657652,0.002867295,1.051832697,0.021345587,7.830372813,2.308424613,4.209441906,true,OK
1784908339.371806622,0.054639795,0.123255481,8.496663565,7.432750879,0.206582106,-0.244979540,-8.708811746,0.002212463,0.903523250,0.016540045,6.754605884,2.645294832,3.358891402,true,OK
1784908340.371770382,0.155043863,0.056728340,8.774896222,7.489599554,0.205407427,-0.244305336,-14.221818839,0.000432174,0.396635488,0.003199523,2.936421990,2.188850671,3.488576116,true,OK
1784908341.371844292,0.053263219,0.123343326,8.348763574,7.525536364,0.203321711,-0.260483021,-22.170978824,0.002424469,0.710793721,0.017943777,5.260666602,2.594958228,3.777134891,true,OK
1784908342.371808529,0.152300844,0.054671654,8.692331398,7.527096013,0.194866934,-0.261844999,-29.653884563,0.001389443,1.456696749,0.010288240,10.786223316,1.845705047,4.421992860,true,OK
1784908343.371904850,0.052645370,0.120578393,8.362217807,7.586559576,0.188240010,-0.270807176,-33.733665832,0.000353752,0.000000000,0.002904190,0.000000000,1.642316947,3.989037986,true,OK
1784908344.371810675,0.054688911,0.039426280,7.688096249,7.443025695,0.195559752,-0.260746333,-28.608466276,0.000470595,0.141274205,0.003476561,1.043675052,1.052474230,2.692092684,true,OK
1784908345.371784925,0.053909267,0.106001847,8.446802736,7.462014223,0.186968052,-0.246309178,-30.806151158,0.003735603,0.251009959,0.027665171,1.858932353,-1.283940005,2.181933780,true,OK
1784908346.372010231,0.053115253,0.037320823,7.769465322,7.459042226,0.192830152,-0.240564760,-28.855030217,0.001769062,0.175829360,0.013100947,1.302120354,-1.514989488,2.027777565,true,OK
1784908347.371819019,0.054120053,0.104479135,8.683796945,7.546770104,0.195090995,-0.249418471,-35.469148420,0.004910383,1.621723511,0.036480288,12.048130599,-2.805933094,3.493088772,true,OK
1784908348.371912241,0.054129710,0.031525992,7.944227596,7.526767508,0.192498340,-0.250766755,-42.970994648,0.000760450,0.798928988,0.005630217,5.915109436,-1.601434069,3.689201973,true,OK
1784908349.371815920,0.051976108,0.089990465,8.668730225,7.457300348,0.198391124,-0.255968958,-50.954646074,0.002679812,0.990908157,0.019857155,7.342536650,-3.900603515,3.400037925,true,OK
1784908350.371835232,0.053448841,0.020537586,8.034995673,7.455896565,0.194786662,-0.248817153,-47.647306261,0.002625921,1.116975626,0.019448501,8.272717515,-3.368496523,3.546968825,true,OK
1784908351.372355223,0.055570309,0.087735334,8.711199014,7.484892739,0.197583759,-0.242844632,-43.433783120,0.001701200,0.813010490,0.012531363,5.988789016,-3.504440183,3.196234372,true,OK
1784908352.371771336,0.050803501,0.017935724,7.969135471,7.524479667,0.199101300,-0.236081359,-39.301303000,0.001520825,0.426125657,0.012368377,3.465542619,-3.914207008,3.409575282,true,OK
1784908353.371902227,0.051160325,0.073857563,8.681245955,7.446507729,0.200708727,-0.231554895,-35.036733039,0.000137957,0.358819746,0.001020734,2.654875637,-4.079302847,3.813170045,true,OK
1784908354.371849537,0.054443536,0.003931568,7.981991738,7.457804073,0.200006292,-0.209693519,-29.531325546,0.005921031,1.180183051,0.043862905,8.742778154,-0.585530585,2.281608408,true,OK
1784908355.371860981,0.154596953,0.071157141,8.574226512,7.512008483,0.190674422,-0.202377739,-28.556372972,0.001529837,0.062557256,0.011299239,0.462042181,-1.053336539,1.944526520,true,OK
1784908356.371797562,0.055358728,0.003134712,8.349393792,7.544285522,0.189982080,-0.209234196,-28.531878393,0.000841854,0.019782341,0.006843487,0.160811899,-1.055891247,1.970284428,true,OK
1784908357.371811867,0.149919109,0.066980130,8.591102788,7.555553695,0.189486615,-0.212484787,-28.587695652,0.000539965,0.232390036,0.004015658,1.728258042,-1.071663472,1.992822976,true,OK
1784908358.371741772,0.055366282,0.123430730,8.392504138,7.440049759,0.188942534,-0.212000643,-28.674312063,0.000639434,0.131221234,0.004735697,0.971834168,-1.070537700,2.011694253,true,OK
1784908359.371772051,0.152552073,0.051340166,8.698540702,7.431619150,0.189066845,-0.211708481,-28.576175083,0.000034698,0.228141232,0.000257357,1.692144664,-1.060346040,2.021629355,true,OK
1784908360.371824741,0.052564198,0.121569631,8.421424834,7.493084310,0.189966878,-0.211243938,-28.563596109,0.000087306,0.106531181,0.000648092,0.790808979,-1.063130746,2.023012491,true,OK
1784908361.371809483,0.152350192,0.053007080,8.730263795,7.496054152,0.189475835,-0.211517303,-28.493282219,0.000043600,0.113640914,0.000323997,0.844488502,-1.053798139,2.026483362,true,OK
1784908362.371817112,0.051536721,0.118485121,8.364092758,7.496664867,0.188767914,-0.211046500,-28.475124208,0.000267239,0.145369958,0.001978902,1.076463024,-1.047726477,2.030633036,true,OK
1784908363.372734785,0.152595576,0.051778446,8.661901894,7.499210153,0.189399000,-0.210388910,-28.221891186,0.000151738,0.019782341,0.001121662,0.146233268,-1.046114891,2.025797193,true,OK
1784908364.371801138,0.053603748,0.116901484,8.442427126,7.546870079,0.189510182,-0.211010301,-28.208497780,0.000122267,0.000000000,0.000904488,0.000000000,-1.052252199,2.026438809,true,OK
1784908365.371848822,0.051823893,0.047613190,7.716922623,7.565885231,0.189145855,-0.210731111,-28.279380900,0.000164417,0.146709809,0.001210728,1.080339051,-1.050994830,2.037382701,true,OK
1784908366.371963739,0.045521229,0.101328877,8.295745001,7.420710912,0.188513868,-0.211194953,-28.521386575,0.000346638,0.279064534,0.002546113,2.049776455,-1.060680845,2.044096612,true,OK
1784908367.372190714,0.054187414,0.035086535,7.674318350,7.458755093,0.190177934,-0.213878245,-28.092247037,0.000938635,0.251009959,0.006947712,1.857958566,-1.057987223,2.041929057,true,OK
1784908368.371896982,0.054854010,0.100578639,8.688151490,7.468961207,0.189628255,-0.214925920,-28.127227079,0.000129273,0.083929371,0.000954937,0.619985086,-1.046598565,2.032998287,true,OK
1784908369.371803761,0.053722891,0.031152539,7.887044281,7.489956095,0.189134943,-0.215269785,-28.021279645,0.000207764,0.102792073,0.001528209,0.756089216,-1.048102917,2.033317053,true,OK
1784908370.371795654,0.054033415,0.097688171,8.684623488,7.532253185,0.189572415,-0.215532351,-28.328297901,0.000591998,0.249446032,0.004333111,1.825812361,-1.034708064,2.038019189,true,OK
1784908371.371794224,0.050826069,0.028606926,7.893128208,7.541538738,0.192742008,-0.208903620,-27.921010519,0.000523807,0.207479056,0.004264918,1.689325720,-1.038250841,2.053306302,true,OK
1784908372.371835232,0.055686863,0.084611558,8.787956917,7.446394332,0.190809539,-0.216739445,-28.368289212,0.002375794,0.254877847,0.017668682,1.895515962,-1.039448011,2.041131520,true,OK
1784908373.372092247,0.052586615,0.015391870,7.995185277,7.441304852,0.187600356,-0.218671373,-28.991561636,0.002041752,0.153233400,0.015102100,1.133411779,-3.357079091,2.899612308,true,OK
1784908374.371985674,0.053982468,0.082537450,8.725083557,7.500394669,0.171243772,-0.212916516,-36.986158148,0.080108770,42.092410133,0.100693176,52.908295468,-1.945057309,0.883657501,false,YAW_JUMP
1784908375.372429848,0.052263934,0.001819418,8.186749972,7.425818694,0.171243772,-0.212916516,-36.986158148,0.080303927,41.508615215,0.046119188,23.838729902,-1.738644451,0.875974949,false,YAW_JUMP
1784908376.371874332,0.153062083,0.067174858,8.468883348,7.450534994,0.171243772,-0.212916516,-36.986158148,0.074703623,40.384256855,0.027927521,15.097422535,-1.614859073,-2.684412329,false,YAW_JUMP
1784908377.371804237,0.052379940,0.119667643,8.184146794,7.365591170,0.021018923,-0.158386774,-41.737097402,0.117109495,32.269137850,0.170598746,47.007925681,0.230833904,2.330713556,false,YAW_JUMP
1784908378.371825695,0.150290311,0.054321521,8.564647577,7.468300164,0.021018923,-0.158386774,-41.737097402,0.113295641,32.136881936,0.069938826,19.838501863,0.352133565,2.229722784,false,YAW_JUMP
1784908379.371832848,0.055371393,0.120401173,8.430510753,7.474890694,0.021018923,-0.158386774,-41.737097402,0.305553313,95.511999733,0.113654147,35.526811296,1.093363707,0.019099931,false,TRANSLATION_JUMP
1784908380.373317003,0.155728694,0.051738588,8.698782649,7.528638292,0.021018923,-0.158386774,-41.737097402,0.320490601,98.979142900,0.088482884,27.326729822,-8.584347976,-0.416486797,false,TRANSLATION_JUMP
1784908381.371852875,0.053976070,0.105446896,8.362932984,7.436261970,0.021018923,-0.158386774,-41.737097402,0.313668508,177.156450112,0.066683956,37.662349109,-0.390192938,-2.084012259,false,TRANSLATION_JUMP
1784908382.371833086,0.050898680,0.037500128,7.838513382,7.531121194,0.021018923,-0.158386774,-41.737097402,0.290897079,173.761543305,0.051609857,30.828114529,-0.697429419,-2.304833842,false,TRANSLATION_JUMP
1784908383.371817827,0.053301299,0.102236642,8.688135635,7.562160485,0.021018923,-0.158386774,-41.737097402,0.305290824,173.085492274,0.045532244,25.814633704,-3.225452578,0.670229875,false,TRANSLATION_JUMP
1784908384.372008801,0.054051769,0.022513866,7.977178386,7.477326706,0.021018923,-0.158386774,-41.737097402,0.232863860,105.884281717,0.030435578,13.839199102,-0.381526123,-4.419801523,false,YAW_JUMP
1784908385.371836424,0.050050006,0.088553549,8.728473637,7.493365997,0.021018923,-0.158386774,-41.737097402,0.232374390,74.860487606,0.026648723,8.585009867,1.334643388,0.562069134,false,YAW_JUMP
1784908386.372069120,0.042339764,0.019795997,7.862027904,7.526299592,0.021018923,-0.158386774,-41.737097402,0.195318622,54.587724076,0.020234697,5.655201028,-2.197911018,0.516764475,false,YAW_JUMP
1784908387.371866226,0.053565813,0.086637454,8.727676508,7.521533731,0.021018923,-0.158386774,-41.737097402,0.240701844,71.644812040,0.022449844,6.682187423,-14.512775177,3.479928559,false,EXCESSIVE_ROLL
1784908388.371868610,0.055330253,0.018729295,7.909008940,7.572658892,0.021018923,-0.158386774,-41.737097402,0.300912265,48.688290587,0.025791784,4.173169405,6.711537987,1.036129842,false,TRANSLATION_JUMP
1784908389.373051643,0.158381025,0.074564613,8.318510490,7.356738512,0.021018923,-0.158386774,-41.737097402,0.565013625,92.594513243,0.044884021,7.355599749,10.648091785,-2.068534305,false,EXCESSIVE_ROLL
1784908390.371901035,0.054779582,0.016761406,8.101679965,7.490296040,0.021018923,-0.158386774,-41.737097402,0.748124769,146.638342309,0.054779660,10.737244507,2.765542747,0.722101267,false,TRANSLATION_JUMP
1784908391.372147083,0.154779168,0.070285291,8.427654529,7.413861598,0.021018923,-0.158386774,-41.737097402,0.757883802,133.092845985,0.051900208,9.114255190,6.619231251,-0.799581487,false,TRANSLATION_JUMP
1784908392.371824026,0.054847659,0.025941228,8.058323606,7.630678546,0.021018923,-0.158386774,-41.737097402,0.978516036,101.467223415,0.062488594,6.479754966,0.242893321,2.797735951,false,TRANSLATION_JUMP
1784908393.371739388,0.056112872,0.093691289,8.710513957,7.555723387,0.021018923,-0.158386774,-41.737097402,0.979621983,101.724128368,0.058606150,6.085673488,-0.500363750,2.193557836,false,TRANSLATION_JUMP
1784908394.371872187,0.056648627,0.037429551,7.923094287,7.573528566,0.021018923,-0.158386774,-41.737097402,1.008161147,113.602333556,0.057163393,6.441326283,-10.953665967,2.677228956,false,EXCESSIVE_ROLL
1784908395.371881485,0.057548472,0.104246697,8.575521867,7.524106462,0.021018923,-0.158386774,-41.737097402,0.920474289,153.744089660,0.049209842,8.219373931,0.736139497,1.157351634,false,TRANSLATION_JUMP
1784908396.371799707,0.148015401,0.043041560,8.744517117,7.545729682,0.021018923,-0.158386774,-41.737097402,0.937492033,154.514449161,0.047767195,7.872836898,1.574643171,0.625202651,false,TRANSLATION_JUMP
1784908397.371811152,0.053285233,0.114356339,8.361938322,7.539647912,0.021018923,-0.158386774,-41.737097402,0.941838187,154.598188854,0.045511073,7.470422767,0.674186635,1.013590488,false,TRANSLATION_JUMP
1784908398.371797800,0.146851176,0.057920720,8.594810862,7.601292604,0.021018923,-0.158386774,-41.737097402,0.945549806,154.802759455,0.043741731,7.161273368,0.670992059,1.086965363,false,TRANSLATION_JUMP
1784908399.371888161,0.052196633,0.134915476,8.416317540,7.598464350,0.021018923,-0.158386774,-41.737097402,0.945349927,154.779172762,0.041696345,6.826811594,0.643997882,1.034535277,false,TRANSLATION_JUMP
1784908400.372002363,0.053870660,0.074955685,9.015781636,7.556382360,0.021018923,-0.158386774,-41.737097402,0.947597750,154.875647223,0.039934302,6.526873811,0.618249861,1.060456914,false,TRANSLATION_JUMP
1784908401.371796131,0.052410219,0.024044129,7.981211237,7.623495486,0.021018923,-0.158386774,-41.737097402,0.946587278,159.971922663,0.038400499,6.489630460,0.554676510,1.040310115,false,TRANSLATION_JUMP
1784908402.371816158,0.055036655,0.090081948,8.822721349,7.522328785,0.021018923,-0.158386774,-41.737097402,0.943364403,154.380551596,0.036680652,6.002748529,0.594834105,0.995151955,false,TRANSLATION_JUMP
1784908403.371842384,0.054693836,0.034514951,7.928003534,7.539150774,0.021018923,-0.158386774,-41.737097402,0.944288652,154.828481825,0.035445487,5.811751518,0.621122490,1.088798942,false,TRANSLATION_JUMP
1784908404.371821880,0.054668419,0.111095171,8.417669175,7.547298507,0.021018923,-0.158386774,-41.737097402,0.944266899,154.615580256,0.034094040,5.582605652,0.588235816,0.979438391,false,TRANSLATION_JUMP
1784908405.371806860,0.152442157,0.056589546,8.709741107,7.597218049,0.021018923,-0.158386774,-41.737097402,0.944087764,154.282914519,0.032990255,5.391270706,0.818627145,0.772565625,false,TRANSLATION_JUMP
1784908406.371933699,0.053576134,0.135374666,8.366776995,7.669270550,0.021018923,-0.158386774,-41.737097402,0.944252919,154.528600222,0.031821498,5.207642482,0.601980585,1.046036095,false,TRANSLATION_JUMP
1784908407.371895313,0.050901831,0.079483774,8.914837288,7.700317682,0.021018923,-0.158386774,-41.737097402,0.943871388,156.729398683,0.030715335,5.100266859,0.360851108,0.833382254,false,TRANSLATION_JUMP
1784908408.371835232,0.049003189,0.009742420,7.998255424,7.505944348,0.021018923,-0.158386774,-41.737097402,0.937705768,157.730317169,0.029614881,4.981482133,0.444629995,0.847702996,false,TRANSLATION_JUMP
1784908409.371795416,0.053129111,0.087768461,8.789327961,7.545315838,0.021018923,-0.158386774,-41.737097402,0.945787969,157.337784620,0.028905851,4.808670353,0.480452522,0.861323057,false,TRANSLATION_JUMP
1784908410.372335672,0.054032158,0.033720919,7.952895516,7.575605737,0.021018923,-0.158386774,-41.737097402,0.949204823,157.381937234,0.028213312,4.677879391,0.470723227,0.863800423,false,TRANSLATION_JUMP
1784908411.371776342,0.052771265,0.111408512,8.753342021,7.614826245,0.021018923,-0.158386774,-41.737097402,0.947858022,157.442124228,0.027318151,4.537628666,0.465863638,0.863392583,false,TRANSLATION_JUMP
1784908412.371819496,0.150420174,0.055646097,8.699916080,7.652852800,0.021018923,-0.158386774,-41.737097402,0.947727031,157.316155200,0.026598829,4.415222296,0.471627901,0.857156240,false,TRANSLATION_JUMP
1784908413.371762276,0.055675201,0.121817789,8.399554293,7.529999543,0.021018923,-0.158386774,-41.737097402,0.945416727,157.183692948,0.025769915,4.284470790,0.450839140,0.868522217,false,TRANSLATION_JUMP
1784908414.371816635,0.154256155,0.065897421,8.677177223,7.555094106,0.021018923,-0.158386774,-41.737097402,0.946186702,157.152234691,0.025158318,4.178547298,0.471423760,0.867817109,false,TRANSLATION_JUMP
1784908415.371767759,0.054983694,0.009686001,8.203970387,7.539103114,0.021018923,-0.158386774,-41.737097402,0.945573481,157.454110236,0.024455945,4.072331984,0.465268367,0.871975195,false,TRANSLATION_JUMP
1784908416.371947289,0.046577256,0.085149284,8.844201327,7.540862072,0.021018923,-0.158386774,-41.737097402,0.945904556,157.166680534,0.023813512,3.956731744,0.471300446,0.872751388,false,TRANSLATION_JUMP
1784908417.372887135,0.035945787,0.025016536,7.838297223,7.542469255,0.021018923,-0.158386774,-41.737097402,0.945987831,156.876566845,0.023275786,3.859907291,0.459767098,0.869343181,false,TRANSLATION_JUMP
1784908418.372630358,0.036304445,0.086116057,8.754926173,7.478620481,0.021018923,-0.158386774,-41.737097402,0.946142267,156.689264582,0.022683197,3.756531742,0.459815613,0.869545409,false,TRANSLATION_JUMP
1784908419.371824980,0.049642801,0.103843803,7.917440401,7.090612966,0.021018923,-0.158386774,-41.737097402,0.947646067,157.165641702,0.022218548,3.684912029,0.463441370,0.860572753,false,TRANSLATION_JUMP
1784908420.373321056,0.068265623,0.083265790,7.553778122,7.077616379,0.021018923,-0.158386774,-41.737097402,0.945860808,156.902459325,0.021710776,3.601453990,0.463162259,0.848029278,false,TRANSLATION_JUMP
1784908421.381385565,0.389723807,0.040766198,17.204922026,6.653884759,0.021018923,-0.158386774,-41.737097402,0.938973059,157.125082158,0.021157542,3.540442876,0.517540553,0.827460631,false,TRANSLATION_JUMP
1784908422.402757883,0.352548773,0.403680612,14.739035329,8.352486369,0.021018923,-0.158386774,-41.737097402,0.937310194,157.053678850,0.020636491,3.457805948,0.520407934,0.819517622,false,TRANSLATION_JUMP
1784908423.378499508,0.152074037,0.068497288,10.562187460,7.476478104,0.021018923,-0.158386774,-41.737097402,0.936099138,157.385261249,0.020077794,3.375656175,0.532270760,0.826264365,false,TRANSLATION_JUMP
1784908424.373007298,0.076915995,0.125250414,9.783129335,7.693071958,0.021018923,-0.158386774,-41.737097402,0.941327547,156.889836035,0.019742217,3.290409520,0.532982007,0.839024002,false,TRANSLATION_JUMP
1784908425.373793602,0.145994201,0.068297502,7.546039569,6.664137775,0.021018923,-0.158386774,-41.737097402,0.940780894,156.943226943,0.019399923,3.236339670,0.538967125,0.843998959,false,TRANSLATION_JUMP
1784908426.371849775,0.082973263,0.002099878,9.177845559,7.343053259,0.021018923,-0.158386774,-41.737097402,0.953312560,157.128673576,0.019193142,3.163488039,0.489708676,0.883868186,false,TRANSLATION_JUMP
1784908427.372934341,0.175868719,0.079262387,8.723469264,7.489122931,0.021018923,-0.158386774,-41.737097402,0.944556467,156.981216606,0.018670556,3.102966022,0.503694082,0.872369956,false,TRANSLATION_JUMP
1784908428.371769905,0.083306401,0.024955569,10.163177071,7.583523025,0.021018923,-0.158386774,-41.737097402,0.929591022,157.061840812,0.017998924,3.041062271,0.546481734,0.830198743,false,TRANSLATION_JUMP
1784908429.372064352,0.080742328,0.106015739,9.222414317,7.621949219,0.021018923,-0.158386774,-41.737097402,0.937649789,157.257814388,0.017791084,2.983829423,0.555310842,0.848915561,false,TRANSLATION_JUMP
1784908430.373013258,0.082025385,0.048658206,8.022678249,7.616441993,0.021018923,-0.158386774,-41.737097402,0.937684499,157.390833536,0.017482137,2.934385884,0.557175767,0.841921295,false,TRANSLATION_JUMP
1784908431.371958733,0.071000473,0.114309581,9.162455179,7.572310850,0.021018923,-0.158386774,-41.737097402,0.932052737,157.167721861,0.017041527,2.873633513,0.547176261,0.824147903,false,TRANSLATION_JUMP
1784908432.372033834,0.037322949,0.048228861,8.017523066,7.493420239,0.021018923,-0.158386774,-41.737097402,0.918188109,156.836690066,0.016509015,2.819922386,0.593474675,0.781912468,false,TRANSLATION_JUMP
1784908433.374840260,0.037366816,0.137977201,9.896279326,7.780472351,0.021018923,-0.158386774,-41.737097402,0.931189130,156.609931635,0.016431509,2.763496123,0.589268258,0.806034424,false,TRANSLATION_JUMP
1784908434.372149944,0.006495151,0.052639866,13.167397161,7.571587302,0.021018923,-0.158386774,-41.737097402,0.936217983,156.630741417,0.016214137,2.712650589,0.576205532,0.820982540,false,TRANSLATION_JUMP
1784908435.373096228,0.071132180,0.143405126,9.627891905,7.637416746,0.021018923,-0.158386774,-41.737097402,0.937237602,156.502678998,0.015977045,2.667893703,0.564493374,0.824951735,false,TRANSLATION_JUMP
1784908436.372243881,0.148939442,0.090173103,9.638641784,7.711954522,0.021018923,-0.158386774,-41.737097402,0.936828251,156.364164103,0.015721650,2.624069677,0.567157660,0.813305664,false,TRANSLATION_JUMP
1784908437.374310732,0.049646900,0.033334683,9.468878303,7.747107702,0.021018923,-0.158386774,-41.737097402,0.923676345,156.608935144,0.015230519,2.582328155,0.533238398,0.815239826,false,TRANSLATION_JUMP
1784908438.372127533,0.057502980,0.110122280,9.161297856,7.716779630,0.021018923,-0.158386774,-41.737097402,0.921182957,156.426978031,0.014931376,2.535511466,0.550250409,0.829133450,false,TRANSLATION_JUMP
1784908439.372345686,0.072129752,0.036781968,8.499754808,7.525875037,0.021018923,-0.158386774,-41.737097402,0.921229927,156.249268335,0.014709094,2.494800756,0.534045442,0.835105042,false,TRANSLATION_JUMP
1784908440.372055292,0.029698573,0.108775331,11.020555542,7.697188692,0.021018923,-0.158386774,-41.737097402,0.919402317,156.304449413,0.014435954,2.454207189,0.511184924,0.830969532,false,TRANSLATION_JUMP
1784908441.378237486,0.076956670,0.071766184,8.526338495,7.710270992,0.021018923,-0.158386774,-41.737097402,0.919110646,156.389006301,0.014226507,2.420676175,0.527407419,0.826516109,false,TRANSLATION_JUMP
1784908442.374997616,0.070016944,0.005653650,9.370472580,7.557528032,0.021018923,-0.158386774,-41.737097402,0.919752611,156.303113391,0.014007486,2.380437537,0.527664445,0.816870236,false,TRANSLATION_JUMP
1784908443.372635841,0.100227070,0.068304557,8.072783331,7.515965616,0.021018923,-0.158386774,-41.737097402,0.916715290,156.034769279,0.013765172,2.342979769,0.530349987,0.817505409,false,TRANSLATION_JUMP
1784908444.372024536,0.070980960,0.019261772,9.378775226,7.607415956,0.021018923,-0.158386774,-41.737097402,0.916378796,156.132789137,0.013545197,2.307833235,0.541243409,0.825979307,false,TRANSLATION_JUMP
1784908445.372044563,0.162317969,0.089071030,8.734293202,7.603541090,0.021018923,-0.158386774,-41.737097402,0.916421875,156.278638768,0.013363953,2.278972693,0.567978302,0.817888448,false,TRANSLATION_JUMP
1784908446.377176762,0.073442882,0.042011141,8.224752819,7.680920949,0.021018923,-0.158386774,-41.737097402,0.914999611,156.146474134,0.013140996,2.242536658,0.570352202,0.803178020,false,TRANSLATION_JUMP
1784908447.372493505,0.071252201,0.106099783,9.207954322,7.702941412,0.021018923,-0.158386774,-41.737097402,0.918485424,156.339421069,0.012991303,2.211306492,0.555161006,0.805137844,false,TRANSLATION_JUMP
1784908448.373005152,0.083609411,0.057049649,8.905245091,7.641101637,0.021018923,-0.158386774,-41.737097402,0.918804864,156.505618448,0.012829180,2.185272256,0.556024528,0.805431195,false,TRANSLATION_JUMP
1784908449.371868610,0.083582456,0.011242104,8.703390759,7.691570569,0.021018923,-0.158386774,-41.737097402,0.929019706,156.310675604,0.012783275,2.150828793,0.558515716,0.813045555,false,TRANSLATION_JUMP
1784908450.371802330,0.182333704,0.077840259,8.735760397,7.547392590,0.021018923,-0.158386774,-41.737097402,0.932601007,156.343109024,0.012671884,2.124340209,0.559031454,0.810035933,false,TRANSLATION_JUMP
1784908451.371954679,0.078487439,0.029699309,8.348713525,7.619181336,0.021018923,-0.158386774,-41.737097402,0.931117305,156.303044001,0.012472711,2.093745459,0.553892915,0.805998425,false,TRANSLATION_JUMP
1784908452.371801615,0.177604251,0.100104060,8.521271416,7.533696976,0.021018923,-0.158386774,-41.737097402,0.930072490,156.447182437,0.012306857,2.070132274,0.557471402,0.807529864,false,TRANSLATION_JUMP
1784908453.371800661,0.081636029,0.056079651,8.021908266,7.663227863,0.021018923,-0.158386774,-41.737097402,0.931574465,156.628876043,0.012156831,2.043970523,0.568800294,0.813054379,false,TRANSLATION_JUMP
1784908454.371762753,0.081713318,0.135302154,8.664299323,7.698085177,0.021018923,-0.158386774,-41.737097402,0.932849939,156.377478397,0.012009847,2.013260192,0.558459962,0.816452286,false,TRANSLATION_JUMP
1784908455.371955395,0.183455609,0.078981324,8.902059910,7.662473481,0.021018923,-0.158386774,-41.737097402,0.931025466,156.501994273,0.011844035,1.990939195,0.569035165,0.809588174,false,TRANSLATION_JUMP
1784908456.371858835,0.082671868,0.022066821,8.406038061,7.617147074,0.021018923,-0.158386774,-41.737097402,0.929858491,156.529690197,0.011674114,1.965186680,0.555652176,0.797747870,false,TRANSLATION_JUMP
1784908457.371803761,0.080908001,0.101246000,8.892596504,7.660816282,0.021018923,-0.158386774,-41.737097402,0.929591515,156.709434436,0.011518015,1.941693340,0.559415646,0.808166142,false,TRANSLATION_JUMP
1784908458.371820450,0.083774163,0.045076997,8.388671736,7.670587333,0.021018923,-0.158386774,-41.737097402,0.930801338,156.618719578,0.011400997,1.918357332,0.517069183,0.804459094,false,TRANSLATION_JUMP
1784908459.371964693,0.082688282,0.122757491,8.762495109,7.656964503,0.021018923,-0.158386774,-41.737097402,0.931205488,156.735693221,0.011262065,1.895572602,0.522625193,0.812873707,false,TRANSLATION_JUMP
1784908460.371809006,0.082354797,0.067815134,7.991630888,7.664015956,0.021018923,-0.158386774,-41.737097402,0.934846930,156.895317165,0.011179911,1.876323882,0.542854319,0.815074838,false,TRANSLATION_JUMP
1784908461.371798038,0.083790856,0.010981652,8.529641861,7.619807438,0.021018923,-0.158386774,-41.737097402,0.934822216,156.798171611,0.011041766,1.852040651,0.533742200,0.818273783,false,TRANSLATION_JUMP
1784908462.373065472,0.183397783,0.091019479,8.695584493,7.667280985,0.021018923,-0.158386774,-41.737097402,0.934973173,156.683484731,0.010923092,1.830499667,0.540191195,0.822606314,false,TRANSLATION_JUMP
1784908463.371831179,0.073826757,0.020452210,8.460078265,7.522322214,0.021018923,-0.158386774,-41.737097402,0.932283403,156.934255773,0.010758694,1.811045424,0.378409227,0.827250495,false,TRANSLATION_JUMP
1784908464.373030663,0.170978208,0.098995930,8.732169767,7.546645510,0.021018923,-0.158386774,-41.737097402,0.929425518,156.862814609,0.010612959,1.791191046,0.466452903,0.843708436,false,TRANSLATION_JUMP
1784908465.371810675,0.066115424,0.043489739,8.200569386,7.649055414,0.021018923,-0.158386774,-41.737097402,0.930143744,156.629735733,0.010493265,1.766992814,0.470724119,0.842400661,false,TRANSLATION_JUMP
1784908466.372747183,0.079642407,0.105319117,8.888763493,7.473818316,0.021018923,-0.158386774,-41.737097402,0.930047661,156.634488578,0.010368472,1.746211880,0.477822650,0.845483321,false,TRANSLATION_JUMP
1784908467.373070478,0.077564587,0.055248787,7.868198967,7.591568516,0.021018923,-0.158386774,-41.737097402,0.929074060,156.863304494,0.010252465,1.731008943,0.463801491,0.844063230,false,TRANSLATION_JUMP
1784908468.372813940,0.075910189,0.125822311,9.112190470,7.574183969,0.021018923,-0.158386774,-41.737097402,0.927756944,156.730102631,0.010119846,1.709590574,0.461711735,0.848857021,false,TRANSLATION_JUMP
1784908469.371771812,0.082511547,0.076898176,8.143486322,7.681478593,0.021018923,-0.158386774,-41.737097402,0.927766101,156.877726992,0.010018073,1.693974935,0.472458438,0.846777531,false,TRANSLATION_JUMP
1784908470.372056723,0.081045508,0.020263502,8.726415840,7.663942121,0.021018923,-0.158386774,-41.737097402,0.927691688,156.968310435,0.009904307,1.675839451,0.462239563,0.849275197,false,TRANSLATION_JUMP
1784908471.371842146,0.184450823,0.098454255,8.812541779,7.675614728,0.021018923,-0.158386774,-41.737097402,0.927944366,156.999707759,0.009810504,1.659847620,0.459351447,0.855327451,false,TRANSLATION_JUMP
1784908472.372950554,0.070231838,0.036520363,8.140988054,7.578165815,0.021018923,-0.158386774,-41.737097402,0.927363268,156.639396017,0.009696048,1.637743438,0.451452477,0.848541835,false,TRANSLATION_JUMP
1784908473.371860027,0.080109170,0.107919912,8.943461230,7.555896291,0.021018923,-0.158386774,-41.737097402,0.927545246,156.484090398,0.009591978,1.618241155,0.448267136,0.841866872,false,TRANSLATION_JUMP
1784908474.371943951,0.066245748,0.053028873,8.057686650,7.618981634,0.021018923,-0.158386774,-41.737097402,0.928820496,156.683394598,0.009514603,1.605025215,0.464206010,0.838120170,false,TRANSLATION_JUMP
1784908475.371984959,0.080780674,0.118344669,8.833279506,7.505741564,0.021018923,-0.158386774,-41.737097402,0.926581512,156.518618352,0.009388885,1.585975206,0.461338929,0.819222430,false,TRANSLATION_JUMP
1784908476.373601675,0.076396819,0.065222625,7.880461856,7.548793846,0.021018923,-0.158386774,-41.737097402,0.926620134,156.222438498,0.009302444,1.568334697,0.474391945,0.809841549,false,TRANSLATION_JUMP
1784908477.371741772,0.067228404,0.006096474,8.325045210,7.564821782,0.021018923,-0.158386774,-41.737097402,0.926749312,156.152840458,0.009206123,1.551187795,0.465156961,0.802814838,false,TRANSLATION_JUMP
1784908478.372984886,0.168018777,0.081154917,8.514818465,7.542524273,0.021018923,-0.158386774,-41.737097402,0.926359560,156.489342607,0.009118799,1.540433004,0.470739320,0.822347713,false,TRANSLATION_JUMP
1784908479.374111891,0.080100170,0.030701092,8.496262909,7.646945268,0.021018923,-0.158386774,-41.737097402,0.927069210,156.176664618,0.009030770,1.521348769,0.459931002,0.810361519,false,TRANSLATION_JUMP
1784908480.371808529,0.079685593,0.107960103,8.918878250,7.685484034,0.021018923,-0.158386774,-41.737097402,0.925849415,155.934135396,0.008928120,1.503698867,0.475715726,0.823516260,false,TRANSLATION_JUMP
1784908481.374024391,0.085268131,0.053696852,8.062462240,7.673954817,0.021018923,-0.158386774,-41.737097402,0.920907276,156.026365735,0.008801225,1.491163353,0.527680161,0.807762361,false,TRANSLATION_JUMP
1784908482.371922255,0.076843281,0.117858467,8.615211407,7.554397047,0.021018923,-0.158386774,-41.737097402,0.907339231,156.135415855,0.008584868,1.477288610,0.550970843,0.772022690,false,TRANSLATION_JUMP
1784908483.373387575,0.084064388,0.063820807,8.169676438,7.568934221,0.021018923,-0.158386774,-41.737097402,0.922752832,155.718266288,0.008655277,1.460612964,0.385636042,0.862416476,false,TRANSLATION_JUMP
1784908484.374464512,0.084418020,0.142916412,8.893704751,7.607298808,0.021018923,-0.158386774,-41.737097402,0.932995201,155.850766409,0.008665519,1.447518434,0.431215951,0.865587453,false,TRANSLATION_JUMP
1784908485.373037815,0.182068880,0.084168262,8.959400528,7.620832393,0.021018923,-0.158386774,-41.737097402,0.937681807,156.072189969,0.008635170,1.437278410,0.437864633,0.869036635,false,TRANSLATION_JUMP
1784908486.373020411,0.085072299,0.028261510,8.598557435,7.668481070,0.021018923,-0.158386774,-41.737097402,0.937068557,156.426647165,0.008545401,1.426500149,0.441424790,0.874727156,false,TRANSLATION_JUMP
1784908487.371819735,0.180548681,0.095349109,9.059516095,7.553774502,0.021018923,-0.158386774,-41.737097402,0.944293476,156.145046913,0.008539421,1.412048570,0.458468057,0.885025364,false,TRANSLATION_JUMP
1784908488.372117758,0.082573222,0.038605102,7.818376060,7.554199542,0.021018923,-0.158386774,-41.737097402,0.942967956,156.064437471,0.008446896,1.397990311,0.444786306,0.877027142,false,TRANSLATION_JUMP
1784908489.371843576,0.076195646,0.116439683,8.689222029,7.561812394,0.021018923,-0.158386774,-41.737097402,0.936704090,153.191039573,0.008312137,1.359388647,-0.049373586,0.890322623,false,TRANSLATION_JUMP
1784908490.371851921,0.057274186,0.058475889,7.830480752,7.571945546,0.021018923,-0.158386774,-41.737097402,0.933063188,156.489008380,0.008212688,1.377393714,0.013536011,0.772582251,false,TRANSLATION_JUMP
1784908491.371764660,0.083266697,0.004679218,8.803322387,7.645690944,0.021018923,-0.158386774,-41.737097402,0.936227459,153.390280393,0.008163751,1.337538227,-0.039193930,0.879678675,false,TRANSLATION_JUMP
1784908492.371834993,0.184549445,0.071588480,8.863788231,7.529941373,0.021018923,-0.158386774,-41.737097402,0.936544846,153.595979934,0.008101463,1.328662645,0.076915333,0.910261988,false,TRANSLATION_JUMP
1784908493.375937700,0.078282343,0.029802980,8.344285206,7.737736288,0.021018923,-0.158386774,-41.737097402,0.934364343,153.171913392,0.008009110,1.312946806,0.036383551,0.890088928,false,TRANSLATION_JUMP
1784908494.374010086,0.182377099,0.096117393,8.808791514,7.636313564,0.021018923,-0.158386774,-41.737097402,0.936361929,153.104195488,0.007963642,1.302132218,0.026036243,0.906094270,false,TRANSLATION_JUMP
1784908495.371812582,0.084283377,0.037739380,8.138790503,7.584051181,0.021018923,-0.158386774,-41.737097402,0.936443219,153.403660930,0.007893425,1.293063179,0.023992038,0.898414695,false,TRANSLATION_JUMP
1784908496.371963024,0.076770365,0.115965711,8.751011581,7.622357795,0.021018923,-0.158386774,-41.737097402,0.936098190,153.578069130,0.007820860,1.283105401,0.012830792,0.907692616,false,TRANSLATION_JUMP
1784908497.372448206,0.067057843,0.059467745,7.751376364,7.617346682,0.021018923,-0.158386774,-41.737097402,0.936408180,153.603932049,0.007763726,1.273524574,0.008188654,0.895217697,false,TRANSLATION_JUMP
1784908498.371776104,0.078390693,0.004241978,8.966414354,7.674250387,0.021018923,-0.158386774,-41.737097402,0.936145069,153.558492217,0.007693376,1.261965958,-0.022479545,0.891898648,false,TRANSLATION_JUMP
1784908499.371847391,0.180444166,0.069120965,9.052711794,7.574919502,0.021018923,-0.158386774,-41.737097402,0.936599234,153.344369809,0.007639279,1.250738149,-0.023265421,0.909234599,false,TRANSLATION_JUMP
1784908500.371844530,0.071389154,0.140926531,10.246622770,7.601544452,0.021018923,-0.158386774,-41.737097402,0.936577443,153.528067817,0.007573714,1.241517926,-0.022227387,0.908637734,false,TRANSLATION_JUMP
1784908501.371863604,0.183078373,0.092267727,9.321718120,7.638956768,0.021018923,-0.158386774,-41.737097402,0.935946534,153.523029078,0.007512779,1.232318940,-0.013291797,0.917084472,false,TRANSLATION_JUMP
1784908502.371826887,0.076509438,0.034504202,8.489668665,7.599650508,0.021018923,-0.158386774,-41.737097402,0.935753235,153.478547885,0.007448079,1.221604557,-0.016302777,0.913059174,false,TRANSLATION_JUMP
1784908503.372870445,0.179329040,0.101146357,8.672248505,7.509556856,0.021018923,-0.158386774,-41.737097402,0.936607043,153.461533884,0.007399894,1.212460605,-0.008558080,0.920192047,false,TRANSLATION_JUMP
1784908504.372112989,0.082283554,0.059267770,8.077927043,7.664674530,0.021018923,-0.158386774,-41.737097402,0.936645698,153.587008234,0.007338950,1.203408433,-0.023790335,0.916426749,false,TRANSLATION_JUMP
1784908505.371821404,0.083609714,0.003143851,8.762685423,7.633068212,0.021018923,-0.158386774,-41.737097402,0.936382152,153.772245199,0.007277267,1.195069484,-0.036457661,0.901164710,false,TRANSLATION_JUMP
1784908506.372020006,0.173659190,0.078394776,8.614789552,7.651900561,0.021018923,-0.158386774,-41.737097402,0.936236958,153.446747264,0.007223826,1.183965901,-0.020727889,0.901335422,false,TRANSLATION_JUMP
1784908507.374104738,0.080609165,0.027459109,8.488039445,7.694737237,0.021018923,-0.158386774,-41.737097402,0.936724686,153.847979564,0.007169086,1.177453036,-0.031634745,0.886957323,false,TRANSLATION_JUMP
1784908508.372595310,0.183564329,0.090960734,8.829096079,7.533764896,0.021018923,-0.158386774,-41.737097402,0.936739525,154.069578354,0.007119081,1.170905876,-0.027239814,0.895420062,false,TRANSLATION_JUMP
1784908509.373145103,0.075967497,0.037098529,8.122679008,7.548049574,0.021018923,-0.158386774,-41.737097402,0.936137547,153.627553084,0.007057847,1.158248307,-0.033269844,0.899571129,false,TRANSLATION_JUMP
1784908510.371828794,0.078962723,0.114440276,8.980436397,7.569902890,0.021018923,-0.158386774,-41.737097402,0.936278826,153.447945816,0.007003108,1.147748494,-0.039613891,0.904679277,false,TRANSLATION_JUMP
1784908511.371949196,0.073433187,0.056721673,8.148455055,7.549958094,0.021018923,-0.158386774,-41.737097402,0.936785349,153.706407511,0.006958908,1.141807670,-0.026004583,0.909525554,false,TRANSLATION_JUMP
1784908512.371908426,0.079039562,0.000775800,8.557967514,7.549448909,0.021018923,-0.158386774,-41.737097402,0.936124017,153.864952690,0.006899928,1.134098764,-0.030530952,0.912426774,false,TRANSLATION_JUMP
1784908513.372270107,0.175776979,0.080590783,8.930669145,7.617154277,0.021018923,-0.158386774,-41.737097402,0.935624817,153.593436316,0.006849734,1.124461589,-0.024508520,0.909041081,false,TRANSLATION_JUMP
1784908514.373034716,0.080607998,0.024777607,8.487485399,7.599311551,0.021018923,-0.158386774,-41.737097402,0.935937897,153.442576764,0.006799455,1.114738348,-0.043460952,0.901489883,false,TRANSLATION_JUMP
1784908515.371992588,0.161271017,0.099654526,8.851371420,7.636368277,0.021018923,-0.158386774,-41.737097402,0.935960331,153.897601231,0.006753808,1.110511588,-0.044844755,0.903721680,false,TRANSLATION_JUMP
1784908516.371819258,0.069776437,0.032407575,9.483281580,7.588676833,0.021018923,-0.158386774,-41.737097402,0.935429475,153.617582502,0.006698920,1.100106366,-0.045542954,0.895930986,false,TRANSLATION_JUMP
1784908517.371850491,0.046235791,0.107763399,8.824680976,7.590549226,0.021018923,-0.158386774,-41.737097402,0.935133093,153.688598447,0.006646523,1.092352253,-0.072208023,0.893258293,false,TRANSLATION_JUMP
1784908518.373125315,0.079475934,0.037957334,9.862291864,7.647320813,0.021018923,-0.158386774,-41.737097402,0.939933645,153.809181104,0.006636607,1.086003310,-0.061055214,0.875063804,false,TRANSLATION_JUMP
1784908519.371838093,0.063374647,0.119296290,13.013701919,7.715707258,0.021018923,-0.158386774,-41.737097402,0.939285460,154.362138305,0.006582887,1.081831345,-0.044287314,0.881833968,false,TRANSLATION_JUMP
1784908520.404337168,0.412253524,0.355533196,10.096193180,7.575686628,0.021018923,-0.158386774,-41.737097402,0.938917502,153.973299784,0.006549916,1.074122302,-0.037743581,0.902353645,false,TRANSLATION_JUMP
1784908521.371838093,0.078432956,0.128842808,628.185691004,123.732307869,0.021018923,-0.158386774,-41.737097402,0.938529113,153.960040958,0.006487161,1.064179656,-0.048223089,0.898885515,false,TRANSLATION_JUMP
1784908522.375127316,0.186112052,0.078995890,139.235141144,27.131216716,0.021018923,-0.158386774,-41.737097402,0.938700310,154.342089013,0.006447300,1.060071866,-0.020821082,0.902898216,false,TRANSLATION_JUMP
1784908523.373324871,0.078190972,0.023155948,33.827753567,10.895657751,0.021018923,-0.158386774,-41.737097402,0.939012408,154.135940918,0.006402919,1.051019041,-0.036164699,0.896485285,false,TRANSLATION_JUMP
1784908524.374492407,0.181047434,0.102267843,14.001702949,8.358581754,0.021018923,-0.158386774,-41.737097402,0.938547650,154.202283972,0.006359331,1.044830701,-0.038272765,0.910207449,false,TRANSLATION_JUMP
1784908525.372831583,0.074358779,0.044659176,9.693468025,7.797295615,0.021018923,-0.158386774,-41.737097402,0.938388367,153.957266744,0.006313086,1.035760380,-0.065844444,0.911077922,false,TRANSLATION_JUMP
1784908526.371977806,0.081703211,0.109892307,8.993063579,7.554352448,0.021018923,-0.158386774,-41.737097402,0.939058704,154.050066350,0.006273015,1.029071320,-0.071942868,0.914325753,false,TRANSLATION_JUMP
1784908527.371833324,0.078346187,0.052031348,8.352748432,7.527580617,0.021018923,-0.158386774,-41.737097402,0.939295243,153.933793825,0.006236215,1.022004857,-0.068538604,0.917000210,false,TRANSLATION_JUMP
1784908528.371882915,0.083930088,0.128132813,8.554723248,7.524513941,0.021018923,-0.158386774,-41.737097402,0.938571408,153.607303839,0.006188004,1.012733394,-0.066486396,0.908489917,false,TRANSLATION_JUMP
1784908529.371931791,0.181710403,0.066912736,9.124118861,7.497513718,0.021018923,-0.158386774,-41.737097402,0.938933046,153.971398646,0.006152991,1.009001230,-0.064143510,0.903295647,false,TRANSLATION_JUMP
1784908530.374451876,0.085908348,0.023071912,16.647896412,7.959258882,0.021018923,-0.158386774,-41.737097402,0.939564256,153.904944187,0.006114745,1.001623418,-0.079641010,0.899017855,false,TRANSLATION_JUMP
1784908531.371806622,0.176909723,0.085662852,10.418432131,7.595339598,0.021018923,-0.158386774,-41.737097402,0.941041644,153.913621155,0.006087464,0.995645273,-0.068868370,0.892627285,false,TRANSLATION_JUMP
1784908532.371805668,0.082101342,0.041123405,8.482196346,7.683585274,0.021018923,-0.158386774,-41.737097402,0.940506106,153.924922156,0.006042717,0.988961981,-0.074273741,0.899141848,false,TRANSLATION_JUMP
1784908533.376120090,0.057661522,0.113037596,8.653666975,7.549607252,0.021018923,-0.158386774,-41.737097402,0.940103844,154.074702936,0.005999411,0.983250370,-0.051979494,0.922227614,false,TRANSLATION_JUMP
1784908534.376705885,0.034214252,0.039320072,8.102335256,7.394516303,0.021018923,-0.158386774,-41.737097402,0.940671983,154.349473248,0.005967961,0.979248530,-0.043103454,0.911102250,false,TRANSLATION_JUMP
1784908535.372047901,0.080641930,0.129402172,9.313024724,7.679559643,0.021018923,-0.158386774,-41.737097402,0.941106948,154.172436919,0.005930979,0.971614897,-0.032809291,0.906990482,false,TRANSLATION_JUMP
1784908536.374097824,0.173857729,0.074274830,9.205659377,7.592137776,0.021018923,-0.158386774,-41.737097402,0.940835066,154.075689865,0.005895035,0.965399408,-0.029463568,0.914706598,false,TRANSLATION_JUMP
1784908537.373396158,0.084023540,0.021394354,8.532691237,7.634141548,0.021018923,-0.158386774,-41.737097402,0.940490859,154.091407344,0.005854137,0.959150386,-0.032361697,0.897801608,false,TRANSLATION_JUMP
1784908538.374248266,0.182947433,0.097252912,8.753155800,7.585320607,0.021018923,-0.158386774,-41.737097402,0.940188038,154.459580794,0.005818882,0.955959920,-0.023809995,0.902355833,false,TRANSLATION_JUMP
1784908539.371718645,0.082350037,0.036344162,7.773148924,7.509725814,0.021018923,-0.158386774,-41.737097402,0.940212438,153.947969347,0.005780809,0.946534753,-0.035449748,0.894261038,false,TRANSLATION_JUMP
1784908540.371755123,0.080562169,0.105789633,8.713914410,7.506942332,0.021018923,-0.158386774,-41.737097402,0.939863594,153.879961221,0.005741284,0.939996562,-0.044376900,0.885593648,false,TRANSLATION_JUMP
1784908541.372038841,0.074047161,0.052023984,8.002944650,7.598745383,0.021018923,-0.158386774,-41.737097402,0.940452558,153.905528646,0.005712823,0.934906382,-0.055414433,0.893092382,false,TRANSLATION_JUMP
1784908542.371797323,0.082766081,0.125759144,8.797881240,7.607485471,0.021018923,-0.158386774,-41.737097402,0.940575829,153.923036376,0.005677034,0.929033278,-0.041444919,0.888991108,false,TRANSLATION_JUMP
1784908543.371917009,0.059333958,0.067876972,7.579114484,7.598499808,0.021018923,-0.158386774,-41.737097402,0.940239706,153.706740413,0.005643324,0.922548741,-0.016648364,0.881860348,false,TRANSLATION_JUMP
1784908544.373050451,0.065023616,0.005119316,8.261492710,7.510590593,0.021018923,-0.158386774,-41.737097402,0.940431664,154.245040730,0.005608917,0.919947342,-0.040524450,0.889815829,false,TRANSLATION_JUMP
1784908545.371860504,0.147665258,0.083154884,8.374150059,7.572601717,0.021018923,-0.158386774,-41.737097402,0.939528688,154.032495428,0.005572902,0.913658127,-0.059354811,0.899980437,false,TRANSLATION_JUMP
1784908546.373075247,0.068900147,0.027159871,8.261437821,7.607755586,0.021018923,-0.158386774,-41.737097402,0.941992388,153.884387058,0.005552733,0.907097487,-0.007835701,0.932802610,false,TRANSLATION_JUMP
1784908547.372908354,0.066938369,0.106647294,8.778842131,7.653986586,0.021018923,-0.158386774,-41.737097402,0.941897611,153.830782833,0.005517813,0.901169558,-0.137287943,0.886105637,false,TRANSLATION_JUMP
1784908548.372987032,0.075319980,0.039449378,8.600210834,7.521212267,0.021018923,-0.158386774,-41.737097402,0.940982316,153.723122163,0.005482480,0.895642622,-0.142180216,0.893552285,false,TRANSLATION_JUMP
1784908549.371804237,0.078047005,0.118004725,7.540894047,6.724894723,0.021018923,-0.158386774,-41.737097402,0.942099966,153.599550034,0.005455413,0.889448115,-0.143648791,0.888886764,false,TRANSLATION_JUMP
1784908550.375032425,0.086093699,0.063741457,7.912985942,7.404084851,0.021018923,-0.158386774,-41.737097402,0.942280584,153.438664007,0.005427460,0.883794270,-0.130984705,0.887365581,false,TRANSLATION_JUMP
1784908551.373049974,0.083749855,0.004005821,8.781079170,7.514420721,0.021018923,-0.158386774,-41.737097402,0.945060306,153.356694490,0.005410595,0.877987279,-0.138027347,0.877400813,false,TRANSLATION_JUMP
1784908552.372056246,0.179628237,0.078529868,8.883956933,7.549776798,0.021018923,-0.158386774,-41.737097402,0.946491455,153.622026409,0.005390324,0.874886348,-0.116132422,0.889448701,false,TRANSLATION_JUMP
1784908553.374033928,0.082961432,0.030540049,8.456577088,7.679798358,0.021018923,-0.158386774,-41.737097402,0.945991592,153.360118970,0.005354935,0.868119183,-0.115438960,0.884294870,false,TRANSLATION_JUMP
1784908554.374127150,0.179616520,0.097076401,8.771088160,7.557535738,0.021018923,-0.158386774,-41.737097402,0.945325519,153.081792990,0.005323381,0.862044625,-0.138743800,0.875179220,false,TRANSLATION_JUMP
1784908555.374409914,0.084145726,0.039349907,8.208118308,7.540704914,0.021018923,-0.158386774,-41.737097402,0.944418808,153.555563512,0.005286840,0.859601341,-0.124539089,0.876842730,false,TRANSLATION_JUMP
1784908556.372185707,0.072434859,0.117376583,8.675258926,7.624893781,0.021018923,-0.158386774,-41.737097402,0.944891760,153.504588043,0.005258399,0.854265404,-0.112537731,0.894835217,false,TRANSLATION_JUMP
1784908557.371833324,0.075842620,0.054232891,7.956366085,7.586865084,0.021018923,-0.158386774,-41.737097402,0.943437309,153.496320556,0.005223174,0.849805251,-0.060449629,0.917157672,false,TRANSLATION_JUMP
1784908558.373007774,0.077965554,0.005855030,8.661560668,7.770906954,0.021018923,-0.158386774,-41.737097402,0.945737056,153.265053122,0.005205445,0.843588419,-0.067993217,0.897156227,false,TRANSLATION_JUMP
1784908559.371809959,0.183477890,0.080814487,8.899919861,7.665698277,0.021018923,-0.158386774,-41.737097402,0.949258387,153.624619459,0.005198488,0.841304985,-0.034707688,0.884578857,false,TRANSLATION_JUMP
1784908560.372633457,0.078559852,0.026976334,8.489715178,7.633068737,0.021018923,-0.158386774,-41.737097402,0.947736222,153.838380835,0.005160646,0.837686113,-0.056181356,0.880278517,false,TRANSLATION_JUMP
1784908561.372989655,0.180775943,0.094030180,9.933175835,7.562898718,0.021018923,-0.158386774,-41.737097402,0.945489851,153.847526638,0.005122329,0.833491348,-0.043886109,0.886914674,false,TRANSLATION_JUMP
1784908562.373680353,0.078931237,0.036860343,7.192746709,7.771219169,0.021018923,-0.158386774,-41.737097402,0.946490861,153.437783290,0.005098535,0.826535125,-0.060590583,0.878741405,false,TRANSLATION_JUMP
1784908563.372158289,0.080390765,0.115070942,8.731171419,7.693279789,0.021018923,-0.158386774,-41.737097402,0.946011878,153.771389146,0.005067214,0.823660350,-0.059173008,0.888035099,false,TRANSLATION_JUMP
1784908564.371794701,0.080876195,0.058261271,7.950502069,7.612343875,0.021018923,-0.158386774,-41.737097402,0.946039762,153.606250112,0.005042480,0.818735637,-0.053974009,0.888025255,false,TRANSLATION_JUMP
1784908565.371823549,0.061400858,0.003005867,8.356690467,7.606000169,0.021018923,-0.158386774,-41.737097402,0.945843280,153.602962964,0.005013206,0.814134177,-0.069040198,0.893041465,false,TRANSLATION_JUMP
1784908566.373722315,0.071499943,0.071459739,7.736093787,7.518560650,0.021018923,-0.158386774,-41.737097402,0.945902582,153.591699962,0.004988829,0.810065086,-0.064405541,0.889561615,false,TRANSLATION_JUMP
1784908567.373205185,0.080993327,0.025726048,8.378285023,7.743991478,0.021018923,-0.158386774,-41.737097402,0.945807514,153.753130696,0.004960696,0.806424757,-0.055251999,0.889891449,false,TRANSLATION_JUMP
1784908568.371793747,0.176065489,0.092331012,8.909515343,7.556983633,0.021018923,-0.158386774,-41.737097402,0.946543070,153.600436161,0.004940689,0.801751065,-0.089057658,0.876440277,false,TRANSLATION_JUMP
1784908569.374938250,0.072586488,0.034717198,8.458578933,7.501600874,0.021018923,-0.158386774,-41.737097402,0.943189037,153.738144407,0.004896169,0.798066910,-0.036009869,0.916986147,false,TRANSLATION_JUMP
1784908570.373355150,0.076905342,0.113290243,9.081894259,7.592331597,0.021018923,-0.158386774,-41.737097402,0.943690678,153.811218667,0.004872070,0.794093951,-0.014765799,0.911289582,false,TRANSLATION_JUMP
1784908571.372670650,0.063623917,0.058073474,8.179258585,7.614908895,0.021018923,-0.158386774,-41.737097402,0.943939041,154.162208948,0.004850198,0.792124477,-0.015430776,0.904048495,false,TRANSLATION_JUMP
1784908572.372366428,0.069613273,0.119254529,9.115062314,7.487513883,0.021018923,-0.158386774,-41.737097402,0.943618031,153.911494588,0.004822163,0.786532548,-0.040215864,0.899883749,false,TRANSLATION_JUMP
1784908573.371833324,0.178218635,0.067801041,9.154893086,7.548447987,0.021018923,-0.158386774,-41.737097402,0.943721358,153.409420005,0.004800095,0.780293580,-0.011782095,0.882617149,false,TRANSLATION_JUMP
1784908574.372791767,0.002196199,0.002269089,7.754265081,7.439312835,0.021018923,-0.158386774,-41.737097402,0.944078595,153.747288880,0.004776243,0.777831817,-0.028374216,0.880415710,false,TRANSLATION_JUMP
1784908575.371749401,0.124085408,0.076253704,9.317949476,7.584741542,0.021018923,-0.158386774,-41.737097402,0.943790430,153.816230285,0.004752350,0.774524167,-0.038578637,0.874239977,false,TRANSLATION_JUMP
1784908576.374811172,0.083846353,0.022896743,7.828138010,7.628890210,0.021018923,-0.158386774,-41.737097402,0.943480299,153.786309534,0.004725362,0.770229108,-0.005633950,0.880434744,false,TRANSLATION_JUMP
1784908577.371842861,0.053667698,0.087212090,8.528764456,7.530912131,0.021018923,-0.158386774,-41.737097402,0.943627056,153.698478337,0.004701220,0.765737261,0.026666744,0.879633665,false,TRANSLATION_JUMP
1784908578.371894121,0.057168236,0.033775930,7.902426713,7.546107916,0.021018923,-0.158386774,-41.737097402,0.943765058,153.967460304,0.004680436,0.763574360,0.036561173,0.878895484,false,TRANSLATION_JUMP
1784908579.371966362,0.055009443,0.110794181,7.272908365,6.676772460,0.021018923,-0.158386774,-41.737097402,0.943651633,153.931333336,0.004655487,0.759417198,0.047167599,0.883356012,false,TRANSLATION_JUMP
1784908580.371832132,0.159711197,0.056070759,8.580108823,7.429071950,0.021018923,-0.158386774,-41.737097402,0.943286113,153.851469153,0.004632631,0.755589510,0.041692168,0.893755336,false,TRANSLATION_JUMP
1784908581.372422934,0.056098274,0.134262726,8.338318596,7.554652989,0.021018923,-0.158386774,-41.737097402,0.943924392,153.781304661,0.004611835,0.751346151,0.010887688,0.887028354,false,TRANSLATION_JUMP
1784908582.375019073,0.007277292,0.072640879,6.855146578,7.007474322,0.021018923,-0.158386774,-41.737097402,0.942492167,154.152556992,0.004581188,0.749292025,-0.034011314,0.899120634,false,TRANSLATION_JUMP
1784908583.371907949,0.097672837,0.019004737,8.410836129,7.507423241,0.021018923,-0.158386774,-41.737097402,0.942745674,154.053272615,0.004562002,0.745472961,-0.022597362,0.901612845,false,TRANSLATION_JUMP
1784908584.371819735,0.009787643,0.087839056,8.531494599,7.517085956,0.021018923,-0.158386774,-41.737097402,0.942905754,153.800488154,0.004539310,0.740421872,-0.028288823,0.895622995,false,TRANSLATION_JUMP
1784908585.371878147,0.112646857,0.027463957,8.605087398,7.483583218,0.021018923,-0.158386774,-41.737097402,0.943236495,153.936026081,0.004520835,0.737799514,-0.023031295,0.891444284,false,TRANSLATION_JUMP
1784908586.373265743,0.209192398,0.109794545,8.694232452,7.570158576,0.021018923,-0.158386774,-41.737097402,0.943446367,154.156175405,0.004501979,0.735609207,-0.022853510,0.889737195,false,TRANSLATION_JUMP
1784908587.373133898,0.094880710,0.052990013,8.249247601,7.571329681,0.021018923,-0.158386774,-41.737097402,0.942839377,153.804398281,0.004476482,0.730243876,-0.052818708,0.874628455,false,TRANSLATION_JUMP
1784908588.371649504,0.011197671,0.130462294,7.917039572,7.651482169,0.021018923,-0.158386774,-41.737097402,0.942685831,153.694532434,0.004453456,0.726086880,-0.041818812,0.886393114,false,TRANSLATION_JUMP
1784908589.373023987,0.070854876,0.028416285,8.018397202,7.188982762,0.021018923,-0.158386774,-41.737097402,0.943066586,154.240775999,0.004435695,0.725468371,-0.038276572,0.883517805,false,TRANSLATION_JUMP
1784908590.374163389,0.194551499,0.020122752,14.627050216,8.068861631,0.021018923,-0.158386774,-41.737097402,0.942220918,153.795962270,0.004412454,0.720231905,-0.033313021,0.888637818,false,TRANSLATION_JUMP
1784908591.377155542,0.142600713,0.029959852,19.723408780,7.194577431,0.021018923,-0.158386774,-41.737097402,0.942342556,153.601427340,0.004391323,0.715783699,-0.023884444,0.867246315,false,TRANSLATION_JUMP
1784908592.372823715,0.051865822,0.026732817,13.984840477,7.928573954,0.021018923,-0.158386774,-41.737097402,0.942695314,153.614550055,0.004371567,0.712357773,-0.037791143,0.866932184,false,TRANSLATION_JUMP
1784908593.371794939,0.013204376,0.080467284,9.281404401,7.486214411,0.021018923,-0.158386774,-41.737097402,0.942499730,153.889922778,0.004349078,0.710110806,-0.031376285,0.867383860,false,TRANSLATION_JUMP
1784908594.374660969,0.099478926,0.041485388,8.978097508,7.561591003,0.021018923,-0.158386774,-41.737097402,0.942126892,153.821800986,0.004328989,0.706797403,-0.021732107,0.858274943,false,TRANSLATION_JUMP
1784908595.371962070,0.203409914,0.118680698,8.627139857,7.583174322,0.021018923,-0.158386774,-41.737097402,0.942057819,153.882343603,0.004310426,0.704095230,-0.019623152,0.864043743,false,TRANSLATION_JUMP
1784908596.371869802,0.009963637,0.062063875,8.751211846,7.619135800,0.021018923,-0.158386774,-41.737097402,0.942144144,153.673752380,0.004287446,0.699328093,-0.011118496,0.848817721,false,TRANSLATION_JUMP
1784908597.373049498,0.196699982,0.130018458,8.662639273,7.517793260,0.021018923,-0.158386774,-41.737097402,0.942162705,153.916855833,0.004272015,0.697899748,-0.017865574,0.856108812,false,TRANSLATION_JUMP
1784908598.373087645,0.105424745,0.069084977,8.044390845,7.497070246,0.021018923,-0.158386774,-41.737097402,0.942145464,154.095795150,0.004251532,0.695373768,-0.026705631,0.863859709,false,TRANSLATION_JUMP
1784908599.374355793,0.109989852,0.018838618,9.932619334,7.579054680,0.021018923,-0.158386774,-41.737097402,0.942617239,153.795903522,0.004233515,0.690733383,-0.026695258,0.872614251,false,TRANSLATION_JUMP
1784908600.371843100,0.009795817,0.088688601,9.397314053,7.573924095,0.021018923,-0.158386774,-41.737097402,0.943161961,153.844588216,0.004215946,0.687687288,-0.043938530,0.884877080,false,TRANSLATION_JUMP
1784908601.373810291,0.071618626,0.023862517,8.234346818,7.477227834,0.021018923,-0.158386774,-41.737097402,0.942389023,153.986146661,0.004195009,0.685463552,-0.053565227,0.878997004,false,TRANSLATION_JUMP
1784908602.374862909,0.011537796,0.105879151,9.833769531,7.703941736,0.021018923,-0.158386774,-41.737097402,0.942653158,154.096936352,0.004176548,0.682746599,-0.034816894,0.898883227,false,TRANSLATION_JUMP
1784908603.371791840,0.010852114,0.040882256,9.966850568,7.771255048,0.021018923,-0.158386774,-41.737097402,0.942558528,153.725394965,0.004156597,0.677914877,-0.050671451,0.888773017,false,TRANSLATION_JUMP
1784908604.376238585,0.212276819,0.114909786,9.064269478,7.546073865,0.021018923,-0.158386774,-41.737097402,0.942984773,154.400870398,0.004143935,0.678512724,-0.045416232,0.904577841,false,TRANSLATION_JUMP
1784908605.371877432,0.007727178,0.057902657,10.478428183,7.609596660,0.021018923,-0.158386774,-41.737097402,0.942623914,154.374519482,0.004120800,0.674867847,-0.038352183,0.907996272,false,TRANSLATION_JUMP
1784908606.372212887,0.096194311,0.005012233,9.131830675,7.609241809,0.021018923,-0.158386774,-41.737097402,0.942752321,153.983183967,0.004104833,0.670457459,-0.034618458,0.898811756,false,TRANSLATION_JUMP
1784908607.371828556,0.011189988,0.083919145,10.448138723,7.687262158,0.021018923,-0.158386774,-41.737097402,0.943295000,153.931047155,0.004088394,0.667162247,-0.022421737,0.895700081,false,TRANSLATION_JUMP
1784908608.371860266,0.111330717,0.015781582,8.585000580,7.342157903,0.021018923,-0.158386774,-41.737097402,0.943434773,154.292909810,0.004072519,0.666035210,-0.039248603,0.904986223,false,TRANSLATION_JUMP
1784908609.371808529,0.014069472,0.089771030,8.729764658,7.572405178,0.021018923,-0.158386774,-41.737097402,0.943901245,154.360226988,0.004056044,0.663302242,-0.037604027,0.897112120,false,TRANSLATION_JUMP
1784908610.371777773,0.010575400,0.036384497,8.925812690,7.572784981,0.021018923,-0.158386774,-41.737097402,0.942901928,154.189566367,0.004033443,0.659575365,-0.036386246,0.885293486,false,TRANSLATION_JUMP
1784908611.372044563,0.008059348,0.111834409,8.052266121,7.583949310,0.021018923,-0.158386774,-41.737097402,0.943476159,154.325473057,0.004020054,0.657564756,-0.067291573,0.891871920,false,TRANSLATION_JUMP
1784908612.371807575,0.014429328,0.056729365,8.827097171,7.629260760,0.021018923,-0.158386774,-41.737097402,0.942642642,154.709418645,0.003998508,0.656247468,-0.079456157,0.867408865,false,TRANSLATION_JUMP
1784908613.371847391,0.008790362,0.002731981,7.965934084,7.666469310,0.021018923,-0.158386774,-41.737097402,0.933841609,154.603858485,0.003945555,0.653213549,-0.061339775,0.880708300,false,TRANSLATION_JUMP
1784908614.373233557,0.014623941,0.068995528,8.544855521,7.526344779,0.021018923,-0.158386774,-41.737097402,0.935611513,154.637421040,0.003935469,0.650452411,-0.050046867,0.887576040,false,TRANSLATION_JUMP
1784908615.372024775,0.107509700,0.014419584,8.265236482,7.351837098,0.021018923,-0.158386774,-41.737097402,0.933939838,154.817717334,0.003913254,0.648693852,-0.042966776,0.899551536,false,TRANSLATION_JUMP
1784908616.374886513,0.115274272,0.088726448,9.875500072,7.736681483,0.021018923,-0.158386774,-41.737097402,0.933869223,154.843597734,0.003897731,0.646277560,-0.052084225,0.887535903,false,TRANSLATION_JUMP
1784908617.371805191,0.012853736,0.036795451,9.286955140,7.703300772,0.021018923,-0.158386774,-41.737097402,0.934599461,154.729283626,0.003881677,0.642637890,-0.023692165,0.903075634,false,TRANSLATION_JUMP
1784908618.372506142,0.002719776,0.103421986,8.234747851,7.552044513,0.021018923,-0.158386774,-41.737097402,0.935933772,154.553661087,0.003872208,0.639429755,0.003763830,0.920606146,false,TRANSLATION_JUMP
1784908619.371800423,0.002641719,0.044781622,8.866999186,7.528631500,0.021018923,-0.158386774,-41.737097402,0.939605775,154.513123580,0.003870479,0.636479531,0.039805874,0.905034188,false,TRANSLATION_JUMP
1784908620.371869087,0.204858906,0.125939562,12.056571350,7.665743774,0.021018923,-0.158386774,-41.737097402,0.937055854,154.797183217,0.003847524,0.635592794,0.029018315,0.904017965,false,TRANSLATION_JUMP
1784908621.371808767,0.011055253,0.068494635,9.379506526,7.693893745,0.021018923,-0.158386774,-41.737097402,0.936867388,154.677234837,0.003828021,0.632008047,-0.237688409,0.809704584,false,TRANSLATION_JUMP
1784908622.372500896,0.111418689,0.010782211,8.942082170,7.648944816,0.021018923,-0.158386774,-41.737097402,0.938191450,154.703944315,0.003818857,0.629713888,-0.190041602,0.823637761,false,TRANSLATION_JUMP
1784908623.372465134,0.013436131,0.071754282,8.958459935,7.472127967,0.021018923,-0.158386774,-41.737097402,0.938440057,154.736072844,0.003803462,0.627139454,-0.171215624,0.819814218,false,TRANSLATION_JUMP
1784908624.372361183,0.113468752,0.022822146,8.812388653,7.548344314,0.021018923,-0.158386774,-41.737097402,0.937897065,154.784697961,0.003787185,0.625013522,-0.165896252,0.812033342,false,TRANSLATION_JUMP
1784908625.371836424,0.011337385,0.099026613,8.472823283,7.606389437,0.021018923,-0.158386774,-41.737097402,0.936665773,154.775807980,0.003766130,0.622319887,-0.034815717,0.860986840,false,TRANSLATION_JUMP
1784908626.371843338,0.009742261,0.044933957,8.875759639,7.566378014,0.021018923,-0.158386774,-41.737097402,0.937661045,154.733069886,0.003754206,0.619520062,-0.069152755,0.858703415,false,TRANSLATION_JUMP
1784908627.372268915,0.187202753,0.118089485,8.418012214,7.540413167,0.021018923,-0.158386774,-41.737097402,0.937873907,154.744480650,0.003743277,0.617621973,-0.073965558,0.868640900,false,TRANSLATION_JUMP
1784908628.372082472,0.107371550,0.062276800,8.307128765,7.557736802,0.021018923,-0.158386774,-41.737097402,0.937492737,154.825661464,0.003726050,0.615352125,-0.043516377,0.876560252,false,TRANSLATION_JUMP
1784908629.372243404,0.107771458,0.012400625,9.602880977,7.658682114,0.021018923,-0.158386774,-41.737097402,0.937945686,154.765270386,0.003712082,0.612510305,-0.058824718,0.892790473,false,TRANSLATION_JUMP
1784908630.371834040,0.006750146,0.074113406,8.543302203,7.510989044,0.021018923,-0.158386774,-41.737097402,0.937973512,154.851617710,0.003696738,0.610300661,-0.050838598,0.909044551,false,TRANSLATION_JUMP
1784908631.373375893,0.097002093,0.023198197,8.865363043,7.576285809,0.021018923,-0.158386774,-41.737097402,0.938033985,154.828375944,0.003683578,0.607997528,-0.059560999,0.906253843,false,TRANSLATION_JUMP
1784908632.371967554,0.108570583,0.100387169,8.011471871,7.649883812,0.021018923,-0.158386774,-41.737097402,0.937381538,154.744186272,0.003667600,0.605452259,-0.056168647,0.914733644,false,TRANSLATION_JUMP
1784908633.371854067,0.103130047,0.028014193,8.682940345,7.474758728,0.021018923,-0.158386774,-41.737097402,0.937668916,155.036185070,0.003653622,0.604097759,-0.066296295,0.922812846,false,TRANSLATION_JUMP
1784908634.371848106,0.007088188,0.106915334,8.269765780,7.538298438,0.021018923,-0.158386774,-41.737097402,0.937850170,155.311488624,0.003639318,0.602684632,0.003012577,0.958498841,false,TRANSLATION_JUMP
1784908635.374041319,0.012217210,0.054558833,9.095109554,7.604228938,0.021018923,-0.158386774,-41.737097402,0.932174673,155.232172492,0.003602540,0.599919906,-0.225152785,1.660564533,false,TRANSLATION_JUMP
1784908636.372849703,0.014654698,0.105225883,10.119051384,6.809597477,0.021018923,-0.158386774,-41.737097402,0.923134618,155.133849465,0.003554774,0.597383865,-0.133441329,0.898964170,false,TRANSLATION_JUMP
1784908637.371829748,0.012873220,0.065670235,8.995333629,7.537981500,0.021018923,-0.158386774,-41.737097402,0.920563005,158.084116646,0.003530535,0.606282728,0.811261811,0.915906568,false,TRANSLATION_JUMP
1784908638.372310162,0.096508153,0.009376377,8.967058840,7.611992332,0.021018923,-0.158386774,-41.737097402,0.926192692,155.050121631,0.003539621,0.592553428,0.694443492,1.075889951,false,TRANSLATION_JUMP
1784908639.373505116,0.090005750,0.076461574,7.842502146,7.524534384,0.021018923,-0.158386774,-41.737097402,0.927369713,154.864077603,0.003531522,0.589738855,0.670015579,1.048405645,false,TRANSLATION_JUMP
1784908640.371960640,0.106560289,0.018786789,8.834440363,7.533180993,0.021018923,-0.158386774,-41.737097402,0.927522066,154.685761112,0.003517953,0.586699972,0.647255547,1.032658268,false,TRANSLATION_JUMP
1784908641.372716904,0.005558472,0.071491993,8.603138847,7.333101700,0.021018923,-0.158386774,-41.737097402,0.927681400,154.964987046,0.003504486,0.585408568,0.640405274,1.027172926,false,TRANSLATION_JUMP
1784908642.371812105,0.013552191,0.040952302,11.889242202,7.705870123,0.021018923,-0.158386774,-41.737097402,0.927570928,155.255036619,0.003490169,0.584177692,0.623401856,1.040076546,false,TRANSLATION_JUMP
1784908643.371874571,0.010475265,0.120950198,8.619253971,7.681004547,0.021018923,-0.158386774,-41.737097402,0.927233965,155.125938440,0.003476851,0.581676047,0.607388668,1.035749802,false,TRANSLATION_JUMP
1784908644.372843266,0.096005220,0.063894620,8.366495584,7.682281076,0.021018923,-0.158386774,-41.737097402,0.927112253,155.165993984,0.003464271,0.579797222,0.611771217,1.031594134,false,TRANSLATION_JUMP
1784908645.371726990,0.001503842,0.131119718,7.971409930,7.550338593,0.021018923,-0.158386774,-41.737097402,0.925296855,159.137650656,0.003443895,0.592299977,0.316681167,0.805174391,false,TRANSLATION_JUMP
1784908646.374372005,0.005485247,0.065265970,9.719888064,7.456488384,0.021018923,-0.158386774,-41.737097402,0.926527282,158.893440507,0.003434886,0.589060818,0.371600958,0.844044794,false,TRANSLATION_JUMP
1784908647.374351501,0.092162023,0.020924060,8.730499764,7.619631988,0.021018923,-0.158386774,-41.737097402,0.921946378,158.662765302,0.003406336,0.586214849,0.364653805,0.852600654,false,TRANSLATION_JUMP
1784908648.371769667,0.007463207,0.095203664,8.473591320,7.621816232,0.021018923,-0.158386774,-41.737097402,0.919502526,158.564186179,0.003384113,0.583575463,0.360726741,0.869951127,false,TRANSLATION_JUMP
1784908649.371809483,0.008478558,0.040416609,8.829697035,7.653277290,0.021018923,-0.158386774,-41.737097402,0.922417343,158.810030954,0.003381699,0.582217637,0.361799269,0.866669225,false,TRANSLATION_JUMP
1784908650.371829271,0.009212219,0.118234858,7.998757312,7.626435334,0.021018923,-0.158386774,-41.737097402,0.924872631,158.715774843,0.003379287,0.579913449,0.365662019,0.873087638,false,TRANSLATION_JUMP
1784908651.371750832,0.009412870,0.063501438,8.497084931,7.592414857,0.021018923,-0.158386774,-41.737097402,0.924381098,158.360311909,0.003364507,0.576390363,0.371118587,0.877593566,false,TRANSLATION_JUMP
1784908652.372560978,0.106723475,0.008409796,8.765628644,7.568804328,0.021018923,-0.158386774,-41.737097402,0.924990444,158.712585232,0.003355472,0.575741824,0.362844991,0.859430791,false,TRANSLATION_JUMP
1784908653.371806383,0.007876342,0.085899880,8.350613659,7.573105649,0.021018923,-0.158386774,-41.737097402,0.925978982,158.711574784,0.003346233,0.573539902,0.370020023,0.864761927,false,TRANSLATION_JUMP
1784908654.371811867,0.108404363,0.027633465,8.518394058,7.524283413,0.021018923,-0.158386774,-41.737097402,0.926285919,158.569615145,0.003336239,0.571126257,0.364822533,0.868198546,false,TRANSLATION_JUMP
1784908655.371791840,0.011033248,0.108521784,8.013920956,7.571345081,0.021018923,-0.158386774,-41.737097402,0.926968757,158.713645972,0.003326047,0.569478765,0.365093337,0.875373120,false,TRANSLATION_JUMP
1784908656.371806145,0.007621633,0.050368580,8.664380678,7.521443479,0.021018923,-0.158386774,-41.737097402,0.926787253,158.727570954,0.003312835,0.567377477,0.364100939,0.880017840,false,TRANSLATION_JUMP
1784908657.372046232,0.014297914,0.009222179,7.877552008,7.675209496,0.021018923,-0.158386774,-41.737097402,0.926741066,159.013820667,0.003301803,0.566536155,0.350224349,0.877658255,false,TRANSLATION_JUMP
1784908658.371801376,0.008393460,0.085566868,8.354989049,7.654122525,0.021018923,-0.158386774,-41.737097402,0.927306741,158.830998040,0.003291553,0.563784013,0.365948381,0.891781572,false,TRANSLATION_JUMP
1784908659.371804953,0.109890950,0.030803216,8.618472480,7.630058533,0.021018923,-0.158386774,-41.737097402,0.927927676,158.700437333,0.003283044,0.561488280,0.367108172,0.886211486,false,TRANSLATION_JUMP
1784908660.371802568,0.013043205,0.108685627,8.010165272,7.618188612,0.021018923,-0.158386774,-41.737097402,0.928067849,158.694639192,0.003271313,0.559377004,0.363512122,0.881982671,false,TRANSLATION_JUMP
1784908661.371762514,0.007063806,0.053483545,8.624998731,7.591789618,0.021018923,-0.158386774,-41.737097402,0.928326285,158.888440452,0.003260085,0.557982434,0.373759334,0.892303716,false,TRANSLATION_JUMP
1784908662.371978045,0.008679889,0.129778345,7.916611517,7.589943334,0.021018923,-0.158386774,-41.737097402,0.928849037,158.416276156,0.003251403,0.554530549,0.367890370,0.891565210,false,TRANSLATION_JUMP
1784908663.371797085,0.010611273,0.076390504,8.452324499,7.578439735,0.021018923,-0.158386774,-41.737097402,0.929435956,158.705730538,0.003241473,0.553497325,0.376242865,0.884743489,false,TRANSLATION_JUMP
1784908664.372260332,0.110308889,0.019572943,8.700034289,7.542365203,0.021018923,-0.158386774,-41.737097402,0.929209379,158.651461644,0.003230304,0.551536025,0.366716040,0.890276446,false,TRANSLATION_JUMP
1784908665.371829748,0.013941161,0.096445834,8.164860424,7.553683548,0.021018923,-0.158386774,-41.737097402,0.929795416,158.787467005,0.003220516,0.549989335,0.369508437,0.907202205,false,TRANSLATION_JUMP
1784908666.371984482,0.012327893,0.042478234,8.719172088,7.541561935,0.021018923,-0.158386774,-41.737097402,0.931813926,158.627781036,0.003215743,0.547433508,0.355162699,0.917346282,false,TRANSLATION_JUMP
1784908667.371800423,0.013686564,0.119470229,7.923069077,7.533633565,0.021018923,-0.158386774,-41.737097402,0.940483651,158.009859321,0.003235356,0.543569349,0.567795626,1.008214966,false,TRANSLATION_JUMP
1784908668.371797323,0.011560526,0.072682476,8.541545284,7.612536336,0.021018923,-0.158386774,-41.737097402,0.942445220,155.885321510,0.003230500,0.534341385,0.641614135,1.065729834,false,TRANSLATION_JUMP
1784908669.371819019,0.108169138,0.020099391,8.650234654,7.631092517,0.021018923,-0.158386774,-41.737097402,0.939831060,155.859143402,0.003211422,0.532573848,0.645599347,1.036471915,false,TRANSLATION_JUMP
1784908670.371815681,0.014925100,0.099343264,8.242676752,7.628605408,0.021018923,-0.158386774,-41.737097402,0.941728969,155.831094924,0.003206330,0.530562274,0.516716229,0.735556051,false,TRANSLATION_JUMP
1784908671.371807337,0.013975658,0.044094268,8.840256181,7.589760644,0.021018923,-0.158386774,-41.737097402,0.957435455,158.794564047,0.003248131,0.538715654,2.023236515,4.511027835,false,TRANSLATION_JUMP
1784908672.371773005,0.011092461,0.122335633,7.949551187,7.575865157,0.021018923,-0.158386774,-41.737097402,0.958928949,175.279336493,0.003243062,0.592788235,-0.767003390,3.141230644,false,TRANSLATION_JUMP
1784908673.371874809,0.009830199,0.066468372,8.517809589,7.572952161,0.021018923,-0.158386774,-41.737097402,0.970339052,178.560306243,0.003269968,0.601734589,0.076035085,2.642683299,false,TRANSLATION_JUMP
1784908674.371798992,0.110145383,0.008549807,8.809884208,7.553955820,0.021018923,-0.158386774,-41.737097402,0.954430334,165.739174671,0.003206403,0.556799792,0.407116253,3.249006586,false,TRANSLATION_JUMP
1784908675.371948004,0.006948484,0.088712562,8.314733241,7.574065163,0.021018923,-0.158386774,-41.737097402,0.945658938,154.711715582,0.003165702,0.517915331,1.167489119,4.979378189,false,TRANSLATION_JUMP
1784908676.374003649,0.115624238,0.032919037,8.750950682,7.556725528,0.021018923,-0.158386774,-41.737097402,0.933054340,148.070522442,0.003113905,0.494159335,1.452561070,5.458977501,false,TRANSLATION_JUMP
1784908677.372736692,0.014711554,0.110902118,8.020422597,7.563535157,0.021018923,-0.158386774,-41.737097402,0.926841216,141.018450494,0.003082305,0.468971167,1.378416715,1.759968717,false,TRANSLATION_JUMP
1784908678.374953747,0.008382821,0.056935663,8.586824028,7.571621834,0.021018923,-0.158386774,-41.737097402,0.913461071,140.898598970,0.003027163,0.466930686,1.390101960,-1.272872058,false,TRANSLATION_JUMP
1784908679.371859312,0.110996015,0.011358757,8.947694954,7.696431902,0.021018923,-0.158386774,-41.737097402,0.908759687,139.303041721,0.003002427,0.460239650,1.450095772,-1.053449227,false,TRANSLATION_JUMP
1784908680.371825933,0.010942380,0.077744678,8.399495055,7.544774108,0.021018923,-0.158386774,-41.737097402,0.907204771,141.993018284,0.002986984,0.467513932,1.437761077,-0.635304609,false,TRANSLATION_JUMP
1784908681.372004271,0.012770464,0.034013250,9.032314038,7.633186522,0.021018923,-0.158386774,-41.737097402,0.900750911,130.617778021,0.002955459,0.428570804,0.637463851,-1.564676750,false,TRANSLATION_JUMP
1784908682.371798038,0.010299720,0.111898809,7.993918607,7.614556968,0.021018923,-0.158386774,-41.737097402,0.910383829,123.529662019,0.002978065,0.404092552,1.075742078,1.149010763,false,TRANSLATION_JUMP
1784908683.371814728,0.008233817,0.054528240,8.705586512,7.571276176,0.021018923,-0.158386774,-41.737097402,0.897304813,122.811265116,0.002925173,0.400359185,0.779033485,-1.044196824,false,TRANSLATION_JUMP
1784908684.371795177,0.108682283,0.134500082,8.943203067,7.614515527,0.021018923,-0.158386774,-41.737097402,0.899124051,121.528288826,0.002922329,0.394990713,1.743583156,-0.024672612,false,TRANSLATION_JUMP
1784908685.371809244,0.008933975,0.078294482,8.443725571,7.578112357,0.021018923,-0.158386774,-41.737097402,0.902775581,119.293788310,0.002924157,0.386401434,-0.708578058,3.639014914,false,TRANSLATION_JUMP
1784908686.371985197,0.108752477,0.019606254,8.705572572,7.535244170,0.021018923,-0.158386774,-41.737097402,0.900640572,113.131183724,0.002908559,0.365349655,0.203957050,5.000965368,false,TRANSLATION_JUMP
1784908687.372978210,0.011277214,0.099543678,8.151918392,7.586909078,0.021018923,-0.158386774,-41.737097402,0.891350011,94.836347702,0.002868774,0.305226979,2.910607825,4.851567634,false,TRANSLATION_JUMP
1784908688.371885300,0.009524131,0.044358826,8.708187412,7.609306651,0.021018923,-0.158386774,-41.737097402,0.849134940,76.190799369,0.002723648,0.244386223,-0.931946021,12.612143495,false,EXCESSIVE_PITCH
1784908689.371850014,0.011836370,0.111986363,7.944115300,7.542547891,0.021018923,-0.158386774,-41.737097402,0.842031683,64.168152209,0.002692802,0.205208581,-0.652610329,10.128516037,false,EXCESSIVE_PITCH
1784908690.371766806,0.006809495,0.055503940,8.691165087,7.644572093,0.021018923,-0.158386774,-41.737097402,0.865360693,65.491481670,0.002758091,0.208735467,-1.881203452,11.681417586,false,EXCESSIVE_PITCH
1784908691.371828556,0.009401850,0.120168757,7.955272595,7.562786740,0.021018923,-0.158386774,-41.737097402,0.869017251,62.233793704,0.002761527,0.197764005,-1.250647085,10.518212678,false,EXCESSIVE_PITCH
1784908692.371874094,0.010354679,0.053326845,8.712266667,7.538898959,0.021018923,-0.158386774,-41.737097402,0.830724207,67.805368796,0.002630910,0.214740089,0.928367393,5.708932652,false,TRANSLATION_JUMP
1784908693.371950150,0.007824621,0.118916873,7.967661136,7.490651484,0.021018923,-0.158386774,-41.737097402,0.807219281,65.281549811,0.002548931,0.206137527,1.248415990,6.382158716,false,TRANSLATION_JUMP
1784908694.371770859,0.012689769,0.062820411,8.733596755,7.613402444,0.021018923,-0.158386774,-41.737097402,0.811828096,61.549693905,0.002554964,0.193707605,-2.261826679,5.248060183,false,TRANSLATION_JUMP
1784908695.371764183,0.009420997,0.128847458,7.764962224,7.515676227,0.021018923,-0.158386774,-41.737097402,0.822266087,61.666458803,0.002580227,0.193506064,2.328374566,-1.679169009,false,TRANSLATION_JUMP
1784908696.371801376,0.006833234,0.073814314,8.343299103,7.562880668,0.021018923,-0.158386774,-41.737097402,0.838237713,75.526289179,0.002621663,0.236215175,2.911150769,-1.416756567,false,TRANSLATION_JUMP
1784908697.371846199,0.105670482,0.015914113,8.653803341,7.554609249,0.021018923,-0.158386774,-41.737097402,0.812908543,84.164709754,0.002535139,0.262476292,2.312304903,-2.308056214,false,TRANSLATION_JUMP
1784908698.371833801,0.010542309,0.095493785,8.327939708,7.604540188,0.021018923,-0.158386774,-41.737097402,0.822161902,93.635578496,0.002555572,0.291052764,2.442575026,-3.796268364,false,TRANSLATION_JUMP
1784908699.371864080,0.009834686,0.050781436,8.699006692,7.682298761,0.021018923,-0.158386774,-41.737097402,0.849617751,102.174010678,0.002632379,0.316566684,2.839090659,-4.477794689,false,TRANSLATION_JUMP
1784908700.371840239,0.009654497,0.119000649,7.938022778,7.544845940,0.021018923,-0.158386774,-41.737097402,0.837567397,110.545616502,0.002587561,0.341516976,3.210202880,-4.040937073,false,TRANSLATION_JUMP
1784908701.371818542,0.002202089,0.073083193,8.340025288,7.648121074,0.021018923,-0.158386774,-41.737097402,0.827816469,123.913267022,0.002549212,0.381583657,3.132557724,-2.773223802,false,TRANSLATION_JUMP
1784908702.371814728,0.110864719,0.018814671,8.715188749,7.635798557,0.021018923,-0.158386774,-41.737097402,0.819557211,130.802197553,0.002516641,0.401658504,2.069974039,-2.706865158,false,TRANSLATION_JUMP
1784908703.371769428,0.009955575,0.097403884,8.364436606,7.606397523,0.021018923,-0.158386774,-41.737097402,0.830483217,133.760356578,0.002541946,0.409414197,2.329092801,-3.480019016,false,TRANSLATION_JUMP
1784908704.371883869,0.010126300,0.053743339,8.796525321,7.701036084,0.021018923,-0.158386774,-41.737097402,0.794771537,145.991116987,0.002424892,0.445427043,2.530889039,-3.393894076,false,TRANSLATION_JUMP
1784908705.371798277,0.010572713,0.132190909,7.935876264,7.649634362,0.021018923,-0.158386774,-41.737097402,0.790504685,151.750133353,0.002405114,0.461700463,3.221364003,-3.501785809,false,TRANSLATION_JUMP
1784908706.371804237,0.010816661,0.074749700,8.413342989,7.566335659,0.021018923,-0.158386774,-41.737097402,0.792897036,157.084153764,0.002404664,0.476398029,2.345659967,-2.310138843,false,TRANSLATION_JUMP
1784908707.371812582,0.111473776,0.028020284,8.714105012,7.606827173,0.021018923,-0.158386774,-41.737097402,0.792895259,157.660672943,0.002398049,0.476832172,0.099669189,-2.295091966,false,TRANSLATION_JUMP
1784908708.371810675,0.013084933,0.110475701,7.968510241,7.634739863,0.021018923,-0.158386774,-41.737097402,0.819772972,161.561823879,0.002471443,0.487074838,0.504368213,-1.477012224,false,TRANSLATION_JUMP
1784908709.374078035,0.015025813,0.056855890,8.711692969,7.595027439,0.021018923,-0.158386774,-41.737097402,0.888653485,160.196684936,0.002670598,0.481426042,0.268552520,-2.265867313,false,TRANSLATION_JUMP
1784908710.371797562,0.009660549,0.009950423,7.927640198,7.710487745,0.021018923,-0.158386774,-41.737097402,0.950122433,157.588588727,0.002847444,0.472280913,-2.786640326,-3.866881247,false,TRANSLATION_JUMP
1784908711.371814966,0.006649504,0.088566996,8.403332548,7.684321029,0.021018923,-0.158386774,-41.737097402,0.904794142,155.087871473,0.002703134,0.463335547,-0.901358417,-1.622784980,false,TRANSLATION_JUMP
1784908712.371849060,0.110215955,0.030741336,8.653152181,7.604365009,0.021018923,-0.158386774,-41.737097402,0.926538677,163.577554300,0.002760507,0.487359085,-0.932825068,-1.904713456,false,TRANSLATION_JUMP
1784908713.371790648,0.008235101,0.112137496,8.021626927,7.632280087,0.021018923,-0.158386774,-41.737097402,0.968888049,172.325052969,0.002877626,0.511810536,0.443268831,-1.744792322,false,TRANSLATION_JUMP
1784908714.371810675,0.012247547,0.055771083,8.715754333,7.596139859,0.021018923,-0.158386774,-41.737097402,0.974390881,175.188488779,0.002884919,0.518687702,-0.623420914,-2.818427056,false,TRANSLATION_JUMP
1784908715.371818304,0.107622383,0.011539278,8.871862189,7.695670226,0.021018923,-0.158386774,-41.737097402,0.994003496,168.820623107,0.002934982,0.498474587,0.041578385,-2.424785680,false,TRANSLATION_JUMP
1784908716.372211933,0.112214204,0.085775936,8.048964581,7.626810992,0.021018923,-0.158386774,-41.737097402,1.016318812,159.227380213,0.002992731,0.468873228,0.113202155,-0.641119659,false,TRANSLATION_JUMP
1784908717.371932507,0.007437292,0.034252083,8.941438232,7.604724079,0.021018923,-0.158386774,-41.737097402,1.031139252,149.217327253,0.003025867,0.437876615,-0.783639515,-0.693710965,false,TRANSLATION_JUMP
1784908718.371805668,0.010949360,0.113195282,8.017577814,7.591261923,0.021018923,-0.158386774,-41.737097402,1.025985604,141.114907961,0.003002627,0.412983854,-0.634783366,-1.540496600,false,TRANSLATION_JUMP
1784908719.372027397,0.008756717,0.068006449,8.755674868,7.686145529,0.021018923,-0.158386774,-41.737097402,1.048876218,124.634374075,0.003060263,0.363640587,-0.354167865,-1.758297519,false,TRANSLATION_JUMP
1784908720.371796370,0.109895059,0.012779051,8.852927607,7.623155909,0.021018923,-0.158386774,-41.737097402,1.031736326,117.725509290,0.003002191,0.342562832,-0.899496174,-0.914745645,false,TRANSLATION_JUMP
1784908721.371860981,0.012370897,0.091612573,8.448536159,7.598105017,0.021018923,-0.158386774,-41.737097402,1.022804019,110.189122969,0.002967080,0.319650662,0.048064918,-0.769085358,false,TRANSLATION_JUMP
1784908722.371829748,0.009744785,0.047604578,8.759592871,7.698098588,0.021018923,-0.158386774,-41.737097402,1.017782848,97.750128314,0.002943599,0.282709842,0.267463005,-0.205643308,false,TRANSLATION_JUMP
1784908723.371812344,0.014342979,0.125767156,8.031655519,7.678252968,0.021018923,-0.158386774,-41.737097402,0.981997305,95.778010159,0.002832556,0.276270157,-0.779632863,-1.036584205,false,TRANSLATION_JUMP
1784908724.371839523,0.011337492,0.069706439,8.663973792,7.617342030,0.021018923,-0.158386774,-41.737097402,0.964259816,86.039861653,0.002772944,0.247426765,-0.230615141,-1.544928999,false,TRANSLATION_JUMP
1784908725.371809244,0.109415639,0.024502454,8.794055547,7.692552883,0.021018923,-0.158386774,-41.737097402,0.931102005,74.526657653,0.002670516,0.213751719,0.640495840,-1.802789471,false,TRANSLATION_JUMP
1784908726.371774673,0.007679514,0.105274817,8.306212425,7.705487637,0.021018923,-0.158386774,-41.737097402,0.850824823,64.313078035,0.002432987,0.183907295,0.843945039,-1.152111253,false,TRANSLATION_JUMP
1784908727.371662378,0.010787853,0.046222494,8.955796600,7.599663680,0.021018923,-0.158386774,-41.737097402,0.803783874,60.985365262,0.002291546,0.173866098,1.015492494,-1.162370213,false,TRANSLATION_JUMP
1784908728.371802807,0.010327068,0.125649998,8.023208619,7.605378214,0.021018923,-0.158386774,-41.737097402,0.804352919,53.787860711,0.002287160,0.152944589,0.861365795,-0.017581907,false,TRANSLATION_JUMP
1784908729.371794462,0.007811200,0.069304492,8.429415230,7.552421400,0.021018923,-0.158386774,-41.737097402,0.785589390,44.110195985,0.002227113,0.125050553,0.050043129,0.164821854,false,TRANSLATION_JUMP
1784908730.372364998,0.111903612,0.024318816,8.749258214,7.634553182,0.021018923,-0.158386774,-41.737097402,0.752770605,35.905461447,0.002128522,0.101525704,0.845146249,0.022362781,false,TRANSLATION_JUMP
1784908731.371980429,0.011794847,0.106236753,8.348788298,7.672359616,0.021018923,-0.158386774,-41.737097402,0.733396113,28.982957628,0.002067635,0.081710532,1.227814976,-0.695001395,false,TRANSLATION_JUMP
1784908732.371866226,0.009040346,0.049708938,8.795685643,7.618599025,0.021018923,-0.158386774,-41.737097402,0.643572510,24.585680420,0.001809012,0.069107670,1.253900869,-0.180060915,false,TRANSLATION_JUMP
1784908733.371843338,0.004931900,0.128238302,7.886096258,7.597825310,0.021018923,-0.158386774,-41.737097402,0.626019332,22.920858221,0.001755127,0.064261634,2.433169232,-0.639599698,false,TRANSLATION_JUMP
1784908734.372047901,0.006965484,0.071404376,8.416145897,7.559104817,0.021018923,-0.158386774,-41.737097402,0.607624006,16.964634284,0.001698524,0.047422145,2.138470421,0.635359090,false,TRANSLATION_JUMP
1784908735.371803045,0.108279355,0.024571406,8.703061551,7.630607968,0.021018923,-0.158386774,-41.737097402,0.614402621,17.620933481,0.001713061,0.049130211,2.129558522,1.584225267,false,TRANSLATION_JUMP
1784908736.371796846,0.012189461,0.106140895,8.380483312,7.687500934,0.021018923,-0.158386774,-41.737097402,0.643233094,17.362292899,0.001788234,0.048268422,2.381275772,0.414974246,false,TRANSLATION_JUMP
1784908737.372318268,0.011484376,0.050739645,8.809904589,7.630251024,0.021018923,-0.158386774,-41.737097402,0.706755433,20.224647455,0.001959084,0.056061529,2.571209466,1.449299042,false,TRANSLATION_JUMP
1784908738.371817827,0.007320654,0.127505747,7.971573675,7.595446733,0.021018923,-0.158386774,-41.737097402,0.640320826,16.513096920,0.001770409,0.045656702,2.321746493,1.574419571,false,TRANSLATION_JUMP
1784908739.371772766,0.008879211,0.073346073,8.456204420,7.574816912,0.021018923,-0.158386774,-41.737097402,0.537134646,5.450560434,0.001480789,0.015026265,2.390809121,1.803301001,false,TRANSLATION_JUMP
1784908740.794759512,1.131713691,1.238095169,7.973812115,7.629870731,0.021018923,-0.158386774,-41.737097402,0.525301618,3.615345433,0.001447138,0.009959810,2.116208731,1.107060264,false,STALE_SCAN
1784908741.371940613,0.011582987,0.108551942,6.588956430,6.622274709,0.021018923,-0.158386774,-41.737097402,0.468789348,11.254701297,0.001285409,0.030860118,2.617913770,0.409729650,false,LOW_ANGULAR_COVERAGE
1784908742.371888399,0.011904547,0.051378217,8.469287604,7.405419448,0.021018923,-0.158386774,-41.737097402,0.420628716,15.681062352,0.001150022,0.042872900,2.828973914,0.056671378,false,TRANSLATION_JUMP
1784908743.371804714,0.010923774,0.007169465,7.801553055,7.663324936,0.021018923,-0.158386774,-41.737097402,0.404072320,21.944514948,0.001101977,0.059846608,3.049550203,-0.434790785,false,TRANSLATION_JUMP
1784908744.371832371,0.007185113,0.087006294,8.330764535,7.671679091,0.021018923,-0.158386774,-41.737097402,0.390550056,38.861957519,0.001062080,0.105682980,3.754608828,0.889609944,false,TRANSLATION_JUMP
1784908745.371870756,0.112671645,0.027777717,8.710667280,7.590316736,0.021018923,-0.158386774,-41.737097402,0.387337289,52.144238678,0.001050710,0.141449029,2.787119830,-0.313812605,false,TRANSLATION_JUMP
1784908746.371868610,0.012821779,0.121551480,6001.308639058,4892.813459514,0.021018923,-0.158386774,-41.737097402,0.399363333,61.336781436,0.001080274,0.165915340,3.176850454,0.355298274,false,TRANSLATION_JUMP
1784908747.371856689,0.010646898,0.065652690,1013.995284596,827.186080679,0.021018923,-0.158386774,-41.737097402,0.418258907,58.954508667,0.001128163,0.159016983,3.458277724,0.711153019,false,TRANSLATION_JUMP
1784908748.371816874,0.111190390,0.021115571,219.688178486,145.203652198,0.021018923,-0.158386774,-41.737097402,0.422210143,60.628964507,0.001135998,0.163128153,2.540781464,-0.085890417,false,TRANSLATION_JUMP
1784908749.371836901,0.009183211,0.100197114,43.741322653,36.515990380,0.021018923,-0.158386774,-41.737097402,0.435670132,73.686999750,0.001168929,0.197706691,3.669255748,1.185566786,false,TRANSLATION_JUMP
1784908750.371817589,0.010997161,0.043999958,14.781907481,12.461539253,0.021018923,-0.158386774,-41.737097402,0.403313573,83.761343400,0.001079057,0.224101635,2.187950337,1.835531948,false,TRANSLATION_JUMP
1784908751.687326431,1.326504121,1.359506714,14.781907481,12.461539253,0.021018923,-0.158386774,-41.737097402,0.403313573,83.761343400,0.001079057,0.224101635,2.187950337,1.835531948,false,STALE_SCAN
1784908752.371982813,0.012551216,0.073136551,409.142608598,722.522628677,0.021018923,-0.158386774,-41.737097402,0.463558088,91.980636220,0.001233741,0.244802711,2.637208067,0.773468722,false,TRANSLATION_JUMP
1784908753.371816158,0.112369809,0.021959022,92.789492826,127.511905878,0.021018923,-0.158386774,-41.737097402,0.451306611,95.427142671,0.001198207,0.253356535,1.867808921,1.137770617,false,TRANSLATION_JUMP
1784908754.371817827,0.009929016,0.101288053,22.216158624,32.710173343,0.021018923,-0.158386774,-41.737097402,0.461683129,102.393431565,0.001222330,0.271091864,0.737738847,1.449018098,false,TRANSLATION_JUMP
1784908755.371876717,0.009685364,0.056987762,11.099342567,11.852679600,0.021018923,-0.158386774,-41.737097402,0.447574185,109.434976136,0.001181710,0.288936173,1.388298773,0.884271559,false,TRANSLATION_JUMP
1784908756.372119665,0.111519768,0.136654623,678.286073540,4262.836451995,0.021018923,-0.158386774,-41.737097402,0.501673795,114.444909914,0.001321332,0.301430461,1.447719941,0.860189815,false,TRANSLATION_JUMP
1784908757.371772528,0.002208361,0.075789978,120.464015983,721.419848742,0.021018923,-0.158386774,-41.737097402,0.558611550,119.887557280,0.001467209,0.314888126,1.703786927,-1.164185335,false,TRANSLATION_JUMP
1784908758.371836901,0.013093351,0.035761729,27.812376313,127.415912906,0.021018923,-0.158386774,-41.737097402,0.581226618,131.489450059,0.001522440,0.344417893,1.866348070,-0.983996335,false,TRANSLATION_JUMP
1784908759.371918917,0.006779586,0.115012057,11.772593401,32.757051970,0.021018923,-0.158386774,-41.737097402,0.599207305,143.684286769,0.001565760,0.375454598,1.711094128,-0.977963306,false,TRANSLATION_JUMP
1784908760.371800423,0.013068072,0.058603142,9.382305368,11.779847507,0.021018923,-0.158386774,-41.737097402,0.627799978,154.588956132,0.001635959,0.402837204,1.325942375,-0.663512698,false,TRANSLATION_JUMP
1784908761.371832848,0.109639148,0.013862525,8.854772684,8.340389152,0.021018923,-0.158386774,-41.737097402,0.690024583,161.038011062,0.001793858,0.418650880,1.821457064,-1.286812690,false,TRANSLATION_JUMP
1784908762.371968031,0.011350419,0.093427294,8.425555669,7.752197287,0.021018923,-0.158386774,-41.737097402,0.712634912,175.967926374,0.001847565,0.456211449,2.184530896,-0.220632484,false,TRANSLATION_JUMP
1784908763.371794462,0.013356647,0.049447318,8.812482064,7.677682795,0.021018923,-0.158386774,-41.737097402,0.734581724,172.123673492,0.001899324,0.445040461,1.998900500,0.882357509,false,TRANSLATION_JUMP
1784908764.371799946,0.010556353,0.005596144,7.982483306,7.745699823,0.021018923,-0.158386774,-41.737097402,0.752083989,161.433526016,0.001939950,0.416406953,2.571290805,1.396016219,false,TRANSLATION_JUMP
1784908765.371797323,0.013225775,0.084364690,8.496736858,7.699164948,0.021018923,-0.158386774,-41.737097402,0.760843222,154.319645046,0.001957280,0.396989446,2.279821888,1.866688488,false,TRANSLATION_JUMP
1784908766.409714460,1.051136784,1.122274588,8.496736858,7.699164948,0.021018923,-0.158386774,-41.737097402,0.760843222,154.319645046,0.001957280,0.396989446,2.279821888,1.866688488,false,STALE_SCAN
1784908767.372124434,0.014044654,0.119394133,885.713807333,1048.164050691,0.021018923,-0.158386774,-41.737097402,0.850023470,139.090900339,0.002175698,0.356013458,-0.951262163,1.067023991,false,TRANSLATION_JUMP
1784908768.371792793,0.014377379,0.062135964,155.969620815,182.149448087,0.021018923,-0.158386774,-41.737097402,0.945346252,137.079224273,0.002413160,0.349918492,-1.069551611,-1.061222106,false,TRANSLATION_JUMP
1784908769.371806622,0.113135825,0.018768470,39.657160177,36.978155475,0.021018923,-0.158386774,-41.737097402,0.943930390,136.426269269,0.002403894,0.347434813,-1.136199409,-0.703730527,false,TRANSLATION_JUMP
1784908770.371966839,0.013869428,0.097882210,13.596489653,13.787481146,0.021018923,-0.158386774,-41.737097402,0.944065030,137.107677082,0.002397861,0.348244148,-0.922887831,-0.420467045,false,TRANSLATION_JUMP
1784908771.371812820,0.012470410,0.053568891,9.659847904,8.736920029,0.021018923,-0.158386774,-41.737097402,0.943467853,136.449123609,0.002390006,0.345654863,-0.909221920,-0.603272130,false,TRANSLATION_JUMP
1784908772.371814966,0.111970818,0.131547721,9.179095857,7.895087237,0.021018923,-0.158386774,-41.737097402,0.946704964,136.786899342,0.002392624,0.345703900,-0.906059361,-0.555672707,false,TRANSLATION_JUMP
1784908773.371907473,0.011539584,0.074858236,8.443037060,7.614345036,0.021018923,-0.158386774,-41.737097402,0.948224396,136.803165055,0.002390078,0.344823619,-0.887266705,-0.557073498,false,TRANSLATION_JUMP
1784908774.371817112,0.112385277,0.032281333,8.703628509,7.629598810,0.021018923,-0.158386774,-41.737097402,0.952928382,136.771079121,0.002396451,0.343955679,-0.873145687,-0.531132907,false,TRANSLATION_JUMP
1784908775.371876240,0.012632115,0.110880959,8.032023376,7.563393576,0.021018923,-0.158386774,-41.737097402,0.950824157,136.622894986,0.002384825,0.342672882,-0.868428144,-0.520057886,false,TRANSLATION_JUMP
1784908776.371824741,0.008328452,0.066510036,8.705278836,7.644071042,0.021018923,-0.158386774,-41.737097402,0.952138617,136.973404842,0.002381880,0.342654088,-0.864088598,-0.512296440,false,TRANSLATION_JUMP
1784908777.371815681,0.110137942,0.023304629,8.809731891,7.717600772,0.021018923,-0.158386774,-41.737097402,0.952536041,137.169665189,0.002377400,0.342356698,-0.878505523,-0.520328523,false,TRANSLATION_JUMP
1784908778.371803761,0.011836770,0.101997786,8.188745261,7.651490778,0.021018923,-0.158386774,-41.737097402,0.951884163,137.079222825,0.002369598,0.341241786,-0.867091343,-0.513721330,false,TRANSLATION_JUMP
1784908779.371867657,0.011018093,0.057112380,8.729320349,7.697311948,0.021018923,-0.158386774,-41.737097402,0.951317299,136.670649084,0.002362048,0.339342691,-0.862591467,-0.524909797,false,TRANSLATION_JUMP
1784908780.371832371,0.112841759,0.001480573,9.019492628,7.637089502,0.021018923,-0.158386774,-41.737097402,0.952922753,136.830352342,0.002360632,0.338963590,-0.894490773,-0.563428534,false,TRANSLATION_JUMP
1784908781.371831179,0.013384899,0.079836218,8.534280801,7.635551967,0.021018923,-0.158386774,-41.737097402,0.951668358,136.885184453,0.002351375,0.338214848,-0.880503411,-0.532244743,false,TRANSLATION_JUMP
1784908782.371921301,0.113493814,0.024242469,8.731348733,7.588436724,0.021018923,-0.158386774,-41.737097402,0.949767039,136.722177873,0.002341347,0.337044773,-0.887422961,-0.554680700,false,TRANSLATION_JUMP
1784908783.371815205,0.012648648,0.103155689,8.179516995,7.580665606,0.021018923,-0.158386774,-41.737097402,0.951608948,136.932868292,0.002339796,0.336687647,-0.870016221,-0.547234056,false,TRANSLATION_JUMP
1784908784.371797562,0.013394953,0.059041634,8.743138606,7.716865713,0.021018923,-0.158386774,-41.737097402,0.951096997,136.981450994,0.002332549,0.335944699,-0.861833591,-0.591010199,false,TRANSLATION_JUMP
1784908785.371840715,0.113691564,0.014993174,8.973364222,7.744822401,0.021018923,-0.158386774,-41.737097402,0.956405292,137.093016111,0.002340281,0.335460497,-0.808707703,-0.363906365,false,TRANSLATION_JUMP
1784908786.371884108,0.009918338,0.093864960,8.338255871,7.659244187,0.021018923,-0.158386774,-41.737097402,0.954155533,136.762754446,0.002328826,0.333799583,-0.992001824,-0.736968038,false,TRANSLATION_JUMP
1784908787.371809959,0.013338951,0.049857633,8.796732706,7.710013820,0.021018923,-0.158386774,-41.737097402,0.947829207,133.252815214,0.002307506,0.324406174,-1.505885066,-0.512152295,false,TRANSLATION_JUMP
1784908788.371793270,0.011493244,0.127867530,7.958663718,7.642906583,0.021018923,-0.158386774,-41.737097402,0.943784765,127.198379106,0.002292517,0.308973405,-0.670077776,-0.272248554,false,TRANSLATION_JUMP
1784908789.371805429,0.012821536,0.084840180,8.453892541,7.711837432,0.021018923,-0.158386774,-41.737097402,0.948231673,119.899841677,0.002297494,0.290508333,-0.999607770,0.551558801,false,TRANSLATION_JUMP
1784908790.371808529,0.111961987,0.027926061,8.671078706,7.595877467,0.021018923,-0.158386774,-41.737097402,0.939741342,115.826916739,0.002271852,0.280014951,-0.381364623,0.722174359,false,TRANSLATION_JUMP
1784908791.372043371,0.013164076,0.118300575,8.058680078,7.686924695,0.021018923,-0.158386774,-41.737097402,0.937995415,109.752104096,0.002261920,0.264660705,-0.266260339,1.077563150,false,TRANSLATION_JUMP
1784908792.371798515,0.014485035,0.075254358,8.737741380,7.728832941,0.021018923,-0.158386774,-41.737097402,0.933772185,105.009812301,0.002246084,0.252589325,-0.339595151,0.455598831,false,TRANSLATION_JUMP
1784908793.371777534,0.114838120,0.018979790,8.774580661,7.598449867,0.021018923,-0.158386774,-41.737097402,0.936137279,100.314296864,0.002246795,0.240761285,-0.466107532,0.602387340,false,TRANSLATION_JUMP
1784908794.371805429,0.014168068,0.109247016,8.148557457,7.691731421,0.021018923,-0.158386774,-41.737097402,0.933722132,94.592520277,0.002235394,0.226460900,-0.650707160,0.289229030,false,TRANSLATION_JUMP
1784908795.372357368,0.014330532,0.054873916,8.756044149,7.604686875,0.021018923,-0.158386774,-41.737097402,0.932334491,95.334720462,0.002226445,0.227662366,-0.131905928,-0.480980581,false,TRANSLATION_JUMP
1784908796.371842623,0.115003648,0.010093428,8.887266338,7.645391101,0.021018923,-0.158386774,-41.737097402,0.928101883,88.881177912,0.002211537,0.211791381,-0.225572076,0.554920452,false,TRANSLATION_JUMP
1784908797.371800423,0.014364809,0.083714311,8.433383455,7.550910880,0.021018923,-0.158386774,-41.737097402,0.921733755,81.218985336,0.002190846,0.193047415,-0.014655642,2.036072349,false,TRANSLATION_JUMP
1784908798.371813297,0.013666634,0.045247247,8.845125753,7.656628144,0.021018923,-0.158386774,-41.737097402,0.916484236,76.910608950,0.002172979,0.182354623,-0.262511250,2.673885507,false,TRANSLATION_JUMP
1784908799.371715546,0.011650445,0.000508561,8.009061262,7.705937290,0.021018923,-0.158386774,-41.737097402,0.909274679,73.582597489,0.002151186,0.174083631,-0.196301781,2.828360772,false,TRANSLATION_JUMP
1784908800.371814251,0.012999367,0.075837197,8.482429041,7.566783995,0.021018923,-0.158386774,-41.737097402,0.898886885,69.127504737,0.002121359,0.163139811,0.033160536,2.340493909,false,TRANSLATION_JUMP
1784908801.371812820,0.013559558,0.035844102,9.046113041,7.658726914,0.021018923,-0.158386774,-41.737097402,0.881400476,63.223398665,0.002074991,0.148840379,0.084980599,2.020024387,false,TRANSLATION_JUMP
1784908802.371830225,0.013824430,0.114922717,8.026345998,7.601609250,0.021018923,-0.158386774,-41.737097402,0.876528985,62.966197477,0.002059057,0.147914114,-0.126514910,0.083176966,false,TRANSLATION_JUMP
1784908803.371803045,0.011927150,0.070205089,8.703458054,7.638617484,0.021018923,-0.158386774,-41.737097402,0.881746499,62.801765872,0.002066244,0.147166770,-0.367504963,0.409705191,false,TRANSLATION_JUMP
1784908804.371834517,0.115200194,0.026738535,8.803223007,7.656777044,0.021018923,-0.158386774,-41.737097402,0.879749213,62.695867367,0.002057185,0.146606564,-0.382846303,0.508950399,false,TRANSLATION_JUMP
1784908805.371798754,0.011858705,0.104618537,8.086279237,7.593548912,0.021018923,-0.158386774,-41.737097402,0.879234313,62.644987504,0.002050915,0.146126646,-0.398765864,0.571792400,false,TRANSLATION_JUMP
1784908806.371821642,0.015033905,0.058891756,8.748089941,7.620234726,0.021018923,-0.158386774,-41.737097402,0.878831517,62.620451285,0.002044989,0.145714081,-0.409546788,0.615896055,false,TRANSLATION_JUMP
1784908807.371806622,0.114095875,0.016368752,8.844796830,7.666287875,0.021018923,-0.158386774,-41.737097402,0.879768678,62.798427458,0.002042855,0.145820259,-0.319939975,0.501692276,false,TRANSLATION_JUMP
1784908808.372440338,0.016317289,0.096335919,8.405846311,7.599244791,0.021018923,-0.158386774,-41.737097402,0.874977272,62.922706272,0.002026758,0.145751356,0.187865258,0.456485763,false,TRANSLATION_JUMP
1784908809.371815443,0.014652567,0.052343642,8.764122630,7.648606496,0.021018923,-0.158386774,-41.737097402,0.860076803,56.514810353,0.001987437,0.130592546,0.872560289,0.043581872,false,TRANSLATION_JUMP
1784908810.371819258,0.014950236,0.008343702,7.989448986,7.706421950,0.021018923,-0.158386774,-41.737097402,0.842757910,47.219347485,0.001943281,0.108881174,0.736778821,0.541873054,false,TRANSLATION_JUMP
1784908811.371801615,0.014277672,0.086449433,8.465124819,7.610593392,0.021018923,-0.158386774,-41.737097402,0.830993834,36.999092424,0.001911553,0.085109826,0.112511596,1.273658689,false,TRANSLATION_JUMP
1784908812.371818781,0.012477856,0.043381540,8.848189013,7.654458934,0.021018923,-0.158386774,-41.737097402,0.813294033,24.037788802,0.001866356,0.055162182,-0.131535978,0.949748752,false,TRANSLATION_JUMP
1784908813.371821642,0.112375891,0.134447645,8.972305555,7.728586065,0.021018923,-0.158386774,-41.737097402,0.805718096,15.855584069,0.001845122,0.036309837,-0.222957148,-0.217232889,false,TRANSLATION_JUMP
1784908814.371857405,0.013416292,0.090162427,8.428550941,7.745098256,0.021018923,-0.158386774,-41.737097402,0.799278281,6.727445148,0.001826009,0.015369338,0.049477458,-0.306630880,false,TRANSLATION_JUMP
1784908815.371805668,0.014000261,0.033318319,8.974745014,7.599646339,0.021018923,-0.158386774,-41.737097402,0.787839369,0.856016315,0.001795543,0.001950923,0.235045711,0.414510501,false,TRANSLATION_JUMP
1784908816.371792316,0.013593108,0.125069015,8.016658360,7.662867582,0.021018923,-0.158386774,-41.737097402,0.778584511,3.623776185,0.001770783,0.008241778,2.479944978,1.276215029,false,TRANSLATION_JUMP
1784908817.371761560,0.015157327,0.078122032,8.551795797,7.672822222,0.021018923,-0.158386774,-41.737097402,0.774088694,2.889428350,0.001756378,0.006556002,2.483570932,1.144915368,false,TRANSLATION_JUMP
1784908818.371798515,0.015348736,0.037396062,8.983943547,7.722090015,0.021018923,-0.158386774,-41.737097402,0.774001025,4.399806224,0.001752039,0.009959459,3.440933545,-0.658425948,false,TRANSLATION_JUMP
1784908819.371822834,0.014805582,0.115003935,8.011071492,7.636620281,0.021018923,-0.158386774,-41.737097402,0.772675771,14.178988598,0.001745399,0.032028949,2.212985850,2.149131944,false,TRANSLATION_JUMP
1784908820.371863842,0.013499123,0.072277167,8.658226810,7.713144352,0.021018923,-0.158386774,-41.737097402,0.760952769,23.306099416,0.001714874,0.052522344,1.338432416,2.935144737,false,TRANSLATION_JUMP
1784908821.371814728,0.114584553,0.015383495,8.770565379,7.592614419,0.021018923,-0.158386774,-41.737097402,0.752760088,27.941111064,0.001692897,0.062837298,0.366229585,3.836372015,false,TRANSLATION_JUMP
1784908822.371777534,0.015995741,0.094418209,8.370087930,7.576985128,0.021018923,-0.158386774,-41.737097402,0.748392168,33.648050025,0.001679084,0.075492392,-0.356852867,3.893462576,false,TRANSLATION_JUMP
1784908823.371801615,0.014428818,0.050617472,8.768593914,7.643692637,0.021018923,-0.158386774,-41.737097402,0.746451873,38.022029131,0.001670818,0.085106475,-0.490689135,3.018806695,false,TRANSLATION_JUMP
1784908824.371822357,0.012855596,0.006772478,7.916846848,7.716577122,0.021018923,-0.158386774,-41.737097402,0.745119988,43.425411474,0.001664402,0.097000932,-1.303705042,2.437070881,false,TRANSLATION_JUMP
1784908825.372065783,0.013950978,0.085867112,8.449602468,7.648828525,0.021018923,-0.158386774,-41.737097402,0.741732565,49.417184064,0.001652984,0.110128361,-2.175801485,1.844780508,false,TRANSLATION_JUMP
1784908826.371808529,0.013954052,0.041272482,8.836471835,7.706049847,0.021018923,-0.158386774,-41.737097402,0.742069746,55.019220138,0.001649896,0.122328146,-2.452022033,1.272478294,false,TRANSLATION_JUMP
1784908827.371795416,0.014226851,0.119888809,7.979215377,7.642616624,0.021018923,-0.158386774,-41.737097402,0.738511395,59.993764611,0.001638629,0.133115758,-2.858008206,1.028138166,false,TRANSLATION_JUMP
1784908828.371892929,0.012207737,0.064179474,8.500664733,7.586544599,0.021018923,-0.158386774,-41.737097402,0.738953938,66.272458667,0.001635777,0.146703299,-3.135894223,0.788071896,false,TRANSLATION_JUMP
1784908829.371803761,0.111392197,0.019672684,8.703539313,7.643523347,0.021018923,-0.158386774,-41.737097402,0.736563205,70.556723025,0.001627210,0.155873439,-3.296421598,0.254051046,false,TRANSLATION_JUMP
1784908830.371817112,0.013028948,0.098947825,8.182658654,7.595998026,0.021018923,-0.158386774,-41.737097402,0.734865194,75.564630598,0.001619680,0.166548291,-3.546877633,-0.064037013,false,TRANSLATION_JUMP
1784908831.371805429,0.011825194,0.054405240,8.716464914,7.637899855,0.021018923,-0.158386774,-41.737097402,0.733450461,81.489472564,0.001612851,0.179194603,-3.682111524,-0.004141883,false,TRANSLATION_JUMP
1784908832.371806383,0.112937278,0.010815295,8.913575923,7.708215152,0.021018923,-0.158386774,-41.737097402,0.728601105,86.659982195,0.001598949,0.190179311,-3.767977615,-0.072541979,false,TRANSLATION_JUMP
1784908833.371809006,0.012089215,0.088275506,8.373830380,7.668932766,0.021018923,-0.158386774,-41.737097402,0.715373702,93.504267715,0.001566331,0.204730189,-1.995346507,2.506768045,false,TRANSLATION_JUMP
1784908834.371802092,0.011849824,0.032977259,8.917450187,7.591257937,0.021018923,-0.158386774,-41.737097402,0.717218604,93.384104792,0.001566748,0.203995432,-2.093505588,1.965858058,false,TRANSLATION_JUMP
1784908835.371816874,0.010797424,0.124400549,8.010897008,7.705250652,0.021018923,-0.158386774,-41.737097402,0.727041657,100.577851938,0.001585059,0.219274701,1.470820152,3.132060685,false,TRANSLATION_JUMP
1784908836.371786356,0.013568637,0.068513929,8.549746954,7.601399783,0.021018923,-0.158386774,-41.737097402,0.729307573,114.891426588,0.001586346,0.249904943,-2.596327328,2.665596864,false,TRANSLATION_JUMP
1784908837.371830940,0.113984383,0.024571580,8.755054186,7.657288407,0.021018923,-0.158386774,-41.737097402,0.737664671,128.596246621,0.001601357,0.279162694,-3.385724421,1.486498769,false,TRANSLATION_JUMP
1784908838.371934175,0.014394977,0.103327736,8.156971876,7.600373230,0.021018923,-0.158386774,-41.737097402,0.729563608,135.358656036,0.001580148,0.293170793,-2.814435218,-0.361896650,false,TRANSLATION_JUMP
1784908839.371814251,0.014345291,0.059015459,8.731203519,7.642284067,0.021018923,-0.158386774,-41.737097402,0.720685353,146.819441696,0.001557398,0.317276178,-5.302046638,-0.741646533,false,TRANSLATION_JUMP
1784908840.371806622,0.112322597,0.015277171,8.926613244,7.713415089,0.021018923,-0.158386774,-41.737097402,0.723466756,154.200527724,0.001560302,0.332564625,-3.877896660,-0.016289465,false,TRANSLATION_JUMP
1784908841.371831179,0.012210343,0.094246359,8.375123536,7.650957140,0.021018923,-0.158386774,-41.737097402,0.721085525,154.171341120,0.001551673,0.331754712,-1.987450946,-2.718168054,false,TRANSLATION_JUMP
1784908842.371807814,0.014906129,0.049794103,8.822722306,7.700839552,0.021018923,-0.158386774,-41.737097402,0.732450359,155.761051401,0.001572596,0.334424254,-1.895657253,-1.900350482,false,TRANSLATION_JUMP
1784908843.371808052,0.012547087,0.129074624,7.959754159,7.658173185,0.021018923,-0.158386774,-41.737097402,0.740719650,170.037213130,0.001587211,0.364355072,-0.717404256,-1.890239822,false,TRANSLATION_JUMP
1784908844.371842861,0.012962535,0.084742443,8.439777490,7.660921205,0.021018923,-0.158386774,-41.737097402,0.745617587,177.713632589,0.001594140,0.379954036,-0.169460259,-2.113425679,false,TRANSLATION_JUMP
1784908845.371823072,0.013010498,0.040589528,8.820578861,7.703233949,0.021018923,-0.158386774,-41.737097402,0.749204549,176.008330546,0.001598242,0.375469997,0.352343037,-1.802563595,false,TRANSLATION_JUMP
1784908846.371796131,0.012137933,0.118411842,7.945349637,7.606142519,0.021018923,-0.158386774,-41.737097402,0.748874706,170.639444074,0.001594401,0.363302098,0.012689920,-1.714423521,false,TRANSLATION_JUMP
1784908847.371819973,0.014592586,0.076133760,8.533634935,7.654401052,0.021018923,-0.158386774,-41.737097402,0.740823936,159.718336340,0.001573767,0.339297055,1.080028569,-2.510307163,false,TRANSLATION_JUMP
1784908848.371860981,0.113302861,0.029433194,8.688626638,7.642775553,0.021018923,-0.158386774,-41.737097402,0.738105775,154.871890330,0.001564969,0.328367227,-2.041550240,-1.363324015,false,TRANSLATION_JUMP
1784908849.371806383,0.014748995,0.110536904,8.072552262,7.605153704,0.021018923,-0.158386774,-41.737097402,0.743239463,155.424821741,0.001572334,0.328803399,-1.958242812,-1.190320196,false,TRANSLATION_JUMP
1784908850.371866703,0.010877828,0.066594977,8.632237542,7.644328523,0.021018923,-0.158386774,-41.737097402,0.745823159,155.477470113,0.001574323,0.328189971,-1.906687004,-1.213184338,false,TRANSLATION_JUMP
1784908851.371808767,0.112478435,0.022852257,8.767878616,7.659764033,0.021018923,-0.158386774,-41.737097402,0.743633715,155.543743075,0.001566695,0.327701078,-1.853077800,-1.245010121,false,TRANSLATION_JUMP
1784908852.371777773,0.010634084,0.100847617,8.142190409,7.592717715,0.021018923,-0.158386774,-41.737097402,0.748235931,155.714571656,0.001572891,0.327332612,-1.810955814,-1.254264688,false,TRANSLATION_JUMP
1784908853.371823788,0.012904568,0.057541663,8.752064514,7.648383726,0.021018923,-0.158386774,-41.737097402,0.743211044,156.128462453,0.001558907,0.327483957,-1.771125581,-1.282182596,false,TRANSLATION_JUMP
1784908854.372003078,0.111992571,0.012406156,8.787396865,7.638899831,0.021018923,-0.158386774,-41.737097402,0.741446121,155.921334854,0.001552245,0.326427081,-1.748934605,-1.292303194,false,TRANSLATION_JUMP
1784908855.371795177,0.012128319,0.092340713,8.387295474,7.602168856,0.021018923,-0.158386774,-41.737097402,0.740151407,155.566856120,0.001546116,0.324966469,-1.724843559,-1.307962835,false,TRANSLATION_JUMP
1784908856.371821404,0.011420924,0.048473331,8.750493736,7.647250638,0.021018923,-0.158386774,-41.737097402,0.741020101,155.780907398,0.001544562,0.324705471,-1.703062172,-1.311788644,false,TRANSLATION_JUMP
1784908857.371865511,0.112974385,0.004422931,8.983923262,7.662766393,0.021018923,-0.158386774,-41.737097402,0.740365627,155.945243581,0.001540279,0.324433197,-1.698028574,-1.315251204,false,TRANSLATION_JUMP
1784908858.371876717,0.013753778,0.083242027,8.416368274,7.601099974,0.021018923,-0.158386774,-41.737097402,0.740347432,156.030415940,0.001536865,0.323898904,-1.685399695,-1.314636808,false,TRANSLATION_JUMP
1784908859.372252464,0.015183051,0.039143591,9.004349739,7.642968439,0.021018923,-0.158386774,-41.737097402,0.740375972,155.609109421,0.001533600,0.322325590,-1.689966823,-1.319796690,false,TRANSLATION_JUMP
1784908860.372079611,0.014808583,0.129922869,8.023030163,7.712863665,0.021018923,-0.158386774,-41.737097402,0.740216648,155.632905792,0.001530389,0.321769177,-1.685992544,-1.317598006,false,TRANSLATION_JUMP
1784908861.371772766,0.012487099,0.074274641,8.448431392,7.603795055,0.021018923,-0.158386774,-41.737097402,0.739725007,155.719871963,0.001526041,0.321247541,-1.678622686,-1.311382479,false,TRANSLATION_JUMP
1784908862.371800900,0.111780471,0.027608776,8.706782094,7.601142016,0.021018923,-0.158386774,-41.737097402,0.740616172,155.565130799,0.001525019,0.320327586,-1.680653865,-1.324954233,false,TRANSLATION_JUMP
1784908863.371824980,0.010252169,0.120849664,8.090518119,7.715549207,0.021018923,-0.158386774,-41.737097402,0.750185001,155.787410420,0.001541409,0.320097209,-1.636555026,-1.316159606,false,TRANSLATION_JUMP
1784908864.371810198,0.010454671,0.065028179,8.511108733,7.603296825,0.021018923,-0.158386774,-41.737097402,0.748915053,155.856129734,0.001535467,0.319544944,-1.629117746,-1.312134263,false,TRANSLATION_JUMP
1784908865.371818781,0.112106725,0.020766934,8.755130878,7.611800476,0.021018923,-0.158386774,-41.737097402,0.747286615,155.808367107,0.001529278,0.318852740,-1.636393840,-1.316564686,false,TRANSLATION_JUMP
1784908866.371829987,0.012148946,0.111967128,8.174572748,7.708042089,0.021018923,-0.158386774,-41.737097402,0.747530617,155.598948081,0.001526517,0.317745333,-1.637371674,-1.303244073,false,TRANSLATION_JUMP
1784908867.371773481,0.012043685,0.068109647,8.770746362,7.718577210,0.021018923,-0.158386774,-41.737097402,0.747657406,155.690547207,0.001523528,0.317256058,-1.631099510,-1.310822983,false,TRANSLATION_JUMP
1784908868.371803761,0.109851362,0.011706941,8.714652070,7.599811230,0.021018923,-0.158386774,-41.737097402,0.746504223,156.153523956,0.001518328,0.317603340,-1.640670323,-1.313023225,false,TRANSLATION_JUMP
1784908869.371864557,0.010970712,0.103020167,8.191800648,7.665237182,0.021018923,-0.158386774,-41.737097402,0.746612205,156.147065826,0.001515330,0.316917249,-1.641707038,-1.308975347,false,TRANSLATION_JUMP
1784908870.371808290,0.011344659,0.058956725,8.721379750,7.709893283,0.021018923,-0.158386774,-41.737097402,0.746467998,155.880918687,0.001511834,0.315708103,-1.634997167,-1.311197051,false,TRANSLATION_JUMP
1784908871.371811152,0.113695963,0.014909340,9.012498365,7.730838589,0.021018923,-0.158386774,-41.737097402,0.746584922,155.774832789,0.001509255,0.314905727,-1.652408049,-1.306300278,false,TRANSLATION_JUMP
1784908872.371959448,0.012616874,0.094013319,8.416160299,7.653108512,0.021018923,-0.158386774,-41.737097402,0.745927425,155.996383308,0.001504750,0.314689457,-1.631024497,-1.312119417,false,TRANSLATION_JUMP
1784908873.371829510,0.013811255,0.049709970,8.785748882,7.660240118,0.021018923,-0.158386774,-41.737097402,0.745797969,156.119785111,0.001501326,0.314276474,-1.632027966,-1.315983833,false,TRANSLATION_JUMP
1784908874.371814966,0.012746171,0.005568569,7.963011861,7.707734516,0.021018923,-0.158386774,-41.737097402,0.746231603,155.623398052,0.001499419,0.312697331,-1.650365135,-1.313756629,false,TRANSLATION_JUMP
1784908875.371823788,0.012283093,0.077650812,8.476670759,7.547114740,0.021018923,-0.158386774,-41.737097402,0.745074224,155.513021755,0.001493958,0.311821148,-1.643654759,-1.308174682,false,TRANSLATION_JUMP
1784908876.371833086,0.011122007,0.040148898,8.824024388,7.665170761,0.021018923,-0.158386774,-41.737097402,0.744017595,155.499775900,0.001488725,0.311143636,-1.646571136,-1.302812288,false,TRANSLATION_JUMP
1784908877.371804476,0.011649790,0.129381939,7.987402101,7.702529264,0.021018923,-0.158386774,-41.737097402,0.741991278,155.314226814,0.001481971,0.310207478,-1.649269422,-1.307553341,false,TRANSLATION_JUMP
1784908878.371815920,0.010794800,0.087141484,8.448908101,7.743981440,0.021018923,-0.158386774,-41.737097402,0.741697972,154.895314776,0.001478306,0.308727641,-1.630457954,-1.304363941,false,TRANSLATION_JUMP
1784908879.371798038,0.113001010,0.027307188,8.754989428,7.563642908,0.021018923,-0.158386774,-41.737097402,0.741124050,155.266098432,0.001474455,0.308899614,-1.634836695,-1.311790851,false,TRANSLATION_JUMP
1784908880.371764421,0.010098219,0.122273774,8.054338565,7.692029560,0.021018923,-0.158386774,-41.737097402,0.743178682,155.290657822,0.001475479,0.308308170,-1.618467085,-1.291877583,false,TRANSLATION_JUMP
1784908881.371815920,0.012064051,0.072709017,8.564677999,7.645949621,0.021018923,-0.158386774,-41.737097402,0.742911189,154.908339298,0.001471885,0.306910611,-1.657264901,-1.303240759,false,TRANSLATION_JUMP
1784908882.372630835,0.013297395,0.034760864,8.996557555,7.723748364,0.021018923,-0.158386774,-41.737097402,0.742339252,154.877788960,0.001467728,0.306219091,-1.682769013,-1.321971087,false,TRANSLATION_JUMP
1784908883.371857405,0.013227580,0.113796728,8.022571232,7.658579103,0.021018923,-0.158386774,-41.737097402,0.744828005,155.047805135,0.001469972,0.305998056,-1.680129609,-1.310938808,false,TRANSLATION_JUMP
1784908884.371835470,0.011996606,0.068607919,8.691639298,7.647045665,0.021018923,-0.158386774,-41.737097402,0.744596457,155.066251002,0.001466493,0.305405112,-1.669930085,-1.317751696,false,TRANSLATION_JUMP
1784908885.371799231,0.113477590,0.025464112,8.824722858,7.682428984,0.021018923,-0.158386774,-41.737097402,0.744968654,154.909152115,0.001464605,0.304550588,-1.696159341,-1.338680584,false,TRANSLATION_JUMP
1784908886.371833086,0.012614185,0.104340229,8.209243858,7.608800810,0.021018923,-0.158386774,-41.737097402,0.747566121,154.950522584,0.001466665,0.304000567,-1.643594949,-1.319412717,false,TRANSLATION_JUMP
1784908887.371809006,0.012458535,0.059280555,8.737711615,7.638380965,0.021018923,-0.158386774,-41.737097402,0.746755981,155.018719018,0.001462081,0.303512791,-1.624563253,-1.299651103,false,TRANSLATION_JUMP
1784908888.371885777,0.112366425,0.015799971,8.771916796,7.647147762,0.021018923,-0.158386774,-41.737097402,0.750663813,155.064535877,0.001467122,0.303063129,-1.635952466,-1.294573799,false,TRANSLATION_JUMP
1784908889.371881008,0.012451312,0.095281884,8.389670401,7.608024528,0.021018923,-0.158386774,-41.737097402,0.750878420,154.772413042,0.001464518,0.301869000,-1.632974225,-1.295540008,false,TRANSLATION_JUMP
1784908890.371837139,0.013324486,0.050870312,8.834058100,7.612567514,0.021018923,-0.158386774,-41.737097402,0.748037659,154.663423894,0.001456013,0.301043517,-1.642902746,-1.290099482,false,TRANSLATION_JUMP
1784908891.371826172,0.112631049,0.006290481,8.855197315,7.637961824,0.021018923,-0.158386774,-41.737097402,0.746862588,155.049939296,0.001451158,0.301262885,-1.647930166,-1.278448113,false,TRANSLATION_JUMP
1784908892.371796370,0.012525516,0.098401961,8.402676279,7.755989985,0.021018923,-0.158386774,-41.737097402,0.747371027,154.803344771,0.001449206,0.300174812,-1.643048860,-1.294897773,false,TRANSLATION_JUMP
1784908893.371905088,0.010778611,0.042263068,8.809915384,7.611166011,0.021018923,-0.158386774,-41.737097402,0.749282416,154.464030825,0.001449943,0.298904617,-1.648252066,-1.302291223,false,TRANSLATION_JUMP
1784908894.372026443,0.013475098,0.132202209,7.974512019,7.693071350,0.021018923,-0.158386774,-41.737097402,0.756984611,154.672802382,0.001462274,0.298782941,-1.639729277,-1.305615686,false,TRANSLATION_JUMP
1784908895.371812344,0.011493302,0.089019540,8.431394124,7.717217353,0.021018923,-0.158386774,-41.737097402,0.747738305,154.629676259,0.001441507,0.298098614,-1.645794790,-1.314869758,false,TRANSLATION_JUMP
1784908896.371764183,0.011163762,0.045161422,8.933509029,7.747256978,0.021018923,-0.158386774,-41.737097402,0.745041843,154.289435276,0.001433424,0.296845236,-1.655425649,-1.323932537,false,TRANSLATION_JUMP
1784908897.371787548,0.012878924,0.124096095,8.021273037,7.655592302,0.021018923,-0.158386774,-41.737097402,0.745319068,154.306475539,0.001431421,0.296352886,-1.653952412,-1.316009371,false,TRANSLATION_JUMP
1784908898.371802568,0.011587617,0.079325137,8.571489100,7.699318499,0.021018923,-0.158386774,-41.737097402,0.744246448,154.232013576,0.001426500,0.295617071,-1.650793918,-1.310080035,false,TRANSLATION_JUMP
1784908899.371826649,0.011752378,0.035945267,9.006046495,7.718768096,0.021018923,-0.158386774,-41.737097402,0.747116021,154.348720638,0.001429140,0.295249954,-1.645481926,-1.319725745,false,TRANSLATION_JUMP
1784908900.371752024,0.011947823,0.113857722,8.016993759,7.639674291,0.021018923,-0.158386774,-41.737097402,0.745839988,154.247035817,0.001424190,0.294536407,-1.649104251,-1.327110320,false,TRANSLATION_JUMP
1784908901.371774197,0.010545515,0.070605614,8.660840034,7.661798326,0.021018923,-0.158386774,-41.737097402,0.745242826,154.241117454,0.001420219,0.293939235,-1.645090175,-1.343407321,false,TRANSLATION_JUMP
1784908902.371920824,0.112510909,0.026747077,8.758203772,7.706591647,0.021018923,-0.158386774,-41.737097402,0.741688846,154.297463447,0.001410969,0.293531307,-1.657521688,-1.360532585,false,TRANSLATION_JUMP
1784908903.371810675,0.012379326,0.105739498,8.070407821,7.613731416,0.021018923,-0.158386774,-41.737097402,0.736073630,154.275961244,0.001397511,0.292908645,-1.670347920,-1.358982972,false,TRANSLATION_JUMP
1784908904.371776104,0.012465419,0.060941380,8.713174421,7.640891329,0.021018923,-0.158386774,-41.737097402,0.736076498,154.259174070,0.001394750,0.292297124,-1.665041966,-1.353271669,false,TRANSLATION_JUMP
1784908905.372071266,0.113862562,0.017814074,8.832246254,7.660648264,0.021018923,-0.158386774,-41.737097402,0.739173565,154.311789348,0.001398212,0.291894342,-1.653498743,-1.357690172,false,TRANSLATION_JUMP
1784908906.371849775,0.013479705,0.108904611,8.348629797,7.752410872,0.021018923,-0.158386774,-41.737097402,0.737906173,154.056723861,0.001393064,0.290837602,-1.642203070,-1.346863260,false,TRANSLATION_JUMP
1784908907.371798992,0.014331730,0.052403731,8.777931931,7.606546132,0.021018923,-0.158386774,-41.737097402,0.741847453,154.090122873,0.001397717,0.290321719,-1.637959352,-1.337227568,false,TRANSLATION_JUMP
1784908908.371960402,0.114618634,0.007986307,8.868498892,7.618143808,0.021018923,-0.158386774,-41.737097402,0.741669487,153.919045137,0.001394993,0.289503569,-1.652555262,-1.340235992,false,TRANSLATION_JUMP
1784908909.371795654,0.012780698,0.099167411,8.372724032,7.716186070,0.021018923,-0.158386774,-41.737097402,0.741203174,153.728780259,0.001391382,0.288578760,-1.642046627,-1.320959673,false,TRANSLATION_JUMP
1784908910.371821642,0.014598065,0.055576772,8.865288260,7.730882575,0.021018923,-0.158386774,-41.737097402,0.739677064,154.009219142,0.001385803,0.288540013,-1.634100048,-1.332380010,false,TRANSLATION_JUMP
1784908911.371918678,0.108940469,0.134748162,8.935805412,7.654855773,0.021018923,-0.158386774,-41.737097402,0.739635992,154.105384297,0.001383339,0.288222843,-1.644599865,-1.331523531,false,TRANSLATION_JUMP
1784908912.371836662,0.012112489,0.089075156,8.420993650,7.651944488,0.021018923,-0.158386774,-41.737097402,0.734967540,153.970601519,0.001371926,0.287408975,-1.642114131,-1.324765615,false,TRANSLATION_JUMP
1784908913.371791840,0.011981061,0.045984691,8.815208349,7.708196695,0.021018923,-0.158386774,-41.737097402,0.734921084,153.581912475,0.001369174,0.286126400,-1.645735426,-1.322577681,false,TRANSLATION_JUMP
1784908914.371916771,0.011885412,0.000910989,7.972454148,7.703999083,0.021018923,-0.158386774,-41.737097402,0.734096860,153.726056814,0.001365293,0.285903894,-1.647973583,-1.323817068,false,TRANSLATION_JUMP
1784908915.371759653,0.012254545,0.077569835,8.513748772,7.610170369,0.021018923,-0.158386774,-41.737097402,0.736136044,153.681199160,0.001366426,0.285265102,-1.645026778,-1.337144923,false,TRANSLATION_JUMP
1784908916.371942997,0.013418275,0.037481915,8.999159035,7.665625220,0.021018923,-0.158386774,-41.737097402,0.736266238,153.588431424,0.001364033,0.284543335,-1.646157581,-1.334052426,false,TRANSLATION_JUMP
1784908917.371972561,0.012304211,0.116503776,8.023204818,7.606593407,0.021018923,-0.158386774,-41.737097402,0.735684959,153.822942381,0.001360634,0.284492317,-1.641321616,-1.325702805,false,TRANSLATION_JUMP
1784908918.371953011,0.014249615,0.071873654,8.473523706,7.606112697,0.021018923,-0.158386774,-41.737097402,0.735240719,154.191171097,0.001357192,0.284623776,-1.632690610,-1.324754607,false,TRANSLATION_JUMP
1784908919.371774673,0.114308698,0.028096689,8.721820134,7.650198424,0.021018923,-0.158386774,-41.737097402,0.734713482,154.090181825,0.001353947,0.283961034,-1.637122618,-1.324907765,false,TRANSLATION_JUMP
1784908920.371799469,0.013733443,0.118875899,8.052031827,7.714161455,0.021018923,-0.158386774,-41.737097402,0.735128211,154.109083586,0.001352109,0.283450157,-1.633292380,-1.317895375,false,TRANSLATION_JUMP
1784908921.371745110,0.013229699,0.074742839,8.532093122,7.721951289,0.021018923,-0.158386774,-41.737097402,0.735107317,154.209869671,0.001349480,0.283092196,-1.633100263,-1.328877069,false,TRANSLATION_JUMP
1784908922.371811867,0.113605778,0.031275973,8.751204447,7.751575505,0.021018923,-0.158386774,-41.737097402,0.734249254,154.576861253,0.001345630,0.283286965,-1.641037286,-1.332206636,false,TRANSLATION_JUMP
1784908923.371811628,0.011497647,0.110441824,8.016348708,7.656396659,0.021018923,-0.158386774,-41.737097402,0.733577745,154.429433060,0.001341832,0.282476357,-1.645611133,-1.315101964,false,TRANSLATION_JUMP
1784908924.371809959,0.010065024,0.066614104,8.685239861,7.666499385,0.021018923,-0.158386774,-41.737097402,0.735287557,154.145829699,0.001342396,0.281420179,-1.647044486,-1.319274907,false,TRANSLATION_JUMP
1784908925.371817112,0.112522003,0.022200768,8.838569550,7.710267826,0.021018923,-0.158386774,-41.737097402,0.733696127,154.270599819,0.001337242,0.281175136,-1.666766842,-1.319707778,false,TRANSLATION_JUMP
1784908926.371812105,0.011199756,0.100072903,8.170450150,7.600881951,0.021018923,-0.158386774,-41.737097402,0.733607741,154.455702505,0.001334541,0.280977771,-1.661642950,-1.304761199,false,TRANSLATION_JUMP
1784908927.371828794,0.011517572,0.056842430,8.741396600,7.621631803,0.021018923,-0.158386774,-41.737097402,0.733832130,154.086835827,0.001332419,0.279775444,-1.663174105,-1.310941362,false,TRANSLATION_JUMP
1784908928.372033119,0.110740205,0.013770905,8.767271588,7.657353188,0.021018923,-0.158386774,-41.737097402,0.734525123,153.859623415,0.001331480,0.278902652,-1.670245099,-1.306136173,false,TRANSLATION_JUMP
1784908929.371803761,0.011800038,0.104265930,8.368660881,7.735736329,0.021018923,-0.158386774,-41.737097402,0.734093255,154.296146861,0.001328183,0.279165566,-1.664506663,-1.301405277,false,TRANSLATION_JUMP
1784908930.371774912,0.011703629,0.047826115,8.765854250,7.601401395,0.021018923,-0.158386774,-41.737097402,0.734501440,154.235645589,0.001326387,0.278523870,-1.663686450,-1.303391615,false,TRANSLATION_JUMP
1784908931.371814728,0.112156339,0.003932919,8.990468245,7.612809872,0.021018923,-0.158386774,-41.737097402,0.735286466,153.832819413,0.001325629,0.277341227,-1.667367813,-1.300416918,false,TRANSLATION_JUMP
1784908932.371794224,0.011452034,0.095089500,8.383804707,7.681052518,0.021018923,-0.158386774,-41.737097402,0.735485987,153.851055097,0.001323497,0.276852976,-1.660552610,-1.299633521,false,TRANSLATION_JUMP
1784908933.371798038,0.012101427,0.051035174,8.798880258,7.715324760,0.021018923,-0.158386774,-41.737097402,0.735137918,153.845770457,0.001320390,0.276324323,-1.657427939,-1.304889281,false,TRANSLATION_JUMP
1784908934.371802092,0.014666447,0.007211649,7.998057703,7.721799205,0.021018923,-0.158386774,-41.737097402,0.734501299,153.689799329,0.001317068,0.275588249,-1.668359909,-1.309724875,false,TRANSLATION_JUMP
1784908935.371756554,0.006772552,0.078540645,8.345019313,7.557730921,0.021018923,-0.158386774,-41.737097402,0.734419725,153.591356726,0.001314461,0.274897082,-1.661670455,-1.310676669,false,TRANSLATION_JUMP
1784908936.371806145,0.010270042,0.041788674,8.928672314,7.661987766,0.021018923,-0.158386774,-41.737097402,0.736386803,153.571876046,0.001315523,0.274349580,-1.662996318,-1.316848238,false,TRANSLATION_JUMP
1784908937.371813297,0.109848420,0.130526653,8.954480744,7.687343415,0.021018923,-0.158386774,-41.737097402,0.735269989,153.834127749,0.001311399,0.274372635,-1.670200056,-1.314276122,false,TRANSLATION_JUMP
1784908938.371805668,0.006783626,0.073432064,8.324441937,7.569107510,0.021018923,-0.158386774,-41.737097402,0.734167376,153.514058661,0.001306967,0.273286258,-1.655326528,-1.322493972,false,TRANSLATION_JUMP
1784908939.372503281,0.093396141,0.029150464,8.753222303,7.692779288,0.021018923,-0.158386774,-41.737097402,0.733681102,153.412634594,0.001303965,0.272658932,-1.649015459,-1.320569728,false,TRANSLATION_JUMP
1784908940.371911764,0.012572374,0.112567509,8.528694869,7.735974953,0.021018923,-0.158386774,-41.737097402,0.733969616,153.424543029,0.001302063,0.272175413,-1.657323740,-1.321991193,false,TRANSLATION_JUMP
1784908941.371871471,0.006598217,0.053030626,9.419862160,7.600764817,0.021018923,-0.158386774,-41.737097402,0.733194690,153.608230742,0.001298255,0.271991364,-1.656140602,-1.309921122,false,TRANSLATION_JUMP
1784908942.371815920,0.108222267,0.011284456,8.937504598,7.665022722,0.021018923,-0.158386774,-41.737097402,0.733342287,153.174452680,0.001296431,0.270787703,-1.670780793,-1.306905279,false,TRANSLATION_JUMP
1784908943.376499414,0.108530509,0.083968637,7.912596326,7.575217739,0.021018923,-0.158386774,-41.737097402,0.734128573,153.591450983,0.001295711,0.271083482,-1.665211690,-1.307874265,false,TRANSLATION_JUMP
1784908944.371973038,0.007654928,0.034095276,8.414239433,6.955649319,0.021018923,-0.158386774,-41.737097402,0.739115792,153.711931184,0.001301776,0.270726923,-1.464670805,-1.256087412,false,TRANSLATION_JUMP
1784908945.372270584,0.005303133,0.111924789,8.009010311,7.815990987,0.021018923,-0.158386774,-41.737097402,0.742953543,154.109515649,0.001306414,0.270987079,-1.277258299,-1.175735633,false,TRANSLATION_JUMP
1784908946.371892929,0.011988535,0.056524815,8.831559728,7.802783754,0.021018923,-0.158386774,-41.737097402,0.738679455,153.971603481,0.001296492,0.270242952,-1.462150142,-1.220142567,false,TRANSLATION_JUMP
1784908947.371821880,0.112530531,0.012630299,9.639393189,7.776276012,0.021018923,-0.158386774,-41.737097402,0.740162768,153.868655034,0.001296998,0.269626305,-1.410102132,-1.197310770,false,TRANSLATION_JUMP
1784908948.371844530,0.014153402,0.090294899,8.561034265,7.648517808,0.021018923,-0.158386774,-41.737097402,0.739703239,154.010926290,0.001293826,0.269382837,-1.390352623,-1.211721886,false,TRANSLATION_JUMP
1784908949.371759653,0.013644676,0.047369299,8.830230820,7.658720953,0.021018923,-0.158386774,-41.737097402,0.740139429,153.968756954,0.001292229,0.268818194,-1.383732657,-1.212492993,false,TRANSLATION_JUMP
1784908950.371891260,0.112318634,0.003661194,8.977682525,7.635895266,0.021018923,-0.158386774,-41.737097402,0.741353054,153.855302039,0.001292298,0.268194522,-1.390328312,-1.221872675,false,TRANSLATION_JUMP
1784908951.372896910,0.008823195,0.095481192,8.298216563,7.714315305,0.021018923,-0.158386774,-41.737097402,0.741744038,153.778993725,0.001290631,0.267574637,-1.405563766,-1.221450351,false,TRANSLATION_JUMP
1784908952.371818542,0.012957392,0.037917577,8.936356646,7.598298701,0.021018923,-0.158386774,-41.737097402,0.743308907,154.182546654,0.001290981,0.267784632,-1.287146140,-1.231091364,false,TRANSLATION_JUMP
1784908953.371799946,0.011847476,0.117147645,8.017350558,7.583309304,0.021018923,-0.158386774,-41.737097402,0.743745170,154.251407976,0.001289675,0.267476297,-1.320388512,-1.187226471,false,TRANSLATION_JUMP
1784908954.371825218,0.012402907,0.072299663,8.694166313,7.692235965,0.021018923,-0.158386774,-41.737097402,0.744548773,154.239469039,0.001288735,0.266972144,-1.305895106,-1.199059395,false,TRANSLATION_JUMP
1784908955.371857166,0.111046281,0.016913476,8.798146566,7.602249976,0.021018923,-0.158386774,-41.737097402,0.744260737,154.305044000,0.001286186,0.266660596,-1.307154713,-1.190624759,false,TRANSLATION_JUMP
1784908956.371803999,0.007850762,0.095783537,8.295071200,7.586790749,0.021018923,-0.158386774,-41.737097402,0.743585314,154.683321133,0.001282678,0.266827291,-1.314417198,-1.190416055,false,TRANSLATION_JUMP
1784908957.371770144,0.009546589,0.051159764,8.735648306,7.670485940,0.021018923,-0.158386774,-41.737097402,0.743416230,154.522473327,0.001280081,0.266070660,-1.308417359,-1.210873890,false,TRANSLATION_JUMP
1784908958.372983456,0.212551907,0.006031600,8.680941769,7.696983636,0.021018923,-0.158386774,-41.737097402,0.744075265,154.346165337,0.001279484,0.265407798,-1.299786726,-1.192611000,false,TRANSLATION_JUMP
1784908959.371822119,0.010896172,0.086347482,8.541909611,7.659078221,0.021018923,-0.158386774,-41.737097402,0.743595563,154.211325050,0.001276072,0.264639394,-1.300321622,-1.182830633,false,TRANSLATION_JUMP
1784908960.371815443,0.008944880,0.042580476,7.957329858,7.009954130,0.021018923,-0.158386774,-41.737097402,0.743012534,154.398698910,0.001272791,0.264487102,-1.311997990,-1.189019645,false,TRANSLATION_JUMP
1784908961.371827364,0.010406390,0.117883690,7.901251776,7.477551045,0.021018923,-0.158386774,-41.737097402,0.742646175,154.088672141,0.001270154,0.263539168,-1.312530259,-1.175191932,false,TRANSLATION_JUMP
1784908962.371848345,0.009572032,0.062069450,8.494593074,7.508578830,0.021018923,-0.158386774,-41.737097402,0.743670317,153.995973786,0.001269614,0.262906013,-1.291001777,-1.170083609,false,TRANSLATION_JUMP
1784908963.372335434,0.113645154,0.020242554,8.778832743,7.631175098,0.021018923,-0.158386774,-41.737097402,0.743440144,154.225842188,0.001267258,0.262891196,-1.294100374,-1.169112659,false,TRANSLATION_JUMP
1784908964.371747255,0.012788278,0.099172808,8.277576969,7.598906851,0.021018923,-0.158386774,-41.737097402,0.742640378,154.397060533,0.001263619,0.262709940,-1.290459192,-1.169940171,false,TRANSLATION_JUMP
1784908965.371830225,0.012877630,0.056264424,9.045791382,7.760748916,0.021018923,-0.158386774,-41.737097402,0.743707254,154.049111100,0.001263191,0.261653265,-1.285117106,-1.179515129,false,TRANSLATION_JUMP
1784908966.371818066,0.111335743,0.134940580,8.907261737,7.697745526,0.021018923,-0.158386774,-41.737097402,0.744151125,154.116721362,0.001261970,0.261359157,-1.292214260,-1.178242272,false,TRANSLATION_JUMP
1784908967.371823311,0.011115006,0.076825124,8.450878441,7.603959315,0.021018923,-0.158386774,-41.737097402,0.743833316,154.310262696,0.001259175,0.261219273,-1.276127888,-1.180131937,false,TRANSLATION_JUMP
1784908968.371878386,0.013550523,0.034626229,9.005424074,7.655049755,0.021018923,-0.158386774,-41.737097402,0.744779853,154.333014696,0.001258554,0.260797100,-1.299240320,-1.182501831,false,TRANSLATION_JUMP
1784908969.371798992,0.013655875,0.113380011,8.064496125,7.645958384,0.021018923,-0.158386774,-41.737097402,0.745122498,154.328622691,0.001257176,0.260384308,-1.285469184,-1.179018839,false,TRANSLATION_JUMP
1784908970.371816874,0.013278428,0.066911068,8.768542821,7.706175888,0.021018923,-0.158386774,-41.737097402,0.745183320,154.284777946,0.001255068,0.259852595,-1.272536666,-1.178116377,false,TRANSLATION_JUMP
1784908971.371816874,0.114164255,0.013455577,8.781350287,7.613135970,0.021018923,-0.158386774,-41.737097402,0.744961065,154.627734331,0.001252750,0.260026777,-1.279130922,-1.167047464,false,TRANSLATION_JUMP
1784908972.371830940,0.012923702,0.104325201,7.761516619,7.671624522,0.021018923,-0.158386774,-41.737097402,0.744436725,154.257019811,0.001249674,0.258948735,-1.271031100,-1.166001469,false,TRANSLATION_JUMP
1784908973.371932983,0.012960147,0.056380972,8.653646138,7.615070199,0.021018923,-0.158386774,-41.737097402,0.744839088,154.036914303,0.001248160,0.258126413,-1.267402912,-1.166015249,false,TRANSLATION_JUMP
1784908974.371874332,0.114207545,0.016633507,9.173829893,7.728576509,0.021018923,-0.158386774,-41.737097402,0.745526006,153.933191044,0.001247384,0.257554695,-1.280352196,-1.169797863,false,TRANSLATION_JUMP
1784908975.371890783,0.013428169,0.095481948,7.098887690,6.855597413,0.021018923,-0.158386774,-41.737097402,0.744583914,154.146480363,0.001243639,0.257462721,-1.275536023,-1.153989844,false,LOW_ANGULAR_COVERAGE
1784908976.372094870,0.011673952,0.051497602,8.504688908,7.498208811,0.021018923,-0.158386774,-41.737097402,0.745407962,154.440056621,0.001242848,0.257504033,-1.287881868,-1.153245628,false,TRANSLATION_JUMP
1784908977.371736288,0.012938886,0.007084216,8.117047200,7.682041142,0.021018923,-0.158386774,-41.737097402,0.745894828,154.327317185,0.001241753,0.256921396,-1.291211058,-1.156821164,false,TRANSLATION_JUMP
1784908978.371794939,0.015484423,0.085974971,8.491251664,7.618037246,0.021018923,-0.158386774,-41.737097402,0.747197913,154.014636661,0.001241764,0.255956092,-1.286028278,-1.157873972,false,TRANSLATION_JUMP
1784908979.371815443,0.011953028,0.041622345,9.418416198,7.685615450,0.021018923,-0.158386774,-41.737097402,0.746399564,154.331706348,0.001238289,0.256038770,-1.281442463,-1.169309125,false,TRANSLATION_JUMP
1784908980.371847153,0.013746725,0.120882914,8.089321836,7.624639717,0.021018923,-0.158386774,-41.737097402,0.746994744,154.038203361,0.001237385,0.255161836,-1.286244359,-1.176965442,false,TRANSLATION_JUMP
1784908981.371867418,0.012311400,0.076303177,8.556738323,7.620753172,0.021018923,-0.158386774,-41.737097402,0.749263542,154.204139512,0.001239001,0.254995791,-1.278383608,-1.187782969,false,TRANSLATION_JUMP
1784908982.371805668,0.012314863,0.032533299,8.970327230,7.713577569,0.021018923,-0.158386774,-41.737097402,0.747359991,154.462379735,0.001233723,0.254982577,-1.281576784,-1.178495276,false,TRANSLATION_JUMP
1784908983.371819735,0.013463112,0.111892346,8.283031549,7.650955344,0.021018923,-0.158386774,-41.737097402,0.747233313,154.615756755,0.001231641,0.254848293,-1.275577813,-1.179107975,false,TRANSLATION_JUMP
1784908984.371863842,0.009168063,0.062107816,8.539123816,7.569639559,0.021018923,-0.158386774,-41.737097402,0.748070727,154.361933632,0.001230900,0.253992188,-1.265879723,-1.186358605,false,TRANSLATION_JUMP
1784908985.372119665,0.100555691,0.010174829,29.698068845,7.574029747,0.021018923,-0.158386774,-41.737097402,0.749361477,154.157315199,0.001231160,0.253272019,-1.273503913,-1.187556833,false,TRANSLATION_JUMP
1784908986.371794701,0.011192651,0.086248609,12.923560916,7.563171531,0.021018923,-0.158386774,-41.737097402,0.747536277,154.374025555,0.001226034,0.253188856,-1.275085944,-1.185907503,false,TRANSLATION_JUMP
1784908987.371845007,0.014735342,0.045207254,9.637185571,7.647326603,0.021018923,-0.158386774,-41.737097402,0.747532934,154.308160167,0.001223931,0.252647811,-1.268700917,-1.199478926,false,TRANSLATION_JUMP
1784908988.371772051,0.114724560,0.001993644,9.225998442,7.656367883,0.021018923,-0.158386774,-41.737097402,0.748591587,154.198738802,0.001223846,0.252093987,-1.281123493,-1.190172296,false,TRANSLATION_JUMP
1784908989.373026609,0.007063456,0.094578662,8.350969271,7.725593825,0.021018923,-0.158386774,-41.737097402,0.750129182,154.239337755,0.001224270,0.251730785,-1.276544881,-1.194736569,false,TRANSLATION_JUMP
1784908990.371718884,0.014087355,0.049080019,8.992411169,7.750014443,0.021018923,-0.158386774,-41.737097402,0.749507503,154.415983202,0.001221174,0.251590324,-1.276842553,-1.188174964,false,TRANSLATION_JUMP
1784908991.393118382,0.334169023,0.407452483,8.476737741,7.621223049,0.021018923,-0.158386774,-41.737097402,0.749722432,154.269312614,0.001220206,0.251080033,-1.280707277,-1.189525632,false,TRANSLATION_JUMP
1784908992.371820211,0.014895712,0.083536287,240.803706031,870.044147664,0.021018923,-0.158386774,-41.737097402,0.750050353,154.574944194,0.001218159,0.251045549,-1.290674803,-1.190819134,false,TRANSLATION_JUMP
1784908993.371850014,0.008868837,0.038021442,47.738190443,152.364229495,0.021018923,-0.158386774,-41.737097402,0.750641996,154.372635775,0.001217056,0.250292629,-1.286319084,-1.197412823,false,TRANSLATION_JUMP
1784908994.371788979,0.003791044,0.114830254,15.894224382,37.988809919,0.021018923,-0.158386774,-41.737097402,0.749895023,154.667481915,0.001214031,0.250396575,-1.287460331,-1.203494352,false,TRANSLATION_JUMP
1784908995.371855259,0.009454230,0.072951323,9.752617765,12.794124762,0.021018923,-0.158386774,-41.737097402,0.749918146,154.361944685,0.001212021,0.249480414,-1.286107774,-1.203144704,false,TRANSLATION_JUMP
1784908996.371832132,0.112915979,0.018853089,8.970716864,8.495545731,0.021018923,-0.158386774,-41.737097402,0.750660587,154.275467953,0.001211417,0.248969959,-1.301431264,-1.202217883,false,TRANSLATION_JUMP
1784908997.371791601,0.014175817,0.110299422,8.439229946,7.906920056,0.021018923,-0.158386774,-41.737097402,0.750510203,154.348896190,0.001209137,0.248669545,-1.291195263,-1.197088305,false,TRANSLATION_JUMP
1784908998.371721745,0.011241019,0.066040089,8.812102702,7.769324439,0.021018923,-0.158386774,-41.737097402,0.749688778,154.488191575,0.001205786,0.248475984,-1.272772773,-1.179115244,false,TRANSLATION_JUMP
1784908999.372667313,0.112148653,0.022461539,8.822620339,7.753170775,0.021018923,-0.158386774,-41.737097402,0.748759132,154.276828076,0.001202509,0.247768951,-1.299207508,-1.206190669,false,TRANSLATION_JUMP
1784909000.371766329,0.012772529,0.100819873,8.164008043,7.667770433,0.021018923,-0.158386774,-41.737097402,0.751173431,154.211338421,0.001204367,0.247249209,-1.284702971,-1.197763015,false,TRANSLATION_JUMP
1784909001.371834278,0.010791035,0.056877136,8.710747186,7.731118503,0.021018923,-0.158386774,-41.737097402,0.748579373,154.534642104,0.001198202,0.247353575,-1.331453085,-1.193580240,false,TRANSLATION_JUMP
1784909002.374426365,0.109522797,0.138582841,8.865348504,7.663370467,0.021018923,-0.158386774,-41.737097402,0.750229734,154.377509847,0.001199076,0.246738268,-1.326620139,-1.195449362,false,TRANSLATION_JUMP
1784909003.371805429,0.005867205,0.091513474,8.222452243,7.771293519,0.021018923,-0.158386774,-41.737097402,0.751315115,154.550503071,0.001198810,0.246603222,-1.302561003,-1.191810748,false,TRANSLATION_JUMP
1784909004.371851444,0.008531612,0.034785506,8.973314950,7.616185452,0.021018923,-0.158386774,-41.737097402,0.751644001,154.468364363,0.001197317,0.246057451,-1.298211713,-1.208414861,false,TRANSLATION_JUMP
1784909005.371856451,0.010691774,0.123091049,7.974388323,7.674665685,0.021018923,-0.158386774,-41.737097402,0.751442500,154.608481252,0.001195266,0.245924619,-1.293224815,-1.217339402,false,TRANSLATION_JUMP
1784909006.371798754,0.001282435,0.080238581,8.299631513,7.719900414,0.021018923,-0.158386774,-41.737097402,0.751387949,154.667016950,0.001193197,0.245609868,-1.289217275,-1.213514280,false,TRANSLATION_JUMP
1784909007.371842146,0.112515773,0.020788024,8.790642138,7.613614372,0.021018923,-0.158386774,-41.737097402,0.751235837,154.294848783,0.001191214,0.244661026,-1.302894077,-1.208411062,false,TRANSLATION_JUMP
1784909008.371909857,0.013066011,0.103701250,8.192182727,8.159954564,0.021018923,-0.158386774,-41.737097402,0.752471402,154.535647910,0.001191175,0.244632653,-1.289728891,-1.187632581,false,TRANSLATION_JUMP
1784909009.373450279,0.002068588,0.048837762,12.144467296,1996.957336530,0.021018923,-0.158386774,-41.737097402,0.751302101,154.307863015,0.001187341,0.243864669,-1.285696394,-1.191483446,false,TRANSLATION_JUMP
1784909010.371815920,0.012723675,0.004068193,8.043517335,528.798828305,0.021018923,-0.158386774,-41.737097402,0.751041928,154.630912620,0.001185204,0.244019996,-1.300314623,-1.185473243,false,TRANSLATION_JUMP
1784909011.371859312,0.014265092,0.083840876,8.591013339,116.944387243,0.021018923,-0.158386774,-41.737097402,0.751733821,154.392173076,0.001184345,0.243242493,-1.304554129,-1.178423338,false,TRANSLATION_JUMP
1784909012.371857166,0.100798800,0.035919344,9.363433252,26.028106492,0.021018923,-0.158386774,-41.737097402,0.752504584,154.219746398,0.001183841,0.242618756,-1.296260839,-1.200663403,false,TRANSLATION_JUMP
1784909013.371764898,0.008536185,0.118531950,9.014320289,11.557872069,0.021018923,-0.158386774,-41.737097402,0.752107104,154.722227700,0.001181276,0.243010130,-1.291100936,-1.192441832,false,TRANSLATION_JUMP
1784909014.371824741,0.012392376,0.074760851,8.969271334,8.400520433,0.021018923,-0.158386774,-41.737097402,0.751360228,154.570233353,0.001178171,0.242373991,-1.289603468,-1.198115538,false,TRANSLATION_JUMP
1784909015.371828318,0.112383258,0.026885506,8.823911693,7.812892130,0.021018923,-0.158386774,-41.737097402,0.752498325,154.397016927,0.001178254,0.241753136,-1.300354811,-1.200263367,false,TRANSLATION_JUMP
1784909016.371776104,0.010293196,0.108797012,8.265611941,7.718974579,0.021018923,-0.158386774,-41.737097402,0.751838177,154.511284730,0.001175298,0.241537084,-1.300038911,-1.200710848,false,TRANSLATION_JUMP
1784909017.371809959,0.010473993,0.065224843,8.764392289,7.722614664,0.021018923,-0.158386774,-41.737097402,0.751508768,154.550459627,0.001172869,0.241204794,-1.299461234,-1.208938272,false,TRANSLATION_JUMP
1784909018.371985912,0.081663929,0.020262019,8.416388732,8.986041287,0.021018923,-0.158386774,-41.737097402,0.751043233,154.225952737,0.001170460,0.240352826,-1.309670376,-1.212850859,false,TRANSLATION_JUMP
1784909019.371796370,0.014057201,0.100236935,8.180170049,7.894889855,0.021018923,-0.158386774,-41.737097402,0.751983049,154.203594101,0.001170021,0.239927624,-1.327324227,-1.213503661,false,TRANSLATION_JUMP
1784909020.372265100,0.010672012,0.056371544,8.731423373,7.695225272,0.021018923,-0.158386774,-41.737097402,0.751895942,154.477176651,0.001167989,0.239963534,-1.317678072,-1.210488515,false,TRANSLATION_JUMP
1784909021.371893406,0.114784691,0.011290960,9.120166780,7.723110293,0.021018923,-0.158386774,-41.737097402,0.751155621,154.694072383,0.001165171,0.239957023,-1.315359814,-1.202799803,false,TRANSLATION_JUMP
1784909022.371792793,0.013732660,0.090806278,7.955590102,7.658513144,0.021018923,-0.158386774,-41.737097402,0.751688435,154.235957752,0.001164113,0.238859660,-1.302163137,-1.206080909,false,TRANSLATION_JUMP
1784909023.371963024,0.012558154,0.047207724,9.098091597,7.668179827,0.021018923,-0.158386774,-41.737097402,0.751813037,154.484603865,0.001162426,0.238858554,-1.349999207,-1.226885470,false,TRANSLATION_JUMP
1784909024.371767282,0.112821748,0.003041056,9.050413281,7.678166857,0.021018923,-0.158386774,-41.737097402,0.748811896,154.862692161,0.001156161,0.239107131,-1.374055438,-1.232277122,false,TRANSLATION_JUMP
1784909025.376312733,0.116098452,0.086499340,7.992692648,7.614177855,0.021018923,-0.158386774,-41.737097402,0.748016220,154.813053161,0.001153293,0.238691033,-1.353304090,-1.232361214,false,TRANSLATION_JUMP
1784909026.371777296,0.012063316,0.036711267,9.673128316,7.698683104,0.021018923,-0.158386774,-41.737097402,0.748884940,154.888468615,0.001152537,0.238373947,-1.358593704,-1.234374728,false,TRANSLATION_JUMP
1784909027.371823549,0.012296521,0.116880250,8.114205938,7.624309551,0.021018923,-0.158386774,-41.737097402,0.749867014,154.747300903,0.001152414,0.237819535,-1.398991759,-1.239812247,false,TRANSLATION_JUMP
1784909028.371889114,0.010466121,0.073095050,8.730374323,7.676934260,0.021018923,-0.158386774,-41.737097402,0.749061746,155.094459561,0.001149333,0.237971269,-1.306989537,-1.217121185,false,TRANSLATION_JUMP
1784909029.372008801,0.110183761,0.028846106,8.785564120,7.634719515,0.021018923,-0.158386774,-41.737097402,0.749513106,155.196416430,0.001148423,0.237795958,-1.285437425,-1.204209097,false,TRANSLATION_JUMP
1784909030.372006416,0.008012827,0.099744713,8.948138284,7.508728128,0.021018923,-0.158386774,-41.737097402,0.750376980,155.313135081,0.001147888,0.237589934,-1.283969769,-1.197738355,false,TRANSLATION_JUMP
1784909031.372015715,0.011125865,0.063527820,8.938027309,7.664954431,0.021018923,-0.158386774,-41.737097402,0.749611148,155.210478472,0.001144889,0.237054665,-1.278842911,-1.210039782,false,TRANSLATION_JUMP
1784909032.371837854,0.113526778,0.019418972,8.907318667,7.661964230,0.021018923,-0.158386774,-41.737097402,0.748749477,155.223477362,0.001141988,0.236745955,-1.284061168,-1.208295202,false,TRANSLATION_JUMP
1784909033.371819019,0.008856296,0.107230700,8.184697693,7.684278886,0.021018923,-0.158386774,-41.737097402,0.749539361,155.245128382,0.001141369,0.236401254,-1.283194024,-1.211110710,false,TRANSLATION_JUMP
1784909034.371804953,0.010399657,0.062943444,8.738754642,7.704791122,0.021018923,-0.158386774,-41.737097402,0.749823103,155.124877170,0.001139989,0.235843261,-1.283148259,-1.214722043,false,TRANSLATION_JUMP
1784909035.371799469,0.111549150,0.009880894,8.864803438,7.600765005,0.021018923,-0.158386774,-41.737097402,0.749716826,155.204885106,0.001138240,0.235636135,-1.298365347,-1.204132117,false,TRANSLATION_JUMP
1784909036.371801376,0.011903314,0.099380073,8.217587596,7.639462943,0.021018923,-0.158386774,-41.737097402,0.749667415,155.244976335,0.001136363,0.235323957,-1.291911214,-1.180031705,false,TRANSLATION_JUMP
1784909037.371811390,0.012052963,0.057880373,8.750212155,7.666758264,0.021018923,-0.158386774,-41.737097402,0.749919821,155.353767275,0.001134951,0.235116916,-1.296077855,-1.188704124,false,TRANSLATION_JUMP
1784909038.371796131,0.111320088,0.013783880,8.991469116,7.685474572,0.021018923,-0.158386774,-41.737097402,0.750010897,155.284322750,0.001133529,0.234688981,-1.304300110,-1.189289749,false,TRANSLATION_JUMP
1784909039.371788740,0.002958722,0.105257309,10.061723200,10.260179696,0.021018923,-0.158386774,-41.737097402,0.750891301,155.651598497,0.001133072,0.234873507,-1.302581531,-1.184424605,false,TRANSLATION_JUMP
1784909040.374125004,0.114796088,0.051191979,10.113125975,8.036653137,0.021018923,-0.158386774,-41.737097402,0.749978255,155.656925536,0.001130123,0.234555494,-1.281976092,-1.193737578,false,TRANSLATION_JUMP
1784909041.371951103,0.104623932,0.003720856,9.053653839,7.713991745,0.021018923,-0.158386774,-41.737097402,0.750738068,155.296625774,0.001129488,0.233644276,-1.289026228,-1.202948609,false,TRANSLATION_JUMP
1784909042.371793747,0.011160457,0.083367505,8.528909455,7.651167329,0.021018923,-0.158386774,-41.737097402,0.750791600,155.064568657,0.001127780,0.232925708,-1.271235371,-1.196666145,false,TRANSLATION_JUMP
1784909043.371978998,0.009278223,0.035103582,8.966059546,7.674508581,0.021018923,-0.158386774,-41.737097402,0.751936652,154.725225066,0.001127727,0.232051255,-1.270460422,-1.200424820,false,TRANSLATION_JUMP
1784909044.371844053,0.008007011,0.117953046,8.004189998,7.656314994,0.021018923,-0.158386774,-41.737097402,0.751840298,155.141162232,0.001126031,0.232354889,-1.265852639,-1.192279853,false,TRANSLATION_JUMP
1784909045.371813297,0.003118963,0.061291555,8.391697641,7.578158587,0.021018923,-0.158386774,-41.737097402,0.751437784,154.919819850,0.001123650,0.231656871,-1.270582187,-1.187223552,false,TRANSLATION_JUMP
1784909046.372993469,0.105969896,0.019335949,8.567555411,7.658169060,0.021018923,-0.158386774,-41.737097402,0.752096854,154.971716736,0.001123110,0.231419992,-1.273712315,-1.180796699,false,TRANSLATION_JUMP
1784909047.371777296,0.010523730,0.089915410,8.444183705,7.542238465,0.021018923,-0.158386774,-41.737097402,0.750971217,155.430262413,0.001119663,0.231739177,-1.273327247,-1.185652730,false,TRANSLATION_JUMP
1784909048.371801138,0.011452976,0.053109540,8.689176158,7.736322207,0.021018923,-0.158386774,-41.737097402,0.751368105,155.342432384,0.001118513,0.231248260,-1.265358404,-1.191934269,false,TRANSLATION_JUMP
1784909049.373006582,0.007104172,0.129879443,8.186012491,7.664138233,0.021018923,-0.158386774,-41.737097402,0.748858219,155.040732403,0.001113250,0.230483078,-1.272203235,-1.190761949,false,TRANSLATION_JUMP
1784909050.371814489,0.003531484,0.083634425,8.350160560,7.677961436,0.021018923,-0.158386774,-41.737097402,0.749852454,155.078994092,0.001112998,0.230182191,-1.291882643,-1.184150525,false,TRANSLATION_JUMP
1784909051.371821642,0.106258410,0.026175545,8.658188759,7.559039138,0.021018923,-0.158386774,-41.737097402,0.751225963,155.176322914,0.001113513,0.230011886,-1.127693509,-1.149359596,false,TRANSLATION_JUMP
1784909052.371718884,0.011244030,0.122444265,8.048339544,7.720506548,0.021018923,-0.158386774,-41.737097402,0.753698590,155.384356750,0.001115456,0.229965178,-1.137913338,-1.133563449,false,TRANSLATION_JUMP
1784909053.371776104,0.011305604,0.077892406,8.536583318,7.716945367,0.021018923,-0.158386774,-41.737097402,0.753180050,155.296255955,0.001112969,0.229480225,-1.159822484,-1.157910175,false,TRANSLATION_JUMP
1784909054.372445583,0.013047041,0.035316838,8.995710245,7.690689654,0.021018923,-0.158386774,-41.737097402,0.750910839,154.957920146,0.001107907,0.228627557,-1.319400491,-1.187538316,false,TRANSLATION_JUMP
1784909055.371804953,0.011008250,0.125964225,8.020246654,7.742687988,0.021018923,-0.158386774,-41.737097402,0.750467533,155.413676091,0.001105770,0.228993009,-1.287904712,-1.151436684,false,TRANSLATION_JUMP
1784909056.371840239,0.013508931,0.081007700,8.559705658,7.725358723,0.021018923,-0.158386774,-41.737097402,0.750390927,155.199606041,0.001103959,0.228326298,-1.283305299,-1.155022481,false,TRANSLATION_JUMP
1784909057.371794939,0.014336251,0.037615777,9.028626863,7.718169711,0.021018923,-0.158386774,-41.737097402,0.751074313,155.058850010,0.001103270,0.227769385,-1.288475117,-1.169956124,false,TRANSLATION_JUMP
1784909058.371813536,0.012981316,0.116756926,8.000697532,7.612802876,0.021018923,-0.158386774,-41.737097402,0.751273633,155.119094106,0.001102071,0.227550014,-1.269660925,-1.169323719,false,TRANSLATION_JUMP
1784909059.371854305,0.012861464,0.085021350,8.471978817,7.758292683,0.021018923,-0.158386774,-41.737097402,0.750568749,155.193914031,0.001099373,0.227315707,-1.260477669,-1.167960324,false,TRANSLATION_JUMP
1784909060.371743917,0.011307937,0.040774498,8.833717928,7.732364540,0.021018923,-0.158386774,-41.737097402,0.750503067,155.054459991,0.001097599,0.226764665,-1.257334385,-1.182638236,false,TRANSLATION_JUMP
1784909061.371775150,0.012185348,0.119338993,7.993204575,7.622185385,0.021018923,-0.158386774,-41.737097402,0.752285739,155.186805118,0.001098726,0.226652911,-1.272278706,-1.188022426,false,TRANSLATION_JUMP
1784909062.371797562,0.012649351,0.075813553,8.533787966,7.614560275,0.021018923,-0.158386774,-41.737097402,0.750887985,154.990066218,0.001095015,0.226020942,-1.255627552,-1.187366438,false,TRANSLATION_JUMP
1784909063.371820688,0.012141645,0.044343628,8.996117376,7.764230593,0.021018923,-0.158386774,-41.737097402,0.749843453,155.081231538,0.001091849,0.225814170,-1.262754684,-1.196685567,false,TRANSLATION_JUMP
1784909064.371759176,0.009963466,0.121265518,8.008633609,7.615167065,0.021018923,-0.158386774,-41.737097402,0.750934555,154.902796046,0.001091973,0.225252176,-1.269240750,-1.192548245,false,TRANSLATION_JUMP
1784909065.371808767,0.011303917,0.078804604,8.545976699,7.631107317,0.021018923,-0.158386774,-41.737097402,0.751273302,154.644067573,0.001090809,0.224535082,-1.260633466,-1.178918349,false,TRANSLATION_JUMP
1784909066.371820450,0.012712000,0.047277217,8.992276507,7.763490180,0.021018923,-0.158386774,-41.737097402,0.751364917,154.870490011,0.001089311,0.224527530,-1.265327873,-1.184678143,false,TRANSLATION_JUMP
1784909067.371762276,0.013499040,0.002603904,8.004823607,7.726203735,0.021018923,-0.158386774,-41.737097402,0.749944561,154.857952419,0.001085802,0.224209912,-1.267583033,-1.173824376,false,TRANSLATION_JUMP
1784909068.371750116,0.011360584,0.082292678,8.522034142,7.635579483,0.021018923,-0.158386774,-41.737097402,0.750409383,154.800818366,0.001084835,0.223788957,-1.272897892,-1.170771764,false,TRANSLATION_JUMP
1784909069.371810913,0.012290311,0.037442678,8.976847847,7.614600615,0.021018923,-0.158386774,-41.737097402,0.750806464,154.434401603,0.001083772,0.222922568,-1.269273742,-1.182410242,false,TRANSLATION_JUMP
1784909070.371789932,0.011160175,0.006477667,8.007677075,7.767598811,0.021018923,-0.158386774,-41.737097402,0.749739820,154.432468192,0.001080815,0.222627828,-1.309317122,-1.175591370,false,TRANSLATION_JUMP
1784909071.371799469,0.012889684,0.085150691,8.482849802,7.635340063,0.021018923,-0.158386774,-41.737097402,0.748762822,154.607972904,0.001077785,0.222545950,-1.300962889,-1.160801429,false,TRANSLATION_JUMP
1784909072.371846676,0.013839394,0.041222309,8.876669454,7.627645288,0.021018923,-0.158386774,-41.737097402,0.749374421,154.584383100,0.001077047,0.222178122,-1.294448227,-1.164755984,false,TRANSLATION_JUMP
1784909073.371791840,0.012168106,0.008890884,7.984081321,7.759411465,0.021018923,-0.158386774,-41.737097402,0.751085342,154.776060148,0.001078097,0.222163408,-1.267659842,-1.176458481,false,TRANSLATION_JUMP
1784909074.371774197,0.009998594,0.088174390,8.436289973,7.643222884,0.021018923,-0.158386774,-41.737097402,0.750025422,154.884360765,0.001074965,0.221986150,-1.271746040,-1.159419559,false,TRANSLATION_JUMP
1784909075.371738911,0.011405139,0.044503530,8.869211945,7.632971156,0.021018923,-0.158386774,-41.737097402,0.750503239,154.870593404,0.001074043,0.221634854,-1.312474471,-1.172176634,false,TRANSLATION_JUMP
1784909076.371764421,0.111738336,0.012872258,9.013315791,7.772229723,0.021018923,-0.158386774,-41.737097402,0.750780020,154.556117668,0.001073044,0.220897518,-1.288598705,-1.162231102,false,TRANSLATION_JUMP
1784909077.371824503,0.012456645,0.091671073,8.406374601,7.636793084,0.021018923,-0.158386774,-41.737097402,0.751300819,154.768943241,0.001072188,0.220872128,-1.269889244,-1.158174071,false,TRANSLATION_JUMP
1784909078.371813774,0.011521343,0.047458731,8.741531658,7.627796140,0.021018923,-0.158386774,-41.737097402,0.751072910,155.253024195,0.001070268,0.221233342,-1.264298530,-1.156450339,false,TRANSLATION_JUMP
1784909079.371803045,0.113486620,0.015592014,8.972405253,7.762837738,0.021018923,-0.158386774,-41.737097402,0.751068993,155.204820209,0.001068878,0.220878597,-1.270357168,-1.154511391,false,TRANSLATION_JUMP
1784909080.371760368,0.012381736,0.094601513,8.374486355,7.656744090,0.021018923,-0.158386774,-41.737097402,0.750889590,154.812884484,0.001067037,0.219993869,-1.252158000,-1.170780326,false,TRANSLATION_JUMP
1784909081.371769905,0.012277625,0.050602747,8.753059181,7.632783944,0.021018923,-0.158386774,-41.737097402,0.751681025,154.962173723,0.001066580,0.219879855,-1.249551240,-1.177841685,false,TRANSLATION_JUMP
1784909082.371793747,0.113738433,0.018969773,8.860081526,7.765222326,0.021018923,-0.158386774,-41.737097402,0.751113471,155.026407964,0.001064402,0.219687683,-1.264042912,-1.183525097,false,TRANSLATION_JUMP
1784909083.371787786,0.011336934,0.097510286,8.192946906,7.635498704,0.021018923,-0.158386774,-41.737097402,0.750835373,154.878234530,0.001062436,0.219153497,-1.262053431,-1.193289658,false,TRANSLATION_JUMP
1784909084.371812582,0.012189068,0.053992727,8.744391796,7.624640691,0.021018923,-0.158386774,-41.737097402,0.750817149,154.796923793,0.001060843,0.218715343,-1.247976500,-1.193582500,false,TRANSLATION_JUMP
1784909085.371819735,0.113236186,0.020917506,8.866234092,7.746594074,0.021018923,-0.158386774,-41.737097402,0.752371580,154.793630241,0.001061676,0.218430192,-1.257633160,-1.198542993,false,TRANSLATION_JUMP
1784909086.371845961,0.012836219,0.101118580,8.216661136,7.634914666,0.021018923,-0.158386774,-41.737097402,0.752217622,154.956700701,0.001059897,0.218338694,-1.258409477,-1.196801553,false,TRANSLATION_JUMP
1784909087.371840000,0.011806844,0.057171706,8.707772457,7.629018572,0.021018923,-0.158386774,-41.737097402,0.752500211,154.887880768,0.001058738,0.217921154,-1.257280017,-1.182436309,false,TRANSLATION_JUMP
1784909088.371773243,0.111957490,0.024967341,8.774575127,7.758149197,0.021018923,-0.158386774,-41.737097402,0.752946851,154.803545394,0.001058014,0.217524327,-1.263101089,-1.175793546,false,TRANSLATION_JUMP
1784909089.371795177,0.012615718,0.104278724,8.170038290,7.661092250,0.021018923,-0.158386774,-41.737097402,0.750758082,154.618313806,0.001053393,0.216945790,-1.286314884,-1.159563681,false,TRANSLATION_JUMP
1784909090.371819019,0.013085813,0.060098683,8.736138556,7.631467288,0.021018923,-0.158386774,-41.737097402,0.749171052,154.825056218,0.001049628,0.216918107,-1.323944252,-1.162235090,false,TRANSLATION_JUMP
1784909091.371791124,0.113275790,0.016059570,8.744918522,7.617352142,0.021018923,-0.158386774,-41.737097402,0.750067641,154.841181768,0.001049548,0.216664754,-1.287259313,-1.157566187,false,TRANSLATION_JUMP
1784909092.371809244,0.012286437,0.106404326,8.079773225,7.656380715,0.021018923,-0.158386774,-41.737097402,0.749842732,154.831191095,0.001047702,0.216334556,-1.420329192,-1.204926105,false,TRANSLATION_JUMP
1784909093.371801853,0.011819787,0.063373755,8.546513942,7.637075117,0.021018923,-0.158386774,-41.737097402,0.746144633,154.713496364,0.001041017,0.215855486,-1.597941415,-1.257233071,false,TRANSLATION_JUMP
1784909094.371762753,0.112472097,0.019493514,8.750811576,7.632929505,0.021018923,-0.158386774,-41.737097402,0.746081743,155.037993215,0.001039611,0.216034263,-1.513683766,-1.211749208,false,TRANSLATION_JUMP
1784909095.371817112,0.012477383,0.110553215,8.068279627,7.670319866,0.021018923,-0.158386774,-41.737097402,0.747995116,154.795477490,0.001040763,0.215383035,-1.512934193,-1.200139140,false,TRANSLATION_JUMP
1784909096.371828556,0.013122702,0.066730494,8.728724888,7.659671054,0.021018923,-0.158386774,-41.737097402,0.748683076,154.759402939,0.001040210,0.215020535,-1.489430385,-1.215684442,false,TRANSLATION_JUMP
1784909097.371795654,0.112095536,0.022440548,8.750173605,7.630351447,0.021018923,-0.158386774,-41.737097402,0.749422901,155.160313886,0.001039924,0.215305654,-1.484682539,-1.221942058,false,TRANSLATION_JUMP
1784909098.371858597,0.008204674,0.114019230,8.040652366,7.703924939,0.021018923,-0.158386774,-41.737097402,0.749721216,155.317110723,0.001038834,0.215211488,-1.473843347,-1.184043085,false,TRANSLATION_JUMP
1784909099.371916771,0.008921566,0.056451807,8.800993681,7.588834914,0.021018923,-0.158386774,-41.737097402,0.751470195,155.267834477,0.001039734,0.214828625,-1.404685463,-1.177218628,false,TRANSLATION_JUMP
1784909100.371944666,0.113457762,0.013544814,8.783102276,7.655678888,0.021018923,-0.158386774,-41.737097402,0.754143209,155.632498137,0.001042123,0.215062865,-1.393632258,-1.182136717,false,TRANSLATION_JUMP
1784909101.371812820,0.012588087,0.092370721,8.347064974,7.601797382,0.021018923,-0.158386774,-41.737097402,0.755092313,155.847725562,0.001041914,0.215046396,-1.391069166,-1.184800303,false,TRANSLATION_JUMP
1784909102.371762991,0.003045035,0.060417344,8.529385485,7.766261787,0.021018923,-0.158386774,-41.737097402,0.753482762,156.065979311,0.001038215,0.215041408,-1.383784493,-1.179827164,false,TRANSLATION_JUMP
1784909103.371800423,0.112931293,0.016464348,8.943226597,7.759586760,0.021018923,-0.158386774,-41.737097402,0.753600949,155.896682243,0.001037061,0.214535731,-1.393032257,-1.186660893,false,TRANSLATION_JUMP
1784909104.372140169,0.012554364,0.095530106,8.468463448,7.663960772,0.021018923,-0.158386774,-41.737097402,0.753032729,155.922542020,0.001034793,0.214263623,-1.391855325,-1.189432062,false,TRANSLATION_JUMP
1784909105.372171879,0.007548522,0.052759857,8.723489495,7.684414986,0.021018923,-0.158386774,-41.737097402,0.753463539,156.165145373,0.001033901,0.214289528,-1.385110468,-1.187345780,false,TRANSLATION_JUMP
1784909106.371818066,0.005926476,0.007475633,8.153451975,7.771215820,0.021018923,-0.158386774,-41.737097402,0.753992954,156.001046957,0.001033319,0.213793549,-1.380282852,-1.203284023,false,TRANSLATION_JUMP
1784909107.371721745,0.013420479,0.086139627,8.583318380,7.674994813,0.021018923,-0.158386774,-41.737097402,0.753372356,155.853607005,0.001030996,0.213286911,-1.380061761,-1.183216025,false,TRANSLATION_JUMP
1784909108.371949673,0.112591175,0.042567393,8.591935654,7.689102533,0.021018923,-0.158386774,-41.737097402,0.751890331,156.188013653,0.001027688,0.213478754,-1.382105269,-1.184700230,false,TRANSLATION_JUMP
1784909109.371930599,0.009295697,0.119322116,8.355553087,7.659115750,0.021018923,-0.158386774,-41.737097402,0.750909281,156.378705218,0.001024868,0.213431269,-1.398225600,-1.179383346,false,TRANSLATION_JUMP
1784909110.371836424,0.012500714,0.076897760,8.652962321,7.685146204,0.021018923,-0.158386774,-41.737097402,0.751434410,156.505354658,0.001024126,0.213300373,-1.391188852,-1.180419408,false,TRANSLATION_JUMP
1784909111.371824741,0.112892840,0.032135430,8.767540210,7.754921472,0.021018923,-0.158386774,-41.737097402,0.753953409,156.180536821,0.001026271,0.212590890,-1.388923952,-1.179103887,false,TRANSLATION_JUMP
1784909112.371858120,0.014531336,0.111878703,8.325621600,7.642681017,0.021018923,-0.158386774,-41.737097402,0.753025112,156.533537557,0.001023553,0.212768996,-1.409162897,-1.187305260,false,TRANSLATION_JUMP
1784909113.371848822,0.012734845,0.067109281,8.717813249,7.657306180,0.021018923,-0.158386774,-41.737097402,0.752572306,156.356590993,0.001021487,0.212227077,-1.420714799,-1.186597022,false,TRANSLATION_JUMP
1784909114.371944427,0.110774084,0.018419152,8.709939002,7.629739106,0.021018923,-0.158386774,-41.737097402,0.752097835,156.050111957,0.001019586,0.211550325,-1.448538323,-1.177915693,false,TRANSLATION_JUMP
1784909115.371989727,0.213406569,0.102371280,10.588867590,7.874636326,0.021018923,-0.158386774,-41.737097402,0.753611638,156.322259131,0.001020364,0.211654965,-1.447979309,-1.163184798,false,TRANSLATION_JUMP
1784909116.372014284,0.103588322,0.058682457,11.541919200,20.473119421,0.021018923,-0.158386774,-41.737097402,0.753939432,156.198321700,0.001019367,0.211188614,-1.477129138,-1.174453126,false,LOW_ANGULAR_COVERAGE
1784909117.371889114,0.069814033,0.013825091,8.906314310,9.794695587,0.021018923,-0.158386774,-41.737097402,0.753317136,156.170227734,0.001017090,0.210853011,-1.501758715,-1.179352059,false,TRANSLATION_JUMP
1784909118.371833801,0.066877536,0.105935129,8.774765699,8.181182127,0.021018923,-0.158386774,-41.737097402,0.752857362,156.097820213,0.001015039,0.210458646,-1.559763727,-1.195820676,false,TRANSLATION_JUMP
1784909119.372017145,0.070583480,0.062212529,8.105141552,7.828430837,0.021018923,-0.158386774,-41.737097402,0.754342384,155.917855454,0.001015779,0.209955214,-1.546137244,-1.186017130,false,TRANSLATION_JUMP
1784909120.372093439,0.068152893,0.018229151,8.404750412,7.768545846,0.021018923,-0.158386774,-41.737097402,0.753506398,156.026201463,0.001013229,0.209806170,-1.559382415,-1.183914964,false,TRANSLATION_JUMP
1784909121.371722460,0.069931253,0.096690115,9.218167304,7.693769673,0.021018923,-0.158386774,-41.737097402,0.752359157,156.014779692,0.001010268,0.209496719,-1.562074312,-1.182540721,false,TRANSLATION_JUMP
1784909122.371799946,0.068763524,0.052211327,7.992370700,7.668312027,0.021018923,-0.158386774,-41.737097402,0.753177046,155.560861078,0.001010134,0.208632595,-1.564677389,-1.187755878,false,TRANSLATION_JUMP
1784909123.371894121,0.070649089,0.006258366,8.950017229,7.688774357,0.021018923,-0.158386774,-41.737097402,0.753892417,155.804241142,0.001009661,0.208663043,-1.557683910,-1.197712501,false,TRANSLATION_JUMP
1784909124.371798754,0.170011844,0.087385509,8.826027483,7.665631619,0.021018923,-0.158386774,-41.737097402,0.753435313,155.984412458,0.001007823,0.208650553,-1.542356905,-1.187429050,false,TRANSLATION_JUMP
1784909125.372170925,0.063799904,0.030270564,8.566653600,7.671933239,0.021018923,-0.158386774,-41.737097402,0.752304119,156.139062168,0.001004889,0.208562549,-1.554999939,-1.192907055,false,TRANSLATION_JUMP
1784909126.371839285,0.069988584,0.122549522,9.107092816,7.732048283,0.021018923,-0.158386774,-41.737097402,0.752123201,155.829735657,0.001003250,0.207859856,-1.569173422,-1.196949173,false,TRANSLATION_JUMP
1784909127.376752377,0.176887375,0.074712144,8.943711135,7.602695042,0.021018923,-0.158386774,-41.737097402,0.752106366,155.929063159,0.001002013,0.207740510,-1.620600641,-1.242462492,false,TRANSLATION_JUMP
1784909128.371839762,0.070560715,0.029910839,8.258205191,7.678257843,0.021018923,-0.158386774,-41.737097402,0.752480028,156.269840280,0.001001102,0.207901931,-1.436181971,-1.187240886,false,TRANSLATION_JUMP
1784909129.371823311,0.065094335,0.111602017,11.128557638,8.064269221,0.021018923,-0.158386774,-41.737097402,0.755218999,156.228867863,0.001003351,0.207558828,-1.477575180,-1.176651541,false,TRANSLATION_JUMP
1784909130.372536898,0.040512245,0.049160863,8.533704230,7.890785677,0.021018923,-0.158386774,-41.737097402,0.755736566,156.089557124,0.001002808,0.207119512,-1.480965851,-1.192345388,false,TRANSLATION_JUMP
1784909131.371733189,0.069915858,0.000855856,9.181738639,7.731728543,0.021018923,-0.158386774,-41.737097402,0.755023324,156.399463489,0.001000448,0.207238019,-1.480268219,-1.191373206,false,TRANSLATION_JUMP
1784909132.371812582,0.172635789,0.079771037,8.908448303,7.698577958,0.021018923,-0.158386774,-41.737097402,0.754390531,156.376740868,0.000998391,0.206955245,-1.460261438,-1.186797586,false,TRANSLATION_JUMP
1784909133.371834993,0.071427587,0.022486170,8.255204840,7.596740902,0.021018923,-0.158386774,-41.737097402,0.755596506,155.998547061,0.000998607,0.206169870,-1.457261542,-1.186560647,false,TRANSLATION_JUMP
1784909134.372442961,0.071409142,0.115314457,9.013379035,7.721329910,0.021018923,-0.158386774,-41.737097402,0.757246568,155.904862939,0.000999409,0.205762165,-1.440776754,-1.186676991,false,TRANSLATION_JUMP
1784909135.372748375,0.005614658,0.005602270,1901.913425819,2522.770960041,0.021018923,-0.158386774,-41.737097402,0.756780544,156.303187071,0.000997581,0.206037398,-1.443299917,-1.191834343,false,TRANSLATION_JUMP
1784909136.371803284,0.067460213,0.026588005,326.540407795,429.961640376,0.021018923,-0.158386774,-41.737097402,0.756351144,156.448700633,0.000995645,0.205945811,-1.430818276,-1.201408402,false,TRANSLATION_JUMP
1784909137.371820211,0.068613644,0.101668515,62.115085405,96.135220065,0.021018923,-0.158386774,-41.737097402,0.757286664,156.126656920,0.000995506,0.205239452,-1.413318834,-1.188504627,false,TRANSLATION_JUMP
1784909138.372211695,0.169405320,0.060614585,20.343881680,22.512215562,0.021018923,-0.158386774,-41.737097402,0.758125575,156.118850074,0.000995420,0.204984245,-1.399384686,-1.183601962,false,TRANSLATION_JUMP
1784909139.371824741,0.068755662,0.005120581,10.570004741,10.171484779,0.021018923,-0.158386774,-41.737097402,0.756250269,156.297937037,0.000991582,0.204935036,-1.395298334,-1.187987216,false,TRANSLATION_JUMP
1784909140.371961832,0.056619082,0.095569056,9.160186782,8.246866885,0.021018923,-0.158386774,-41.737097402,0.756625437,156.425688055,0.000990720,0.204822698,-1.386516657,-1.204345697,false,TRANSLATION_JUMP
1784909141.371807814,0.069259367,0.037573967,8.186634336,7.677305021,0.021018923,-0.158386774,-41.737097402,0.757058601,156.079572086,0.000990093,0.204123313,-1.395564916,-1.199919837,false,TRANSLATION_JUMP
1784909142.372202158,0.069972036,0.130148450,9.086051144,7.751129036,0.021018923,-0.158386774,-41.737097402,0.756416928,156.255946583,0.000987905,0.204075302,-1.389913161,-1.202926985,false,TRANSLATION_JUMP
1784909143.371909618,0.168882403,0.087303975,8.776027154,7.758198388,0.021018923,-0.158386774,-41.737097402,0.756395549,156.514751345,0.000986690,0.204167706,-1.395919835,-1.202205185,false,TRANSLATION_JUMP
1784909144.372404814,0.058970814,0.027574527,7.984971061,7.612681386,0.021018923,-0.158386774,-41.737097402,0.756082533,156.273814021,0.000984940,0.203576017,-1.387135618,-1.208587494,false,TRANSLATION_JUMP
1784909145.371960402,0.052673319,0.104521782,8.660641781,7.695342542,0.021018923,-0.158386774,-41.737097402,0.756369255,156.105530953,0.000983957,0.203076893,-1.392147095,-1.192985091,false,TRANSLATION_JUMP
1784909146.372040749,0.070925835,0.052968560,8.224453912,7.610917892,0.021018923,-0.158386774,-41.737097402,0.756000937,156.418075300,0.000982303,0.203240384,-1.387788524,-1.198366118,false,TRANSLATION_JUMP
1784909147.371824503,0.068664954,0.007102591,8.811883394,7.684626944,0.021018923,-0.158386774,-41.737097402,0.755675726,156.289854894,0.000980548,0.202798183,-1.393850729,-1.197275029,false,TRANSLATION_JUMP
1784909148.371817112,0.168210614,0.087891048,8.785940842,7.609981341,0.021018923,-0.158386774,-41.737097402,0.756023142,156.318292813,0.000979831,0.202593595,-1.391441753,-1.181659019,false,TRANSLATION_JUMP
1784909149.371752739,0.070735851,0.044217275,8.129863679,7.630122568,0.021018923,-0.158386774,-41.737097402,0.756445111,156.043122414,0.000979053,0.201963664,-1.373609024,-1.196063025,false,TRANSLATION_JUMP
1784909150.371776104,0.070677666,0.135637302,8.460171402,7.679826121,0.021018923,-0.158386774,-41.737097402,0.757287392,156.709074530,0.000978820,0.202551952,-1.381609022,-1.186117249,false,TRANSLATION_JUMP
1784909151.373045206,0.066006605,0.092736959,8.865213180,7.645571720,0.021018923,-0.158386774,-41.737097402,0.756754427,156.514430620,0.000976814,0.202027773,-1.378015960,-1.175638143,false,TRANSLATION_JUMP
1784909152.371816158,0.070306829,0.046881176,8.198865273,7.780939324,0.021018923,-0.158386774,-41.737097402,0.756393301,156.240260045,0.000975203,0.201437496,-1.372393713,-1.144801009,false,TRANSLATION_JUMP
1784909153.371802568,0.064512911,0.002831348,8.825825493,12.354936050,0.021018923,-0.158386774,-41.737097402,0.756328293,156.091912488,0.000973808,0.200975700,-1.400168607,-1.137828194,false,TRANSLATION_JUMP
1784909154.371797323,0.127780555,0.082212350,8.155570234,8.659845198,0.021018923,-0.158386774,-41.737097402,0.757364420,156.242068074,0.000973974,0.200928061,-1.415898155,-1.139008762,false,TRANSLATION_JUMP
1784909155.371729374,0.070822033,0.038182928,8.070126784,7.828388692,0.021018923,-0.158386774,-41.737097402,0.756723728,156.345528366,0.000971859,0.200794235,-1.382308447,-1.142314022,false,TRANSLATION_JUMP
1784909156.371830225,0.053832524,0.125871118,8.482779528,7.715887064,0.021018923,-0.158386774,-41.737097402,0.757107099,155.878599973,0.000971048,0.199926355,-1.417819248,-1.151625985,false,TRANSLATION_JUMP
1784909157.372319698,0.168749845,0.086008347,8.725318566,7.757392151,0.021018923,-0.158386774,-41.737097402,0.757231241,155.787245072,0.000970062,0.199573569,-1.404429828,-1.150776732,false,TRANSLATION_JUMP
1784909158.371970654,0.068688614,0.041779667,8.029960080,7.734544201,0.021018923,-0.158386774,-41.737097402,0.756283477,155.942499681,0.000967554,0.199505634,-1.385086457,-1.150066126,false,TRANSLATION_JUMP
1784909159.371846914,0.071990241,0.115711546,8.590204119,7.565810771,0.021018923,-0.158386774,-41.737097402,0.756445993,155.760479018,0.000966481,0.199008881,-1.366791498,-1.158008060,false,TRANSLATION_JUMP
1784909160.371840000,0.170237478,0.088515210,8.738052307,7.764957015,0.021018923,-0.158386774,-41.737097402,0.756808433,155.438192380,0.000965813,0.198364803,-1.346354825,-1.155093071,false,TRANSLATION_JUMP
1784909161.371850967,0.065855080,0.030902465,9.851879303,7.616051171,0.021018923,-0.158386774,-41.737097402,0.757883135,155.355533210,0.000965897,0.197995531,-1.333396234,-1.165305846,false,TRANSLATION_JUMP
1784909162.371682405,0.069952747,0.123077672,8.994858302,7.738106026,0.021018923,-0.158386774,-41.737097402,0.755617136,155.832887451,0.000961729,0.198339974,-1.435354747,-1.209181768,false,TRANSLATION_JUMP
1784909163.371749163,0.170340475,0.079352200,10.983104327,7.777354006,0.021018923,-0.158386774,-41.737097402,0.753284935,155.488947992,0.000957639,0.197670515,-1.497122910,-1.170943052,false,TRANSLATION_JUMP
1784909164.371806622,0.069322799,0.023113779,8.571929769,7.678347967,0.021018923,-0.158386774,-41.737097402,0.755012153,155.083547110,0.000958562,0.196893780,-1.458442162,-1.170040273,false,TRANSLATION_JUMP
1784909165.371771336,0.066263932,0.114077107,8.783435012,7.688755774,0.021018923,-0.158386774,-41.737097402,0.756515591,155.090908607,0.000959199,0.196642502,-1.451105464,-1.174486120,false,TRANSLATION_JUMP
1784909166.372114658,0.160644535,0.057412889,7.006635769,6.629605267,0.021018923,-0.158386774,-41.737097402,0.756422611,155.120233957,0.000958276,0.196514422,-1.432307452,-1.161793864,false,TRANSLATION_JUMP
1784909167.371816635,0.070708526,0.013815918,8.083376150,7.459790776,0.021018923,-0.158386774,-41.737097402,0.756095074,155.098242357,0.000956284,0.196163020,-1.400000478,-1.149586883,false,TRANSLATION_JUMP
1784909168.371809721,0.071475159,0.105166136,8.868931199,7.666303759,0.021018923,-0.158386774,-41.737097402,0.755405862,154.726168142,0.000954152,0.195434390,-1.405884826,-1.177449054,false,TRANSLATION_JUMP
1784909169.371946096,0.165492296,0.060774181,8.990402987,7.660086986,0.021018923,-0.158386774,-41.737097402,0.756719153,154.979015809,0.000954714,0.195529135,-1.396808735,-1.178551209,false,TRANSLATION_JUMP
1784909170.371997356,0.031801708,0.010547569,9.489196795,7.657595292,0.021018923,-0.158386774,-41.737097402,0.757449620,155.029027615,0.000954364,0.195331933,-1.360008578,-1.154539891,false,TRANSLATION_JUMP
1784909171.371822119,0.061778407,0.091639495,9.137349366,7.660360477,0.021018923,-0.158386774,-41.737097402,0.758988690,154.573906477,0.000955045,0.194502221,-1.378175049,-1.167604521,false,TRANSLATION_JUMP
1784909172.371832371,0.069352072,0.052045693,9.699076367,7.876358671,0.021018923,-0.158386774,-41.737097402,0.758225862,154.665185252,0.000952983,0.194392330,-1.395074453,-1.177695343,false,TRANSLATION_JUMP
1784909173.371835709,0.064217714,0.006786829,8.792102903,7.748474610,0.021018923,-0.158386774,-41.737097402,0.757837378,154.558652757,0.000951246,0.194003732,-1.405566554,-1.174867492,false,TRANSLATION_JUMP
1784909174.371822596,0.169795865,0.086590783,8.950962672,7.656013405,0.021018923,-0.158386774,-41.737097402,0.756700454,154.878459593,0.000948737,0.194183789,-1.397363289,-1.162644342,false,TRANSLATION_JUMP
1784909175.373773336,0.067486062,0.040919083,8.047370574,7.712749659,0.021018923,-0.158386774,-41.737097402,0.756916477,154.510907110,0.000947766,0.193469401,-1.409142991,-1.166178321,false,TRANSLATION_JUMP
1784909176.371859312,0.068100286,0.121686800,9.773918875,7.666915831,0.021018923,-0.158386774,-41.737097402,0.756793764,154.452173773,0.000946362,0.193140737,-1.452255726,-1.200009687,false,TRANSLATION_JUMP
1784909177.371964216,0.168553763,0.074280316,9.009465577,7.628138562,0.021018923,-0.158386774,-41.737097402,0.754080644,154.804595236,0.000941899,0.193361665,-1.431243653,-1.197519837,false,TRANSLATION_JUMP
1784909178.371820211,0.068435121,0.032584803,8.403591904,7.713861653,0.021018923,-0.158386774,-41.737097402,0.754338392,154.595140101,0.000940978,0.192845394,-1.437548561,-1.201573622,false,TRANSLATION_JUMP
1784909179.371860266,0.066828817,0.111749770,8.735816139,7.651637515,0.021018923,-0.158386774,-41.737097402,0.754717065,154.566842617,0.000940226,0.192559346,-1.440620946,-1.200672432,false,TRANSLATION_JUMP
1784909180.371804714,0.063508818,0.067767653,8.082279219,7.718854210,0.021018923,-0.158386774,-41.737097402,0.754780699,154.685240465,0.000939229,0.192486128,-1.440299597,-1.189295094,false,TRANSLATION_JUMP
1784909181.371804714,0.066944872,0.010769328,8.543222797,7.594828596,0.021018923,-0.158386774,-41.737097402,0.754374633,154.997403665,0.000937505,0.192624279,-1.452671980,-1.189000324,false,TRANSLATION_JUMP
1784909182.371771336,0.151341898,0.042115587,8.460252971,7.193150268,0.021018923,-0.158386774,-41.737097402,0.753689357,154.626879096,0.000935582,0.191944012,-1.454948621,-1.187173014,false,TRANSLATION_JUMP
1784909183.380059719,0.008463299,0.008429058,7.351676266,7.011478603,0.021018923,-0.158386774,-41.737097402,0.754222717,154.815031338,0.000935175,0.191958111,-1.465741933,-1.177431219,false,TRANSLATION_JUMP
1784909184.371938229,0.050968740,0.110470945,12.728912755,16.563597999,0.021018923,-0.158386774,-41.737097402,0.755032711,154.529204223,0.000934813,0.191324004,-1.514660441,-1.168996231,false,TRANSLATION_JUMP
1784909185.371819496,0.169293441,0.081780143,9.933382913,9.251934050,0.021018923,-0.158386774,-41.737097402,0.754754149,154.622506181,0.000933404,0.191221549,-1.462185883,-1.145311456,false,TRANSLATION_JUMP
1784909186.371827126,0.066718738,0.035986650,8.360741779,7.969226277,0.021018923,-0.158386774,-41.737097402,0.756726939,154.752111322,0.000934637,0.191135030,-1.453949738,-1.184090842,false,TRANSLATION_JUMP
1784909187.372180700,0.063076517,0.116553415,9.552031618,8.029910973,0.021018923,-0.158386774,-41.737097402,0.756802888,154.626673904,0.000933527,0.190734093,-1.458843798,-1.150015038,false,TRANSLATION_JUMP
1784909188.371915817,0.167154706,0.059792335,9.503800729,7.729036351,0.021018923,-0.158386774,-41.737097402,0.756689874,154.722632626,0.000932328,0.190635940,-1.451744271,-1.147001828,false,TRANSLATION_JUMP
1784909189.371829271,0.061885159,0.016795448,8.442926343,7.731789356,0.021018923,-0.158386774,-41.737097402,0.755413064,154.780868621,0.000929545,0.190459837,-1.460187210,-1.155394442,false,TRANSLATION_JUMP
1784909190.372265577,0.071105627,0.096083724,9.037954821,7.670352535,0.021018923,-0.158386774,-41.737097402,0.754532156,154.460293296,0.000927270,0.189821493,-1.452797515,-1.160360027,false,TRANSLATION_JUMP
1784909191.371895790,0.070220474,0.051722907,8.025436818,7.659377570,0.021018923,-0.158386774,-41.737097402,0.754938335,154.362748429,0.000926734,0.189489942,-1.452842388,-1.169052746,false,TRANSLATION_JUMP
1784909192.371982574,0.068953301,0.007715536,8.389509969,7.666211136,0.021018923,-0.158386774,-41.737097402,0.755393860,154.292687790,0.000926106,0.189161505,-1.454138608,-1.169225683,false,TRANSLATION_JUMP
1784909193.371834993,0.067253959,0.097491433,8.905627013,7.718689759,0.021018923,-0.158386774,-41.737097402,0.754903144,154.530501971,0.000924322,0.189210904,-1.446167097,-1.185325467,false,TRANSLATION_JUMP
1784909194.371812820,0.064817374,0.042103084,8.622777563,7.626582975,0.021018923,-0.158386774,-41.737097402,0.755285945,154.592226323,0.000923748,0.189073200,-1.445269160,-1.198041433,false,TRANSLATION_JUMP
1784909195.371946812,0.066851901,0.125101836,8.636701718,7.617897182,0.021018923,-0.158386774,-41.737097402,0.755778498,154.444465853,0.000923167,0.188650570,-1.455596664,-1.208642555,false,TRANSLATION_JUMP
1784909196.371830463,0.164175090,0.086953179,8.760745715,7.697513130,0.021018923,-0.158386774,-41.737097402,0.755293243,154.469971460,0.000921543,0.188470746,-1.443522285,-1.197250936,false,TRANSLATION_JUMP
1784909197.371894121,0.064554298,0.028725892,8.027087177,7.557942122,0.021018923,-0.158386774,-41.737097402,0.754493315,154.502061630,0.000919396,0.188270077,-1.456885740,-1.190257000,false,TRANSLATION_JUMP
1784909198.371891022,0.070020081,0.124386905,8.749381166,7.747597384,0.021018923,-0.158386774,-41.737097402,0.755556707,154.294865020,0.000919522,0.187778695,-1.452308529,-1.187483561,false,TRANSLATION_JUMP
1784909199.371865034,0.167708474,0.067193845,8.769739694,7.644023103,0.021018923,-0.158386774,-41.737097402,0.756118735,154.146852723,0.000919175,0.187388511,-1.452219893,-1.179819749,false,TRANSLATION_JUMP
1784909200.371843338,0.065194261,0.021956027,8.389686980,7.693382330,0.021018923,-0.158386774,-41.737097402,0.755102934,154.349612351,0.000916763,0.187394397,-1.482992698,-1.190461738,false,TRANSLATION_JUMP
1784909201.371836424,0.064839760,0.102908915,8.685755225,7.668612558,0.021018923,-0.158386774,-41.737097402,0.755969230,154.333216636,0.000916653,0.187137286,-1.453688010,-1.176590991,false,TRANSLATION_JUMP
1784909202.371847868,0.069474651,0.059266642,7.809724279,7.768825109,0.021018923,-0.158386774,-41.737097402,0.756958639,154.125465626,0.000916826,0.186676348,-1.456106775,-1.183892114,false,TRANSLATION_JUMP
1784909203.372083426,0.068818629,0.015381162,9.374662914,7.761977319,0.021018923,-0.158386774,-41.737097402,0.757684703,154.151191187,0.000916549,0.186472203,-1.478478425,-1.176818926,false,TRANSLATION_JUMP
1784909204.372137785,0.070047153,0.093515315,9.140550828,7.650785923,0.021018923,-0.158386774,-41.737097402,0.755335277,154.317159631,0.000912555,0.186437539,-1.469244071,-1.168001028,false,TRANSLATION_JUMP
1784909205.371941090,0.060037606,0.050118858,8.046874230,7.666851521,0.021018923,-0.158386774,-41.737097402,0.755498463,154.101358199,0.000911751,0.185972607,-1.494297926,-1.201457651,false,TRANSLATION_JUMP
1784909206.371799707,0.069108073,0.003801980,8.667383170,7.736883686,0.021018923,-0.158386774,-41.737097402,0.754663640,154.212053734,0.000909584,0.185869276,-1.522617153,-1.206457579,false,TRANSLATION_JUMP
1784909207.372724771,0.122499074,0.078099502,43.138613594,38.704402891,0.021018923,-0.158386774,-41.737097402,0.753864736,154.254826579,0.000907626,0.185717340,-1.509157941,-1.191930409,false,TRANSLATION_JUMP
1784909208.371840477,0.064115975,0.038280914,16.357628901,15.344656757,0.021018923,-0.158386774,-41.737097402,0.753737452,154.377472925,0.000906611,0.185688513,-1.499087474,-1.196850161,false,TRANSLATION_JUMP
1784909209.371809721,0.069427703,0.119382984,10.205630700,9.238500171,0.021018923,-0.158386774,-41.737097402,0.754145805,154.298583776,0.000905674,0.185301423,-1.511066228,-1.203104421,false,TRANSLATION_JUMP
1784909210.371805906,0.170837716,0.075777268,9.075586150,7.899190386,0.021018923,-0.158386774,-41.737097402,0.756947442,154.287065733,0.000908048,0.185085639,-1.493803169,-1.176878921,false,TRANSLATION_JUMP
1784909211.372234344,0.053185777,0.029802301,8.424623832,7.723500033,0.021018923,-0.158386774,-41.737097402,0.756583095,154.244242381,0.000906475,0.184802650,-1.513444878,-1.175906467,false,TRANSLATION_JUMP
1784909212.371801376,0.069699054,0.110386738,8.718279749,7.784607516,0.021018923,-0.158386774,-41.737097402,0.756419150,154.145734271,0.000905134,0.184451393,-1.530156480,-1.185720286,false,TRANSLATION_JUMP
1784909213.371815920,0.169781504,0.066659225,10.846157812,7.709307473,0.021018923,-0.158386774,-41.737097402,0.757775150,153.978945094,0.000905771,0.184051571,-1.489082267,-1.178512663,false,TRANSLATION_JUMP
1784909214.371841192,0.070076203,0.022398045,8.731451795,7.697259217,0.021018923,-0.158386774,-41.737097402,0.758933767,153.883771317,0.000906026,0.183708586,-1.490834604,-1.197000092,false,TRANSLATION_JUMP
1784909215.371871471,0.071237912,0.113608787,8.882857943,7.738649629,0.021018923,-0.158386774,-41.737097402,0.758919177,154.119639023,0.000904881,0.183761151,-1.506551374,-1.182922824,false,TRANSLATION_JUMP
1784909216.371817827,0.169523870,0.067922101,9.331352572,7.711940021,0.021018923,-0.158386774,-41.737097402,0.758185361,154.260407354,0.000903014,0.183727164,-1.511452829,-1.185696379,false,TRANSLATION_JUMP
1784909217.371934414,0.069110438,0.025746670,8.250120192,7.470344243,0.021018923,-0.158386774,-41.737097402,0.753834149,154.932784650,0.000896716,0.184298842,-1.514795963,-1.197500126,false,LOW_ANGULAR_COVERAGE
1784909218.371899605,0.067916785,0.117108189,8.720830467,7.713570704,0.021018923,-0.158386774,-41.737097402,0.756117210,154.612432796,0.000898330,0.183692386,-1.530806015,-1.200138655,false,TRANSLATION_JUMP
1784909219.371799946,0.166649725,0.072715454,8.928970035,7.734218821,0.021018923,-0.158386774,-41.737097402,0.755050318,155.038544820,0.000896081,0.183997213,-1.556626150,-1.197067407,false,TRANSLATION_JUMP
1784909220.371807814,0.068340249,0.027502456,8.389941530,7.706561493,0.021018923,-0.158386774,-41.737097402,0.751457011,154.871918960,0.000890714,0.183572063,-1.691713860,-1.228511641,false,TRANSLATION_JUMP
1784909221.371825933,0.068871213,0.119460532,8.786025798,7.755567256,0.021018923,-0.158386774,-41.737097402,0.753406543,154.569403211,0.000891933,0.182989577,-1.704505790,-1.226245234,false,TRANSLATION_JUMP
1784909222.371808290,0.170923296,0.075823688,8.835643470,7.740241659,0.021018923,-0.158386774,-41.737097402,0.754126988,154.467113858,0.000891813,0.182669184,-1.714011137,-1.235559716,false,TRANSLATION_JUMP
1784909223.371802807,0.069389567,0.028152514,8.448491960,7.689043792,0.021018923,-0.158386774,-41.737097402,0.753201279,154.420891257,0.000889621,0.182389594,-1.728907573,-1.243680488,false,TRANSLATION_JUMP
1784909224.371865034,0.071316760,0.121715279,8.763012112,7.746001121,0.021018923,-0.158386774,-41.737097402,0.753534976,154.298140214,0.000888931,0.182022506,-1.727898995,-1.244278615,false,TRANSLATION_JUMP
1784909225.371819019,0.170973589,0.074827127,8.850197314,7.699020985,0.021018923,-0.158386774,-41.737097402,0.753272475,154.216875397,0.000887657,0.181729398,-1.732910475,-1.207414296,false,TRANSLATION_JUMP
1784909226.371891975,0.069768271,0.033872464,8.185809666,7.683121775,0.021018923,-0.158386774,-41.737097402,0.752332574,154.302276841,0.000885473,0.181609250,-1.697124659,-1.138119986,false,TRANSLATION_JUMP
1784909227.372005701,0.066969499,0.126479131,8.650228241,7.761835402,0.021018923,-0.158386774,-41.737097402,0.748892550,154.444245564,0.000880343,0.181553274,-2.060187872,-1.210370584,false,TRANSLATION_JUMP
1784909228.371815920,0.170740807,0.077924362,8.774039977,7.687398466,0.021018923,-0.158386774,-41.737097402,0.751652038,154.577102582,0.000882630,0.181512644,-1.819366211,-1.432795304,false,TRANSLATION_JUMP
1784909229.371821642,0.069292712,0.038249131,8.160192847,7.740531673,0.021018923,-0.158386774,-41.737097402,0.759185278,158.432366480,0.000890385,0.185812177,-1.826835033,-0.985754031,false,TRANSLATION_JUMP
1784909230.371829987,0.067365148,0.128954381,8.704917472,7.762398049,0.021018923,-0.158386774,-41.737097402,0.758752207,157.934562477,0.000888802,0.185004491,-1.965735111,-1.137248830,false,TRANSLATION_JUMP
1784909231.371795177,0.169874171,0.085432819,8.824971752,7.755906430,0.021018923,-0.158386774,-41.737097402,0.747453864,154.331224210,0.000874623,0.180588688,-1.888887300,-0.932502796,false,TRANSLATION_JUMP
1784909232.371819735,0.070199900,0.040856512,8.036017456,7.729724429,0.021018923,-0.158386774,-41.737097402,0.752685605,154.306900247,0.000879671,0.180339934,-1.720044820,-1.067511530,false,TRANSLATION_JUMP
1784909233.371807337,0.070869921,0.129079880,8.712442635,7.725038105,0.021018923,-0.158386774,-41.737097402,0.753088754,153.930294317,0.000879082,0.179683081,-1.712719050,-1.098591531,false,TRANSLATION_JUMP
1784909234.371817827,0.170970080,0.088313570,8.789480554,7.754835398,0.021018923,-0.158386774,-41.737097402,0.750776278,153.717972003,0.000875441,0.179242532,-1.697650634,-1.064663241,false,TRANSLATION_JUMP
1784909235.371841192,0.070752049,0.044548286,8.075613538,7.739458647,0.021018923,-0.158386774,-41.737097402,0.749129036,154.117901817,0.000872458,0.179490368,-1.706295237,-1.087651368,false,TRANSLATION_JUMP
1784909236.371861458,0.071520923,0.123451074,8.579592683,7.630053677,0.021018923,-0.158386774,-41.737097402,0.748648541,154.185845891,0.000870840,0.179351414,-1.688947388,-1.088764128,false,TRANSLATION_JUMP
1784909237.371814728,0.070796475,0.091736991,9.004176764,7.763623340,0.021018923,-0.158386774,-41.737097402,0.747345636,154.323817233,0.000868282,0.179296777,-1.706200881,-1.119187280,false,TRANSLATION_JUMP
1784909238.371837139,0.070658640,0.047381279,8.018052155,7.732457347,0.021018923,-0.158386774,-41.737097402,0.747125378,154.493754381,0.000867098,0.179302299,-1.751545967,-1.037505644,false,TRANSLATION_JUMP
1784909239.371808767,0.068360260,0.000734484,8.513059722,7.668071323,0.021018923,-0.158386774,-41.737097402,0.746653239,154.402376094,0.000865514,0.178981929,-1.701655563,-1.056286055,false,TRANSLATION_JUMP
1784909240.372161865,0.068244610,0.095291783,9.010505410,7.741761706,0.021018923,-0.158386774,-41.737097402,0.746580557,154.719609660,0.000864384,0.179132917,-1.698537720,-1.064919582,false,TRANSLATION_JUMP
1784909241.371811390,0.070044395,0.050756368,8.023688016,7.732231533,0.021018923,-0.158386774,-41.737097402,0.745463610,154.412283707,0.000862171,0.178586601,-1.772557281,-1.015507113,false,TRANSLATION_JUMP
1784909242.371824503,0.068899483,0.006763659,8.451038974,7.692805533,0.021018923,-0.158386774,-41.737097402,0.746444968,154.315675337,0.000862277,0.178262151,-1.744016531,-0.988425247,false,TRANSLATION_JUMP
1784909243.371809959,0.068734185,0.097979534,8.828606264,7.740594122,0.021018923,-0.158386774,-41.737097402,0.747129620,153.689639978,0.000862028,0.177325110,-1.320529923,-2.384516291,false,TRANSLATION_JUMP
1784909244.371796846,0.068400591,0.053910084,7.988875263,7.734721157,0.021018923,-0.158386774,-41.737097402,0.757872424,158.354856888,0.000873495,0.182513781,-0.235315788,1.314799480,false,TRANSLATION_JUMP
1784909245.371822119,0.070259376,0.009983376,8.553806312,7.748595492,0.021018923,-0.158386774,-41.737097402,0.755176577,153.073720298,0.000869342,0.176214888,-0.389298350,1.253680714,false,TRANSLATION_JUMP
1784909246.371821404,0.170526529,0.086934874,8.734322821,7.602613095,0.021018923,-0.158386774,-41.737097402,0.755089023,153.259115903,0.000868333,0.176243960,-0.425652409,1.162068536,false,TRANSLATION_JUMP
1784909247.371817827,0.070284783,0.057223356,8.063821151,7.771179324,0.021018923,-0.158386774,-41.737097402,0.755698133,153.101852099,0.000867991,0.175851972,-0.457635639,1.127355928,false,TRANSLATION_JUMP
1784909248.371848345,0.071165028,0.013251964,8.540677985,7.744624220,0.021018923,-0.158386774,-41.737097402,0.760177692,152.797156830,0.000872090,0.175291813,-0.438290179,1.140641283,false,TRANSLATION_JUMP
1784909249.371815681,0.071688918,0.091439095,8.973709270,7.624881941,0.021018923,-0.158386774,-41.737097402,0.761120778,152.827290217,0.000872128,0.175116658,-0.489070479,1.024775620,false,TRANSLATION_JUMP
1784909250.371870041,0.068847109,0.048073724,7.989643129,7.640832322,0.021018923,-0.158386774,-41.737097402,0.762586748,157.474308043,0.000872899,0.180253709,-0.480049739,1.006923845,false,TRANSLATION_JUMP
1784909251.371830702,0.070195133,0.002134084,8.437852245,7.598163748,0.021018923,-0.158386774,-41.737097402,0.760032978,153.593683173,0.000868936,0.175601773,-0.551427574,1.026559113,false,TRANSLATION_JUMP
1784909252.371820688,0.070056725,0.095303203,8.983067155,7.672890128,0.021018923,-0.158386774,-41.737097402,0.758789795,153.276859205,0.000866482,0.175030783,-0.534904357,1.042194566,false,TRANSLATION_JUMP
1784909253.371774197,0.069932891,0.051264774,8.029540255,7.635804830,0.021018923,-0.158386774,-41.737097402,0.760262651,153.110806544,0.000867263,0.174659872,-0.526114124,1.024366022,false,TRANSLATION_JUMP
1784909254.371814489,0.067966400,0.007184919,8.423703050,7.629322863,0.021018923,-0.158386774,-41.737097402,0.759822667,153.404369642,0.000865730,0.174786554,-0.511793933,1.024303907,false,TRANSLATION_JUMP
1784909255.371812582,0.070627670,0.098176899,8.855242773,7.672761902,0.021018923,-0.158386774,-41.737097402,0.758690281,153.498501378,0.000863413,0.174686022,-0.508301133,1.024942359,false,TRANSLATION_JUMP
1784909256.371806622,0.069116552,0.054129100,8.019203179,7.639225615,0.021018923,-0.158386774,-41.737097402,0.759000962,153.106423437,0.000862874,0.174059806,-0.508854884,1.020616270,false,TRANSLATION_JUMP
1784909257.371875286,0.070644373,0.010217487,8.479168545,7.616059127,0.021018923,-0.158386774,-41.737097402,0.759780737,153.316116341,0.000862737,0.174091601,-0.525402520,1.020115405,false,TRANSLATION_JUMP
1784909258.371818066,0.071575340,0.100875667,8.877735145,7.661906317,0.021018923,-0.158386774,-41.737097402,0.757782053,153.482456699,0.000859448,0.174074108,-0.547443200,1.002535878,false,TRANSLATION_JUMP
1784909259.371746778,0.169980829,0.057056963,8.965055956,7.630459336,0.021018923,-0.158386774,-41.737097402,0.758507162,153.558088517,0.000859385,0.173980558,-0.494755860,1.054342820,false,TRANSLATION_JUMP
1784909260.371837854,0.071012207,0.013715540,8.355303758,7.631107175,0.021018923,-0.158386774,-41.737097402,0.762616110,153.399809022,0.000863020,0.173595910,-0.422820804,0.852700682,false,TRANSLATION_JUMP
1784909261.371812582,0.069668589,0.104524662,8.719903885,7.670073449,0.021018923,-0.158386774,-41.737097402,0.767599814,155.236546928,0.000867634,0.175467134,-1.252884990,1.645533251,false,TRANSLATION_JUMP
1784909262.371808529,0.172109947,0.060167013,8.975916234,7.682771170,0.021018923,-0.158386774,-41.737097402,0.763820339,145.970476872,0.000862476,0.164824168,0.925052815,-0.613462727,false,TRANSLATION_JUMP
1784909263.371792316,0.070220036,0.016792792,8.407349947,7.670240669,0.021018923,-0.158386774,-41.737097402,0.743491050,139.508888038,0.000838533,0.157342517,1.136160175,3.128519557,false,TRANSLATION_JUMP
1784909264.371821642,0.070193258,0.107716248,8.828351304,7.738222638,0.021018923,-0.158386774,-41.737097402,0.727095641,128.894454410,0.000819077,0.145200248,0.181237578,-0.144391633,false,TRANSLATION_JUMP
1784909265.371806383,0.168867226,0.063893138,8.982422345,7.707616952,0.021018923,-0.158386774,-41.737097402,0.725652103,126.224402222,0.000816615,0.142046975,0.539074108,-1.258592499,false,TRANSLATION_JUMP
1784909266.372982025,0.067932747,0.020406030,8.364966344,7.637810420,0.021018923,-0.158386774,-41.737097402,0.718819819,120.851379577,0.000807977,0.135840852,-0.386619438,-2.235222540,false,TRANSLATION_JUMP
1784909267.371812582,0.067001872,0.109357143,8.704073751,7.653634394,0.021018923,-0.158386774,-41.737097402,0.712598867,116.480937762,0.000800045,0.130774855,0.991905759,-2.628997830,false,TRANSLATION_JUMP
1784909268.371804714,0.166057878,0.066899095,8.803968601,7.635827397,0.021018923,-0.158386774,-41.737097402,0.709742422,114.014593031,0.000796026,0.127875412,0.442297451,-3.086311297,false,TRANSLATION_JUMP
1784909269.371938229,0.070358923,0.035401018,8.184877344,7.762572902,0.021018923,-0.158386774,-41.737097402,0.701883194,107.106455341,0.000786291,0.119986955,0.688336930,-2.682010437,false,TRANSLATION_JUMP
1784909270.371816397,0.071207760,0.114307810,8.755659958,7.635495238,0.021018923,-0.158386774,-41.737097402,0.698278392,102.062111124,0.000781339,0.114202426,0.485299787,-2.012282466,false,TRANSLATION_JUMP
1784909271.371866465,0.171478084,0.069532974,8.798655289,7.624100191,0.021018923,-0.158386774,-41.737097402,0.695663049,104.604620754,0.000777621,0.116928425,0.394479846,-2.380654171,false,TRANSLATION_JUMP
1784909272.371801615,0.068997120,0.024702714,8.213059417,7.600671241,0.021018923,-0.158386774,-41.737097402,0.685886940,114.313248115,0.000765800,0.127631930,1.323876831,-1.552744742,false,TRANSLATION_JUMP
1784909273.371803999,0.068593747,0.117196616,8.756866242,7.668209824,0.021018923,-0.158386774,-41.737097402,0.680156684,124.301898344,0.000758518,0.138622754,2.376919367,-2.315144255,false,TRANSLATION_JUMP
1784909274.371834040,0.166478468,0.073226711,8.749317784,7.674890967,0.021018923,-0.158386774,-41.737097402,0.671567995,126.260012381,0.000748181,0.140663885,2.807310067,-2.866817943,false,TRANSLATION_JUMP
1784909275.371803761,0.067947485,0.025535254,8.182623204,7.596098397,0.021018923,-0.158386774,-41.737097402,0.667462670,128.179106603,0.000742744,0.142636030,3.788285667,-2.907079728,false,TRANSLATION_JUMP
1784909276.371817112,0.070176105,0.120154386,8.745618606,7.680594110,0.021018923,-0.158386774,-41.737097402,0.721917790,124.593766292,0.000802408,0.138485417,1.310195699,-0.513864762,false,TRANSLATION_JUMP
1784909277.372033358,0.170868521,0.075938018,8.810792520,7.630250143,0.021018923,-0.158386774,-41.737097402,0.760650253,127.309275889,0.000844606,0.141360854,0.284426805,-0.170745276,false,TRANSLATION_JUMP
1784909278.371810198,0.066446663,0.032313319,8.177192374,7.635837253,0.021018923,-0.158386774,-41.737097402,0.766907975,128.805898609,0.000850569,0.142857130,-0.664090936,1.398081237,false,TRANSLATION_JUMP
1784909279.371795654,0.069358767,0.123643917,8.735521859,7.690200160,0.021018923,-0.158386774,-41.737097402,0.772371480,126.701550170,0.000855638,0.140360697,-0.616273914,1.262863980,false,TRANSLATION_JUMP
1784909280.371851921,0.170385849,0.079581050,8.818805014,7.674962277,0.021018923,-0.158386774,-41.737097402,0.773853342,126.716932816,0.000856417,0.140236547,-0.584824047,1.194934460,false,TRANSLATION_JUMP
1784909281.371811867,0.071184589,0.035637702,8.201906322,7.671536197,0.021018923,-0.158386774,-41.737097402,0.770972186,127.216386157,0.000852244,0.140626801,-0.575410914,1.122591728,false,TRANSLATION_JUMP
1784909282.371810198,0.070190622,0.126564946,8.708940017,7.719823251,0.021018923,-0.158386774,-41.737097402,0.770719414,127.177749785,0.000850982,0.140422023,-0.576142286,1.071866176,false,TRANSLATION_JUMP
1784909283.371888876,0.171041850,0.081005685,8.769636642,7.681935665,0.021018923,-0.158386774,-41.737097402,0.772508619,126.826848786,0.000852102,0.139894186,-0.559071245,1.055219269,false,TRANSLATION_JUMP
1784909284.371798515,0.067965038,0.038743121,8.165909020,7.675456545,0.021018923,-0.158386774,-41.737097402,0.776098848,126.876159510,0.000855078,0.139787595,-0.570804833,1.038227469,false,TRANSLATION_JUMP
1784909285.371896744,0.069761008,0.129500142,8.744493885,7.727443100,0.021018923,-0.158386774,-41.737097402,0.777506027,126.900691792,0.000855644,0.139653987,-0.571851714,1.037853449,false,TRANSLATION_JUMP
1784909286.371951342,0.170413956,0.085990259,8.773771144,7.697724695,0.021018923,-0.158386774,-41.737097402,0.777839593,126.886334759,0.000855156,0.139498684,-0.567062592,1.045520619,false,TRANSLATION_JUMP
1784909287.371843576,0.069105005,0.041311224,8.099927750,7.665996737,0.021018923,-0.158386774,-41.737097402,0.776746204,126.510339102,0.000852974,0.138925791,-0.565296788,1.041591905,false,TRANSLATION_JUMP
1784909288.371850491,0.070325176,0.133223118,8.584863951,7.727457655,0.021018923,-0.158386774,-41.737097402,0.776721853,126.980758543,0.000851971,0.139282783,-0.573926235,1.031751864,false,TRANSLATION_JUMP
1784909289.371818781,0.168282926,0.088870695,8.721375955,7.690146632,0.021018923,-0.158386774,-41.737097402,0.776747412,126.765453958,0.000851151,0.138908122,-0.569609816,1.022905967,false,TRANSLATION_JUMP
1784909290.371879101,0.070703769,0.045166295,8.076612391,7.670575063,0.021018923,-0.158386774,-41.737097402,0.776144679,126.536869129,0.000849519,0.138499195,-0.572653229,1.021544279,false,TRANSLATION_JUMP
1784909291.371772528,0.069509041,0.000943392,8.548816223,7.634382735,0.021018923,-0.158386774,-41.737097402,0.775529938,126.423487402,0.000847877,0.138217157,-0.589062492,1.012465664,false,TRANSLATION_JUMP
1784909292.371885538,0.070367415,0.091221204,8.999098003,7.672054782,0.021018923,-0.158386774,-41.737097402,0.775979828,126.431774816,0.000847401,0.138068635,-0.573389599,1.011635693,false,TRANSLATION_JUMP
1784909293.371732235,0.070396767,0.048049306,8.043457280,7.670721989,0.021018923,-0.158386774,-41.737097402,0.775994219,126.807659196,0.000846577,0.138341791,-0.567651362,1.019281741,false,TRANSLATION_JUMP
1784909294.371804714,0.069398540,0.004022350,8.522767067,7.635023654,0.021018923,-0.158386774,-41.737097402,0.774788122,126.744081858,0.000844299,0.138115102,-0.551801810,0.997095449,false,TRANSLATION_JUMP
1784909295.371853590,0.069784912,0.095281459,8.969272222,7.669763606,0.021018923,-0.158386774,-41.737097402,0.774563829,126.583043079,0.000843096,0.137782894,-0.540275992,1.019537003,false,TRANSLATION_JUMP
1784909296.371820688,0.070297210,0.051264504,7.992274382,7.633864016,0.021018923,-0.158386774,-41.737097402,0.773955365,126.520320036,0.000841601,0.137578531,-0.530084464,1.011296422,false,TRANSLATION_JUMP
1784909297.371912718,0.070929990,0.006551322,8.473307771,7.608163215,0.021018923,-0.158386774,-41.737097402,0.772208791,126.691090113,0.000838750,0.137607985,-0.548318717,1.011178872,false,TRANSLATION_JUMP
1784909298.371826172,0.069199908,0.098695416,8.811270411,7.668431622,0.021018923,-0.158386774,-41.737097402,0.768797172,126.584014395,0.000834098,0.137335989,-0.536370753,0.998988131,false,TRANSLATION_JUMP
1784909299.371816874,0.069004463,0.054584720,7.948981379,7.635842211,0.021018923,-0.158386774,-41.737097402,0.774394007,126.208394979,0.000839343,0.136793561,-0.527280146,1.021087163,false,TRANSLATION_JUMP
1784909300.371808052,0.069878133,0.010530283,8.456869664,7.618095114,0.021018923,-0.158386774,-41.737097402,0.775873777,126.658988811,0.000839996,0.137126773,-0.532613753,1.024764778,false,TRANSLATION_JUMP
1784909301.371850252,0.069059759,0.101003980,8.823085259,7.658712172,0.021018923,-0.158386774,-41.737097402,0.774788789,127.128457071,0.000837875,0.137479675,-0.528171189,1.033636454,false,TRANSLATION_JUMP
1784909302.371790409,0.170092461,0.057559157,9.026000258,7.637144419,0.021018923,-0.158386774,-41.737097402,0.772289559,126.984880285,0.000834352,0.137189524,-0.518174310,1.049508539,false,TRANSLATION_JUMP
1784909303.371814489,0.069354501,0.013729740,8.395820420,7.630587035,0.021018923,-0.158386774,-41.737097402,0.775631524,126.842382470,0.000837018,0.136881198,-0.527778452,1.036869757,false,TRANSLATION_JUMP
1784909304.371886730,0.069849668,0.104740920,8.756706930,7.672098209,0.021018923,-0.158386774,-41.737097402,0.775114488,126.942649339,0.000835519,0.136835245,-0.520394524,1.042989933,false,TRANSLATION_JUMP
1784909305.371816874,0.171157037,0.059724054,8.991495439,7.628342868,0.021018923,-0.158386774,-41.737097402,0.775580198,127.020478084,0.000835203,0.136785129,-0.517807996,1.041306437,false,TRANSLATION_JUMP
1784909306.372889757,0.071647287,0.017977368,8.380369977,7.631644056,0.021018923,-0.158386774,-41.737097402,0.773685225,126.576519537,0.000832226,0.136153984,-0.531329564,1.044995250,false,TRANSLATION_JUMP
1784909307.371722937,0.070105946,0.107545318,8.761086691,7.665941505,0.021018923,-0.158386774,-41.737097402,0.774192889,126.661299810,0.000831838,0.136092345,-0.521816657,1.031268356,false,TRANSLATION_JUMP
1784909308.371824980,0.166341108,0.064284868,8.759351268,7.637493726,0.021018923,-0.158386774,-41.737097402,0.774598656,127.057603080,0.000831462,0.136384978,-0.532837847,1.036521957,false,TRANSLATION_JUMP
1784909309.371804476,0.068699829,0.031612404,8.171123323,7.758324057,0.021018923,-0.158386774,-41.737097402,0.774593250,127.111096450,0.000830526,0.136289652,-0.538854771,1.041407749,false,TRANSLATION_JUMP
1784909310.372368097,0.069070867,0.111763389,8.752531511,7.636340721,0.021018923,-0.158386774,-41.737097402,0.773056752,127.193254733,0.000827952,0.136225282,-0.536931905,1.037957580,false,TRANSLATION_JUMP
1784909311.371770859,0.168785819,0.076723490,8.836062403,7.731556533,0.021018923,-0.158386774,-41.737097402,0.774040458,127.379502872,0.000828199,0.136292073,-0.534527795,1.054438516,false,TRANSLATION_JUMP
1784909312.371846914,0.069994555,0.035414548,8.201892364,7.737028686,0.021018923,-0.158386774,-41.737097402,0.778463195,127.474239277,0.000832002,0.136241245,-0.533890751,1.050099713,false,TRANSLATION_JUMP
1784909313.371843576,0.066268262,0.113937507,8.663850723,7.613924899,0.021018923,-0.158386774,-41.737097402,0.777436477,127.500148362,0.000829978,0.136117059,-0.531365140,1.058061180,false,TRANSLATION_JUMP
1784909314.371823311,0.169202836,0.081401822,8.757574297,7.745961151,0.021018923,-0.158386774,-41.737097402,0.776422497,125.812009392,0.000828092,0.134184639,-0.682942598,0.983362344,false,TRANSLATION_JUMP
1784909315.371809959,0.070407297,0.038427337,8.203652412,7.739142911,0.021018923,-0.158386774,-41.737097402,0.773638142,125.756971066,0.000824205,0.133976757,0.144627835,1.837486197,false,TRANSLATION_JUMP
1784909316.372226477,0.071384005,0.117921392,8.734504993,7.656527759,0.021018923,-0.158386774,-41.737097402,0.770126501,126.306701489,0.000819552,0.134412916,0.509373277,-0.303905811,false,TRANSLATION_JUMP
1784909317.371822357,0.169666244,0.073384401,8.732964252,7.675207309,0.021018923,-0.158386774,-41.737097402,0.744667063,121.593205912,0.000791693,0.129271906,-0.263516172,-1.209116452,false,TRANSLATION_JUMP
1784909318.373566389,0.071639005,0.028307037,8.363276954,7.638466812,0.021018923,-0.158386774,-41.737097402,0.727659035,107.289393230,0.000772754,0.113938336,0.418156646,-1.702876382,false,TRANSLATION_JUMP
1784909319.371868610,0.066691633,0.120545956,8.738087132,7.730330674,0.021018923,-0.158386774,-41.737097402,0.716112009,97.086088458,0.000759649,0.102988526,0.159396674,-1.961888839,false,TRANSLATION_JUMP
1784909320.371859789,0.167261880,0.075356741,8.861108929,7.704639302,0.021018923,-0.158386774,-41.737097402,0.710599786,93.301803886,0.000753065,0.098877536,0.405638369,-1.853640822,false,TRANSLATION_JUMP
1784909321.371794939,0.068188434,0.028622724,8.196261444,7.681060421,0.021018923,-0.158386774,-41.737097402,0.702666904,89.147809965,0.000743835,0.094370886,0.549721791,-1.156154464,false,TRANSLATION_JUMP
1784909322.371835232,0.068889622,0.110842120,8.709174463,7.626352131,0.021018923,-0.158386774,-41.737097402,0.691756263,83.843430594,0.000731477,0.088657765,1.616220657,-1.643092473,false,TRANSLATION_JUMP
1784909323.371843815,0.168360919,0.067320764,8.805330846,7.630879169,0.021018923,-0.158386774,-41.737097402,0.668138314,83.751603743,0.000705825,0.088475625,-0.791854044,-2.066984670,false,TRANSLATION_JUMP
1784909324.371810675,0.066631835,0.023653667,8.146337121,7.628308079,0.021018923,-0.158386774,-41.737097402,0.669676723,81.410694196,0.000706670,0.085907919,-0.147678659,0.176505584,false,TRANSLATION_JUMP
1784909325.372171164,0.069919125,0.114756246,8.772857392,7.671898531,0.021018923,-0.158386774,-41.737097402,0.669865414,76.107855660,0.000706092,0.080223769,-2.318839940,2.277166572,false,TRANSLATION_JUMP
1784909326.371805429,0.169851627,0.070295460,8.959509409,7.716835560,0.021018923,-0.158386774,-41.737097402,0.666388132,74.432497835,0.000701745,0.078381701,-2.697290445,0.953140607,false,TRANSLATION_JUMP
1784909327.371839285,0.070616701,0.024622151,8.402479187,7.695175647,0.021018923,-0.158386774,-41.737097402,0.650662954,66.474499505,0.000684433,0.069924602,-1.703987218,1.785757812,false,TRANSLATION_JUMP
1784909328.371833801,0.069970106,0.105446171,8.762438384,7.628239691,0.021018923,-0.158386774,-41.737097402,0.642337040,59.196527589,0.000674934,0.062200589,-1.546531687,2.631683464,false,TRANSLATION_JUMP
1784909329.371813059,0.167220633,0.060194457,8.927107715,7.637533629,0.021018923,-0.158386774,-41.737097402,0.633603707,54.736447785,0.000665122,0.057459291,-1.679452853,3.740715503,false,TRANSLATION_JUMP
1784909330.371804714,0.069671808,0.017217641,8.424225419,7.662495533,0.021018923,-0.158386774,-41.737097402,0.632033184,53.615482141,0.000662747,0.056220964,-1.540737653,3.828547212,false,TRANSLATION_JUMP
1784909331.371884346,0.065523014,0.108344828,8.871055428,7.778938497,0.021018923,-0.158386774,-41.737097402,0.629421539,52.488571644,0.000659287,0.054979098,-1.512320719,3.908608808,false,TRANSLATION_JUMP
1784909332.371796370,0.067366095,0.052131017,7.986317590,7.616488541,0.021018923,-0.158386774,-41.737097402,0.625028908,51.071279090,0.000654055,0.053442992,-2.139735990,4.080066696,false,TRANSLATION_JUMP
1784909333.371838093,0.069257028,0.008144217,8.471004720,7.649157448,0.021018923,-0.158386774,-41.737097402,0.608112068,45.123088696,0.000635658,0.047167038,-0.654820614,3.000061151,false,TRANSLATION_JUMP
1784909334.371808529,0.068424709,0.099181718,8.823193930,7.714830915,0.021018923,-0.158386774,-41.737097402,0.596903957,44.029463739,0.000623262,0.045973703,-2.659168067,1.353863239,false,TRANSLATION_JUMP
1784909335.371813774,0.066106682,0.055515863,7.969294131,7.749146360,0.021018923,-0.158386774,-41.737097402,0.589598495,41.825841992,0.000615042,0.043630805,-2.122855243,1.605891765,false,TRANSLATION_JUMP
1784909336.371771574,0.069049285,0.011412674,8.551595244,7.758373979,0.021018923,-0.158386774,-41.737097402,0.586629542,37.032364099,0.000611280,0.038588453,-1.774690531,2.154399599,false,TRANSLATION_JUMP
1784909337.371822119,0.169681656,0.090139145,8.738387211,7.656944675,0.021018923,-0.158386774,-41.737097402,0.574359953,32.903426073,0.000597928,0.034253579,-1.835846982,2.750091636,false,TRANSLATION_JUMP
1784909338.371811628,0.070027770,0.046473179,8.063636395,7.665563737,0.021018923,-0.158386774,-41.737097402,0.568955017,30.665296683,0.000591658,0.031888956,-1.560079561,3.559222284,false,TRANSLATION_JUMP
1784909339.371808529,0.066051125,0.002480047,8.465812520,7.685556110,0.021018923,-0.158386774,-41.737097402,0.559518683,27.768896068,0.000581215,0.028845662,-1.830305463,0.430139453,false,TRANSLATION_JUMP
1784909340.371879578,0.167884327,0.075666133,8.718722483,7.547415233,0.021018923,-0.158386774,-41.737097402,0.540900972,23.377797053,0.000561338,0.024261081,-1.646028174,1.716208676,false,TRANSLATION_JUMP
1784909341.371806860,0.066599602,0.036930900,8.068073324,7.630369389,0.021018923,-0.158386774,-41.737097402,0.532344705,22.366972091,0.000551860,0.023186942,-0.780933911,1.537747179,false,TRANSLATION_JUMP
1784909342.371754169,0.069543953,0.005366904,8.739526139,7.766038298,0.021018923,-0.158386774,-41.737097402,0.541382975,29.569518202,0.000560623,0.030620390,-0.497355135,0.768247848,false,TRANSLATION_JUMP
1784909343.371813297,0.167306534,0.084401664,8.748383002,7.661780058,0.021018923,-0.158386774,-41.737097402,0.562511261,42.313120697,0.000581955,0.043775688,-0.027490519,0.531264327,false,TRANSLATION_JUMP
1784909344.371816397,0.069792287,0.040013844,8.076662982,7.652114306,0.021018923,-0.158386774,-41.737097402,0.583267539,50.949327597,0.000602777,0.052653534,-0.769733834,2.174260470,false,TRANSLATION_JUMP
1784909345.371833563,0.067316863,0.131629875,8.677352952,7.722171730,0.021018923,-0.158386774,-41.737097402,0.630948210,50.698334153,0.000651350,0.052337682,-1.160924133,-0.829381757,false,TRANSLATION_JUMP
1784909346.371804476,0.167147723,0.087341905,8.801266160,7.719628721,0.021018923,-0.158386774,-41.737097402,0.563671967,51.523350768,0.000581346,0.053138843,-0.481573323,0.178547261,false,TRANSLATION_JUMP
1784909347.371861219,0.065904124,0.043393768,8.097508669,7.716799970,0.021018923,-0.158386774,-41.737097402,0.592751413,52.631502124,0.000610679,0.054223357,-1.873968619,-0.145109655,false,TRANSLATION_JUMP
1784909348.371851206,0.067397697,0.134529265,8.600858831,7.760351383,0.021018923,-0.158386774,-41.737097402,0.623258095,67.602072857,0.000641427,0.069572758,-2.123631033,-0.241888469,false,TRANSLATION_JUMP
1784909349.371794701,0.168481503,0.089487535,8.743823221,7.740268026,0.021018923,-0.158386774,-41.737097402,0.669757032,76.254630295,0.000688628,0.078403218,-1.551611475,0.273677448,false,TRANSLATION_JUMP
1784909350.371819496,0.068704715,0.046906211,8.077798523,7.763894687,0.021018923,-0.158386774,-41.737097402,0.715471903,92.000369496,0.000734843,0.094491204,-2.347196705,-1.613350456,false,TRANSLATION_JUMP
1784909351.371806622,0.070930048,0.002869480,8.702999369,7.760436169,0.021018923,-0.158386774,-41.737097402,0.734282325,105.122677913,0.000753354,0.107853050,-3.034328404,-0.200196534,false,TRANSLATION_JUMP
1784909352.371896505,0.170239320,0.081028265,8.733629211,7.627925810,0.021018923,-0.158386774,-41.737097402,0.742442570,115.099447722,0.000761017,0.117979060,-3.543317470,-0.240920335,false,TRANSLATION_JUMP
1784909353.371815920,0.069826234,0.037505866,8.225042410,7.629505772,0.021018923,-0.158386774,-41.737097402,0.765550215,133.768220539,0.000783864,0.136968306,-3.134793401,-1.432328686,false,TRANSLATION_JUMP
1784909354.371811628,0.069864383,0.128703662,8.741598441,7.685729122,0.021018923,-0.158386774,-41.737097402,0.745367003,141.611061773,0.000762383,0.144843950,-1.782863542,-1.566643686,false,TRANSLATION_JUMP
1784909355.371745586,0.170537711,0.084785300,8.781458634,7.649662879,0.021018923,-0.158386774,-41.737097402,0.735455689,157.570989783,0.000751547,0.161018444,-1.484804446,-0.711853382,false,TRANSLATION_JUMP
1784909356.371824026,0.069305051,0.040315384,8.079348225,7.627265446,0.021018923,-0.158386774,-41.737097402,0.768454891,169.725578002,0.000784431,0.173254206,-2.591614292,0.442560161,false,TRANSLATION_JUMP
1784909357.371807575,0.068687033,0.008918587,8.699898202,7.770459396,0.021018923,-0.158386774,-41.737097402,0.761934138,176.513562799,0.000776947,0.179991498,-1.870314811,-1.245649846,false,TRANSLATION_JUMP
1784909358.371774912,0.167120069,0.087647874,8.728952551,7.642440795,0.021018923,-0.158386774,-41.737097402,0.762223731,173.840457936,0.000776522,0.177101580,-3.196299829,-1.799680069,false,TRANSLATION_JUMP
1784909359.371834040,0.069344441,0.043917474,8.085324560,7.622906452,0.021018923,-0.158386774,-41.737097402,0.806149273,159.434325685,0.000820399,0.162252618,-3.194941535,-1.492173137,false,TRANSLATION_JUMP
1784909360.371800661,0.068997849,0.012490122,8.494410428,7.770642637,0.021018923,-0.158386774,-41.737097402,0.802616041,157.864455572,0.000815937,0.160484517,-2.518508985,-1.399807025,false,TRANSLATION_JUMP
1784909361.371803999,0.070093756,0.090854448,8.989595265,7.632412851,0.021018923,-0.158386774,-41.737097402,0.784107924,161.395382408,0.000796277,0.163900092,-2.888448580,-0.277996165,false,TRANSLATION_JUMP
1784909362.371723890,0.067956831,0.046897825,7.957294791,7.624414041,0.021018923,-0.158386774,-41.737097402,0.705878398,154.142945928,0.000716172,0.156390754,-3.309113010,-0.897662587,false,TRANSLATION_JUMP
1784909363.371881723,0.069941331,0.015706899,8.526204428,7.776920080,0.021018923,-0.158386774,-41.737097402,0.712206385,143.576355667,0.000721828,0.145515963,-3.488376703,-0.634618772,false,TRANSLATION_JUMP
1784909364.372016668,0.068934684,0.094354948,8.973571498,7.657564922,0.021018923,-0.158386774,-41.737097402,0.731718494,137.208551067,0.000740820,0.138915169,-3.595209351,-0.780179197,false,TRANSLATION_JUMP
1784909365.371824980,0.066894185,0.049886565,8.002956269,7.631945188,0.021018923,-0.158386774,-41.737097402,0.717118131,127.494115591,0.000725370,0.128961229,-3.510186564,-0.215864109,false,TRANSLATION_JUMP
1784909366.371815920,0.069550777,0.006207460,8.485622572,7.618464708,0.021018923,-0.158386774,-41.737097402,0.704865627,120.364365583,0.000712225,0.121620994,-3.784206086,-1.056120654,false,TRANSLATION_JUMP
1784909367.371838808,0.065750242,0.097032837,8.986764422,7.664131540,0.021018923,-0.158386774,-41.737097402,0.656707046,118.498132612,0.000662864,0.119609090,-2.443696022,-0.971244438,false,TRANSLATION_JUMP
1784909368.371858597,0.067643131,0.053377472,8.020769566,7.641546566,0.021018923,-0.158386774,-41.737097402,0.641457432,108.519657391,0.000646878,0.109436665,-1.938526665,-1.612996385,false,TRANSLATION_JUMP
1784909369.371695042,0.065204318,0.020315026,8.416845697,7.757523669,0.021018923,-0.158386774,-41.737097402,0.595451572,94.367314238,0.000599852,0.095064662,-3.504556161,-1.656326287,false,TRANSLATION_JUMP
1784909370.371793270,0.068710020,0.099622800,8.845633969,7.655221776,0.021018923,-0.158386774,-41.737097402,0.564568888,82.528729310,0.000568143,0.083051234,-4.478662646,-1.696906410,false,TRANSLATION_JUMP
1784909371.371798038,0.163349194,0.056484453,8.888161110,7.656299877,0.021018923,-0.158386774,-41.737097402,0.543248762,74.066113349,0.000546189,0.074466945,-4.745896433,-1.700963008,false,TRANSLATION_JUMP
1784909372.372178793,0.069487576,0.013048197,8.494914636,7.656388988,0.021018923,-0.158386774,-41.737097402,0.506558379,62.541904954,0.000508766,0.062814433,-3.231114565,-3.461716345,false,TRANSLATION_JUMP
1784909373.371819735,0.070586817,0.103712078,8.848568150,7.721305363,0.021018923,-0.158386774,-41.737097402,0.441471542,57.452178692,0.000442931,0.057642089,-0.313973259,-3.050484118,false,TRANSLATION_JUMP
1784909374.371882677,0.170264564,0.059695730,9.005914820,7.688618227,0.021018923,-0.158386774,-41.737097402,0.388030728,61.115984183,0.000388959,0.061262120,-2.671079640,-2.016913497,false,TRANSLATION_JUMP
1784909375.371814251,0.067970375,0.016175270,8.360431322,7.700899250,0.021018923,-0.158386774,-41.737097402,0.298011999,63.593715346,0.000298412,0.063679168,0.940665234,-0.810977533,false,TRANSLATION_JUMP
1784909376.371770620,0.067878949,0.106355245,8.814516388,7.737750685,0.021018923,-0.158386774,-41.737097402,0.296976624,66.176277901,0.000297065,0.066195976,-0.033999208,-0.885404445,false,TRANSLATION_JUMP
1784909377.371803999,0.068883578,0.062808619,8.039940685,7.731285943,0.021018923,-0.158386774,-41.737097402,0.297113718,66.894422547,0.000296929,0.066852766,0.095185841,-1.007110137,false,TRANSLATION_JUMP
1784909378.371849060,0.069293911,0.018594899,8.451462572,7.693098825,0.021018923,-0.158386774,-41.737097402,0.296519150,67.135800471,0.000296029,0.067024870,0.149935057,-0.931235074,false,TRANSLATION_JUMP
1784909379.371812105,0.069464523,0.109971430,8.851931347,7.749248203,0.021018923,-0.158386774,-41.737097402,0.301965809,66.881955897,0.000301153,0.066701929,0.156956719,-0.930537235,false,TRANSLATION_JUMP
1784909380.371797323,0.170260958,0.065818969,9.003350082,7.700413156,0.021018923,-0.158386774,-41.737097402,0.299175099,67.025867256,0.000298100,0.066784922,0.059618901,-0.962788308,false,TRANSLATION_JUMP
1784909381.371811628,0.069030487,0.021661397,8.428883943,7.671986136,0.021018923,-0.158386774,-41.737097402,0.299870125,66.893186491,0.000298482,0.066583464,0.025803903,-0.976908511,false,TRANSLATION_JUMP
1784909382.371841431,0.069614765,0.113446338,8.794260704,7.695501920,0.021018923,-0.158386774,-41.737097402,0.298372717,66.890535767,0.000296683,0.066511709,-0.001971186,-0.985648838,false,TRANSLATION_JUMP
1784909383.371825218,0.166958445,0.069361339,8.771540214,7.671370143,0.021018923,-0.158386774,-41.737097402,0.296437545,67.246822593,0.000294493,0.066805601,-0.039358312,-1.004008441,false,TRANSLATION_JUMP
1784909384.371812820,0.070628710,0.021834972,8.198101046,7.598522256,0.021018923,-0.158386774,-41.737097402,0.293920409,67.087646536,0.000291689,0.066578414,-0.079651630,-1.022668875,false,TRANSLATION_JUMP
1784909385.371810913,0.069970970,0.116543802,8.717087790,7.677521727,0.021018923,-0.158386774,-41.737097402,0.293671265,67.185468695,0.000291141,0.066606493,-0.047997452,-1.037350133,false,TRANSLATION_JUMP
1784909386.372486591,0.171897556,0.073122451,8.778975950,7.642069529,0.021018923,-0.158386774,-41.737097402,0.293415798,67.571905697,0.000290625,0.066929282,-0.059900507,-1.060484619,false,TRANSLATION_JUMP
1784909387.371819496,0.068898860,0.040013464,8.082490364,7.757494908,0.021018923,-0.158386774,-41.737097402,0.294969374,67.931024170,0.000291862,0.067215475,-0.080647937,-1.066553013,false,TRANSLATION_JUMP
1784909388.371798277,0.069914786,0.119278413,8.733747696,7.632872609,0.021018923,-0.158386774,-41.737097402,0.293895942,67.772570258,0.000290500,0.066989477,-0.097271898,-1.061770917,false,TRANSLATION_JUMP
1784909389.371815681,0.169302412,0.087527223,8.746870930,7.761830476,0.021018923,-0.158386774,-41.737097402,0.294364002,67.323080078,0.000290702,0.066485473,-0.102539945,-1.055050382,false,TRANSLATION_JUMP
1784909390.371810675,0.067363973,0.043304279,8.091774073,7.700461706,0.021018923,-0.158386774,-41.737097402,0.295875910,67.413194646,0.000291897,0.066506618,-0.121836315,-1.049074589,false,TRANSLATION_JUMP
1784909391.371829271,0.069649768,0.135263205,8.562508054,7.744567325,0.021018923,-0.158386774,-41.737097402,0.294394736,67.738442264,0.000290137,0.066758831,-0.148784663,-1.048794814,false,TRANSLATION_JUMP
1784909392.371809721,0.067595530,0.091008427,8.928551214,7.688318256,0.021018923,-0.158386774,-41.737097402,0.292896790,67.671304591,0.000288364,0.066624111,-0.131352581,-1.048066577,false,TRANSLATION_JUMP
1784909393.371808052,0.069740251,0.046966204,8.053472295,7.638424736,0.021018923,-0.158386774,-41.737097402,0.291178252,67.528364273,0.000286416,0.066423943,-0.133559351,-1.056572264,false,TRANSLATION_JUMP
1784909394.371801138,0.069399566,0.015472012,8.552720450,7.771798194,0.021018923,-0.158386774,-41.737097402,0.294021646,67.492393362,0.000288916,0.066320449,-0.115355870,-1.095898534,false,TRANSLATION_JUMP
1784909395.371839046,0.068368252,0.094223854,8.954312982,7.638888931,0.021018923,-0.158386774,-41.737097402,0.295226381,67.664966699,0.000289803,0.066421886,-0.110987658,-1.080917380,false,TRANSLATION_JUMP
1784909396.371953726,0.070501418,0.062568570,8.012772027,7.764619895,0.021018923,-0.158386774,-41.737097402,0.292185122,67.060786672,0.000286562,0.065770117,-0.130796124,-1.069086149,false,TRANSLATION_JUMP
1784909397.371806622,0.069715715,0.018695845,8.438460488,7.740889406,0.021018923,-0.158386774,-41.737097402,0.295195566,66.841369753,0.000289218,0.065487882,-0.118875971,-1.074565017,false,TRANSLATION_JUMP
1784909398.371852398,0.069488623,0.109774498,8.951790293,7.771969085,0.021018923,-0.158386774,-41.737097402,0.295936622,67.050409066,0.000289651,0.065626365,-0.132951404,-1.072960009,false,TRANSLATION_JUMP
1784909399.371799707,0.068681309,0.065739273,7.986097764,7.760840508,0.021018923,-0.158386774,-41.737097402,0.296235925,67.163461770,0.000289682,0.065677606,-0.105288247,-1.081640341,false,TRANSLATION_JUMP
1784909400.371869087,0.067052366,0.020357864,8.465442614,7.694420077,0.021018923,-0.158386774,-41.737097402,0.295220650,66.929465866,0.000288399,0.065383007,-0.103841649,-1.080182159,false,TRANSLATION_JUMP
1784909401.372097492,0.069304291,0.113292999,8.890762181,7.743562584,0.021018923,-0.158386774,-41.737097402,0.297444351,67.282918817,0.000290276,0.065661334,-0.083325985,-1.088410616,false,TRANSLATION_JUMP
1784909402.371897697,0.168059332,0.068496385,9.007044886,7.689306624,0.021018923,-0.158386774,-41.737097402,0.296482874,67.567070242,0.000289081,0.065880201,-0.082143507,-1.090264774,false,TRANSLATION_JUMP
1784909403.371969461,0.067801645,0.025055584,8.372424008,7.685307767,0.021018923,-0.158386774,-41.737097402,0.294467269,67.260278701,0.000286824,0.065514385,-0.092801776,-1.106384742,false,TRANSLATION_JUMP
1784909404.371845961,0.067125663,0.115688407,8.741862845,7.675836079,0.021018923,-0.158386774,-41.737097402,0.296286704,67.205594059,0.000288303,0.065394614,-0.086880928,-1.112309396,false,TRANSLATION_JUMP
1784909405.371798992,0.164934743,0.071635810,8.735256875,7.673774982,0.021018923,-0.158386774,-41.737097402,0.296717074,67.164449527,0.000288466,0.065296844,-0.087093724,-1.122208087,false,TRANSLATION_JUMP
1784909406.371812344,0.068654404,0.039737969,8.074409055,7.767254763,0.021018923,-0.158386774,-41.737097402,0.296057889,67.108367370,0.000287534,0.065176167,-0.096720538,-1.099999077,false,TRANSLATION_JUMP
1784909407.371835709,0.070029812,0.119205129,8.699162514,7.640133640,0.021018923,-0.158386774,-41.737097402,0.298366218,67.406770878,0.000289482,0.065399665,-0.086233378,-1.096213940,false,TRANSLATION_JUMP
1784909408.372028351,0.170102966,0.087478547,8.747608407,7.764208275,0.021018923,-0.158386774,-41.737097402,0.297756255,66.642210254,0.000288636,0.064600910,-0.078293676,-1.090860853,false,TRANSLATION_JUMP
1784909409.371829271,0.069488442,0.043475635,8.071652622,7.746483245,0.021018923,-0.158386774,-41.737097402,0.298286426,66.788782892,0.000288857,0.064677529,-0.076346389,-1.077909476,false,TRANSLATION_JUMP
1784909410.372326136,0.070079480,0.132110646,8.583483422,7.735687273,0.021018923,-0.158386774,-41.737097402,0.297421389,67.047277208,0.000287732,0.064863014,-0.105815281,-1.095272841,false,TRANSLATION_JUMP
1784909411.371793270,0.067859017,0.089617992,9.008398868,7.700448421,0.021018923,-0.158386774,-41.737097402,0.297581153,67.031132648,0.000287596,0.064782003,-0.091270933,-1.086406792,false,TRANSLATION_JUMP
1784909412.371796846,0.068859369,0.045804376,8.008635918,7.666812356,0.021018923,-0.158386774,-41.737097402,0.297073676,66.611706479,0.000286854,0.064320124,-0.078910523,-1.091554137,false,TRANSLATION_JUMP
1784909413.371924400,0.069427388,0.002741351,8.593697773,7.635601274,0.021018923,-0.158386774,-41.737097402,0.296322698,67.018972844,0.000285841,0.064648251,-0.075543219,-1.061674148,false,TRANSLATION_JUMP
1784909414.371794462,0.069468851,0.094053085,9.009895256,7.676724089,0.021018923,-0.158386774,-41.737097402,0.299105902,66.964958614,0.000288235,0.064531162,-0.073963070,-1.054213783,false,TRANSLATION_JUMP
1784909415.371797323,0.068063371,0.048877431,8.041570685,7.625646734,0.021018923,-0.158386774,-41.737097402,0.296520719,66.760541111,0.000285494,0.064277871,0.084192263,-1.206365902,false,TRANSLATION_JUMP
1784909416.371836901,0.067861315,0.017014977,8.462410959,7.750484396,0.021018923,-0.158386774,-41.737097402,0.298502177,67.027057260,0.000287113,0.064469670,-0.155646382,-1.599783918,false,TRANSLATION_JUMP
1784909417.371806145,0.071165407,0.109203731,9.008320576,7.789140688,0.021018923,-0.158386774,-41.737097402,0.299295664,67.733500611,0.000287591,0.065084572,-0.143413259,-0.947288462,false,TRANSLATION_JUMP
1784909418.371813297,0.069791057,0.065483521,8.027490153,7.767099260,0.021018923,-0.158386774,-41.737097402,0.295453766,76.491583592,0.000283648,0.073435141,-0.063056992,-0.916744723,false,TRANSLATION_JUMP
1784909419.371852875,0.072579982,0.021359772,8.515844650,7.739847949,0.021018923,-0.158386774,-41.737097402,0.294502219,77.642232477,0.000282451,0.074465175,-0.128593662,-0.984967939,false,TRANSLATION_JUMP
1784909420.372921228,0.070164650,0.113750213,8.817180190,7.771883099,0.021018923,-0.158386774,-41.737097402,0.275674872,72.392310978,0.000264133,0.069361458,0.579813441,-0.545292690,false,TRANSLATION_JUMP
1784909421.372099638,0.171245274,0.068420039,8.994814510,7.735441590,0.021018923,-0.158386774,-41.737097402,0.278082696,72.209017309,0.000266205,0.069124785,1.244133550,-0.945215050,false,TRANSLATION_JUMP
1784909422.371892929,0.069014928,0.024656050,8.414334594,7.739174164,0.021018923,-0.158386774,-41.737097402,0.277697097,73.482116239,0.000265571,0.070273314,0.504756079,-0.900907400,false,TRANSLATION_JUMP
1784909423.371817589,0.071343076,0.115704493,8.894059427,7.771728874,0.021018923,-0.158386774,-41.737097402,0.275200854,75.750550408,0.000262924,0.072371285,0.392874607,-0.703876224,false,TRANSLATION_JUMP
1784909424.371777773,0.168394667,0.070735558,8.955782076,7.728128374,0.021018923,-0.158386774,-41.737097402,0.276453563,78.413799341,0.000263889,0.074849858,0.249228928,-0.838804692,false,TRANSLATION_JUMP
1784909425.372704029,0.069807059,0.028350235,8.400255491,7.693337011,0.021018923,-0.158386774,-41.737097402,0.277936869,80.787025016,0.000265043,0.077039342,0.244171454,-0.901150184,false,TRANSLATION_JUMP
1784909426.371815443,0.068160485,0.118776956,8.761263669,7.740302988,0.021018923,-0.158386774,-41.737097402,0.280139936,83.857289096,0.000266879,0.079887647,-0.060072828,-0.824167681,false,TRANSLATION_JUMP
1784909427.371800900,0.168471373,0.074790355,8.884874242,7.702375972,0.021018923,-0.158386774,-41.737097402,0.281799622,87.412062891,0.000268228,0.083202104,0.034634830,-0.559513697,false,TRANSLATION_JUMP
1784909428.372326612,0.069869504,0.028487069,8.474759545,7.653128143,0.021018923,-0.158386774,-41.737097402,0.286731580,90.871749273,0.000272651,0.086409313,0.282635882,-0.803730467,false,TRANSLATION_JUMP
1784909429.371823311,0.070931264,0.120940940,8.800920183,7.704646937,0.021018923,-0.158386774,-41.737097402,0.291677002,94.478319580,0.000277079,0.089749672,0.271818480,-0.921329891,false,TRANSLATION_JUMP
1784909430.371818066,0.171243560,0.077677208,8.869214448,7.677281853,0.021018923,-0.158386774,-41.737097402,0.299517034,98.433759488,0.000284281,0.093426483,-0.651061079,-1.013861805,false,TRANSLATION_JUMP
1784909431.371842861,0.070311747,0.033408031,8.186441290,7.631033853,0.021018923,-0.158386774,-41.737097402,0.297428740,101.732261583,0.000282019,0.096461593,-1.450034750,-0.141499221,false,TRANSLATION_JUMP
1784909432.371854305,0.067643600,0.125300922,8.702386511,7.702915570,0.021018923,-0.158386774,-41.737097402,0.301935408,106.174607001,0.000286009,0.100574244,-1.338833371,-0.128453791,false,TRANSLATION_JUMP
1784909433.371816635,0.169179063,0.078994839,8.828555129,7.653321785,0.021018923,-0.158386774,-41.737097402,0.300814074,108.910072411,0.000284702,0.103076622,-0.966854818,0.571920473,false,TRANSLATION_JUMP
1784909434.371841192,0.068781025,0.036565734,8.194175923,7.665922949,0.021018923,-0.158386774,-41.737097402,0.306277369,112.389883519,0.000289586,0.106265092,-1.228731765,0.975537546,false,TRANSLATION_JUMP
1784909435.371815681,0.071704377,0.127148313,8.774637041,7.717985930,0.021018923,-0.158386774,-41.737097402,0.303655104,115.231573798,0.000286824,0.108844467,-1.542127300,1.433528666,false,TRANSLATION_JUMP
1784909436.371854544,0.166332344,0.084165617,8.710273066,7.726524415,0.021018923,-0.158386774,-41.737097402,0.305053237,116.700468978,0.000287894,0.110136126,-1.664875610,1.332297676,false,TRANSLATION_JUMP
1784909437.371837616,0.067879916,0.039798587,8.066319257,7.689978901,0.021018923,-0.158386774,-41.737097402,0.309244391,122.467895454,0.000291566,0.115466708,0.024164048,-1.119198399,false,TRANSLATION_JUMP
1784909438.371828794,0.067463972,0.131503314,8.706699340,7.763753143,0.021018923,-0.158386774,-41.737097402,0.297563886,124.425260610,0.000280277,0.117196847,0.210564591,0.098445716,false,TRANSLATION_JUMP
1784909439.371797323,0.169713883,0.086749839,8.764844153,7.728971960,0.021018923,-0.158386774,-41.737097402,0.323348498,123.117379113,0.000304300,0.115864397,0.275720987,-1.010876059,false,TRANSLATION_JUMP
1784909440.371878147,0.070679769,0.043682087,8.077168821,7.726007577,0.021018923,-0.158386774,-41.737097402,0.337834341,129.169095551,0.000317620,0.121440297,0.609917479,-3.014457616,false,TRANSLATION_JUMP
1784909441.372044563,0.068809732,0.134795093,8.549464842,7.761245118,0.021018923,-0.158386774,-41.737097402,0.324280220,134.288499772,0.000304582,0.126131040,1.497375173,-4.017239826,false,TRANSLATION_JUMP
1784909442.371818304,0.069430380,0.090370192,8.972353703,7.732222318,0.021018923,-0.158386774,-41.737097402,0.378911657,136.831964609,0.000355546,0.128394097,3.641519438,-2.951705415,false,TRANSLATION_JUMP
1784909443.371901512,0.070022862,0.046464958,7.997209681,7.693200068,0.021018923,-0.158386774,-41.737097402,0.390223478,140.401654422,0.000365848,0.131631337,1.307008978,-1.589553074,false,TRANSLATION_JUMP
1784909444.371774197,0.071089714,0.001287148,8.600781416,7.662161375,0.021018923,-0.158386774,-41.737097402,0.370607224,136.686839450,0.000347117,0.128023308,0.644659755,-1.470693575,false,TRANSLATION_JUMP
1784909445.371823549,0.070330307,0.093556804,9.018429642,7.694737720,0.021018923,-0.158386774,-41.737097402,0.360986223,132.314095635,0.000337776,0.123806662,0.578965510,-0.940364406,false,TRANSLATION_JUMP
1784909446.371886253,0.068767308,0.049938661,8.024757038,7.676644953,0.021018923,-0.158386774,-41.737097402,0.362721544,132.036649428,0.000339111,0.123442090,0.700357867,-0.827021477,false,TRANSLATION_JUMP
1784909447.371811867,0.068265307,0.005459203,8.484342286,7.655769035,0.021018923,-0.158386774,-41.737097402,0.368882433,135.281917606,0.000344535,0.126352778,0.583291758,-0.445242656,false,TRANSLATION_JUMP
1784909448.371868610,0.068676382,0.096999361,8.986959840,7.697830108,0.021018923,-0.158386774,-41.737097402,0.357031369,138.807961918,0.000333141,0.129519822,1.234972855,-1.001356046,false,TRANSLATION_JUMP
1784909449.371836901,0.065231606,0.052932939,8.007363412,7.673091991,0.021018923,-0.158386774,-41.737097402,0.359656943,142.110075862,0.000335307,0.132488617,-0.022320638,-0.250081956,false,TRANSLATION_JUMP
1784909450.371817112,0.068364013,0.008891258,8.490111261,7.635216454,0.021018923,-0.158386774,-41.737097402,0.349788806,146.638932950,0.000325790,0.136577920,-0.239757894,-0.209327120,false,TRANSLATION_JUMP
1784909451.371680737,0.066971495,0.099030844,8.785593801,7.667284915,0.021018923,-0.158386774,-41.737097402,0.339159656,148.579699146,0.000315583,0.138251089,-0.563387926,-0.163195972,false,TRANSLATION_JUMP
1784909452.371739626,0.169866376,0.055890866,8.978862841,7.667488003,0.021018923,-0.158386774,-41.737097402,0.340763312,150.637087847,0.000316807,0.140047008,-0.009117079,0.648361888,false,TRANSLATION_JUMP
1784909453.371817827,0.070577162,0.011937665,8.402665904,7.636181223,0.021018923,-0.158386774,-41.737097402,0.350585753,153.989830596,0.000325623,0.143025253,0.520896730,1.192749450,false,TRANSLATION_JUMP
1784909454.371799469,0.070680347,0.103300086,8.857934758,7.677863392,0.021018923,-0.158386774,-41.737097402,0.365397527,158.491138489,0.000339051,0.147063437,0.245311887,1.483636547,false,TRANSLATION_JUMP
1784909455.371841192,0.168454896,0.059180163,8.928349491,7.665192233,0.021018923,-0.158386774,-41.737097402,0.368064409,161.715488409,0.000341238,0.149928870,0.590170053,1.569128897,false,TRANSLATION_JUMP
1784909456.371812582,0.071257940,0.015417721,8.473486506,7.663788060,0.021018923,-0.158386774,-41.737097402,0.382139991,167.009466489,0.000353945,0.154687275,0.368025090,2.330679177,false,TRANSLATION_JUMP
1784909457.372202158,0.061673941,0.106565753,8.614860546,7.687425451,0.021018923,-0.158386774,-41.737097402,0.386036681,169.615824211,0.000357209,0.156949544,-0.283390274,2.254210756,false,TRANSLATION_JUMP
1784909458.371804476,0.168103585,0.062635423,8.933551771,7.692788377,0.021018923,-0.158386774,-41.737097402,0.390168855,172.361966853,0.000360729,0.159356629,-1.024147888,1.119235968,false,TRANSLATION_JUMP
1784909459.371822834,0.070186330,0.018687073,8.491048375,7.687622010,0.021018923,-0.158386774,-41.737097402,0.370560584,175.932870913,0.000342270,0.162501263,-0.007368209,0.209025446,false,TRANSLATION_JUMP
1784909460.371808529,0.072609071,0.109721699,9.022484203,7.758521426,0.021018923,-0.158386774,-41.737097402,0.378206108,176.096841944,0.000348995,0.162496024,1.044370527,0.524885875,false,TRANSLATION_JUMP
1784909461.371776342,0.069758275,0.065943572,7.999125523,7.745127277,0.021018923,-0.158386774,-41.737097402,0.379606181,176.253410710,0.000349990,0.162502366,1.131828789,0.264533771,false,TRANSLATION_JUMP
1784909462.371808290,0.067843202,0.019522870,8.406350707,7.673396827,0.021018923,-0.158386774,-41.737097402,0.375674179,174.092167475,0.000346035,0.160357194,0.139437602,0.824962159,false,TRANSLATION_JUMP
1784909463.371798277,0.069093221,0.112727035,8.869877643,7.740810356,0.021018923,-0.158386774,-41.737097402,0.378747055,175.063667353,0.000348531,0.161097134,0.501106298,1.701212566,false,TRANSLATION_JUMP
1784909464.371810675,0.169605516,0.068710147,9.006818328,7.750543908,0.021018923,-0.158386774,-41.737097402,0.373912021,176.128782795,0.000343790,0.161939986,-0.185131265,1.539236241,false,TRANSLATION_JUMP
1784909465.371753216,0.071391629,0.024501925,8.433099311,7.737316170,0.021018923,-0.158386774,-41.737097402,0.373141488,170.219759674,0.000342753,0.156356918,-0.704736682,1.662903237,false,TRANSLATION_JUMP
1784909466.372037649,0.069898518,0.103549073,8.810119862,7.619170400,0.021018923,-0.158386774,-41.737097402,0.372453728,165.650301167,0.000341793,0.152013807,-0.482762419,1.891996421,false,TRANSLATION_JUMP
1784909467.371816635,0.169032184,0.071912296,8.940179312,7.766889761,0.021018923,-0.158386774,-41.737097402,0.371296950,161.921022543,0.000340448,0.148467720,-0.177951381,1.652345520,false,TRANSLATION_JUMP
1784909468.371809483,0.069221630,0.027763611,8.456600987,7.735158472,0.021018923,-0.158386774,-41.737097402,0.369897196,158.694486309,0.000338840,0.145370107,-0.251055314,1.584125954,false,TRANSLATION_JUMP
1784909469.371848822,0.069204334,0.106738575,8.792468380,7.630916715,0.021018923,-0.158386774,-41.737097402,0.371022119,153.881928616,0.000339545,0.140826938,-0.635631808,1.632524745,false,TRANSLATION_JUMP
1784909470.371863127,0.169652242,0.073443853,8.991536493,7.746344121,0.021018923,-0.158386774,-41.737097402,0.370790142,150.722887391,0.000339051,0.137821296,-0.700997367,1.669660891,false,TRANSLATION_JUMP
1784909471.371807575,0.069655372,0.029352982,8.411133858,7.716507520,0.021018923,-0.158386774,-41.737097402,0.369881916,146.806467633,0.000337898,0.134112079,-0.818218604,1.676902051,false,TRANSLATION_JUMP
1784909472.371799231,0.067326650,0.109915706,8.759014275,7.630269043,0.021018923,-0.158386774,-41.737097402,0.371433119,144.454549116,0.000338992,0.131837806,-0.941458287,2.058657873,false,TRANSLATION_JUMP
1784909473.371798754,0.169580856,0.076716298,8.857014737,7.746409127,0.021018923,-0.158386774,-41.737097402,0.370535174,141.885771991,0.000337892,0.129386067,-1.102984368,2.032593540,false,TRANSLATION_JUMP
1784909474.371849775,0.068458539,0.034088871,8.205615087,7.732699639,0.021018923,-0.158386774,-41.737097402,0.365918122,137.717501268,0.000333364,0.125465560,-1.183985587,1.887088363,false,TRANSLATION_JUMP
1784909475.371815205,0.069884540,0.113268374,8.741891647,7.630588907,0.021018923,-0.158386774,-41.737097402,0.359052538,133.839821315,0.000326799,0.121816983,-1.323252339,1.759451368,false,TRANSLATION_JUMP
1784909476.371807575,0.170155081,0.078507318,8.744895032,7.730761813,0.021018923,-0.158386774,-41.737097402,0.357222917,131.060530070,0.000324865,0.119188749,-0.882622846,1.833157949,false,TRANSLATION_JUMP
1784909477.371801376,0.070610003,0.036824631,8.177954824,7.733433874,0.021018923,-0.158386774,-41.737097402,0.355986830,128.387549686,0.000323434,0.116647146,-0.951024839,1.909967655,false,TRANSLATION_JUMP
1784909478.371835470,0.071271540,0.116503784,8.710403674,7.635468144,0.021018923,-0.158386774,-41.737097402,0.355529237,126.591868407,0.000322712,0.114906692,-0.706739839,1.701580029,false,TRANSLATION_JUMP
1784909479.371835709,0.170562843,0.084777135,8.736081391,7.767893207,0.021018923,-0.158386774,-41.737097402,0.354688630,124.948909165,0.000321683,0.113321906,-0.639775773,1.083239424,false,TRANSLATION_JUMP
1784909480.371811628,0.069716819,0.037966799,8.078541168,7.701052877,0.021018923,-0.158386774,-41.737097402,0.348462042,127.229112003,0.000315737,0.115280762,-0.762305541,1.158629926,false,TRANSLATION_JUMP
1784909481.371816874,0.070434041,0.118188730,8.694271530,7.602025933,0.021018923,-0.158386774,-41.737097402,0.358659007,131.036076472,0.000324669,0.118617996,-0.643842023,3.119061051,false,TRANSLATION_JUMP
1784909482.371797562,0.170957789,0.087423932,8.802844153,7.765377778,0.021018923,-0.158386774,-41.737097402,0.371874374,134.808202294,0.000336356,0.121932347,-0.910251719,5.127061480,false,TRANSLATION_JUMP
1784909483.371822596,0.070737116,0.043601817,8.101673789,7.752895521,0.021018923,-0.158386774,-41.737097402,0.367229634,144.092976423,0.000331841,0.130207359,-0.153670079,3.979927005,false,TRANSLATION_JUMP
1784909484.371822834,0.067914061,0.121977991,8.659790170,7.652928607,0.021018923,-0.158386774,-41.737097402,0.369038547,151.056553425,0.000333162,0.136371210,-0.477697745,5.265529155,false,TRANSLATION_JUMP
1784909485.371828318,0.169876347,0.077972655,8.744655758,7.654192719,0.021018923,-0.158386774,-41.737097402,0.359714526,157.684772727,0.000324478,0.142238349,-0.685118612,4.876327289,false,TRANSLATION_JUMP
1784909486.371813774,0.067709988,0.034034744,8.154703098,7.650994524,0.021018923,-0.158386774,-41.737097402,0.346276821,163.625338936,0.000312063,0.147458132,-1.917048296,3.081484048,false,TRANSLATION_JUMP
1784909487.371877193,0.068077228,0.125535437,8.691307075,7.718318487,0.021018923,-0.158386774,-41.737097402,0.337191767,169.883724705,0.000303589,0.152954234,-2.173848392,2.211837077,false,TRANSLATION_JUMP
1784909488.371826410,0.170402831,0.081471137,8.702433740,7.722515178,0.021018923,-0.158386774,-41.737097402,0.327083671,177.410171140,0.000294245,0.159598290,-1.965280744,1.766761554,false,TRANSLATION_JUMP
1784909489.371829748,0.069936840,0.037698170,8.162339960,7.691612870,0.021018923,-0.158386774,-41.737097402,0.316391687,171.479546950,0.000284362,0.154120070,-1.981737501,1.465133089,false,TRANSLATION_JUMP
1784909490.371817589,0.068879267,0.129102439,8.717300827,7.757795897,0.021018923,-0.158386774,-41.737097402,0.301933781,161.732710497,0.000271114,0.145223681,-1.964604036,-0.241127678,false,TRANSLATION_JUMP
1784909491.371771574,0.168766093,0.084851509,8.758323360,7.738306066,0.021018923,-0.158386774,-41.737097402,0.299507517,152.335925775,0.000268713,0.136673012,-2.035156994,0.240302039,false,TRANSLATION_JUMP
1784909492.371817827,0.068317526,0.040022801,8.061548408,7.681995228,0.021018923,-0.158386774,-41.737097402,0.278106451,141.200995259,0.000249281,0.126565823,-2.358779729,0.484731569,false,TRANSLATION_JUMP
1784909493.371757746,0.071132194,0.130174626,8.729658752,7.711341770,0.021018923,-0.158386774,-41.737097402,0.284559186,136.058306650,0.000254827,0.121842140,0.286585715,0.861304732,false,TRANSLATION_JUMP
1784909494.371808290,0.167937354,0.086591640,8.736278396,7.679763095,0.021018923,-0.158386774,-41.737097402,0.284430280,135.698248305,0.000254504,0.121420851,0.298335300,0.779857283,false,TRANSLATION_JUMP
1784909495.371841192,0.070549805,0.044163376,8.108372952,7.670850649,0.021018923,-0.158386774,-41.737097402,0.293202868,133.169211435,0.000262109,0.119046710,0.695237709,0.370390104,false,TRANSLATION_JUMP
1784909496.371843576,0.062895694,0.135270277,8.437559248,7.693455030,0.021018923,-0.158386774,-41.737097402,0.290348776,131.291915879,0.000259315,0.117259066,-1.627812540,-0.679063858,false,TRANSLATION_JUMP
1784909497.371803761,0.068306713,0.090429494,8.962803251,7.679848376,0.021018923,-0.158386774,-41.737097402,0.287510262,112.505975008,0.000256541,0.100387421,0.020615901,0.097439297,false,TRANSLATION_JUMP
1784909498.371811390,0.066101899,0.047375415,7.987517588,7.677363953,0.021018923,-0.158386774,-41.737097402,0.290161473,106.942765946,0.000258697,0.095346014,0.665774439,0.165120944,false,TRANSLATION_JUMP
1784909499.371776581,0.068863955,0.003472741,8.548737553,7.671984415,0.021018923,-0.158386774,-41.737097402,0.292542284,100.571217548,0.000260577,0.089582120,0.832287123,0.310889907,false,TRANSLATION_JUMP
1784909500.371837139,0.069655751,0.094404588,8.963417310,7.690800596,0.021018923,-0.158386774,-41.737097402,0.292931709,100.094249354,0.000260682,0.089074442,0.682801140,0.029869246,false,TRANSLATION_JUMP
1784909501.371829033,0.070007622,0.050595322,7.976260187,7.671494052,0.021018923,-0.158386774,-41.737097402,0.288827285,92.945284049,0.000256821,0.082645692,0.782127343,-0.181435373,false,TRANSLATION_JUMP
1784909502.371791124,0.069476826,0.006094371,8.422560029,7.653110479,0.021018923,-0.158386774,-41.737097402,0.283574149,88.856982701,0.000251916,0.078937160,0.777468062,-0.218712835,false,TRANSLATION_JUMP
1784909503.371822596,0.068910326,0.097640164,8.833304455,7.692446752,0.021018923,-0.158386774,-41.737097402,0.284542261,85.301885807,0.000252542,0.075708724,1.097060630,-0.316078149,false,TRANSLATION_JUMP
1784909504.371820450,0.072358753,0.053688379,7.991560047,7.670798827,0.021018923,-0.158386774,-41.737097402,0.283673791,79.277244825,0.000251568,0.070304845,1.051143821,-0.253260666,false,TRANSLATION_JUMP
1784909505.371804237,0.069129530,0.009147928,8.385775835,7.643244484,0.021018923,-0.158386774,-41.737097402,0.285255191,72.368449516,0.000252737,0.064118660,1.263136252,-0.202256948,false,TRANSLATION_JUMP
1784909506.371808290,0.067505605,0.099853907,8.792735718,7.663036362,0.021018923,-0.158386774,-41.737097402,0.287324719,62.169797703,0.000254335,0.055031725,0.566764295,-0.506673986,false,TRANSLATION_JUMP
1784909507.371806860,0.068691161,0.056694992,8.000481149,7.664954007,0.021018923,-0.158386774,-41.737097402,0.291300590,52.381885186,0.000257647,0.046330345,-0.401910213,-1.156003116,false,TRANSLATION_JUMP
1784909508.371829271,0.067612865,0.012936632,8.402820226,7.638180784,0.021018923,-0.158386774,-41.737097402,0.303347708,48.425124984,0.000268055,0.042791184,-0.487131574,-1.302071070,false,TRANSLATION_JUMP
1784909509.371811867,0.070415347,0.103874853,8.799262032,7.688241263,0.021018923,-0.158386774,-41.737097402,0.301049824,53.990655464,0.000265779,0.047665228,-0.152521718,-1.074351525,false,TRANSLATION_JUMP
1784909510.371771574,0.167246958,0.059772475,8.894374176,7.668061893,0.021018923,-0.158386774,-41.737097402,0.297856949,52.724743614,0.000262750,0.046510318,1.199710406,-0.592399922,false,TRANSLATION_JUMP
1784909511.371802807,0.071095996,0.016115911,8.416643025,7.636327586,0.021018923,-0.158386774,-41.737097402,0.303863127,48.154603056,0.000267802,0.042439757,1.954871396,0.227233385,false,TRANSLATION_JUMP
1784909512.371818066,0.067870625,0.106823170,8.729346547,7.685984149,0.021018923,-0.158386774,-41.737097402,0.329733466,41.914535786,0.000290335,0.036906283,3.829593122,-1.229307688,false,TRANSLATION_JUMP
1784909513.371745348,0.168697757,0.063196068,8.817512674,7.646451291,0.021018923,-0.158386774,-41.737097402,0.299626829,31.988352840,0.000263614,0.028143627,1.875090307,-0.145268288,false,TRANSLATION_JUMP
1784909514.371797085,0.067705051,0.027718765,8.332476805,7.704733822,0.021018923,-0.158386774,-41.737097402,0.282720879,21.453679573,0.000248512,0.018857811,2.433914134,-0.726291881,false,TRANSLATION_JUMP
1784909515.371861935,0.069214719,0.122127563,8.759105975,7.768496409,0.021018923,-0.158386774,-41.737097402,0.278986594,7.691490433,0.000245007,0.006754704,0.568815315,0.436183420,false,TRANSLATION_JUMP
1784909516.371813774,0.167884963,0.076576814,8.816797046,7.716112746,0.021018923,-0.158386774,-41.737097402,0.272182533,4.399906797,0.000238839,0.003860896,-0.608462904,2.082645292,false,TRANSLATION_JUMP
1784909517.371791601,0.069516886,0.034390897,8.147690940,7.691751554,0.021018923,-0.158386774,-41.737097402,0.290889984,6.833336205,0.000255024,0.005990794,-1.671436094,-1.349886788,false,TRANSLATION_JUMP
1784909518.371805191,0.064890923,0.124301047,8.662543335,7.733692875,0.021018923,-0.158386774,-41.737097402,0.290184337,5.594325579,0.000254172,0.004900068,-1.112824183,-0.815746539,false,TRANSLATION_JUMP
1784909519.371799707,0.165729668,0.080803852,8.734879374,7.685186153,0.021018923,-0.158386774,-41.737097402,0.282954411,4.416532023,0.000247643,0.003865362,0.433398751,-1.072791177,false,TRANSLATION_JUMP
1784909520.372695446,0.070094276,0.037882953,8.187926087,7.666263562,0.021018923,-0.158386774,-41.737097402,0.279654403,21.091606986,0.000244531,0.018442585,0.865583494,-1.088722520,false,TRANSLATION_JUMP
1784909521.371824980,0.070003665,0.006008946,8.738540887,7.783531282,0.021018923,-0.158386774,-41.737097402,0.291518084,35.914333685,0.000254672,0.031374992,1.034539468,-1.128257203,false,TRANSLATION_JUMP
1784909522.371815443,0.070443351,0.095862690,9.040242598,7.776840741,0.021018923,-0.158386774,-41.737097402,0.301601489,40.198340851,0.000263244,0.035085905,0.131073142,-1.485672770,false,TRANSLATION_JUMP
1784909523.372831821,0.071255926,0.052377828,8.003282037,7.718529359,0.021018923,-0.158386774,-41.737097402,0.301864541,39.873383400,0.000263262,0.034774319,-0.060569362,-1.371212179,false,TRANSLATION_JUMP
1784909524.372066498,0.070087647,0.009266373,8.437968943,7.692792704,0.021018923,-0.158386774,-41.737097402,0.300709844,39.875859257,0.000262019,0.034745218,-0.097935674,-1.303053574,false,TRANSLATION_JUMP
1784909525.371795893,0.067082610,0.099227304,8.802595723,7.719708518,0.021018923,-0.158386774,-41.737097402,0.301897345,39.743400045,0.000262814,0.034598315,-0.100160427,-1.272738797,false,TRANSLATION_JUMP
1784909526.372223377,0.169619489,0.056501700,8.977313515,7.688148806,0.021018923,-0.158386774,-41.737097402,0.302520397,39.683165967,0.000263149,0.034518580,-0.121181196,-1.269470545,false,TRANSLATION_JUMP
1784909527.371748686,0.069442851,0.012528800,8.409679875,7.642842871,0.021018923,-0.158386774,-41.737097402,0.302259789,39.980429927,0.000262683,0.034745604,-0.147750429,-1.275595732,false,TRANSLATION_JUMP
1784909528.371813297,0.067598908,0.103571769,8.811489454,7.673476242,0.021018923,-0.158386774,-41.737097402,0.300787671,39.763601563,0.000261167,0.034525840,-0.157619985,-1.288249467,false,TRANSLATION_JUMP
1784909529.371813297,0.169026232,0.071169686,8.980171896,7.765697261,0.021018923,-0.158386774,-41.737097402,0.303113986,39.792110266,0.000262979,0.034523346,-0.150726827,-1.314516735,false,TRANSLATION_JUMP
1784909530.371846199,0.069656908,0.027162489,8.471911343,7.733688634,0.021018923,-0.158386774,-41.737097402,0.304269737,39.929556337,0.000263743,0.034611245,-0.163017998,-1.326131957,false,TRANSLATION_JUMP
1784909531.371804714,0.068660057,0.118414997,8.769715473,7.759885990,0.021018923,-0.158386774,-41.737097402,0.304486238,39.503354173,0.000263695,0.034211199,-0.156992808,-1.318085705,false,TRANSLATION_JUMP
1784909532.371809006,0.169901420,0.075145318,8.974478633,7.725401988,0.021018923,-0.158386774,-41.737097402,0.305249773,39.273319085,0.000264149,0.033985253,-0.142979283,-1.331858108,false,TRANSLATION_JUMP
1784909533.371799469,0.069453595,0.030259009,8.439872227,7.676700434,0.021018923,-0.158386774,-41.737097402,0.305214675,39.170909085,0.000263880,0.033866039,-0.161041836,-1.338525584,false,TRANSLATION_JUMP
1784909534.371792555,0.066820131,0.121457110,8.710402404,7.685581333,0.021018923,-0.158386774,-41.737097402,0.305007731,39.261355010,0.000263463,0.033913620,-0.164217917,-1.364621355,false,TRANSLATION_JUMP
1784909535.371794701,0.172008811,0.078051080,8.809300965,7.643537846,0.021018923,-0.158386774,-41.737097402,0.305126724,39.249459615,0.000263359,0.033876749,-0.157993611,-1.388496835,false,TRANSLATION_JUMP
1784909536.371801615,0.068275484,0.046289385,8.070891884,7.755211641,0.021018923,-0.158386774,-41.737097402,0.305251246,38.980899412,0.000263229,0.033614646,-0.148360588,-1.414999059,false,TRANSLATION_JUMP
1784909537.371800423,0.068971558,0.002186352,8.592751952,7.692813246,0.021018923,-0.158386774,-41.737097402,0.305401306,38.942561713,0.000263125,0.033551755,-0.161711032,-1.415257767,false,TRANSLATION_JUMP
1784909538.371789455,0.068777670,0.093673956,8.987289918,7.708217676,0.021018923,-0.158386774,-41.737097402,0.306416402,39.169067328,0.000263762,0.033716580,-0.157638886,-1.421590715,false,TRANSLATION_JUMP
1784909539.371800661,0.067946503,0.049719219,7.975062636,7.679412851,0.021018923,-0.158386774,-41.737097402,0.303565848,39.095812002,0.000261104,0.033627211,-0.170966425,-1.428960670,false,TRANSLATION_JUMP
1784909540.371801615,0.068953874,0.018104599,8.560072353,7.777213297,0.021018923,-0.158386774,-41.737097402,0.301592246,39.020756774,0.000259174,0.033532545,-0.211568777,-1.481908846,false,TRANSLATION_JUMP
1784909541.372024298,0.067065633,0.109289684,8.918978370,7.803880833,0.021018923,-0.158386774,-41.737097402,0.302187035,39.039940521,0.000259455,0.033519310,-0.052814502,-1.173598938,false,TRANSLATION_JUMP
1784909542.371901751,0.070821801,0.065406707,7.986723482,7.759060475,0.021018923,-0.158386774,-41.737097402,0.303226535,39.340908414,0.000260142,0.033751024,-0.039901129,-1.247131285,false,TRANSLATION_JUMP
1784909543.371819973,0.069851839,0.020212248,8.470228008,7.674888421,0.021018923,-0.158386774,-41.737097402,0.302902370,39.120102626,0.000259634,0.033531911,-0.062253091,-1.265239629,false,TRANSLATION_JUMP
1784909544.371822357,0.069663802,0.112324390,8.735358431,7.699425417,0.021018923,-0.158386774,-41.737097402,0.303990284,39.257470443,0.000260333,0.033619577,-0.072411615,-1.296575537,false,TRANSLATION_JUMP
1784909545.371815681,0.170981225,0.068251302,8.859209676,7.649689247,0.021018923,-0.158386774,-41.737097402,0.304355471,39.541065280,0.000260443,0.033836102,-0.077565613,-1.295814522,false,TRANSLATION_JUMP
1784909546.371849775,0.070606303,0.036580901,8.173627055,7.768396020,0.021018923,-0.158386774,-41.737097402,0.304197987,39.594412113,0.000260076,0.033851513,-0.085135986,-1.288950662,false,TRANSLATION_JUMP
1784909547.371820450,0.068727506,0.127164897,8.701063499,7.770358741,0.021018923,-0.158386774,-41.737097402,0.301953744,39.444431892,0.000257930,0.033693565,-0.077682378,-1.289457739,false,TRANSLATION_JUMP
1784909548.371842861,0.168706967,0.081644973,8.741253331,7.698884867,0.021018923,-0.158386774,-41.737097402,0.302518003,39.180048050,0.000258211,0.033441767,-0.066338519,-1.273767144,false,TRANSLATION_JUMP
1784909549.371835470,0.068447617,0.039516292,8.052121021,7.659987702,0.021018923,-0.158386774,-41.737097402,0.303098846,39.216209339,0.000258477,0.033442821,-0.067899784,-1.260010274,false,TRANSLATION_JUMP
1784909550.371847153,0.069115284,0.008107170,8.702106649,7.774851367,0.021018923,-0.158386774,-41.737097402,0.303991222,39.346433332,0.000259007,0.033524039,-0.074968592,-1.255201809,false,TRANSLATION_JUMP
1784909551.371799231,0.067459951,0.099037296,8.976434255,7.784295633,0.021018923,-0.158386774,-41.737097402,0.303461777,39.026514081,0.000258329,0.033222253,-0.073582083,-1.253715230,false,TRANSLATION_JUMP
1784909552.371801615,0.064679024,0.055405391,7.988278558,7.714696604,0.021018923,-0.158386774,-41.737097402,0.303297692,39.001020727,0.000257990,0.033174885,-0.068592157,-1.249767954,false,TRANSLATION_JUMP
1784909553.371810913,0.067979619,0.010980597,8.403883489,7.670373547,0.021018923,-0.158386774,-41.737097402,0.303620064,38.992411347,0.000258035,0.033138135,-0.083121663,-1.249241974,false,TRANSLATION_JUMP
1784909554.371816874,0.066980173,0.100591427,8.780485315,7.675352280,0.021018923,-0.158386774,-41.737097402,0.303860289,39.277212887,0.000258010,0.033350585,-0.082202160,-1.245816005,false,TRANSLATION_JUMP
1784909555.371792316,0.167932805,0.056560726,8.942393679,7.624991267,0.021018923,-0.158386774,-41.737097402,0.303110354,38.792528666,0.000257175,0.032913620,-0.076604944,-1.230096869,false,TRANSLATION_JUMP
1784909556.371846437,0.070953898,0.026195714,8.404927370,7.750241107,0.021018923,-0.158386774,-41.737097402,0.302787713,39.166182742,0.000256674,0.033201255,-0.090292368,-1.212026821,false,TRANSLATION_JUMP
1784909557.371819735,0.069843157,0.117929361,8.808290697,7.785156370,0.021018923,-0.158386774,-41.737097402,0.303620424,39.243815333,0.000257155,0.033238002,-0.092648460,-1.206534190,false,TRANSLATION_JUMP
1784909558.371814489,0.167955789,0.073732530,8.933358947,7.720312373,0.021018923,-0.158386774,-41.737097402,0.302942235,39.031809102,0.000256382,0.033032935,-0.092472593,-1.211360555,false,TRANSLATION_JUMP
1784909559.371798515,0.067948601,0.028790975,8.392658538,7.668521848,0.021018923,-0.158386774,-41.737097402,0.302144132,38.691584333,0.000255482,0.032716170,-0.097085907,-1.201089416,false,TRANSLATION_JUMP
1784909560.371803999,0.067798824,0.119543992,8.729670425,7.671040420,0.021018923,-0.158386774,-41.737097402,0.301698104,38.597434831,0.000254880,0.032607773,-0.105448776,-1.193621899,false,TRANSLATION_JUMP
1784909561.371753216,0.170284089,0.075856365,8.804164121,7.627754037,0.021018923,-0.158386774,-41.737097402,0.302955965,38.915362948,0.000255746,0.032851139,-0.097493704,-1.195622200,false,TRANSLATION_JUMP
1784909562.371808052,0.069296233,0.045163334,8.068318140,7.768125969,0.021018923,-0.158386774,-41.737097402,0.302864489,38.904708200,0.000255444,0.032813227,-0.110237445,-1.202790335,false,TRANSLATION_JUMP
1784909563.371755362,0.069516103,0.000402760,8.549353334,7.698534476,0.021018923,-0.158386774,-41.737097402,0.302564751,38.747027707,0.000254969,0.032651827,-0.097789298,-1.200649649,false,TRANSLATION_JUMP
1784909564.371875525,0.067565824,0.092290483,8.964786245,7.738795277,0.021018923,-0.158386774,-41.737097402,0.303823143,38.583821830,0.000255804,0.032485713,-0.083511494,-1.224199222,false,TRANSLATION_JUMP
1784909565.371807814,0.069534697,0.048319520,8.030276542,7.691554259,0.021018923,-0.158386774,-41.737097402,0.304539959,38.376042873,0.000256212,0.032286067,-0.082936769,-1.235890624,false,TRANSLATION_JUMP
1784909566.371799946,0.069982827,0.016852674,8.520751631,7.794241316,0.021018923,-0.158386774,-41.737097402,0.303665991,38.367617275,0.000255252,0.032250637,-0.089502988,-1.225452226,false,TRANSLATION_JUMP
1784909567.371809959,0.070128030,0.094375782,8.976654179,7.634915429,0.021018923,-0.158386774,-41.737097402,0.303578039,38.339341097,0.000254955,0.032198626,-0.085083723,-1.217672672,false,TRANSLATION_JUMP
1784909568.371821404,0.071839439,0.062892324,8.015438459,7.756427569,0.021018923,-0.158386774,-41.737097402,0.303871017,38.612391560,0.000255006,0.032403207,-0.074137672,-1.230098385,false,TRANSLATION_JUMP
1784909569.371817827,0.068054197,0.019535434,8.423249474,7.699254029,0.021018923,-0.158386774,-41.737097402,0.304204078,38.713605051,0.000255065,0.032460046,-0.085783928,-1.234426664,false,TRANSLATION_JUMP
1784909570.371810675,0.070320327,0.111120957,8.873994153,7.714552373,0.021018923,-0.158386774,-41.737097402,0.302689688,38.409907200,0.000253573,0.032177241,-0.083533301,-1.221742106,false,TRANSLATION_JUMP
1784909571.371788263,0.169829132,0.067004012,8.871954800,7.671883875,0.021018923,-0.158386774,-41.737097402,0.303136481,38.215153720,0.000253754,0.031989729,-0.072123754,-1.220050204,false,TRANSLATION_JUMP
1784909572.371823549,0.069118050,0.035177571,8.190935763,7.768666691,0.021018923,-0.158386774,-41.737097402,0.302769716,38.699594312,0.000253226,0.032366967,-0.091446035,-1.225393901,false,TRANSLATION_JUMP
1784909573.371813297,0.070015403,0.114117293,8.753255768,7.637061976,0.021018923,-0.158386774,-41.737097402,0.303273777,38.857928943,0.000253426,0.032471042,-0.091751819,-1.216072648,false,TRANSLATION_JUMP
1784909574.371808290,0.168218596,0.077729795,8.777090992,7.689415968,0.021018923,-0.158386774,-41.737097402,0.301997166,38.556621804,0.000252168,0.032194805,-0.070807512,-1.223446712,false,TRANSLATION_JUMP
1784909575.371795893,0.066182993,0.038094370,8.205146690,7.691714669,0.021018923,-0.158386774,-41.737097402,0.301821886,38.644716871,0.000251805,0.032240590,-0.075511672,-1.217580199,false,TRANSLATION_JUMP
1784909576.371811390,0.066816142,0.127846875,8.675726315,7.686274853,0.021018923,-0.158386774,-41.737097402,0.305021505,38.673490200,0.000254252,0.032236505,-0.085473635,-1.214078739,false,TRANSLATION_JUMP
1784909577.371788263,0.170274895,0.085638078,8.792315599,7.658320169,0.021018923,-0.158386774,-41.737097402,0.303349181,38.735552620,0.000252667,0.032263742,-0.059145627,-1.220131754,false,TRANSLATION_JUMP
1784909578.371816874,0.071196590,0.053919970,8.075849377,7.771100298,0.021018923,-0.158386774,-41.737097402,0.304529339,38.828200574,0.000253430,0.032312881,-0.069390246,-1.229827530,false,TRANSLATION_JUMP
1784909579.371814251,0.069283460,0.009900357,8.707614652,7.708698249,0.021018923,-0.158386774,-41.737097402,0.303228421,38.513809095,0.000252131,0.032023746,-0.074355813,-1.210288055,false,TRANSLATION_JUMP
1784909580.372267485,0.071083831,0.101150568,8.893812165,7.706897855,0.021018923,-0.158386774,-41.737097402,0.303838277,38.886934518,0.000252419,0.032305951,-0.064912910,-1.201515839,false,TRANSLATION_JUMP
1784909581.371798992,0.167290785,0.057112991,9.024246390,7.675645879,0.021018923,-0.158386774,-41.737097402,0.304012287,39.221188617,0.000252373,0.032559055,-0.073276901,-1.198648237,false,TRANSLATION_JUMP
1784909582.371806383,0.068671533,0.147992314,8.449611282,7.693497852,0.021018923,-0.158386774,-41.737097402,0.302888051,38.678973062,0.000251222,0.032081137,-0.090895696,-1.191814142,false,TRANSLATION_JUMP
1784909583.371937275,0.069127108,0.104099903,8.688422117,7.437908969,0.021018923,-0.158386774,-41.737097402,0.302008603,38.755737238,0.000250275,0.032116997,-0.087705562,-1.184549219,false,TRANSLATION_JUMP
1784909584.371808767,0.168677454,0.072532481,8.935817468,7.717265879,0.021018923,-0.158386774,-41.737097402,0.301235251,38.884906534,0.000249447,0.032199791,-0.084218978,-1.191208899,false,TRANSLATION_JUMP
1784909585.371815205,0.068997016,0.027919754,8.406640805,7.684708257,0.021018923,-0.158386774,-41.737097402,0.301173990,38.845268285,0.000249183,0.032139509,-0.094040062,-1.196895040,false,TRANSLATION_JUMP
1784909586.371775389,0.068819387,0.119539894,8.770883086,7.706661203,0.021018923,-0.158386774,-41.737097402,0.300699886,38.715702972,0.000248576,0.032004659,-0.087595349,-1.198406455,false,TRANSLATION_JUMP
1784909587.371816635,0.169469475,0.075521335,8.852927814,7.648510558,0.021018923,-0.158386774,-41.737097402,0.301058073,38.579827230,0.000248685,0.031868395,-0.072627363,-1.193540345,false,TRANSLATION_JUMP
1784909588.371823788,0.069256777,0.044163819,8.081693714,7.771064038,0.021018923,-0.158386774,-41.737097402,0.301671672,38.573372350,0.000248978,0.031835611,-0.079642650,-1.198295524,false,TRANSLATION_JUMP
1784909589.371828794,0.070478092,0.135197977,8.583252069,7.776503184,0.021018923,-0.158386774,-41.737097402,0.302749798,38.803284234,0.000249655,0.031998119,-0.086690938,-1.191176834,false,TRANSLATION_JUMP
1784909590.371793509,0.070693611,0.091152233,8.976903476,7.737297567,0.021018923,-0.158386774,-41.737097402,0.302339867,38.312627303,0.000249102,0.031566335,-0.071574029,-1.203121974,false,TRANSLATION_JUMP
1784909591.371798038,0.071096537,0.047013284,8.026370941,7.684283225,0.021018923,-0.158386774,-41.737097402,0.302748476,38.404451156,0.000249252,0.031618301,-0.081705267,-1.205151471,false,TRANSLATION_JUMP
1784909592.371827126,0.069345056,0.002325150,8.515003465,7.628420302,0.021018923,-0.158386774,-41.737097402,0.303320441,38.577617182,0.000249509,0.031733603,-0.092959091,-1.201825936,false,TRANSLATION_JUMP
1784909593.371808767,0.071087909,0.093894217,8.993957311,7.647621153,0.021018923,-0.158386774,-41.737097402,0.302652056,38.606325768,0.000248745,0.031729972,-0.092865530,-1.195741522,false,TRANSLATION_JUMP
1784909594.371883154,0.070785242,0.062565904,8.022342657,7.760076387,0.021018923,-0.158386774,-41.737097402,0.302742630,38.309313231,0.000248634,0.031462356,-0.087056539,-1.200091562,false,TRANSLATION_JUMP
1784909595.371804237,0.068806760,0.018189009,8.446923820,7.692856980,0.021018923,-0.158386774,-41.737097402,0.303174159,38.483206394,0.000248778,0.031578415,-0.093254868,-1.201070984,false,TRANSLATION_JUMP
1784909596.371867657,0.068309148,0.109037597,8.747624800,7.690476612,0.021018923,-0.158386774,-41.737097402,0.305360587,38.308207704,0.000250357,0.031407913,-0.074687058,-1.206891326,false,TRANSLATION_JUMP
1784909597.371799469,0.163449016,0.065700203,8.753964874,7.646805577,0.021018923,-0.158386774,-41.737097402,0.305110256,38.542219577,0.000249966,0.031576242,-0.083788933,-1.206415019,false,TRANSLATION_JUMP
1784909598.371798992,0.069552668,0.032370425,8.112596234,7.745551283,0.021018923,-0.158386774,-41.737097402,0.304599476,38.122012647,0.000249334,0.031205291,-0.084441694,-1.212435706,false,TRANSLATION_JUMP
1784909599.371871710,0.068183945,0.125110032,8.700914422,7.773020289,0.021018923,-0.158386774,-41.737097402,0.304672359,37.838149378,0.000249183,0.030946792,-0.090190543,-1.206770547,false,TRANSLATION_JUMP
1784909600.371794939,0.158146070,0.077979932,8.632517594,7.700760715,0.021018923,-0.158386774,-41.737097402,0.304989616,38.151495559,0.000249255,0.031179582,-0.093171840,-1.202884217,false,TRANSLATION_JUMP
1784909601.371794939,0.071301596,0.036771873,8.164018987,7.674965746,0.021018923,-0.158386774,-41.737097402,0.304764586,38.252547494,0.000248861,0.031235830,-0.089921968,-1.201628495,false,TRANSLATION_JUMP
1784909602.371824503,0.067797649,0.005611485,8.676999895,7.795685796,0.021018923,-0.158386774,-41.737097402,0.304335523,37.734524990,0.000248299,0.030786582,-0.090139239,-1.199261036,false,TRANSLATION_JUMP
1784909603.371826410,0.168958411,0.084501715,8.716130653,7.641853975,0.021018923,-0.158386774,-41.737097402,0.304841767,38.175495066,0.000248528,0.031123277,-0.085997400,-1.201459058,false,TRANSLATION_JUMP
1784909604.372633696,0.069414132,0.053560752,8.065648254,7.773557375,0.021018923,-0.158386774,-41.737097402,0.306220794,38.054139940,0.000249440,0.030997963,-0.087888024,-1.216104313,false,TRANSLATION_JUMP
1784909605.371815443,0.069606967,0.008483949,8.522168159,7.698338841,0.021018923,-0.158386774,-41.737097402,0.305920796,37.931376288,0.000248986,0.030872015,-0.076791617,-1.226740134,false,TRANSLATION_JUMP
1784909606.371833563,0.070037374,0.099285817,8.859228004,7.703185463,0.021018923,-0.158386774,-41.737097402,0.306582892,37.957601738,0.000249313,0.030867125,-0.058153561,-1.227500937,false,TRANSLATION_JUMP
1784909607.371822596,0.170540933,0.055581477,9.021446165,7.670606158,0.021018923,-0.158386774,-41.737097402,0.306050971,38.243949841,0.000248697,0.031077024,-0.069729706,-1.237597279,false,TRANSLATION_JUMP
1784909608.371815443,0.069748708,0.023702107,8.456748047,7.783248565,0.021018923,-0.158386774,-41.737097402,0.305053916,38.229971579,0.000247677,0.031039321,-0.079076006,-1.227491325,false,TRANSLATION_JUMP
1784909609.371738911,0.068646263,0.102928986,8.853490185,7.641330983,0.021018923,-0.158386774,-41.737097402,0.304700119,38.188506728,0.000247180,0.030979409,-0.061422459,-1.215198119,false,TRANSLATION_JUMP
1784909610.372037411,0.169053397,0.071450895,8.961602966,7.747281858,0.021018923,-0.158386774,-41.737097402,0.304177198,37.957990725,0.000246574,0.030769722,-0.068754651,-1.204063939,false,TRANSLATION_JUMP
1784909611.371812344,0.069122449,0.026927239,8.400650799,7.689317689,0.021018923,-0.158386774,-41.737097402,0.304769319,38.058881250,0.000246847,0.030825727,-0.068926377,-1.181861848,false,TRANSLATION_JUMP
1784909612.371832848,0.070420802,0.118297201,8.808485320,7.704847658,0.021018923,-0.158386774,-41.737097402,0.305966659,38.332547694,0.000247608,0.031021150,-0.081675665,-1.186198533,false,TRANSLATION_JUMP
1784909613.371806860,0.169744511,0.074005860,8.847401718,7.679204845,0.021018923,-0.158386774,-41.737097402,0.305389434,38.274239036,0.000246959,0.030951195,-0.079308340,-1.197469358,false,TRANSLATION_JUMP
1784909614.371829987,0.070167950,0.042693026,8.086699400,7.780107180,0.021018923,-0.158386774,-41.737097402,0.304828854,37.951980986,0.000246298,0.030664690,-0.073254874,-1.186044700,false,TRANSLATION_JUMP
1784909615.371821642,0.071268951,0.132596156,8.642129645,7.771670930,0.021018923,-0.158386774,-41.737097402,0.305061773,38.154285839,0.000246281,0.030802495,-0.063514921,-1.170825116,false,TRANSLATION_JUMP
1784909616.371720076,0.169646383,0.089544222,8.765585996,7.708732597,0.021018923,-0.158386774,-41.737097402,0.305827124,38.549973519,0.000246718,0.031099123,-0.059166764,-1.149171539,false,TRANSLATION_JUMP
1784909617.371821880,0.069401858,0.045971714,8.071940439,7.675723750,0.021018923,-0.158386774,-41.737097402,0.304563009,38.354941796,0.000245491,0.030915697,-0.060788314,-1.131966754,false,TRANSLATION_JUMP
1784909618.371819973,0.069925766,0.014159175,8.545733319,7.769933873,0.021018923,-0.158386774,-41.737097402,0.304583608,38.132219886,0.000245301,0.030710378,-0.059741526,-1.124630862,false,TRANSLATION_JUMP
1784909619.371803045,0.069774822,0.105262899,8.962216933,7.773890808,0.021018923,-0.158386774,-41.737097402,0.305032649,38.034604765,0.000245459,0.030606331,-0.056270014,-1.108640998,false,TRANSLATION_JUMP
1784909620.371794701,0.169366996,0.060432871,9.024861212,7.689832093,0.021018923,-0.158386774,-41.737097402,0.305741985,37.944631884,0.000245850,0.030511618,-0.053287412,-1.103761206,false,TRANSLATION_JUMP
1784909621.371799946,0.069306489,0.017009493,8.493043195,7.642976848,0.021018923,-0.158386774,-41.737097402,0.305932147,37.569269420,0.000245796,0.030184448,-0.054835608,-1.105465694,false,TRANSLATION_JUMP
1784909622.371801615,0.069192026,0.108488014,8.769896212,7.649542441,0.021018923,-0.158386774,-41.737097402,0.306711428,37.751102849,0.000246216,0.030305119,-0.041862782,-1.104232505,false,TRANSLATION_JUMP
1784909623.371862173,0.170712813,0.075499956,8.811206210,7.753142060,0.021018923,-0.158386774,-41.737097402,0.308797479,37.818847193,0.000247710,0.030337354,-0.038881347,-1.123438736,false,TRANSLATION_JUMP
1784909624.371815205,0.070187027,0.031838040,8.176726525,7.692075145,0.021018923,-0.158386774,-41.737097402,0.308098371,37.769199462,0.000246945,0.030272481,-0.041733370,-1.132943620,false,TRANSLATION_JUMP
1784909625.371814728,0.070209527,0.123889155,8.721544010,7.713524186,0.021018923,-0.158386774,-41.737097402,0.308133982,37.987370458,0.000246767,0.030421894,-0.051054074,-1.141387554,false,TRANSLATION_JUMP
1784909626.371845007,0.070164490,0.092105949,9.053551038,7.800650020,0.021018923,-0.158386774,-41.737097402,0.307129292,37.562130995,0.000245759,0.030056514,-0.052827401,-1.145051191,false,TRANSLATION_JUMP
1784909627.371805668,0.067196803,0.048233569,8.029097896,7.743906224,0.021018923,-0.158386774,-41.737097402,0.307932240,37.732969381,0.000246220,0.030170974,-0.066226134,-1.153888687,false,TRANSLATION_JUMP
1784909628.371834278,0.069080360,0.003241668,8.580402306,7.666421651,0.021018923,-0.158386774,-41.737097402,0.307300886,37.699589679,0.000245513,0.030119427,-0.059540847,-1.145916872,false,TRANSLATION_JUMP
1784909629.371816874,0.070078528,0.095296730,9.000923493,7.680433436,0.021018923,-0.158386774,-41.737097402,0.306248162,37.929532620,0.000244468,0.030277893,-0.055636543,-1.138293138,false,TRANSLATION_JUMP
1784909630.371820450,0.070459917,0.063781468,8.089543439,7.796123480,0.021018923,-0.158386774,-41.737097402,0.305913207,37.437447879,0.000244023,0.029863411,-0.061223686,-1.143209870,false,TRANSLATION_JUMP
1784909631.372289419,0.069299880,0.019862735,8.440136159,7.716628862,0.021018923,-0.158386774,-41.737097402,0.306378564,37.671034843,0.000244194,0.030025030,-0.062712211,-1.153057285,false,TRANSLATION_JUMP
1784909632.371807337,0.067265286,0.110960334,8.806851965,7.718990754,0.021018923,-0.158386774,-41.737097402,0.306918659,37.871683836,0.000244421,0.030159862,-0.057035690,-1.172370767,false,TRANSLATION_JUMP
1784909633.371803761,0.167365261,0.067173416,8.915662509,7.673027585,0.021018923,-0.158386774,-41.737097402,0.306650711,37.622469203,0.000244031,0.029939725,-0.044913644,-1.197442039,false,TRANSLATION_JUMP
1784909634.371803284,0.068572751,0.034833968,8.198153983,7.752290669,0.021018923,-0.158386774,-41.737097402,0.307074547,37.468212032,0.000244165,0.029792216,-0.059352153,-1.204066817,false,TRANSLATION_JUMP
1784909635.371808767,0.070730048,0.123729678,8.730091424,7.720719265,0.021018923,-0.158386774,-41.737097402,0.307473980,37.729976611,0.000244282,0.029975751,-0.065817137,-1.196526397,false,TRANSLATION_JUMP
1784909636.372019053,0.169235579,0.082391594,8.732296296,7.703515386,0.021018923,-0.158386774,-41.737097402,0.306501827,37.494650057,0.000243334,0.029767305,-0.060526446,-1.202829095,false,TRANSLATION_JUMP
1784909637.371825933,0.069467919,0.050453665,8.175055694,7.807728732,0.021018923,-0.158386774,-41.737097402,0.306278134,37.785251566,0.000242955,0.029973173,-0.042795806,-1.216040063,false,TRANSLATION_JUMP
1784909638.371815681,0.069571752,0.006545301,8.547086792,7.706214880,0.021018923,-0.158386774,-41.737097402,0.305019462,37.868873978,0.000241759,0.030014945,-0.056839446,-1.222330381,false,TRANSLATION_JUMP
1784909639.371816635,0.070301956,0.097400216,8.908167738,7.712604369,0.021018923,-0.158386774,-41.737097402,0.306503798,38.254603042,0.000242735,0.030295605,-0.063351008,-1.222395094,false,TRANSLATION_JUMP
1784909640.371820688,0.070526346,0.066196343,8.020506124,7.794718246,0.021018923,-0.158386774,-41.737097402,0.304916864,38.249041927,0.000241304,0.030269412,-0.068736634,-1.218476718,false,TRANSLATION_JUMP
1784909641.371897936,0.070232994,0.022005645,8.485710798,7.751191205,0.021018923,-0.158386774,-41.737097402,0.305043899,37.869240452,0.000241205,0.029944105,-0.065264401,-1.242997027,false,TRANSLATION_JUMP
1784909642.371846914,0.068994197,0.112399209,8.876001955,7.711613968,0.021018923,-0.158386774,-41.737097402,0.305710292,38.321882145,0.000241535,0.030277317,-0.072537783,-1.251958109,false,TRANSLATION_JUMP
1784909643.371876955,0.168688787,0.068660253,8.862096047,7.670333423,0.021018923,-0.158386774,-41.737097402,0.308624259,38.101271610,0.000243663,0.030081422,-0.056089984,-1.265106764,false,TRANSLATION_JUMP
1784909644.371797085,0.068617864,0.037423934,8.228385652,7.776219428,0.021018923,-0.158386774,-41.737097402,0.307409623,37.924557708,0.000242504,0.029917243,-0.058400815,-1.284743937,false,TRANSLATION_JUMP
1784909645.371837854,0.070457902,0.128275518,8.820010880,7.767773328,0.021018923,-0.158386774,-41.737097402,0.307867680,38.145839148,0.000242668,0.030067332,-0.067011599,-1.307069801,false,TRANSLATION_JUMP
1784909646.372265816,0.171358383,0.085050062,8.823539054,7.698611791,0.021018923,-0.158386774,-41.737097402,0.308984522,38.439517904,0.000243373,0.030277109,-0.056623245,-1.310163565,false,TRANSLATION_JUMP
1784909647.371810675,0.070262051,0.052819649,8.105762480,7.797977616,0.021018923,-0.158386774,-41.737097402,0.308812669,38.610438052,0.000243038,0.030386763,-0.052528577,-1.302770210,false,TRANSLATION_JUMP
1784909648.371819973,0.070335032,0.008906803,8.692106210,7.714370200,0.021018923,-0.158386774,-41.737097402,0.307265989,38.444035087,0.000241625,0.030231262,-0.062628849,-1.305475950,false,TRANSLATION_JUMP
1784909649.371909380,0.070367126,0.098827313,8.896414723,7.694641646,0.021018923,-0.158386774,-41.737097402,0.307400235,38.464066511,0.000241532,0.030222180,-0.061837617,-1.292295036,false,TRANSLATION_JUMP
1784909650.371720791,0.169963810,0.055865467,9.035473433,7.647344581,0.021018923,-0.158386774,-41.737097402,0.308589367,38.375729230,0.000242294,0.030131276,-0.055201625,-1.303836883,false,TRANSLATION_JUMP
1784909651.371794939,0.069419236,0.024217537,8.480909374,7.719366841,0.021018923,-0.158386774,-41.737097402,0.308654233,38.265195278,0.000242148,0.030020164,-0.057755500,-1.306196858,false,TRANSLATION_JUMP
1784909652.371808529,0.068650569,0.115022530,8.815253225,7.742490100,0.021018923,-0.158386774,-41.737097402,0.307880600,38.575942098,0.000241344,0.030239190,-0.048779926,-1.289863773,false,TRANSLATION_JUMP
1784909653.371797323,0.167073198,0.071094961,8.753535791,7.679826359,0.021018923,-0.158386774,-41.737097402,0.307428771,38.247160457,0.000240818,0.029960116,-0.069508009,-1.280951641,false,TRANSLATION_JUMP
1784909654.371801615,0.069707701,0.039546159,8.101525272,7.778105511,0.021018923,-0.158386774,-41.737097402,0.307296260,38.428862279,0.000240517,0.030077854,-0.088796364,-1.280350139,false,TRANSLATION_JUMP
1784909655.371776819,0.068073681,0.127980059,8.728660638,7.737489478,0.021018923,-0.158386774,-41.737097402,0.307714609,38.401993502,0.000240650,0.030032509,-0.082708023,-1.283238780,false,TRANSLATION_JUMP
1784909656.371797562,0.170287296,0.086320695,8.739187141,7.694384726,0.021018923,-0.158386774,-41.737097402,0.307477037,37.998167258,0.000240294,0.029695651,-0.065693339,-1.300047690,false,TRANSLATION_JUMP
1784909657.371743917,0.070416461,0.043018792,8.075808575,7.650242785,0.021018923,-0.158386774,-41.737097402,0.307222608,38.327163944,0.000239899,0.029928337,-0.086029942,-1.308806541,false,TRANSLATION_JUMP
1784909658.371818066,0.070897147,0.010988934,8.562886945,7.745537351,0.021018923,-0.158386774,-41.737097402,0.307994127,38.428417781,0.000240306,0.029982965,-0.089216321,-1.288538008,false,TRANSLATION_JUMP
1784909659.371800661,0.070319202,0.101918689,8.863071453,7.743758294,0.021018923,-0.158386774,-41.737097402,0.308551288,38.097080329,0.000240547,0.029700538,-0.072835840,-1.275002972,false,TRANSLATION_JUMP
1784909660.371813059,0.169189241,0.058549415,8.970304499,7.680834872,0.021018923,-0.158386774,-41.737097402,0.308234812,37.967296169,0.000240130,0.029578402,-0.070700629,-1.266019155,false,TRANSLATION_JUMP
1784909661.371799707,0.068601071,0.026917929,8.376577033,7.786380961,0.021018923,-0.158386774,-41.737097402,0.307952717,38.109888421,0.000239715,0.029665362,-0.077126615,-1.247535393,false,TRANSLATION_JUMP
1784909662.371799231,0.070799666,0.118012703,8.818294189,7.791400126,0.021018923,-0.158386774,-41.737097402,0.307444571,38.126903116,0.000239128,0.029654792,-0.074483955,-1.266623519,false,TRANSLATION_JUMP
1784909663.371815443,0.165302685,0.071170463,8.900328990,7.696307779,0.021018923,-0.158386774,-41.737097402,0.307568254,38.003124907,0.000239055,0.029537636,-0.079827904,-1.275645985,false,TRANSLATION_JUMP
