timestamp,mode,input_size,output_size,declared_span_rad,indexed_span_rad,angular_coverage_ratio,finite_return_ratio,accumulated_segments,revolution_duration_sec,input_rate_hz,output_rate_hz,valid,rejection_reason
1785071583.301105738,per_message_full_scan,720,720,6.274458647,6.274458612,0.000000000,0.000000000,0,0.000000000,2.786818227,0.000000000,false,STALE_INPUT:Dropping full scan because deskew TF is unavailable
1785071584.135675907,per_message_full_scan,720,720,6.274458647,6.274458612,0.897222222,0.897222222,1,0.133717954,62.953573606,5.885635249,true,none
1785071585.138947010,per_message_full_scan,720,720,6.274458647,6.274458612,0.895833333,0.895833333,1,0.130688637,83.479425895,5.951324343,true,none
1785071586.135440111,per_message_full_scan,720,720,6.274458647,6.274458612,0.900000000,0.900000000,1,0.118920214,20.878147108,7.437635684,true,none
1785071587.137248993,per_message_full_scan,720,720,6.274458647,6.274458612,0.898611111,0.898611111,1,0.130041212,10.232651663,7.555652012,true,none
1785071588.167359829,per_message_full_scan,720,720,6.274458647,6.274458612,0.886111111,0.886111111,1,0.134210959,7.884570881,7.482319414,true,none
1785071589.135539532,per_message_full_scan,720,720,6.274458647,6.274458612,0.898611111,0.898611111,1,0.131768852,7.635301476,7.584947989,true,none
1785071590.135754824,per_message_full_scan,720,720,6.274458647,6.274458612,0.888888889,0.888888889,1,0.133503616,7.315061420,7.330104595,true,none
1785071591.135225058,per_message_full_scan,720,720,6.274458647,6.274458612,0.901388889,0.901388889,1,0.128041670,7.699582294,7.828824981,true,none
1785071592.135211468,per_message_full_scan,720,720,6.274458647,6.274458612,0.898611111,0.898611111,1,0.133431420,7.565598572,7.583183892,true,none
1785071593.138028383,per_message_full_scan,720,720,6.274458647,6.274458612,0.902777778,0.902777778,1,0.131384373,7.439891749,7.571428380,true,none
1785071594.135199547,per_message_full_scan,720,720,6.274458647,6.274458612,0.890277778,0.890277778,1,0.133559227,7.469251200,7.547234493,true,none
1785071595.135248661,per_message_full_scan,720,720,6.274458647,6.274458612,0.898611111,0.898611111,1,0.134101689,30.569887104,6.819395601,true,none
1785071596.135267019,per_message_full_scan,720,720,6.274458647,6.274458612,0.888888889,0.888888889,1,0.129799649,12.256211873,7.043698957,true,none
1785071597.157773495,per_message_full_scan,720,720,6.274458647,6.274458612,0.897222222,0.897222222,1,0.134774789,8.247071618,7.575509349,true,none
1785071598.135216951,per_message_full_scan,720,720,6.274458647,6.274458612,0.897222222,0.897222222,1,0.135298774,7.557028744,7.503922996,true,none
1785071599.158060551,per_message_full_scan,720,720,6.274458647,6.274458612,0.891666667,0.891666667,1,0.128200129,7.511858169,7.534592580,true,none
1785071600.135234833,per_message_full_scan,720,720,6.274458647,6.274458612,0.895833333,0.895833333,1,0.121402740,7.577172251,8.002788150,true,none
1785071601.135443926,per_message_full_scan,720,720,6.274458647,6.274458612,0.890277778,0.890277778,1,0.131190583,65.867521798,6.772129459,true,none
1785071602.135753870,per_message_full_scan,720,720,6.274458647,6.274458612,0.898611111,0.898611111,1,0.130011588,17.224812374,7.428626034,true,none
1785071603.135542631,per_message_full_scan,720,720,6.274458647,6.274458612,0.900000000,0.900000000,1,0.132474989,9.500502645,7.546293832,true,none
1785071604.141624212,per_message_full_scan,720,720,6.274458647,6.274458612,0.891666667,0.891666667,1,0.133097157,7.831925951,7.540725479,true,none
1785071605.135310888,per_message_full_scan,720,720,6.274458647,6.274458612,0.893055556,0.893055556,1,0.133542418,7.450957153,7.369249748,true,none
1785071606.153176785,per_message_full_scan,720,720,6.274458647,6.274458612,0.900000000,0.900000000,1,0.134832636,7.672621287,6.774022947,true,none
1785071607.135249376,per_message_full_scan,720,720,6.274458647,6.274458612,0.898611111,0.898611111,1,0.132840574,7.529304485,7.419342132,true,none
1785071608.157164574,per_message_full_scan,720,720,6.274458647,6.274458612,0.900000000,0.900000000,1,0.133351043,7.506868386,7.563041584,true,none
1785071609.135695696,per_message_full_scan,720,720,6.274458647,6.274458612,0.894444444,0.894444444,1,0.120441750,7.590126642,7.537169720,true,none
1785071610.136763334,per_message_full_scan,720,720,6.274458647,6.274458612,0.897222222,0.897222222,1,0.135467857,7.384711550,7.577471812,true,none
1785071611.135242701,per_message_full_scan,720,720,6.274458647,6.274458612,0.895833333,0.895833333,1,0.131483346,7.566129197,7.884596749,true,none
1785071612.135215282,per_message_full_scan,720,720,6.274458647,6.274458612,0.901388889,0.901388889,1,0.132622838,6.521912016,6.692282836,true,none
1785071613.135319233,per_message_full_scan,720,720,6.274458647,6.274458612,0.894444444,0.894444444,1,0.133695975,46.398370316,6.672194778,true,none
1785071614.135215282,per_message_full_scan,720,720,6.274458647,6.274458612,0.906944444,0.906944444,1,0.134003505,15.794851103,7.583305532,true,none
1785071615.136416674,per_message_full_scan,720,720,6.274458647,6.274458612,0.890277778,0.890277778,1,0.131093130,8.810021119,7.377192914,true,none
1785071616.135232687,per_message_full_scan,720,720,6.274458647,6.274458612,0.890277778,0.890277778,1,0.134156957,7.629740691,7.014619491,true,none
1785071617.136463642,per_message_full_scan,720,720,6.274458647,6.274458612,0.890277778,0.890277778,1,0.133507222,7.512429341,7.448704021,true,none
1785071618.135480642,per_message_full_scan,720,720,6.274458647,6.274458612,0.883333333,0.883333333,1,0.134522304,7.688717815,7.639442180,true,none
1785071619.160766125,per_message_full_scan,720,720,6.274458647,6.274458612,0.890277778,0.890277778,1,0.095733419,7.721353683,8.099053618,true,none
1785071620.135235071,per_message_full_scan,720,720,6.274458647,6.274458612,0.884722222,0.884722222,1,0.132781118,7.157335347,7.500074062,true,none
1785071621.135222673,per_message_full_scan,720,720,6.274458647,6.274458612,0.895833333,0.895833333,1,0.082873940,7.774506208,7.693552299,true,none
1785071622.135223150,per_message_full_scan,720,720,6.274458647,6.274458612,0.894444444,0.894444444,1,0.132440120,7.599953273,7.579799418,true,none
1785071623.135235310,per_message_full_scan,720,720,6.274458647,6.274458612,0.898611111,0.898611111,1,0.127253562,7.577088659,7.633307754,true,none
1785071624.142982006,per_message_full_scan,720,720,6.274458647,6.274458612,0.884722222,0.884722222,1,0.134144664,7.503852387,6.511551881,false,STALE_INPUT:none
1785071625.135677814,per_message_full_scan,720,720,6.274458647,6.274458612,0.891666667,0.891666667,1,0.134447187,9.329327802,7.214823870,true,none
1785071626.143275023,per_message_full_scan,720,720,6.274458647,6.274458612,0.901388889,0.901388889,1,0.125471026,7.648891746,7.379283094,true,none
1785071627.136276245,per_message_full_scan,720,720,6.274458647,6.274458612,0.887500000,0.887500000,1,0.127772838,7.394568156,7.532983343,true,none
1785071628.135214806,per_message_full_scan,720,720,6.274458647,6.274458612,0.898611111,0.898611111,1,0.134027675,7.499801520,7.571430656,true,none
1785071629.135230303,per_message_full_scan,720,720,6.274458647,6.274458612,0.915277778,0.915277778,1,0.134256423,7.475147888,7.215058734,true,none
1785071630.167894125,per_message_full_scan,720,720,6.274458647,6.274458612,0.895833333,0.895833333,1,0.130351156,7.033710885,5.836557407,true,none
1785071631.147269011,per_message_full_scan,720,720,6.274458647,6.274458612,0.886111111,0.886111111,1,0.135186374,7.261948379,6.792381281,true,none
1785071632.181487799,per_message_full_scan,720,720,6.274458647,6.274458612,0.884722222,0.884722222,1,0.136931270,6.905557023,6.729306092,true,none
1785071633.135220051,per_message_full_scan,720,720,6.274458647,6.274458612,0.898611111,0.898611111,1,0.119301982,7.448326126,6.150832424,true,none
1785071634.135291815,per_message_full_scan,720,720,6.274458647,6.274458612,0.898611111,0.898611111,1,0.103455015,7.658552572,7.009482374,true,none
1785071635.162334919,per_message_full_scan,720,720,6.274458647,6.274458612,0.897222222,0.897222222,1,0.133546650,10.058286456,7.280769747,true,none
1785071636.136813879,per_message_full_scan,720,720,6.274458647,6.274458612,0.891666667,0.891666667,1,0.133010268,7.872812073,7.405514533,true,none
1785071637.141900778,per_message_full_scan,720,720,6.274458647,6.274458612,0.902777778,0.902777778,1,0.116940491,7.544667214,7.420848127,true,none
1785071638.135204077,per_message_full_scan,720,720,6.274458647,6.274458612,0.906944444,0.906944444,1,0.131602362,7.755613104,7.724744714,true,none
1785071639.135244608,per_message_full_scan,720,720,6.274458647,6.274458612,0.886111111,0.886111111,1,0.132093057,7.624487400,7.664098908,true,none
1785071640.135264158,per_message_full_scan,720,720,6.274458647,6.274458612,0.894444444,0.894444444,1,0.132371753,7.456697475,7.648579055,true,none
1785071641.136633396,per_message_full_scan,720,720,6.274458647,6.274458612,0.904166667,0.904166667,1,0.127949551,7.536071628,7.662285169,true,none
1785071642.170284033,per_message_full_scan,720,720,6.274458647,6.274458612,0.893055556,0.893055556,1,0.118701257,7.411782131,6.967499360,true,none
1785071643.135350943,per_message_full_scan,720,720,6.274458647,6.274458612,0.900000000,0.900000000,1,0.134009838,7.582485494,7.774666692,true,none
1785071644.161452770,per_message_full_scan,720,720,6.274458647,6.274458612,0.904166667,0.904166667,1,0.131089538,7.437029793,7.430073143,true,none
1785071645.135240793,per_message_full_scan,720,720,6.274458647,6.274458612,0.897222222,0.897222222,1,0.133918583,7.500667001,7.469907256,true,none
1785071646.135257483,per_message_full_scan,720,720,6.274458647,6.274458612,0.904166667,0.904166667,1,0.133525550,7.430822670,7.264598584,true,none
1785071647.173663378,per_message_full_scan,720,720,6.274458647,6.274458612,0.894444444,0.894444444,1,0.129119411,7.100437369,6.614922411,true,none
1785071648.135377645,per_message_full_scan,720,720,6.274458647,6.274458612,0.893055556,0.893055556,1,0.133520126,7.405764378,7.160072769,true,none
1785071649.135256290,per_message_full_scan,720,720,6.274458647,6.274458612,0.886111111,0.886111111,1,0.133686855,7.444259817,7.436551168,true,none
1785071650.135711432,per_message_full_scan,720,720,6.274458647,6.274458612,0.898611111,0.898611111,1,0.105478801,7.890730839,7.422280260,true,none
1785071651.135246992,per_message_full_scan,720,720,6.274458647,6.274458612,0.894444444,0.894444444,1,0.134556100,7.327200670,7.665584363,true,none
1785071652.135245323,per_message_full_scan,720,720,6.274458647,6.274458612,0.881944444,0.881944444,1,0.109963529,6.762375042,6.896296122,true,none
1785071653.158786774,per_message_full_scan,720,720,6.274458647,6.274458612,0.891666667,0.891666667,1,0.135054857,7.267004486,7.478799040,true,none
1785071654.135425806,per_message_full_scan,720,720,6.274458647,6.274458612,0.894444444,0.894444444,1,0.120498590,7.858860176,7.455145977,true,none
1785071655.150326967,per_message_full_scan,720,720,6.274458647,6.274458612,0.888888889,0.888888889,1,0.132363901,7.911392415,8.067866506,true,none
1785071656.136023998,per_message_full_scan,720,720,6.274458647,6.274458612,0.894444444,0.894444444,1,0.119746864,7.532824399,7.562379812,true,none
1785071657.135225296,per_message_full_scan,720,720,6.274458647,6.274458612,0.887500000,0.887500000,1,0.131467298,7.580130940,8.230011307,true,none
1785071658.135243177,per_message_full_scan,720,720,6.274458647,6.274458612,0.888888889,0.888888889,1,0.130441308,7.382197285,7.600870109,true,none
1785071659.135256052,per_message_full_scan,720,720,6.274458647,6.274458612,0.893055556,0.893055556,1,0.127988458,7.392063629,7.833454618,true,none
1785071660.150433540,per_message_full_scan,720,720,6.274458647,6.274458612,0.881944444,0.881944444,1,0.129811287,7.440845115,7.637834463,true,none
1785071661.135251999,per_message_full_scan,720,720,6.274458647,6.274458612,0.859722222,0.859722222,1,0.134570718,7.535623546,7.574713303,true,none
1785071662.135236502,per_message_full_scan,720,720,6.274458647,6.274458612,0.873611111,0.873611111,1,0.131224692,7.461547166,7.611611194,true,none
1785071663.136160612,per_message_full_scan,720,720,6.274458647,6.274458612,0.880555556,0.880555556,1,0.128966734,7.679220166,7.496238736,true,none
1785071664.171699286,per_message_full_scan,720,720,6.274458647,6.274458612,0.868055556,0.868055556,1,0.131793559,7.495369627,7.480931237,true,none
1785071665.136247158,per_message_full_scan,720,720,6.274458647,6.274458612,0.881944444,0.881944444,1,0.132231653,10.206000892,7.478769699,true,none
1785071666.136604071,per_message_full_scan,720,720,6.274458647,6.274458612,0.875000000,0.875000000,1,0.131992191,7.969025135,7.102837552,true,none
1785071667.135501623,per_message_full_scan,720,720,6.274458647,6.274458612,0.873611111,0.873611111,1,0.126322061,7.188682519,7.267282310,true,none
1785071668.135236263,per_message_full_scan,720,720,6.274458647,6.274458612,0.876388889,0.876388889,1,0.127373800,7.486736217,7.508983647,true,none
1785071669.147188902,per_message_full_scan,720,720,6.274458647,6.274458612,0.868055556,0.868055556,1,0.134084836,7.399696948,7.288725867,true,none
1785071670.138958693,per_message_full_scan,720,720,6.274458647,6.274458612,0.877777778,0.877777778,1,0.130445123,7.446499422,7.430884630,true,none
1785071671.140515327,per_message_full_scan,720,720,6.274458647,6.274458612,0.873611111,0.873611111,1,0.133802861,7.460108579,7.516848634,true,none
1785071672.135214329,per_message_full_scan,720,720,6.274458647,6.274458612,0.875000000,0.875000000,1,0.135141432,7.466710230,7.573617584,true,none
1785071673.135211945,per_message_full_scan,720,720,6.274458647,6.274458612,0.877777778,0.877777778,1,0.133841679,7.489576844,7.688484853,true,none
1785071674.138311386,per_message_full_scan,720,720,6.274458647,6.274458612,0.881944444,0.881944444,1,0.134228230,7.503193050,7.310830583,true,none
1785071675.162621975,per_message_full_scan,720,720,6.274458647,6.274458612,0.859722222,0.859722222,1,0.117497861,7.579321823,7.598656998,true,none
1785071676.135223389,per_message_full_scan,720,720,6.274458647,6.274458612,0.879166667,0.879166667,1,0.134134546,7.449716737,7.553189188,true,none
1785071677.135960340,per_message_full_scan,720,720,6.274458647,6.274458612,0.879166667,0.879166667,1,0.133217156,7.350360450,7.461304316,true,none
1785071678.135220528,per_message_full_scan,720,720,6.274458647,6.274458612,0.877777778,0.877777778,1,0.134112284,7.489160554,7.658763548,true,none
1785071679.135758877,per_message_full_scan,720,720,6.274458647,6.274458612,0.887500000,0.887500000,1,0.133056343,7.528072316,7.398694406,true,none
1785071680.135301590,per_message_full_scan,720,720,6.274458647,6.274458612,0.875000000,0.875000000,1,0.130932212,7.461016016,7.490792520,true,none
1785071681.135203600,per_message_full_scan,720,720,6.274458647,6.274458612,0.872222222,0.872222222,1,0.134166613,7.521040310,7.604852283,true,none
1785071682.135186672,per_message_full_scan,720,720,6.274458647,6.274458612,0.863888889,0.863888889,1,0.134528980,7.550334319,7.558893378,true,none
1785071683.138115883,per_message_full_scan,720,720,6.274458647,6.274458612,0.891666667,0.891666667,1,0.133863315,6.777433473,6.814055815,true,none
1785071684.135550499,per_message_full_scan,720,720,6.274458647,6.274458612,0.873611111,0.873611111,1,0.127771497,7.866292051,7.286755011,true,none
1785071685.135204077,per_message_full_scan,720,720,6.274458647,6.274458612,0.888888889,0.888888889,1,0.110476367,7.723964862,7.480245591,true,none
1785071686.157764435,per_message_full_scan,720,720,6.274458647,6.274458612,0.888888889,0.888888889,1,0.131738305,7.507742335,7.254490559,true,none
1785071687.135999918,per_message_full_scan,720,720,6.274458647,6.274458612,0.891666667,0.891666667,1,0.131939709,7.495114176,7.432734477,true,none
1785071688.151035070,per_message_full_scan,720,720,6.274458647,6.274458612,0.883333333,0.883333333,1,0.134028226,7.422805849,7.600731068,true,none
1785071689.135217905,per_message_full_scan,720,720,6.274458647,6.274458612,0.881944444,0.881944444,1,0.134555832,7.427412283,7.527113972,true,none
1785071690.183281660,per_message_full_scan,720,720,6.274458647,6.274458612,0.887500000,0.887500000,1,0.121512175,7.556257664,7.439395341,true,none
1785071691.135249138,per_message_full_scan,720,720,6.274458647,6.274458612,0.887500000,0.887500000,1,0.133482233,7.399505239,7.595545403,true,none
1785071692.135221720,per_message_full_scan,720,720,6.274458647,6.274458612,0.890277778,0.890277778,1,0.130456492,7.580397743,7.576458453,true,none
1785071693.135219812,per_message_full_scan,720,720,6.274458647,6.274458612,0.888888889,0.888888889,1,0.131981537,7.474943116,7.536710259,true,none
1785071694.135221958,per_message_full_scan,720,720,6.274458647,6.274458612,0.877777778,0.877777778,1,0.132785887,7.418100726,7.680532109,true,none
1785071695.168128252,per_message_full_scan,720,720,6.274458647,6.274458612,0.875000000,0.875000000,1,0.102208100,7.929356850,7.485535694,true,none
1785071696.136303902,per_message_full_scan,720,720,6.274458647,6.274458612,0.883333333,0.883333333,1,0.132920340,7.687517512,7.605105612,true,none
1785071697.159761906,per_message_full_scan,720,720,6.274458647,6.274458612,0.888888889,0.888888889,1,0.134191349,7.547822552,7.726798441,true,none
1785071698.136435986,per_message_full_scan,720,720,6.274458647,6.274458612,0.886111111,0.886111111,1,0.133741826,7.423203130,7.566887785,true,none
1785071699.154334307,per_message_full_scan,720,720,6.274458647,6.274458612,0.877777778,0.877777778,1,0.134024173,7.495209272,7.553093559,true,none
1785071700.135229588,per_message_full_scan,720,720,6.274458647,6.274458612,0.866666667,0.866666667,1,0.133684143,7.425841889,7.486711856,true,none
1785071701.185902119,per_message_full_scan,720,720,6.274458647,6.274458612,0.879166667,0.879166667,1,0.128629640,7.478279903,7.411756806,true,none
1785071702.135221720,per_message_full_scan,720,720,6.274458647,6.274458612,0.865277778,0.865277778,1,0.134070545,7.500967646,7.607549628,true,none
1785071703.135237455,per_message_full_scan,720,720,6.274458647,6.274458612,0.881944444,0.881944444,1,0.134251326,13.458345791,7.229954708,true,none
1785071704.135219097,per_message_full_scan,720,720,6.274458647,6.274458612,0.891666667,0.891666667,1,0.135220662,8.426899856,7.515659392,true,none
1785071705.135231018,per_message_full_scan,720,720,6.274458647,6.274458612,0.884722222,0.884722222,1,0.134204179,7.693623058,7.643265338,true,none
1785071706.135451317,per_message_full_scan,720,720,6.274458647,6.274458612,0.895833333,0.895833333,1,0.131307587,7.471696346,7.486747270,true,none
1785071707.135220528,per_message_full_scan,720,720,6.274458647,6.274458612,0.888888889,0.888888889,1,0.129044771,7.486010008,7.555164886,true,none
1785071708.135236263,per_message_full_scan,720,720,6.274458647,6.274458612,0.881944444,0.881944444,1,0.131834045,7.435675834,7.582864099,true,none
1785071709.135220289,per_message_full_scan,720,720,6.274458647,6.274458612,0.891666667,0.891666667,1,0.132510155,7.424389660,7.478833731,true,none
1785071710.159249306,per_message_full_scan,720,720,6.274458647,6.274458612,0.881944444,0.881944444,1,0.134154901,7.532832414,7.467887339,true,none
1785071711.135194540,per_message_full_scan,720,720,6.274458647,6.274458612,0.880555556,0.880555556,1,0.119563736,7.558861788,7.595103850,true,none
1785071712.148306847,per_message_full_scan,720,720,6.274458647,6.274458612,0.891666667,0.891666667,1,0.130534306,7.436067425,7.576353999,true,none
1785071713.135263205,per_message_full_scan,720,720,6.274458647,6.274458612,0.890277778,0.890277778,1,0.134060055,7.433667243,7.568594595,true,none
1785071714.172820330,per_message_full_scan,720,720,6.274458647,6.274458612,0.877777778,0.877777778,1,0.134664878,7.535331369,7.544369827,true,none
1785071715.135221720,per_message_full_scan,720,720,6.274458647,6.274458612,0.883333333,0.883333333,1,0.131743997,7.541420014,7.515564947,true,none
1785071716.136499882,per_message_full_scan,720,720,6.274458647,6.274458612,0.880555556,0.880555556,1,0.134925768,7.406207789,7.537740524,true,none
1785071717.135230780,per_message_full_scan,720,720,6.274458647,6.274458612,0.873611111,0.873611111,1,0.133712888,7.498507720,7.563191684,true,none
1785071718.135195017,per_message_full_scan,720,720,6.274458647,6.274458612,0.877777778,0.877777778,1,0.134093970,7.488013783,7.545348095,true,none
1785071719.135208845,per_message_full_scan,720,720,6.274458647,6.274458612,0.872222222,0.872222222,1,0.132143721,7.509340854,7.441551150,true,none
1785071720.135220766,per_message_full_scan,720,720,6.274458647,6.274458612,0.872222222,0.872222222,1,0.133742318,7.562914339,7.986049066,true,none
1785071721.135191917,per_message_full_scan,720,720,6.274458647,6.274458612,0.879166667,0.879166667,1,0.134145588,7.424977892,7.525836349,true,none
1785071722.135432482,per_message_full_scan,720,720,6.274458647,6.274458612,0.883333333,0.883333333,1,0.133453354,6.940504237,7.053535146,true,none
1785071723.135251522,per_message_full_scan,720,720,6.274458647,6.274458612,0.880555556,0.880555556,1,0.132411122,7.375330959,7.462263370,true,none
1785071724.135330677,per_message_full_scan,720,720,6.274458647,6.274458612,0.881944444,0.881944444,1,0.134191647,7.525662924,7.940269939,true,none
1785071725.142628193,per_message_full_scan,720,720,6.274458647,6.274458612,0.879166667,0.879166667,1,0.134174094,7.501959651,7.719139768,true,none
1785071726.135212183,per_message_full_scan,720,720,6.274458647,6.274458612,0.879166667,0.879166667,1,0.121210694,7.607314081,7.582959106,true,none
1785071727.135251522,per_message_full_scan,720,720,6.274458647,6.274458612,0.879166667,0.879166667,1,0.133764967,7.532249422,7.576386564,true,none
1785071728.135211706,per_message_full_scan,720,720,6.274458647,6.274458612,0.877777778,0.877777778,1,0.122088157,7.573499536,7.564698282,true,none
1785071729.135338306,per_message_full_scan,720,720,6.274458647,6.274458612,0.888888889,0.888888889,1,0.134363070,7.532461651,7.516530821,true,none
1785071730.135266781,per_message_full_scan,720,720,6.274458647,6.274458612,0.883333333,0.883333333,1,0.121943161,7.585119680,7.611286585,true,none
1785071731.135210752,per_message_full_scan,720,720,6.274458647,6.274458612,0.875000000,0.875000000,1,0.134871781,7.547242174,7.837874483,true,none
1785071732.135203600,per_message_full_scan,720,720,6.274458647,6.274458612,0.881944444,0.881944444,1,0.121254563,7.575541222,7.914941396,true,none
1785071733.135210991,per_message_full_scan,720,720,6.274458647,6.274458612,0.887500000,0.887500000,1,0.133879185,7.547901036,7.909973404,true,none
1785071734.135223389,per_message_full_scan,720,720,6.274458647,6.274458612,0.876388889,0.876388889,1,0.134741247,7.439814289,7.501969073,true,none
1785071735.148860216,per_message_full_scan,720,720,6.274458647,6.274458612,0.880555556,0.880555556,1,0.134260789,7.444076522,7.497445307,true,none
1785071736.135197401,per_message_full_scan,720,720,6.274458647,6.274458612,0.873611111,0.873611111,1,0.133594036,7.449824283,7.572876600,true,none
1785071737.141548395,per_message_full_scan,720,720,6.274458647,6.274458612,0.886111111,0.886111111,1,0.133246243,7.451453331,7.503443278,true,none
1785071738.135192871,per_message_full_scan,720,720,6.274458647,6.274458612,0.872222222,0.872222222,1,0.134160474,7.464328767,7.493180819,true,none
1785071739.163106441,per_message_full_scan,720,720,6.274458647,6.274458612,0.879166667,0.879166667,1,0.134067863,7.466494920,7.650430135,true,none
1785071740.135206938,per_message_full_scan,720,720,6.274458647,6.274458612,0.883333333,0.883333333,1,0.134350091,7.465540442,7.609610326,true,none
1785071741.165044546,per_message_full_scan,720,720,6.274458647,6.274458612,0.891666667,0.891666667,1,0.133432537,7.484950624,7.502273453,true,none
1785071742.135219097,per_message_full_scan,720,720,6.274458647,6.274458612,0.880555556,0.880555556,1,0.134225145,7.501055375,7.544032690,true,none
1785071743.156812906,per_message_full_scan,720,720,6.274458647,6.274458612,0.887500000,0.887500000,1,0.134158492,7.488108164,7.502208419,true,none
1785071744.135203123,per_message_full_scan,720,720,6.274458647,6.274458612,0.872222222,0.872222222,1,0.134139776,7.490616047,7.598499859,true,none
1785071745.149080038,per_message_full_scan,720,720,6.274458647,6.274458612,0.884722222,0.884722222,1,0.134018540,7.509976174,7.634009869,true,none
1785071746.135215282,per_message_full_scan,720,720,6.274458647,6.274458612,0.879166667,0.879166667,1,0.134409025,7.485560219,7.643559814,true,none
1785071747.175322771,per_message_full_scan,720,720,6.274458647,6.274458612,0.876388889,0.876388889,1,0.137630463,7.457894558,7.482767911,true,none
1785071748.135196209,per_message_full_scan,720,720,6.274458647,6.274458612,0.876388889,0.876388889,1,0.136239097,7.487661859,7.552469486,true,none
1785071749.173709154,per_message_full_scan,720,720,6.274458647,6.274458612,0.873611111,0.873611111,1,0.130855247,7.490377766,7.497289034,true,none
1785071750.135201216,per_message_full_scan,720,720,6.274458647,6.274458612,0.887500000,0.887500000,1,0.132661402,7.491559380,7.571453601,true,none
1785071751.164899111,per_message_full_scan,720,720,6.274458647,6.274458612,0.886111111,0.886111111,1,0.132241011,7.492410095,7.528156739,true,none
1785071752.135192871,per_message_full_scan,720,720,6.274458647,6.274458612,0.890277778,0.890277778,1,0.134230897,7.474677502,7.606812606,true,none
1785071753.157704353,per_message_full_scan,720,720,6.274458647,6.274458612,0.893055556,0.893055556,1,0.132265553,7.479171646,7.547242941,true,none
1785071754.135205746,per_message_full_scan,720,720,6.274458647,6.274458612,0.891666667,0.891666667,1,0.134201244,7.484388464,7.509357187,true,none
1785071755.135067463,per_message_full_scan,720,720,6.274458647,6.274458612,0.894444444,0.894444444,1,0.133978158,7.473344061,7.960731475,true,none
1785071756.136386871,per_message_full_scan,720,720,6.274458647,6.274458612,0.886111111,0.886111111,1,0.133647636,7.465853646,7.451428691,true,none
1785071757.135191441,per_message_full_scan,720,720,6.274458647,6.274458612,0.897222222,0.897222222,1,0.134075597,7.466230786,7.541192428,true,none
1785071758.135188818,per_message_full_scan,720,720,6.274458647,6.274458612,0.887500000,0.887500000,1,0.134388983,7.457829154,7.490030643,true,none
1785071759.175602198,per_message_full_scan,720,720,6.274458647,6.274458612,0.897222222,0.897222222,1,0.122099109,7.540409259,7.503736400,true,none
1785071760.135215759,per_message_full_scan,720,720,6.274458647,6.274458612,0.900000000,0.900000000,1,0.121976003,7.594171954,7.487591754,true,none
1785071761.166140556,per_message_full_scan,720,720,6.274458647,6.274458612,0.895833333,0.895833333,1,0.132905424,7.525013951,7.563434919,true,none
1785071762.135205269,per_message_full_scan,720,720,6.274458647,6.274458612,0.897222222,0.897222222,1,0.133854702,7.544644593,7.521474991,true,none
1785071763.166228056,per_message_full_scan,720,720,6.274458647,6.274458612,0.912500000,0.912500000,1,0.132058397,7.559793524,7.501087085,true,none
1785071764.135234594,per_message_full_scan,720,720,6.274458647,6.274458612,0.909722222,0.909722222,1,0.121310256,7.604336177,7.987886367,true,none
1785071765.135353804,per_message_full_scan,720,720,6.274458647,6.274458612,0.904166667,0.904166667,1,0.134416118,7.471090832,7.636123425,true,none
1785071766.135222197,per_message_full_scan,720,720,6.274458647,6.274458612,0.908333333,0.908333333,1,0.134512678,7.434627241,7.567735482,true,none
1785071767.135215282,per_message_full_scan,720,720,6.274458647,6.274458612,0.911111111,0.911111111,1,0.133732364,7.469508087,7.449775939,true,none
1785071768.135213614,per_message_full_scan,720,720,6.274458647,6.274458612,0.894444444,0.894444444,1,0.130847067,7.472487106,7.507818011,true,none
1785071769.135211706,per_message_full_scan,720,720,6.274458647,6.274458612,0.887500000,0.887500000,1,0.134691775,7.466450139,7.468226866,true,none
1785071770.135209799,per_message_full_scan,720,720,6.274458647,6.274458612,0.906944444,0.906944444,1,0.133030608,7.463053294,7.565304292,true,none
1785071771.135216236,per_message_full_scan,720,720,6.274458647,6.274458612,0.900000000,0.900000000,1,0.134656027,7.465585773,7.540855473,true,none
1785071772.135190248,per_message_full_scan,720,720,6.274458647,6.274458612,0.897222222,0.897222222,1,0.134365737,7.454401494,7.278414822,true,none
1785071773.135194302,per_message_full_scan,720,720,6.274458647,6.274458612,0.908333333,0.908333333,1,0.134179398,7.444429902,7.728599605,true,none
1785071774.135198355,per_message_full_scan,720,720,6.274458647,6.274458612,0.891666667,0.891666667,1,0.134840682,7.427981439,7.401789019,true,none
1785071775.135210037,per_message_full_scan,720,720,6.274458647,6.274458612,0.865277778,0.865277778,1,0.134356499,7.439605109,7.483600399,true,none
1785071776.135192156,per_message_full_scan,720,720,6.274458647,6.274458612,0.879166667,0.879166667,1,0.121298902,7.585476556,7.997597607,true,none
1785071777.135205984,per_message_full_scan,720,720,6.274458647,6.274458612,0.887500000,0.887500000,1,0.122689299,7.594141914,7.573175085,true,none
1785071778.135203123,per_message_full_scan,720,720,6.274458647,6.274458612,0.829166667,0.829166667,1,0.133752555,7.569337396,7.486296756,true,none
1785071779.135206461,per_message_full_scan,720,720,6.274458647,6.274458612,0.790277778,0.790277778,1,0.121391363,7.577947076,7.522940858,true,none
1785071780.135264874,per_message_full_scan,720,720,6.274458647,6.274458612,0.800000000,0.800000000,1,0.121976919,7.592804556,7.523549877,true,none
1785071781.135187149,per_message_full_scan,720,720,6.274458647,6.274458612,0.812500000,0.812500000,1,0.121197529,7.611695328,7.590498276,true,none
1785071782.135263681,per_message_full_scan,720,720,6.274458647,6.274458612,0.793055556,0.793055556,1,0.134059221,7.561477544,7.714271543,true,none
1785071783.135198832,per_message_full_scan,720,720,6.274458647,6.274458612,0.811111111,0.811111111,1,0.121958956,7.580130968,7.735167018,true,none
1785071784.135210276,per_message_full_scan,720,720,6.274458647,6.274458612,0.811111111,0.811111111,1,0.134381980,7.496309172,7.571729175,true,none
1785071785.135220766,per_message_full_scan,720,720,6.274458647,6.274458612,0.823611111,0.823611111,1,0.134210497,7.520321234,7.554408977,true,none
1785071786.135221481,per_message_full_scan,720,720,6.274458647,6.274458612,0.827777778,0.827777778,1,0.136385128,7.482581373,7.581768914,true,none
1785071787.135226011,per_message_full_scan,720,720,6.274458647,6.274458612,0.848611111,0.848611111,1,0.137307227,7.482003159,7.565739003,true,none
1785071788.135203838,per_message_full_scan,720,720,6.274458647,6.274458612,0.843055556,0.843055556,1,0.134803280,7.474137449,7.523581151,true,none
1785071789.135224819,per_message_full_scan,720,720,6.274458647,6.274458612,0.862500000,0.862500000,1,0.134239912,7.473826682,7.486441352,true,none
1785071790.135235786,per_message_full_scan,720,720,6.274458647,6.274458612,0.854166667,0.854166667,1,0.134409755,7.450409660,7.508424147,true,none
1785071791.135257483,per_message_full_scan,720,720,6.274458647,6.274458612,0.843055556,0.843055556,1,0.134152099,7.456210831,7.501292053,true,none
1785071792.136509180,per_message_full_scan,720,720,6.274458647,6.274458612,0.829166667,0.829166667,1,0.121300764,7.564891409,7.886358386,true,none
1785071793.135238886,per_message_full_scan,720,720,6.274458647,6.274458612,0.833333333,0.833333333,1,0.121925682,7.592809106,8.026379790,true,none
1785071794.135240078,per_message_full_scan,720,720,6.274458647,6.274458612,0.802777778,0.802777778,1,0.134384990,7.538373545,7.581415286,true,none
1785071795.135218382,per_message_full_scan,720,720,6.274458647,6.274458612,0.887500000,0.887500000,1,0.133987814,7.553147738,7.910485364,true,none
1785071796.135207415,per_message_full_scan,720,720,6.274458647,6.274458612,0.887500000,0.887500000,1,0.132141024,7.556186889,8.213721682,true,none
1785071797.135205746,per_message_full_scan,720,720,6.274458647,6.274458612,0.886111111,0.886111111,1,0.122135453,7.591634704,7.586544727,true,none
1785071798.135457993,per_message_full_scan,720,720,6.274458647,6.274458612,0.880555556,0.880555556,1,0.123332299,7.562243679,7.487633328,true,none
1785071799.135217905,per_message_full_scan,720,720,6.274458647,6.274458612,0.916666667,0.916666667,1,0.119108662,7.559825389,7.540574539,true,none
1785071800.136485577,per_message_full_scan,720,720,6.274458647,6.274458612,0.901388889,0.901388889,1,0.132817119,7.560208503,7.523042212,true,none
1785071801.135208607,per_message_full_scan,720,720,6.274458647,6.274458612,0.862500000,0.862500000,1,0.133592919,7.557884750,7.571668813,true,none
1785071802.135254622,per_message_full_scan,720,720,6.274458647,6.274458612,0.901388889,0.901388889,1,0.133832350,7.534855801,7.538354172,true,none
1785071803.135203123,per_message_full_scan,720,720,6.274458647,6.274458612,0.887500000,0.887500000,1,0.132194430,7.557630783,7.641493961,true,none
1785071804.144555330,per_message_full_scan,720,720,6.274458647,6.274458612,0.897222222,0.897222222,1,0.133369103,7.548009216,7.459572278,true,none
1785071805.135206938,per_message_full_scan,720,720,6.274458647,6.274458612,0.902777778,0.902777778,1,0.134110704,7.537860210,7.718159991,true,none
1785071806.137113094,per_message_full_scan,720,720,6.274458647,6.274458612,0.904166667,0.904166667,1,0.134366438,7.496165534,7.594386634,true,none
1785071807.135205984,per_message_full_scan,720,720,6.274458647,6.274458612,0.901388889,0.901388889,1,0.133028433,7.503690522,7.635947158,true,none
1785071808.135189295,per_message_full_scan,720,720,6.274458647,6.274458612,0.897222222,0.897222222,1,0.136505023,7.454480732,7.482457094,true,none
1785071809.135203838,per_message_full_scan,720,720,6.274458647,6.274458612,0.895833333,0.895833333,1,0.133221000,7.507985917,7.501200854,true,none
1785071810.135210514,per_message_full_scan,720,720,6.274458647,6.274458612,0.901388889,0.901388889,1,0.132176965,7.489673036,7.577060610,true,none
1785071811.135214329,per_message_full_scan,720,720,6.274458647,6.274458612,0.901388889,0.901388889,1,0.129404262,7.511711118,7.509775945,true,none
1785071812.135323763,per_message_full_scan,720,720,6.274458647,6.274458612,0.906944444,0.906944444,1,0.133435339,7.484186932,7.696288220,true,none
1785071813.135227680,per_message_full_scan,720,720,6.274458647,6.274458612,0.887500000,0.887500000,1,0.129084691,7.501983657,7.839502824,true,none
1785071814.136977434,per_message_full_scan,720,720,6.274458647,6.274458612,0.870833333,0.870833333,1,0.133972377,7.493111466,7.670195432,true,none
1785071815.135220528,per_message_full_scan,720,720,6.274458647,6.274458612,0.897222222,0.897222222,1,0.134167865,7.524471972,7.632232003,true,none
1785071816.136630058,per_message_full_scan,720,720,6.274458647,6.274458612,0.902777778,0.902777778,1,0.133701891,7.538081157,7.532959002,true,none
1785071817.135207176,per_message_full_scan,720,720,6.274458647,6.274458612,0.908333333,0.908333333,1,0.120115764,7.602321217,7.526308772,true,none
1785071818.135223150,per_message_full_scan,720,720,6.274458647,6.274458612,0.905555556,0.905555556,1,0.134273663,7.567556333,7.570246296,true,none
1785071819.135199308,per_message_full_scan,720,720,6.274458647,6.274458612,0.905555556,0.905555556,1,0.131830707,7.571829493,7.641271164,true,none
1785071820.135251760,per_message_full_scan,720,720,6.274458647,6.274458612,0.893055556,0.893055556,1,0.133720487,7.525049026,7.881396221,true,none
1785071821.135206461,per_message_full_scan,720,720,6.274458647,6.274458612,0.908333333,0.908333333,1,0.132055804,7.560699391,7.756256751,true,none
1785071822.155918121,per_message_full_scan,720,720,6.274458647,6.274458612,0.894444444,0.894444444,1,0.134987012,7.520487486,7.517830137,true,none
1785071823.137213469,per_message_full_scan,720,720,6.274458647,6.274458612,0.897222222,0.897222222,1,0.132177740,7.481449375,7.606208583,true,none
1785071824.145440340,per_message_full_scan,720,720,6.274458647,6.274458612,0.904166667,0.904166667,1,0.133605748,7.476631734,7.542432787,true,none
1785071825.135525227,per_message_full_scan,720,720,6.274458647,6.274458612,0.904166667,0.904166667,1,0.134226292,7.480338156,7.507037365,true,none
1785071826.149148703,per_message_full_scan,720,720,6.274458647,6.274458612,0.895833333,0.895833333,1,0.134088740,7.463094083,7.438794083,true,none
1785071827.135248184,per_message_full_scan,720,720,6.274458647,6.274458612,0.906944444,0.906944444,1,0.135889873,7.438759717,7.544139057,true,none
1785071828.135225773,per_message_full_scan,720,720,6.274458647,6.274458612,0.897222222,0.897222222,1,0.135546520,7.534666215,7.620151062,true,none
1785071829.135239124,per_message_full_scan,720,720,6.274458647,6.274458612,0.891666667,0.891666667,1,0.133207455,7.531353203,7.483982781,true,none
1785071830.138542414,per_message_full_scan,720,720,6.274458647,6.274458612,0.904166667,0.904166667,1,0.134200469,7.505061062,7.446188863,true,none
1785071831.135242939,per_message_full_scan,720,720,6.274458647,6.274458612,0.915277778,0.915277778,1,0.130888075,7.500051359,7.632100646,true,none
1785071832.135205269,per_message_full_scan,720,720,6.274458647,6.274458612,0.900000000,0.900000000,1,0.134071380,7.486738738,7.638948818,true,none
1785071833.135220289,per_message_full_scan,720,720,6.274458647,6.274458612,0.898611111,0.898611111,1,0.134258553,7.478993958,7.420746837,true,none
1785071834.152570724,per_message_full_scan,720,720,6.274458647,6.274458612,0.906944444,0.906944444,1,0.134534076,7.446292781,7.528120249,true,none
1785071835.135197163,per_message_full_scan,720,720,6.274458647,6.274458612,0.902777778,0.902777778,1,0.134581074,7.463682553,7.538239069,true,none
1785071836.143244743,per_message_full_scan,720,720,6.274458647,6.274458612,0.905555556,0.905555556,1,0.121675476,7.570545243,7.580259703,true,none
1785071837.135208130,per_message_full_scan,720,720,6.274458647,6.274458612,0.901388889,0.901388889,1,0.134026736,7.449427264,7.511647018,true,none
1785071838.135970116,per_message_full_scan,720,720,6.274458647,6.274458612,0.906944444,0.906944444,1,0.121769086,7.580893615,7.545562341,true,none
1785071839.135201693,per_message_full_scan,720,720,6.274458647,6.274458612,0.926388889,0.926388889,1,0.121304967,7.585243168,7.537585423,true,none
1785071840.135151625,per_message_full_scan,720,720,6.274458647,6.274458612,0.943055556,0.943055556,1,0.133651286,7.556499476,7.507602793,true,none
1785071841.135230064,per_message_full_scan,720,720,6.274458647,6.274458612,0.947222222,0.947222222,1,0.134277791,7.560841680,7.614675660,true,none
1785071842.135207653,per_message_full_scan,720,720,6.274458647,6.274458612,0.922222222,0.922222222,1,0.134105399,7.518342280,7.763249481,true,none
1785071843.135206938,per_message_full_scan,720,720,6.274458647,6.274458612,0.929166667,0.929166667,1,0.134059206,7.539957020,7.477437773,true,none
1785071844.135211229,per_message_full_scan,720,720,6.274458647,6.274458612,0.922222222,0.922222222,1,0.133648381,7.486878238,7.992274054,true,none
1785071845.135231018,per_message_full_scan,720,720,6.274458647,6.274458612,0.930555556,0.930555556,1,0.132005855,7.477453569,7.719854023,true,none
1785071846.145411015,per_message_full_scan,720,720,6.274458647,6.274458612,0.926388889,0.926388889,1,0.134192511,7.434514583,7.539261855,true,none
1785071847.137220860,per_message_full_scan,720,720,6.274458647,6.274458612,0.929166667,0.929166667,1,0.133809015,7.445803049,7.557981106,true,none
1785071848.142275810,per_message_full_scan,720,720,6.274458647,6.274458612,0.920833333,0.920833333,1,0.120958693,7.582348197,7.521439609,true,none
1785071849.135211945,per_message_full_scan,720,720,6.274458647,6.274458612,0.925000000,0.925000000,1,0.134039924,7.571386357,7.480263917,true,none
1785071850.135166645,per_message_full_scan,720,720,6.274458647,6.274458612,0.937500000,0.937500000,1,0.134883225,7.521838377,7.561883488,true,none
1785071851.135202885,per_message_full_scan,720,720,6.274458647,6.274458612,0.930555556,0.930555556,1,0.134121776,7.535406179,7.559674375,true,none
1785071852.135464430,per_message_full_scan,720,720,6.274458647,6.274458612,0.923611111,0.923611111,1,0.132469490,7.457921588,7.594073291,true,none
1785071853.135221481,per_message_full_scan,720,720,6.274458647,6.274458612,0.922222222,0.922222222,1,0.133666098,7.479162095,7.564416242,true,none
1785071854.135284662,per_message_full_scan,720,720,6.274458647,6.274458612,0.934722222,0.934722222,1,0.134013519,7.459708287,7.481197681,true,none
1785071855.135200024,per_message_full_scan,720,720,6.274458647,6.274458612,0.920833333,0.920833333,1,0.121907562,7.602798676,7.499879139,true,none
1785071856.135282755,per_message_full_scan,720,720,6.274458647,6.274458612,0.909722222,0.909722222,1,0.135739565,7.517415731,7.551657640,true,none
1785071857.135238647,per_message_full_scan,720,720,6.274458647,6.274458612,0.905555556,0.905555556,1,0.133919254,7.517294619,7.512682395,true,none
1785071858.135232687,per_message_full_scan,720,720,6.274458647,6.274458612,0.902777778,0.902777778,1,0.133952036,7.444932376,7.657409286,true,none
1785071859.135203838,per_message_full_scan,720,720,6.274458647,6.274458612,0.901388889,0.901388889,1,0.133877844,7.478889362,7.219389537,true,none
1785071860.135203600,per_message_full_scan,720,720,6.274458647,6.274458612,0.895833333,0.895833333,1,0.131432042,7.571658932,7.758473820,true,none
1785071861.135226011,per_message_full_scan,720,720,6.274458647,6.274458612,0.895833333,0.895833333,1,0.134269565,7.533674922,7.796432661,true,none
1785071862.135210991,per_message_full_scan,720,720,6.274458647,6.274458612,0.891666667,0.891666667,1,0.133117601,7.490081572,7.957020864,true,none
1785071863.135210752,per_message_full_scan,720,720,6.274458647,6.274458612,0.898611111,0.898611111,1,0.134317026,7.469583023,7.583879352,true,none
1785071864.136235476,per_message_full_scan,720,720,6.274458647,6.274458612,0.876388889,0.876388889,1,0.120098136,7.587112147,8.076269224,true,none
1785071865.135290623,per_message_full_scan,720,720,6.274458647,6.274458612,0.856944444,0.856944444,1,0.133873060,7.575716515,7.692663901,true,none
1785071866.135242224,per_message_full_scan,720,720,6.274458647,6.274458612,0.855555556,0.855555556,1,0.134246469,7.524737367,7.592152301,true,none
1785071867.135199547,per_message_full_scan,720,720,6.274458647,6.274458612,0.865277778,0.865277778,1,0.134070590,7.511300617,7.523520759,true,none
1785071868.135206938,per_message_full_scan,720,720,6.274458647,6.274458612,0.861111111,0.861111111,1,0.130321592,7.491893417,7.574063149,true,none
1785071869.136506081,per_message_full_scan,720,720,6.274458647,6.274458612,0.884722222,0.884722222,1,0.134056315,7.470471781,7.544204378,true,none
1785071870.135182381,per_message_full_scan,720,720,6.274458647,6.274458612,0.877777778,0.877777778,1,0.120436631,7.572611599,7.582338764,true,none
1785071871.135277271,per_message_full_scan,720,720,6.274458647,6.274458612,0.884722222,0.884722222,1,0.133926392,7.540276070,7.543905048,true,none
1785071872.135230541,per_message_full_scan,720,720,6.274458647,6.274458612,0.913888889,0.913888889,1,0.134531990,7.500712459,7.457922543,true,none
1785071873.135219574,per_message_full_scan,720,720,6.274458647,6.274458612,0.895833333,0.895833333,1,0.134149924,7.488478386,7.483547880,true,none
1785071874.135206938,per_message_full_scan,720,720,6.274458647,6.274458612,0.891666667,0.891666667,1,0.133878291,7.187146190,7.263853844,true,none
1785071875.164805889,per_message_full_scan,720,720,6.274458647,6.274458612,0.898611111,0.898611111,1,0.132975593,7.509738097,7.466755416,true,none
1785071876.135224581,per_message_full_scan,720,720,6.274458647,6.274458612,0.894444444,0.894444444,1,0.134325176,7.538542442,7.467610687,true,none
1785071877.155803680,per_message_full_scan,720,720,6.274458647,6.274458612,0.891666667,0.891666667,1,0.132098317,7.478067870,7.522829697,true,none
1785071878.135200500,per_message_full_scan,720,720,6.274458647,6.274458612,0.884722222,0.884722222,1,0.133595884,7.484802811,7.493755394,true,none
1785071879.135195732,per_message_full_scan,720,720,6.274458647,6.274458612,0.893055556,0.893055556,1,0.134276971,7.570065720,7.027563384,true,none
1785071880.135204315,per_message_full_scan,720,720,6.274458647,6.274458612,0.893055556,0.893055556,1,0.134224355,7.526955319,7.255186876,true,none
1785071881.157931566,per_message_full_scan,720,720,6.274458647,6.274458612,0.913888889,0.913888889,1,0.133081883,7.518729485,7.515255395,true,none
1785071882.135205269,per_message_full_scan,720,720,6.274458647,6.274458612,0.890277778,0.890277778,1,0.133678421,7.466600208,7.470659114,true,none
1785071883.158739090,per_message_full_scan,720,720,6.274458647,6.274458612,0.891666667,0.891666667,1,0.134205595,7.472629895,7.484070619,true,none
1785071884.135205984,per_message_full_scan,720,720,6.274458647,6.274458612,0.900000000,0.900000000,1,0.122035183,7.599542630,7.586253729,true,none
1785071885.150214672,per_message_full_scan,720,720,6.274458647,6.274458612,0.891666667,0.891666667,1,0.134185746,7.539862447,7.516113909,true,none
1785071886.135314465,per_message_full_scan,720,720,6.274458647,6.274458612,0.887500000,0.887500000,1,0.136034235,7.501052316,7.454176056,true,none
1785071887.139255285,per_message_full_scan,720,720,6.274458647,6.274458612,0.898611111,0.898611111,1,0.134204373,7.510208299,7.551422382,true,none
1785071888.135307312,per_message_full_scan,720,720,6.274458647,6.274458612,0.898611111,0.898611111,1,0.134219855,7.497603141,7.480776452,true,none
1785071889.139554262,per_message_full_scan,720,720,6.274458647,6.274458612,0.898611111,0.898611111,1,0.121839039,7.607253600,7.490017701,true,none
1785071890.135213852,per_message_full_scan,720,720,6.274458647,6.274458612,0.898611111,0.898611111,1,0.132982865,7.573637654,7.484778008,true,none
1785071891.135279179,per_message_full_scan,720,720,6.274458647,6.274458612,0.894444444,0.894444444,1,0.133727700,7.475203808,7.577005716,true,none
1785071892.135227442,per_message_full_scan,720,720,6.274458647,6.274458612,0.895833333,0.895833333,1,0.134149268,7.490695235,7.200868096,true,none
1785071893.135515928,per_message_full_scan,720,720,6.274458647,6.274458612,0.898611111,0.898611111,1,0.133324429,7.471348093,7.675536850,true,none
1785071894.135867357,per_message_full_scan,720,720,6.274458647,6.274458612,0.905555556,0.905555556,1,0.120558344,7.618492297,7.796010417,true,none
1785071895.135229588,per_message_full_scan,720,720,6.274458647,6.274458612,0.894444444,0.894444444,1,0.132321224,7.549596803,7.893222850,true,none
1785071896.135225773,per_message_full_scan,720,720,6.274458647,6.274458612,0.894444444,0.894444444,1,0.133002236,7.530214558,7.799338000,true,none
1785071897.144968271,per_message_full_scan,720,720,6.274458647,6.274458612,0.898611111,0.898611111,1,0.134210706,7.497181396,7.545728181,true,none
1785071898.135196447,per_message_full_scan,720,720,6.274458647,6.274458612,0.918055556,0.918055556,1,0.134271845,7.486111694,7.752617457,true,none
1785071899.135220051,per_message_full_scan,720,720,6.274458647,6.274458612,0.923611111,0.923611111,1,0.134235740,7.578979733,8.170761013,true,none
1785071900.135209560,per_message_full_scan,720,720,6.274458647,6.274458612,0.913888889,0.913888889,1,0.134168729,7.552823703,7.619493251,true,none
1785071901.135246754,per_message_full_scan,720,720,6.274458647,6.274458612,0.927777778,0.927777778,1,0.133907691,7.400462225,7.796450780,true,none
1785071902.135212898,per_message_full_scan,720,720,6.274458647,6.274458612,0.905555556,0.905555556,1,0.127515644,7.500300238,7.635874459,true,none
1785071903.135209322,per_message_full_scan,720,720,6.274458647,6.274458612,0.927777778,0.927777778,1,0.134131655,7.539104197,8.059160396,true,none
1785071904.135211468,per_message_full_scan,720,720,6.274458647,6.274458612,0.943055556,0.943055556,1,0.134030774,7.541804655,7.565537904,true,none
1785071905.135211945,per_message_full_scan,720,720,6.274458647,6.274458612,0.916666667,0.916666667,1,0.132341921,7.505337132,7.592425983,true,none
1785071906.135200739,per_message_full_scan,720,720,6.274458647,6.274458612,0.908333333,0.908333333,1,0.130864635,7.507251985,7.526158138,true,none
1785071907.135213614,per_message_full_scan,720,720,6.274458647,6.274458612,0.901388889,0.901388889,1,0.133541524,7.465371980,7.588891439,true,none
1785071908.135299683,per_message_full_scan,720,720,6.274458647,6.274458612,0.918055556,0.918055556,1,0.121951245,7.611451560,7.564524262,true,none
1785071909.135198116,per_message_full_scan,720,720,6.274458647,6.274458612,0.919444444,0.919444444,1,0.135508314,7.519359136,7.475019879,true,none
1785071910.135223389,per_message_full_scan,720,720,6.274458647,6.274458612,0.911111111,0.911111111,1,0.133916527,7.538880225,7.496248496,true,none
1785071911.135214806,per_message_full_scan,720,720,6.274458647,6.274458612,0.911111111,0.911111111,1,0.136377722,7.468077199,7.522406949,true,none
1785071912.168919086,per_message_full_scan,720,720,6.274458647,6.274458612,0.891666667,0.891666667,1,0.122082464,7.607047560,7.531280403,true,none
1785071913.135206938,per_message_full_scan,720,720,6.274458647,6.274458612,0.900000000,0.900000000,1,0.133187503,7.567603204,7.485082070,true,none
1785071914.135241985,per_message_full_scan,720,720,6.274458647,6.274458612,0.895833333,0.895833333,1,0.134151861,7.528959450,7.612105189,true,none
1785071915.135267735,per_message_full_scan,720,720,6.274458647,6.274458612,0.904166667,0.904166667,1,0.133545071,7.486306926,7.526183644,true,none
1785071916.135263681,per_message_full_scan,720,720,6.274458647,6.274458612,0.895833333,0.895833333,1,0.133648872,7.482267496,7.471403190,true,none
1785071917.135194540,per_message_full_scan,720,720,6.274458647,6.274458612,0.911111111,0.911111111,1,0.121293090,7.602222590,7.895446097,true,none
1785071918.152218580,per_message_full_scan,720,720,6.274458647,6.274458612,0.931944444,0.931944444,1,0.134440571,7.533080114,7.686301865,true,none
1785071919.135290146,per_message_full_scan,720,720,6.274458647,6.274458612,0.920833333,0.920833333,1,0.130965292,7.513639248,7.712191931,true,none
1785071920.145515442,per_message_full_scan,720,720,6.274458647,6.274458612,0.887500000,0.887500000,1,0.133437872,7.476719177,7.607754263,true,none
1785071921.135225058,per_message_full_scan,720,720,6.274458647,6.274458612,0.897222222,0.897222222,1,0.118572794,7.605013173,7.785440414,true,none
1785071922.135180235,per_message_full_scan,720,720,6.274458647,6.274458612,0.905555556,0.905555556,1,0.134095237,7.539593697,7.884566249,true,none
1785071923.135205746,per_message_full_scan,720,720,6.274458647,6.274458612,0.898611111,0.898611111,1,0.133627579,7.491991645,7.356085131,true,none
1785071924.135895729,per_message_full_scan,720,720,6.274458647,6.274458612,0.893055556,0.893055556,1,0.120653674,7.618260143,8.019920901,true,none
1785071925.135211706,per_message_full_scan,720,720,6.274458647,6.274458612,0.900000000,0.900000000,1,0.134051442,7.538168975,7.957594253,true,none
1785071926.155746698,per_message_full_scan,720,720,6.274458647,6.274458612,0.894444444,0.894444444,1,0.134112522,7.509932761,7.807018421,true,none
1785071927.135248184,per_message_full_scan,720,720,6.274458647,6.274458612,0.888888889,0.888888889,1,0.134040549,7.498510539,7.472858881,true,none
1785071928.147648573,per_message_full_scan,720,720,6.274458647,6.274458612,0.894444444,0.894444444,1,0.133209169,7.469571655,7.675423442,true,none
1785071929.135227680,per_message_full_scan,720,720,6.274458647,6.274458612,0.894444444,0.894444444,1,0.133755848,7.564696335,7.960747704,true,none
1785071930.146148682,per_message_full_scan,720,720,6.274458647,6.274458612,0.894444444,0.894444444,1,0.131855652,7.513990427,7.680843590,true,none
1785071931.135212183,per_message_full_scan,720,720,6.274458647,6.274458612,0.891666667,0.891666667,1,0.134130076,7.485259741,7.645758372,true,none
1785071932.135490894,per_message_full_scan,720,720,6.274458647,6.274458612,0.886111111,0.886111111,1,0.119802602,7.615644119,7.578401898,true,none
1785071933.135213852,per_message_full_scan,720,720,6.274458647,6.274458612,0.898611111,0.898611111,1,0.134105563,7.562223794,8.058470828,true,none
1785071934.135200500,per_message_full_scan,720,720,6.274458647,6.274458612,0.897222222,0.897222222,1,0.134536281,7.479934920,7.739495500,true,none
1785071935.135197163,per_message_full_scan,720,720,6.274458647,6.274458612,0.895833333,0.895833333,1,0.133563429,7.470220284,7.581411688,true,none
1785071936.135209322,per_message_full_scan,720,720,6.274458647,6.274458612,0.897222222,0.897222222,1,0.134132519,7.572644491,7.612553474,true,none
1785071937.135197401,per_message_full_scan,720,720,6.274458647,6.274458612,0.900000000,0.900000000,1,0.134375528,7.512960473,7.497030265,true,none
1785071938.135201693,per_message_full_scan,720,720,6.274458647,6.274458612,0.905555556,0.905555556,1,0.133212715,7.464965423,7.542537106,true,none
1785071939.135207891,per_message_full_scan,720,720,6.274458647,6.274458612,0.901388889,0.901388889,1,0.121901058,7.624339860,7.582306059,true,none
1785071940.135209322,per_message_full_scan,720,720,6.274458647,6.274458612,0.901388889,0.901388889,1,0.134188965,7.520766388,7.598991614,true,none
1785071941.135201693,per_message_full_scan,720,720,6.274458647,6.274458612,0.890277778,0.890277778,1,0.133266494,7.481368801,7.578552992,true,none
1785071942.135199547,per_message_full_scan,720,720,6.274458647,6.274458612,0.898611111,0.898611111,1,0.121196814,7.619514854,7.992430880,true,none
1785071943.168236256,per_message_full_scan,720,720,6.274458647,6.274458612,0.884722222,0.884722222,1,0.133994713,7.532427861,7.670785457,true,none
1785071944.135203123,per_message_full_scan,720,720,6.274458647,6.274458612,0.897222222,0.897222222,1,0.134177908,7.491359519,7.559038291,true,none
1785071945.168785095,per_message_full_scan,720,720,6.274458647,6.274458612,0.902777778,0.902777778,1,0.121661246,7.593657325,7.524202228,true,none
1785071946.135207653,per_message_full_scan,720,720,6.274458647,6.274458612,0.890277778,0.890277778,1,0.134152651,7.574925799,7.498483908,true,none
1785071947.160864592,per_message_full_scan,720,720,6.274458647,6.274458612,0.898611111,0.898611111,1,0.131776780,7.524695638,7.626268662,true,none
1785071948.135214567,per_message_full_scan,720,720,6.274458647,6.274458612,0.893055556,0.893055556,1,0.134266734,7.492707106,7.497542687,true,none
1785071949.158201694,per_message_full_scan,720,720,6.274458647,6.274458612,0.893055556,0.893055556,1,0.121944055,7.621293775,7.497198154,true,none
1785071950.135201216,per_message_full_scan,720,720,6.274458647,6.274458612,0.894444444,0.894444444,1,0.134312943,7.552126019,7.600263452,true,none
1785071951.151479244,per_message_full_scan,720,720,6.274458647,6.274458612,0.897222222,0.897222222,1,0.132781759,7.513389791,7.559762542,true,none
1785071952.135300159,per_message_full_scan,720,720,6.274458647,6.274458612,0.895833333,0.895833333,1,0.133859888,7.478404099,7.484319756,true,none
1785071953.150277138,per_message_full_scan,720,720,6.274458647,6.274458612,0.890277778,0.890277778,1,0.134205073,7.565781725,7.465415153,true,none
1785071954.135191917,per_message_full_scan,720,720,6.274458647,6.274458612,0.902777778,0.902777778,1,0.132320151,7.541387290,7.525048807,true,none
1785071955.135246992,per_message_full_scan,720,720,6.274458647,6.274458612,0.888888889,0.888888889,1,0.135602593,7.454857165,7.572708533,true,none
1785071956.135592222,per_message_full_scan,720,720,6.274458647,6.274458612,0.895833333,0.895833333,1,0.133775145,7.466193891,7.575703893,true,none
1785071957.135176182,per_message_full_scan,720,720,6.274458647,6.274458612,0.895833333,0.895833333,1,0.134189561,7.541219014,7.509452834,true,none
1785071958.135205746,per_message_full_scan,720,720,6.274458647,6.274458612,0.894444444,0.894444444,1,0.133606166,7.541343646,7.521795366,true,none
1785071959.135216236,per_message_full_scan,720,720,6.274458647,6.274458612,0.887500000,0.887500000,1,0.134144753,7.488832585,7.571940482,true,none
1785071960.135216951,per_message_full_scan,720,720,6.274458647,6.274458612,0.890277778,0.890277778,1,0.122867055,7.594939923,7.550849665,true,none
1785071961.135241032,per_message_full_scan,720,720,6.274458647,6.274458612,0.888888889,0.888888889,1,0.133978635,7.540872910,7.507036984,true,none
1785071962.135359287,per_message_full_scan,720,720,6.274458647,6.274458612,0.895833333,0.895833333,1,0.134520188,7.502053604,7.489394476,true,none
1785071963.135289431,per_message_full_scan,720,720,6.274458647,6.274458612,0.911111111,0.911111111,1,0.134145260,7.418921413,7.576681700,true,none
1785071964.135298014,per_message_full_scan,720,720,6.274458647,6.274458612,0.891666667,0.891666667,1,0.122026503,7.599074279,7.574691395,true,none
1785071965.135239363,per_message_full_scan,720,720,6.274458647,6.274458612,0.887500000,0.887500000,1,0.128459632,7.551671110,7.594894335,true,none
1785071966.135478020,per_message_full_scan,720,720,6.274458647,6.274458612,0.902777778,0.902777778,1,0.121940874,7.593743764,7.746575720,true,none
1785071967.135225296,per_message_full_scan,720,720,6.274458647,6.274458612,0.893055556,0.893055556,1,0.132864058,7.558222583,7.887979282,true,none
1785071968.135186672,per_message_full_scan,720,720,6.274458647,6.274458612,0.897222222,0.897222222,1,0.133948714,7.506000138,7.829062513,true,none
1785071969.135208607,per_message_full_scan,720,720,6.274458647,6.274458612,0.893055556,0.893055556,1,0.134394750,7.482257860,7.959605591,true,none
1785071970.135439873,per_message_full_scan,720,720,6.274458647,6.274458612,0.879166667,0.879166667,1,0.134272799,7.472591628,7.596837366,true,none
1785071971.136983871,per_message_full_scan,720,720,6.274458647,6.274458612,0.893055556,0.893055556,1,0.121147923,7.617122219,7.967871675,true,none
1785071972.135684490,per_message_full_scan,720,720,6.274458647,6.274458612,0.883333333,0.883333333,1,0.134006023,7.586026963,7.568847277,true,none
1785071973.135199547,per_message_full_scan,720,720,6.274458647,6.274458612,0.888888889,0.888888889,1,0.134604678,7.494551688,7.559934080,true,none
1785071974.135369301,per_message_full_scan,720,720,6.274458647,6.274458612,0.888888889,0.888888889,1,0.131331876,7.512019498,7.610688557,true,none
1785071975.135200024,per_message_full_scan,720,720,6.274458647,6.274458612,0.888888889,0.888888889,1,0.134912521,7.441284113,7.579085307,true,none
1785071976.135732412,per_message_full_scan,720,720,6.274458647,6.274458612,0.905555556,0.905555556,1,0.122043297,7.613721349,7.511260527,true,none
1785071977.135199070,per_message_full_scan,720,720,6.274458647,6.274458612,0.929166667,0.929166667,1,0.132443726,7.545622385,7.616280314,true,none
1785071978.135190487,per_message_full_scan,720,720,6.274458647,6.274458612,0.922222222,0.922222222,1,0.133795753,7.510561378,7.576148764,true,none
1785071979.135199785,per_message_full_scan,720,720,6.274458647,6.274458612,0.911111111,0.911111111,1,0.134187967,7.480253363,7.476022430,true,none
1785071980.135502100,per_message_full_scan,720,720,6.274458647,6.274458612,0.904166667,0.904166667,1,0.132006168,7.501526577,7.699829967,true,none
1785071981.135229111,per_message_full_scan,720,720,6.274458647,6.274458612,0.895833333,0.895833333,1,0.133820668,7.456238754,7.508733428,true,none
1785071982.161762476,per_message_full_scan,720,720,6.274458647,6.274458612,0.895833333,0.895833333,1,0.133433416,7.538873912,7.476536472,true,none
1785071983.135222197,per_message_full_scan,720,720,6.274458647,6.274458612,0.890277778,0.890277778,1,0.131140068,7.584929797,7.448003755,true,none
1785071984.161751747,per_message_full_scan,720,720,6.274458647,6.274458612,0.895833333,0.895833333,1,0.133081615,7.525588980,7.411590456,true,none
1785071985.135244846,per_message_full_scan,720,720,6.274458647,6.274458612,0.895833333,0.895833333,1,0.135126814,7.470771861,7.480089440,true,none
1785071986.143958807,per_message_full_scan,720,720,6.274458647,6.274458612,0.897222222,0.897222222,1,0.132691875,7.528063481,7.545140155,true,none
1785071987.135214090,per_message_full_scan,720,720,6.274458647,6.274458612,0.895833333,0.895833333,1,0.133683696,7.527515866,7.503438145,true,none
1785071988.135167599,per_message_full_scan,720,720,6.274458647,6.274458612,0.906944444,0.906944444,1,0.134607047,7.561517189,7.592871278,true,none
1785071989.135215759,per_message_full_scan,720,720,6.274458647,6.274458612,0.898611111,0.898611111,1,0.119608030,7.683057635,8.148887744,true,none
1785071990.135218620,per_message_full_scan,720,720,6.274458647,6.274458612,0.901388889,0.901388889,1,0.121997781,7.643782684,7.673514137,true,none
1785071991.164538622,per_message_full_scan,720,720,6.274458647,6.274458612,0.890277778,0.890277778,1,0.121947244,7.652861511,7.534511419,true,none
1785071992.135216713,per_message_full_scan,720,720,6.274458647,6.274458612,0.900000000,0.900000000,1,0.121855840,7.680678970,7.514227782,true,none
1785071993.135228395,per_message_full_scan,720,720,6.274458647,6.274458612,0.898611111,0.898611111,1,0.121891282,7.667053562,8.047167602,true,none
1785071994.135211468,per_message_full_scan,720,720,6.274458647,6.274458612,0.898611111,0.898611111,1,0.134098947,7.533741917,7.907344442,true,none
1785071995.135207653,per_message_full_scan,720,720,6.274458647,6.274458612,0.898611111,0.898611111,1,0.134731233,7.511641408,7.715495315,true,none
1785071996.135224819,per_message_full_scan,720,720,6.274458647,6.274458612,0.900000000,0.900000000,1,0.134148538,7.552537050,7.659638102,true,none
1785071997.135237455,per_message_full_scan,720,720,6.274458647,6.274458612,0.901388889,0.901388889,1,0.133785084,7.554688180,7.556884482,true,none
1785071998.175691843,per_message_full_scan,720,720,6.274458647,6.274458612,0.902777778,0.902777778,1,0.133386835,7.541164609,7.568721356,true,none
1785071999.135211468,per_message_full_scan,720,720,6.274458647,6.274458612,0.895833333,0.895833333,1,0.134147063,7.531889315,7.673979899,true,none
1785072000.142064333,per_message_full_scan,720,720,6.274458647,6.274458612,0.897222222,0.897222222,1,0.133988127,7.562340698,7.496019443,true,none
1785072001.135214090,per_message_full_scan,720,720,6.274458647,6.274458612,0.898611111,0.898611111,1,0.131259516,7.603271315,7.558829433,true,none
1785072002.135224581,per_message_full_scan,720,720,6.274458647,6.274458612,0.895833333,0.895833333,1,0.133800015,7.585357599,7.679304088,true,none
1785072003.135238409,per_message_full_scan,720,720,6.274458647,6.274458612,0.893055556,0.893055556,1,0.134103715,7.610211695,7.849984141,true,none
1785072004.135215044,per_message_full_scan,720,720,6.274458647,6.274458612,0.900000000,0.900000000,1,0.134018764,7.613227695,7.868733059,true,none
1785072005.153825521,per_message_full_scan,720,720,6.274458647,6.274458612,0.890277778,0.890277778,1,0.134150103,7.606441176,7.603861177,true,none
1785072006.135223389,per_message_full_scan,720,720,6.274458647,6.274458612,0.898611111,0.898611111,1,0.134203538,7.615397399,7.536940072,true,none
1785072007.152489901,per_message_full_scan,720,720,6.274458647,6.274458612,0.900000000,0.900000000,1,0.135028452,7.593232328,7.566381009,true,none
1785072008.135226727,per_message_full_scan,720,720,6.274458647,6.274458612,0.888888889,0.888888889,1,0.134189278,7.626424441,8.024819724,true,none
1785072009.135210514,per_message_full_scan,720,720,6.274458647,6.274458612,0.888888889,0.888888889,1,0.134128779,7.608451246,7.607794745,true,none
1785072010.144999504,per_message_full_scan,720,720,6.274458647,6.274458612,0.900000000,0.900000000,1,0.133953273,7.586792517,8.032249454,true,none
1785072011.135221243,per_message_full_scan,720,720,6.274458647,6.274458612,0.897222222,0.897222222,1,0.133186415,7.602988113,7.986787807,true,none
1785072012.135216236,per_message_full_scan,720,720,6.274458647,6.274458612,0.888888889,0.888888889,1,0.133818313,7.608362629,7.958257431,true,none
1785072013.135209560,per_message_full_scan,720,720,6.274458647,6.274458612,0.898611111,0.898611111,1,0.130963057,7.615460625,7.617750711,true,none
1785072014.135202646,per_message_full_scan,720,720,6.274458647,6.274458612,0.906944444,0.906944444,1,0.133930117,7.597967127,7.609602941,true,none
1785072015.135200739,per_message_full_scan,720,720,6.274458647,6.274458612,0.904166667,0.904166667,1,0.134033337,7.610040519,7.987067773,true,none
1785072016.135808945,per_message_full_scan,720,720,6.274458647,6.274458612,0.901388889,0.901388889,1,0.133819625,7.607179151,7.721151105,true,none
1785072017.152834892,per_message_full_scan,720,720,6.274458647,6.274458612,0.895833333,0.895833333,1,0.133343801,7.579316117,7.571506328,true,none
1785072018.135225534,per_message_full_scan,720,720,6.274458647,6.274458612,0.901388889,0.901388889,1,0.134239838,7.598556117,7.502433963,true,none
1785072019.135224581,per_message_full_scan,720,720,6.274458647,6.274458612,0.897222222,0.897222222,1,0.135577828,7.554384818,7.901982880,true,none
1785072020.135231495,per_message_full_scan,720,720,6.274458647,6.274458612,0.898611111,0.898611111,1,0.134138986,7.610457482,7.921141341,true,none
1785072021.135207653,per_message_full_scan,720,720,6.274458647,6.274458612,0.900000000,0.900000000,1,0.134220377,7.600062324,7.551965327,true,none
1785072022.167193413,per_message_full_scan,720,720,6.274458647,6.274458612,0.890277778,0.890277778,1,0.133088350,7.547070112,7.616190659,true,none
1785072023.135210991,per_message_full_scan,720,720,6.274458647,6.274458612,0.897222222,0.897222222,1,0.133642226,7.610980535,7.988878932,true,none
1785072024.135204077,per_message_full_scan,720,720,6.274458647,6.274458612,0.897222222,0.897222222,1,0.134348407,7.572809308,7.813459454,true,none
1785072025.135198355,per_message_full_scan,720,720,6.274458647,6.274458612,0.893055556,0.893055556,1,0.134111911,7.609190727,7.582561045,true,none
1785072026.135197878,per_message_full_scan,720,720,6.274458647,6.274458612,0.893055556,0.893055556,1,0.134162337,7.558584592,7.483538524,true,none
1785072027.135214806,per_message_full_scan,720,720,6.274458647,6.274458612,0.902777778,0.902777778,1,0.133801877,7.574947410,7.975459418,true,none
1785072028.135526419,per_message_full_scan,720,720,6.274458647,6.274458612,0.895833333,0.895833333,1,0.133662775,7.570404424,7.863600385,true,none
1785072029.152333260,per_message_full_scan,720,720,6.274458647,6.274458612,0.891666667,0.891666667,1,0.134037808,7.545925102,7.535039525,true,none
1785072030.135213852,per_message_full_scan,720,720,6.274458647,6.274458612,0.900000000,0.900000000,1,0.134481594,7.562783568,7.483364752,true,none
1785072031.135211468,per_message_full_scan,720,720,6.274458647,6.274458612,0.897222222,0.897222222,1,0.134236500,7.536885711,8.164043339,true,none
1785072032.135221004,per_message_full_scan,720,720,6.274458647,6.274458612,0.897222222,0.897222222,1,0.134199023,7.549235486,7.657640395,true,none
1785072033.135241985,per_message_full_scan,720,720,6.274458647,6.274458612,0.893055556,0.893055556,1,0.121643856,7.691089588,7.987104984,true,none
1785072034.171431780,per_message_full_scan,720,720,6.274458647,6.274458612,0.884722222,0.884722222,1,0.117983177,7.691116401,7.541117651,true,none
1785072035.135213375,per_message_full_scan,720,720,6.274458647,6.274458612,0.904166667,0.904166667,1,0.122067556,7.685176506,8.225951492,true,none
1785072036.135223150,per_message_full_scan,720,720,6.274458647,6.274458612,0.890277778,0.890277778,1,0.122025207,7.626837240,7.612184338,true,none
1785072037.135213375,per_message_full_scan,720,720,6.274458647,6.274458612,0.898611111,0.898611111,1,0.119543068,7.689473276,7.545747790,true,none
1785072038.135214806,per_message_full_scan,720,720,6.274458647,6.274458612,0.894444444,0.894444444,1,0.121815413,7.659780894,7.975612255,true,none
1785072039.151944160,per_message_full_scan,720,720,6.274458647,6.274458612,0.898611111,0.898611111,1,0.133013457,7.626799853,7.763585441,true,none
1785072040.135220528,per_message_full_scan,720,720,6.274458647,6.274458612,0.893055556,0.893055556,1,0.134154394,7.629514646,7.586847593,true,none
1785072041.150088549,per_message_full_scan,720,720,6.274458647,6.274458612,0.894444444,0.894444444,1,0.134363040,7.600797067,7.491851526,true,none
1785072042.135219574,per_message_full_scan,720,720,6.274458647,6.274458612,0.900000000,0.900000000,1,0.133992791,7.623256523,8.011529398,true,none
1785072043.135219097,per_message_full_scan,720,720,6.274458647,6.274458612,0.895833333,0.895833333,1,0.134175450,7.588102724,7.724061080,true,none
1785072044.135212660,per_message_full_scan,720,720,6.274458647,6.274458612,0.891666667,0.891666667,1,0.134164155,7.609513393,7.568842690,true,none
1785072045.135211229,per_message_full_scan,720,720,6.274458647,6.274458612,0.900000000,0.900000000,1,0.134164289,7.574203532,7.544294908,true,none
1785072046.170092106,per_message_full_scan,720,720,6.274458647,6.274458612,0.893055556,0.893055556,1,0.134074062,7.548091929,7.684288187,true,none
1785072047.135211945,per_message_full_scan,720,720,6.274458647,6.274458612,0.901388889,0.901388889,1,0.133058518,7.567910036,7.750439489,true,none
1785072048.135221958,per_message_full_scan,720,720,6.274458647,6.274458612,0.897222222,0.897222222,1,0.134486333,7.518614115,7.525476172,true,none
1785072049.135216951,per_message_full_scan,720,720,6.274458647,6.274458612,0.890277778,0.890277778,1,0.134075820,7.536391407,7.550331415,true,none
1785072050.135219097,per_message_full_scan,720,720,6.274458647,6.274458612,0.890277778,0.890277778,1,0.121825226,7.693194477,7.940580682,true,none
1785072051.150690317,per_message_full_scan,720,720,6.274458647,6.274458612,0.897222222,0.897222222,1,0.121575080,7.663231338,7.593919639,true,none
1785072052.135244846,per_message_full_scan,720,720,6.274458647,6.274458612,0.898611111,0.898611111,1,0.121012278,7.685673974,7.557226206,true,none
1785072053.136086226,per_message_full_scan,720,720,6.274458647,6.274458612,0.891666667,0.891666667,1,0.121563286,7.661328370,8.185928590,true,none
1785072054.135245562,per_message_full_scan,720,720,6.274458647,6.274458612,0.888888889,0.888888889,1,0.121733323,7.668542686,8.130619007,true,none
1785072055.135210514,per_message_full_scan,720,720,6.274458647,6.274458612,0.901388889,0.901388889,1,0.134003922,7.628761755,7.642071375,true,none
1785072056.170235872,per_message_full_scan,720,720,6.274458647,6.274458612,0.900000000,0.900000000,1,0.134166583,7.606643116,7.508164770,true,none
1785072057.135218143,per_message_full_scan,720,720,6.274458647,6.274458612,0.901388889,0.901388889,1,0.134062633,7.614075342,7.978548340,true,none
1785072058.135203838,per_message_full_scan,720,720,6.274458647,6.274458612,0.898611111,0.898611111,1,0.134128734,7.584355677,7.684472473,true,none
1785072059.135204077,per_message_full_scan,720,720,6.274458647,6.274458612,0.897222222,0.897222222,1,0.134245038,7.607027275,7.588039099,true,none
1785072060.135211468,per_message_full_scan,720,720,6.274458647,6.274458612,0.894444444,0.894444444,1,0.132256895,7.579661039,7.504932526,true,none
1785072061.135234118,per_message_full_scan,720,720,6.274458647,6.274458612,0.897222222,0.897222222,1,0.134062439,7.620926681,8.042468161,true,none
1785072062.135214567,per_message_full_scan,720,720,6.274458647,6.274458612,0.900000000,0.900000000,1,0.134142637,7.573268762,7.637162933,true,none
1785072063.149543524,per_message_full_scan,720,720,6.274458647,6.274458612,0.894444444,0.894444444,1,0.134144723,7.536147940,7.505764799,true,none
1785072064.135214806,per_message_full_scan,720,720,6.274458647,6.274458612,0.895833333,0.895833333,1,0.134171471,7.538560196,7.477057272,true,none
1785072065.135776043,per_message_full_scan,720,720,6.274458647,6.274458612,0.888888889,0.888888889,1,0.121809021,7.668907424,8.128830420,true,none
1785072066.135196686,per_message_full_scan,720,720,6.274458647,6.274458612,0.898611111,0.898611111,1,0.121770337,7.685691689,7.666554191,true,none
1785072067.135208130,per_message_full_scan,720,720,6.274458647,6.274458612,0.905555556,0.905555556,1,0.134104207,7.628476716,7.556089811,true,none
1785072068.135206461,per_message_full_scan,720,720,6.274458647,6.274458612,0.895833333,0.895833333,1,0.134033263,7.610152831,7.962476604,true,none
1785072069.135203123,per_message_full_scan,720,720,6.274458647,6.274458612,0.909722222,0.909722222,1,0.133698374,7.620009424,7.639644593,true,none
1785072070.135195017,per_message_full_scan,720,720,6.274458647,6.274458612,0.923611111,0.923611111,1,0.134161428,7.571214668,7.543873795,true,none
1785072071.135216236,per_message_full_scan,720,720,6.274458647,6.274458612,0.931944444,0.931944444,1,0.134154439,7.571189625,7.614187996,true,none
1785072072.135248423,per_message_full_scan,720,720,6.274458647,6.274458612,0.915277778,0.915277778,1,0.134098932,7.545933109,7.751739573,true,none
1785072073.147968769,per_message_full_scan,720,720,6.274458647,6.274458612,0.915277778,0.915277778,1,0.121802136,7.662872028,7.614937768,true,none
1785072074.135209322,per_message_full_scan,720,720,6.274458647,6.274458612,0.927777778,0.927777778,1,0.121329106,7.684704876,7.626628285,true,none
1785072075.135205746,per_message_full_scan,720,720,6.274458647,6.274458612,0.883333333,0.883333333,1,0.134247035,7.630254095,7.960100348,true,none
1785072076.135210514,per_message_full_scan,720,720,6.274458647,6.274458612,0.886111111,0.886111111,1,0.134196788,7.633598601,7.720465330,true,none
1785072077.135231495,per_message_full_scan,720,720,6.274458647,6.274458612,0.893055556,0.893055556,1,0.133610114,7.575753140,7.506913252,true,none
1785072078.136744976,per_message_full_scan,720,720,6.274458647,6.274458612,0.887500000,0.887500000,1,0.134058669,7.549750635,8.022842350,true,none
1785072079.135211468,per_message_full_scan,720,720,6.274458647,6.274458612,0.888888889,0.888888889,1,0.135209396,7.521581076,7.606100382,true,none
1785072080.135195494,per_message_full_scan,720,720,6.274458647,6.274458612,0.888888889,0.888888889,1,0.121005647,7.667363928,7.509760070,true,none
1785072081.135211945,per_message_full_scan,720,720,6.274458647,6.274458612,0.884722222,0.884722222,1,0.134166285,7.547207487,7.690098724,true,none
1785072082.135221720,per_message_full_scan,720,720,6.274458647,6.274458612,0.897222222,0.897222222,1,0.121824004,7.662046491,7.999321520,true,none
1785072083.155405998,per_message_full_scan,720,720,6.274458647,6.274458612,0.891666667,0.891666667,1,0.133602053,7.622080617,7.585851054,true,none
1785072084.135218382,per_message_full_scan,720,720,6.274458647,6.274458612,0.898611111,0.898611111,1,0.134052619,7.632590192,7.539240710,true,none
1785072085.135205746,per_message_full_scan,720,720,6.274458647,6.274458612,0.887500000,0.887500000,1,0.134035975,7.576033908,8.130111463,true,none
1785072086.135236979,per_message_full_scan,720,720,6.274458647,6.274458612,0.890277778,0.890277778,1,0.133669794,7.609152504,7.667195195,true,none
1785072087.135217667,per_message_full_scan,720,720,6.274458647,6.274458612,0.902777778,0.902777778,1,0.134183154,7.568814835,7.531163145,true,none
1785072088.145742893,per_message_full_scan,720,720,6.274458647,6.274458612,0.894444444,0.894444444,1,0.120453052,7.690083563,7.938605667,true,none
1785072089.135246754,per_message_full_scan,720,720,6.274458647,6.274458612,0.894444444,0.894444444,1,0.134001136,7.546925682,7.833472190,true,none
1785072090.135212183,per_message_full_scan,720,720,6.274458647,6.274458612,0.897222222,0.897222222,1,0.121995613,7.669345441,7.592034117,true,none
1785072091.135221004,per_message_full_scan,720,720,6.274458647,6.274458612,0.891666667,0.891666667,1,0.121883854,7.665513909,7.557104784,true,none
1785072092.135204315,per_message_full_scan,720,720,6.274458647,6.274458612,0.886111111,0.886111111,1,0.134041309,7.613347760,7.962319303,true,none
1785072093.155280113,per_message_full_scan,720,720,6.274458647,6.274458612,0.898611111,0.898611111,1,0.133666143,7.574742486,7.615338518,true,none
1785072094.135231018,per_message_full_scan,720,720,6.274458647,6.274458612,0.897222222,0.897222222,1,0.134163782,7.566695416,7.555770892,true,none
1785072095.152953863,per_message_full_scan,720,720,6.274458647,6.274458612,0.895833333,0.895833333,1,0.134104013,7.547753764,7.580624570,true,none
1785072096.135204077,per_message_full_scan,720,720,6.274458647,6.274458612,0.887500000,0.887500000,1,0.130689025,7.576242239,7.995417649,true,none
1785072097.135219812,per_message_full_scan,720,720,6.274458647,6.274458612,0.894444444,0.894444444,1,0.122024700,7.686470594,7.637470082,true,none
1785072098.143599510,per_message_full_scan,720,720,6.274458647,6.274458612,0.898611111,0.898611111,1,0.121893741,7.658609916,8.013812875,true,none
1785072099.135230541,per_message_full_scan,720,720,6.274458647,6.274458612,0.900000000,0.900000000,1,0.121842779,7.677389560,8.040547681,true,none
1785072100.135213375,per_message_full_scan,720,720,6.274458647,6.274458612,0.905555556,0.905555556,1,0.133713409,7.616796930,7.687601264,true,none
1785072101.135217428,per_message_full_scan,720,720,6.274458647,6.274458612,0.890277778,0.890277778,1,0.133831054,7.617816353,7.503898364,true,none
1785072102.135217428,per_message_full_scan,720,720,6.274458647,6.274458612,0.881944444,0.881944444,1,0.133862287,7.585546667,7.549886061,true,none
1785072103.135205269,per_message_full_scan,720,720,6.274458647,6.274458612,0.890277778,0.890277778,1,0.133541033,7.588585260,7.876555028,true,none
1785072104.135207176,per_message_full_scan,720,720,6.274458647,6.274458612,0.902777778,0.902777778,1,0.133528247,7.555394470,7.543324412,true,none
1785072105.160533667,per_message_full_scan,720,720,6.274458647,6.274458612,0.890277778,0.890277778,1,0.121181704,7.693088455,7.499259008,true,none
1785072106.135212660,per_message_full_scan,720,720,6.274458647,6.274458612,0.886111111,0.886111111,1,0.121895447,7.670923410,7.780506198,true,none
1785072107.135457516,per_message_full_scan,720,720,6.274458647,6.274458612,0.888888889,0.888888889,1,0.132898748,7.596125328,7.531407605,true,none
1785072108.135226965,per_message_full_scan,720,720,6.274458647,6.274458612,0.884722222,0.884722222,1,0.134023041,7.614131181,7.592849647,true,none
1785072109.135210037,per_message_full_scan,720,720,6.274458647,6.274458612,0.879166667,0.879166667,1,0.132752344,7.584309207,7.587870944,true,none
1785072110.140368223,per_message_full_scan,720,720,6.274458647,6.274458612,0.891666667,0.891666667,1,0.134208113,7.572720188,7.647849383,true,none
1785072111.135214329,per_message_full_scan,720,720,6.274458647,6.274458612,0.876388889,0.876388889,1,0.134149820,7.571094403,7.517993284,true,none
1785072112.135235071,per_message_full_scan,720,720,6.274458647,6.274458612,0.887500000,0.887500000,1,0.121795744,7.691183025,8.163287878,true,none
1785072113.135208845,per_message_full_scan,720,720,6.274458647,6.274458612,0.883333333,0.883333333,1,0.121838093,7.675432246,7.828937814,true,none
1785072114.135208845,per_message_full_scan,720,720,6.274458647,6.274458612,0.881944444,0.881944444,1,0.133940101,7.615442486,7.571403134,true,none
1785072115.159903526,per_message_full_scan,720,720,6.274458647,6.274458612,0.883333333,0.883333333,1,0.134036958,7.578944215,7.508223347,true,none
1785072116.135218382,per_message_full_scan,720,720,6.274458647,6.274458612,0.887500000,0.887500000,1,0.133936659,7.571753541,7.603991257,true,none
1785072117.135216475,per_message_full_scan,720,720,6.274458647,6.274458612,0.887500000,0.887500000,1,0.121888466,7.669182971,7.571531509,true,none
1785072118.135217428,per_message_full_scan,720,720,6.274458647,6.274458612,0.888888889,0.888888889,1,0.134189278,7.549139446,7.540318334,true,none
1785072119.135237694,per_message_full_scan,720,720,6.274458647,6.274458612,0.880555556,0.880555556,1,0.120967463,7.670350875,8.161625837,true,none
1785072120.139160872,per_message_full_scan,720,720,6.274458647,6.274458612,0.881944444,0.881944444,1,0.134214401,7.609020181,7.704798118,true,none
1785072121.135207653,per_message_full_scan,720,720,6.274458647,6.274458612,0.883333333,0.883333333,1,0.133559629,7.617367638,7.614209899,true,none
1785072122.135793209,per_message_full_scan,720,720,6.274458647,6.274458612,0.883333333,0.883333333,1,0.134000465,7.574126005,7.696032669,true,none
1785072123.135295391,per_message_full_scan,720,720,6.274458647,6.274458612,0.881944444,0.881944444,1,0.134143800,7.575269909,7.878134220,true,none
1785072124.135210514,per_message_full_scan,720,720,6.274458647,6.274458612,0.893055556,0.893055556,1,0.134149671,7.545633313,7.638238385,true,none
1785072125.135223389,per_message_full_scan,720,720,6.274458647,6.274458612,0.880555556,0.880555556,1,0.121733598,7.658700453,8.015244963,true,none
1785072126.135258913,per_message_full_scan,720,720,6.274458647,6.274458612,0.891666667,0.891666667,1,0.121877410,7.668690100,7.634498327,true,none
1785072127.135209322,per_message_full_scan,720,720,6.274458647,6.274458612,0.881944444,0.881944444,1,0.134115562,7.614334309,7.521785004,true,none
1785072128.135240555,per_message_full_scan,720,720,6.274458647,6.274458612,0.888888889,0.888888889,1,0.134401336,7.599626320,7.467145028,true,none
1785072129.135221958,per_message_full_scan,720,720,6.274458647,6.274458612,0.890277778,0.890277778,1,0.133942619,7.583499672,7.679534152,true,none
1785072130.147361517,per_message_full_scan,720,720,6.274458647,6.274458612,0.887500000,0.887500000,1,0.121972553,7.690807905,7.637550879,true,none
1785072131.135216713,per_message_full_scan,720,720,6.274458647,6.274458612,0.894444444,0.894444444,1,0.121935725,7.684554674,7.539625778,true,none
1785072132.135222673,per_message_full_scan,720,720,6.274458647,6.274458612,0.883333333,0.883333333,1,0.134108976,7.635214736,7.821543875,true,none
1785072133.135206223,per_message_full_scan,720,720,6.274458647,6.274458612,0.894444444,0.894444444,1,0.134049430,7.634871920,7.712635794,true,none
1785072134.135304213,per_message_full_scan,720,720,6.274458647,6.274458612,0.888888889,0.888888889,1,0.134102464,7.575661775,7.552189601,true,none
1785072135.135155916,per_message_full_scan,720,720,6.274458647,6.274458612,0.884722222,0.884722222,1,0.121828616,7.701248646,8.047872568,true,none
1785072136.135219812,per_message_full_scan,720,720,6.274458647,6.274458612,0.891666667,0.891666667,1,0.121856853,7.688931775,7.704603932,true,none
1785072137.135205984,per_message_full_scan,720,720,6.274458647,6.274458612,0.890277778,0.890277778,1,0.133642077,7.631559995,7.599654316,true,none
1785072138.135281086,per_message_full_scan,720,720,6.274458647,6.274458612,0.894444444,0.894444444,1,0.133969679,7.636446739,7.573333015,true,none
1785072139.135213137,per_message_full_scan,720,720,6.274458647,6.274458612,0.868055556,0.868055556,1,0.133917898,7.592250580,7.657189377,true,none
1785072140.153968573,per_message_full_scan,720,720,6.274458647,6.274458612,0.884722222,0.884722222,1,0.121086851,7.697644409,7.508128786,true,none
1785072141.135223627,per_message_full_scan,720,720,6.274458647,6.274458612,0.884722222,0.884722222,1,0.121447936,7.691652856,8.052023793,true,none
1785072142.135202408,per_message_full_scan,720,720,6.274458647,6.274458612,0.886111111,0.886111111,1,0.134082988,7.635574862,7.849892109,true,none
1785072143.135212898,per_message_full_scan,720,720,6.274458647,6.274458612,0.879166667,0.879166667,1,0.133939877,7.635703231,7.691927445,true,none
1785072144.135221004,per_message_full_scan,720,720,6.274458647,6.274458612,0.888888889,0.888888889,1,0.133085474,7.585347319,7.513770937,true,none
1785072145.135168791,per_message_full_scan,720,720,6.274458647,6.274458612,0.897222222,0.897222222,1,0.134328246,7.554081742,7.693844066,true,none
1785072146.135221243,per_message_full_scan,720,720,6.274458647,6.274458612,0.886111111,0.886111111,1,0.121776156,7.694908997,7.719926728,true,none
1785072147.135192156,per_message_full_scan,720,720,6.274458647,6.274458612,0.876388889,0.876388889,1,0.133839384,7.639897514,7.564623942,true,none
1785072148.135201931,per_message_full_scan,720,720,6.274458647,6.274458612,0.891666667,0.891666667,1,0.133100256,7.633598409,7.937230653,true,none
1785072149.135209322,per_message_full_scan,720,720,6.274458647,6.274458612,0.884722222,0.884722222,1,0.133769706,7.574150381,7.628423976,true,none
1785072150.153510809,per_message_full_scan,720,720,6.274458647,6.274458612,0.884722222,0.884722222,1,0.134253785,7.547769255,7.537556993,true,none
1785072151.135274172,per_message_full_scan,720,720,6.274458647,6.274458612,0.888888889,0.888888889,1,0.134125844,7.547446421,7.582539916,true,none
1785072152.135221004,per_message_full_scan,720,720,6.274458647,6.274458612,0.888888889,0.888888889,1,0.135955498,7.622823868,7.884272959,true,none
1785072153.135241747,per_message_full_scan,720,720,6.274458647,6.274458612,0.888888889,0.888888889,1,0.134085894,7.637080196,7.540230733,true,none
1785072154.135215282,per_message_full_scan,720,720,6.274458647,6.274458612,0.881944444,0.881944444,1,0.133936092,7.590570158,7.942115309,true,none
1785072155.141257524,per_message_full_scan,720,720,6.274458647,6.274458612,0.891666667,0.891666667,1,0.133969679,7.553953027,7.631401134,true,none
1785072156.135227919,per_message_full_scan,720,720,6.274458647,6.274458612,0.883333333,0.883333333,1,0.134048954,7.550836559,7.509372061,true,none
1785072157.136805534,per_message_full_scan,720,720,6.274458647,6.274458612,0.875000000,0.875000000,1,0.119692139,7.673070988,7.528718087,true,none
1785072158.135205269,per_message_full_scan,720,720,6.274458647,6.274458612,0.875000000,0.875000000,1,0.134129688,7.642992649,7.800221084,true,none
1785072159.135252476,per_message_full_scan,720,720,6.274458647,6.274458612,0.893055556,0.893055556,1,0.134109050,7.587111948,7.541673963,true,none
1785072160.152792931,per_message_full_scan,720,720,6.274458647,6.274458612,0.877777778,0.877777778,1,0.134529635,7.530348633,7.572370195,true,none
1785072161.135219097,per_message_full_scan,720,720,6.274458647,6.274458612,0.880555556,0.880555556,1,0.134195492,7.588181160,7.958564331,true,none
1785072162.135208368,per_message_full_scan,720,720,6.274458647,6.274458612,0.881944444,0.881944444,1,0.129587471,7.472550228,7.476904407,true,none
1785072163.135230064,per_message_full_scan,720,720,6.274458647,6.274458612,0.890277778,0.890277778,1,0.133999780,7.600303583,7.597638798,true,none
1785072164.135230064,per_message_full_scan,720,720,6.274458647,6.274458612,0.884722222,0.884722222,1,0.133543253,7.572700482,7.746569600,true,none
1785072165.136676550,per_message_full_scan,720,720,6.274458647,6.274458612,0.883333333,0.883333333,1,0.121975295,7.686099627,7.634116702,true,none
1785072166.135223389,per_message_full_scan,720,720,6.274458647,6.274458612,0.883333333,0.883333333,1,0.119514495,7.693129779,8.096906219,true,none
1785072167.135213137,per_message_full_scan,720,720,6.274458647,6.274458612,0.888888889,0.888888889,1,0.132673070,7.625233295,7.890403479,true,none
1785072168.135206223,per_message_full_scan,720,720,6.274458647,6.274458612,0.880555556,0.880555556,1,0.134240270,7.596325965,7.591010853,true,none
1785072169.135203362,per_message_full_scan,720,720,6.274458647,6.274458612,0.879166667,0.879166667,1,0.122442067,7.661077029,8.194551350,true,none
1785072170.135224581,per_message_full_scan,720,720,6.274458647,6.274458612,0.887500000,0.887500000,1,0.134147659,7.647556760,7.951491142,true,none
1785072171.135214329,per_message_full_scan,720,720,6.274458647,6.274458612,0.894444444,0.894444444,1,0.133977160,7.619840255,7.603505637,true,none
1785072172.135207415,per_message_full_scan,720,720,6.274458647,6.274458612,0.888888889,0.888888889,1,0.133847043,7.578428983,7.512310261,true,none
1785072173.146842480,per_message_full_scan,720,720,6.274458647,6.274458612,0.887500000,0.887500000,1,0.121782728,7.672360751,7.791059090,true,none
1785072174.135223389,per_message_full_scan,720,720,6.274458647,6.274458612,0.887500000,0.887500000,1,0.121989854,7.649008240,7.596051386,true,none
1785072175.144744158,per_message_full_scan,720,720,6.274458647,6.274458612,0.873611111,0.873611111,1,0.134061217,7.627332878,7.646858817,true,none
1785072176.135247469,per_message_full_scan,720,720,6.274458647,6.274458612,0.887500000,0.887500000,1,0.134097993,7.619841956,7.986383895,true,none
1785072177.135871649,per_message_full_scan,720,720,6.274458647,6.274458612,0.884722222,0.884722222,1,0.134110376,7.570085006,7.688188390,true,none
1785072178.165455103,per_message_full_scan,720,720,6.274458647,6.274458612,0.888888889,0.888888889,1,0.121741302,7.688238951,7.601687321,true,none
1785072179.135195971,per_message_full_scan,720,720,6.274458647,6.274458612,0.881944444,0.881944444,1,0.121661879,7.670476827,8.054433916,true,none
1785072180.135158539,per_message_full_scan,720,720,6.274458647,6.274458612,0.875000000,0.875000000,1,0.134119421,7.590723965,7.591880382,true,none
1785072181.135211468,per_message_full_scan,720,720,6.274458647,6.274458612,0.876388889,0.876388889,1,0.133967683,7.581593114,7.523147297,true,none
1785072182.135217428,per_message_full_scan,720,720,6.274458647,6.274458612,0.884722222,0.884722222,1,0.133956954,7.540807092,7.973065198,true,none
1785072183.155383348,per_message_full_scan,720,720,6.274458647,6.274458612,0.873611111,0.873611111,1,0.121463716,7.663272867,7.603462865,true,none
1785072184.135211706,per_message_full_scan,720,720,6.274458647,6.274458612,0.870833333,0.870833333,1,0.121906444,7.670522706,7.559418723,true,none
1785072185.135224104,per_message_full_scan,720,720,6.274458647,6.274458612,0.881944444,0.881944444,1,0.134073600,7.593375250,7.794824680,true,none
1785072186.135228395,per_message_full_scan,720,720,6.274458647,6.274458612,0.877777778,0.877777778,1,0.134178102,7.565046250,7.617958164,true,none
1785072187.135898352,per_message_full_scan,720,720,6.274458647,6.274458612,0.873611111,0.873611111,1,0.134303972,7.553949983,7.543485320,true,none
1785072188.142907858,per_message_full_scan,720,720,6.274458647,6.274458612,0.880555556,0.880555556,1,0.121674135,7.670818258,7.925302085,true,none
1785072189.135216475,per_message_full_scan,720,720,6.274458647,6.274458612,0.883333333,0.883333333,1,0.120295592,7.688259002,7.856796914,true,none
1785072190.135222197,per_message_full_scan,720,720,6.274458647,6.274458612,0.880555556,0.880555556,1,0.132509500,7.631868055,7.621837164,true,none
1785072191.135196686,per_message_full_scan,720,720,6.274458647,6.274458612,0.880555556,0.880555556,1,0.133987412,7.631651738,7.575984719,true,none
1785072192.135195971,per_message_full_scan,720,720,6.274458647,6.274458612,0.888888889,0.888888889,1,0.134028181,7.571307653,7.832078075,true,none
1785072193.153824806,per_message_full_scan,720,720,6.274458647,6.274458612,0.897222222,0.897222222,1,0.123280346,7.659251123,7.642779478,true,none
1785072194.135256052,per_message_full_scan,720,720,6.274458647,6.274458612,0.900000000,0.900000000,1,0.121828966,7.680611077,8.167319456,true,none
1785072195.135220289,per_message_full_scan,720,720,6.274458647,6.274458612,0.897222222,0.897222222,1,0.134252205,7.593505459,7.709631584,true,none
1785072196.135215759,per_message_full_scan,720,720,6.274458647,6.274458612,0.883333333,0.883333333,1,0.133982807,7.584878896,7.554257878,true,none
1785072197.135275602,per_message_full_scan,720,720,6.274458647,6.274458612,0.888888889,0.888888889,1,0.121664658,7.699252658,8.208261684,true,none
1785072198.141121864,per_message_full_scan,720,720,6.274458647,6.274458612,0.895833333,0.895833333,1,0.134394810,7.607876911,7.655275083,true,none
1785072199.135215044,per_message_full_scan,720,720,6.274458647,6.274458612,0.886111111,0.886111111,1,0.133807510,7.612336503,7.546996136,true,none
1785072200.137553692,per_message_full_scan,720,720,6.274458647,6.274458612,0.898611111,0.898611111,1,0.133257464,7.577724926,7.523944639,true,none
1785072201.135219097,per_message_full_scan,720,720,6.274458647,6.274458612,0.897222222,0.897222222,1,0.134107009,7.558635337,7.728157109,true,none
1785072202.135224819,per_message_full_scan,720,720,6.274458647,6.274458612,0.891666667,0.891666667,1,0.134348929,7.637387498,7.500002151,true,none
1785072203.158804417,per_message_full_scan,720,720,6.274458647,6.274458612,0.893055556,0.893055556,1,0.133875951,7.593144606,7.625620558,true,none
1785072204.135218620,per_message_full_scan,720,720,6.274458647,6.274458612,0.891666667,0.891666667,1,0.133876145,7.581523598,7.640994256,true,none
1785072205.135225058,per_message_full_scan,720,720,6.274458647,6.274458612,0.883333333,0.883333333,1,0.121893853,7.670589728,7.512821070,true,none
1785072206.135215521,per_message_full_scan,720,720,6.274458647,6.274458612,0.898611111,0.898611111,1,0.121542841,7.681483605,8.202477745,true,none
1785072207.135253191,per_message_full_scan,720,720,6.274458647,6.274458612,0.888888889,0.888888889,1,0.134224147,7.591184532,7.720875763,true,none
1785072208.148494244,per_message_full_scan,720,720,6.274458647,6.274458612,0.893055556,0.893055556,1,0.133954287,7.553913131,7.530621750,true,none
1785072209.135222197,per_message_full_scan,720,720,6.274458647,6.274458612,0.887500000,0.887500000,1,0.133552939,7.547061267,7.484916729,true,none
1785072210.135203838,per_message_full_scan,720,720,6.274458647,6.274458612,0.886111111,0.886111111,1,0.132395446,7.640120666,7.768848669,true,none
1785072211.135225534,per_message_full_scan,720,720,6.274458647,6.274458612,0.883333333,0.883333333,1,0.132412568,7.626459954,7.596604381,true,none
1785072212.135216236,per_message_full_scan,720,720,6.274458647,6.274458612,0.890277778,0.890277778,1,0.134030029,7.549611026,7.576318397,true,none
1785072213.135204792,per_message_full_scan,720,720,6.274458647,6.274458612,0.890277778,0.890277778,1,0.121437475,7.684744033,7.587341001,true,none
1785072214.135210037,per_message_full_scan,720,720,6.274458647,6.274458612,0.888888889,0.888888889,1,0.120793544,7.676534956,7.502739325,true,none
1785072215.135230303,per_message_full_scan,720,720,6.274458647,6.274458612,0.897222222,0.897222222,1,0.134119138,7.625177399,7.792895077,true,none
1785072216.155718565,per_message_full_scan,720,720,6.274458647,6.274458612,0.893055556,0.893055556,1,0.121621504,7.699124378,7.850247429,true,none
1785072217.135221004,per_message_full_scan,720,720,6.274458647,6.274458612,0.893055556,0.893055556,1,0.121807538,7.633928104,7.651069418,true,none
1785072218.135212660,per_message_full_scan,720,720,6.274458647,6.274458612,0.888888889,0.888888889,1,0.134317517,7.613823093,8.077757248,true,none
1785072219.135221004,per_message_full_scan,720,720,6.274458647,6.274458612,0.887500000,0.887500000,1,0.134119824,7.593603873,7.738091373,true,none
1785072220.135207653,per_message_full_scan,720,720,6.274458647,6.274458612,0.891666667,0.891666667,1,0.121756449,7.699612070,7.584523776,true,none
1785072221.144602060,per_message_full_scan,720,720,6.274458647,6.274458612,0.890277778,0.890277778,1,0.133616239,7.631638025,7.943550681,true,none
1785072222.135218859,per_message_full_scan,720,720,6.274458647,6.274458612,0.890277778,0.890277778,1,0.134221688,7.619850429,7.587464735,true,none
1785072223.135152817,per_message_full_scan,720,720,6.274458647,6.274458612,0.897222222,0.897222222,1,0.133842126,7.533849222,7.572280615,true,none
1785072224.135215759,per_message_full_scan,720,720,6.274458647,6.274458612,0.897222222,0.897222222,1,0.121849649,7.700009990,8.094645807,true,none
1785072225.135775328,per_message_full_scan,720,720,6.274458647,6.274458612,0.859722222,0.859722222,1,0.134117916,7.630493712,7.611389224,true,none
1785072226.153897524,per_message_full_scan,720,720,6.274458647,6.274458612,0.851388889,0.851388889,1,0.134465262,7.569947310,7.606251709,true,none
1785072227.135193348,per_message_full_scan,720,720,6.274458647,6.274458612,0.855555556,0.855555556,1,0.134189561,7.553575473,7.564733595,true,none
1785072228.135214806,per_message_full_scan,720,720,6.274458647,6.274458612,0.863888889,0.863888889,1,0.134006515,7.639151545,7.638675372,true,none
1785072229.135229588,per_message_full_scan,720,720,6.274458647,6.274458612,0.861111111,0.861111111,1,0.133353174,7.630586386,7.517371065,true,none
1785072230.135210752,per_message_full_scan,720,720,6.274458647,6.274458612,0.862500000,0.862500000,1,0.133615181,7.575706445,7.605414696,true,none
1785072231.140677929,per_message_full_scan,720,720,6.274458647,6.274458612,0.869444444,0.869444444,1,0.121764168,7.656517874,7.676292466,true,none
1785072232.135217428,per_message_full_scan,720,720,6.274458647,6.274458612,0.856944444,0.856944444,1,0.134225905,7.633226137,7.785129304,true,none
1785072233.135200739,per_message_full_scan,720,720,6.274458647,6.274458612,0.854166667,0.854166667,1,0.134108260,7.579125055,7.671788938,true,none
1785072234.171266794,per_message_full_scan,720,720,6.274458647,6.274458612,0.861111111,0.861111111,1,0.122480974,7.674953966,7.530187937,true,none
1785072235.135217428,per_message_full_scan,720,720,6.274458647,6.274458612,0.851388889,0.851388889,1,0.134199947,7.643666287,8.069100658,true,none
1785072236.135195017,per_message_full_scan,720,720,6.274458647,6.274458612,0.865277778,0.865277778,1,0.133585408,7.585603364,7.689268203,true,none
1785072237.135210276,per_message_full_scan,720,720,6.274458647,6.274458612,0.851388889,0.851388889,1,0.134247839,7.560480552,7.562992153,true,none
1785072238.135214806,per_message_full_scan,720,720,6.274458647,6.274458612,0.850000000,0.850000000,1,0.119683586,7.704870971,8.020416739,true,none
1785072239.149761438,per_message_full_scan,720,720,6.274458647,6.274458612,0.844444444,0.844444444,1,0.134223223,7.620583261,7.672619286,true,none
1785072240.135237217,per_message_full_scan,720,720,6.274458647,6.274458612,0.797222222,0.797222222,1,0.134929046,7.562362957,7.575427827,true,none
1785072241.135213375,per_message_full_scan,720,720,6.274458647,6.274458612,0.800000000,0.800000000,1,0.122121222,7.677205259,7.864631104,true,none
1785072242.135218143,per_message_full_scan,720,720,6.274458647,6.274458612,0.763888889,0.763888889,1,0.121891640,7.685002380,7.552889088,true,none
1785072243.135217190,per_message_full_scan,720,720,6.274458647,6.274458612,0.809722222,0.809722222,1,0.133793831,7.606207613,7.595011828,true,none
1785072244.168437958,per_message_full_scan,720,720,6.274458647,6.274458612,0.811111111,0.811111111,1,0.134080470,7.583250762,7.544705316,true,none
1785072245.135217190,per_message_full_scan,720,720,6.274458647,6.274458612,0.834722222,0.834722222,1,0.137098953,7.536736852,7.812325842,true,none
1785072246.135175943,per_message_full_scan,720,720,6.274458647,6.274458612,0.841666667,0.841666667,1,0.121978819,7.688366724,7.564148435,true,none
1785072247.135206938,per_message_full_scan,720,720,6.274458647,6.274458612,0.826388889,0.826388889,1,0.133577019,7.644757590,7.638406045,true,none
1785072248.135194063,per_message_full_scan,720,720,6.274458647,6.274458612,0.834722222,0.834722222,1,0.134324700,7.588252054,7.672574265,true,none
1785072249.156118631,per_message_full_scan,720,720,6.274458647,6.274458612,0.841666667,0.841666667,1,0.121769056,7.690220942,7.588009430,true,none
1785072250.135208130,per_message_full_scan,720,720,6.274458647,6.274458612,0.825000000,0.825000000,1,0.121747464,7.689602277,7.751855891,true,none
1785072251.135207653,per_message_full_scan,720,720,6.274458647,6.274458612,0.833333333,0.833333333,1,0.134362206,7.623330712,7.684079037,true,none
1785072252.135213614,per_message_full_scan,720,720,6.274458647,6.274458612,0.823611111,0.823611111,1,0.134286642,7.595589028,7.643158382,true,none
1785072253.135223866,per_message_full_scan,720,720,6.274458647,6.274458612,0.819444444,0.819444444,1,0.121908709,7.701293863,7.797647611,true,none
1785072254.144721985,per_message_full_scan,720,720,6.274458647,6.274458612,0.801388889,0.801388889,1,0.134271502,7.622352107,7.555739197,true,none
1785072255.135218859,per_message_full_scan,720,720,6.274458647,6.274458612,0.815277778,0.815277778,1,0.133712158,7.585856535,7.507273158,true,none
1785072256.135207891,per_message_full_scan,720,720,6.274458647,6.274458612,0.798611111,0.798611111,1,0.121492207,7.691523451,7.663740970,true,none
1785072257.166749239,per_message_full_scan,720,720,6.274458647,6.274458612,0.784722222,0.784722222,1,0.133255392,7.612438225,7.571775126,true,none
1785072258.135249615,per_message_full_scan,720,720,6.274458647,6.274458612,0.784722222,0.784722222,1,0.133620664,7.597108289,7.596613996,true,none
1785072259.135205746,per_message_full_scan,720,720,6.274458647,6.274458612,0.783333333,0.783333333,1,0.121874347,7.693071661,7.841103282,true,none
1785072260.135222197,per_message_full_scan,720,720,6.274458647,6.274458612,0.788888889,0.788888889,1,0.121292494,7.648918218,7.633625137,true,none
1785072261.135207891,per_message_full_scan,720,720,6.274458647,6.274458612,0.884722222,0.884722222,1,0.134299561,7.589912354,7.896461029,true,none
1785072262.153228283,per_message_full_scan,720,720,6.274458647,6.274458612,0.879166667,0.879166667,1,0.120685555,7.702042383,7.821381955,true,none
1785072263.135199308,per_message_full_scan,720,720,6.274458647,6.274458612,0.881944444,0.881944444,1,0.121900767,7.675327439,7.596499469,true,none
1785072264.135284662,per_message_full_scan,720,720,6.274458647,6.274458612,0.883333333,0.883333333,1,0.134217039,7.588827059,7.942061926,true,none
1785072265.135229349,per_message_full_scan,720,720,6.274458647,6.274458612,0.890277778,0.890277778,1,0.134170070,7.587117989,7.698468435,true,none
1785072266.135244846,per_message_full_scan,720,720,6.274458647,6.274458612,0.880555556,0.880555556,1,0.121832862,7.689419647,7.577659378,true,none
1785072267.146059752,per_message_full_scan,720,720,6.274458647,6.274458612,0.854166667,0.854166667,1,0.134201273,7.614812909,7.809555276,true,none
1785072268.135205030,per_message_full_scan,720,720,6.274458647,6.274458612,0.780555556,0.780555556,1,0.134013683,7.592856677,7.108332591,true,none
1785072269.135210037,per_message_full_scan,720,720,6.274458647,6.274458612,0.759722222,0.759722222,1,0.122039855,7.688989791,7.930412457,true,none
1785072270.135211706,per_message_full_scan,720,720,6.274458647,6.274458612,0.797222222,0.797222222,1,0.121754631,7.688655495,8.183326018,true,none
1785072271.135210991,per_message_full_scan,720,720,6.274458647,6.274458612,0.806944444,0.806944444,1,0.133432850,7.633385738,7.606781141,true,none
1785072272.162863731,per_message_full_scan,720,720,6.274458647,6.274458612,0.790277778,0.790277778,1,0.134212881,7.559974397,7.489137676,true,none
1785072273.135214567,per_message_full_scan,720,720,6.274458647,6.274458612,0.791666667,0.791666667,1,0.134206519,7.577426549,7.603655379,true,none
1785072274.135206699,per_message_full_scan,720,720,6.274458647,6.274458612,0.787500000,0.787500000,1,0.121296719,7.695922827,7.846713572,true,none
1785072275.135225296,per_message_full_scan,720,720,6.274458647,6.274458612,0.772222222,0.772222222,1,0.121783562,7.684206470,7.597581233,true,none
1785072276.135215759,per_message_full_scan,720,720,6.274458647,6.274458612,0.744444444,0.744444444,1,0.134035498,7.629212104,8.009281760,true,none
1785072277.140930891,per_message_full_scan,720,720,6.274458647,6.274458612,0.761111111,0.761111111,1,0.134066418,7.584349009,7.866077226,true,none
1785072278.135204554,per_message_full_scan,720,720,6.274458647,6.274458612,0.743055556,0.743055556,1,0.134174809,7.584585613,7.496017375,true,none
1785072279.140708685,per_message_full_scan,720,720,6.274458647,6.274458612,0.766666667,0.766666667,1,0.133886352,7.523603021,7.518253116,true,none
1785072280.135211706,per_message_full_scan,720,720,6.274458647,6.274458612,0.754166667,0.754166667,1,0.120952882,7.700419201,7.770843233,true,none
1785072281.135228872,per_message_full_scan,720,720,6.274458647,6.274458612,0.765277778,0.765277778,1,0.132190928,7.622077833,7.608747379,true,none
1785072282.135205746,per_message_full_scan,720,720,6.274458647,6.274458612,0.762500000,0.762500000,1,0.134147957,7.587269093,7.963950662,true,none
1785072283.135214090,per_message_full_scan,720,720,6.274458647,6.274458612,0.752777778,0.752777778,1,0.134143978,7.556067852,7.591322883,true,none
1785072284.135219812,per_message_full_scan,720,720,6.274458647,6.274458612,0.790277778,0.790277778,1,0.134351268,7.619587880,7.478384629,true,none
1785072285.135204554,per_message_full_scan,720,720,6.274458647,6.274458612,0.777777778,0.777777778,1,0.133759841,7.643092973,8.000793539,true,none
1785072286.135205269,per_message_full_scan,720,720,6.274458647,6.274458612,0.773611111,0.773611111,1,0.132952511,7.579570290,7.687363084,true,none
1785072287.147955179,per_message_full_scan,720,720,6.274458647,6.274458612,0.773611111,0.773611111,1,0.133679897,7.651295591,7.551966808,true,none
1785072288.135229349,per_message_full_scan,720,720,6.274458647,6.274458612,0.759722222,0.759722222,1,0.133992299,7.630219549,7.400397272,true,none
1785072289.135200262,per_message_full_scan,720,720,6.274458647,6.274458612,0.755555556,0.755555556,1,0.133791327,7.587092152,7.670884970,true,none
1785072290.169300079,per_message_full_scan,720,720,6.274458647,6.274458612,0.763888889,0.763888889,1,0.121765777,7.670528683,7.589582405,true,none
1785072291.135213614,per_message_full_scan,720,720,6.274458647,6.274458612,0.731944444,0.731944444,1,0.134687290,7.631529774,7.901998611,true,none
1785072292.138248444,per_message_full_scan,720,720,6.274458647,6.274458612,0.709722222,0.709722222,1,0.134115607,7.579686254,7.662587314,true,none
1785072293.135216236,per_message_full_scan,720,720,6.274458647,6.274458612,0.880555556,0.880555556,1,0.134031236,7.554883661,7.251141247,true,none
1785072294.135218859,per_message_full_scan,720,720,6.274458647,6.274458612,0.879166667,0.879166667,1,0.134105459,7.638975590,7.896681735,true,none
1785072295.158596516,per_message_full_scan,720,720,6.274458647,6.274458612,0.879166667,0.879166667,1,0.134183526,7.586494985,7.588708408,true,none
1785072296.135206938,per_message_full_scan,720,720,6.274458647,6.274458612,0.884722222,0.884722222,1,0.135864481,7.560184746,7.629811044,true,none
1785072297.135216475,per_message_full_scan,720,720,6.274458647,6.274458612,0.872222222,0.872222222,1,0.121348210,7.699497659,7.826323921,true,none
1785072298.135216713,per_message_full_scan,720,720,6.274458647,6.274458612,0.890277778,0.890277778,1,0.123624697,7.644636036,7.580998966,true,none
1785072299.135227680,per_message_full_scan,720,720,6.274458647,6.274458612,0.887500000,0.887500000,1,0.133725658,7.595185446,7.551323259,true,none
1785072300.146928549,per_message_full_scan,720,720,6.274458647,6.274458612,0.891666667,0.891666667,1,0.122442625,7.694579529,7.907025764,true,none
1785072301.135211229,per_message_full_scan,720,720,6.274458647,6.274458612,0.891666667,0.891666667,1,0.121695518,7.670162351,7.582605354,true,none
1785072302.135213375,per_message_full_scan,720,720,6.274458647,6.274458612,0.897222222,0.897222222,1,0.133894578,7.624332043,8.133113907,true,none
1785072303.135208845,per_message_full_scan,720,720,6.274458647,6.274458612,0.898611111,0.898611111,1,0.134242773,7.594662352,7.777042086,true,none
1785072304.135481119,per_message_full_scan,720,720,6.274458647,6.274458612,0.891666667,0.891666667,1,0.121725716,7.685314652,7.631831727,true,none
1785072305.165093184,per_message_full_scan,720,720,6.274458647,6.274458612,0.888888889,0.888888889,1,0.134239763,7.636657478,7.646760028,true,none
1785072306.135242462,per_message_full_scan,720,720,6.274458647,6.274458612,0.886111111,0.886111111,1,0.134072378,7.596993970,7.651564814,true,none
1785072307.135204554,per_message_full_scan,720,720,6.274458647,6.274458612,0.890277778,0.890277778,1,0.121074013,7.704675856,7.597153995,true,none
1785072308.158008814,per_message_full_scan,720,720,6.274458647,6.274458612,0.891666667,0.891666667,1,0.133915842,7.631977726,7.821767476,true,none
1785072309.135216475,per_message_full_scan,720,720,6.274458647,6.274458612,0.891666667,0.891666667,1,0.134312987,7.623788998,7.588135990,true,none
1785072310.143980980,per_message_full_scan,720,720,6.274458647,6.274458612,0.895833333,0.895833333,1,0.134111524,7.554501584,7.672331770,true,none
1785072311.135217428,per_message_full_scan,720,720,6.274458647,6.274458612,0.890277778,0.890277778,1,0.120434985,7.704458011,8.254132053,true,none
1785072312.135242224,per_message_full_scan,720,720,6.274458647,6.274458612,0.897222222,0.897222222,1,0.134038970,7.623077125,7.724094013,true,none
1785072313.167694569,per_message_full_scan,720,720,6.274458647,6.274458612,0.888888889,0.888888889,1,0.132739112,7.567211246,7.631663177,true,none
1785072314.135206699,per_message_full_scan,720,720,6.274458647,6.274458612,0.887500000,0.887500000,1,0.121743537,7.706588081,7.806938732,true,none
1785072315.135209322,per_message_full_scan,720,720,6.274458647,6.274458612,0.897222222,0.897222222,1,0.134707242,7.629640229,7.619843646,true,none
1785072316.135238171,per_message_full_scan,720,720,6.274458647,6.274458612,0.895833333,0.895833333,1,0.134161726,7.589058569,7.897398844,true,none
1785072317.135230064,per_message_full_scan,720,720,6.274458647,6.274458612,0.893055556,0.893055556,1,0.121889658,7.696611925,7.827201248,true,none
1785072318.154433012,per_message_full_scan,720,720,6.274458647,6.274458612,0.893055556,0.893055556,1,0.134203047,7.620612703,7.639719156,true,none
1785072319.135209799,per_message_full_scan,720,720,6.274458647,6.274458612,0.880555556,0.880555556,1,0.134098634,7.590752061,7.859195359,true,none
1785072320.135200977,per_message_full_scan,720,720,6.274458647,6.274458612,0.888888889,0.888888889,1,0.122049272,7.676195794,7.594352091,true,none
1785072321.135217428,per_message_full_scan,720,720,6.274458647,6.274458612,0.888888889,0.888888889,1,0.121974453,7.694236318,7.565066970,true,none
1785072322.135213852,per_message_full_scan,720,720,6.274458647,6.274458612,0.890277778,0.890277778,1,0.133247003,7.587766195,7.663969333,true,none
1785072323.139244318,per_message_full_scan,720,720,6.274458647,6.274458612,0.886111111,0.886111111,1,0.121955320,7.697762686,7.666712403,true,none
1785072324.135205030,per_message_full_scan,720,720,6.274458647,6.274458612,0.893055556,0.893055556,1,0.121901117,7.685636145,7.571952812,true,none
1785072325.135231018,per_message_full_scan,720,720,6.274458647,6.274458612,0.891666667,0.891666667,1,0.133843556,7.626680153,7.847698026,true,none
1785072326.162379742,per_message_full_scan,720,720,6.274458647,6.274458612,0.888888889,0.888888889,1,0.122840323,7.686334826,7.671513422,true,none
1785072327.135205984,per_message_full_scan,720,720,6.274458647,6.274458612,0.893055556,0.893055556,1,0.121167295,7.694542030,8.189298317,true,none
1785072328.135201931,per_message_full_scan,720,720,6.274458647,6.274458612,0.895833333,0.895833333,1,0.134042591,7.624780875,7.745449604,true,none
1785072329.135219097,per_message_full_scan,720,720,6.274458647,6.274458612,0.893055556,0.893055556,1,0.134163216,7.594096915,7.588093041,true,none
1785072330.135210752,per_message_full_scan,720,720,6.274458647,6.274458612,0.890277778,0.890277778,1,0.121799625,7.701030233,8.020043843,true,none
1785072331.150473356,per_message_full_scan,720,720,6.274458647,6.274458612,0.890277778,0.890277778,1,0.134201124,7.616890633,7.899693336,true,none
1785072332.135222673,per_message_full_scan,720,720,6.274458647,6.274458612,0.888888889,0.888888889,1,0.133550987,7.594898410,7.630407527,true,none
1785072333.135217905,per_message_full_scan,720,720,6.274458647,6.274458612,0.890277778,0.890277778,1,0.121039473,7.702095627,8.064876431,true,none
1785072334.135221958,per_message_full_scan,720,720,6.274458647,6.274458612,0.898611111,0.898611111,1,0.133994877,7.645197105,7.610544220,true,none
1785072335.135216475,per_message_full_scan,720,720,6.274458647,6.274458612,0.887500000,0.887500000,1,0.134115636,7.585030466,7.579853246,true,none
1785072336.136457443,per_message_full_scan,720,720,6.274458647,6.274458612,0.890277778,0.890277778,1,0.121871270,7.675701404,7.725780571,true,none
1785072337.135210037,per_message_full_scan,720,720,6.274458647,6.274458612,0.891666667,0.891666667,1,0.134116277,7.632366578,7.585901663,true,none
1785072338.135201693,per_message_full_scan,720,720,6.274458647,6.274458612,0.898611111,0.898611111,1,0.133931026,7.534955022,7.580734805,true,none
1785072339.167980433,per_message_full_scan,720,720,6.274458647,6.274458612,0.893055556,0.893055556,1,0.121810816,7.699464029,7.688653810,true,none
1785072340.135214090,per_message_full_scan,720,720,6.274458647,6.274458612,0.887500000,0.887500000,1,0.132896781,7.633933345,7.514564775,true,none
1785072341.135212183,per_message_full_scan,720,720,6.274458647,6.274458612,0.901388889,0.901388889,1,0.134112954,7.589081742,7.939162330,true,none
1785072342.135448933,per_message_full_scan,720,720,6.274458647,6.274458612,0.900000000,0.900000000,1,0.134053022,7.577639888,7.625302819,true,none
1785072343.135217428,per_message_full_scan,720,720,6.274458647,6.274458612,0.887500000,0.887500000,1,0.133633390,7.634692253,7.526518005,true,none
1785072344.188133955,per_message_full_scan,720,720,6.274458647,6.274458612,0.901388889,0.901388889,1,0.134057075,7.579124423,7.520703435,true,none
1785072345.135198355,per_message_full_scan,720,720,6.274458647,6.274458612,0.888888889,0.888888889,1,0.121471100,7.702390587,7.854222906,true,none
1785072346.146226883,per_message_full_scan,720,720,6.274458647,6.274458612,0.902777778,0.902777778,1,0.134136289,7.625839333,7.643365983,true,none
1785072347.135235071,per_message_full_scan,720,720,6.274458647,6.274458612,0.901388889,0.901388889,1,0.134104356,7.597323195,7.821766766,true,none
1785072348.135221958,per_message_full_scan,720,720,6.274458647,6.274458612,0.891666667,0.891666667,1,0.122749440,7.681006953,7.548098071,true,none
1785072349.135158062,per_message_full_scan,720,720,6.274458647,6.274458612,0.894444444,0.894444444,1,0.134091154,7.598567715,7.989469556,true,none
1785072350.135193110,per_message_full_scan,720,720,6.274458647,6.274458612,0.904166667,0.904166667,1,0.134240165,7.048300886,7.118159972,true,none
1785072351.135462046,per_message_full_scan,720,720,6.274458647,6.274458612,0.888888889,0.888888889,1,0.134221181,7.557631130,7.463065866,true,none
1785072352.135214329,per_message_full_scan,720,720,6.274458647,6.274458612,0.902777778,0.902777778,1,0.134157062,7.604119836,7.992786777,true,none
1785072353.135220289,per_message_full_scan,720,720,6.274458647,6.274458612,0.893055556,0.893055556,1,0.121617645,7.682492970,7.682115240,true,none
1785072354.153253794,per_message_full_scan,720,720,6.274458647,6.274458612,0.890277778,0.890277778,1,0.133874372,7.622446439,7.568681893,true,none
1785072355.135215282,per_message_full_scan,720,720,6.274458647,6.274458612,0.897222222,0.897222222,1,0.132722706,7.599790406,7.887569588,true,none
1785072356.135213852,per_message_full_scan,720,720,6.274458647,6.274458612,0.888888889,0.888888889,1,0.121891513,7.678663929,8.196015895,true,none
1785072357.183962107,per_message_full_scan,720,720,6.274458647,6.274458612,0.900000000,0.900000000,1,0.133822620,7.605005068,7.542518410,true,none
1785072358.135197878,per_message_full_scan,720,720,6.274458647,6.274458612,0.894444444,0.894444444,1,0.134175748,7.588093838,7.715367266,true,none
1785072359.138473749,per_message_full_scan,720,720,6.274458647,6.274458612,0.900000000,0.900000000,1,0.134224236,7.646457522,7.634599987,true,none
1785072360.135217428,per_message_full_scan,720,720,6.274458647,6.274458612,0.900000000,0.900000000,1,0.134051815,7.630690007,7.754807957,true,none
1785072361.135206699,per_message_full_scan,720,720,6.274458647,6.274458612,0.884722222,0.884722222,1,0.134101942,7.574542780,7.518791310,true,none
1785072362.135203123,per_message_full_scan,720,720,6.274458647,6.274458612,0.891666667,0.891666667,1,0.134052649,7.645048689,8.132134901,true,none
1785072363.135336637,per_message_full_scan,720,720,6.274458647,6.274458612,0.893055556,0.893055556,1,0.134160563,7.633475205,7.742285785,true,none
1785072364.135199785,per_message_full_scan,720,720,6.274458647,6.274458612,0.893055556,0.893055556,1,0.135327250,7.531543441,7.595345986,true,none
1785072365.135457993,per_message_full_scan,720,720,6.274458647,6.274458612,0.886111111,0.886111111,1,0.121637441,7.709980408,7.983024816,true,none
1785072366.135205030,per_message_full_scan,720,720,6.274458647,6.274458612,0.895833333,0.895833333,1,0.134187132,7.622775673,7.616980794,true,none
1785072367.147541285,per_message_full_scan,720,720,6.274458647,6.274458612,0.900000000,0.900000000,1,0.121794038,7.710021906,7.567149768,true,none
1785072368.135201216,per_message_full_scan,720,720,6.274458647,6.274458612,0.904166667,0.904166667,1,0.121679433,7.691863670,8.053414775,true,none
1785072369.135236979,per_message_full_scan,720,720,6.274458647,6.274458612,0.893055556,0.893055556,1,0.130578876,7.628628495,7.584784473,true,none
1785072370.138767242,per_message_full_scan,720,720,6.274458647,6.274458612,0.894444444,0.894444444,1,0.120769784,7.702667202,8.225545718,true,none
1785072371.135220289,per_message_full_scan,720,720,6.274458647,6.274458612,0.890277778,0.890277778,1,0.122787505,7.686281853,8.073129325,true,none
1785072372.136052132,per_message_full_scan,720,720,6.274458647,6.274458612,0.901388889,0.901388889,1,0.134111151,7.597768913,7.608504079,true,none
1785072373.135205746,per_message_full_scan,720,720,6.274458647,6.274458612,0.893055556,0.893055556,1,0.133965671,7.562525155,7.536061016,true,none
1785072374.135249853,per_message_full_scan,720,720,6.274458647,6.274458612,0.890277778,0.890277778,1,0.134217903,7.635168236,7.592688789,true,none
1785072375.159282923,per_message_full_scan,720,720,6.274458647,6.274458612,0.893055556,0.893055556,1,0.134160936,7.567439837,7.571261879,true,none
1785072376.135215282,per_message_full_scan,720,720,6.274458647,6.274458612,0.891666667,0.891666667,1,0.121932089,7.703522360,8.010538148,true,none
1785072377.135220051,per_message_full_scan,720,720,6.274458647,6.274458612,0.895833333,0.895833333,1,0.133782342,7.618545853,7.574280446,true,none
1785072378.156166315,per_message_full_scan,720,720,6.274458647,6.274458612,0.900000000,0.900000000,1,0.120909832,7.706121743,8.032650515,true,none
1785072379.135468960,per_message_full_scan,720,720,6.274458647,6.274458612,0.902777778,0.902777778,1,0.121734060,7.675986962,8.048570776,true,none
1785072380.147413731,per_message_full_scan,720,720,6.274458647,6.274458612,0.894444444,0.894444444,1,0.134149015,7.594052137,7.605327802,true,none
1785072381.135204315,per_message_full_scan,720,720,6.274458647,6.274458612,0.890277778,0.890277778,1,0.133590221,7.579379060,7.622763793,true,none
1785072382.135241508,per_message_full_scan,720,720,6.274458647,6.274458612,0.897222222,0.897222222,1,0.133846000,7.641501789,7.601517783,true,none
1785072383.166679144,per_message_full_scan,720,720,6.274458647,6.274458612,0.884722222,0.884722222,1,0.133121222,7.556159443,7.598636574,true,none
1785072384.135393381,per_message_full_scan,720,720,6.274458647,6.274458612,0.891666667,0.891666667,1,0.121268936,7.700183086,8.122752849,true,none
1785072385.135255337,per_message_full_scan,720,720,6.274458647,6.274458612,0.891666667,0.891666667,1,0.134179696,7.593553927,7.610273404,true,none
1785072386.135195494,per_message_full_scan,720,720,6.274458647,6.274458612,0.887500000,0.887500000,1,0.134047315,7.576685129,7.523779216,true,none
1785072387.135222435,per_message_full_scan,720,720,6.274458647,6.274458612,0.895833333,0.895833333,1,0.121921465,7.689600110,8.026584497,true,none
1785072388.153057337,per_message_full_scan,720,720,6.274458647,6.274458612,0.901388889,0.901388889,1,0.133517325,7.590761697,7.630591024,true,none
1785072389.135236263,per_message_full_scan,720,720,6.274458647,6.274458612,0.893055556,0.893055556,1,0.121980272,7.706014381,7.804098116,true,none
1785072390.135228157,per_message_full_scan,720,720,6.274458647,6.274458612,0.894444444,0.894444444,1,0.133758232,7.632344807,7.530407367,true,none
1785072391.142062187,per_message_full_scan,720,720,6.274458647,6.274458612,0.890277778,0.890277778,1,0.121002652,7.708606077,8.223815571,true,none
1785072392.135212660,per_message_full_scan,720,720,6.274458647,6.274458612,0.887500000,0.887500000,1,0.121796608,7.693375078,8.242355697,true,none
1785072393.139551640,per_message_full_scan,720,720,6.274458647,6.274458612,0.890277778,0.890277778,1,0.134212896,7.595235370,7.666053759,true,none
1785072394.135230780,per_message_full_scan,720,720,6.274458647,6.274458612,0.891666667,0.891666667,1,0.134190515,7.576460523,8.035099802,true,none
1785072395.135208845,per_message_full_scan,720,720,6.274458647,6.274458612,0.894444444,0.894444444,1,0.134173468,7.642576225,7.584024319,true,none
1785072396.161035538,per_message_full_scan,720,720,6.274458647,6.274458612,0.888888889,0.888888889,1,0.134128675,7.564261412,7.647484347,true,none
1785072397.135210276,per_message_full_scan,720,720,6.274458647,6.274458612,0.888888889,0.888888889,1,0.121601142,7.702232063,7.857876825,true,none
1785072398.135217905,per_message_full_scan,720,720,6.274458647,6.274458612,0.895833333,0.895833333,1,0.134215683,7.612993881,7.558438953,true,none
1785072399.135184288,per_message_full_scan,720,720,6.274458647,6.274458612,0.890277778,0.890277778,1,0.134056270,7.597715433,7.567962577,true,none
1785072400.135212183,per_message_full_scan,720,720,6.274458647,6.274458612,0.883333333,0.883333333,1,0.121844970,7.690198140,7.820951394,true,none
1785072401.148846626,per_message_full_scan,720,720,6.274458647,6.274458612,0.893055556,0.893055556,1,0.132936373,7.588758243,7.575168744,true,none
1785072402.135210991,per_message_full_scan,720,720,6.274458647,6.274458612,0.890277778,0.890277778,1,0.121726193,7.717027087,8.024509664,true,none
1785072403.135207653,per_message_full_scan,720,720,6.274458647,6.274458612,0.880555556,0.880555556,1,0.134062231,7.644633135,7.594535823,true,none
1785072404.135227203,per_message_full_scan,720,720,6.274458647,6.274458612,0.906944444,0.906944444,1,0.134004071,7.581939380,7.471268253,true,none
1785072405.135249615,per_message_full_scan,720,720,6.274458647,6.274458612,0.898611111,0.898611111,1,0.121985964,7.673386170,7.809056207,true,none
1785072406.135338068,per_message_full_scan,720,720,6.274458647,6.274458612,0.884722222,0.884722222,1,0.134127840,7.589487059,7.570832571,true,none
1785072407.135197878,per_message_full_scan,720,720,6.274458647,6.274458612,0.894444444,0.894444444,1,0.133978039,7.581082541,7.528110884,true,none
1785072408.135210514,per_message_full_scan,720,720,6.274458647,6.274458612,0.897222222,0.897222222,1,0.133905977,7.639957771,7.590858450,true,none
1785072409.157547474,per_message_full_scan,720,720,6.274458647,6.274458612,0.901388889,0.901388889,1,0.132649496,7.582499949,7.573474938,true,none
1785072410.135220051,per_message_full_scan,720,720,6.274458647,6.274458612,0.897222222,0.897222222,1,0.121920213,7.700360775,7.811907684,true,none
1785072411.135219574,per_message_full_scan,720,720,6.274458647,6.274458612,0.898611111,0.898611111,1,0.133678481,7.621561221,7.567649401,true,none
1785072412.155415535,per_message_full_scan,720,720,6.274458647,6.274458612,0.880555556,0.880555556,1,0.121035576,7.706211856,8.010494823,true,none
1785072413.135211945,per_message_full_scan,720,720,6.274458647,6.274458612,0.887500000,0.887500000,1,0.134250253,7.655021391,7.620763348,true,none
1785072414.145300388,per_message_full_scan,720,720,6.274458647,6.274458612,0.890277778,0.890277778,1,0.134074837,7.560209582,7.649721555,true,none
1785072415.135322094,per_message_full_scan,720,720,6.274458647,6.274458612,0.891666667,0.891666667,1,0.119426474,7.710119156,8.198036464,true,none
1785072416.135215521,per_message_full_scan,720,720,6.274458647,6.274458612,0.887500000,0.887500000,1,0.133494765,7.592184179,7.600543586,true,none
1785072417.135181665,per_message_full_scan,720,720,6.274458647,6.274458612,0.897222222,0.897222222,1,0.119055107,7.714854476,8.109876635,true,none
1785072418.135196447,per_message_full_scan,720,720,6.274458647,6.274458612,0.890277778,0.890277778,1,0.134335354,7.645838734,7.652702455,true,none
1785072419.135167122,per_message_full_scan,720,720,6.274458647,6.274458612,0.893055556,0.893055556,1,0.135047212,7.530551857,7.518885703,true,none
1785072420.135197878,per_message_full_scan,720,720,6.274458647,6.274458612,0.881944444,0.881944444,1,0.121863544,7.709442332,7.897623825,true,none
1785072421.135208607,per_message_full_scan,720,720,6.274458647,6.274458612,0.898611111,0.898611111,1,0.133571550,7.599527374,7.553368472,true,none
1785072422.158997297,per_message_full_scan,720,720,6.274458647,6.274458612,0.893055556,0.893055556,1,0.121395662,7.699873825,7.506392391,true,none
1785072423.135201693,per_message_full_scan,720,720,6.274458647,6.274458612,0.897222222,0.897222222,1,0.134137437,7.632399598,7.951691515,true,none
1785072424.135238171,per_message_full_scan,720,720,6.274458647,6.274458612,0.887500000,0.887500000,1,0.134217173,7.553669692,7.579320377,true,none
1785072425.150445938,per_message_full_scan,720,720,6.274458647,6.274458612,0.898611111,0.898611111,1,0.134095550,7.639443021,7.744946432,true,none
1785072426.135223627,per_message_full_scan,720,720,6.274458647,6.274458612,0.898611111,0.898611111,1,0.134191498,7.591678121,7.644271569,true,none
1785072427.138691664,per_message_full_scan,720,720,6.274458647,6.274458612,0.893055556,0.893055556,1,0.121367037,7.688558535,7.574290614,true,none
1785072428.135214806,per_message_full_scan,720,720,6.274458647,6.274458612,0.898611111,0.898611111,1,0.134268910,7.641789244,7.694848704,true,none
1785072429.135215521,per_message_full_scan,720,720,6.274458647,6.274458612,0.895833333,0.895833333,1,0.134220645,7.560965193,7.546107466,true,none
1785072430.135220766,per_message_full_scan,720,720,6.274458647,6.274458612,0.890277778,0.890277778,1,0.134351522,7.642408461,8.030731713,true,none
1785072431.135209799,per_message_full_scan,720,720,6.274458647,6.274458612,0.888888889,0.888888889,1,0.134109542,7.597312174,7.686221456,true,none
1785072432.135207176,per_message_full_scan,720,720,6.274458647,6.274458612,0.894444444,0.894444444,1,0.131454155,7.648743661,8.030862909,true,none
1785072433.135254860,per_message_full_scan,720,720,6.274458647,6.274458612,0.894444444,0.894444444,1,0.134057179,7.634382435,8.061223659,true,none
1785072434.135591030,per_message_full_scan,720,720,6.274458647,6.274458612,0.890277778,0.890277778,1,0.121785998,7.666660247,7.557389509,true,none
1785072435.135246515,per_message_full_scan,720,720,6.274458647,6.274458612,0.898611111,0.898611111,1,0.134108856,7.637371893,7.843859619,true,none
1785072436.135221481,per_message_full_scan,720,720,6.274458647,6.274458612,0.884722222,0.884722222,1,0.133503452,7.595352701,7.624767611,true,none
1785072437.135484457,per_message_full_scan,720,720,6.274458647,6.274458612,0.890277778,0.890277778,1,0.121063814,7.683772159,7.574568860,true,none
1785072438.135346651,per_message_full_scan,720,720,6.274458647,6.274458612,0.897222222,0.897222222,1,0.134133294,7.593563627,7.916124940,true,none
1785072439.135211229,per_message_full_scan,720,720,6.274458647,6.274458612,0.897222222,0.897222222,1,0.121459268,7.691105242,7.656206711,true,none
1785072440.135212660,per_message_full_scan,720,720,6.274458647,6.274458612,0.895833333,0.895833333,1,0.133957103,7.594988616,8.260373272,true,none
1785072441.165142775,per_message_full_scan,720,720,6.274458647,6.274458612,0.893055556,0.893055556,1,0.121991873,7.701179529,7.719214772,true,none
1785072442.135213137,per_message_full_scan,720,720,6.274458647,6.274458612,0.902777778,0.902777778,1,0.134164050,7.650561851,7.985458657,true,none
1785072443.135212183,per_message_full_scan,720,720,6.274458647,6.274458612,0.895833333,0.895833333,1,0.121811822,7.653973868,7.844492154,true,none
1785072444.135212660,per_message_full_scan,720,720,6.274458647,6.274458612,0.890277778,0.890277778,1,0.135186806,7.634206943,7.530785841,true,none
1785072445.135209560,per_message_full_scan,720,720,6.274458647,6.274458612,0.900000000,0.900000000,1,0.134156361,7.585259919,7.873825922,true,none
1785072446.151989937,per_message_full_scan,720,720,6.274458647,6.274458612,0.897222222,0.897222222,1,0.134163007,7.646034563,7.650872531,true,none
1785072447.135234356,per_message_full_scan,720,720,6.274458647,6.274458612,0.886111111,0.886111111,1,0.134178683,7.607130664,7.630218624,true,none
1785072448.135230303,per_message_full_scan,720,720,6.274458647,6.274458612,0.905555556,0.905555556,1,0.121777780,7.676462226,7.825967944,true,none
1785072449.135214090,per_message_full_scan,720,720,6.274458647,6.274458612,0.902777778,0.902777778,1,0.133802697,7.639018325,7.649990563,true,none
1785072450.135317326,per_message_full_scan,720,720,6.274458647,6.274458612,0.894444444,0.894444444,1,0.121638514,7.703600199,7.838000324,true,none
1785072451.138686895,per_message_full_scan,720,720,6.274458647,6.274458612,0.901388889,0.901388889,1,0.134107947,7.623639322,7.551335397,true,none
1785072452.135219574,per_message_full_scan,720,720,6.274458647,6.274458612,0.895833333,0.895833333,1,0.134068325,7.592624283,7.517604921,true,none
1785072453.135213852,per_message_full_scan,720,720,6.274458647,6.274458612,0.901388889,0.901388889,1,0.134244785,7.645165534,7.787924444,true,none
1785072454.135203123,per_message_full_scan,720,720,6.274458647,6.274458612,0.891666667,0.891666667,1,0.121546030,7.715175854,8.063695241,true,none
1785072455.135231495,per_message_full_scan,720,720,6.274458647,6.274458612,0.901388889,0.901388889,1,0.134190440,7.648350804,7.926982361,true,none
1785072456.135314941,per_message_full_scan,720,720,6.274458647,6.274458612,0.890277778,0.890277778,1,0.134160385,7.550326281,7.537786921,true,none
1785072457.135234118,per_message_full_scan,720,720,6.274458647,6.274458612,0.900000000,0.900000000,1,0.121736802,7.704950476,7.973725430,true,none
1785072458.135220289,per_message_full_scan,720,720,6.274458647,6.274458612,0.886111111,0.886111111,1,0.134150103,7.599034484,7.674324682,true,none
1785072459.135213614,per_message_full_scan,720,720,6.274458647,6.274458612,0.884722222,0.884722222,1,0.133759424,7.664885787,7.952490576,true,none
1785072460.135255337,per_message_full_scan,720,720,6.274458647,6.274458612,0.895833333,0.895833333,1,0.134015903,7.605540109,7.654611209,true,none
1785072461.135218859,per_message_full_scan,720,720,6.274458647,6.274458612,0.901388889,0.901388889,1,0.119152240,7.667917444,7.498480849,true,none
1785072462.135864019,per_message_full_scan,720,720,6.274458647,6.274458612,0.890277778,0.890277778,1,0.133502662,7.597256636,8.156625899,true,none
1785072463.135218143,per_message_full_scan,720,720,6.274458647,6.274458612,0.901388889,0.901388889,1,0.121102728,7.703816080,7.697711733,true,none
1785072464.135249138,per_message_full_scan,720,720,6.274458647,6.274458612,0.897222222,0.897222222,1,0.134007171,7.614520969,7.704385849,true,none
1785072465.165996075,per_message_full_scan,720,720,6.274458647,6.274458612,0.888888889,0.888888889,1,0.132334530,7.652993859,7.728839322,true,none
1785072466.135218143,per_message_full_scan,720,720,6.274458647,6.274458612,0.900000000,0.900000000,1,0.133789942,7.621667735,7.515064856,true,none
1785072467.135718107,per_message_full_scan,720,720,6.274458647,6.274458612,0.893055556,0.893055556,1,0.122432366,7.684374969,7.887448918,true,none
1785072468.135207415,per_message_full_scan,720,720,6.274458647,6.274458612,0.902777778,0.902777778,1,0.133600101,7.642110175,7.616573263,true,none
1785072469.135263205,per_message_full_scan,720,720,6.274458647,6.274458612,0.886111111,0.886111111,1,0.134180516,7.564758974,7.470913777,true,none
1785072470.152523279,per_message_full_scan,720,720,6.274458647,6.274458612,0.900000000,0.900000000,1,0.134064719,7.641170002,7.573413561,true,none
1785072471.135221481,per_message_full_scan,720,720,6.274458647,6.274458612,0.886111111,0.886111111,1,0.135033593,7.591335856,7.690316378,true,none
1785072472.135224342,per_message_full_scan,720,720,6.274458647,6.274458612,0.893055556,0.893055556,1,0.133606002,7.652010854,7.760214088,true,none
1785072473.141481638,per_message_full_scan,720,720,6.274458647,6.274458612,0.891666667,0.891666667,1,0.120851949,7.708262944,8.030723172,true,none
1785072474.135198832,per_message_full_scan,720,720,6.274458647,6.274458612,0.890277778,0.890277778,1,0.134205118,7.648974558,7.897820161,true,none
1785072475.135210037,per_message_full_scan,720,720,6.274458647,6.274458612,0.891666667,0.891666667,1,0.134275228,7.587463214,7.725635921,true,none
1785072476.135221958,per_message_full_scan,720,720,6.274458647,6.274458612,0.884722222,0.884722222,1,0.121606633,7.721637250,8.145197255,true,none
1785072477.135214090,per_message_full_scan,720,720,6.274458647,6.274458612,0.895833333,0.895833333,1,0.134224042,7.598772181,7.708064965,true,none
1785072478.135218143,per_message_full_scan,720,720,6.274458647,6.274458612,0.898611111,0.898611111,1,0.134146214,7.640219262,7.900234736,true,none
1785072479.135214090,per_message_full_scan,720,720,6.274458647,6.274458612,0.904166667,0.904166667,1,0.134048641,7.604843318,7.824542697,true,none
1785072480.135211468,per_message_full_scan,720,720,6.274458647,6.274458612,0.891666667,0.891666667,1,0.122347325,7.667054252,7.625565845,true,none
1785072481.136263132,per_message_full_scan,720,720,6.274458647,6.274458612,0.886111111,0.886111111,1,0.134141147,7.635635127,7.729398590,true,none
1785072482.135214806,per_message_full_scan,720,720,6.274458647,6.274458612,0.900000000,0.900000000,1,0.123482980,7.669901110,7.637815616,true,none
1785072483.147190332,per_message_full_scan,720,720,6.274458647,6.274458612,0.895833333,0.895833333,1,0.134166658,7.588990836,7.565277039,true,none
1785072484.135223627,per_message_full_scan,720,720,6.274458647,6.274458612,0.891666667,0.891666667,1,0.121921703,7.702855874,7.641804745,true,none
1785072485.135206223,per_message_full_scan,720,720,6.274458647,6.274458612,0.888888889,0.888888889,1,0.131752536,7.618137474,7.501160421,true,none
1785072486.135181665,per_message_full_scan,720,720,6.274458647,6.274458612,0.900000000,0.900000000,1,0.121953055,7.709674043,8.034489594,true,none
1785072487.135220528,per_message_full_scan,720,720,6.274458647,6.274458612,0.884722222,0.884722222,1,0.134443179,7.641905714,7.628510106,true,none
1785072488.135212898,per_message_full_scan,720,720,6.274458647,6.274458612,0.895833333,0.895833333,1,0.121734604,7.711180372,7.994646137,true,none
1785072489.155586481,per_message_full_scan,720,720,6.274458647,6.274458612,0.900000000,0.900000000,1,0.133618742,7.601236996,7.753299587,true,none
1785072490.135238647,per_message_full_scan,720,720,6.274458647,6.274458612,0.902777778,0.902777778,1,0.133872017,7.587267470,7.621890957,true,none
1785072491.135217905,per_message_full_scan,720,720,6.274458647,6.274458612,0.898611111,0.898611111,1,0.134441823,7.617341341,7.896718576,true,none
1785072492.135205984,per_message_full_scan,720,720,6.274458647,6.274458612,0.894444444,0.894444444,1,0.134030744,7.601409452,7.594265954,true,none
1785072493.135224819,per_message_full_scan,720,720,6.274458647,6.274458612,0.897222222,0.897222222,1,0.134092152,7.618558669,7.443630659,true,none
1785072494.140030622,per_message_full_scan,720,720,6.274458647,6.274458612,0.902777778,0.902777778,1,0.133947790,7.652703213,7.672161392,true,none
1785072495.135223150,per_message_full_scan,720,720,6.274458647,6.274458612,0.894444444,0.894444444,1,0.134128362,7.597494934,7.946354894,true,none
1785072496.135217428,per_message_full_scan,720,720,6.274458647,6.274458612,0.881944444,0.881944444,1,0.134135216,7.645755915,7.589966028,true,none
1785072497.138655901,per_message_full_scan,720,720,6.274458647,6.274458612,0.893055556,0.893055556,1,0.121457927,7.709551945,7.763683263,true,none
1785072498.135233641,per_message_full_scan,720,720,6.274458647,6.274458612,0.898611111,0.898611111,1,0.134220004,7.650257038,7.668107993,true,none
1785072499.135325909,per_message_full_scan,720,720,6.274458647,6.274458612,0.894444444,0.894444444,1,0.121648863,7.710648152,8.138051488,true,none
1785072500.159673691,per_message_full_scan,720,720,6.274458647,6.274458612,0.891666667,0.891666667,1,0.121883117,7.701569133,7.615974231,true,none
1785072501.135223866,per_message_full_scan,720,720,6.274458647,6.274458612,0.888888889,0.888888889,1,0.134141564,7.649392531,7.964567534,true,none
1785072502.135211945,per_message_full_scan,720,720,6.274458647,6.274458612,0.887500000,0.887500000,1,0.121785939,7.704603515,7.742906193,true,none
1785072503.135208845,per_message_full_scan,720,720,6.274458647,6.274458612,0.891666667,0.891666667,1,0.134170264,7.632021238,7.515734175,true,none
1785072504.135219097,per_message_full_scan,720,720,6.274458647,6.274458612,0.887500000,0.887500000,1,0.121766567,7.720348991,8.074679629,true,none
1785072505.143612623,per_message_full_scan,720,720,6.274458647,6.274458612,0.898611111,0.898611111,1,0.121176563,7.747241426,7.622627266,true,none
1785072506.135217428,per_message_full_scan,720,720,6.274458647,6.274458612,0.891666667,0.891666667,1,0.133715004,7.653781067,7.936427569,true,none
1785072507.135208130,per_message_full_scan,720,720,6.274458647,6.274458612,0.900000000,0.900000000,1,0.123986214,7.685002559,7.550813536,true,none
1785072508.174971104,per_message_full_scan,720,720,6.274458647,6.274458612,0.886111111,0.886111111,1,0.134087697,7.600662197,7.507467353,true,none
1785072509.135901213,per_message_full_scan,720,720,6.274458647,6.274458612,0.902777778,0.902777778,1,0.122090250,7.695176247,7.703255105,true,none
1785072510.135283232,per_message_full_scan,720,720,6.274458647,6.274458612,0.898611111,0.898611111,1,0.121663429,7.724225399,8.025897050,true,none
1785072511.162886620,per_message_full_scan,720,720,6.274458647,6.274458612,0.898611111,0.898611111,1,0.131046236,7.610033286,7.580076081,true,none
1785072512.135226011,per_message_full_scan,720,720,6.274458647,6.274458612,0.900000000,0.900000000,1,0.121311277,7.712667568,8.019328620,true,none
1785072513.135223389,per_message_full_scan,720,720,6.274458647,6.274458612,0.894444444,0.894444444,1,0.134061396,7.584484941,7.706783593,true,none
1785072514.135232449,per_message_full_scan,720,720,6.274458647,6.274458612,0.893055556,0.893055556,1,0.121213794,7.716433341,7.628936948,true,none
1785072515.135279179,per_message_full_scan,720,720,6.274458647,6.274458612,0.897222222,0.897222222,1,0.121847518,7.723400816,7.671180829,true,none
1785072516.149360418,per_message_full_scan,720,720,6.274458647,6.274458612,0.897222222,0.897222222,1,0.134124979,7.591597263,7.500341830,true,none
1785072517.135249853,per_message_full_scan,720,720,6.274458647,6.274458612,0.895833333,0.895833333,1,0.121530861,7.711960767,7.957373542,true,none
1785072518.135210752,per_message_full_scan,720,720,6.274458647,6.274458612,0.905555556,0.905555556,1,0.134991720,7.583591777,7.664066076,true,none
1785072519.136783838,per_message_full_scan,720,720,6.274458647,6.274458612,0.893055556,0.893055556,1,0.134179488,7.648751609,7.749691770,true,none
1785072520.135211706,per_message_full_scan,720,720,6.274458647,6.274458612,0.902777778,0.902777778,1,0.134120107,7.597873278,7.595517901,true,none
1785072521.135158300,per_message_full_scan,720,720,6.274458647,6.274458612,0.888888889,0.888888889,1,0.132031918,7.603833891,7.549143984,true,none
1785072522.157552958,per_message_full_scan,720,720,6.274458647,6.274458612,0.905555556,0.905555556,1,0.132765889,7.644359830,7.683680896,true,none
1785072523.135223150,per_message_full_scan,720,720,6.274458647,6.274458612,0.884722222,0.884722222,1,0.134378821,7.568706720,7.642338856,true,none
1785072524.135259628,per_message_full_scan,720,720,6.274458647,6.274458612,0.881944444,0.881944444,1,0.133527294,7.652747228,7.642327590,true,none
1785072525.155854702,per_message_full_scan,720,720,6.274458647,6.274458612,0.893055556,0.893055556,1,0.121631056,7.698657242,8.107061718,true,none
1785072526.135220289,per_message_full_scan,720,720,6.274458647,6.274458612,0.904166667,0.904166667,1,0.134143978,7.607087452,7.610340927,true,none
1785072527.135216475,per_message_full_scan,720,720,6.274458647,6.274458612,0.893055556,0.893055556,1,0.134341076,7.623557077,7.856555813,true,none
1785072528.135210276,per_message_full_scan,720,720,6.274458647,6.274458612,0.897222222,0.897222222,1,0.134237155,7.599557418,7.798904210,true,none
1785072529.135213137,per_message_full_scan,720,720,6.274458647,6.274458612,0.887500000,0.887500000,1,0.133792132,7.627940985,7.608812702,true,none
1785072530.140698671,per_message_full_scan,720,720,6.274458647,6.274458612,0.888888889,0.888888889,1,0.133767024,7.641101132,7.595311632,true,none
1785072531.135204792,per_message_full_scan,720,720,6.274458647,6.274458612,0.898611111,0.898611111,1,0.134189367,7.601655863,7.520347293,true,none
1785072532.135453224,per_message_full_scan,720,720,6.274458647,6.274458612,0.879166667,0.879166667,1,0.134132013,7.647390327,7.792317935,true,none
1785072533.158722639,per_message_full_scan,720,720,6.274458647,6.274458612,0.897222222,0.897222222,1,0.121032737,7.734057740,7.614622960,true,none
1785072534.135480642,per_message_full_scan,720,720,6.274458647,6.274458612,0.888888889,0.888888889,1,0.133674949,7.655072161,7.902903252,true,none
1785072535.135204077,per_message_full_scan,720,720,6.274458647,6.274458612,0.886111111,0.886111111,1,0.120840557,7.691589429,7.585513322,true,none
1785072536.158617973,per_message_full_scan,720,720,6.274458647,6.274458612,0.890277778,0.890277778,1,0.121837966,7.742850329,7.744427283,true,none
1785072537.135215282,per_message_full_scan,720,720,6.274458647,6.274458612,0.898611111,0.898611111,1,0.136078268,7.624106017,7.605544120,true,none
1785072538.135219812,per_message_full_scan,720,720,6.274458647,6.274458612,0.895833333,0.895833333,1,0.121789083,7.709516936,8.060803762,true,none
1785072539.135248184,per_message_full_scan,720,720,6.274458647,6.274458612,0.900000000,0.900000000,1,0.134245723,7.639769642,7.739213770,true,none
1785072540.135205984,per_message_full_scan,720,720,6.274458647,6.274458612,0.895833333,0.895833333,1,0.133399621,7.669466837,7.993822084,true,none
1785072541.143314123,per_message_full_scan,720,720,6.274458647,6.274458612,0.898611111,0.898611111,1,0.122104637,7.703430244,7.661126297,true,none
1785072542.135245562,per_message_full_scan,720,720,6.274458647,6.274458612,0.890277778,0.890277778,1,0.134085357,7.649532324,8.005793882,true,none
1785072543.135208607,per_message_full_scan,720,720,6.274458647,6.274458612,0.897222222,0.897222222,1,0.121871270,7.696840376,7.713004625,true,none
1785072544.135229349,per_message_full_scan,720,720,6.274458647,6.274458612,0.893055556,0.893055556,1,0.121863157,7.734933185,8.077152659,true,none
1785072545.135210514,per_message_full_scan,720,720,6.274458647,6.274458612,0.895833333,0.895833333,1,0.134066150,7.655427326,7.778033516,true,none
1785072546.135210037,per_message_full_scan,720,720,6.274458647,6.274458612,0.895833333,0.895833333,1,0.120526515,7.704973464,8.154457865,true,none
1785072547.153753281,per_message_full_scan,720,720,6.274458647,6.274458612,0.898611111,0.898611111,1,0.132616341,7.606555576,7.893499121,true,none
1785072548.135213614,per_message_full_scan,720,720,6.274458647,6.274458612,0.893055556,0.893055556,1,0.121803671,7.708083504,8.085834293,true,none
1785072549.135195017,per_message_full_scan,720,720,6.274458647,6.274458612,0.900000000,0.900000000,1,0.120827623,7.720489029,7.721267775,true,none
1785072550.135220528,per_message_full_scan,720,720,6.274458647,6.274458612,0.902777778,0.902777778,1,0.134233683,7.648207748,7.529771461,true,none
1785072551.135199547,per_message_full_scan,720,720,6.274458647,6.274458612,0.894444444,0.894444444,1,0.121803895,7.684706431,7.683852182,true,none
1785072552.138186932,per_message_full_scan,720,720,6.274458647,6.274458612,0.897222222,0.897222222,1,0.121764727,7.690616733,7.553903138,true,none
1785072553.135220289,per_message_full_scan,720,720,6.274458647,6.274458612,0.890277778,0.890277778,1,0.133867651,7.650525753,7.743312358,true,none
1785072554.135230303,per_message_full_scan,720,720,6.274458647,6.274458612,0.893055556,0.893055556,1,0.122332714,7.701386326,7.567343115,true,none
1785072555.167675495,per_message_full_scan,720,720,6.274458647,6.274458612,0.884722222,0.884722222,1,0.134017855,7.600827293,7.573295204,true,none
1785072556.135227680,per_message_full_scan,720,720,6.274458647,6.274458612,0.890277778,0.890277778,1,0.121984288,7.709044214,7.646893305,true,none
1785072557.135222435,per_message_full_scan,720,720,6.274458647,6.274458612,0.895833333,0.895833333,1,0.121645890,7.717459792,7.921781352,true,none
1785072558.156133652,per_message_full_scan,720,720,6.274458647,6.274458612,0.902777778,0.902777778,1,0.134165078,7.600101223,7.566613072,true,none
1785072559.135215521,per_message_full_scan,720,720,6.274458647,6.274458612,0.898611111,0.898611111,1,0.121808000,7.709810937,7.920426521,true,none
1785072560.135216951,per_message_full_scan,720,720,6.274458647,6.274458612,0.891666667,0.891666667,1,0.121704713,7.736021097,7.613920736,true,none
1785072561.186162472,per_message_full_scan,720,720,6.274458647,6.274458612,0.895833333,0.895833333,1,0.132845119,7.614644498,7.537143591,true,none
1785072562.135203362,per_message_full_scan,720,720,6.274458647,6.274458612,0.895833333,0.895833333,1,0.121850893,7.698289184,7.715087014,true,none
1785072563.142195463,per_message_full_scan,720,720,6.274458647,6.274458612,0.894444444,0.894444444,1,0.134922594,7.581905791,7.525695964,true,none
1785072564.135229588,per_message_full_scan,720,720,6.274458647,6.274458612,0.888888889,0.888888889,1,0.134174868,7.662160879,7.631952053,true,none
1785072565.135478735,per_message_full_scan,720,720,6.274458647,6.274458612,0.900000000,0.900000000,1,0.120546073,7.692298595,7.695387175,true,none
1785072566.135213614,per_message_full_scan,720,720,6.274458647,6.274458612,0.901388889,0.901388889,1,0.134222433,7.596431735,7.683945945,true,none
1785072567.135286808,per_message_full_scan,720,720,6.274458647,6.274458612,0.905555556,0.905555556,1,0.121783026,7.709949392,8.078284878,true,none
1785072568.135213614,per_message_full_scan,720,720,6.274458647,6.274458612,0.897222222,0.897222222,1,0.133439153,7.601166451,7.904275572,true,none
1785072569.159564734,per_message_full_scan,720,720,6.274458647,6.274458612,0.890277778,0.890277778,1,0.133120298,7.621616510,7.618063646,true,none
1785072570.135197163,per_message_full_scan,720,720,6.274458647,6.274458612,0.897222222,0.897222222,1,0.120990515,7.706131409,7.663402626,true,none
1785072571.135219574,per_message_full_scan,720,720,6.274458647,6.274458612,0.893055556,0.893055556,1,0.131736994,7.595505324,7.585314339,true,none
1785072572.147967577,per_message_full_scan,720,720,6.274458647,6.274458612,0.890277778,0.890277778,1,0.134144917,7.648414056,7.743030996,true,none
1785072573.135236263,per_message_full_scan,720,720,6.274458647,6.274458612,0.900000000,0.900000000,1,0.136329979,7.570979106,7.531497394,true,none
1785072574.135210276,per_message_full_scan,720,720,6.274458647,6.274458612,0.904166667,0.904166667,1,0.134167001,7.650422644,7.801709797,true,none
1785072575.177767754,per_message_full_scan,720,720,6.274458647,6.274458612,0.900000000,0.900000000,1,0.133019924,7.670847438,7.529375995,true,none
1785072576.135218859,per_message_full_scan,720,720,6.274458647,6.274458612,0.901388889,0.901388889,1,0.134066552,7.609689883,7.593911973,true,none
1785072577.135189056,per_message_full_scan,720,720,6.274458647,6.274458612,0.898611111,0.898611111,1,0.134290993,7.645974537,7.620409514,true,none
1785072578.135199785,per_message_full_scan,720,720,6.274458647,6.274458612,0.893055556,0.893055556,1,0.134191155,7.599212160,7.971927089,true,none
1785072579.135201693,per_message_full_scan,720,720,6.274458647,6.274458612,0.891666667,0.891666667,1,0.133517176,7.645892684,7.726362523,true,none
1785072580.161272287,per_message_full_scan,720,720,6.274458647,6.274458612,0.883333333,0.883333333,1,0.134088621,7.664072066,7.677910711,true,none
1785072581.135216951,per_message_full_scan,720,720,6.274458647,6.274458612,0.890277778,0.890277778,1,0.133957788,7.602595909,7.754221580,true,none
1785072582.135203838,per_message_full_scan,720,720,6.274458647,6.274458612,0.884722222,0.884722222,1,0.134036228,7.644548700,7.549626392,true,none
1785072583.150839567,per_message_full_scan,720,720,6.274458647,6.274458612,0.886111111,0.886111111,1,0.133714944,7.657399153,7.687153504,true,none
1785072584.135232449,per_message_full_scan,720,720,6.274458647,6.274458612,0.884722222,0.884722222,1,0.134144112,7.576365600,7.610288376,true,none
1785072585.135211468,per_message_full_scan,720,720,6.274458647,6.274458612,0.895833333,0.895833333,1,0.134258300,7.654684504,7.767804089,true,none
1785072586.140317678,per_message_full_scan,720,720,6.274458647,6.274458612,0.891666667,0.891666667,1,0.121873170,7.694721704,8.019636194,true,none
1785072587.135212183,per_message_full_scan,720,720,6.274458647,6.274458612,0.894444444,0.894444444,1,0.134254128,7.605339168,7.693134375,true,none
1785072588.136134863,per_message_full_scan,720,720,6.274458647,6.274458612,0.898611111,0.898611111,1,0.134217322,7.648634624,7.532615563,true,none
1785072589.135283709,per_message_full_scan,720,720,6.274458647,6.274458612,0.890277778,0.890277778,1,0.133891866,7.597000544,7.938842243,true,none
1785072590.135215044,per_message_full_scan,720,720,6.274458647,6.274458612,0.906944444,0.906944444,1,0.133593783,7.629910456,7.506577747,true,none
1785072591.135196686,per_message_full_scan,720,720,6.274458647,6.274458612,0.884722222,0.884722222,1,0.134097651,7.653192308,7.749546822,true,none
1785072592.135210276,per_message_full_scan,720,720,6.274458647,6.274458612,0.888888889,0.888888889,1,0.134159088,7.589555556,7.583531765,true,none
1785072593.135226727,per_message_full_scan,720,720,6.274458647,6.274458612,0.897222222,0.897222222,1,0.134029344,7.616939334,7.820079135,true,none
1785072594.144649982,per_message_full_scan,720,720,6.274458647,6.274458612,0.894444444,0.894444444,1,0.121897414,7.701706547,7.733515651,true,none
1785072595.135278940,per_message_full_scan,720,720,6.274458647,6.274458612,0.891666667,0.891666667,1,0.133769870,7.627480836,8.006316893,true,none
1785072596.135347605,per_message_full_scan,720,720,6.274458647,6.274458612,0.891666667,0.891666667,1,0.121903256,7.680951710,7.627302696,true,none
1785072597.168165445,per_message_full_scan,720,720,6.274458647,6.274458612,0.881944444,0.881944444,1,0.132069767,7.567137309,7.601945740,true,none
1785072598.135225534,per_message_full_scan,720,720,6.274458647,6.274458612,0.898611111,0.898611111,1,0.121944979,7.709089214,7.613489266,true,none
1785072599.135218143,per_message_full_scan,720,720,6.274458647,6.274458612,0.893055556,0.893055556,1,0.119487263,7.724794028,7.945071146,true,none
1785072600.135228395,per_message_full_scan,720,720,6.274458647,6.274458612,0.883333333,0.883333333,1,0.134165168,7.652987647,7.731826814,true,none
1785072601.135211706,per_message_full_scan,720,720,6.274458647,6.274458612,0.898611111,0.898611111,1,0.121439688,7.708583040,7.554433737,true,none
1785072602.135235548,per_message_full_scan,720,720,6.274458647,6.274458612,0.893055556,0.893055556,1,0.134245411,7.586896955,7.826606689,true,none
1785072603.135216951,per_message_full_scan,720,720,6.274458647,6.274458612,0.886111111,0.886111111,1,0.121865101,7.704714499,7.568769378,true,none
1785072604.135213852,per_message_full_scan,720,720,6.274458647,6.274458612,0.900000000,0.900000000,1,0.134009361,7.639797914,8.039500469,true,none
1785072605.148313999,per_message_full_scan,720,720,6.274458647,6.274458612,0.887500000,0.887500000,1,0.121816836,7.721532007,7.690290391,true,none
1785072606.135208845,per_message_full_scan,720,720,6.274458647,6.274458612,0.893055556,0.893055556,1,0.134331316,7.651445521,7.641349373,true,none
1785072607.135219097,per_message_full_scan,720,720,6.274458647,6.274458612,0.887500000,0.887500000,1,0.131887034,7.682296309,7.762908738,true,none
1785072608.137567043,per_message_full_scan,720,720,6.274458647,6.274458612,0.893055556,0.893055556,1,0.121355012,7.717281399,8.228027123,true,none
1785072609.135207176,per_message_full_scan,720,720,6.274458647,6.274458612,0.888888889,0.888888889,1,0.136652872,7.624583557,7.682492575,true,none
1785072610.135239124,per_message_full_scan,720,720,6.274458647,6.274458612,0.909722222,0.909722222,1,0.121711828,7.711609608,8.011997818,true,none
1785072611.135237455,per_message_full_scan,720,720,6.274458647,6.274458612,0.880555556,0.880555556,1,0.134252533,7.651679322,7.753728971,true,none
1785072612.135208130,per_message_full_scan,720,720,6.274458647,6.274458612,0.897222222,0.897222222,1,0.121250339,7.712819030,7.528327315,true,none
1785072613.135227203,per_message_full_scan,720,720,6.274458647,6.274458612,0.884722222,0.884722222,1,0.134085000,7.600415542,8.194595231,true,none
1785072614.135565758,per_message_full_scan,720,720,6.274458647,6.274458612,0.895833333,0.895833333,1,0.120813712,7.699709986,7.681207054,true,none
1785072615.135635853,per_message_full_scan,720,720,6.274458647,6.274458612,0.895833333,0.895833333,1,0.133894905,7.579220107,7.687592195,true,none
1785072616.153913975,per_message_full_scan,720,720,6.274458647,6.274458612,0.897222222,0.897222222,1,0.133291051,7.650504807,7.620821068,true,none
1785072617.135219097,per_message_full_scan,720,720,6.274458647,6.274458612,0.901388889,0.901388889,1,0.134022385,7.590840013,7.501192008,true,none
1785072618.135206699,per_message_full_scan,720,720,6.274458647,6.274458612,0.884722222,0.884722222,1,0.133989692,7.646271706,7.891276519,true,none
1785072619.173227549,per_message_full_scan,720,720,6.274458647,6.274458612,0.890277778,0.890277778,1,0.121835753,7.706257440,7.615798824,true,none
1785072620.135220289,per_message_full_scan,720,720,6.274458647,6.274458612,0.888888889,0.888888889,1,0.134300113,7.630631005,7.861189840,true,none
1785072621.135249376,per_message_full_scan,720,720,6.274458647,6.274458612,0.888888889,0.888888889,1,0.124393433,7.664145646,7.629469992,true,none
1785072622.135218382,per_message_full_scan,720,720,6.274458647,6.274458612,0.898611111,0.898611111,1,0.134038195,7.647972684,7.680582731,true,none
1785072623.135242701,per_message_full_scan,720,720,6.274458647,6.274458612,0.893055556,0.893055556,1,0.121784031,7.711482613,7.682044252,true,none
1785072624.135211229,per_message_full_scan,720,720,6.274458647,6.274458612,0.886111111,0.886111111,1,0.133981362,7.602352989,7.817561593,true,none
1785072625.135211229,per_message_full_scan,720,720,6.274458647,6.274458612,0.902777778,0.902777778,1,0.121175960,7.707123278,7.591537426,true,none
1785072626.135230064,per_message_full_scan,720,720,6.274458647,6.274458612,0.888888889,0.888888889,1,0.132126763,7.597218777,7.635591516,true,none
1785072627.149242163,per_message_full_scan,720,720,6.274458647,6.274458612,0.894444444,0.894444444,1,0.122042753,7.668965764,7.781920376,true,none
1785072628.135223866,per_message_full_scan,720,720,6.274458647,6.274458612,0.898611111,0.898611111,1,0.134137049,7.645278001,7.597417388,true,none
1785072629.135211468,per_message_full_scan,720,720,6.274458647,6.274458612,0.897222222,0.897222222,1,0.122014679,7.709420015,8.094899109,true,none
1785072630.135296822,per_message_full_scan,720,720,6.274458647,6.274458612,0.901388889,0.901388889,1,0.134131908,7.649553298,7.615806151,true,none
1785072631.135263205,per_message_full_scan,720,720,6.274458647,6.274458612,0.895833333,0.895833333,1,0.122054659,7.718275126,8.035963664,true,none
1785072632.135180473,per_message_full_scan,720,720,6.274458647,6.274458612,0.904166667,0.904166667,1,0.133175716,7.600175213,7.722831924,true,none
1785072633.135214329,per_message_full_scan,720,720,6.274458647,6.274458612,0.897222222,0.897222222,1,0.120985471,7.713028079,8.043095149,true,none
1785072634.135206699,per_message_full_scan,720,720,6.274458647,6.274458612,0.904166667,0.904166667,1,0.134161517,7.597634147,7.858607042,true,none
1785072635.155359030,per_message_full_scan,720,720,6.274458647,6.274458612,0.881944444,0.881944444,1,0.134184539,7.635689753,7.655846434,true,none
1785072636.135221243,per_message_full_scan,720,720,6.274458647,6.274458612,0.890277778,0.890277778,1,0.133136615,7.578287194,7.776791020,true,none
1785072637.135239601,per_message_full_scan,720,720,6.274458647,6.274458612,0.888888889,0.888888889,1,0.134050712,7.647041973,7.622663832,true,none
1785072638.153583288,per_message_full_scan,720,720,6.274458647,6.274458612,0.890277778,0.890277778,1,0.122016221,7.710192854,7.988322178,true,none
1785072639.135246038,per_message_full_scan,720,720,6.274458647,6.274458612,0.890277778,0.890277778,1,0.134267241,7.657385840,7.603773508,true,none
1785072640.148980379,per_message_full_scan,720,720,6.274458647,6.274458612,0.893055556,0.893055556,1,0.121828459,7.728471935,7.564579446,true,none
1785072641.135203600,per_message_full_scan,720,720,6.274458647,6.274458612,0.897222222,0.897222222,1,0.134162456,7.644286360,7.724293495,true,none
1785072642.135229588,per_message_full_scan,720,720,6.274458647,6.274458612,0.893055556,0.893055556,1,0.120725438,7.715056609,8.053883566,true,none
1785072643.137663126,per_message_full_scan,720,720,6.274458647,6.274458612,0.897222222,0.897222222,1,0.121868588,7.750256054,7.705072238,true,none
1785072644.135251284,per_message_full_scan,720,720,6.274458647,6.274458612,0.902777778,0.902777778,1,0.133313656,7.636377708,7.532770500,true,none
1785072645.135215044,per_message_full_scan,720,720,6.274458647,6.274458612,0.891666667,0.891666667,1,0.120502383,7.719410422,7.762617089,true,none
1785072646.159772635,per_message_full_scan,720,720,6.274458647,6.274458612,0.901388889,0.901388889,1,0.133284807,7.598112356,7.607710739,true,none
1785072647.135226250,per_message_full_scan,720,720,6.274458647,6.274458612,0.895833333,0.895833333,1,0.121777400,7.709684378,8.058314173,true,none
1785072648.135214806,per_message_full_scan,720,720,6.274458647,6.274458612,0.888888889,0.888888889,1,0.134176359,7.607456442,7.683323571,true,none
1785072649.158950806,per_message_full_scan,720,720,6.274458647,6.274458612,0.904166667,0.904166667,1,0.133630469,7.650944430,7.854271573,true,none
1785072650.135232210,per_message_full_scan,720,720,6.274458647,6.274458612,0.897222222,0.897222222,1,0.134173691,7.615886740,7.725747554,true,none
1785072651.135221004,per_message_full_scan,720,720,6.274458647,6.274458612,0.902777778,0.902777778,1,0.134120807,7.660238156,8.002109130,true,none
1785072652.135234356,per_message_full_scan,720,720,6.274458647,6.274458612,0.897222222,0.897222222,1,0.133311063,7.603233955,7.905666926,true,none
1785072653.135216475,per_message_full_scan,720,720,6.274458647,6.274458612,0.898611111,0.898611111,1,0.132619724,7.650927955,7.582532015,true,none
1785072654.142250061,per_message_full_scan,720,720,6.274458647,6.274458612,0.904166667,0.904166667,1,0.120653622,7.735938849,7.702676685,true,none
1785072655.135222435,per_message_full_scan,720,720,6.274458647,6.274458612,0.901388889,0.901388889,1,0.131805345,7.641549505,7.614895385,true,none
1785072656.135200977,per_message_full_scan,720,720,6.274458647,6.274458612,0.891666667,0.891666667,1,0.120219134,7.702031373,8.065690171,true,none
1785072657.164775372,per_message_full_scan,720,720,6.274458647,6.274458612,0.894444444,0.894444444,1,0.132521972,7.601056743,7.593814484,true,none
1785072658.135214567,per_message_full_scan,720,720,6.274458647,6.274458612,0.890277778,0.890277778,1,0.121098772,7.711648421,8.037913150,true,none
1785072659.135236025,per_message_full_scan,720,720,6.274458647,6.274458612,0.894444444,0.894444444,1,0.135459155,7.571170284,7.658136699,true,none
1785072660.135236979,per_message_full_scan,720,720,6.274458647,6.274458612,0.890277778,0.890277778,1,0.121565744,7.716935377,8.069115194,true,none
1785072661.135221720,per_message_full_scan,720,720,6.274458647,6.274458612,0.897222222,0.897222222,1,0.133540958,7.584726212,7.645052494,true,none
1785072662.135217428,per_message_full_scan,720,720,6.274458647,6.274458612,0.894444444,0.894444444,1,0.134084433,7.633063933,7.873249889,true,none
1785072663.135224819,per_message_full_scan,720,720,6.274458647,6.274458612,0.901388889,0.901388889,1,0.134063557,7.598859931,7.385509439,true,none
1785072664.135220051,per_message_full_scan,720,720,6.274458647,6.274458612,0.887500000,0.887500000,1,0.134076953,7.639680481,7.677121929,true,none
1785072665.137605667,per_message_full_scan,720,720,6.274458647,6.274458612,0.900000000,0.900000000,1,0.134289071,7.655116553,7.756562392,true,none
1785072666.135235071,per_message_full_scan,720,720,6.274458647,6.274458612,0.906944444,0.906944444,1,0.134234026,7.599829905,7.588890460,true,none
1785072667.135261297,per_message_full_scan,720,720,6.274458647,6.274458612,0.898611111,0.898611111,1,0.132041246,7.646902094,7.956076872,true,none
1785072668.167141676,per_message_full_scan,720,720,6.274458647,6.274458612,0.894444444,0.894444444,1,0.131650761,7.656790625,7.573492425,true,none
1785072669.135226011,per_message_full_scan,720,720,6.274458647,6.274458612,0.895833333,0.895833333,1,0.134224176,7.582654448,7.983265738,true,none
1785072670.135207415,per_message_full_scan,720,720,6.274458647,6.274458612,0.884722222,0.884722222,1,0.132998765,7.652298296,7.608217196,true,none
1785072671.156304121,per_message_full_scan,720,720,6.274458647,6.274458612,0.904166667,0.904166667,1,0.121792957,7.703061308,8.087770724,true,none
1785072672.135672569,per_message_full_scan,720,720,6.274458647,6.274458612,0.894444444,0.894444444,1,0.134411961,7.625610843,7.630760928,true,none
1785072673.135216236,per_message_full_scan,720,720,6.274458647,6.274458612,0.891666667,0.891666667,1,0.134280518,7.646383994,8.040457136,true,none
1785072674.135239363,per_message_full_scan,720,720,6.274458647,6.274458612,0.897222222,0.897222222,1,0.134131864,7.598081979,7.674852604,true,none
1785072675.135280609,per_message_full_scan,720,720,6.274458647,6.274458612,0.891666667,0.891666667,1,0.133720532,7.644933962,7.539469484,true,none
1785072676.140612364,per_message_full_scan,720,720,6.274458647,6.274458612,0.888888889,0.888888889,1,0.121883340,7.709004918,7.765250508,true,none
1785072677.135282755,per_message_full_scan,720,720,6.274458647,6.274458612,0.902777778,0.902777778,1,0.133400217,7.645941940,7.579136122,true,none
1785072678.135287046,per_message_full_scan,720,720,6.274458647,6.274458612,0.898611111,0.898611111,1,0.121403761,7.689527171,7.695501734,true,none
1785072679.135212183,per_message_full_scan,720,720,6.274458647,6.274458612,0.902777778,0.902777778,1,0.121007301,7.731687918,8.062175648,true,none
1785072680.135224104,per_message_full_scan,720,720,6.274458647,6.274458612,0.897222222,0.897222222,1,0.134384349,7.655933968,7.763578041,true,none
1785072681.135228157,per_message_full_scan,720,720,6.274458647,6.274458612,0.900000000,0.900000000,1,0.121936038,7.704995142,7.555763418,true,none
1785072682.159378529,per_message_full_scan,720,720,6.274458647,6.274458612,0.890277778,0.890277778,1,0.120996527,7.757785280,7.912613939,true,none
1785072683.135283709,per_message_full_scan,720,720,6.274458647,6.274458612,0.886111111,0.886111111,1,0.136067539,7.618267626,7.665555670,true,none
1785072684.135221720,per_message_full_scan,720,720,6.274458647,6.274458612,0.890277778,0.890277778,1,0.121747248,7.716924362,8.215363478,true,none
1785072685.135215044,per_message_full_scan,720,720,6.274458647,6.274458612,0.891666667,0.891666667,1,0.134230867,7.638139362,7.669241922,true,none
1785072686.135500193,per_message_full_scan,720,720,6.274458647,6.274458612,0.895833333,0.895833333,1,0.121538334,7.712955164,8.036950815,true,none
1785072687.145472765,per_message_full_scan,720,720,6.274458647,6.274458612,0.891666667,0.891666667,1,0.134224594,7.625282445,7.561697471,true,none
1785072688.135221958,per_message_full_scan,720,720,6.274458647,6.274458612,0.895833333,0.895833333,1,0.134008646,7.587498722,7.622711726,true,none
1785072689.135226011,per_message_full_scan,720,720,6.274458647,6.274458612,0.894444444,0.894444444,1,0.133715004,7.620767422,7.664271119,true,none
1785072690.164820194,per_message_full_scan,720,720,6.274458647,6.274458612,0.895833333,0.895833333,1,0.134232953,7.648104744,7.531077880,true,none
1785072691.135225534,per_message_full_scan,720,720,6.274458647,6.274458612,0.890277778,0.890277778,1,0.134147435,7.602964482,7.891692868,true,none
1785072692.135221481,per_message_full_scan,720,720,6.274458647,6.274458612,0.887500000,0.887500000,1,0.134274676,7.642725012,7.552272544,true,none
1785072693.153786659,per_message_full_scan,720,720,6.274458647,6.274458612,0.894444444,0.894444444,1,0.133192524,7.653913305,7.773414792,true,none
1785072694.135223389,per_message_full_scan,720,720,6.274458647,6.274458612,0.898611111,0.898611111,1,0.130234629,7.610426482,7.592339811,true,none
1785072695.152339935,per_message_full_scan,720,720,6.274458647,6.274458612,0.890277778,0.890277778,1,0.135800168,7.622469304,7.568611634,true,none
1785072696.135225058,per_message_full_scan,720,720,6.274458647,6.274458612,0.895833333,0.895833333,1,0.121947810,7.751753845,7.676911282,true,none
1785072697.135215521,per_message_full_scan,720,720,6.274458647,6.274458612,0.893055556,0.893055556,1,0.134297013,7.593252127,7.991649394,true,none
1785072698.139825583,per_message_full_scan,720,720,6.274458647,6.274458612,0.893055556,0.893055556,1,0.134106278,7.649610119,7.609642055,true,none
1785072699.135232449,per_message_full_scan,720,720,6.274458647,6.274458612,0.886111111,0.886111111,1,0.134168670,7.598570981,7.600478520,true,none
1785072700.135219812,per_message_full_scan,720,720,6.274458647,6.274458612,0.891666667,0.891666667,1,0.134157464,7.645921567,7.630483593,true,none
1785072701.136965990,per_message_full_scan,720,720,6.274458647,6.274458612,0.900000000,0.900000000,1,0.134186104,7.682423025,7.746443826,true,none
1785072702.135238171,per_message_full_scan,720,720,6.274458647,6.274458612,0.895833333,0.895833333,1,0.133647904,7.606353921,7.655818913,true,none
1785072703.135204792,per_message_full_scan,720,720,6.274458647,6.274458612,0.890277778,0.890277778,1,0.134055495,7.650060098,7.738755804,true,none
1785072704.157064199,per_message_full_scan,720,720,6.274458647,6.274458612,0.897222222,0.897222222,1,0.121566631,7.709019472,7.833723304,true,none
1785072705.135213852,per_message_full_scan,720,720,6.274458647,6.274458612,0.886111111,0.886111111,1,0.134396687,7.626484388,7.560576008,true,none
1785072706.135267496,per_message_full_scan,720,720,6.274458647,6.274458612,0.894444444,0.894444444,1,0.133717328,7.666947225,7.636084899,true,none
1785072707.175361872,per_message_full_scan,720,720,6.274458647,6.274458612,0.883333333,0.883333333,1,0.121840611,7.708732372,7.611054546,true,none
1785072708.135233641,per_message_full_scan,720,720,6.274458647,6.274458612,0.886111111,0.886111111,1,0.134117797,7.648002078,7.759816712,true,none
1785072709.140888691,per_message_full_scan,720,720,6.274458647,6.274458612,0.893055556,0.893055556,1,0.121882021,7.705728324,7.568395779,true,none
1785072710.135270596,per_message_full_scan,720,720,6.274458647,6.274458612,0.875000000,0.875000000,1,0.134045184,7.647546492,8.008064566,true,none
1785072711.135218859,per_message_full_scan,720,720,6.274458647,6.274458612,0.888888889,0.888888889,1,0.121988967,7.706164839,7.583959554,true,none
1785072712.135210276,per_message_full_scan,720,720,6.274458647,6.274458612,0.893055556,0.893055556,1,0.121819109,7.719693189,8.057255250,true,none
1785072713.135229588,per_message_full_scan,720,720,6.274458647,6.274458612,0.890277778,0.890277778,1,0.134142444,7.646884302,7.657761276,true,none
1785072714.135210991,per_message_full_scan,720,720,6.274458647,6.274458612,0.893055556,0.893055556,1,0.121693850,7.714470798,7.800869641,true,none
1785072715.159126282,per_message_full_scan,720,720,6.274458647,6.274458612,0.887500000,0.887500000,1,0.120804809,7.726387001,7.557578897,true,none
1785072716.135209322,per_message_full_scan,720,720,6.274458647,6.274458612,0.891666667,0.891666667,1,0.134256184,7.656005704,7.941574326,true,none
1785072717.135260344,per_message_full_scan,720,720,6.274458647,6.274458612,0.895833333,0.895833333,1,0.121866509,7.707067472,7.638666779,true,none
1785072718.135230780,per_message_full_scan,720,720,6.274458647,6.274458612,0.883333333,0.883333333,1,0.134176657,7.657120067,7.670851721,true,none
1785072719.135199547,per_message_full_scan,720,720,6.274458647,6.274458612,0.893055556,0.893055556,1,0.124139279,7.680331892,7.669651825,true,none
1785072720.147040367,per_message_full_scan,720,720,6.274458647,6.274458612,0.881944444,0.881944444,1,0.133716941,7.584777096,7.512166422,true,none
1785072721.135234118,per_message_full_scan,720,720,6.274458647,6.274458612,0.890277778,0.890277778,1,0.121622093,7.712837261,7.986428077,true,none
1785072722.135224581,per_message_full_scan,720,720,6.274458647,6.274458612,0.894444444,0.894444444,1,0.134137720,7.600885711,7.524872395,true,none
1785072723.135515451,per_message_full_scan,720,720,6.274458647,6.274458612,0.888888889,0.888888889,1,0.134223506,7.650537250,7.721038000,true,none
1785072724.135213614,per_message_full_scan,720,720,6.274458647,6.274458612,0.879166667,0.879166667,1,0.121713415,7.723476469,7.571422793,true,none
1785072725.135204077,per_message_full_scan,720,720,6.274458647,6.274458612,0.894444444,0.894444444,1,0.133753508,7.573248422,7.386007024,true,none
1785072726.154821396,per_message_full_scan,720,720,6.274458647,6.274458612,0.886111111,0.886111111,1,0.133021340,7.636636609,7.684080779,true,none
1785072727.135241985,per_message_full_scan,720,720,6.274458647,6.274458612,0.894444444,0.894444444,1,0.120974720,7.730761628,8.099829076,true,none
1785072728.135211706,per_message_full_scan,720,720,6.274458647,6.274458612,0.887500000,0.887500000,1,0.134202838,7.599231898,7.626872463,true,none
1785072729.153778315,per_message_full_scan,720,720,6.274458647,6.274458612,0.876388889,0.876388889,1,0.131482571,7.628320720,7.684173269,true,none
1785072730.135207176,per_message_full_scan,720,720,6.274458647,6.274458612,0.887500000,0.887500000,1,0.121713087,7.714038166,7.549073144,true,none
1785072731.135201693,per_message_full_scan,720,720,6.274458647,6.274458612,0.891666667,0.891666667,1,0.134154424,7.596172878,7.879150528,true,none
1785072732.135243177,per_message_full_scan,720,720,6.274458647,6.274458612,0.898611111,0.898611111,1,0.133940041,7.682040226,7.667454352,true,none
1785072733.135208130,per_message_full_scan,720,720,6.274458647,6.274458612,0.887500000,0.887500000,1,0.121680290,7.719050886,8.058983227,true,none
1785072734.136264086,per_message_full_scan,720,720,6.274458647,6.274458612,0.884722222,0.884722222,1,0.121879227,7.720457290,7.606887456,true,none
1785072735.135222197,per_message_full_scan,720,720,6.274458647,6.274458612,0.886111111,0.886111111,1,0.134012744,7.649498211,8.010528515,true,none
1785072736.135216236,per_message_full_scan,720,720,6.274458647,6.274458612,0.886111111,0.886111111,1,0.133470878,7.661695939,7.567720667,true,none
1785072737.135223150,per_message_full_scan,720,720,6.274458647,6.274458612,0.891666667,0.891666667,1,0.121554978,7.718566833,8.092860628,true,none
1785072738.135230780,per_message_full_scan,720,720,6.274458647,6.274458612,0.895833333,0.895833333,1,0.134173319,7.649262206,7.650768340,true,none
1785072739.135195017,per_message_full_scan,720,720,6.274458647,6.274458612,0.890277778,0.890277778,1,0.133039296,7.655552605,8.099037252,true,none
1785072740.148118973,per_message_full_scan,720,720,6.274458647,6.274458612,0.884722222,0.884722222,1,0.134106308,7.639949471,7.662764545,true,none
1785072741.135240793,per_message_full_scan,720,720,6.274458647,6.274458612,0.894444444,0.894444444,1,0.132850036,7.615161163,7.921103154,true,none
1785072742.135215759,per_message_full_scan,720,720,6.274458647,6.274458612,0.890277778,0.890277778,1,0.133657515,7.619765915,7.616911360,true,none
1785072743.142883778,per_message_full_scan,720,720,6.274458647,6.274458612,0.888888889,0.888888889,1,0.134262264,7.649715996,7.946167030,true,none
1785072744.135440826,per_message_full_scan,720,720,6.274458647,6.274458612,0.887500000,0.887500000,1,0.121786021,7.726424514,7.607650964,true,none
1785072745.135225773,per_message_full_scan,720,720,6.274458647,6.274458612,0.887500000,0.887500000,1,0.133507043,7.606154223,7.813639793,true,none
1785072746.161905050,per_message_full_scan,720,720,6.274458647,6.274458612,0.895833333,0.895833333,1,0.133119360,7.647473681,7.602062318,true,none
1785072747.135205984,per_message_full_scan,720,720,6.274458647,6.274458612,0.893055556,0.893055556,1,0.134113371,7.593363105,7.902361438,true,none
1785072748.135222673,per_message_full_scan,720,720,6.274458647,6.274458612,0.898611111,0.898611111,1,0.134220481,7.605308228,7.579581505,true,none
1785072749.135244131,per_message_full_scan,720,720,6.274458647,6.274458612,0.893055556,0.893055556,1,0.133188948,7.601800296,7.552569681,true,none
1785072750.135292530,per_message_full_scan,720,720,6.274458647,6.274458612,0.895833333,0.895833333,1,0.134226948,7.611963453,7.812506302,true,none
1785072751.155484676,per_message_full_scan,720,720,6.274458647,6.274458612,0.888888889,0.888888889,1,0.134118870,7.658240236,7.632958875,true,none
1785072752.135210752,per_message_full_scan,720,720,6.274458647,6.274458612,0.891666667,0.891666667,1,0.121320203,7.736194459,7.756495772,true,none
1785072753.135214806,per_message_full_scan,720,720,6.274458647,6.274458612,0.893055556,0.893055556,1,0.133475184,7.604908024,7.627734762,true,none
1785072754.145810843,per_message_full_scan,720,720,6.274458647,6.274458612,0.897222222,0.897222222,1,0.134158209,7.627412289,7.588687554,true,none
1785072755.135222197,per_message_full_scan,720,720,6.274458647,6.274458612,0.893055556,0.893055556,1,0.121728018,7.712238645,7.955987482,true,none
1785072756.135236979,per_message_full_scan,720,720,6.274458647,6.274458612,0.884722222,0.884722222,1,0.122024268,7.741510086,7.741779933,true,none
1785072757.163961172,per_message_full_scan,720,720,6.274458647,6.274458612,0.890277778,0.890277778,1,0.134219930,7.612214756,7.736390096,true,none
1785072758.135233879,per_message_full_scan,720,720,6.274458647,6.274458612,0.900000000,0.900000000,1,0.121880695,7.702990831,7.874929320,true,none
1785072759.135275126,per_message_full_scan,720,720,6.274458647,6.274458612,0.893055556,0.893055556,1,0.121858187,7.714720716,8.122038537,true,none
1785072760.154011488,per_message_full_scan,720,720,6.274458647,6.274458612,0.884722222,0.884722222,1,0.133541062,7.595459291,7.764002798,true,none
1785072761.135245800,per_message_full_scan,720,720,6.274458647,6.274458612,0.900000000,0.900000000,1,0.133639023,7.678492019,8.089162143,true,none
1785072762.135241985,per_message_full_scan,720,720,6.274458647,6.274458612,0.897222222,0.897222222,1,0.122033238,7.713534536,7.858389461,true,none
1785072763.149861336,per_message_full_scan,720,720,6.274458647,6.274458612,0.894444444,0.894444444,1,0.122014545,7.723341278,8.114132383,true,none
1785072764.135689259,per_message_full_scan,720,720,6.274458647,6.274458612,0.891666667,0.891666667,1,0.134577751,7.647217150,7.692273389,true,none
1785072765.135261297,per_message_full_scan,720,720,6.274458647,6.274458612,0.893055556,0.893055556,1,0.134099290,7.679402640,7.862469105,true,none
1785072766.135269880,per_message_full_scan,720,720,6.274458647,6.274458612,0.887500000,0.887500000,1,0.133942068,7.606049584,7.605592932,true,none
1785072767.135215044,per_message_full_scan,720,720,6.274458647,6.274458612,0.894444444,0.894444444,1,0.134004354,7.652555551,7.988116715,true,none
1785072768.135245085,per_message_full_scan,720,720,6.274458647,6.274458612,0.893055556,0.893055556,1,0.134083182,7.666492524,7.594724501,true,none
1785072769.135216236,per_message_full_scan,720,720,6.274458647,6.274458612,0.902777778,0.902777778,1,0.121455342,7.746902407,8.201392795,true,none
1785072770.135415316,per_message_full_scan,720,720,6.274458647,6.274458612,0.895833333,0.895833333,1,0.134001106,7.612783965,7.643038270,true,none
1785072771.153989077,per_message_full_scan,720,720,6.274458647,6.274458612,0.890277778,0.890277778,1,0.134011596,7.653734158,7.686554542,true,none
1785072772.135235310,per_message_full_scan,720,720,6.274458647,6.274458612,0.893055556,0.893055556,1,0.119539529,7.726812037,7.712161348,true,none
1785072773.135268211,per_message_full_scan,720,720,6.274458647,6.274458612,0.887500000,0.887500000,1,0.134162545,7.600940786,7.969361150,true,none
1785072774.146055937,per_message_full_scan,720,720,6.274458647,6.274458612,0.898611111,0.898611111,1,0.134062529,7.611022683,7.635261558,true,none
1785072775.135214090,per_message_full_scan,720,720,6.274458647,6.274458612,0.890277778,0.890277778,1,0.121863879,7.717873850,8.108864576,true,none
1785072776.135207653,per_message_full_scan,720,720,6.274458647,6.274458612,0.894444444,0.894444444,1,0.134054214,7.600904354,7.626116638,true,none
1785072777.172602177,per_message_full_scan,720,720,6.274458647,6.274458612,0.894444444,0.894444444,1,0.130462065,7.624554395,7.671386511,true,none
1785072778.135232449,per_message_full_scan,720,720,6.274458647,6.274458612,0.893055556,0.893055556,1,0.120789409,7.718555494,7.676864649,true,none
1785072779.135211229,per_message_full_scan,720,720,6.274458647,6.274458612,0.895833333,0.895833333,1,0.133943915,7.575406456,7.607150958,true,none
1785072780.135255337,per_message_full_scan,720,720,6.274458647,6.274458612,0.895833333,0.895833333,1,0.121873662,7.715334539,7.805141977,true,none
1785072781.135213852,per_message_full_scan,720,720,6.274458647,6.274458612,0.890277778,0.890277778,1,0.122885011,7.709681861,7.607641114,true,none
1785072782.135206938,per_message_full_scan,720,720,6.274458647,6.274458612,0.901388889,0.901388889,1,0.134084925,7.601259593,7.638133243,true,none
1785072783.135275841,per_message_full_scan,720,720,6.274458647,6.274458612,0.888888889,0.888888889,1,0.133782357,7.668519393,7.565882179,true,none
1785072784.135225296,per_message_full_scan,720,720,6.274458647,6.274458612,0.897222222,0.897222222,1,0.121615745,7.718832862,8.007116671,true,none
1785072785.135290623,per_message_full_scan,720,720,6.274458647,6.274458612,0.898611111,0.898611111,1,0.121083193,7.603472035,8.077246216,true,none
1785072786.135327339,per_message_full_scan,720,720,6.274458647,6.274458612,0.897222222,0.897222222,1,0.134127930,7.659676548,7.654155053,true,none
1785072787.135208845,per_message_full_scan,720,720,6.274458647,6.274458612,0.900000000,0.900000000,1,0.121599868,7.715778878,7.574128390,true,none
1785072788.142926931,per_message_full_scan,720,720,6.274458647,6.274458612,0.900000000,0.900000000,1,0.122216918,7.713617054,7.774839605,true,none
1785072789.135449648,per_message_full_scan,720,720,6.274458647,6.274458612,0.895833333,0.895833333,1,0.131111443,7.647174598,7.549397854,true,none
1785072790.135210752,per_message_full_scan,720,720,6.274458647,6.274458612,0.895833333,0.895833333,1,0.134104669,7.679748289,7.761852553,true,none
1785072791.161791563,per_message_full_scan,720,720,6.274458647,6.274458612,0.887500000,0.887500000,1,0.120788172,7.719153747,7.619107861,true,none
1785072792.135403633,per_message_full_scan,720,720,6.274458647,6.274458612,0.886111111,0.886111111,1,0.134211972,7.651367027,7.785473449,true,none
1785072793.135212660,per_message_full_scan,720,720,6.274458647,6.274458612,0.905555556,0.905555556,1,0.134045109,7.637904389,7.548164347,true,none
1785072794.160526991,per_message_full_scan,720,720,6.274458647,6.274458612,0.881944444,0.881944444,1,0.134300292,7.678447746,7.732757934,true,none
1785072795.135582447,per_message_full_scan,720,720,6.274458647,6.274458612,0.897222222,0.897222222,1,0.132960498,7.607711103,7.655227449,true,none
1785072796.135225773,per_message_full_scan,720,720,6.274458647,6.274458612,0.894444444,0.894444444,1,0.134286851,7.618942159,7.778411215,true,none
1785072797.135219812,per_message_full_scan,720,720,6.274458647,6.274458612,0.884722222,0.884722222,1,0.121691018,7.724816693,8.051437824,true,none
1785072798.135219574,per_message_full_scan,720,720,6.274458647,6.274458612,0.897222222,0.897222222,1,0.134228155,7.605205841,7.867189674,true,none
1785072799.146384478,per_message_full_scan,720,720,6.274458647,6.274458612,0.888888889,0.888888889,1,0.132735804,7.621399474,7.539431761,true,none
1785072800.135216475,per_message_full_scan,720,720,6.274458647,6.274458612,0.900000000,0.900000000,1,0.121760421,7.719394170,7.882665287,true,none
1785072801.135645628,per_message_full_scan,720,720,6.274458647,6.274458612,0.894444444,0.894444444,1,0.121632986,7.755007651,8.078967759,true,none
1785072802.135249376,per_message_full_scan,720,720,6.274458647,6.274458612,0.895833333,0.895833333,1,0.133858487,7.606878423,7.820186558,true,none
1785072803.135226965,per_message_full_scan,720,720,6.274458647,6.274458612,0.886111111,0.886111111,1,0.134073123,7.671382903,7.668032739,true,none
1785072804.135342121,per_message_full_scan,720,720,6.274458647,6.274458612,0.880555556,0.880555556,1,0.121860877,7.715045914,7.781279496,true,none
1785072805.154061317,per_message_full_scan,720,720,6.274458647,6.274458612,0.891666667,0.891666667,1,0.134141654,7.586458809,7.605975698,true,none
1785072806.135221720,per_message_full_scan,720,720,6.274458647,6.274458612,0.893055556,0.893055556,1,0.133261159,7.656339013,7.894188924,true,none
1785072807.135384798,per_message_full_scan,720,720,6.274458647,6.274458612,0.887500000,0.887500000,1,0.121775731,7.707236079,8.069270713,true,none
1785072808.151503801,per_message_full_scan,720,720,6.274458647,6.274458612,0.870833333,0.870833333,1,0.131013498,7.613706707,7.847662862,true,none
1785072809.135576010,per_message_full_scan,720,720,6.274458647,6.274458612,0.880555556,0.880555556,1,0.134247839,7.679190239,7.579452799,true,none
1785072810.135240793,per_message_full_scan,720,720,6.274458647,6.274458612,0.886111111,0.886111111,1,0.121897385,7.712659414,7.861279641,true,none
1785072811.139328241,per_message_full_scan,720,720,6.274458647,6.274458612,0.888888889,0.888888889,1,0.121720262,7.743466378,8.022215691,true,none
1785072812.135212660,per_message_full_scan,720,720,6.274458647,6.274458612,0.876388889,0.876388889,1,0.134839848,7.648116078,7.977350865,true,none
1785072813.135495424,per_message_full_scan,720,720,6.274458647,6.274458612,0.881944444,0.881944444,1,0.134158403,7.681573789,7.610797194,true,none
1785072814.168213844,per_message_full_scan,720,720,6.274458647,6.274458612,0.873611111,0.873611111,1,0.121919841,7.709681937,7.990069673,true,none
1785072815.135199070,per_message_full_scan,720,720,6.274458647,6.274458612,0.881944444,0.881944444,1,0.134242877,7.616971930,7.586372558,true,none
1785072816.135310411,per_message_full_scan,720,720,6.274458647,6.274458612,0.890277778,0.890277778,1,0.134203672,7.652175486,7.778454571,true,none
1785072817.135219812,per_message_full_scan,720,720,6.274458647,6.274458612,0.881944444,0.881944444,1,0.134160057,7.604638747,7.575186076,true,none
1785072818.135210276,per_message_full_scan,720,720,6.274458647,6.274458612,0.893055556,0.893055556,1,0.134168193,7.625761784,7.667310936,true,none
1785072819.153119087,per_message_full_scan,720,720,6.274458647,6.274458612,0.876388889,0.876388889,1,0.133834824,7.642321260,7.500374319,true,none
1785072820.135216475,per_message_full_scan,720,720,6.274458647,6.274458612,0.877777778,0.877777778,1,0.121589527,7.730711988,7.642190104,true,none
1785072821.135634422,per_message_full_scan,720,720,6.274458647,6.274458612,0.879166667,0.879166667,1,0.134996325,7.593938795,7.565940470,true,none
1785072822.141296625,per_message_full_scan,720,720,6.274458647,6.274458612,0.877777778,0.877777778,1,0.134067982,7.612345088,7.720847079,true,none
1785072823.135215044,per_message_full_scan,720,720,6.274458647,6.274458612,0.881944444,0.881944444,1,0.121986143,7.688706601,7.534844475,true,none
1785072824.135285139,per_message_full_scan,720,720,6.274458647,6.274458612,0.881944444,0.881944444,1,0.121930473,7.717998966,7.624053205,true,none
1785072825.135203600,per_message_full_scan,720,720,6.274458647,6.274458612,0.877777778,0.877777778,1,0.121913277,7.751598542,8.185071099,true,none
1785072826.135207176,per_message_full_scan,720,720,6.274458647,6.274458612,0.881944444,0.881944444,1,0.133638591,7.656864495,7.751097590,true,none
1785072827.135209322,per_message_full_scan,720,720,6.274458647,6.274458612,0.890277778,0.890277778,1,0.132100701,7.667982501,8.016104298,true,none
1785072828.157238483,per_message_full_scan,720,720,6.274458647,6.274458612,0.888888889,0.888888889,1,0.121794350,7.713557981,7.660018226,true,none
1785072829.135224342,per_message_full_scan,720,720,6.274458647,6.274458612,0.888888889,0.888888889,1,0.134600312,7.598495360,7.491368072,true,none
1785072830.135220528,per_message_full_scan,720,720,6.274458647,6.274458612,0.897222222,0.897222222,1,0.134237245,7.654008930,7.729108725,true,none
1785072831.177167416,per_message_full_scan,720,720,6.274458647,6.274458612,0.888888889,0.888888889,1,0.134145707,7.663025525,7.587222011,true,none
1785072832.135323286,per_message_full_scan,720,720,6.274458647,6.274458612,0.886111111,0.886111111,1,0.134998932,7.589182205,7.661360035,true,none
1785072833.144596338,per_message_full_scan,720,720,6.274458647,6.274458612,0.881944444,0.881944444,1,0.134222984,7.592715582,7.561159172,true,none
1785072834.135904551,per_message_full_scan,720,720,6.274458647,6.274458612,0.893055556,0.893055556,1,0.121774100,7.714643458,7.787938400,true,none
1785072835.135205746,per_message_full_scan,720,720,6.274458647,6.274458612,0.888888889,0.888888889,1,0.121564560,7.735705004,7.557440196,true,none
1785072836.135203838,per_message_full_scan,720,720,6.274458647,6.274458612,0.890277778,0.890277778,1,0.134188905,7.602390145,7.723196582,true,none
1785072837.135224819,per_message_full_scan,720,720,6.274458647,6.274458612,0.883333333,0.883333333,1,0.133338600,7.670155464,7.651324190,true,none
1785072838.137462616,per_message_full_scan,720,720,6.274458647,6.274458612,0.890277778,0.890277778,1,0.121610731,7.702552554,8.070771675,true,none
1785072839.150813341,per_message_full_scan,720,720,6.274458647,6.274458612,0.886111111,0.886111111,1,0.134707123,7.595599121,7.689641360,true,none
1785072840.135216713,per_message_full_scan,720,720,6.274458647,6.274458612,0.876388889,0.876388889,1,0.134131789,7.666466914,7.714266038,true,none
1785072841.135206461,per_message_full_scan,720,720,6.274458647,6.274458612,0.893055556,0.893055556,1,0.119765922,7.715428549,7.607399865,true,none
1785072842.150563955,per_message_full_scan,720,720,6.274458647,6.274458612,0.877777778,0.877777778,1,0.121941388,7.693471623,7.792934906,true,none
1785072843.135694742,per_message_full_scan,720,720,6.274458647,6.274458612,0.886111111,0.886111111,1,0.134311825,7.651498769,7.916138690,true,none
1785072844.135226011,per_message_full_scan,720,720,6.274458647,6.274458612,0.869444444,0.869444444,1,0.133334205,7.680811867,7.848447195,true,none
1785072845.167230129,per_message_full_scan,720,720,6.274458647,6.274458612,0.881944444,0.881944444,1,0.120981522,7.717993424,7.608140460,true,none
1785072846.135230303,per_message_full_scan,720,720,6.274458647,6.274458612,0.886111111,0.886111111,1,0.134227991,7.619202498,7.892017564,true,none
1785072847.135371208,per_message_full_scan,720,720,6.274458647,6.274458612,0.877777778,0.877777778,1,0.119183525,7.709467819,8.087228329,true,none
1785072848.135235786,per_message_full_scan,720,720,6.274458647,6.274458612,0.883333333,0.883333333,1,0.121900961,7.708975599,8.052958197,true,none
1785072849.135226250,per_message_full_scan,720,720,6.274458647,6.274458612,0.880555556,0.880555556,1,0.130043060,7.642306882,7.743161979,true,none
1785072850.135265112,per_message_full_scan,720,720,6.274458647,6.274458612,0.887500000,0.887500000,1,0.121658221,7.729989779,8.084588785,true,none
1785072851.135223866,per_message_full_scan,720,720,6.274458647,6.274458612,0.875000000,0.875000000,1,0.133438930,7.653844205,7.809255292,true,none
1785072852.135218859,per_message_full_scan,720,720,6.274458647,6.274458612,0.875000000,0.875000000,1,0.134243175,7.654230632,7.644109436,true,none
1785072853.142031193,per_message_full_scan,720,720,6.274458647,6.274458612,0.881944444,0.881944444,1,0.134106621,7.662116426,7.765446799,true,none
1785072854.135210276,per_message_full_scan,720,720,6.274458647,6.274458612,0.880555556,0.880555556,1,0.121762648,7.750595155,7.598605954,true,none
1785072855.135215044,per_message_full_scan,720,720,6.274458647,6.274458612,0.876388889,0.876388889,1,0.134089872,7.605793115,7.754765166,true,none
1785072856.171421766,per_message_full_scan,720,720,6.274458647,6.274458612,0.875000000,0.875000000,1,0.134277016,7.609006245,7.613747333,true,none
1785072857.135215759,per_message_full_scan,720,720,6.274458647,6.274458612,0.887500000,0.887500000,1,0.134245589,7.667725479,7.666439660,true,none
1785072858.135217905,per_message_full_scan,720,720,6.274458647,6.274458612,0.880555556,0.880555556,1,0.134193301,7.664384995,7.873674883,true,none
1785072859.158178091,per_message_full_scan,720,720,6.274458647,6.274458612,0.884722222,0.884722222,1,0.132991090,7.662357724,7.665680814,true,none
1785072860.135220289,per_message_full_scan,720,720,6.274458647,6.274458612,0.886111111,0.886111111,1,0.121872105,7.747633939,8.053708603,true,none
1785072861.135231018,per_message_full_scan,720,720,6.274458647,6.274458612,0.883333333,0.883333333,1,0.121891581,7.751377051,7.620558076,true,none
1785072862.154249191,per_message_full_scan,720,720,6.274458647,6.274458612,0.884722222,0.884722222,1,0.121849611,7.755846291,7.687345429,true,none
1785072863.135225058,per_message_full_scan,720,720,6.274458647,6.274458612,0.888888889,0.888888889,1,0.134112030,7.657774458,7.646470437,true,none
1785072864.135222197,per_message_full_scan,720,720,6.274458647,6.274458612,0.883333333,0.883333333,1,0.134132698,7.654043058,7.708164014,true,none
1785072865.143280745,per_message_full_scan,720,720,6.274458647,6.274458612,0.887500000,0.887500000,1,0.131874382,7.666187598,7.946426592,true,none
1785072866.135190964,per_message_full_scan,720,720,6.274458647,6.274458612,0.884722222,0.884722222,1,0.122079670,7.747678772,7.629957825,true,none
1785072867.135231018,per_message_full_scan,720,720,6.274458647,6.274458612,0.886111111,0.886111111,1,0.121915601,7.752774359,7.983960110,true,none
1785072868.170467377,per_message_full_scan,720,720,6.274458647,6.274458612,0.886111111,0.886111111,1,0.121765099,7.753914525,7.594369351,true,none
1785072869.135203600,per_message_full_scan,720,720,6.274458647,6.274458612,0.873611111,0.873611111,1,0.134181857,7.650971427,8.091793163,true,none
1785072870.135220289,per_message_full_scan,720,720,6.274458647,6.274458612,0.881944444,0.881944444,1,0.133959562,7.641735801,7.653552919,true,none
1785072871.135245562,per_message_full_scan,720,720,6.274458647,6.274458612,0.888888889,0.888888889,1,0.121422589,7.722425173,7.834251596,true,none
1785072872.135213137,per_message_full_scan,720,720,6.274458647,6.274458612,0.887500000,0.887500000,1,0.121637583,7.712320095,7.565030229,true,none
1785072873.135218620,per_message_full_scan,720,720,6.274458647,6.274458612,0.887500000,0.887500000,1,0.121302851,7.735618250,7.792592435,true,none
1785072874.156978369,per_message_full_scan,720,720,6.274458647,6.274458612,0.877777778,0.877777778,1,0.120730236,7.752843255,7.992750990,true,none
1785072875.135209560,per_message_full_scan,720,720,6.274458647,6.274458612,0.883333333,0.883333333,1,0.134184271,7.666786575,7.729282598,true,none
1785072876.142116547,per_message_full_scan,720,720,6.274458647,6.274458612,0.881944444,0.881944444,1,0.133689299,7.656804696,7.745214909,true,none
1785072877.135201454,per_message_full_scan,720,720,6.274458647,6.274458612,0.888888889,0.888888889,1,0.121903397,7.719622276,7.708008315,true,none
1785072878.135197878,per_message_full_scan,720,720,6.274458647,6.274458612,0.875000000,0.875000000,1,0.121786684,7.719804432,8.054444597,true,none
1785072879.140542746,per_message_full_scan,720,720,6.274458647,6.274458612,0.881944444,0.881944444,1,0.122179218,7.699396782,7.569604315,true,none
1785072880.135206461,per_message_full_scan,720,720,6.274458647,6.274458612,0.888888889,0.888888889,1,0.133708924,7.609443981,7.964389410,true,none
1785072881.135207891,per_message_full_scan,720,720,6.274458647,6.274458612,0.876388889,0.876388889,1,0.133700520,7.609043335,7.611263790,true,none
1785072882.135201216,per_message_full_scan,720,720,6.274458647,6.274458612,0.876388889,0.876388889,1,0.134169042,7.626304260,7.789329021,true,none
1785072883.135206699,per_message_full_scan,720,720,6.274458647,6.274458612,0.875000000,0.875000000,1,0.134658486,7.674741979,7.592107656,true,none
1785072884.135200024,per_message_full_scan,720,720,6.274458647,6.274458612,0.887500000,0.887500000,1,0.121895418,7.707363943,7.611390418,true,none
1785072885.135205984,per_message_full_scan,720,720,6.274458647,6.274458612,0.888888889,0.888888889,1,0.121233150,7.723167985,8.040390013,true,none
1785072886.135248661,per_message_full_scan,720,720,6.274458647,6.274458612,0.893055556,0.893055556,1,0.134137258,7.618732075,7.701915993,true,none
1785072887.135235786,per_message_full_scan,720,720,6.274458647,6.274458612,0.879166667,0.879166667,1,0.134101018,7.618301272,7.820763700,true,none
1785072888.143795013,per_message_full_scan,720,720,6.274458647,6.274458612,0.880555556,0.880555556,1,0.134090021,7.633731462,7.570811758,true,none
1785072889.135250092,per_message_full_scan,720,720,6.274458647,6.274458612,0.879166667,0.879166667,1,0.120409764,7.723520119,8.005728583,true,none
1785072890.135200500,per_message_full_scan,720,720,6.274458647,6.274458612,0.880555556,0.880555556,1,0.122094169,7.728637639,7.590101280,true,none
1785072891.135220051,per_message_full_scan,720,720,6.274458647,6.274458612,0.883333333,0.883333333,1,0.121584550,7.733389163,7.896972141,true,none
1785072892.135225296,per_message_full_scan,720,720,6.274458647,6.274458612,0.881944444,0.881944444,1,0.132249042,7.613983969,7.599856644,true,none
1785072893.135367155,per_message_full_scan,720,720,6.274458647,6.274458612,0.887500000,0.887500000,1,0.116057612,7.699401416,8.012623564,true,none
1785072894.157754898,per_message_full_scan,720,720,6.274458647,6.274458612,0.886111111,0.886111111,1,0.121196054,7.673370458,7.785201736,true,none
1785072895.135208845,per_message_full_scan,720,720,6.274458647,6.274458612,0.891666667,0.891666667,1,0.120942391,7.676454215,7.516256014,true,none
1785072896.135289669,per_message_full_scan,720,720,6.274458647,6.274458612,0.883333333,0.883333333,1,0.134948850,7.614825448,7.954540567,true,none
1785072897.135293961,per_message_full_scan,720,720,6.274458647,6.274458612,0.887500000,0.887500000,1,0.134132281,7.580888486,7.675344870,true,none
1785072898.135239840,per_message_full_scan,720,720,6.274458647,6.274458612,0.895833333,0.895833333,1,0.133496508,7.561316694,7.540398117,true,none
1785072899.178480864,per_message_full_scan,720,720,6.274458647,6.274458612,0.895833333,0.895833333,1,0.135172352,7.618488805,7.749371740,true,none
1785072900.135223866,per_message_full_scan,720,720,6.274458647,6.274458612,0.887500000,0.887500000,1,0.132413760,7.610267929,7.819809151,true,none
1785072901.141218662,per_message_full_scan,720,720,6.274458647,6.274458612,0.881944444,0.881944444,1,0.133675814,7.569282179,7.554139320,true,none
1785072902.135215282,per_message_full_scan,720,720,6.274458647,6.274458612,0.883333333,0.883333333,1,0.126118198,7.601686839,7.609642617,true,none
1785072903.135211706,per_message_full_scan,720,720,6.274458647,6.274458612,0.898611111,0.898611111,1,0.133426815,7.653218642,7.757462563,true,none
1785072904.160464525,per_message_full_scan,720,720,6.274458647,6.274458612,0.884722222,0.884722222,1,0.133469373,7.581792372,7.642657808,true,none
1785072905.135266542,per_message_full_scan,720,720,6.274458647,6.274458612,0.883333333,0.883333333,1,0.134181738,7.595642711,7.564687685,true,none
1785072906.135397196,per_message_full_scan,720,720,6.274458647,6.274458612,0.887500000,0.887500000,1,0.121961974,7.706075779,7.731237646,true,none
1785072907.135226727,per_message_full_scan,720,720,6.274458647,6.274458612,0.884722222,0.884722222,1,0.122215159,7.662301188,7.651613067,true,none
1785072908.135217905,per_message_full_scan,720,720,6.274458647,6.274458612,0.890277778,0.890277778,1,0.133475021,7.639826917,7.634702939,true,none
1785072909.149641275,per_message_full_scan,720,720,6.274458647,6.274458612,0.877777778,0.877777778,1,0.134160057,7.547889881,7.643180608,true,none
1785072910.135221004,per_message_full_scan,720,720,6.274458647,6.274458612,0.879166667,0.879166667,1,0.121192515,7.692037841,7.551784583,true,none
1785072911.143686056,per_message_full_scan,720,720,6.274458647,6.274458612,0.890277778,0.890277778,1,0.133541062,7.640231894,7.610108309,true,none
1785072912.135234833,per_message_full_scan,720,720,6.274458647,6.274458612,0.875000000,0.875000000,1,0.133787543,7.636208287,7.766677792,true,none
1785072913.135215521,per_message_full_scan,720,720,6.274458647,6.274458612,0.880555556,0.880555556,1,0.132972777,7.569698494,7.571438654,true,none
1785072914.136038303,per_message_full_scan,720,720,6.274458647,6.274458612,0.887500000,0.887500000,1,0.132512137,7.645994737,7.832321279,true,none
1785072915.136513948,per_message_full_scan,720,720,6.274458647,6.274458612,0.894444444,0.894444444,1,0.133144513,7.649664068,7.675758663,true,none
1785072916.135198832,per_message_full_scan,720,720,6.274458647,6.274458612,0.883333333,0.883333333,1,0.130126089,7.567289233,7.568318152,true,none
1785072917.156851768,per_message_full_scan,720,720,6.274458647,6.274458612,0.876388889,0.876388889,1,0.121999152,7.674461120,8.060180993,true,none
1785072918.135581970,per_message_full_scan,720,720,6.274458647,6.274458612,0.894444444,0.894444444,1,0.120763429,7.684497947,7.754621350,true,none
1785072919.154596806,per_message_full_scan,720,720,6.274458647,6.274458612,0.873611111,0.873611111,1,0.134199381,7.595990800,7.568931614,true,none
1785072920.135228872,per_message_full_scan,720,720,6.274458647,6.274458612,0.883333333,0.883333333,1,0.131287068,7.625421195,7.663991424,true,none
1785072921.135236502,per_message_full_scan,720,720,6.274458647,6.274458612,0.887500000,0.887500000,1,0.121998489,7.688988608,7.683201217,true,none
1785072922.176314354,per_message_full_scan,720,720,6.274458647,6.274458612,0.880555556,0.880555556,1,0.132976890,7.647603845,7.553263500,true,none
1785072923.135609865,per_message_full_scan,720,720,6.274458647,6.274458612,0.884722222,0.884722222,1,0.133212164,7.594717242,7.654704263,true,none
1785072924.150166750,per_message_full_scan,720,720,6.274458647,6.274458612,0.888888889,0.888888889,1,0.122883499,7.638543924,7.429818449,true,none
1785072925.135314703,per_message_full_scan,720,720,6.274458647,6.274458612,0.890277778,0.890277778,1,0.120568864,7.676226112,8.181381294,true,none
1785072926.135239840,per_message_full_scan,720,720,6.274458647,6.274458612,0.884722222,0.884722222,1,0.134087175,7.607318325,7.867865197,true,none
1785072927.164315224,per_message_full_scan,720,720,6.274458647,6.274458612,0.888888889,0.888888889,1,0.119846322,7.679871119,7.564431080,true,none
1785072928.135213375,per_message_full_scan,720,720,6.274458647,6.274458612,0.886111111,0.886111111,1,0.120280504,7.679606610,8.251188663,true,none
1785072929.135179281,per_message_full_scan,720,720,6.274458647,6.274458612,0.881944444,0.881944444,1,0.134755254,7.597896494,7.864787582,true,none
1785072930.135236263,per_message_full_scan,720,720,6.274458647,6.274458612,0.880555556,0.880555556,1,0.136012360,7.577963959,7.593242594,true,none
1785072931.135237932,per_message_full_scan,720,720,6.274458647,6.274458612,0.888888889,0.888888889,1,0.131582707,7.548100531,7.546627474,true,none
1785072932.153204918,per_message_full_scan,720,720,6.274458647,6.274458612,0.888888889,0.888888889,1,0.121259615,7.664646285,7.588260161,true,none
1785072933.135231018,per_message_full_scan,720,720,6.274458647,6.274458612,0.888888889,0.888888889,1,0.121774375,7.681781908,7.617285027,true,none
1785072934.135206223,per_message_full_scan,720,720,6.274458647,6.274458612,0.888888889,0.888888889,1,0.133991674,7.610955055,8.026393753,true,none
1785072935.135244370,per_message_full_scan,720,720,6.274458647,6.274458612,0.888888889,0.888888889,1,0.134166062,7.630937709,7.758001736,true,none
1785072936.135320425,per_message_full_scan,720,720,6.274458647,6.274458612,0.893055556,0.893055556,1,0.133738652,7.586948585,7.525789147,true,none
1785072937.159379482,per_message_full_scan,720,720,6.274458647,6.274458612,0.888888889,0.888888889,1,0.116430968,7.721694693,7.626860508,true,none
1785072938.135221243,per_message_full_scan,720,720,6.274458647,6.274458612,0.883333333,0.883333333,1,0.121832393,7.691288036,8.053056748,true,none
1785072939.135208130,per_message_full_scan,720,720,6.274458647,6.274458612,0.880555556,0.880555556,1,0.121760145,7.735023027,7.589978521,true,none
1785072940.135228157,per_message_full_scan,720,720,6.274458647,6.274458612,0.886111111,0.886111111,1,0.134095460,7.654246218,7.814146567,true,none
1785072941.135241747,per_message_full_scan,720,720,6.274458647,6.274458612,0.893055556,0.893055556,1,0.134533197,7.640950132,7.597185086,true,none
1785072942.135214329,per_message_full_scan,720,720,6.274458647,6.274458612,0.880555556,0.880555556,1,0.121873714,7.720589919,8.063573094,true,none
1785072943.135401964,per_message_full_scan,720,720,6.274458647,6.274458612,0.884722222,0.884722222,1,0.120508969,7.673147285,7.622100764,true,none
1785072944.136000395,per_message_full_scan,720,720,6.274458647,6.274458612,0.894444444,0.894444444,1,0.134084120,7.586373752,7.568346366,true,none
1785072945.136788130,per_message_full_scan,720,720,6.274458647,6.274458612,0.888888889,0.888888889,1,0.134062216,7.590819015,8.201780040,true,none
1785072946.135271072,per_message_full_scan,720,720,6.274458647,6.274458612,0.886111111,0.886111111,1,0.138424516,7.508022296,7.735596609,true,none
1785072947.138687849,per_message_full_scan,720,720,6.274458647,6.274458612,0.890277778,0.890277778,1,0.132826179,7.555652559,7.549144025,true,none
1785072948.135467768,per_message_full_scan,720,720,6.274458647,6.274458612,0.886111111,0.886111111,1,0.132881820,7.542425604,7.526130539,true,none
1785072949.135549784,per_message_full_scan,720,720,6.274458647,6.274458612,0.891666667,0.891666667,1,0.136742845,7.493893260,7.529648435,true,none
1785072950.170325041,per_message_full_scan,720,720,6.274458647,6.274458612,0.890277778,0.890277778,1,0.122437187,7.615371516,7.561593691,true,none
1785072951.135283232,per_message_full_scan,720,720,6.274458647,6.274458612,0.883333333,0.883333333,1,0.119997129,7.672712408,7.491254868,true,none
1785072952.135226727,per_message_full_scan,720,720,6.274458647,6.274458612,0.880555556,0.880555556,1,0.121801436,7.672175124,8.171722850,true,none
1785072953.135214806,per_message_full_scan,720,720,6.274458647,6.274458612,0.880555556,0.880555556,1,0.134028688,7.664755836,7.725615599,true,none
1785072954.135237694,per_message_full_scan,720,720,6.274458647,6.274458612,0.881944444,0.881944444,1,0.133517116,7.584530350,7.584234898,true,none
1785072955.175294638,per_message_full_scan,720,720,6.274458647,6.274458612,0.894444444,0.894444444,1,0.134274811,7.643378609,7.680350530,true,none
1785072956.135203362,per_message_full_scan,720,720,6.274458647,6.274458612,0.894444444,0.894444444,1,0.121648669,7.744561103,7.661368096,true,none
1785072957.135201693,per_message_full_scan,720,720,6.274458647,6.274458612,0.895833333,0.895833333,1,0.134103030,7.605622869,7.877126885,true,none
1785072958.174172640,per_message_full_scan,720,720,6.274458647,6.274458612,0.891666667,0.891666667,1,0.131419361,7.153665863,7.075991391,true,none
1785072959.135207653,per_message_full_scan,720,720,6.274458647,6.274458612,0.895833333,0.895833333,1,0.134211749,7.570726273,7.605829326,true,none
1785072960.135197878,per_message_full_scan,720,720,6.274458647,6.274458612,0.900000000,0.900000000,1,0.133519650,7.664878015,7.629888812,true,none
1785072961.161628008,per_message_full_scan,720,720,6.274458647,6.274458612,0.888888889,0.888888889,1,0.134108901,7.666326186,7.624607665,true,none
1785072962.135197878,per_message_full_scan,720,720,6.274458647,6.274458612,0.881944444,0.881944444,1,0.121741742,7.736186338,8.178522504,true,none
1785072963.135216475,per_message_full_scan,720,720,6.274458647,6.274458612,0.886111111,0.886111111,1,0.122124754,7.745923339,7.594145070,true,none
1785072964.135223866,per_message_full_scan,720,720,6.274458647,6.274458612,0.883333333,0.883333333,1,0.133182973,7.667074494,7.658186080,true,none
1785072965.135203838,per_message_full_scan,720,720,6.274458647,6.274458612,0.890277778,0.890277778,1,0.134178594,7.665128220,7.668798839,true,none
1785072966.135211229,per_message_full_scan,720,720,6.274458647,6.274458612,0.890277778,0.890277778,1,0.134084523,7.669396241,7.929807361,true,none
1785072967.178234577,per_message_full_scan,720,720,6.274458647,6.274458612,0.888888889,0.888888889,1,0.134391367,7.649332989,7.534692626,true,none
1785072968.135185719,per_message_full_scan,720,720,6.274458647,6.274458612,0.891666667,0.891666667,1,0.121902496,7.727380678,7.780885338,true,none
1785072969.135243416,per_message_full_scan,720,720,6.274458647,6.274458612,0.888888889,0.888888889,1,0.121762343,7.729270236,8.161032262,true,none
1785072970.163228512,per_message_full_scan,720,720,6.274458647,6.274458612,0.894444444,0.894444444,1,0.121837936,7.731939011,7.742374737,true,none
1785072971.135348320,per_message_full_scan,720,720,6.274458647,6.274458612,0.891666667,0.891666667,1,0.134132847,7.628904300,7.576325771,true,none
1785072972.135208130,per_message_full_scan,720,720,6.274458647,6.274458612,0.901388889,0.901388889,1,0.134193003,7.629744337,7.589630957,true,none
1785072973.135226011,per_message_full_scan,720,720,6.274458647,6.274458612,0.891666667,0.891666667,1,0.134207666,7.687710752,8.019144964,true,none
1785072974.135214806,per_message_full_scan,720,720,6.274458647,6.274458612,0.884722222,0.884722222,1,0.133590847,7.679095782,7.555332476,true,none
1785072975.135209799,per_message_full_scan,720,720,6.274458647,6.274458612,0.886111111,0.886111111,1,0.133059531,7.678507017,7.833933617,true,none
1785072976.135232210,per_message_full_scan,720,720,6.274458647,6.274458612,0.883333333,0.883333333,1,0.121803440,7.755903019,7.609806685,true,none
1785072977.135196924,per_message_full_scan,720,720,6.274458647,6.274458612,0.898611111,0.898611111,1,0.123281583,7.721088057,7.784614528,true,none
1785072978.135235071,per_message_full_scan,720,720,6.274458647,6.274458612,0.886111111,0.886111111,1,0.121972948,7.757314967,8.011332273,true,none
1785072979.167510033,per_message_full_scan,720,720,6.274458647,6.274458612,0.894444444,0.894444444,1,0.121765479,7.746455972,7.762039152,true,none
1785072980.135199308,per_message_full_scan,720,720,6.274458647,6.274458612,0.884722222,0.884722222,1,0.133587837,7.666673451,7.961961179,true,none
1785072981.135201931,per_message_full_scan,720,720,6.274458647,6.274458612,0.908333333,0.908333333,1,0.134135887,7.630933468,7.597635952,true,none
1785072982.135221004,per_message_full_scan,720,720,6.274458647,6.274458612,0.881944444,0.881944444,1,0.134170890,7.683903087,7.934702773,true,none
1785072983.135235310,per_message_full_scan,720,720,6.274458647,6.274458612,0.902777778,0.902777778,1,0.121484786,7.710774314,7.646079711,true,none
1785072984.135223389,per_message_full_scan,720,720,6.274458647,6.274458612,0.897222222,0.897222222,1,0.122459784,7.692352583,7.707749370,true,none
1785072985.135218143,per_message_full_scan,720,720,6.274458647,6.274458612,0.887500000,0.887500000,1,0.121244982,7.765291602,7.982464505,true,none
1785072986.135216713,per_message_full_scan,720,720,6.274458647,6.274458612,0.900000000,0.900000000,1,0.122045889,7.740335160,7.643058581,true,none
1785072987.135224104,per_message_full_scan,720,720,6.274458647,6.274458612,0.890277778,0.890277778,1,0.121694572,7.739731055,7.868765264,true,none
1785072988.135329008,per_message_full_scan,720,720,6.274458647,6.274458612,0.894444444,0.894444444,1,0.134137839,7.655651520,7.561112345,true,none
1785072989.135192156,per_message_full_scan,720,720,6.274458647,6.274458612,0.886111111,0.886111111,1,0.134030461,7.665014178,7.868182894,true,none
1785072990.135301113,per_message_full_scan,720,720,6.274458647,6.274458612,0.888888889,0.888888889,1,0.134135291,7.665089593,7.619910575,true,none
1785072991.135266781,per_message_full_scan,720,720,6.274458647,6.274458612,0.890277778,0.890277778,1,0.121761501,7.762415967,7.967545676,true,none
1785072992.135208607,per_message_full_scan,720,720,6.274458647,6.274458612,0.897222222,0.897222222,1,0.121980183,7.737511822,8.069325216,true,none
1785072993.135201216,per_message_full_scan,720,720,6.274458647,6.274458612,0.895833333,0.895833333,1,0.122012012,7.731398878,7.793643060,true,none
1785072994.135239363,per_message_full_scan,720,720,6.274458647,6.274458612,0.893055556,0.893055556,1,0.134202570,7.638125941,7.551067830,true,none
1785072995.135213375,per_message_full_scan,720,720,6.274458647,6.274458612,0.895833333,0.895833333,1,0.133851796,7.657499595,8.005019941,true,none
1785072996.135214567,per_message_full_scan,720,720,6.274458647,6.274458612,0.897222222,0.897222222,1,0.134106919,7.656188007,8.010789615,true,none
1785072997.135223150,per_message_full_scan,720,720,6.274458647,6.274458612,0.893055556,0.893055556,1,0.121322505,7.732244389,7.774885786,true,none
1785072998.135210037,per_message_full_scan,720,720,6.274458647,6.274458612,0.894444444,0.894444444,1,0.121756800,7.726460992,7.646572933,true,none
1785072999.139706373,per_message_full_scan,720,720,6.274458647,6.274458612,0.888888889,0.888888889,1,0.121898629,7.704625813,7.734693953,true,none
1785073000.135213614,per_message_full_scan,720,720,6.274458647,6.274458612,0.891666667,0.891666667,1,0.134113744,7.617521187,7.875294074,true,none
1785073001.135209560,per_message_full_scan,720,720,6.274458647,6.274458612,0.887500000,0.887500000,1,0.133833006,7.613833115,7.612467994,true,none
1785073002.135210037,per_message_full_scan,720,720,6.274458647,6.274458612,0.891666667,0.891666667,1,0.121753581,7.760888909,7.747390550,true,none
1785073003.135212183,per_message_full_scan,720,720,6.274458647,6.274458612,0.886111111,0.886111111,1,0.134112641,7.647552535,7.747951973,true,none
1785073004.135186434,per_message_full_scan,720,720,6.274458647,6.274458612,0.894444444,0.894444444,1,0.133810103,7.655484436,7.659146513,true,none
1785073005.135219812,per_message_full_scan,720,720,6.274458647,6.274458612,0.883333333,0.883333333,1,0.134102225,7.631395418,7.962738202,true,none
1785073006.135207891,per_message_full_scan,720,720,6.274458647,6.274458612,0.894444444,0.894444444,1,0.121965833,7.711585403,7.580033817,true,none
1785073007.135225773,per_message_full_scan,720,720,6.274458647,6.274458612,0.895833333,0.895833333,1,0.121978626,7.719783997,7.828929332,true,none
1785073008.135246515,per_message_full_scan,720,720,6.274458647,6.274458612,0.888888889,0.888888889,1,0.121887490,7.720038009,8.041658463,true,none
1785073009.135232449,per_message_full_scan,720,720,6.274458647,6.274458612,0.891666667,0.891666667,1,0.134398431,7.609096201,7.678810346,true,none
1785073010.135272264,per_message_full_scan,720,720,6.274458647,6.274458612,0.891666667,0.891666667,1,0.134053513,7.640920543,7.612633065,true,none
1785073011.138872862,per_message_full_scan,720,720,6.274458647,6.274458612,0.888888889,0.888888889,1,0.134047195,7.662149980,7.735922597,true,none
1785073012.135206938,per_message_full_scan,720,720,6.274458647,6.274458612,0.897222222,0.897222222,1,0.121851981,7.722976650,8.034752022,true,none
1785073013.135314703,per_message_full_scan,720,720,6.274458647,6.274458612,0.886111111,0.886111111,1,0.132483527,7.616759559,7.916470757,true,none
1785073014.170428991,per_message_full_scan,720,720,6.274458647,6.274458612,0.883333333,0.883333333,1,0.121554568,7.656588622,7.568829292,true,none
1785073015.135231495,per_message_full_scan,720,720,6.274458647,6.274458612,0.876388889,0.876388889,1,0.134080470,7.624393505,7.971546523,true,none
1785073016.135264397,per_message_full_scan,720,720,6.274458647,6.274458612,0.895833333,0.895833333,1,0.121957950,7.710869011,7.663735544,true,none
1785073017.160197020,per_message_full_scan,720,720,6.274458647,6.274458612,0.880555556,0.880555556,1,0.122591317,7.737287421,7.822539894,true,none
1785073018.135209799,per_message_full_scan,720,720,6.274458647,6.274458612,0.868055556,0.868055556,1,0.133803174,7.654860265,7.590683858,true,none
1785073019.135240078,per_message_full_scan,720,720,6.274458647,6.274458612,0.872222222,0.872222222,1,0.134110302,7.653622120,7.759014062,true,none
1785073020.135248423,per_message_full_scan,720,720,6.274458647,6.274458612,0.872222222,0.872222222,1,0.134034708,7.616472539,7.633706210,true,none
1785073021.135201454,per_message_full_scan,720,720,6.274458647,6.274458612,0.866666667,0.866666667,1,0.131937414,12.311363543,6.655460121,true,none
1785073022.141195297,per_message_full_scan,720,720,6.274458647,6.274458612,0.880555556,0.880555556,1,0.122058272,8.498666885,7.489800618,true,none
1785073023.135231256,per_message_full_scan,720,720,6.274458647,6.274458612,0.879166667,0.879166667,1,0.131874606,7.806776937,7.612053093,true,none
1785073024.135225296,per_message_full_scan,720,720,6.274458647,6.274458612,0.876388889,0.876388889,1,0.134752750,7.629532028,7.272244867,true,none
1785073025.138333797,per_message_full_scan,720,720,6.274458647,6.274458612,0.881944444,0.881944444,1,0.122080453,7.696638785,7.390481576,true,none
1785073026.135217667,per_message_full_scan,720,720,6.274458647,6.274458612,0.884722222,0.884722222,1,0.121727280,7.766861617,8.131415050,true,none
1785073027.135207176,per_message_full_scan,720,720,6.274458647,6.274458612,0.879166667,0.879166667,1,0.121876113,7.736818510,7.743170706,true,none
1785073028.135213852,per_message_full_scan,720,720,6.274458647,6.274458612,0.820833333,0.820833333,1,0.134099677,7.060063484,6.786924051,true,none
1785073029.135310411,per_message_full_scan,720,720,6.274458647,6.274458612,0.880555556,0.880555556,1,0.134274513,7.548667012,7.411361751,true,none
1785073030.135429621,per_message_full_scan,720,720,6.274458647,6.274458612,0.881944444,0.881944444,1,0.115436278,7.737777142,8.199767179,true,none
1785073031.135222673,per_message_full_scan,720,720,6.274458647,6.274458612,0.876388889,0.876388889,1,0.134022430,7.672709475,7.847342352,true,none
1785073032.135251999,per_message_full_scan,720,720,6.274458647,6.274458612,0.881944444,0.881944444,1,0.120930396,7.719505637,8.054648141,true,none
1785073033.151165962,per_message_full_scan,720,720,6.274458647,6.274458612,0.886111111,0.886111111,1,0.133895352,7.589053302,7.802158597,true,none
1785073034.136250973,per_message_full_scan,720,720,6.274458647,6.274458612,0.883333333,0.883333333,1,0.131563410,7.614129625,7.616883922,true,none
1785073035.137408733,per_message_full_scan,720,720,6.274458647,6.274458612,0.883333333,0.883333333,1,0.133025095,7.845257646,7.721885910,true,none
1785073036.135228872,per_message_full_scan,720,720,6.274458647,6.274458612,0.883333333,0.883333333,1,0.121832646,7.692927549,7.440007494,true,none
1785073037.135255575,per_message_full_scan,720,720,6.274458647,6.274458612,0.887500000,0.887500000,1,0.132502452,7.637554338,7.952700765,true,none
1785073038.171974421,per_message_full_scan,720,720,6.274458647,6.274458612,0.884722222,0.884722222,1,0.121925659,7.720799920,7.560684258,true,none
1785073039.135300398,per_message_full_scan,720,720,6.274458647,6.274458612,0.883333333,0.883333333,1,0.121781617,7.718716689,8.052667434,true,none
1785073040.239247799,per_message_full_scan,720,720,6.274458647,6.274458612,0.893055556,0.893055556,1,0.121532418,7.724154221,6.657852882,true,none
1785073041.135208130,per_message_full_scan,720,720,6.274458647,6.274458612,0.888888889,0.888888889,1,0.121781319,20.344787729,7.710335191,true,none
1785073042.135226727,per_message_full_scan,720,720,6.274458647,6.274458612,0.886111111,0.886111111,1,0.134226471,9.720968872,7.828641883,true,none
1785073043.147186995,per_message_full_scan,720,720,6.274458647,6.274458612,0.887500000,0.887500000,1,0.120898664,8.005852404,7.720850534,true,none
1785073044.135251760,per_message_full_scan,720,720,6.274458647,6.274458612,0.891666667,0.891666667,1,0.132326216,7.727430397,7.963050569,true,none
1785073045.135212660,per_message_full_scan,720,720,6.274458647,6.274458612,0.881944444,0.881944444,1,0.132927835,7.587155533,7.555376526,true,none
1785073046.168196440,per_message_full_scan,720,720,6.274458647,6.274458612,0.883333333,0.883333333,1,0.122096322,7.693050723,7.592470341,true,none
1785073047.135375261,per_message_full_scan,720,720,6.274458647,6.274458612,0.875000000,0.875000000,1,0.134257644,7.587593327,8.082210196,true,none
1785073048.135285139,per_message_full_scan,720,720,6.274458647,6.274458612,0.880555556,0.880555556,1,0.131321549,7.642751644,7.655701354,true,none
1785073049.135376930,per_message_full_scan,720,720,6.274458647,6.274458612,0.884722222,0.884722222,1,0.134209409,7.230961585,6.835550494,true,none
1785073050.135221481,per_message_full_scan,720,720,6.274458647,6.274458612,0.895833333,0.895833333,1,0.121828966,7.842522283,7.624425117,true,none
1785073051.135226727,per_message_full_scan,720,720,6.274458647,6.274458612,0.876388889,0.876388889,1,0.119611435,7.771289618,7.599806838,true,none
1785073052.136620045,per_message_full_scan,720,720,6.274458647,6.274458612,0.893055556,0.893055556,1,0.132525399,7.170593629,7.370225053,true,none
1785073053.135324717,per_message_full_scan,720,720,6.274458647,6.274458612,0.887500000,0.887500000,1,0.119788498,7.465384741,7.403837562,true,none
1785073054.139499426,per_message_full_scan,720,720,6.274458647,6.274458612,0.886111111,0.886111111,1,0.121126495,7.566602955,7.553955739,true,none
1785073055.135220528,per_message_full_scan,720,720,6.274458647,6.274458612,0.887500000,0.887500000,1,0.132269368,7.677763344,8.117158896,true,none
1785073056.141552210,per_message_full_scan,720,720,6.274458647,6.274458612,0.884722222,0.884722222,1,0.122287132,7.690188001,7.613509314,true,none
1785073057.135216713,per_message_full_scan,720,720,6.274458647,6.274458612,0.890277778,0.890277778,1,0.134561539,7.542131495,7.685201107,true,none
1785073058.135205030,per_message_full_scan,720,720,6.274458647,6.274458612,0.894444444,0.894444444,1,0.133947685,7.604317958,7.818451296,true,none
1785073059.173657894,per_message_full_scan,720,720,6.274458647,6.274458612,0.881944444,0.881944444,1,0.136409342,7.596119735,7.560417736,true,none
1785073060.135234118,per_message_full_scan,720,720,6.274458647,6.274458612,0.880555556,0.880555556,1,0.121084355,7.878640891,7.004354107,true,none
1785073061.135193110,per_message_full_scan,720,720,6.274458647,6.274458612,0.891666667,0.891666667,1,0.136182263,7.573897381,7.492540854,true,none
1785073062.137921572,per_message_full_scan,720,720,6.274458647,6.274458612,0.879166667,0.879166667,1,0.134160787,7.650823348,7.986059208,true,none
1785073063.135220051,per_message_full_scan,720,720,6.274458647,6.274458612,0.880555556,0.880555556,1,0.121940099,7.732995523,7.597075799,true,none
1785073064.153980732,per_message_full_scan,720,720,6.274458647,6.274458612,0.877777778,0.877777778,1,0.134134084,7.599160127,7.645423629,true,none
1785073065.135214567,per_message_full_scan,720,720,6.274458647,6.274458612,0.888888889,0.888888889,1,0.134353831,7.674684017,7.801482857,true,none
1785073066.135240793,per_message_full_scan,720,720,6.274458647,6.274458612,0.886111111,0.886111111,1,0.131813496,7.557842650,7.488727073,true,none
1785073067.148266077,per_message_full_scan,720,720,6.274458647,6.274458612,0.883333333,0.883333333,1,0.121890813,7.661287886,7.619611427,true,none
1785073068.135225296,per_message_full_scan,720,720,6.274458647,6.274458612,0.868055556,0.868055556,1,0.133826524,7.653696696,7.634027531,true,none
1785073069.135196686,per_message_full_scan,720,720,6.274458647,6.274458612,0.875000000,0.875000000,1,0.134098262,7.590632411,7.572571579,true,none
1785073070.167968035,per_message_full_scan,720,720,6.274458647,6.274458612,0.876388889,0.876388889,1,0.122409657,7.655023761,7.608400689,true,none
1785073071.135223150,per_message_full_scan,720,720,6.274458647,6.274458612,0.866666667,0.866666667,1,0.119737186,7.690554523,7.586023339,true,none
1785073072.135571480,per_message_full_scan,720,720,6.274458647,6.274458612,0.873611111,0.873611111,1,0.131079853,7.601710509,7.902166097,true,none
1785073073.135355711,per_message_full_scan,720,720,6.274458647,6.274458612,0.808333333,0.808333333,1,0.119400069,7.742332504,7.258340943,true,none
1785073074.135300875,per_message_full_scan,720,720,6.274458647,6.274458612,0.879166667,0.879166667,1,0.133894563,7.304666935,7.183178240,true,none
1785073075.136355877,per_message_full_scan,720,720,6.274458647,6.274458612,0.884722222,0.884722222,1,0.134316757,7.551009831,7.574358289,true,none
1785073076.135257244,per_message_full_scan,720,720,6.274458647,6.274458612,0.873611111,0.873611111,1,0.120938689,7.716446746,7.621204010,true,none
1785073077.143567801,per_message_full_scan,720,720,6.274458647,6.274458612,0.886111111,0.886111111,1,0.134290442,7.616448665,7.593251808,true,none
1785073078.135241032,per_message_full_scan,720,720,6.274458647,6.274458612,0.890277778,0.890277778,1,0.128909662,7.623179215,7.513524830,true,none
1785073079.135224104,per_message_full_scan,720,720,6.274458647,6.274458612,0.890277778,0.890277778,1,0.120123535,7.708308923,7.868655084,true,none
1785073080.166259766,per_message_full_scan,720,720,6.274458647,6.274458612,0.875000000,0.875000000,1,0.131418467,7.620659121,7.632011654,true,none
1785073081.135272503,per_message_full_scan,720,720,6.274458647,6.274458612,0.876388889,0.876388889,1,0.134243533,7.600484993,7.887066186,true,none
1785073082.135331631,per_message_full_scan,720,720,6.274458647,6.274458612,0.872222222,0.872222222,1,0.134053960,7.555218171,7.628872505,true,none
1785073083.135223627,per_message_full_scan,720,720,6.274458647,6.274458612,0.880555556,0.880555556,1,0.121894434,7.713689727,8.028688849,true,none
1785073084.135208130,per_message_full_scan,720,720,6.274458647,6.274458612,0.877777778,0.877777778,1,0.134085581,7.676964549,7.917567172,true,none
1785073085.159284830,per_message_full_scan,720,720,6.274458647,6.274458612,0.870833333,0.870833333,1,0.122083351,7.533423845,6.983552426,true,none
1785073086.135221481,per_message_full_scan,720,720,6.274458647,6.274458612,0.869444444,0.869444444,1,0.133792564,7.697694899,7.694714868,true,none
1785073087.135699511,per_message_full_scan,720,720,6.274458647,6.274458612,0.880555556,0.880555556,1,0.133465365,7.517147558,7.688024017,true,none
1785073088.135221243,per_message_full_scan,720,720,6.274458647,6.274458612,0.886111111,0.886111111,1,0.121888697,7.112087564,6.979644968,true,none
1785073089.135233879,per_message_full_scan,720,720,6.274458647,6.274458612,0.883333333,0.883333333,1,0.134248331,7.508030933,7.464306757,true,none
1785073090.139358282,per_message_full_scan,720,720,6.274458647,6.274458612,0.848611111,0.848611111,1,0.133980423,9.907641749,7.195226648,true,none
1785073091.135214329,per_message_full_scan,720,720,6.274458647,6.274458612,0.884722222,0.884722222,1,0.134225667,8.120156612,7.753984519,true,none
1785073092.135222673,per_message_full_scan,720,720,6.274458647,6.274458612,0.883333333,0.883333333,1,0.139350086,7.592337113,7.391466708,true,none
1785073093.135178089,per_message_full_scan,720,720,6.274458647,6.274458612,0.881944444,0.881944444,1,0.121691778,7.745577174,7.917249082,true,none
1785073094.135205984,per_message_full_scan,720,720,6.274458647,6.274458612,0.886111111,0.886111111,1,0.134213209,7.642949055,7.585234421,true,none
1785073095.135324001,per_message_full_scan,720,720,6.274458647,6.274458612,0.879166667,0.879166667,1,0.134215176,7.658425823,8.003388213,true,none
1785073096.160173893,per_message_full_scan,720,720,6.274458647,6.274458612,0.887500000,0.887500000,1,0.120485559,7.706286320,7.667196575,true,none
1785073097.135209799,per_message_full_scan,720,720,6.274458647,6.274458612,0.881944444,0.881944444,1,0.124079399,7.417623923,7.713559010,true,none
1785073098.135221720,per_message_full_scan,720,720,6.274458647,6.274458612,0.879166667,0.879166667,1,0.121785313,7.742530447,7.601160626,true,none
1785073099.145769835,per_message_full_scan,720,720,6.274458647,6.274458612,0.883333333,0.883333333,1,0.121700175,7.730494307,8.170284301,true,none
1785073100.135229111,per_message_full_scan,720,720,6.274458647,6.274458612,0.890277778,0.890277778,1,0.134234026,7.615951586,7.708775564,true,none
1785073101.135209799,per_message_full_scan,720,720,6.274458647,6.274458612,0.879166667,0.879166667,1,0.134248227,7.629755052,8.032020612,true,none
1785073102.135213375,per_message_full_scan,720,720,6.274458647,6.274458612,0.881944444,0.881944444,1,0.120941289,7.714632475,7.640891181,true,none
1785073103.135218382,per_message_full_scan,720,720,6.274458647,6.274458612,0.873611111,0.873611111,1,0.121812321,7.719303384,8.044250816,true,none
1785073104.135268450,per_message_full_scan,720,720,6.274458647,6.274458612,0.888888889,0.888888889,1,0.121920802,7.711851575,7.580874317,true,none
1785073105.158201694,per_message_full_scan,720,720,6.274458647,6.274458612,0.879166667,0.879166667,1,0.122022294,7.726735195,7.839876534,true,none
1785073106.135231256,per_message_full_scan,720,720,6.274458647,6.274458612,0.886111111,0.886111111,1,0.133953795,7.627769920,7.516414963,true,none
1785073107.135218859,per_message_full_scan,720,720,6.274458647,6.274458612,0.877777778,0.877777778,1,0.134130582,7.651779465,7.751935913,true,none
1785073108.135202885,per_message_full_scan,720,720,6.274458647,6.274458612,0.887500000,0.887500000,1,0.121941887,7.725044288,7.608406602,true,none
1785073109.135222197,per_message_full_scan,720,720,6.274458647,6.274458612,0.887500000,0.887500000,1,0.121783681,7.722862871,7.783965444,true,none
1785073110.142098188,per_message_full_scan,720,720,6.274458647,6.274458612,0.887500000,0.887500000,1,0.121919639,7.717078172,7.651449634,true,none
1785073111.135783434,per_message_full_scan,720,720,6.274458647,6.274458612,0.888888889,0.888888889,1,0.133778244,7.615546407,7.716035581,true,none
1785073112.135248423,per_message_full_scan,720,720,6.274458647,6.274458612,0.893055556,0.893055556,1,0.134138018,7.630305683,8.125480870,true,none
1785073113.140021324,per_message_full_scan,720,720,6.274458647,6.274458612,0.890277778,0.890277778,1,0.134147555,7.623050810,7.598564455,true,none
1785073114.135201693,per_message_full_scan,720,720,6.274458647,6.274458612,0.887500000,0.887500000,1,0.121864371,7.739700938,8.100448660,true,none
1785073115.135222197,per_message_full_scan,720,720,6.274458647,6.274458612,0.881944444,0.881944444,1,0.121726707,7.708475331,7.574777818,true,none
1785073116.135208368,per_message_full_scan,720,720,6.274458647,6.274458612,0.900000000,0.900000000,1,0.121746294,7.727257545,7.855971826,true,none
1785073117.135264397,per_message_full_scan,720,720,6.274458647,6.274458612,0.888888889,0.888888889,1,0.134181798,7.613815589,7.624774688,true,none
1785073118.135214806,per_message_full_scan,720,720,6.274458647,6.274458612,0.886111111,0.886111111,1,0.134135351,7.610672055,7.712153617,true,none
1785073119.155751705,per_message_full_scan,720,720,6.274458647,6.274458612,0.887500000,0.887500000,1,0.134026453,7.606675010,7.521256896,true,none
1785073120.135204792,per_message_full_scan,720,720,6.274458647,6.274458612,0.879166667,0.879166667,1,0.134087548,7.664393219,7.759663562,true,none
1785073121.135203123,per_message_full_scan,720,720,6.274458647,6.274458612,0.897222222,0.897222222,1,0.134049654,7.678497694,8.173015301,true,none
1785073122.148281574,per_message_full_scan,720,720,6.274458647,6.274458612,0.884722222,0.884722222,1,0.133478716,7.688453042,7.751044973,true,none
1785073123.135217428,per_message_full_scan,720,720,6.274458647,6.274458612,0.883333333,0.883333333,1,0.121916175,7.759724389,7.951144014,true,none
1785073124.135212660,per_message_full_scan,720,720,6.274458647,6.274458612,0.881944444,0.881944444,1,0.121811390,7.754905209,7.576122496,true,none
1785073125.139348745,per_message_full_scan,720,720,6.274458647,6.274458612,0.884722222,0.884722222,1,0.121754892,7.736375806,7.666882684,true,none
1785073126.135246277,per_message_full_scan,720,720,6.274458647,6.274458612,0.875000000,0.875000000,1,0.133383006,7.643543183,7.511183291,true,none
1785073127.135210514,per_message_full_scan,720,720,6.274458647,6.274458612,0.873611111,0.873611111,1,0.134256780,7.657558887,7.770249454,true,none
1785073128.158214808,per_message_full_scan,720,720,6.274458647,6.274458612,0.880555556,0.880555556,1,0.134156972,7.659525454,7.642947731,true,none
1785073129.135197401,per_message_full_scan,720,720,6.274458647,6.274458612,0.877777778,0.877777778,1,0.121893495,7.729312525,7.833156880,true,none
1785073130.135210752,per_message_full_scan,720,720,6.274458647,6.274458612,0.865277778,0.865277778,1,0.121675216,7.732935024,8.075361169,true,none
1785073131.145769358,per_message_full_scan,720,720,6.274458647,6.274458612,0.855555556,0.855555556,1,0.121839292,7.732515750,7.821176663,true,none
1785073132.135224581,per_message_full_scan,720,720,6.274458647,6.274458612,0.859722222,0.859722222,1,0.134580284,7.654164917,7.678880532,true,none
1785073133.135475636,per_message_full_scan,720,720,6.274458647,6.274458612,0.875000000,0.875000000,1,0.133285716,7.654620520,7.682365518,true,none
1785073134.144625187,per_message_full_scan,720,720,6.274458647,6.274458612,0.868055556,0.868055556,1,0.134286404,7.658116495,7.704258798,true,none
1785073135.135213375,per_message_full_scan,720,720,6.274458647,6.274458612,0.868055556,0.868055556,1,0.121922448,7.728201629,7.562680943,true,none
1785073136.135224581,per_message_full_scan,720,720,6.274458647,6.274458612,0.879166667,0.879166667,1,0.121233672,7.752181184,7.893810384,true,none
1785073137.135285616,per_message_full_scan,720,720,6.274458647,6.274458612,0.865277778,0.865277778,1,0.120399743,7.756243549,8.117414325,true,none
1785073138.135291815,per_message_full_scan,720,720,6.274458647,6.274458612,0.872222222,0.872222222,1,0.134248435,7.655745913,7.778957756,true,none
1785073139.135233164,per_message_full_scan,720,720,6.274458647,6.274458612,0.875000000,0.875000000,1,0.132789195,7.660426304,7.550111267,true,none
1785073140.160486221,per_message_full_scan,720,720,6.274458647,6.274458612,0.872222222,0.872222222,1,0.134178773,7.657886751,7.623517987,true,none
1785073141.135220766,per_message_full_scan,720,720,6.274458647,6.274458612,0.883333333,0.883333333,1,0.121973090,7.731044402,8.048892663,true,none
1785073142.135215282,per_message_full_scan,720,720,6.274458647,6.274458612,0.880555556,0.880555556,1,0.121349737,7.739170276,7.565747717,true,none
1785073143.149805307,per_message_full_scan,720,720,6.274458647,6.274458612,0.855555556,0.855555556,1,0.120739624,7.781301113,8.102226716,true,none
1785073144.135464668,per_message_full_scan,720,720,6.274458647,6.274458612,0.866666667,0.866666667,1,0.136800274,7.633882176,7.634084903,true,none
1785073145.135537863,per_message_full_scan,720,720,6.274458647,6.274458612,0.858333333,0.858333333,1,0.133910730,7.671436319,7.950851380,true,none
1785073146.176893711,per_message_full_scan,720,720,6.274458647,6.274458612,0.875000000,0.875000000,1,0.133370742,7.673567021,7.626427116,true,none
1785073147.135282755,per_message_full_scan,720,720,6.274458647,6.274458612,0.865277778,0.865277778,1,0.121738710,7.756594178,8.027213588,true,none
1785073148.139268160,per_message_full_scan,720,720,6.274458647,6.274458612,0.869444444,0.869444444,1,0.121742100,7.758045041,7.562955709,true,none
1785073149.135225296,per_message_full_scan,720,720,6.274458647,6.274458612,0.854166667,0.854166667,1,0.134240642,7.659020315,7.767106160,true,none
1785073150.135208130,per_message_full_scan,720,720,6.274458647,6.274458612,0.856944444,0.856944444,1,0.134099051,7.671446906,7.559088581,true,none
1785073151.135208368,per_message_full_scan,720,720,6.274458647,6.274458612,0.855555556,0.855555556,1,0.134329364,7.649227843,7.751045145,true,none
1785073152.135218143,per_message_full_scan,720,720,6.274458647,6.274458612,0.854166667,0.854166667,1,0.121680625,7.762308323,7.998044157,true,none
1785073153.135200024,per_message_full_scan,720,720,6.274458647,6.274458612,0.847222222,0.847222222,1,0.122382827,7.725886064,7.771395633,true,none
1785073154.135215521,per_message_full_scan,720,720,6.274458647,6.274458612,0.872222222,0.872222222,1,0.121945843,7.758180594,7.983635308,true,none
1785073155.135213614,per_message_full_scan,720,720,6.274458647,6.274458612,0.854166667,0.854166667,1,0.134170428,7.648051516,7.600146355,true,none
1785073156.135327578,per_message_full_scan,720,720,6.274458647,6.274458612,0.851388889,0.851388889,1,0.133988857,7.668548295,7.977627955,true,none
1785073157.145093679,per_message_full_scan,720,720,6.274458647,6.274458612,0.847222222,0.847222222,1,0.134246439,7.651680761,7.711602318,true,none
1785073158.135219812,per_message_full_scan,720,720,6.274458647,6.274458612,0.880555556,0.880555556,1,0.121931784,7.734516996,7.895128394,true,none
1785073159.135668516,per_message_full_scan,720,720,6.274458647,6.274458612,0.848611111,0.848611111,1,0.120814919,7.744926906,7.519522182,true,none
1785073160.135211468,per_message_full_scan,720,720,6.274458647,6.274458612,0.861111111,0.861111111,1,0.121975981,7.721386037,7.719612523,true,none
1785073161.135214090,per_message_full_scan,720,720,6.274458647,6.274458612,0.847222222,0.847222222,1,0.134111851,7.625767696,7.635829894,true,none
1785073162.135212660,per_message_full_scan,720,720,6.274458647,6.274458612,0.872222222,0.872222222,1,0.134103194,7.629115593,7.762595289,true,none
1785073163.159913301,per_message_full_scan,720,720,6.274458647,6.274458612,0.883333333,0.883333333,1,0.134168968,7.653461254,7.656245301,true,none
1785073164.135216236,per_message_full_scan,720,720,6.274458647,6.274458612,0.877777778,0.877777778,1,0.121485554,7.718129015,7.655624792,true,none
1785073165.135209560,per_message_full_scan,720,720,6.274458647,6.274458612,0.879166667,0.879166667,1,0.121666349,7.735839392,7.907448409,true,none
1785073166.147351503,per_message_full_scan,720,720,6.274458647,6.274458612,0.873611111,0.873611111,1,0.121694475,7.732128501,7.599555949,true,none
1785073167.135213614,per_message_full_scan,720,720,6.274458647,6.274458612,0.869444444,0.869444444,1,0.134246230,7.629277149,7.845410153,true,none
1785073168.135215521,per_message_full_scan,720,720,6.274458647,6.274458612,0.873611111,0.873611111,1,0.133788332,7.621519370,7.638733731,true,none
1785073169.135805368,per_message_full_scan,720,720,6.274458647,6.274458612,0.875000000,0.875000000,1,0.134277105,7.627358482,7.780105075,true,none
1785073170.135219574,per_message_full_scan,720,720,6.274458647,6.274458612,0.877777778,0.877777778,1,0.134094670,7.686321473,7.787225293,true,none
1785073171.135215759,per_message_full_scan,720,720,6.274458647,6.274458612,0.876388889,0.876388889,1,0.134015769,7.684303340,7.676734409,true,none
1785073172.135149479,per_message_full_scan,720,720,6.274458647,6.274458612,0.887500000,0.887500000,1,0.121816151,7.727525482,8.056465013,true,none
1785073173.135209322,per_message_full_scan,720,720,6.274458647,6.274458612,0.881944444,0.881944444,1,0.131796688,7.631571047,7.613524259,true,none
1785073174.135217905,per_message_full_scan,720,720,6.274458647,6.274458612,0.879166667,0.879166667,1,0.133966193,7.630656182,8.289330868,true,none
1785073175.152582407,per_message_full_scan,720,720,6.274458647,6.274458612,0.868055556,0.868055556,1,0.134004399,7.624780386,7.652755576,true,none
1785073176.135214329,per_message_full_scan,720,720,6.274458647,6.274458612,0.877777778,0.877777778,1,0.133667752,7.686039360,7.966289616,true,none
1785073177.135221958,per_message_full_scan,720,720,6.274458647,6.274458612,0.881944444,0.881944444,1,0.134014770,7.682487827,7.572703018,true,none
1785073178.148589611,per_message_full_scan,720,720,6.274458647,6.274458612,0.886111111,0.886111111,1,0.134128958,7.670050746,7.885231174,true,none
1785073179.135229349,per_message_full_scan,720,720,6.274458647,6.274458612,0.875000000,0.875000000,1,0.121174835,7.752149016,8.264813242,true,none
1785073180.135215282,per_message_full_scan,720,720,6.274458647,6.274458612,0.877777778,0.877777778,1,0.119624592,7.768932252,7.583235576,true,none
1785073181.136789799,per_message_full_scan,720,720,6.274458647,6.274458612,0.880555556,0.880555556,1,0.121647216,7.751212442,8.024667090,true,none
1785073182.135222435,per_message_full_scan,720,720,6.274458647,6.274458612,0.880555556,0.880555556,1,0.133774623,7.652425713,7.715158358,true,none
1785073183.135211706,per_message_full_scan,720,720,6.274458647,6.274458612,0.890277778,0.890277778,1,0.133918241,7.654535926,7.809090098,true,none
1785073184.164515018,per_message_full_scan,720,720,6.274458647,6.274458612,0.875000000,0.875000000,1,0.133153185,7.633439542,7.546373954,true,none
1785073185.135210514,per_message_full_scan,720,720,6.274458647,6.274458612,0.886111111,0.886111111,1,0.121799380,7.713739207,7.782743083,true,none
1785073186.135241032,per_message_full_scan,720,720,6.274458647,6.274458612,0.880555556,0.880555556,1,0.134231895,7.695417608,7.706118664,true,none
1785073187.150995255,per_message_full_scan,720,720,6.274458647,6.274458612,0.879166667,0.879166667,1,0.121863574,7.714762454,7.688207396,true,none
1785073188.135236979,per_message_full_scan,720,720,6.274458647,6.274458612,0.880555556,0.880555556,1,0.134085253,7.612297792,7.529836000,true,none
1785073189.135213852,per_message_full_scan,720,720,6.274458647,6.274458612,0.888888889,0.888888889,1,0.134017408,7.618203298,7.658687972,true,none
1785073190.140339375,per_message_full_scan,720,720,6.274458647,6.274458612,0.884722222,0.884722222,1,0.134104431,7.612110476,7.878802823,true,none
1785073191.135222435,per_message_full_scan,720,720,6.274458647,6.274458612,0.879166667,0.879166667,1,0.134210542,7.666765815,7.632902061,true,none
1785073192.135200739,per_message_full_scan,720,720,6.274458647,6.274458612,0.888888889,0.888888889,1,0.133201316,7.666732287,7.974406439,true,none
1785073193.168929577,per_message_full_scan,720,720,6.274458647,6.274458612,0.883333333,0.883333333,1,0.134051681,7.666118212,7.569980374,true,none
1785073194.135206223,per_message_full_scan,720,720,6.274458647,6.274458612,0.877777778,0.877777778,1,0.121819511,7.751357951,7.879325998,true,none
1785073195.135206223,per_message_full_scan,720,720,6.274458647,6.274458612,0.875000000,0.875000000,1,0.121553123,7.760843134,8.049951665,true,none
1785073196.154635429,per_message_full_scan,720,720,6.274458647,6.274458612,0.886111111,0.886111111,1,0.121611439,7.755230200,7.734549741,true,none
1785073197.135217667,per_message_full_scan,720,720,6.274458647,6.274458612,0.884722222,0.884722222,1,0.133212686,7.655831147,7.949647693,true,none
1785073198.135240078,per_message_full_scan,720,720,6.274458647,6.274458612,0.893055556,0.893055556,1,0.133120194,7.660987260,7.635573439,true,none
1785073199.143859625,per_message_full_scan,720,720,6.274458647,6.274458612,0.888888889,0.888888889,1,0.133893088,7.656417348,8.055888715,true,none
1785073200.135537148,per_message_full_scan,720,720,6.274458647,6.274458612,0.886111111,0.886111111,1,0.122067466,7.716680404,7.579842680,true,none
1785073201.135214806,per_message_full_scan,720,720,6.274458647,6.274458612,0.887500000,0.887500000,1,0.121754430,7.733032268,7.859067048,true,none
1785073202.140143156,per_message_full_scan,720,720,6.274458647,6.274458612,0.886111111,0.886111111,1,0.121761762,7.729043415,8.033748421,true,none
1785073203.135283947,per_message_full_scan,720,720,6.274458647,6.274458612,0.898611111,0.898611111,1,0.134318918,7.623076180,7.992309680,true,none
1785073204.137161255,per_message_full_scan,720,720,6.274458647,6.274458612,0.881944444,0.881944444,1,0.133465841,7.608273538,7.647425597,true,none
1785073205.135257483,per_message_full_scan,720,720,6.274458647,6.274458612,0.886111111,0.886111111,1,0.133404702,7.684513995,7.995638964,true,none
1785073206.135223866,per_message_full_scan,720,720,6.274458647,6.274458612,0.883333333,0.883333333,1,0.133590266,7.673007780,8.055835701,true,none
1785073207.135218859,per_message_full_scan,720,720,6.274458647,6.274458612,0.881944444,0.881944444,1,0.133798793,7.686408781,7.619372755,true,none
1785073208.157081842,per_message_full_scan,720,720,6.274458647,6.274458612,0.890277778,0.890277778,1,0.133817315,7.670113250,7.894713828,true,none
1785073209.135203600,per_message_full_scan,720,720,6.274458647,6.274458612,0.883333333,0.883333333,1,0.121741809,7.753064337,7.615839969,true,none
1785073210.135194778,per_message_full_scan,720,720,6.274458647,6.274458612,0.881944444,0.881944444,1,0.134316072,7.604488949,7.771186679,true,none
1785073211.135284185,per_message_full_scan,720,720,6.274458647,6.274458612,0.893055556,0.893055556,1,0.135191545,7.653073136,7.621784952,true,none
1785073212.135202408,per_message_full_scan,720,720,6.274458647,6.274458612,0.888888889,0.888888889,1,0.134317413,7.675204015,7.668461879,true,none
1785073213.138130903,per_message_full_scan,720,720,6.274458647,6.274458612,0.880555556,0.880555556,1,0.134264812,7.672380500,7.650556558,true,none
1785073214.135228634,per_message_full_scan,720,720,6.274458647,6.274458612,0.897222222,0.897222222,1,0.121748134,7.741388999,7.868594577,true,none
1785073215.135214329,per_message_full_scan,720,720,6.274458647,6.274458612,0.898611111,0.898611111,1,0.121918894,7.752542843,8.095672717,true,none
1785073216.135209560,per_message_full_scan,720,720,6.274458647,6.274458612,0.890277778,0.890277778,1,0.122107282,7.745551907,7.751051522,true,none
1785073217.135206223,per_message_full_scan,720,720,6.274458647,6.274458612,0.891666667,0.891666667,1,0.134049267,7.660723106,8.255051283,true,none
1785073218.135204554,per_message_full_scan,720,720,6.274458647,6.274458612,0.901388889,0.901388889,1,0.134188399,7.666313718,7.755100902,true,none
1785073219.135213852,per_message_full_scan,720,720,6.274458647,6.274458612,0.898611111,0.898611111,1,0.134193301,7.667309184,7.931399411,true,none
1785073220.135217667,per_message_full_scan,720,720,6.274458647,6.274458612,0.894444444,0.894444444,1,0.122095779,7.698320197,7.625333444,true,none
1785073221.135227442,per_message_full_scan,720,720,6.274458647,6.274458612,0.890277778,0.890277778,1,0.120604135,7.725277852,7.732661678,true,none
1785073222.142729044,per_message_full_scan,720,720,6.274458647,6.274458612,0.893055556,0.893055556,1,0.121941812,7.700794104,7.632619700,true,none
1785073223.135222673,per_message_full_scan,720,720,6.274458647,6.274458612,0.900000000,0.900000000,1,0.134179786,7.626359332,7.763192995,true,none
1785073224.135203838,per_message_full_scan,720,720,6.274458647,6.274458612,0.893055556,0.893055556,1,0.134096429,7.630028092,7.547211079,true,none
1785073225.137669325,per_message_full_scan,720,720,6.274458647,6.274458612,0.894444444,0.894444444,1,0.134015918,7.781081129,7.728361020,true,none
1785073226.135259151,per_message_full_scan,720,720,6.274458647,6.274458612,0.895833333,0.895833333,1,0.134088382,7.657104936,7.545351980,true,none
1785073227.135213852,per_message_full_scan,720,720,6.274458647,6.274458612,0.895833333,0.895833333,1,0.134180591,7.659295993,7.620250392,true,none
1785073228.135209560,per_message_full_scan,720,720,6.274458647,6.274458612,0.897222222,0.897222222,1,0.134138688,7.660092821,8.033781557,true,none
1785073229.135199547,per_message_full_scan,720,720,6.274458647,6.274458612,0.895833333,0.895833333,1,0.121966563,7.718824451,7.683977419,true,none
1785073230.135216475,per_message_full_scan,720,720,6.274458647,6.274458612,0.897222222,0.897222222,1,0.121009216,7.730009382,7.940441907,true,none
1785073231.148959160,per_message_full_scan,720,720,6.274458647,6.274458612,0.887500000,0.887500000,1,0.122239426,7.694433336,7.652475649,true,none
1785073232.135268927,per_message_full_scan,720,720,6.274458647,6.274458612,0.886111111,0.886111111,1,0.133972377,7.282487226,7.475798703,true,none
1785073233.135198116,per_message_full_scan,720,720,6.274458647,6.274458612,0.897222222,0.897222222,1,0.134268299,7.558962370,7.544708260,true,none
1785073234.147362709,per_message_full_scan,720,720,6.274458647,6.274458612,0.888888889,0.888888889,1,0.133685425,7.611170589,7.649130209,true,none
1785073235.135232210,per_message_full_scan,720,720,6.274458647,6.274458612,0.895833333,0.895833333,1,0.134098828,7.669245288,7.640017511,true,none
1785073236.135210037,per_message_full_scan,720,720,6.274458647,6.274458612,0.893055556,0.893055556,1,0.134060413,7.681725539,7.637371550,true,none
1785073237.135174751,per_message_full_scan,720,720,6.274458647,6.274458612,0.897222222,0.897222222,1,0.134162873,7.673809492,8.046140473,true,none
1785073238.135220289,per_message_full_scan,720,720,6.274458647,6.274458612,0.911111111,0.911111111,1,0.121895552,7.724366780,7.690859475,true,none
1785073239.135206223,per_message_full_scan,720,720,6.274458647,6.274458612,0.890277778,0.890277778,1,0.121771961,7.750363682,7.954224706,true,none
1785073240.158191204,per_message_full_scan,720,720,6.274458647,6.274458612,0.887500000,0.887500000,1,0.120650999,7.758823584,7.617127355,true,none
1785073241.135188341,per_message_full_scan,720,720,6.274458647,6.274458612,0.883333333,0.883333333,1,0.134242326,7.688121319,7.975241710,true,none
1785073242.135231972,per_message_full_scan,720,720,6.274458647,6.274458612,0.905555556,0.905555556,1,0.133905903,7.649204180,7.547247896,true,none
1785073243.148123503,per_message_full_scan,720,720,6.274458647,6.274458612,0.906944444,0.906944444,1,0.134214014,7.651913856,7.713667585,true,none
1785073244.135217428,per_message_full_scan,720,720,6.274458647,6.274458612,0.851388889,0.851388889,1,0.121690311,7.719726792,7.580535220,true,none
1785073245.135231495,per_message_full_scan,720,720,6.274458647,6.274458612,0.904166667,0.904166667,1,0.134239554,7.597518394,7.908803862,true,none
1785073246.167965889,per_message_full_scan,720,720,6.274458647,6.274458612,0.870833333,0.870833333,1,0.134709284,7.610552964,7.662656027,true,none
1785073247.135236263,per_message_full_scan,720,720,6.274458647,6.274458612,0.891666667,0.891666667,1,0.121753879,7.718606121,7.652792978,true,none
1785073248.141524792,per_message_full_scan,720,720,6.274458647,6.274458612,0.909722222,0.909722222,1,0.121663615,7.724699077,7.507885261,true,none
1785073249.163222790,per_message_full_scan,720,720,6.274458647,6.274458612,0.909722222,0.909722222,1,0.121742502,7.752584931,7.721304729,true,none
1785073250.135188341,per_message_full_scan,720,720,6.274458647,6.274458612,0.900000000,0.900000000,1,0.133537963,7.561689602,7.536128255,true,none
1785073251.156423092,per_message_full_scan,720,720,6.274458647,6.274458612,0.929166667,0.929166667,1,0.134386733,7.562901785,7.579471476,true,none
1785073252.135202408,per_message_full_scan,720,720,6.274458647,6.274458612,0.926388889,0.926388889,1,0.134220272,7.522949357,7.534691667,true,none
1785073253.155391932,per_message_full_scan,720,720,6.274458647,6.274458612,0.915277778,0.915277778,1,0.134038150,7.526702415,7.499072199,true,none
1785073254.135252237,per_message_full_scan,720,720,6.274458647,6.274458612,0.900000000,0.900000000,1,0.134137243,7.498178699,7.470668985,true,none
1785073255.150403261,per_message_full_scan,720,720,6.274458647,6.274458612,0.909722222,0.909722222,1,0.134080976,7.483241512,7.504968341,true,none
1785073256.135777235,per_message_full_scan,720,720,6.274458647,6.274458612,0.912500000,0.912500000,1,0.134117514,7.489396844,7.521506244,true,none
1785073257.139701366,per_message_full_scan,720,720,6.274458647,6.274458612,0.912500000,0.912500000,1,0.134120032,7.471233978,7.554425489,true,none
1785073258.135212183,per_message_full_scan,720,720,6.274458647,6.274458612,0.920833333,0.920833333,1,0.135065228,7.477768339,7.785427905,true,none
1785073259.174032688,per_message_full_scan,720,720,6.274458647,6.274458612,0.912500000,0.912500000,1,0.134159446,7.476659152,7.525262003,true,none
1785073260.135192633,per_message_full_scan,720,720,6.274458647,6.274458612,0.909722222,0.909722222,1,0.134189427,7.434631012,7.607519129,true,none
1785073261.135261774,per_message_full_scan,720,720,6.274458647,6.274458612,0.908333333,0.908333333,1,0.133998901,7.414155596,7.784633029,true,none
1785073262.135610580,per_message_full_scan,720,720,6.274458647,6.274458612,0.904166667,0.904166667,1,0.134605303,7.401487359,7.516089641,true,none
1785073263.138020039,per_message_full_scan,720,720,6.274458647,6.274458612,0.923611111,0.923611111,1,0.135197774,7.361143909,7.211835884,true,none
1785073264.150142193,per_message_full_scan,720,720,6.274458647,6.274458612,0.909722222,0.909722222,1,0.134103298,7.407227141,7.533213804,true,none
1785073265.135292768,per_message_full_scan,720,720,6.274458647,6.274458612,0.923611111,0.923611111,1,0.134137526,7.406724660,7.224053176,true,none
1785073266.135219812,per_message_full_scan,720,720,6.274458647,6.274458612,0.902777778,0.902777778,1,0.134317562,7.410373079,7.426586414,true,none
1785073267.145997763,per_message_full_scan,720,720,6.274458647,6.274458612,0.920833333,0.920833333,1,0.134164006,7.381401778,7.421815684,true,none
1785073268.135699511,per_message_full_scan,720,720,6.274458647,6.274458612,0.904166667,0.904166667,1,0.134070292,7.403297488,7.465160447,true,none
1785073269.135203123,per_message_full_scan,720,720,6.274458647,6.274458612,0.908333333,0.908333333,1,0.134107918,7.396924713,7.465650641,true,none
1785073270.135255814,per_message_full_scan,720,720,6.274458647,6.274458612,0.906944444,0.906944444,1,0.129998654,7.414991019,7.452824431,true,none
1785073271.135201693,per_message_full_scan,720,720,6.274458647,6.274458612,0.908333333,0.908333333,1,0.130263165,7.430287990,7.420853056,true,none
1785073272.165670633,per_message_full_scan,720,720,6.274458647,6.274458612,0.918055556,0.918055556,1,0.133915544,7.331125235,7.280191217,true,none
1785073273.135219574,per_message_full_scan,720,720,6.274458647,6.274458612,0.929166667,0.929166667,1,0.133580714,7.393891276,7.504512099,true,none
1785073274.135214806,per_message_full_scan,720,720,6.274458647,6.274458612,0.919444444,0.919444444,1,0.134895295,7.383435846,7.247554345,true,none
1785073275.135206461,per_message_full_scan,720,720,6.274458647,6.274458612,0.925000000,0.925000000,1,0.133540675,7.363620878,7.478531031,true,none
1785073276.135227919,per_message_full_scan,720,720,6.274458647,6.274458612,0.925000000,0.925000000,1,0.134119704,7.403365664,7.281259685,true,none
1785073277.153666973,per_message_full_scan,720,720,6.274458647,6.274458612,0.925000000,0.925000000,1,0.132598877,7.427107701,7.472099354,true,none
1785073278.135221004,per_message_full_scan,720,720,6.274458647,6.274458612,0.918055556,0.918055556,1,0.133930385,7.417263396,7.559040310,true,none
1785073279.135205030,per_message_full_scan,720,720,6.274458647,6.274458612,0.918055556,0.918055556,1,0.134054691,7.409201082,7.401016926,true,none
1785073280.135229588,per_message_full_scan,720,720,6.274458647,6.274458612,0.931944444,0.931944444,1,0.133961216,7.409024618,7.537751450,true,none
1785073281.135223150,per_message_full_scan,720,720,6.274458647,6.274458612,0.927777778,0.927777778,1,0.134092346,7.401005018,7.272031420,true,none
1785073282.135225534,per_message_full_scan,720,720,6.274458647,6.274458612,0.923611111,0.923611111,1,0.133831650,7.499265802,7.553498288,true,none
1785073283.135216713,per_message_full_scan,720,720,6.274458647,6.274458612,0.923611111,0.923611111,1,0.134101525,7.424446985,7.522820350,true,none
1785073284.135200024,per_message_full_scan,720,720,6.274458647,6.274458612,0.918055556,0.918055556,1,0.134053752,7.530099250,7.828563718,true,none
1785073285.135215282,per_message_full_scan,720,720,6.274458647,6.274458612,0.925000000,0.925000000,1,0.132080376,7.433018270,7.514119754,true,none
1785073286.135239601,per_message_full_scan,720,720,6.274458647,6.274458612,0.920833333,0.920833333,1,0.134165898,7.418345363,7.494416750,true,none
1785073287.135269165,per_message_full_scan,720,720,6.274458647,6.274458612,0.927777778,0.927777778,1,0.133706346,7.501673901,7.444495879,true,none
1785073288.135218859,per_message_full_scan,720,720,6.274458647,6.274458612,0.929166667,0.929166667,1,0.133824617,7.434004515,7.523044525,true,none
1785073289.135205746,per_message_full_scan,720,720,6.274458647,6.274458612,0.920833333,0.920833333,1,0.121849976,7.564313436,7.716136803,true,none
1785073290.135253906,per_message_full_scan,720,720,6.274458647,6.274458612,0.922222222,0.922222222,1,0.131010786,7.452494844,7.382971717,true,none
1785073291.135162115,per_message_full_scan,720,720,6.274458647,6.274458612,0.922222222,0.922222222,1,0.134505674,7.426233848,7.634363362,true,none
1785073292.135219097,per_message_full_scan,720,720,6.274458647,6.274458612,0.904166667,0.904166667,1,0.128973216,7.503720741,7.528604804,true,none
1785073293.135437012,per_message_full_scan,720,720,6.274458647,6.274458612,0.895833333,0.895833333,1,0.134355202,7.486295104,7.542547570,true,none
1785073294.135217428,per_message_full_scan,720,720,6.274458647,6.274458612,0.920833333,0.920833333,1,0.132893801,7.541734046,7.498101857,true,none
1785073295.135221720,per_message_full_scan,720,720,6.274458647,6.274458612,0.908333333,0.908333333,1,0.134179056,7.559793275,7.750362351,true,none
1785073296.135219097,per_message_full_scan,720,720,6.274458647,6.274458612,0.904166667,0.904166667,1,0.133439630,7.556627590,7.562037486,true,none
1785073297.135206223,per_message_full_scan,720,720,6.274458647,6.274458612,0.904166667,0.904166667,1,0.133597732,7.523059776,7.792291825,true,none
1785073298.135251999,per_message_full_scan,720,720,6.274458647,6.274458612,0.894444444,0.894444444,1,0.120523997,7.589879579,8.167730706,true,none
1785073299.151808262,per_message_full_scan,720,720,6.274458647,6.274458612,0.894444444,0.894444444,1,0.134078950,7.563035899,7.543194140,true,none
1785073300.135217190,per_message_full_scan,720,720,6.274458647,6.274458612,0.916666667,0.916666667,1,0.134153992,7.553285030,7.500932413,true,none
1785073301.142708302,per_message_full_scan,720,720,6.274458647,6.274458612,0.912500000,0.912500000,1,0.134299129,7.521052666,7.517704992,true,none
1785073302.135212660,per_message_full_scan,720,720,6.274458647,6.274458612,0.905555556,0.905555556,1,0.121588498,7.580564909,7.514111740,true,none
1785073303.143432140,per_message_full_scan,720,720,6.274458647,6.274458612,0.894444444,0.894444444,1,0.121810608,7.584672338,7.481767879,true,none
1785073304.135259867,per_message_full_scan,720,720,6.274458647,6.274458612,0.908333333,0.908333333,1,0.134126991,7.444364581,7.832323799,true,none
1785073305.136090040,per_message_full_scan,720,720,6.274458647,6.274458612,0.904166667,0.904166667,1,0.121656209,7.586510532,7.817289996,true,none
1785073306.136355639,per_message_full_scan,720,720,6.274458647,6.274458612,0.897222222,0.897222222,1,0.133921102,7.446153898,7.584034146,true,none
1785073307.157458067,per_message_full_scan,720,720,6.274458647,6.274458612,0.906944444,0.906944444,1,0.134230241,7.564061011,7.634825057,true,none
1785073308.135215521,per_message_full_scan,720,720,6.274458647,6.274458612,0.918055556,0.918055556,1,0.134697348,7.540935698,7.508147672,true,none
1785073309.149970293,per_message_full_scan,720,720,6.274458647,6.274458612,0.895833333,0.895833333,1,0.133855835,7.527742657,7.573485172,true,none
1785073310.135233879,per_message_full_scan,720,720,6.274458647,6.274458612,0.908333333,0.908333333,1,0.134107202,7.517959928,7.512763098,true,none
1785073311.151678562,per_message_full_scan,720,720,6.274458647,6.274458612,0.902777778,0.902777778,1,0.134120628,7.483151746,7.474882997,true,none
1785073312.135221004,per_message_full_scan,720,720,6.274458647,6.274458612,0.915277778,0.915277778,1,0.134059429,7.477064028,7.544660367,true,none
1785073313.142164230,per_message_full_scan,720,720,6.274458647,6.274458612,0.926388889,0.926388889,1,0.121990845,7.602869836,7.547351667,true,none
1785073314.135209322,per_message_full_scan,720,720,6.274458647,6.274458612,0.912500000,0.912500000,1,0.133788884,7.562105248,7.515819112,true,none
1785073315.135167599,per_message_full_scan,720,720,6.274458647,6.274458612,0.918055556,0.918055556,1,0.134121493,7.506006282,7.576165253,true,none
1785073316.135222435,per_message_full_scan,720,720,6.274458647,6.274458612,0.895833333,0.895833333,1,0.134122491,7.488541441,7.545621147,true,none
1785073317.135214567,per_message_full_scan,720,720,6.274458647,6.274458612,0.909722222,0.909722222,1,0.134033844,7.462385328,7.676254308,true,none
1785073318.135242701,per_message_full_scan,720,720,6.274458647,6.274458612,0.908333333,0.908333333,1,0.121925361,7.574999154,7.887758922,true,none
1785073319.135211229,per_message_full_scan,720,720,6.274458647,6.274458612,0.906944444,0.906944444,1,0.133726031,7.531627196,7.555186119,true,none
1785073320.135220289,per_message_full_scan,720,720,6.274458647,6.274458612,0.897222222,0.897222222,1,0.134176955,7.525252604,7.872049761,true,none
1785073321.135241508,per_message_full_scan,720,720,6.274458647,6.274458612,0.902777778,0.902777778,1,0.134036586,7.487140007,7.691868735,true,none
1785073322.135217428,per_message_full_scan,720,720,6.274458647,6.274458612,0.904166667,0.904166667,1,0.134838611,7.459031595,7.383786267,true,none
1785073323.135205030,per_message_full_scan,720,720,6.274458647,6.274458612,0.908333333,0.908333333,1,0.120824389,7.568331583,8.154946725,true,none
1785073324.135237217,per_message_full_scan,720,720,6.274458647,6.274458612,0.902777778,0.902777778,1,0.121666729,7.588125972,7.644179865,true,none
1785073325.137395382,per_message_full_scan,720,720,6.274458647,6.274458612,0.911111111,0.911111111,1,0.134094402,7.485174061,7.638129516,true,none
1785073326.135212898,per_message_full_scan,720,720,6.274458647,6.274458612,0.909722222,0.909722222,1,0.132829830,7.511247493,7.536921998,true,none
1785073327.135143518,per_message_full_scan,720,720,6.274458647,6.274458612,0.900000000,0.900000000,1,0.134203792,7.474774902,7.577494892,true,none
1785073328.135242462,per_message_full_scan,720,720,6.274458647,6.274458612,0.895833333,0.895833333,1,0.133982837,7.477671767,7.557386873,true,none
1785073329.135203838,per_message_full_scan,720,720,6.274458647,6.274458612,0.900000000,0.900000000,1,0.121141016,7.600480484,7.499465788,true,none
1785073330.135217428,per_message_full_scan,720,720,6.274458647,6.274458612,0.898611111,0.898611111,1,0.121606223,7.592101196,7.578554028,true,none
1785073331.135214090,per_message_full_scan,720,720,6.274458647,6.274458612,0.895833333,0.895833333,1,0.133894503,7.535899077,7.511089473,true,none
1785073332.135214090,per_message_full_scan,720,720,6.274458647,6.274458612,0.897222222,0.897222222,1,0.134149119,7.532140286,7.485371348,true,none
1785073333.135204554,per_message_full_scan,720,720,6.274458647,6.274458612,0.876388889,0.876388889,1,0.134277999,7.484884188,7.522026508,true,none
1785073334.135226727,per_message_full_scan,720,720,6.274458647,6.274458612,0.886111111,0.886111111,1,0.134091944,7.480628154,7.500679590,true,none
1785073335.135236025,per_message_full_scan,720,720,6.274458647,6.274458612,0.888888889,0.888888889,1,0.134121299,7.463483490,7.881136885,true,none
1785073336.135213852,per_message_full_scan,720,720,6.274458647,6.274458612,0.884722222,0.884722222,1,0.134011984,7.468232522,7.644201983,true,none
1785073337.141577482,per_message_full_scan,720,720,6.274458647,6.274458612,0.851388889,0.851388889,1,0.133033007,7.433024333,7.376654579,true,none
1785073338.135210752,per_message_full_scan,720,720,6.274458647,6.274458612,0.893055556,0.893055556,1,0.132085085,7.463298444,7.618234427,true,none
1785073339.135199785,per_message_full_scan,720,720,6.274458647,6.274458612,0.887500000,0.887500000,1,0.121912159,7.595688875,8.039463891,true,none
1785073340.135233641,per_message_full_scan,720,720,6.274458647,6.274458612,0.870833333,0.870833333,1,0.121628761,7.592763038,7.560928464,true,none
1785073341.135213852,per_message_full_scan,720,720,6.274458647,6.274458612,0.898611111,0.898611111,1,0.133835271,7.536000815,7.573860755,true,none
1785073342.135214329,per_message_full_scan,720,720,6.274458647,6.274458612,0.879166667,0.879166667,1,0.134184718,7.534150868,7.527643908,true,none
1785073343.135202646,per_message_full_scan,720,720,6.274458647,6.274458612,0.890277778,0.890277778,1,0.133979782,7.501251557,7.484200661,true,none
1785073344.135221243,per_message_full_scan,720,720,6.274458647,6.274458612,0.891666667,0.891666667,1,0.134042099,7.486347814,7.569720933,true,none
1785073345.135231733,per_message_full_scan,720,720,6.274458647,6.274458612,0.877777778,0.877777778,1,0.133504272,7.466087750,7.479072953,true,none
1785073346.135202646,per_message_full_scan,720,720,6.274458647,6.274458612,0.869444444,0.869444444,1,0.121827535,7.591648216,7.484704280,true,none
1785073347.135227442,per_message_full_scan,720,720,6.274458647,6.274458612,0.856944444,0.856944444,1,0.132364735,7.539283979,7.558641569,true,none
1785073348.135210752,per_message_full_scan,720,720,6.274458647,6.274458612,0.870833333,0.870833333,1,0.134129271,7.529259813,7.544358414,true,none
1785073349.135234356,per_message_full_scan,720,720,6.274458647,6.274458612,0.886111111,0.886111111,1,0.134169877,7.484574164,7.477879610,true,none
1785073350.135217428,per_message_full_scan,720,720,6.274458647,6.274458612,0.897222222,0.897222222,1,0.134178028,7.470511792,7.580710876,true,none
1785073351.135203600,per_message_full_scan,720,720,6.274458647,6.274458612,0.893055556,0.893055556,1,0.121997207,7.584427591,7.509446093,true,none
1785073352.135223389,per_message_full_scan,720,720,6.274458647,6.274458612,0.884722222,0.884722222,1,0.134126738,7.563829311,7.666032310,true,none
1785073353.135227442,per_message_full_scan,720,720,6.274458647,6.274458612,0.872222222,0.872222222,1,0.134157658,7.505774870,8.061445205,true,none
1785073354.154164553,per_message_full_scan,720,720,6.274458647,6.274458612,0.872222222,0.872222222,1,0.121873818,7.625098804,7.875649420,true,none
1785073355.135222673,per_message_full_scan,720,720,6.274458647,6.274458612,0.873611111,0.873611111,1,0.134199172,7.571721847,7.694118644,true,none
1785073356.146130323,per_message_full_scan,720,720,6.274458647,6.274458612,0.886111111,0.886111111,1,0.133356482,7.506822505,7.960802529,true,none
1785073357.135235786,per_message_full_scan,720,720,6.274458647,6.274458612,0.880555556,0.880555556,1,0.134041309,7.502129474,7.554899289,true,none
1785073358.135543108,per_message_full_scan,720,720,6.274458647,6.274458612,0.872222222,0.872222222,1,0.134210452,7.491296753,7.539413929,true,none
1785073359.135212183,per_message_full_scan,720,720,6.274458647,6.274458612,0.869444444,0.869444444,1,0.121674709,7.608717894,8.047947218,true,none
1785073360.168597698,per_message_full_scan,720,720,6.274458647,6.274458612,0.866666667,0.866666667,1,0.134214386,7.518947454,7.657953094,true,none
1785073361.135222197,per_message_full_scan,720,720,6.274458647,6.274458612,0.895833333,0.895833333,1,0.133474901,7.488267153,7.585532218,true,none
1785073362.135216236,per_message_full_scan,720,720,6.274458647,6.274458612,0.875000000,0.875000000,1,0.121840201,7.611592947,8.053115980,true,none
1785073363.135212183,per_message_full_scan,720,720,6.274458647,6.274458612,0.877777778,0.877777778,1,0.134450495,7.558907938,7.658179074,true,none
1785073364.150409698,per_message_full_scan,720,720,6.274458647,6.274458612,0.877777778,0.877777778,1,0.133019477,7.513532842,7.617370639,true,none
1785073365.135297060,per_message_full_scan,720,720,6.274458647,6.274458612,0.873611111,0.873611111,1,0.133498773,7.491260332,7.515715137,true,none
1785073366.150008678,per_message_full_scan,720,720,6.274458647,6.274458612,0.895833333,0.895833333,1,0.134025663,7.571976511,7.640515272,true,none
1785073367.135250092,per_message_full_scan,720,720,6.274458647,6.274458612,0.880555556,0.880555556,1,0.134122312,7.536176936,7.519419955,true,none
1785073368.141676903,per_message_full_scan,720,720,6.274458647,6.274458612,0.873611111,0.873611111,1,0.133544296,7.492304795,7.547975332,true,none
1785073369.135207891,per_message_full_scan,720,720,6.274458647,6.274458612,0.868055556,0.868055556,1,0.133858591,7.481559894,7.529130543,true,none
1785073370.144123077,per_message_full_scan,720,720,6.274458647,6.274458612,0.875000000,0.875000000,1,0.132709756,7.556838763,7.472200362,true,none
1785073371.135215521,per_message_full_scan,720,720,6.274458647,6.274458612,0.875000000,0.875000000,1,0.132468849,7.539417829,7.612543988,true,none
1785073372.135166407,per_message_full_scan,720,720,6.274458647,6.274458612,0.884722222,0.884722222,1,0.134083912,7.491355647,7.509994567,true,none
1785073373.135214806,per_message_full_scan,720,720,6.274458647,6.274458612,0.873611111,0.873611111,1,0.121600643,7.613186588,7.516102894,true,none
1785073374.135215282,per_message_full_scan,720,720,6.274458647,6.274458612,0.893055556,0.893055556,1,0.132814631,7.531634820,7.569971263,true,none
1785073375.135228157,per_message_full_scan,720,720,6.274458647,6.274458612,0.890277778,0.890277778,1,0.133920059,7.494912311,7.522194682,true,none
1785073376.135250092,per_message_full_scan,720,720,6.274458647,6.274458612,0.895833333,0.895833333,1,0.121406078,7.599559602,7.511933255,true,none
1785073377.135211706,per_message_full_scan,720,720,6.274458647,6.274458612,0.894444444,0.894444444,1,0.134139195,7.558904518,7.601881925,true,none
1785073378.135232210,per_message_full_scan,720,720,6.274458647,6.274458612,0.887500000,0.887500000,1,0.133742690,7.495787031,7.510676667,true,none
1785073379.135338545,per_message_full_scan,720,720,6.274458647,6.274458612,0.881944444,0.881944444,1,0.134293929,7.470664542,7.502434653,true,none
1785073380.135220289,per_message_full_scan,720,720,6.274458647,6.274458612,0.883333333,0.883333333,1,0.133673608,7.566477835,7.560067443,true,none
1785073381.135215759,per_message_full_scan,720,720,6.274458647,6.274458612,0.891666667,0.891666667,1,0.133902878,7.520857157,7.516469537,true,none
1785073382.135290146,per_message_full_scan,720,720,6.274458647,6.274458612,0.890277778,0.890277778,1,0.133427709,7.468314949,7.470635414,true,none
1785073383.165501833,per_message_full_scan,720,720,6.274458647,6.274458612,0.900000000,0.900000000,1,0.132959157,7.567367021,7.564464050,true,none
1785073384.135205984,per_message_full_scan,720,720,6.274458647,6.274458612,0.884722222,0.884722222,1,0.134022236,7.532288175,7.511139617,true,none
1785073385.155991077,per_message_full_scan,720,720,6.274458647,6.274458612,0.884722222,0.884722222,1,0.131596327,7.467033401,7.598670689,true,none
1785073386.135238647,per_message_full_scan,720,720,6.274458647,6.274458612,0.884722222,0.884722222,1,0.134102479,7.470117940,7.438494875,true,none
1785073387.156611443,per_message_full_scan,720,720,6.274458647,6.274458612,0.879166667,0.879166667,1,0.134053305,7.537196441,7.499675777,true,none
1785073388.135347605,per_message_full_scan,720,720,6.274458647,6.274458612,0.897222222,0.897222222,1,0.134267136,7.566570023,7.494278093,true,none
1785073389.146185160,per_message_full_scan,720,720,6.274458647,6.274458612,0.888888889,0.888888889,1,0.133989692,7.496059402,7.550378789,true,none
1785073390.135214806,per_message_full_scan,720,720,6.274458647,6.274458612,0.888888889,0.888888889,1,0.134135813,7.471449690,7.506599568,true,none
1785073391.146608591,per_message_full_scan,720,720,6.274458647,6.274458612,0.888888889,0.888888889,1,0.121800438,7.591788458,7.482703494,true,none
1785073392.135222435,per_message_full_scan,720,720,6.274458647,6.274458612,0.880555556,0.880555556,1,0.134130701,7.562298328,7.551411740,true,none
1785073393.137672663,per_message_full_scan,720,720,6.274458647,6.274458612,0.897222222,0.897222222,1,0.134080276,7.506652327,7.516456232,true,none
1785073394.135216713,per_message_full_scan,720,720,6.274458647,6.274458612,0.894444444,0.894444444,1,0.133188248,7.475530027,7.608460841,true,none
1785073395.135216475,per_message_full_scan,720,720,6.274458647,6.274458612,0.879166667,0.879166667,1,0.134328544,7.463417200,7.774517613,true,none
1785073396.135228157,per_message_full_scan,720,720,6.274458647,6.274458612,0.887500000,0.887500000,1,0.121476643,7.598548451,7.842250406,true,none
1785073397.135425568,per_message_full_scan,720,720,6.274458647,6.274458612,0.897222222,0.897222222,1,0.134156182,7.531944557,7.650383399,true,none
1785073398.135214806,per_message_full_scan,720,720,6.274458647,6.274458612,0.886111111,0.886111111,1,0.134179786,7.507512268,7.674426160,true,none
1785073399.152607441,per_message_full_scan,720,720,6.274458647,6.274458612,0.888888889,0.888888889,1,0.134077713,7.471000679,7.529029720,true,none
1785073400.135407686,per_message_full_scan,720,720,6.274458647,6.274458612,0.880555556,0.880555556,1,0.121251605,7.603329294,7.572527233,true,none
1785073401.135214329,per_message_full_scan,720,720,6.274458647,6.274458612,0.887500000,0.887500000,1,0.133992329,7.530271905,7.965697070,true,none
1785073402.135202646,per_message_full_scan,720,720,6.274458647,6.274458612,0.883333333,0.883333333,1,0.133980379,7.509160559,7.627425599,true,none
1785073403.146348476,per_message_full_scan,720,720,6.274458647,6.274458612,0.890277778,0.890277778,1,0.134187698,7.478649396,7.511124437,true,none
1785073404.135201693,per_message_full_scan,720,720,6.274458647,6.274458612,0.884722222,0.884722222,1,0.131829336,7.472520327,7.539759386,true,none
1785073405.135163307,per_message_full_scan,720,720,6.274458647,6.274458612,0.897222222,0.897222222,1,0.133766741,7.572816964,7.553949913,true,none
1785073406.135279655,per_message_full_scan,720,720,6.274458647,6.274458612,0.894444444,0.894444444,1,0.134155422,7.538170900,7.576812248,true,none
1785073407.135195017,per_message_full_scan,720,720,6.274458647,6.274458612,0.879166667,0.879166667,1,0.134916246,7.467984267,7.545383541,true,none
1785073408.135196447,per_message_full_scan,720,720,6.274458647,6.274458612,0.887500000,0.887500000,1,0.133894846,7.483949524,7.545447009,true,none
1785073409.135242224,per_message_full_scan,720,720,6.274458647,6.274458612,0.887500000,0.887500000,1,0.133485541,7.457115361,7.488456906,true,none
1785073410.135214090,per_message_full_scan,720,720,6.274458647,6.274458612,0.872222222,0.872222222,1,0.121858083,7.601760486,7.489960070,true,none
1785073411.135215759,per_message_full_scan,720,720,6.274458647,6.274458612,0.881944444,0.881944444,1,0.133887991,7.532856962,7.526095664,true,none
1785073412.135228395,per_message_full_scan,720,720,6.274458647,6.274458612,0.881944444,0.881944444,1,0.134099573,7.525468850,7.487864735,true,none
1785073413.135231256,per_message_full_scan,720,720,6.274458647,6.274458612,0.888888889,0.888888889,1,0.134201601,7.483680853,7.545227103,true,none
1785073414.135221481,per_message_full_scan,720,720,6.274458647,6.274458612,0.881944444,0.881944444,1,0.134132817,7.467781886,7.504780281,true,none
1785073415.135227442,per_message_full_scan,720,720,6.274458647,6.274458612,0.894444444,0.894444444,1,0.121866345,7.600978957,7.655884172,true,none
1785073416.135214806,per_message_full_scan,720,720,6.274458647,6.274458612,0.875000000,0.875000000,1,0.134065777,7.571547225,7.619303725,true,none
1785073417.135229588,per_message_full_scan,720,720,6.274458647,6.274458612,0.883333333,0.883333333,1,0.134245157,7.852114391,7.676603844,true,none
1785073418.135246515,per_message_full_scan,720,720,6.274458647,6.274458612,0.891666667,0.891666667,1,0.134061202,7.574331500,7.521386863,true,none
1785073419.135217667,per_message_full_scan,720,720,6.274458647,6.274458612,0.876388889,0.876388889,1,0.130486220,7.497308415,7.855440904,true,none
1785073420.135324955,per_message_full_scan,720,720,6.274458647,6.274458612,0.870833333,0.870833333,1,0.134524971,7.453306873,7.531048516,true,none
1785073421.135245562,per_message_full_scan,720,720,6.274458647,6.274458612,0.884722222,0.884722222,1,0.134025633,7.563281466,8.046452389,true,none
1785073422.135218620,per_message_full_scan,720,720,6.274458647,6.274458612,0.884722222,0.884722222,1,0.134194344,7.529458037,8.002046492,true,none
1785073423.135209322,per_message_full_scan,720,720,6.274458647,6.274458612,0.879166667,0.879166667,1,0.134013996,7.488052976,7.698784166,true,none
1785073424.135237217,per_message_full_scan,720,720,6.274458647,6.274458612,0.875000000,0.875000000,1,0.134103343,7.462337421,7.525656251,true,none
1785073425.135197163,per_message_full_scan,720,720,6.274458647,6.274458612,0.879166667,0.879166667,1,0.121869847,7.609030776,8.064362857,true,none
1785073426.172783136,per_message_full_scan,720,720,6.274458647,6.274458612,0.876388889,0.876388889,1,0.133723676,7.539802244,7.567696734,true,none
1785073427.135246515,per_message_full_scan,720,720,6.274458647,6.274458612,0.883333333,0.883333333,1,0.132906511,7.022107650,7.001190274,true,none
1785073428.165120602,per_message_full_scan,720,720,6.274458647,6.274458612,0.881944444,0.881944444,1,0.133679569,7.406008157,7.468930186,true,none
1785073429.135223150,per_message_full_scan,720,720,6.274458647,6.274458612,0.872222222,0.872222222,1,0.133301690,7.455756560,7.498170667,true,none
1785073430.155578613,per_message_full_scan,720,720,6.274458647,6.274458612,0.884722222,0.884722222,1,0.133099437,7.548727115,7.590269261,true,none
1785073431.135212898,per_message_full_scan,720,720,6.274458647,6.274458612,0.875000000,0.875000000,1,0.134364456,7.553778803,7.540429782,true,none
1785073432.156849623,per_message_full_scan,720,720,6.274458647,6.274458612,0.883333333,0.883333333,1,0.134059757,7.504312448,7.506970790,true,none
1785073433.135217667,per_message_full_scan,720,720,6.274458647,6.274458612,0.877777778,0.877777778,1,0.134051293,7.503044091,7.478362705,true,none
1785073434.148273706,per_message_full_scan,720,720,6.274458647,6.274458612,0.879166667,0.879166667,1,0.134053215,7.468724898,7.514301890,true,none
1785073435.135235548,per_message_full_scan,720,720,6.274458647,6.274458612,0.894444444,0.894444444,1,0.134058937,7.454809688,7.495283348,true,none
1785073436.138134480,per_message_full_scan,720,720,6.274458647,6.274458612,0.876388889,0.876388889,1,0.133419424,7.562093409,7.592559940,true,none
1785073437.135213614,per_message_full_scan,720,720,6.274458647,6.274458612,0.879166667,0.879166667,1,0.133944273,7.528478655,7.645899533,true,none
1785073438.139944077,per_message_full_scan,720,720,6.274458647,6.274458612,0.881944444,0.881944444,1,0.133978233,7.486643891,7.496413161,true,none
1785073439.135338068,per_message_full_scan,720,720,6.274458647,6.274458612,0.881944444,0.881944444,1,0.134276241,7.482891206,7.660705861,true,none
1785073440.135211945,per_message_full_scan,720,720,6.274458647,6.274458612,0.876388889,0.876388889,1,0.121851042,7.609258388,7.929280920,true,none
1785073441.135219812,per_message_full_scan,720,720,6.274458647,6.274458612,0.887500000,0.887500000,1,0.133653134,7.565264253,7.836806232,true,none
1785073442.153999805,per_message_full_scan,720,720,6.274458647,6.274458612,0.880555556,0.880555556,1,0.134186953,7.502657223,7.456343181,true,none
1785073443.135208845,per_message_full_scan,720,720,6.274458647,6.274458612,0.872222222,0.872222222,1,0.134015054,7.503743040,7.474780238,true,none
1785073444.154641867,per_message_full_scan,720,720,6.274458647,6.274458612,0.880555556,0.880555556,1,0.135187805,7.460304441,7.479772738,true,none
1785073445.135262489,per_message_full_scan,720,720,6.274458647,6.274458612,0.890277778,0.890277778,1,0.121620104,7.611060283,8.205298070,true,none
1785073446.143581390,per_message_full_scan,720,720,6.274458647,6.274458612,0.875000000,0.875000000,1,0.134031251,7.555097772,7.592042743,true,none
1785073447.135512114,per_message_full_scan,720,720,6.274458647,6.274458612,0.868055556,0.868055556,1,0.134114727,7.529257651,7.593712794,true,none
1785073448.136329412,per_message_full_scan,720,720,6.274458647,6.274458612,0.886111111,0.886111111,1,0.132267356,7.488680576,7.641793235,true,none
1785073449.135220766,per_message_full_scan,720,720,6.274458647,6.274458612,0.875000000,0.875000000,1,0.134228349,7.463378273,7.575873218,true,none
1785073450.136023998,per_message_full_scan,720,720,6.274458647,6.274458612,0.881944444,0.881944444,1,0.121833459,7.590359722,7.522770637,true,none
1785073451.135219812,per_message_full_scan,720,720,6.274458647,6.274458612,0.877777778,0.877777778,1,0.133294538,7.563953646,7.579054810,true,none
1785073452.135208130,per_message_full_scan,720,720,6.274458647,6.274458612,0.875000000,0.875000000,1,0.135886356,7.490342359,7.526761855,true,none
1785073453.135225296,per_message_full_scan,720,720,6.274458647,6.274458612,0.880555556,0.880555556,1,0.134021640,7.488174581,7.511206955,true,none
1785073454.135265350,per_message_full_scan,720,720,6.274458647,6.274458612,0.881944444,0.881944444,1,0.133972466,7.453983534,7.575908488,true,none
1785073455.135248899,per_message_full_scan,720,720,6.274458647,6.274458612,0.884722222,0.884722222,1,0.121876910,7.598905402,7.559072526,true,none
1785073456.135199308,per_message_full_scan,720,720,6.274458647,6.274458612,0.879166667,0.879166667,1,0.134049848,7.531005788,7.492240431,true,none
1785073457.135237694,per_message_full_scan,720,720,6.274458647,6.274458612,0.877777778,0.877777778,1,0.134114161,7.506924049,7.588349112,true,none
1785073458.135633469,per_message_full_scan,720,720,6.274458647,6.274458612,0.869444444,0.869444444,1,0.133572221,7.470899595,7.507722764,true,none
1785073459.135220528,per_message_full_scan,720,720,6.274458647,6.274458612,0.872222222,0.872222222,1,0.134218797,7.460789781,7.600196744,true,none
1785073460.135230541,per_message_full_scan,720,720,6.274458647,6.274458612,0.877777778,0.877777778,1,0.134291321,7.563545760,7.578812311,true,none
1785073461.135195971,per_message_full_scan,720,720,6.274458647,6.274458612,0.888888889,0.888888889,1,0.133703545,7.556358186,7.518189450,true,none
1785073462.135266304,per_message_full_scan,720,720,6.274458647,6.274458612,0.883333333,0.883333333,1,0.132756263,7.511641870,7.726066566,true,none
1785073463.135210276,per_message_full_scan,720,720,6.274458647,6.274458612,0.880555556,0.880555556,1,0.133997709,7.486447449,7.772713245,true,none
1785073464.135199070,per_message_full_scan,720,720,6.274458647,6.274458612,0.875000000,0.875000000,1,0.132754609,7.461382176,7.414158164,true,none
1785073465.135220051,per_message_full_scan,720,720,6.274458647,6.274458612,0.866666667,0.866666667,1,0.121683121,7.610797887,7.889490151,true,none
1785073466.135221481,per_message_full_scan,720,720,6.274458647,6.274458612,0.884722222,0.884722222,1,0.134066060,7.535254143,8.144221805,true,none
1785073467.135216475,per_message_full_scan,720,720,6.274458647,6.274458612,0.877777778,0.877777778,1,0.134123132,7.525182063,7.764426640,true,none
1785073468.135216475,per_message_full_scan,720,720,6.274458647,6.274458612,0.872222222,0.872222222,1,0.131032288,7.479368257,7.517244808,true,none
1785073469.174177170,per_message_full_scan,720,720,6.274458647,6.274458612,0.890277778,0.890277778,1,0.119518183,7.611904550,7.563292956,true,none
1785073470.135210276,per_message_full_scan,720,720,6.274458647,6.274458612,0.880555556,0.880555556,1,0.121688902,7.599092192,8.002319822,true,none
1785073471.166434050,per_message_full_scan,720,720,6.274458647,6.274458612,0.887500000,0.887500000,1,0.133689836,7.518489600,7.591686306,true,none
1785073472.135244131,per_message_full_scan,720,720,6.274458647,6.274458612,0.875000000,0.875000000,1,0.133348003,7.533043501,7.587921942,true,none
1785073473.167196751,per_message_full_scan,720,720,6.274458647,6.274458612,0.879166667,0.879166667,1,0.133575529,7.487485367,7.518921589,true,none
1785073474.135191202,per_message_full_scan,720,720,6.274458647,6.274458612,0.876388889,0.876388889,1,0.133788720,7.470535908,7.580882250,true,none
1785073475.157312155,per_message_full_scan,720,720,6.274458647,6.274458612,0.879166667,0.879166667,1,0.121976145,7.597502424,7.535293365,true,none
1785073476.135210037,per_message_full_scan,720,720,6.274458647,6.274458612,0.880555556,0.880555556,1,0.134086981,7.562045752,7.518473281,true,none
1785073477.148357868,per_message_full_scan,720,720,6.274458647,6.274458612,0.886111111,0.886111111,1,0.134049565,7.510015856,7.598793317,true,none
1785073478.135220528,per_message_full_scan,720,720,6.274458647,6.274458612,0.884722222,0.884722222,1,0.134187773,7.495226294,7.551391659,true,none
1785073479.150431156,per_message_full_scan,720,720,6.274458647,6.274458612,0.891666667,0.891666667,1,0.134070680,7.467210096,7.488636384,true,none
1785073480.135440588,per_message_full_scan,720,720,6.274458647,6.274458612,0.872222222,0.872222222,1,0.134278834,7.455040482,7.581683523,true,none
1785073481.141192675,per_message_full_scan,720,720,6.274458647,6.274458612,0.883333333,0.883333333,1,0.134198263,7.559859870,7.510638043,true,none
1785073482.135235786,per_message_full_scan,720,720,6.274458647,6.274458612,0.870833333,0.870833333,1,0.133405745,7.548219253,7.671813288,true,none
1785073483.164065838,per_message_full_scan,720,720,6.274458647,6.274458612,0.879166667,0.879166667,1,0.134182528,7.492258930,7.408100919,true,none
1785073484.135216713,per_message_full_scan,720,720,6.274458647,6.274458612,0.872222222,0.872222222,1,0.135274991,7.473393216,7.450924817,true,none
1785073485.164549828,per_message_full_scan,720,720,6.274458647,6.274458612,0.883333333,0.883333333,1,0.134256184,7.467115821,7.641138679,true,none
1785073486.135214090,per_message_full_scan,720,720,6.274458647,6.274458612,0.877777778,0.877777778,1,0.121788725,7.604426135,7.964468041,true,none
1785073487.154210091,per_message_full_scan,720,720,6.274458647,6.274458612,0.884722222,0.884722222,1,0.133524880,7.537345248,7.642676359,true,none
1785073488.135206461,per_message_full_scan,720,720,6.274458647,6.274458612,0.884722222,0.884722222,1,0.133653492,7.526250228,7.532580924,true,none
1785073489.146724939,per_message_full_scan,720,720,6.274458647,6.274458612,0.887500000,0.887500000,1,0.134105682,7.474323770,7.625780274,true,none
1785073490.135221720,per_message_full_scan,720,720,6.274458647,6.274458612,0.891666667,0.891666667,1,0.134111151,7.443950528,7.553090168,true,none
1785073491.149000406,per_message_full_scan,720,720,6.274458647,6.274458612,0.879166667,0.879166667,1,0.134033069,7.573658076,7.482892272,true,none
1785073492.135220528,per_message_full_scan,720,720,6.274458647,6.274458612,0.873611111,0.873611111,1,0.134534612,7.530587570,7.598999432,true,none
1785073493.142026901,per_message_full_scan,720,720,6.274458647,6.274458612,0.876388889,0.876388889,1,0.133938119,7.488835704,7.493095701,true,none
1785073494.135221720,per_message_full_scan,720,720,6.274458647,6.274458612,0.872222222,0.872222222,1,0.134017617,7.475299957,7.518643648,true,none
1785073495.135187864,per_message_full_scan,720,720,6.274458647,6.274458612,0.865277778,0.865277778,1,0.122011334,7.553890567,7.561992886,true,none
1785073496.135227680,per_message_full_scan,720,720,6.274458647,6.274458612,0.873611111,0.873611111,1,0.121839955,7.588446202,7.563154900,true,none
1785073497.135204077,per_message_full_scan,720,720,6.274458647,6.274458612,0.865277778,0.865277778,1,0.134106919,7.537351223,7.481210165,true,none
1785073498.135209560,per_message_full_scan,720,720,6.274458647,6.274458612,0.854166667,0.854166667,1,0.134025514,7.517709253,7.558295443,true,none
1785073499.135211945,per_message_full_scan,720,720,6.274458647,6.274458612,0.869444444,0.869444444,1,0.134025991,7.494965101,7.496998987,true,none
1785073500.135471106,per_message_full_scan,720,720,6.274458647,6.274458612,0.856944444,0.856944444,1,0.134010479,7.500387493,7.545315723,true,none
1785073501.135213852,per_message_full_scan,720,720,6.274458647,6.274458612,0.858333333,0.858333333,1,0.134236082,7.464984206,7.851632529,true,none
1785073502.135598660,per_message_full_scan,720,720,6.274458647,6.274458612,0.863888889,0.863888889,1,0.133907571,7.456125009,7.396009907,true,none
1785073503.135213375,per_message_full_scan,720,720,6.274458647,6.274458612,0.873611111,0.873611111,1,0.134058431,7.565237746,7.915333762,true,none
1785073504.135226965,per_message_full_scan,720,720,6.274458647,6.274458612,0.863888889,0.863888889,1,0.134069443,7.538326182,7.878032255,true,none
1785073505.135276794,per_message_full_scan,720,720,6.274458647,6.274458612,0.862500000,0.862500000,1,0.134153098,7.487346228,7.681579595,true,none
1785073506.135210752,per_message_full_scan,720,720,6.274458647,6.274458612,0.866666667,0.866666667,1,0.134088755,7.460659530,7.561002358,true,none
1785073507.135200977,per_message_full_scan,720,720,6.274458647,6.274458612,0.863888889,0.863888889,1,0.133839190,7.461089160,7.616349014,true,none
1785073508.135221481,per_message_full_scan,720,720,6.274458647,6.274458612,0.880555556,0.880555556,1,0.134176284,7.453753718,7.583344252,true,none
1785073509.135198355,per_message_full_scan,720,720,6.274458647,6.274458612,0.863888889,0.863888889,1,0.134087920,7.566813856,7.508950694,true,none
1785073510.135218859,per_message_full_scan,720,720,6.274458647,6.274458612,0.870833333,0.870833333,1,0.133869320,7.546687736,7.589833269,true,none
1785073511.135203362,per_message_full_scan,720,720,6.274458647,6.274458612,0.863888889,0.863888889,1,0.134263799,7.522887709,7.512452088,true,none
1785073512.135215044,per_message_full_scan,720,720,6.274458647,6.274458612,0.868055556,0.868055556,1,0.134089470,7.507339875,7.494808879,true,none
1785073513.135612965,per_message_full_scan,720,720,6.274458647,6.274458612,0.879166667,0.879166667,1,0.134354174,7.469373915,7.524522495,true,none
1785073514.135282278,per_message_full_scan,720,720,6.274458647,6.274458612,0.879166667,0.879166667,1,0.134160921,7.466859932,7.509987623,true,none
1785073515.135241985,per_message_full_scan,720,720,6.274458647,6.274458612,0.880555556,0.880555556,1,0.134144247,7.452173405,7.589201762,true,none
1785073516.135201454,per_message_full_scan,720,720,6.274458647,6.274458612,0.877777778,0.877777778,1,0.121754721,7.606895268,7.549279394,true,none
1785073517.135223150,per_message_full_scan,720,720,6.274458647,6.274458612,0.859722222,0.859722222,1,0.134176731,7.531865591,7.493554445,true,none
1785073518.135207415,per_message_full_scan,720,720,6.274458647,6.274458612,0.870833333,0.870833333,1,0.133892626,7.527799248,7.737782711,true,none
1785073519.135206699,per_message_full_scan,720,720,6.274458647,6.274458612,0.870833333,0.870833333,1,0.132707581,7.485171924,7.414985178,true,none
1785073520.135262251,per_message_full_scan,720,720,6.274458647,6.274458612,0.873611111,0.873611111,1,0.134091780,7.476277036,7.609815290,true,none
1785073521.135228395,per_message_full_scan,720,720,6.274458647,6.274458612,0.877777778,0.877777778,1,0.134211153,7.569961767,7.791600245,true,none
1785073522.135192871,per_message_full_scan,720,720,6.274458647,6.274458612,0.872222222,0.872222222,1,0.134007022,7.530234210,7.822637873,true,none
1785073523.135219097,per_message_full_scan,720,720,6.274458647,6.274458612,0.870833333,0.870833333,1,0.134114087,7.466192333,7.469547291,true,none
1785073524.135243177,per_message_full_scan,720,720,6.274458647,6.274458612,0.869444444,0.869444444,1,0.134137779,7.469078080,7.620473283,true,none
1785073525.135232687,per_message_full_scan,720,720,6.274458647,6.274458612,0.876388889,0.876388889,1,0.134244084,7.455379958,7.549595172,true,none
1785073526.137306452,per_message_full_scan,720,720,6.274458647,6.274458612,0.866666667,0.866666667,1,0.133975133,7.553215693,8.105215934,true,none
1785073527.135214806,per_message_full_scan,720,720,6.274458647,6.274458612,0.875000000,0.875000000,1,0.135508373,7.516493172,7.511000153,true,none
1785073528.167500019,per_message_full_scan,720,720,6.274458647,6.274458612,0.870833333,0.870833333,1,0.131580934,7.478026219,7.545803976,true,none
1785073529.135214567,per_message_full_scan,720,720,6.274458647,6.274458612,0.856944444,0.856944444,1,0.133546382,7.474911024,7.516138381,true,none
1785073530.156352758,per_message_full_scan,720,720,6.274458647,6.274458612,0.870833333,0.870833333,1,0.132635713,7.564095769,7.611375650,true,none
1785073531.135206461,per_message_full_scan,720,720,6.274458647,6.274458612,0.880555556,0.880555556,1,0.134130076,7.534830365,7.588248140,true,none
1785073532.158186674,per_message_full_scan,720,720,6.274458647,6.274458612,0.855555556,0.855555556,1,0.133933827,7.473221080,7.504189634,true,none
1785073533.135218143,per_message_full_scan,720,720,6.274458647,6.274458612,0.870833333,0.870833333,1,0.122161455,7.578495827,7.474160786,true,none
1785073534.148941040,per_message_full_scan,720,720,6.274458647,6.274458612,0.861111111,0.861111111,1,0.134087116,7.521682183,7.543166684,true,none
1785073535.135227680,per_message_full_scan,720,720,6.274458647,6.274458612,0.858333333,0.858333333,1,0.133919150,7.497549789,7.503378174,true,none
1785073536.139957666,per_message_full_scan,720,720,6.274458647,6.274458612,0.870833333,0.870833333,1,0.134131685,7.467619701,7.567782099,true,none
1785073537.135214090,per_message_full_scan,720,720,6.274458647,6.274458612,0.862500000,0.862500000,1,0.121825650,7.602172651,7.565092211,true,none
1785073538.141157866,per_message_full_scan,720,720,6.274458647,6.274458612,0.873611111,0.873611111,1,0.134401798,7.517673478,7.479696538,true,none
1785073539.135219812,per_message_full_scan,720,720,6.274458647,6.274458612,0.873611111,0.873611111,1,0.134073958,7.504412746,7.467598079,true,none
1785073540.135207653,per_message_full_scan,720,720,6.274458647,6.274458612,0.872222222,0.872222222,1,0.134084091,7.469387357,7.544274141,true,none
1785073541.135258198,per_message_full_scan,720,720,6.274458647,6.274458612,0.870833333,0.870833333,1,0.134152591,7.465295785,7.494460861,true,none
1785073542.135201931,per_message_full_scan,720,720,6.274458647,6.274458612,0.866666667,0.866666667,1,0.134372801,7.558272726,7.594336489,true,none
1785073543.135231733,per_message_full_scan,720,720,6.274458647,6.274458612,0.873611111,0.873611111,1,0.131946102,7.538807240,7.520781725,true,none
1785073544.135935307,per_message_full_scan,720,720,6.274458647,6.274458612,0.870833333,0.870833333,1,0.134115234,7.500282771,7.481627014,true,none
1785073545.135210037,per_message_full_scan,720,720,6.274458647,6.274458612,0.868055556,0.868055556,1,0.134007648,7.483712083,7.559543710,true,none
1785073546.135210752,per_message_full_scan,720,720,6.274458647,6.274458612,0.872222222,0.872222222,1,0.122039050,7.600002131,7.891795331,true,none
1785073547.135456085,per_message_full_scan,720,720,6.274458647,6.274458612,0.872222222,0.872222222,1,0.121765643,7.591150821,7.751087654,true,none
1785073548.135935068,per_message_full_scan,720,720,6.274458647,6.274458612,0.862500000,0.862500000,1,0.134107247,7.533332069,7.326298195,true,none
1785073549.135218620,per_message_full_scan,720,720,6.274458647,6.274458612,0.870833333,0.870833333,1,0.134071082,7.512525056,7.466013154,true,none
1785073550.137778521,per_message_full_scan,720,720,6.274458647,6.274458612,0.855555556,0.855555556,1,0.134001255,7.469275796,7.649536935,true,none
1785073551.135208368,per_message_full_scan,720,720,6.274458647,6.274458612,0.873611111,0.873611111,1,0.133125395,7.441608468,7.429245144,true,none
1785073552.135205746,per_message_full_scan,720,720,6.274458647,6.274458612,0.858333333,0.858333333,1,0.121820964,7.598988793,7.594667327,true,none
1785073553.135369301,per_message_full_scan,720,720,6.274458647,6.274458612,0.863888889,0.863888889,1,0.133204579,7.564605742,7.952199803,true,none
1785073554.135197401,per_message_full_scan,720,720,6.274458647,6.274458612,0.870833333,0.870833333,1,0.133564889,7.528636338,7.482570900,true,none
1785073555.135215044,per_message_full_scan,720,720,6.274458647,6.274458612,0.861111111,0.861111111,1,0.134023964,7.506765582,7.583568353,true,none
1785073556.135231733,per_message_full_scan,720,720,6.274458647,6.274458612,0.869444444,0.869444444,1,0.133998498,7.476166080,7.494240571,true,none
1785073557.135225058,per_message_full_scan,720,720,6.274458647,6.274458612,0.869444444,0.869444444,1,0.134245798,7.469800651,7.592663807,true,none
1785073558.135255098,per_message_full_scan,720,720,6.274458647,6.274458612,0.872222222,0.872222222,1,0.134160146,7.563080864,7.537850686,true,none
1785073559.135217428,per_message_full_scan,720,720,6.274458647,6.274458612,0.886111111,0.886111111,1,0.133755803,7.560185717,7.516913091,true,none
1785073560.135219097,per_message_full_scan,720,720,6.274458647,6.274458612,0.890277778,0.890277778,1,0.134167671,7.519776547,7.558670794,true,none
1785073561.137234688,per_message_full_scan,720,720,6.274458647,6.274458612,0.901388889,0.901388889,1,0.133989319,7.504127978,7.521413016,true,none
1785073562.135213137,per_message_full_scan,720,720,6.274458647,6.274458612,0.897222222,0.897222222,1,0.131679252,7.473612899,7.478023867,true,none
1785073563.135288000,per_message_full_scan,720,720,6.274458647,6.274458612,0.881944444,0.881944444,1,0.133883044,7.576128673,7.600405872,true,none
1785073564.135248661,per_message_full_scan,720,720,6.274458647,6.274458612,0.890277778,0.890277778,1,0.134012148,7.511076998,7.505021767,true,none
1785073565.135291815,per_message_full_scan,720,720,6.274458647,6.274458612,0.883333333,0.883333333,1,0.134883359,7.475535698,7.601291323,true,none
1785073566.135219812,per_message_full_scan,720,720,6.274458647,6.274458612,0.886111111,0.886111111,1,0.121817969,7.606777954,7.573072195,true,none
1785073567.152537107,per_message_full_scan,720,720,6.274458647,6.274458612,0.891666667,0.891666667,1,0.133776098,7.556500322,7.737852985,true,none
1785073568.135252714,per_message_full_scan,720,720,6.274458647,6.274458612,0.879166667,0.879166667,1,0.133450404,7.520013660,7.730027480,true,none
1785073569.175325394,per_message_full_scan,720,720,6.274458647,6.274458612,0.887500000,0.887500000,1,0.132199109,7.506271599,7.509841206,true,none
1785073570.135230064,per_message_full_scan,720,720,6.274458647,6.274458612,0.887500000,0.887500000,1,0.134053886,7.491551504,7.484460539,true,none
1785073571.135328531,per_message_full_scan,720,720,6.274458647,6.274458612,0.886111111,0.886111111,1,0.120602593,7.616363786,8.150401042,true,none
1785073572.135204792,per_message_full_scan,720,720,6.274458647,6.274458612,0.888888889,0.888888889,1,0.121839546,7.601156906,7.997448360,true,none
1785073573.166182518,per_message_full_scan,720,720,6.274458647,6.274458612,0.894444444,0.894444444,1,0.134241462,7.555848732,7.497214006,true,none
1785073574.135933399,per_message_full_scan,720,720,6.274458647,6.274458612,0.894444444,0.894444444,1,0.134125054,7.549005047,7.490424580,true,none
1785073575.135273933,per_message_full_scan,720,720,6.274458647,6.274458612,0.881944444,0.881944444,1,0.134354636,7.423494977,7.618354107,true,none
1785073576.155024052,per_message_full_scan,720,720,6.274458647,6.274458612,0.866666667,0.866666667,1,0.132731348,6.968662195,7.120271369,true,none
1785073577.135384321,per_message_full_scan,720,720,6.274458647,6.274458612,0.888888889,0.888888889,1,0.129199758,7.485196424,7.464605202,true,none
1785073578.135240078,per_message_full_scan,720,720,6.274458647,6.274458612,0.894444444,0.894444444,1,0.134515077,7.612202890,7.684225556,true,none
1785073579.135210037,per_message_full_scan,720,720,6.274458647,6.274458612,0.888888889,0.888888889,1,0.134748280,7.461976205,7.463486196,true,none
