timestamp,message_index,ranges_size,intensities_size,angle_min,angle_max,angle_increment,declared_span_rad,indexed_span_rad,declared_span_deg,indexed_span_deg,scan_time,time_increment,range_min,range_max,finite_count,finite_ratio,frame_id,timestamp_monotonic,input_rate_hz,publisher_count,classification
1784821347.595958471,1,1030,1030,-3.124139309,3.141592741,0.006089147,6.265732050,6.265731969,359.000002022,358.999997406,0.129013494,0.000125378,0.150000006,12.000000000,885,0.859223301,"laser_frame",true,0.000000000,1,FULL_REVOLUTION
1784821347.731508493,2,1030,1030,-3.124139309,3.141592741,0.006089147,6.265732050,6.265731969,359.000002022,358.999997406,0.133580849,0.000129816,0.150000006,12.000000000,886,0.860194175,"laser_frame",true,7.380038398,1,FULL_REVOLUTION
1784821347.853594780,3,1030,1030,-3.124139309,3.141592741,0.006089147,6.265732050,6.265731969,359.000002022,358.999997406,0.120054595,0.000116671,0.150000006,12.000000000,897,0.870873786,"laser_frame",true,7.551242741,1,FULL_REVOLUTION
1784821347.988646984,4,1029,1029,-3.124139309,3.141592741,0.006095070,6.265732050,6.265731884,359.000002022,358.999992523,0.134092584,0.000130440,0.150000006,12.000000000,888,0.862973761,"laser_frame",true,7.521580654,1,FULL_REVOLUTION
1784821348.123644590,5,1023,1023,-3.124139309,3.141592741,0.006130853,6.265732050,6.265731973,359.000002022,358.999997593,0.134005710,0.000131121,0.150000006,12.000000000,887,0.867057674,"laser_frame",true,7.499567036,1,FULL_REVOLUTION
1784821348.246523380,6,1019,1019,-3.124139309,3.141592741,0.006154943,6.265732050,6.265731762,359.000002022,358.999985533,0.121948443,0.000119792,0.150000006,12.000000000,885,0.868498528,"laser_frame",true,7.626964871,1,FULL_REVOLUTION
1784821348.385966063,7,1019,1019,-3.124139309,3.141592741,0.006154943,6.265732050,6.265731762,359.000002022,358.999985533,0.134484172,0.000132106,0.150000006,12.000000000,879,0.862610402,"laser_frame",true,7.506298256,1,FULL_REVOLUTION
1784821348.505946159,8,1020,1020,-3.124139309,3.141592741,0.006148903,6.265732050,6.265731851,359.000002022,358.999990602,0.115777418,0.000113619,0.150000006,12.000000000,878,0.860784314,"laser_frame",true,7.715015846,1,FULL_REVOLUTION
1784821348.639731884,9,1021,1021,-3.124139309,3.141592741,0.006142874,6.265732050,6.265731733,359.000002022,358.999983879,0.132478118,0.000129881,0.150000006,12.000000000,877,0.858961802,"laser_frame",true,7.666289272,1,FULL_REVOLUTION
1784821348.774820805,10,1023,1023,-3.124139309,3.141592741,0.006130853,6.265732050,6.265731973,359.000002022,358.999997593,0.133373603,0.000130503,0.150000006,12.000000000,882,0.862170088,"laser_frame",true,7.613182299,1,FULL_REVOLUTION
1784821348.897412539,11,1025,1025,-3.124139309,3.141592741,0.006118879,6.265732050,6.265731812,359.000002022,358.999988361,0.121680066,0.000118828,0.150000006,12.000000000,878,0.856585366,"laser_frame",true,7.718195531,1,FULL_REVOLUTION
1784821349.032505274,12,1025,1025,-3.124139309,3.141592741,0.006118879,6.265732050,6.265731812,359.000002022,358.999988361,0.134082764,0.000130940,0.150000006,12.000000000,880,0.858536585,"laser_frame",true,7.658815946,1,FULL_REVOLUTION
1784821349.168471575,13,1026,1026,-3.124139309,3.141592741,0.006112909,6.265732050,6.265731668,359.000002022,358.999980144,0.135097429,0.000131802,0.150000006,12.000000000,894,0.871345029,"laser_frame",true,7.597462283,1,FULL_REVOLUTION
1784821349.292567253,14,1024,1024,-3.124139309,3.141592741,0.006124860,6.265732050,6.265731925,359.000002022,358.999994844,0.120826490,0.000118110,0.150000006,12.000000000,888,0.867187500,"laser_frame",true,6.564570934,1,FULL_REVOLUTION
1784821349.580541372,15,1024,1024,-3.124139309,3.141592741,0.006124860,6.265732050,6.265731925,359.000002022,358.999994844,0.000005093,0.000000005,0.150000006,12.000000000,881,0.860351562,"laser_frame",true,228.131374136,1,FULL_REVOLUTION
1784821349.683546782,16,1021,1021,-3.124139309,3.141592741,0.006142874,6.265732050,6.265731733,359.000002022,358.999983879,0.102147497,0.000100145,0.150000006,12.000000000,881,0.862879530,"laser_frame",true,184.443851021,1,FULL_REVOLUTION
1784821349.818636656,17,1019,1019,-3.124139309,3.141592741,0.006154943,6.265732050,6.265731762,359.000002022,358.999985533,0.134174317,0.000131802,0.150000006,12.000000000,882,0.865554465,"laser_frame",true,149.034453228,1,FULL_REVOLUTION
1784821349.953830719,18,1020,1020,-3.124139309,3.141592741,0.006148903,6.265732050,6.265731851,359.000002022,358.999990602,0.134166196,0.000131665,0.150000006,12.000000000,888,0.870588235,"laser_frame",true,120.708033736,1,FULL_REVOLUTION
1784821350.076610088,19,1018,1018,-3.124139309,3.141592741,0.006160995,6.265732050,6.265731907,359.000002022,358.999993804,0.121804059,0.000119768,0.150000006,12.000000000,882,0.866404715,"laser_frame",true,98.195605789,1,FULL_REVOLUTION
1784821350.211634159,20,1018,1018,-3.124139309,3.141592741,0.006160995,6.265732050,6.265731907,359.000002022,358.999993804,0.134151071,0.000131909,0.150000006,12.000000000,880,0.864440079,"laser_frame",true,80.037653115,1,FULL_REVOLUTION
1784821350.334503651,21,1016,1016,-3.124139309,3.141592741,0.006173135,6.265732050,6.265731803,359.000002022,358.999987881,0.121907696,0.000120106,0.150000006,12.000000000,877,0.863188976,"laser_frame",true,65.658288513,1,FULL_REVOLUTION
1784821350.469529152,22,1018,1018,-3.124139309,3.141592741,0.006160995,6.265732050,6.265731907,359.000002022,358.999993804,0.134184852,0.000131942,0.150000006,12.000000000,879,0.863457760,"laser_frame",true,54.006567074,1,FULL_REVOLUTION
1784821350.606343269,23,1021,1021,-3.124139309,3.141592741,0.006142874,6.265732050,6.265731733,359.000002022,358.999983879,0.135851681,0.000133188,0.150000006,12.000000000,879,0.860920666,"laser_frame",true,44.668123653,1,FULL_REVOLUTION
1784821350.727458954,24,1021,1021,-3.124139309,3.141592741,0.006142874,6.265732050,6.265731733,359.000002022,358.999983879,0.120257825,0.000117900,0.150000006,12.000000000,886,0.867776690,"laser_frame",true,37.384237416,1,FULL_REVOLUTION
1784821350.862559319,25,1026,1026,-3.124139309,3.141592741,0.006112909,6.265732050,6.265731668,359.000002022,358.999980144,0.133714810,0.000130453,0.150000006,12.000000000,893,0.870370370,"laser_frame",true,31.361601807,1,FULL_REVOLUTION
1784821350.999631643,26,1026,1026,-3.124139309,3.141592741,0.006112909,6.265732050,6.265731668,359.000002022,358.999980144,0.133803204,0.000130540,0.150000006,12.000000000,894,0.871345029,"laser_frame",true,26.562807317,1,FULL_REVOLUTION
1784821351.120509624,27,1028,1028,-3.124139309,3.141592741,0.006101005,6.265732050,6.265731908,359.000002022,358.999993911,0.118699327,0.000115579,0.150000006,12.000000000,906,0.881322957,"laser_frame",true,22.919717762,1,FULL_REVOLUTION
1784821351.255667448,28,1029,1029,-3.124139309,3.141592741,0.006095070,6.265732050,6.265731884,359.000002022,358.999992523,0.132084593,0.000128487,0.150000006,12.000000000,893,0.867832847,"laser_frame",true,19.814092987,1,FULL_REVOLUTION
1784821351.390737057,29,1028,1028,-3.124139309,3.141592741,0.006101005,6.265732050,6.265731908,359.000002022,358.999993911,0.132119760,0.000128646,0.150000006,12.000000000,885,0.860894942,"laser_frame",true,17.334271637,1,FULL_REVOLUTION
1784821351.526816845,30,1027,1027,-3.124139309,3.141592741,0.006106951,6.265732050,6.265732007,359.000002022,358.999999567,0.134632602,0.000131221,0.150000006,12.000000000,882,0.858812074,"laser_frame",true,15.337693490,1,FULL_REVOLUTION
1784821351.650076866,31,1025,1025,-3.124139309,3.141592741,0.006118879,6.265732050,6.265731812,359.000002022,358.999988361,0.121820256,0.000118965,0.150000006,12.000000000,878,0.856585366,"laser_frame",true,13.886324087,1,FULL_REVOLUTION
1784821351.783871889,32,1025,1025,-3.124139309,3.141592741,0.006118879,6.265732050,6.265731812,359.000002022,358.999988361,0.132232875,0.000129134,0.150000006,12.000000000,888,0.866341463,"laser_frame",true,12.609167641,1,FULL_REVOLUTION
1784821351.918824196,33,1025,1025,-3.124139309,3.141592741,0.006118879,6.265732050,6.265731812,359.000002022,358.999988361,0.133522958,0.000130394,0.150000006,12.000000000,883,0.861463415,"laser_frame",true,11.568977983,1,FULL_REVOLUTION
1784821352.041707993,34,1026,1026,-3.124139309,3.141592741,0.006112909,6.265732050,6.265731668,359.000002022,358.999980144,0.121992067,0.000119017,0.150000006,12.000000000,885,0.862573099,"laser_frame",true,10.882907957,1,FULL_REVOLUTION
1784821352.176816463,35,1024,1024,-3.124139309,3.141592741,0.006124860,6.265732050,6.265731925,359.000002022,358.999994844,0.134177089,0.000131160,0.150000006,12.000000000,875,0.854492188,"laser_frame",true,10.186908410,1,FULL_REVOLUTION
1784821352.311910391,36,1020,1020,-3.124139309,3.141592741,0.006148903,6.265732050,6.265731851,359.000002022,358.999990602,0.134167686,0.000131666,0.150000006,12.000000000,878,0.860784314,"laser_frame",true,9.629143640,1,FULL_REVOLUTION
1784821352.434641600,37,1019,1019,-3.124139309,3.141592741,0.006154943,6.265732050,6.265731762,359.000002022,358.999985533,0.121814743,0.000119661,0.150000006,12.000000000,878,0.861629048,"laser_frame",true,9.333510995,1,FULL_REVOLUTION
1784821352.569795847,38,1023,1023,-3.124139309,3.141592741,0.006130853,6.265732050,6.265731973,359.000002022,358.999997593,0.134223059,0.000131334,0.150000006,12.000000000,875,0.855327468,"laser_frame",true,8.946724559,1,FULL_REVOLUTION
1784821352.694322109,39,1022,1022,-3.124139309,3.141592741,0.006136858,6.265732050,6.265731920,359.000002022,358.999994604,0.123642087,0.000121099,0.150000006,12.000000000,871,0.852250489,"laser_frame",true,8.764175288,1,FULL_REVOLUTION
1784821352.827696800,40,1023,1023,-3.124139309,3.141592741,0.006130853,6.265732050,6.265731973,359.000002022,358.999997593,0.131819531,0.000128982,0.150000006,12.000000000,868,0.848484848,"laser_frame",true,8.508134068,1,FULL_REVOLUTION
1784821352.962900877,41,1023,1023,-3.124139309,3.141592741,0.006130853,6.265732050,6.265731973,359.000002022,358.999997593,0.134254515,0.000131365,0.150000006,12.000000000,879,0.859237537,"laser_frame",true,8.285770104,1,FULL_REVOLUTION
1784821353.086609602,42,1023,1023,-3.124139309,3.141592741,0.006130853,6.265732050,6.265731973,359.000002022,358.999997593,0.122728221,0.000120086,0.150000006,12.000000000,885,0.865102639,"laser_frame",true,8.232813794,1,FULL_REVOLUTION
1784821353.220811605,43,1024,1024,-3.124139309,3.141592741,0.006124860,6.265732050,6.265731925,359.000002022,358.999994844,0.131382287,0.000128428,0.150000006,12.000000000,878,0.857421875,"laser_frame",true,8.087813332,1,FULL_REVOLUTION
1784821353.356156349,44,1021,1021,-3.124139309,3.141592741,0.006142874,6.265732050,6.265731733,359.000002022,358.999983879,0.134152770,0.000131522,0.150000006,12.000000000,870,0.852105779,"laser_frame",true,7.938362671,1,FULL_REVOLUTION
1784821353.478758335,45,1018,1018,-3.124139309,3.141592741,0.006160995,6.265732050,6.265731907,359.000002022,358.999993804,0.121016778,0.000118994,0.150000006,12.000000000,884,0.868369352,"laser_frame",true,7.996046030,1,FULL_REVOLUTION
1784821353.613942862,46,1018,1018,-3.124139309,3.141592741,0.006160995,6.265732050,6.265731907,359.000002022,358.999993804,0.134130955,0.000131889,0.150000006,12.000000000,888,0.872298625,"laser_frame",true,7.876321878,1,FULL_REVOLUTION
1784821353.752518415,47,1019,1019,-3.124139309,3.141592741,0.006154943,6.265732050,6.265731762,359.000002022,358.999985533,0.137707248,0.000135272,0.150000006,12.000000000,882,0.865554465,"laser_frame",true,7.739950718,1,FULL_REVOLUTION
1784821353.871824741,48,1019,1019,-3.124139309,3.141592741,0.006154943,6.265732050,6.265731762,359.000002022,358.999985533,0.115153387,0.000113117,0.150000006,12.000000000,877,0.860647694,"laser_frame",true,7.873669553,1,FULL_REVOLUTION
1784821354.006803989,49,1020,1020,-3.124139309,3.141592741,0.006148903,6.265732050,6.265731851,359.000002022,358.999990602,0.134065583,0.000131566,0.150000006,12.000000000,874,0.856862745,"laser_frame",true,7.780553883,1,FULL_REVOLUTION
1784821354.129658222,50,1019,1019,-3.124139309,3.141592741,0.006154943,6.265732050,6.265731762,359.000002022,358.999985533,0.121923760,0.000119768,0.150000006,12.000000000,877,0.860647694,"laser_frame",true,7.852757010,1,FULL_REVOLUTION
1784821354.264708519,51,1020,1020,-3.124139309,3.141592741,0.006148903,6.265732050,6.265731851,359.000002022,358.999990602,0.134206071,0.000131704,0.150000006,12.000000000,875,0.857843137,"laser_frame",true,7.762850777,1,FULL_REVOLUTION
1784821354.399936914,52,1022,1022,-3.124139309,3.141592741,0.006136858,6.265732050,6.265731920,359.000002022,358.999994604,0.134348869,0.000131586,0.150000006,12.000000000,882,0.863013699,"laser_frame",true,7.689209024,1,FULL_REVOLUTION
1784821354.522691250,53,1022,1022,-3.124139309,3.141592741,0.006136858,6.265732050,6.265731920,359.000002022,358.999994604,0.121875279,0.000119369,0.150000006,12.000000000,891,0.871819961,"laser_frame",true,7.769359945,1,FULL_REVOLUTION
1784821354.657773495,54,1024,1024,-3.124139309,3.141592741,0.006124860,6.265732050,6.265731925,359.000002022,358.999994844,0.134258151,0.000131240,0.150000006,12.000000000,873,0.852539062,"laser_frame",true,7.705494360,1,FULL_REVOLUTION
1784821354.792941570,55,1023,1023,-3.124139309,3.141592741,0.006130853,6.265732050,6.265731973,359.000002022,358.999997593,0.134278908,0.000131388,0.150000006,12.000000000,877,0.857282502,"laser_frame",true,7.645061770,1,FULL_REVOLUTION
1784821354.915842295,56,1023,1023,-3.124139309,3.141592741,0.006130853,6.265732050,6.265731973,359.000002022,358.999997593,0.122054413,0.000119427,0.150000006,12.000000000,867,0.847507331,"laser_frame",true,7.728809899,1,FULL_REVOLUTION
1784821355.050812483,57,1023,1023,-3.124139309,3.141592741,0.006130853,6.265732050,6.265731973,359.000002022,358.999997593,0.133370593,0.000130500,0.150000006,12.000000000,868,0.848484848,"laser_frame",true,7.656216474,1,FULL_REVOLUTION
1784821355.185981750,58,1025,1025,-3.124139309,3.141592741,0.006118879,6.265732050,6.265731812,359.000002022,358.999988361,0.132545263,0.000129439,0.150000006,12.000000000,881,0.859512195,"laser_frame",true,7.625398543,1,FULL_REVOLUTION
1784821355.309946060,59,1024,1024,-3.124139309,3.141592741,0.006124860,6.265732050,6.265731925,359.000002022,358.999994844,0.123094395,0.000120327,0.150000006,12.000000000,880,0.859375000,"laser_frame",true,7.703927197,1,FULL_REVOLUTION
1784821355.443791389,60,1025,1025,-3.124139309,3.141592741,0.006118879,6.265732050,6.265731812,359.000002022,358.999988361,0.133020803,0.000129903,0.150000006,12.000000000,880,0.858536585,"laser_frame",true,7.665308904,1,FULL_REVOLUTION
1784821355.579010010,61,1023,1023,-3.124139309,3.141592741,0.006130853,6.265732050,6.265731973,359.000002022,358.999997593,0.134303421,0.000131412,0.150000006,12.000000000,884,0.864125122,"laser_frame",true,7.611669347,1,FULL_REVOLUTION
1784821355.702641726,62,1024,1024,-3.124139309,3.141592741,0.006124860,6.265732050,6.265731925,359.000002022,358.999994844,0.122759074,0.000119999,0.150000006,12.000000000,881,0.860351562,"laser_frame",true,7.705774834,1,FULL_REVOLUTION
1784821355.836977243,63,1024,1024,-3.124139309,3.141592741,0.006124860,6.265732050,6.265731925,359.000002022,358.999994844,0.133262500,0.000130266,0.150000006,12.000000000,878,0.857421875,"laser_frame",true,7.653937831,1,FULL_REVOLUTION
1784821355.972167730,64,1021,1021,-3.124139309,3.141592741,0.006142874,6.265732050,6.265731733,359.000002022,358.999983879,0.134109139,0.000131480,0.150000006,12.000000000,883,0.864838394,"laser_frame",true,7.602917693,1,FULL_REVOLUTION
1784821356.094826460,65,1019,1019,-3.124139309,3.141592741,0.006154943,6.265732050,6.265731762,359.000002022,358.999985533,0.121775523,0.000119622,0.150000006,12.000000000,875,0.858684985,"laser_frame",true,7.710683323,1,FULL_REVOLUTION
1784821356.229975224,66,1022,1022,-3.124139309,3.141592741,0.006136858,6.265732050,6.265731920,359.000002022,358.999994604,0.133621767,0.000130873,0.150000006,12.000000000,884,0.864970646,"laser_frame",true,7.648339335,1,FULL_REVOLUTION
1784821356.365966558,67,1023,1023,-3.124139309,3.141592741,0.006130853,6.265732050,6.265731973,359.000002022,358.999997593,0.134985954,0.000132080,0.150000006,12.000000000,883,0.863147605,"laser_frame",true,7.591472890,1,FULL_REVOLUTION
1784821356.488031149,68,1024,1024,-3.124139309,3.141592741,0.006124860,6.265732050,6.265731925,359.000002022,358.999994844,0.121184953,0.000118460,0.150000006,12.000000000,885,0.864257812,"laser_frame",true,7.709869043,1,FULL_REVOLUTION
1784821356.625205517,69,1025,1025,-3.124139309,3.141592741,0.006118879,6.265732050,6.265731812,359.000002022,358.999988361,0.136038706,0.000132850,0.150000006,12.000000000,883,0.861463415,"laser_frame",true,7.625865360,1,FULL_REVOLUTION
1784821356.758358479,70,1025,1025,-3.124139309,3.141592741,0.006118879,6.265732050,6.265731812,359.000002022,358.999988361,0.132038936,0.000128944,0.150000006,12.000000000,884,0.862439024,"laser_frame",true,7.584310179,1,FULL_REVOLUTION
1784821356.880998850,71,1028,1028,-3.124139309,3.141592741,0.006101005,6.265732050,6.265731908,359.000002022,358.999993911,0.118388042,0.000115276,0.150000006,12.000000000,882,0.857976654,"laser_frame",true,7.722557910,1,FULL_REVOLUTION
1784821357.015992403,72,1025,1025,-3.124139309,3.141592741,0.006118879,6.265732050,6.265731812,359.000002022,358.999988361,0.134082168,0.000130940,0.150000006,12.000000000,888,0.866341463,"laser_frame",true,7.659554081,1,FULL_REVOLUTION
1784821357.151086569,73,1021,1021,-3.124139309,3.141592741,0.006142874,6.265732050,6.265731733,359.000002022,358.999983879,0.134224594,0.000131593,0.150000006,12.000000000,881,0.862879530,"laser_frame",true,7.607947389,1,FULL_REVOLUTION
1784821357.273948669,74,1022,1022,-3.124139309,3.141592741,0.006136858,6.265732050,6.265731920,359.000002022,358.999994604,0.121913314,0.000119406,0.150000006,12.000000000,883,0.863992172,"laser_frame",true,7.703691065,1,FULL_REVOLUTION
1784821357.409020662,75,1023,1023,-3.124139309,3.141592741,0.006130853,6.265732050,6.265731973,359.000002022,358.999997593,0.132902354,0.000130041,0.150000006,12.000000000,887,0.867057674,"laser_frame",true,7.649522189,1,FULL_REVOLUTION
1784821357.544245243,76,1023,1023,-3.124139309,3.141592741,0.006130853,6.265732050,6.265731973,359.000002022,358.999997593,0.133282706,0.000130414,0.150000006,12.000000000,883,0.863147605,"laser_frame",true,7.599563224,1,FULL_REVOLUTION
1784821357.667107344,77,1021,1021,-3.124139309,3.141592741,0.006142874,6.265732050,6.265731733,359.000002022,358.999983879,0.121900484,0.000119510,0.150000006,12.000000000,871,0.853085211,"laser_frame",true,7.709219233,1,FULL_REVOLUTION
1784821357.804585695,78,1023,1023,-3.124139309,3.141592741,0.006130853,6.265732050,6.265731973,359.000002022,358.999997593,0.136570707,0.000133631,0.150000006,12.000000000,891,0.870967742,"laser_frame",true,7.616948899,1,FULL_REVOLUTION
1784821357.937266111,79,1027,1027,-3.124139309,3.141592741,0.006106951,6.265732050,6.265732007,359.000002022,358.999999567,0.131676137,0.000128339,0.150000006,12.000000000,880,0.856864654,"laser_frame",true,7.590507425,1,FULL_REVOLUTION
1784821358.061054707,80,1028,1028,-3.124139309,3.141592741,0.006101005,6.265732050,6.265731908,359.000002022,358.999993911,0.117486246,0.000114398,0.150000006,12.000000000,885,0.860894942,"laser_frame",true,7.698435275,1,FULL_REVOLUTION
1784821358.197303534,81,1031,1031,-3.124139309,3.141592741,0.006083235,6.265732050,6.265731719,359.000002022,358.999983078,0.132093623,0.000128246,0.150000006,12.000000000,885,0.858389913,"laser_frame",true,7.623787769,1,FULL_REVOLUTION
1784821358.330707312,82,1031,1031,-3.124139309,3.141592741,0.006083235,6.265732050,6.265731719,359.000002022,358.999983078,0.113394760,0.000110092,0.150000006,12.000000000,891,0.864209505,"laser_frame",true,7.557510501,1,FULL_REVOLUTION
1784821358.453028679,83,1030,1030,-3.124139309,3.141592741,0.006089147,6.265732050,6.265731969,359.000002022,358.999997406,0.116301782,0.000113024,0.150000006,12.000000000,890,0.864077670,"laser_frame",true,7.718688296,1,FULL_REVOLUTION
1784821358.588102579,84,1030,1030,-3.124139309,3.141592741,0.006089147,6.265732050,6.265731969,359.000002022,358.999997406,0.132751808,0.000129010,0.150000006,12.000000000,886,0.860194175,"laser_frame",true,7.676297450,1,FULL_REVOLUTION
1784821358.723261356,85,1028,1028,-3.124139309,3.141592741,0.006101005,6.265732050,6.265731908,359.000002022,358.999993911,0.133824065,0.000130306,0.150000006,12.000000000,884,0.859922179,"laser_frame",true,7.621041148,1,FULL_REVOLUTION
1784821358.858326674,86,1025,1025,-3.124139309,3.141592741,0.006118879,6.265732050,6.265731812,359.000002022,358.999988361,0.134202346,0.000131057,0.150000006,12.000000000,880,0.858536585,"laser_frame",true,7.576428146,1,FULL_REVOLUTION
1784821358.981152058,87,1027,1027,-3.124139309,3.141592741,0.006106951,6.265732050,6.265732007,359.000002022,358.999999567,0.121360578,0.000118285,0.150000006,12.000000000,879,0.855890944,"laser_frame",true,7.672457259,1,FULL_REVOLUTION
1784821359.116394043,88,1026,1026,-3.124139309,3.141592741,0.006112909,6.265732050,6.265731668,359.000002022,358.999980144,0.132272273,0.000129046,0.150000006,12.000000000,886,0.863547758,"laser_frame",true,7.631483749,1,FULL_REVOLUTION
1784821359.252207041,89,1027,1027,-3.124139309,3.141592741,0.006106951,6.265732050,6.265732007,359.000002022,358.999999567,0.134113595,0.000130715,0.150000006,12.000000000,878,0.854917235,"laser_frame",true,7.527640891,1,FULL_REVOLUTION
1784821359.374194145,90,1028,1028,-3.124139309,3.141592741,0.006101005,6.265732050,6.265731908,359.000002022,358.999993911,0.118368238,0.000115256,0.150000006,12.000000000,884,0.859922179,"laser_frame",true,7.722771712,1,FULL_REVOLUTION
1784821359.509596109,91,1030,1030,-3.124139309,3.141592741,0.006089147,6.265732050,6.265731969,359.000002022,358.999997406,0.132384717,0.000128654,0.150000006,12.000000000,890,0.864077670,"laser_frame",true,7.655804992,1,FULL_REVOLUTION
1784821359.644406080,92,1028,1028,-3.124139309,3.141592741,0.006101005,6.265732050,6.265731908,359.000002022,358.999993911,0.133844241,0.000130325,0.150000006,12.000000000,881,0.857003891,"laser_frame",true,7.597183278,1,FULL_REVOLUTION
1784821359.782523870,93,1029,1029,-3.124139309,3.141592741,0.006095070,6.265732050,6.265731884,359.000002022,358.999992523,0.133583546,0.000129945,0.150000006,12.000000000,889,0.863945578,"laser_frame",true,7.521186492,1,FULL_REVOLUTION
1784821359.904320717,94,1031,1031,-3.124139309,3.141592741,0.006083235,6.265732050,6.265731719,359.000002022,358.999983078,0.117732584,0.000114303,0.150000006,12.000000000,880,0.853540252,"laser_frame",true,7.640667576,1,FULL_REVOLUTION
1784821360.037554979,95,1031,1031,-3.124139309,3.141592741,0.006083235,6.265732050,6.265731719,359.000002022,358.999983078,0.126162022,0.000122487,0.150000006,12.000000000,880,0.853540252,"laser_frame",true,7.649963534,1,FULL_REVOLUTION
1784821360.172424078,96,1028,1028,-3.124139309,3.141592741,0.006101005,6.265732050,6.265731908,359.000002022,358.999993911,0.133917496,0.000130397,0.150000006,12.000000000,889,0.864785992,"laser_frame",true,7.604987804,1,FULL_REVOLUTION
1784821360.296274185,97,1028,1028,-3.124139309,3.141592741,0.006101005,6.265732050,6.265731908,359.000002022,358.999993911,0.122310728,0.000119095,0.150000006,12.000000000,884,0.859922179,"laser_frame",true,7.687752259,1,FULL_REVOLUTION
1784821360.430552483,98,1030,1030,-3.124139309,3.141592741,0.006089147,6.265732050,6.265731969,359.000002022,358.999997406,0.133418143,0.000129658,0.150000006,12.000000000,890,0.864077670,"laser_frame",true,7.649363502,1,FULL_REVOLUTION
1784821360.565558195,99,1028,1028,-3.124139309,3.141592741,0.006101005,6.265732050,6.265731908,359.000002022,358.999993911,0.134046748,0.000130523,0.150000006,12.000000000,884,0.859922179,"laser_frame",true,7.589204644,1,FULL_REVOLUTION
1784821360.701882362,100,1022,1022,-3.124139309,3.141592741,0.006136858,6.265732050,6.265731920,359.000002022,358.999994604,0.135055825,0.000132278,0.150000006,12.000000000,885,0.865949119,"laser_frame",true,7.534541493,1,FULL_REVOLUTION
1784821360.823522806,101,1021,1021,-3.124139309,3.141592741,0.006142874,6.265732050,6.265731733,359.000002022,358.999983879,0.119673841,0.000117327,0.150000006,12.000000000,888,0.869735553,"laser_frame",true,7.689235601,1,FULL_REVOLUTION
1784821360.958487034,102,1020,1020,-3.124139309,3.141592741,0.006148903,6.265732050,6.265731851,359.000002022,358.999990602,0.134000301,0.000131502,0.150000006,12.000000000,885,0.867647059,"laser_frame",true,7.633201219,1,FULL_REVOLUTION
1784821361.081499338,103,1022,1022,-3.124139309,3.141592741,0.006136858,6.265732050,6.265731920,359.000002022,358.999994604,0.122003831,0.000119494,0.150000006,12.000000000,890,0.870841487,"laser_frame",true,7.734438031,1,FULL_REVOLUTION
1784821361.216477156,104,1020,1020,-3.124139309,3.141592741,0.006148903,6.265732050,6.265731851,359.000002022,358.999990602,0.134144887,0.000131644,0.150000006,12.000000000,886,0.868627451,"laser_frame",true,7.669371210,1,FULL_REVOLUTION
1784821361.351527929,105,1020,1020,-3.124139309,3.141592741,0.006148903,6.265732050,6.265731851,359.000002022,358.999990602,0.134174645,0.000131673,0.150000006,12.000000000,886,0.868627451,"laser_frame",true,7.614535101,1,FULL_REVOLUTION
1784821361.474552393,106,1018,1018,-3.124139309,3.141592741,0.006160995,6.265732050,6.265731907,359.000002022,358.999993804,0.121934637,0.000119896,0.150000006,12.000000000,880,0.864440079,"laser_frame",true,7.719017619,1,FULL_REVOLUTION
1784821361.609613895,107,1017,1017,-3.124139309,3.141592741,0.006167059,6.265732050,6.265731774,359.000002022,358.999986227,0.134105802,0.000131994,0.150000006,12.000000000,887,0.872173058,"laser_frame",true,7.653890156,1,FULL_REVOLUTION
1784821361.732501507,108,1017,1017,-3.124139309,3.141592741,0.006167059,6.265732050,6.265731774,359.000002022,358.999986227,0.121860206,0.000119941,0.150000006,12.000000000,884,0.869223206,"laser_frame",true,7.752916541,1,FULL_REVOLUTION
1784821361.867610931,109,1018,1018,-3.124139309,3.141592741,0.006160995,6.265732050,6.265731907,359.000002022,358.999993804,0.134053141,0.000131812,0.150000006,12.000000000,888,0.872298625,"laser_frame",true,7.682234147,1,FULL_REVOLUTION
1784821362.002817392,110,1017,1017,-3.124139309,3.141592741,0.006167059,6.265732050,6.265731774,359.000002022,358.999986227,0.134220243,0.000132107,0.150000006,12.000000000,884,0.869223206,"laser_frame",true,7.619836403,1,FULL_REVOLUTION
1784821362.125490427,111,1017,1017,-3.124139309,3.141592741,0.006167059,6.265732050,6.265731774,359.000002022,358.999986227,0.120821886,0.000118919,0.150000006,12.000000000,876,0.861356932,"laser_frame",true,7.732208248,1,FULL_REVOLUTION
1784821362.260475159,112,1018,1018,-3.124139309,3.141592741,0.006160995,6.265732050,6.265731907,359.000002022,358.999993804,0.134082660,0.000131841,0.150000006,12.000000000,882,0.866404715,"laser_frame",true,7.666813672,1,FULL_REVOLUTION
1784821362.383272171,113,1022,1022,-3.124139309,3.141592741,0.006136858,6.265732050,6.265731920,359.000002022,358.999994604,0.121925458,0.000119418,0.150000006,12.000000000,884,0.864970646,"laser_frame",true,7.762657104,1,FULL_REVOLUTION
1784821362.518431664,114,1023,1023,-3.124139309,3.141592741,0.006130853,6.265732050,6.265731973,359.000002022,358.999997593,0.134283915,0.000131393,0.150000006,12.000000000,884,0.864125122,"laser_frame",true,7.690635128,1,FULL_REVOLUTION
1784821362.653516293,115,1023,1023,-3.124139309,3.141592741,0.006130853,6.265732050,6.265731973,359.000002022,358.999997593,0.134147987,0.000131260,0.150000006,12.000000000,879,0.859237537,"laser_frame",true,7.632194615,1,FULL_REVOLUTION
1784821362.776841879,116,1024,1024,-3.124139309,3.141592741,0.006124860,6.265732050,6.265731925,359.000002022,358.999994844,0.122381479,0.000119630,0.150000006,12.000000000,878,0.857421875,"laser_frame",true,7.724520426,1,FULL_REVOLUTION
1784821362.911530256,117,1024,1024,-3.124139309,3.141592741,0.006124860,6.265732050,6.265731925,359.000002022,358.999994844,0.133738428,0.000130732,0.150000006,12.000000000,879,0.858398438,"laser_frame",true,7.667425862,1,FULL_REVOLUTION
1784821363.046570539,118,1024,1024,-3.124139309,3.141592741,0.006124860,6.265732050,6.265731925,359.000002022,358.999994844,0.134098813,0.000131084,0.150000006,12.000000000,885,0.864257812,"laser_frame",true,7.614669467,1,FULL_REVOLUTION
1784821363.169399738,119,1021,1021,-3.124139309,3.141592741,0.006142874,6.265732050,6.265731733,359.000002022,358.999983879,0.121854924,0.000119466,0.150000006,12.000000000,878,0.859941234,"laser_frame",true,7.720876300,1,FULL_REVOLUTION
1784821363.304610729,120,1020,1020,-3.124139309,3.141592741,0.006148903,6.265732050,6.265731851,359.000002022,358.999990602,0.134245500,0.000131742,0.150000006,12.000000000,872,0.854901961,"laser_frame",true,7.655261937,1,FULL_REVOLUTION
1784821363.439625978,121,1018,1018,-3.124139309,3.141592741,0.006160995,6.265732050,6.265731907,359.000002022,358.999993804,0.134012863,0.000131773,0.150000006,12.000000000,876,0.860510806,"laser_frame",true,7.606316700,1,FULL_REVOLUTION
1784821363.562396049,122,1019,1019,-3.124139309,3.141592741,0.006154943,6.265732050,6.265731762,359.000002022,358.999985533,0.121883184,0.000119728,0.150000006,12.000000000,875,0.858684985,"laser_frame",true,7.713248476,1,FULL_REVOLUTION
1784821363.697665691,123,1020,1020,-3.124139309,3.141592741,0.006148903,6.265732050,6.265731851,359.000002022,358.999990602,0.134298697,0.000131795,0.150000006,12.000000000,872,0.854901961,"laser_frame",true,7.648920454,1,FULL_REVOLUTION
1784821363.832621098,124,1019,1019,-3.124139309,3.141592741,0.006154943,6.265732050,6.265731762,359.000002022,358.999985533,0.133995131,0.000131626,0.150000006,12.000000000,875,0.858684985,"laser_frame",true,7.602643590,1,FULL_REVOLUTION
1784821363.955603123,125,1019,1019,-3.124139309,3.141592741,0.006154943,6.265732050,6.265731762,359.000002022,358.999985533,0.121997871,0.000119841,0.150000006,12.000000000,874,0.857703631,"laser_frame",true,7.704924368,1,FULL_REVOLUTION
1784821364.090844631,126,1019,1019,-3.124139309,3.141592741,0.006154943,6.265732050,6.265731762,359.000002022,358.999985533,0.133993909,0.000131625,0.150000006,12.000000000,878,0.861629048,"laser_frame",true,7.640685075,1,FULL_REVOLUTION
1784821364.213494539,127,1018,1018,-3.124139309,3.141592741,0.006160995,6.265732050,6.265731907,359.000002022,358.999993804,0.121325403,0.000119297,0.150000006,12.000000000,887,0.871316306,"laser_frame",true,7.747588440,1,FULL_REVOLUTION
1784821364.348775864,128,1017,1017,-3.124139309,3.141592741,0.006167059,6.265732050,6.265731774,359.000002022,358.999986227,0.134206384,0.000132093,0.150000006,12.000000000,877,0.862340216,"laser_frame",true,6.744925926,1,FULL_REVOLUTION
1784821364.580716133,129,1017,1017,-3.124139309,3.141592741,0.006167059,6.265732050,6.265731774,359.000002022,358.999986227,0.000005981,0.000000006,0.150000006,12.000000000,869,0.854473943,"laser_frame",true,97.904633088,1,FULL_REVOLUTION
1784821364.606457233,130,1017,1017,-3.124139309,3.141592741,0.006167059,6.265732050,6.265731774,359.000002022,358.999986227,0.024158668,0.000023778,0.150000006,12.000000000,867,0.852507375,"laser_frame",true,86.295669714,1,FULL_REVOLUTION
1784821364.741606951,131,1020,1020,-3.124139309,3.141592741,0.006148903,6.265732050,6.265731851,359.000002022,358.999990602,0.134159222,0.000131658,0.150000006,12.000000000,877,0.859803922,"laser_frame",true,70.515372556,1,FULL_REVOLUTION
1784821364.864661455,132,1020,1020,-3.124139309,3.141592741,0.006148903,6.265732050,6.265731851,359.000002022,358.999990602,0.121881820,0.000119609,0.150000006,12.000000000,876,0.858823529,"laser_frame",true,58.039528721,1,FULL_REVOLUTION
1784821364.999431849,133,1024,1024,-3.124139309,3.141592741,0.006124860,6.265732050,6.265731925,359.000002022,358.999994844,0.131823704,0.000128860,0.150000006,12.000000000,877,0.856445312,"laser_frame",true,47.913728425,1,FULL_REVOLUTION
1784821365.134633064,134,1024,1024,-3.124139309,3.141592741,0.006124860,6.265732050,6.265731925,359.000002022,358.999994844,0.134172365,0.000131156,0.150000006,12.000000000,886,0.865234375,"laser_frame",true,39.803700222,1,FULL_REVOLUTION
1784821365.257852316,135,1023,1023,-3.124139309,3.141592741,0.006130853,6.265732050,6.265731973,359.000002022,358.999997593,0.120326407,0.000117736,0.150000006,12.000000000,878,0.858260020,"laser_frame",true,33.475154572,1,FULL_REVOLUTION
1784821365.392452717,136,1024,1024,-3.124139309,3.141592741,0.006124860,6.265732050,6.265731925,359.000002022,358.999994844,0.133669466,0.000130664,0.150000006,12.000000000,873,0.852539062,"laser_frame",true,28.267301305,1,FULL_REVOLUTION
1784821365.527606487,137,1024,1024,-3.124139309,3.141592741,0.006124860,6.265732050,6.265731925,359.000002022,358.999994844,0.134289593,0.000131270,0.150000006,12.000000000,892,0.871093750,"laser_frame",true,24.093018832,1,FULL_REVOLUTION
1784821365.651682377,138,1023,1023,-3.124139309,3.141592741,0.006130853,6.265732050,6.265731973,359.000002022,358.999997593,0.123176381,0.000120525,0.150000006,12.000000000,885,0.865102639,"laser_frame",true,20.826763447,1,FULL_REVOLUTION
1784821365.785628080,139,1024,1024,-3.124139309,3.141592741,0.006124860,6.265732050,6.265731925,359.000002022,358.999994844,0.129047930,0.000126147,0.150000006,12.000000000,883,0.862304688,"laser_frame",true,18.205435882,1,FULL_REVOLUTION
1784821365.920648098,140,1023,1023,-3.124139309,3.141592741,0.006130853,6.265732050,6.265731973,359.000002022,358.999997593,0.133030310,0.000130167,0.150000006,12.000000000,885,0.865102639,"laser_frame",true,16.041509197,1,FULL_REVOLUTION
1784821366.043498039,141,1022,1022,-3.124139309,3.141592741,0.006136858,6.265732050,6.265731920,359.000002022,358.999994604,0.121816143,0.000119311,0.150000006,12.000000000,880,0.861056751,"laser_frame",true,14.471281790,1,FULL_REVOLUTION
1784821366.178543806,142,1024,1024,-3.124139309,3.141592741,0.006124860,6.265732050,6.265731925,359.000002022,358.999994844,0.134102911,0.000131088,0.150000006,12.000000000,880,0.859375000,"laser_frame",true,13.048281076,1,FULL_REVOLUTION
1784821366.313908577,143,1025,1025,-3.124139309,3.141592741,0.006118879,6.265732050,6.265731812,359.000002022,358.999988361,0.133109570,0.000129990,0.150000006,12.000000000,881,0.859512195,"laser_frame",true,11.923680564,1,FULL_REVOLUTION
1784821366.436495066,144,1027,1027,-3.124139309,3.141592741,0.006106951,6.265732050,6.265732007,359.000002022,358.999999567,0.121579118,0.000118498,0.150000006,12.000000000,879,0.855890944,"laser_frame",true,11.138453389,1,FULL_REVOLUTION
1784821366.572655678,145,1028,1028,-3.124139309,3.141592741,0.006101005,6.265732050,6.265731908,359.000002022,358.999993911,0.134109944,0.000130584,0.150000006,12.000000000,891,0.866731518,"laser_frame",true,10.407650315,1,FULL_REVOLUTION
1784821366.707803488,146,1029,1029,-3.124139309,3.141592741,0.006095070,6.265732050,6.265731884,359.000002022,358.999992523,0.133901387,0.000130254,0.150000006,12.000000000,881,0.856171040,"laser_frame",true,9.807456694,1,FULL_REVOLUTION
1784821366.841794014,147,1029,1029,-3.124139309,3.141592741,0.006095070,6.265732050,6.265731884,359.000002022,358.999992523,0.132969901,0.000129348,0.150000006,12.000000000,882,0.857142857,"laser_frame",true,9.336004429,1,FULL_REVOLUTION
1784821366.964564562,148,1027,1027,-3.124139309,3.141592741,0.006106951,6.265732050,6.265732007,359.000002022,358.999999567,0.121583134,0.000118502,0.150000006,12.000000000,890,0.866601753,"laser_frame",true,9.100945817,1,FULL_REVOLUTION
1784821367.099690437,149,1025,1025,-3.124139309,3.141592741,0.006118879,6.265732050,6.265731812,359.000002022,358.999988361,0.134155244,0.000131011,0.150000006,12.000000000,889,0.867317073,"laser_frame",true,8.759928699,1,FULL_REVOLUTION
1784821367.234788895,150,1025,1025,-3.124139309,3.141592741,0.006118879,6.265732050,6.265731812,359.000002022,358.999988361,0.134202346,0.000131057,0.150000006,12.000000000,886,0.864390244,"laser_frame",true,8.489354715,1,FULL_REVOLUTION
1784821367.357716799,151,1024,1024,-3.124139309,3.141592741,0.006124860,6.265732050,6.265731925,359.000002022,358.999994844,0.121372342,0.000118644,0.150000006,12.000000000,877,0.856445312,"laser_frame",true,8.417733168,1,FULL_REVOLUTION
1784821367.492884874,152,1022,1022,-3.124139309,3.141592741,0.006136858,6.265732050,6.265731920,359.000002022,358.999994604,0.134097770,0.000131340,0.150000006,12.000000000,886,0.866927593,"laser_frame",true,8.214617053,1,FULL_REVOLUTION
1784821367.628067732,153,1019,1019,-3.124139309,3.141592741,0.006154943,6.265732050,6.265731762,359.000002022,358.999985533,0.134054288,0.000131684,0.150000006,12.000000000,882,0.865554465,"laser_frame",true,8.051260367,1,FULL_REVOLUTION
1784821367.750664949,154,1019,1019,-3.124139309,3.141592741,0.006154943,6.265732050,6.265731762,359.000002022,358.999985533,0.121736586,0.000119584,0.150000006,12.000000000,880,0.863591757,"laser_frame",true,8.056699290,1,FULL_REVOLUTION
1784821367.885914087,155,1022,1022,-3.124139309,3.141592741,0.006136858,6.265732050,6.265731920,359.000002022,358.999994604,0.134236708,0.000131476,0.150000006,12.000000000,882,0.863013699,"laser_frame",true,7.936746597,1,FULL_REVOLUTION
1784821368.008691311,156,1020,1020,-3.124139309,3.141592741,0.006148903,6.265732050,6.265731851,359.000002022,358.999990602,0.121842235,0.000119570,0.150000006,12.000000000,877,0.859803922,"laser_frame",true,7.977346694,1,FULL_REVOLUTION
1784821368.143831491,157,1019,1019,-3.124139309,3.141592741,0.006154943,6.265732050,6.265731762,359.000002022,358.999985533,0.134137899,0.000131766,0.150000006,12.000000000,872,0.855740922,"laser_frame",true,7.861445022,1,FULL_REVOLUTION
1784821368.279710531,158,1020,1020,-3.124139309,3.141592741,0.006148903,6.265732050,6.265731851,359.000002022,358.999990602,0.134988025,0.000132471,0.150000006,12.000000000,867,0.850000000,"laser_frame",true,7.704824277,1,FULL_REVOLUTION
1784821368.403511763,159,1022,1022,-3.124139309,3.141592741,0.006136858,6.265732050,6.265731920,359.000002022,358.999994604,0.117822044,0.000115399,0.150000006,12.000000000,878,0.859099804,"laser_frame",true,7.853058383,1,FULL_REVOLUTION
1784821368.537452459,160,1023,1023,-3.124139309,3.141592741,0.006130853,6.265732050,6.265731973,359.000002022,358.999997593,0.132750213,0.000129893,0.150000006,12.000000000,875,0.855327468,"laser_frame",true,7.769261945,1,FULL_REVOLUTION
1784821368.672293901,161,1026,1026,-3.124139309,3.141592741,0.006112909,6.265732050,6.265731668,359.000002022,358.999980144,0.133011490,0.000129767,0.150000006,12.000000000,892,0.869395712,"laser_frame",true,7.693384504,1,FULL_REVOLUTION
1784821368.794640779,162,1027,1027,-3.124139309,3.141592741,0.006106951,6.265732050,6.265732007,359.000002022,358.999999567,0.120396882,0.000117346,0.150000006,12.000000000,889,0.865628043,"laser_frame",true,7.803969581,1,FULL_REVOLUTION
1784821368.932495117,163,1029,1029,-3.124139309,3.141592741,0.006095070,6.265732050,6.265731884,359.000002022,358.999992523,0.136983961,0.000133253,0.150000006,12.000000000,889,0.863945578,"laser_frame",true,7.694182246,1,FULL_REVOLUTION
1784821369.064957380,164,1028,1028,-3.124139309,3.141592741,0.006101005,6.265732050,6.265731908,359.000002022,358.999993911,0.131527230,0.000128069,0.150000006,12.000000000,878,0.854085603,"laser_frame",true,7.663715351,1,FULL_REVOLUTION
1784821369.188145638,165,1028,1028,-3.124139309,3.141592741,0.006101005,6.265732050,6.265731908,359.000002022,358.999993911,0.122263417,0.000119049,0.150000006,12.000000000,877,0.853112840,"laser_frame",true,7.747861268,1,FULL_REVOLUTION
1784821369.322872877,166,1028,1028,-3.124139309,3.141592741,0.006101005,6.265732050,6.265731908,359.000002022,358.999993911,0.133763939,0.000130247,0.150000006,12.000000000,879,0.855058366,"laser_frame",true,7.689792204,1,FULL_REVOLUTION
1784821369.458083868,167,1023,1023,-3.124139309,3.141592741,0.006130853,6.265732050,6.265731973,359.000002022,358.999997593,0.134159073,0.000131271,0.150000006,12.000000000,886,0.866080156,"laser_frame",true,7.631270225,1,FULL_REVOLUTION
1784821369.584368229,168,1023,1023,-3.124139309,3.141592741,0.006130853,6.265732050,6.265731973,359.000002022,358.999997593,0.122272030,0.000119640,0.150000006,12.000000000,867,0.847507331,"laser_frame",true,7.648634318,1,FULL_REVOLUTION
1784821369.716575861,169,1025,1025,-3.124139309,3.141592741,0.006118879,6.265732050,6.265731812,359.000002022,358.999988361,0.131396949,0.000128317,0.150000006,12.000000000,879,0.857560976,"laser_frame",true,7.637585097,1,FULL_REVOLUTION
1784821369.851633310,170,1027,1027,-3.124139309,3.141592741,0.006106951,6.265732050,6.265732007,359.000002022,358.999999567,0.130943567,0.000127625,0.150000006,12.000000000,873,0.850048685,"laser_frame",true,7.605701318,1,FULL_REVOLUTION
1784821369.987040281,171,1028,1028,-3.124139309,3.141592741,0.006101005,6.265732050,6.265731908,359.000002022,358.999993911,0.131309673,0.000127858,0.150000006,12.000000000,881,0.857003891,"laser_frame",true,7.577495556,1,FULL_REVOLUTION
1784821370.108910561,172,1028,1028,-3.124139309,3.141592741,0.006101005,6.265732050,6.265731908,359.000002022,358.999993911,0.120539889,0.000117371,0.150000006,12.000000000,885,0.860894942,"laser_frame",true,7.700725445,1,FULL_REVOLUTION
1784821370.245624304,173,1027,1027,-3.124139309,3.141592741,0.006106951,6.265732050,6.265732007,359.000002022,358.999999567,0.135714307,0.000132275,0.150000006,12.000000000,882,0.858812074,"laser_frame",true,6.660591445,1,FULL_REVOLUTION
1784821370.508876324,174,1023,1023,-3.124139309,3.141592741,0.006130853,6.265732050,6.265731973,359.000002022,358.999997593,0.000006648,0.000000007,0.150000006,12.000000000,867,0.847507331,"laser_frame",true,516.248102943,1,FULL_REVOLUTION
1784821370.637903452,175,1023,1023,-3.124139309,3.141592741,0.006130853,6.265732050,6.265731973,359.000002022,358.999997593,0.127351671,0.000124610,0.150000006,12.000000000,887,0.867057674,"laser_frame",true,414.542633222,1,FULL_REVOLUTION
1784821370.773664951,176,1025,1025,-3.124139309,3.141592741,0.006118879,6.265732050,6.265731812,359.000002022,358.999988361,0.134664640,0.000131508,0.150000006,12.000000000,889,0.867317073,"laser_frame",true,333.119238778,1,FULL_REVOLUTION
1784821370.895070553,177,1023,1023,-3.124139309,3.141592741,0.006130853,6.265732050,6.265731973,359.000002022,358.999997593,0.120437019,0.000117844,0.150000006,12.000000000,883,0.863147605,"laser_frame",true,268.143099132,1,FULL_REVOLUTION
1784821371.030169249,178,1021,1021,-3.124139309,3.141592741,0.006142874,6.265732050,6.265731733,359.000002022,358.999983879,0.134087071,0.000131458,0.150000006,12.000000000,877,0.858961802,"laser_frame",true,215.989251894,1,FULL_REVOLUTION
1784821371.165214777,179,1020,1020,-3.124139309,3.141592741,0.006148903,6.265732050,6.265731851,359.000002022,358.999990602,0.133641392,0.000131150,0.150000006,12.000000000,880,0.862745098,"laser_frame",true,174.277490058,1,FULL_REVOLUTION
1784821371.288071871,180,1018,1018,-3.124139309,3.141592741,0.006160995,6.265732050,6.265731907,359.000002022,358.999993804,0.121850051,0.000119813,0.150000006,12.000000000,879,0.863457760,"laser_frame",true,141.050001639,1,FULL_REVOLUTION
1784821371.423244476,181,1018,1018,-3.124139309,3.141592741,0.006160995,6.265732050,6.265731907,359.000002022,358.999993804,0.134083822,0.000131843,0.150000006,12.000000000,879,0.863457760,"laser_frame",true,114.319254851,1,FULL_REVOLUTION
1784821371.545904398,182,1018,1018,-3.124139309,3.141592741,0.006160995,6.265732050,6.265731907,359.000002022,358.999993804,0.121302500,0.000119275,0.150000006,12.000000000,875,0.859528487,"laser_frame",true,93.080139400,1,FULL_REVOLUTION
1784821371.681046486,183,1022,1022,-3.124139309,3.141592741,0.006136858,6.265732050,6.265731920,359.000002022,358.999994604,0.134093285,0.000131335,0.150000006,12.000000000,887,0.867906067,"laser_frame",true,75.949531278,1,FULL_REVOLUTION
1784821371.816121101,184,1019,1019,-3.124139309,3.141592741,0.006154943,6.265732050,6.265731762,359.000002022,358.999985533,0.134137586,0.000131766,0.150000006,12.000000000,879,0.862610402,"laser_frame",true,62.239639360,1,FULL_REVOLUTION
1784821371.938960075,185,1018,1018,-3.124139309,3.141592741,0.006160995,6.265732050,6.265731907,359.000002022,358.999993804,0.121401556,0.000119372,0.150000006,12.000000000,871,0.855599214,"laser_frame",true,51.417994234,1,FULL_REVOLUTION
1784821372.077402115,186,1023,1023,-3.124139309,3.141592741,0.006130853,6.265732050,6.265731973,359.000002022,358.999997593,0.135496899,0.000132580,0.150000006,12.000000000,876,0.856304985,"laser_frame",true,42.565421803,1,FULL_REVOLUTION
1784821372.209136963,187,1023,1023,-3.124139309,3.141592741,0.006130853,6.265732050,6.265731973,359.000002022,358.999997593,0.130350098,0.000127544,0.150000006,12.000000000,893,0.872922776,"laser_frame",true,35.587778308,1,FULL_REVOLUTION
1784821372.332013607,188,1023,1023,-3.124139309,3.141592741,0.006130853,6.265732050,6.265731973,359.000002022,358.999997593,0.121916480,0.000119292,0.150000006,12.000000000,880,0.860215054,"laser_frame",true,30.098846943,1,FULL_REVOLUTION
1784821372.467270851,189,1022,1022,-3.124139309,3.141592741,0.006136858,6.265732050,6.265731920,359.000002022,358.999994604,0.134200200,0.000131440,0.150000006,12.000000000,886,0.866927593,"laser_frame",true,25.557379766,1,FULL_REVOLUTION
1784821372.590610027,190,1020,1020,-3.124139309,3.141592741,0.006148903,6.265732050,6.265731851,359.000002022,358.999990602,0.122366615,0.000120085,0.150000006,12.000000000,879,0.861764706,"laser_frame",true,22.067864407,1,FULL_REVOLUTION
1784821372.726485968,191,1022,1022,-3.124139309,3.141592741,0.006136858,6.265732050,6.265731920,359.000002022,358.999994604,0.135005087,0.000132228,0.150000006,12.000000000,881,0.862035225,"laser_frame",true,19.121344379,1,FULL_REVOLUTION
1784821372.861364126,192,1025,1025,-3.124139309,3.141592741,0.006118879,6.265732050,6.265731812,359.000002022,358.999988361,0.129999354,0.000126952,0.150000006,12.000000000,891,0.869268293,"laser_frame",true,16.758646843,1,FULL_REVOLUTION
1784821372.995781422,193,1027,1027,-3.124139309,3.141592741,0.006106951,6.265732050,6.265732007,359.000002022,358.999999567,0.131148934,0.000127825,0.150000006,12.000000000,872,0.849074976,"laser_frame",true,14.866088128,1,FULL_REVOLUTION
1784821373.118231058,194,1030,1030,-3.124139309,3.141592741,0.006089147,6.265732050,6.265731969,359.000002022,358.999997406,0.119090430,0.000115734,0.150000006,12.000000000,882,0.856310680,"laser_frame",true,13.588892915,1,FULL_REVOLUTION
1784821373.253214836,195,1030,1030,-3.124139309,3.141592741,0.006089147,6.265732050,6.265731969,359.000002022,358.999997406,0.134024397,0.000130247,0.150000006,12.000000000,886,0.860194175,"laser_frame",true,12.342601029,1,FULL_REVOLUTION
1784821373.389693499,196,1031,1031,-3.124139309,3.141592741,0.006083235,6.265732050,6.265731719,359.000002022,358.999983078,0.134257317,0.000130347,0.150000006,12.000000000,881,0.854510184,"laser_frame",true,11.335362189,1,FULL_REVOLUTION
1784821373.512452841,197,1029,1029,-3.124139309,3.141592741,0.006095070,6.265732050,6.265731884,359.000002022,358.999992523,0.119172789,0.000115927,0.150000006,12.000000000,869,0.844509232,"laser_frame",true,10.717089964,1,FULL_REVOLUTION
1784821373.649219513,198,1030,1030,-3.124139309,3.141592741,0.006089147,6.265732050,6.265731969,359.000002022,358.999997406,0.132181644,0.000128456,0.150000006,12.000000000,871,0.845631068,"laser_frame",true,10.036852532,1,FULL_REVOLUTION
1784821373.781356812,199,1030,1030,-3.124139309,3.141592741,0.006089147,6.265732050,6.265731969,359.000002022,358.999997406,0.130753681,0.000127069,0.150000006,12.000000000,881,0.855339806,"laser_frame",true,9.544732755,1,FULL_REVOLUTION
1784821373.920427799,200,1029,1029,-3.124139309,3.141592741,0.006095070,6.265732050,6.265731884,359.000002022,358.999992523,0.136389688,0.000132675,0.150000006,12.000000000,880,0.855199223,"laser_frame",true,9.064684116,1,FULL_REVOLUTION
1784821374.039299250,201,1028,1028,-3.124139309,3.141592741,0.006101005,6.265732050,6.265731908,359.000002022,358.999993911,0.115792289,0.000112748,0.150000006,12.000000000,872,0.848249027,"laser_frame",true,8.944496688,1,FULL_REVOLUTION
1784821374.174292326,202,1028,1028,-3.124139309,3.141592741,0.006101005,6.265732050,6.265731908,359.000002022,358.999993911,0.133882970,0.000130363,0.150000006,12.000000000,885,0.860894942,"laser_frame",true,8.636763212,1,FULL_REVOLUTION
1784821374.309354067,203,1029,1029,-3.124139309,3.141592741,0.006095070,6.265732050,6.265731884,359.000002022,358.999992523,0.133393794,0.000129761,0.150000006,12.000000000,877,0.852283771,"laser_frame",true,8.392437288,1,FULL_REVOLUTION
1784821374.432245731,204,1028,1028,-3.124139309,3.141592741,0.006101005,6.265732050,6.265731908,359.000002022,358.999993911,0.121383347,0.000118192,0.150000006,12.000000000,879,0.855058366,"laser_frame",true,8.343519161,1,FULL_REVOLUTION
1784821374.567362309,205,1027,1027,-3.124139309,3.141592741,0.006106951,6.265732050,6.265732007,359.000002022,358.999999567,0.134123534,0.000130725,0.150000006,12.000000000,865,0.842259007,"laser_frame",true,8.149615115,1,FULL_REVOLUTION
1784821374.704501152,206,1026,1026,-3.124139309,3.141592741,0.006112909,6.265732050,6.265731668,359.000002022,358.999980144,0.133779630,0.000130517,0.150000006,12.000000000,866,0.844054581,"laser_frame",true,7.966572616,1,FULL_REVOLUTION
1784821374.837847471,207,1027,1027,-3.124139309,3.141592741,0.006106951,6.265732050,6.265732007,359.000002022,358.999999567,0.130668476,0.000127357,0.150000006,12.000000000,871,0.848101266,"laser_frame",true,7.882330117,1,FULL_REVOLUTION
1784821374.960395813,208,1030,1030,-3.124139309,3.141592741,0.006089147,6.265732050,6.265731969,359.000002022,358.999997406,0.120926708,0.000117519,0.150000006,12.000000000,870,0.844660194,"laser_frame",true,7.944479508,1,FULL_REVOLUTION
1784821375.095676184,209,1027,1027,-3.124139309,3.141592741,0.006106951,6.265732050,6.265732007,359.000002022,358.999999567,0.134302333,0.000130899,0.150000006,12.000000000,873,0.850048685,"laser_frame",true,7.826681198,1,FULL_REVOLUTION
1784821375.232313633,210,1026,1026,-3.124139309,3.141592741,0.006112909,6.265732050,6.265731668,359.000002022,358.999980144,0.134155244,0.000130883,0.150000006,12.000000000,874,0.851851852,"laser_frame",true,7.734808430,1,FULL_REVOLUTION
1784821375.353547096,211,1028,1028,-3.124139309,3.141592741,0.006101005,6.265732050,6.265731908,359.000002022,358.999993911,0.118793413,0.000115670,0.150000006,12.000000000,871,0.847276265,"laser_frame",true,7.813318643,1,FULL_REVOLUTION
1784821375.489680052,212,1029,1029,-3.124139309,3.141592741,0.006095070,6.265732050,6.265731884,359.000002022,358.999992523,0.133422151,0.000129788,0.150000006,12.000000000,872,0.847424684,"laser_frame",true,7.725490688,1,FULL_REVOLUTION
1784821375.624960184,213,1030,1030,-3.124139309,3.141592741,0.006089147,6.265732050,6.265731969,359.000002022,358.999997406,0.133248791,0.000129493,0.150000006,12.000000000,877,0.851456311,"laser_frame",true,7.671663063,1,FULL_REVOLUTION
1784821375.758671284,214,1030,1030,-3.124139309,3.141592741,0.006089147,6.265732050,6.265731969,359.000002022,358.999997406,0.132092237,0.000128370,0.150000006,12.000000000,879,0.853398058,"laser_frame",true,7.630226616,1,FULL_REVOLUTION
1784821375.881532907,215,1028,1028,-3.124139309,3.141592741,0.006101005,6.265732050,6.265731908,359.000002022,358.999993911,0.121468611,0.000118275,0.150000006,12.000000000,876,0.852140078,"laser_frame",true,7.736947928,1,FULL_REVOLUTION
1784821376.016503096,216,1028,1028,-3.124139309,3.141592741,0.006101005,6.265732050,6.265731908,359.000002022,358.999993911,0.133991390,0.000130469,0.150000006,12.000000000,872,0.848249027,"laser_frame",true,7.671974470,1,FULL_REVOLUTION
1784821376.152219057,217,1027,1027,-3.124139309,3.141592741,0.006106951,6.265732050,6.265732007,359.000002022,358.999999567,0.133298889,0.000129921,0.150000006,12.000000000,872,0.849074976,"laser_frame",true,7.595257523,1,FULL_REVOLUTION
1784821376.274579525,218,1025,1025,-3.124139309,3.141592741,0.006118879,6.265732050,6.265731812,359.000002022,358.999988361,0.119406670,0.000116608,0.150000006,12.000000000,861,0.840000000,"laser_frame",true,7.729797421,1,FULL_REVOLUTION
1784821376.409663439,219,1022,1022,-3.124139309,3.141592741,0.006136858,6.265732050,6.265731920,359.000002022,358.999994604,0.133522049,0.000130776,0.150000006,12.000000000,869,0.850293542,"laser_frame",true,7.665152611,1,FULL_REVOLUTION
1784821376.544735193,220,1021,1021,-3.124139309,3.141592741,0.006142874,6.265732050,6.265731733,359.000002022,358.999983879,0.134093210,0.000131464,0.150000006,12.000000000,862,0.844270323,"laser_frame",true,7.612160883,1,FULL_REVOLUTION
1784821376.667535305,221,1018,1018,-3.124139309,3.141592741,0.006160995,6.265732050,6.265731907,359.000002022,358.999993804,0.121874988,0.000119838,0.150000006,12.000000000,866,0.850687623,"laser_frame",true,7.719126603,1,FULL_REVOLUTION
1784821376.802586555,222,1022,1022,-3.124139309,3.141592741,0.006136858,6.265732050,6.265731920,359.000002022,358.999994604,0.134144083,0.000131385,0.150000006,12.000000000,865,0.846379648,"laser_frame",true,7.656019657,1,FULL_REVOLUTION
1784821376.925634384,223,1020,1020,-3.124139309,3.141592741,0.006148903,6.265732050,6.265731851,359.000002022,358.999990602,0.122060008,0.000119784,0.150000006,12.000000000,865,0.848039216,"laser_frame",true,7.749722887,1,FULL_REVOLUTION
1784821377.060808182,224,1024,1024,-3.124139309,3.141592741,0.006124860,6.265732050,6.265731925,359.000002022,358.999994844,0.129802004,0.000126884,0.150000006,12.000000000,873,0.852539062,"laser_frame",true,7.673415120,1,FULL_REVOLUTION
1784821377.196575642,225,1027,1027,-3.124139309,3.141592741,0.006106951,6.265732050,6.265732007,359.000002022,358.999999567,0.133715332,0.000130327,0.150000006,12.000000000,867,0.844206426,"laser_frame",true,7.592393281,1,FULL_REVOLUTION
1784821377.331469297,226,1028,1028,-3.124139309,3.141592741,0.006101005,6.265732050,6.265731908,359.000002022,358.999993911,0.131153107,0.000127705,0.150000006,12.000000000,869,0.845330739,"laser_frame",true,7.581411721,1,FULL_REVOLUTION
1784821377.453693390,227,1028,1028,-3.124139309,3.141592741,0.006101005,6.265732050,6.265731908,359.000002022,358.999993911,0.121230759,0.000118044,0.150000006,12.000000000,874,0.850194553,"laser_frame",true,7.660917224,1,FULL_REVOLUTION
1784821377.589581013,228,1030,1030,-3.124139309,3.141592741,0.006089147,6.265732050,6.265731969,359.000002022,358.999997406,0.131726697,0.000128014,0.150000006,12.000000000,872,0.846601942,"laser_frame",true,7.626210161,1,FULL_REVOLUTION
1784821377.723780155,229,1029,1029,-3.124139309,3.141592741,0.006095070,6.265732050,6.265731884,359.000002022,358.999992523,0.133106112,0.000129481,0.150000006,12.000000000,877,0.852283771,"laser_frame",true,7.598098885,1,FULL_REVOLUTION
1784821377.847113609,230,1027,1027,-3.124139309,3.141592741,0.006106951,6.265732050,6.265732007,359.000002022,358.999999567,0.122185946,0.000119090,0.150000006,12.000000000,874,0.851022395,"laser_frame",true,7.703904440,1,FULL_REVOLUTION
1784821377.981653452,231,1028,1028,-3.124139309,3.141592741,0.006101005,6.265732050,6.265731908,359.000002022,358.999993911,0.130043373,0.000126625,0.150000006,12.000000000,876,0.852140078,"laser_frame",true,7.643890394,1,FULL_REVOLUTION
1784821378.118580341,232,1027,1027,-3.124139309,3.141592741,0.006106951,6.265732050,6.265732007,359.000002022,358.999999567,0.136033937,0.000132587,0.150000006,12.000000000,870,0.847127556,"laser_frame",true,7.578352695,1,FULL_REVOLUTION
1784821378.252230644,233,1026,1026,-3.124139309,3.141592741,0.006112909,6.265732050,6.265731668,359.000002022,358.999980144,0.132556304,0.000129323,0.150000006,12.000000000,867,0.845029240,"laser_frame",true,7.553421027,1,FULL_REVOLUTION
1784821378.375300169,234,1026,1026,-3.124139309,3.141592741,0.006112909,6.265732050,6.265731668,359.000002022,358.999980144,0.121399358,0.000118438,0.150000006,12.000000000,872,0.849902534,"laser_frame",true,7.678584647,1,FULL_REVOLUTION
1784821378.509870052,235,1027,1027,-3.124139309,3.141592741,0.006106951,6.265732050,6.265732007,359.000002022,358.999999567,0.132887945,0.000129520,0.150000006,12.000000000,876,0.852969815,"laser_frame",true,7.629019259,1,FULL_REVOLUTION
1784821378.645689487,236,1029,1029,-3.124139309,3.141592741,0.006095070,6.265732050,6.265731884,359.000002022,358.999992523,0.134684056,0.000131016,0.150000006,12.000000000,873,0.848396501,"laser_frame",true,7.574541253,1,FULL_REVOLUTION
1784821378.767759562,237,1027,1027,-3.124139309,3.141592741,0.006106951,6.265732050,6.265732007,359.000002022,358.999999567,0.118680455,0.000115673,0.150000006,12.000000000,859,0.836416748,"laser_frame",true,7.699621310,1,FULL_REVOLUTION
1784821378.902840137,238,1028,1028,-3.124139309,3.141592741,0.006101005,6.265732050,6.265731908,359.000002022,358.999993911,0.134000391,0.000130478,0.150000006,12.000000000,868,0.844357977,"laser_frame",true,7.640484961,1,FULL_REVOLUTION
1784821379.038134813,239,1028,1028,-3.124139309,3.141592741,0.006101005,6.265732050,6.265731908,359.000002022,358.999993911,0.134362862,0.000130830,0.150000006,12.000000000,875,0.851167315,"laser_frame",true,7.591109980,1,FULL_REVOLUTION
1784821379.160753012,240,1026,1026,-3.124139309,3.141592741,0.006112909,6.265732050,6.265731668,359.000002022,358.999980144,0.121327177,0.000118368,0.150000006,12.000000000,868,0.846003899,"laser_frame",true,7.704382471,1,FULL_REVOLUTION
1784821379.296016932,241,1022,1022,-3.124139309,3.141592741,0.006136858,6.265732050,6.265731920,359.000002022,358.999994604,0.134271041,0.000131509,0.150000006,12.000000000,863,0.844422701,"laser_frame",true,7.124719165,1,FULL_REVOLUTION
1784821379.431051731,242,1020,1020,-3.124139309,3.141592741,0.006148903,6.265732050,6.265731851,359.000002022,358.999990602,0.060866080,0.000059731,0.150000006,12.000000000,874,0.856862745,"laser_frame",true,8.910295616,1,FULL_REVOLUTION
1784821379.554436445,243,1020,1020,-3.124139309,3.141592741,0.006148903,6.265732050,6.265731851,359.000002022,358.999990602,0.122467451,0.000120184,0.150000006,12.000000000,865,0.848039216,"laser_frame",true,8.746302615,1,FULL_REVOLUTION
1784821379.688961744,244,1021,1021,-3.124139309,3.141592741,0.006142874,6.265732050,6.265731733,359.000002022,358.999983879,0.133405089,0.000130789,0.150000006,12.000000000,868,0.850146915,"laser_frame",true,8.486260571,1,FULL_REVOLUTION
1784821379.824004889,245,1021,1021,-3.124139309,3.141592741,0.006142874,6.265732050,6.265731733,359.000002022,358.999983879,0.134131193,0.000131501,0.150000006,12.000000000,863,0.845249755,"laser_frame",true,8.269723641,1,FULL_REVOLUTION
1784821379.946971178,246,1019,1019,-3.124139309,3.141592741,0.006154943,6.265732050,6.265731762,359.000002022,358.999985533,0.121937111,0.000119781,0.150000006,12.000000000,865,0.848871443,"laser_frame",true,8.242691933,1,FULL_REVOLUTION
1784821380.081994772,247,1019,1019,-3.124139309,3.141592741,0.006154943,6.265732050,6.265731762,359.000002022,358.999985533,0.133371666,0.000131013,0.150000006,12.000000000,868,0.851815505,"laser_frame",true,8.072192620,1,FULL_REVOLUTION
1784821380.204731941,248,1020,1020,-3.124139309,3.141592741,0.006148903,6.265732050,6.265731851,359.000002022,358.999990602,0.120567195,0.000118319,0.150000006,12.000000000,865,0.848039216,"laser_frame",true,8.091300233,1,FULL_REVOLUTION
1784821380.340008020,249,1021,1021,-3.124139309,3.141592741,0.006142874,6.265732050,6.265731733,359.000002022,358.999983879,0.134286240,0.000131653,0.150000006,12.000000000,859,0.841332027,"laser_frame",true,7.951521075,1,FULL_REVOLUTION
1784821380.474959135,250,1019,1019,-3.124139309,3.141592741,0.006154943,6.265732050,6.265731762,359.000002022,358.999985533,0.134041697,0.000131672,0.150000006,12.000000000,870,0.853778214,"laser_frame",true,7.844008085,1,FULL_REVOLUTION
1784821380.597794771,251,1018,1018,-3.124139309,3.141592741,0.006160995,6.265732050,6.265731907,359.000002022,358.999993804,0.121991351,0.000119952,0.150000006,12.000000000,861,0.845776031,"laser_frame",true,7.903015979,1,FULL_REVOLUTION
1784821380.733072281,252,1020,1020,-3.124139309,3.141592741,0.006148903,6.265732050,6.265731851,359.000002022,358.999990602,0.134325147,0.000131821,0.150000006,12.000000000,872,0.854901961,"laser_frame",true,7.796006076,1,FULL_REVOLUTION
1784821380.869974375,253,1022,1022,-3.124139309,3.141592741,0.006136858,6.265732050,6.265731920,359.000002022,358.999994604,0.135425314,0.000132640,0.150000006,12.000000000,865,0.846379648,"laser_frame",true,7.699511024,1,FULL_REVOLUTION
1784821380.991640329,254,1024,1024,-3.124139309,3.141592741,0.006124860,6.265732050,6.265731925,359.000002022,358.999994844,0.115850016,0.000113245,0.150000006,12.000000000,863,0.842773438,"laser_frame",true,7.805801080,1,FULL_REVOLUTION
1784821381.126008749,255,1023,1023,-3.124139309,3.141592741,0.006130853,6.265732050,6.265731973,359.000002022,358.999997593,0.133376241,0.000130505,0.150000006,12.000000000,864,0.844574780,"laser_frame",true,7.731916695,1,FULL_REVOLUTION
1784821381.261100531,256,1021,1021,-3.124139309,3.141592741,0.006142874,6.265732050,6.265731733,359.000002022,358.999983879,0.133530259,0.000130912,0.150000006,12.000000000,871,0.853085211,"laser_frame",true,7.667308536,1,FULL_REVOLUTION
1784821381.383897066,257,1019,1019,-3.124139309,3.141592741,0.006154943,6.265732050,6.265731762,359.000002022,358.999985533,0.121840946,0.000119687,0.150000006,12.000000000,866,0.849852797,"laser_frame",true,7.763316850,1,FULL_REVOLUTION
1784821381.520596266,258,1020,1020,-3.124139309,3.141592741,0.006148903,6.265732050,6.265731851,359.000002022,358.999990602,0.135776252,0.000133245,0.150000006,12.000000000,863,0.846078431,"laser_frame",true,7.666809931,1,FULL_REVOLUTION
1784821381.641823053,259,1024,1024,-3.124139309,3.141592741,0.006124860,6.265732050,6.265731925,359.000002022,358.999994844,0.119730830,0.000117039,0.150000006,12.000000000,858,0.837890625,"laser_frame",true,7.791531267,1,FULL_REVOLUTION
1784821381.776902437,260,1025,1025,-3.124139309,3.141592741,0.006118879,6.265732050,6.265731812,359.000002022,358.999988361,0.132953569,0.000129837,0.150000006,12.000000000,865,0.843902439,"laser_frame",true,7.711947363,1,FULL_REVOLUTION
1784821381.912342310,261,1025,1025,-3.124139309,3.141592741,0.006118879,6.265732050,6.265731812,359.000002022,358.999988361,0.134360895,0.000131212,0.150000006,12.000000000,864,0.842926829,"laser_frame",true,7.648276993,1,FULL_REVOLUTION
1784821382.034897327,262,1026,1026,-3.124139309,3.141592741,0.006112909,6.265732050,6.265731668,359.000002022,358.999980144,0.121553279,0.000118589,0.150000006,12.000000000,863,0.841130604,"laser_frame",true,7.750546884,1,FULL_REVOLUTION
1784821382.170026541,263,1024,1024,-3.124139309,3.141592741,0.006124860,6.265732050,6.265731925,359.000002022,358.999994844,0.134078115,0.000131064,0.150000006,12.000000000,864,0.843750000,"laser_frame",true,7.680249487,1,FULL_REVOLUTION
1784821382.306320190,264,1025,1025,-3.124139309,3.141592741,0.006118879,6.265732050,6.265731812,359.000002022,358.999988361,0.135296300,0.000132125,0.150000006,12.000000000,876,0.854634146,"laser_frame",true,7.612508286,1,FULL_REVOLUTION
1784821382.427861452,265,1025,1025,-3.124139309,3.141592741,0.006118879,6.265732050,6.265731812,359.000002022,358.999988361,0.120145559,0.000117330,0.150000006,12.000000000,867,0.845853659,"laser_frame",true,7.722675790,1,FULL_REVOLUTION
1784821382.562964439,266,1025,1025,-3.124139309,3.141592741,0.006118879,6.265732050,6.265731812,359.000002022,358.999988361,0.133403316,0.000130277,0.150000006,12.000000000,861,0.840000000,"laser_frame",true,7.667582441,1,FULL_REVOLUTION
1784821382.700295210,267,1025,1025,-3.124139309,3.141592741,0.006118879,6.265732050,6.265731812,359.000002022,358.999988361,0.134209663,0.000131064,0.150000006,12.000000000,861,0.840000000,"laser_frame",true,7.590310522,1,FULL_REVOLUTION
1784821382.833184719,268,1026,1026,-3.124139309,3.141592741,0.006112909,6.265732050,6.265731668,359.000002022,358.999980144,0.131695375,0.000128483,0.150000006,12.000000000,864,0.842105263,"laser_frame",true,7.577618789,1,FULL_REVOLUTION
1784821382.956032515,269,1026,1026,-3.124139309,3.141592741,0.006112909,6.265732050,6.265731668,359.000002022,358.999980144,0.121912852,0.000118939,0.150000006,12.000000000,867,0.845029240,"laser_frame",true,7.689230549,1,FULL_REVOLUTION
1784821383.091100454,270,1025,1025,-3.124139309,3.141592741,0.006118879,6.265732050,6.265731812,359.000002022,358.999988361,0.134100229,0.000130957,0.150000006,12.000000000,861,0.840000000,"laser_frame",true,7.633818412,1,FULL_REVOLUTION
1784821383.226282597,271,1023,1023,-3.124139309,3.141592741,0.006130853,6.265732050,6.265731973,359.000002022,358.999997593,0.133656338,0.000130779,0.150000006,12.000000000,864,0.844574780,"laser_frame",true,7.586669003,1,FULL_REVOLUTION
1784821383.351921558,272,1025,1025,-3.124139309,3.141592741,0.006118879,6.265732050,6.265731812,359.000002022,358.999988361,0.122468553,0.000119598,0.150000006,12.000000000,868,0.846829268,"laser_frame",true,7.621095386,1,FULL_REVOLUTION
1784821383.484168768,273,1024,1024,-3.124139309,3.141592741,0.006124860,6.265732050,6.265731925,359.000002022,358.999994844,0.126836464,0.000123985,0.150000006,12.000000000,868,0.847656250,"laser_frame",true,7.637518389,1,FULL_REVOLUTION
1784821383.619415998,274,1026,1026,-3.124139309,3.141592741,0.006112909,6.265732050,6.265731668,359.000002022,358.999980144,0.132993072,0.000129749,0.150000006,12.000000000,862,0.840155945,"laser_frame",true,7.594371810,1,FULL_REVOLUTION
1784821383.744121313,275,1022,1022,-3.124139309,3.141592741,0.006136858,6.265732050,6.265731920,359.000002022,358.999994604,0.121628776,0.000119127,0.150000006,12.000000000,864,0.845401174,"laser_frame",true,7.677440605,1,FULL_REVOLUTION
1784821383.878953218,276,1027,1027,-3.124139309,3.141592741,0.006106951,6.265732050,6.265732007,359.000002022,358.999999567,0.130616575,0.000127307,0.150000006,12.000000000,865,0.842259007,"laser_frame",true,7.614176046,1,FULL_REVOLUTION
1784821384.012383461,277,1028,1028,-3.124139309,3.141592741,0.006101005,6.265732050,6.265731908,359.000002022,358.999993911,0.130111903,0.000126691,0.150000006,12.000000000,870,0.846303502,"laser_frame",true,7.604933168,1,FULL_REVOLUTION
1784821384.135110855,278,1026,1026,-3.124139309,3.141592741,0.006112909,6.265732050,6.265731668,359.000002022,358.999980144,0.121144362,0.000118190,0.150000006,12.000000000,873,0.850877193,"laser_frame",true,7.710441672,1,FULL_REVOLUTION
1784821384.270905018,279,1028,1028,-3.124139309,3.141592741,0.006101005,6.265732050,6.265731908,359.000002022,358.999993911,0.133859172,0.000130340,0.150000006,12.000000000,869,0.845330739,"laser_frame",true,7.643003018,1,FULL_REVOLUTION
1784821384.406236410,280,1028,1028,-3.124139309,3.141592741,0.006101005,6.265732050,6.265731908,359.000002022,358.999993911,0.131109700,0.000127663,0.150000006,12.000000000,869,0.845330739,"laser_frame",true,7.587160987,1,FULL_REVOLUTION
1784821384.529652596,281,1028,1028,-3.124139309,3.141592741,0.006101005,6.265732050,6.265731908,359.000002022,358.999993911,0.121844873,0.000118642,0.150000006,12.000000000,866,0.842412451,"laser_frame",true,7.692163637,1,FULL_REVOLUTION
1784821384.663324594,282,1023,1023,-3.124139309,3.141592741,0.006130853,6.265732050,6.265731973,359.000002022,358.999997593,0.132679224,0.000129823,0.150000006,12.000000000,871,0.851417400,"laser_frame",true,7.656028426,1,FULL_REVOLUTION
1784821384.800429344,283,1022,1022,-3.124139309,3.141592741,0.006136858,6.265732050,6.265731920,359.000002022,358.999994604,0.135921195,0.000133126,0.150000006,12.000000000,863,0.844422701,"laser_frame",true,7.565039225,1,FULL_REVOLUTION
1784821384.921337128,284,1022,1022,-3.124139309,3.141592741,0.006136858,6.265732050,6.265731920,359.000002022,358.999994604,0.117729500,0.000115308,0.150000006,12.000000000,865,0.846379648,"laser_frame",true,7.729071729,1,FULL_REVOLUTION
1784821385.056304693,285,1020,1020,-3.124139309,3.141592741,0.006148903,6.265732050,6.265731851,359.000002022,358.999990602,0.133988246,0.000131490,0.150000006,12.000000000,859,0.842156863,"laser_frame",true,7.664963832,1,FULL_REVOLUTION
1784821385.191425323,286,1019,1019,-3.124139309,3.141592741,0.006154943,6.265732050,6.265731762,359.000002022,358.999985533,0.133161142,0.000130807,0.150000006,12.000000000,870,0.853778214,"laser_frame",true,7.612251875,1,FULL_REVOLUTION
1784821385.314270973,287,1020,1020,-3.124139309,3.141592741,0.006148903,6.265732050,6.265731851,359.000002022,358.999990602,0.121835522,0.000119564,0.150000006,12.000000000,860,0.843137255,"laser_frame",true,7.717132842,1,FULL_REVOLUTION
1784821385.449360847,288,1020,1020,-3.124139309,3.141592741,0.006148903,6.265732050,6.265731851,359.000002022,358.999990602,0.134081006,0.000131581,0.150000006,12.000000000,859,0.842156863,"laser_frame",true,7.655332285,1,FULL_REVOLUTION
1784821385.585509300,289,1025,1025,-3.124139309,3.141592741,0.006118879,6.265732050,6.265731812,359.000002022,358.999988361,0.134737179,0.000131579,0.150000006,12.000000000,860,0.839024390,"laser_frame",true,7.592606552,1,FULL_REVOLUTION
1784821385.708881378,290,1027,1027,-3.124139309,3.141592741,0.006106951,6.265732050,6.265732007,359.000002022,358.999999567,0.122425832,0.000119323,0.150000006,12.000000000,866,0.843232717,"laser_frame",true,7.673424267,1,FULL_REVOLUTION
1784821385.842514753,291,1028,1028,-3.124139309,3.141592741,0.006101005,6.265732050,6.265731908,359.000002022,358.999993911,0.124167070,0.000120903,0.150000006,12.000000000,875,0.851167315,"laser_frame",true,7.656060560,1,FULL_REVOLUTION
1784821385.978522301,292,1028,1028,-3.124139309,3.141592741,0.006101005,6.265732050,6.265731908,359.000002022,358.999993911,0.135123774,0.000131571,0.150000006,12.000000000,866,0.842412451,"laser_frame",true,7.593463512,1,FULL_REVOLUTION
1784821386.104224443,293,1027,1027,-3.124139309,3.141592741,0.006106951,6.265732050,6.265732007,359.000002022,358.999999567,0.120870858,0.000117808,0.150000006,12.000000000,879,0.855890944,"laser_frame",true,7.522308204,1,FULL_REVOLUTION
1784821386.236845970,294,1028,1028,-3.124139309,3.141592741,0.006101005,6.265732050,6.265731908,359.000002022,358.999993911,0.122665465,0.000119441,0.150000006,12.000000000,875,0.851167315,"laser_frame",true,7.645379486,1,FULL_REVOLUTION
1784821386.373243570,295,1028,1028,-3.124139309,3.141592741,0.006101005,6.265732050,6.265731908,359.000002022,358.999993911,0.132788345,0.000129297,0.150000006,12.000000000,871,0.847276265,"laser_frame",true,7.590818696,1,FULL_REVOLUTION
1784821386.493904591,296,1027,1027,-3.124139309,3.141592741,0.006106951,6.265732050,6.265732007,359.000002022,358.999999567,0.112152986,0.000109311,0.150000006,12.000000000,872,0.849074976,"laser_frame",true,7.621537484,1,FULL_REVOLUTION
1784821386.628552437,297,1027,1027,-3.124139309,3.141592741,0.006106951,6.265732050,6.265732007,359.000002022,358.999999567,0.126285449,0.000123085,0.150000006,12.000000000,868,0.845180136,"laser_frame",true,7.592787613,1,FULL_REVOLUTION
1784821386.769715309,298,1029,1029,-3.124139309,3.141592741,0.006095070,6.265732050,6.265731884,359.000002022,358.999992523,0.130424351,0.000126872,0.150000006,12.000000000,874,0.849368319,"laser_frame",true,7.585691110,1,FULL_REVOLUTION
1784821386.899754286,299,1029,1029,-3.124139309,3.141592741,0.006095070,6.265732050,6.265731884,359.000002022,358.999992523,0.129069328,0.000125554,0.150000006,12.000000000,874,0.849368319,"laser_frame",true,7.314102842,1,FULL_REVOLUTION
1784821387.029841185,300,1028,1028,-3.124139309,3.141592741,0.006101005,6.265732050,6.265731908,359.000002022,358.999993911,0.092525408,0.000090093,0.150000006,12.000000000,882,0.857976654,"laser_frame",true,7.500882656,1,FULL_REVOLUTION
1784821387.156942129,301,1030,1030,-3.124139309,3.141592741,0.006089147,6.265732050,6.265731969,359.000002022,358.999997406,0.109586366,0.000106498,0.150000006,12.000000000,881,0.855339806,"laser_frame",true,7.877775641,1,FULL_REVOLUTION
1784821387.295819759,302,1031,1031,-3.124139309,3.141592741,0.006083235,6.265732050,6.265731719,359.000002022,358.999983078,0.123264551,0.000119674,0.150000006,12.000000000,883,0.856450048,"laser_frame",true,7.762719044,1,FULL_REVOLUTION
1784821387.427038193,303,1030,1030,-3.124139309,3.141592741,0.006089147,6.265732050,6.265731969,359.000002022,358.999997406,0.128804535,0.000125174,0.150000006,12.000000000,884,0.858252427,"laser_frame",true,7.725025582,1,FULL_REVOLUTION
1784821387.555060148,304,1030,1030,-3.124139309,3.141592741,0.006089147,6.265732050,6.265731969,359.000002022,358.999997406,0.120666526,0.000117266,0.150000006,12.000000000,879,0.853398058,"laser_frame",true,7.733679840,1,FULL_REVOLUTION
1784821387.685351133,305,1029,1029,-3.124139309,3.141592741,0.006095070,6.265732050,6.265731884,359.000002022,358.999992523,0.125114337,0.000121707,0.150000006,12.000000000,872,0.847424684,"laser_frame",true,7.654135709,1,FULL_REVOLUTION
1784821387.820079327,306,1028,1028,-3.124139309,3.141592741,0.006101005,6.265732050,6.265731908,359.000002022,358.999993911,0.128040403,0.000124674,0.150000006,12.000000000,877,0.853112840,"laser_frame",true,7.685444492,1,FULL_REVOLUTION
1784821387.942803144,307,1029,1029,-3.124139309,3.141592741,0.006095070,6.265732050,6.265731884,359.000002022,358.999992523,0.121346779,0.000118042,0.150000006,12.000000000,871,0.846452867,"laser_frame",true,7.632763558,1,FULL_REVOLUTION
1784821388.081014872,308,1029,1029,-3.124139309,3.141592741,0.006095070,6.265732050,6.265731884,359.000002022,358.999992523,0.128349394,0.000124853,0.150000006,12.000000000,871,0.846452867,"laser_frame",true,7.680417954,1,FULL_REVOLUTION
1784821388.213237047,309,1028,1028,-3.124139309,3.141592741,0.006101005,6.265732050,6.265731908,359.000002022,358.999993911,0.130570158,0.000127137,0.150000006,12.000000000,875,0.851167315,"laser_frame",true,7.631526586,1,FULL_REVOLUTION
1784821388.353012323,310,1026,1026,-3.124139309,3.141592741,0.006112909,6.265732050,6.265731668,359.000002022,358.999980144,0.133945003,0.000130678,0.150000006,12.000000000,872,0.849902534,"laser_frame",true,7.569344935,1,FULL_REVOLUTION
1784821388.470873117,311,1023,1023,-3.124139309,3.141592741,0.006130853,6.265732050,6.265731973,359.000002022,358.999997593,0.115435496,0.000112951,0.150000006,12.000000000,869,0.849462366,"laser_frame",true,7.763184953,1,FULL_REVOLUTION
1784821388.606003284,312,1022,1022,-3.124139309,3.141592741,0.006136858,6.265732050,6.265731920,359.000002022,358.999994604,0.133699700,0.000130950,0.150000006,12.000000000,864,0.845401174,"laser_frame",true,7.690177463,1,FULL_REVOLUTION
1784821388.728798389,313,1022,1022,-3.124139309,3.141592741,0.006136858,6.265732050,6.265731920,359.000002022,358.999994604,0.121783026,0.000119278,0.150000006,12.000000000,866,0.847358121,"laser_frame",true,7.781322775,1,FULL_REVOLUTION
1784821388.868889809,314,1022,1022,-3.124139309,3.141592741,0.006136858,6.265732050,6.265731920,359.000002022,358.999994604,0.135244459,0.000132463,0.150000006,12.000000000,869,0.850293542,"laser_frame",true,7.641857313,1,FULL_REVOLUTION
1784821388.999061346,315,1024,1024,-3.124139309,3.141592741,0.006124860,6.265732050,6.265731925,359.000002022,358.999994844,0.126820013,0.000123969,0.150000006,12.000000000,867,0.846679688,"laser_frame",true,7.652623331,1,FULL_REVOLUTION
1784821389.122014761,316,1026,1026,-3.124139309,3.141592741,0.006112909,6.265732050,6.265731668,359.000002022,358.999980144,0.119504370,0.000116590,0.150000006,12.000000000,869,0.846978558,"laser_frame",true,7.759166262,1,FULL_REVOLUTION
1784821389.256958485,317,1024,1024,-3.124139309,3.141592741,0.006124860,6.265732050,6.265731925,359.000002022,358.999994844,0.133437559,0.000130437,0.150000006,12.000000000,876,0.855468750,"laser_frame",true,7.691124392,1,FULL_REVOLUTION
1784821389.392150640,318,1024,1024,-3.124139309,3.141592741,0.006124860,6.265732050,6.265731925,359.000002022,358.999994844,0.133838862,0.000130830,0.150000006,12.000000000,867,0.846679688,"laser_frame",true,7.629821583,1,FULL_REVOLUTION
1784821389.514941931,319,1024,1024,-3.124139309,3.141592741,0.006124860,6.265732050,6.265731925,359.000002022,358.999994844,0.121067531,0.000118346,0.150000006,12.000000000,866,0.845703125,"laser_frame",true,7.730415052,1,FULL_REVOLUTION
1784821389.650529623,320,1024,1024,-3.124139309,3.141592741,0.006124860,6.265732050,6.265731925,359.000002022,358.999994844,0.133595631,0.000130592,0.150000006,12.000000000,876,0.855468750,"laser_frame",true,7.607717082,1,FULL_REVOLUTION
1784821389.787315369,321,1025,1025,-3.124139309,3.141592741,0.006118879,6.265732050,6.265731812,359.000002022,358.999988361,0.129702955,0.000126663,0.150000006,12.000000000,862,0.840975610,"laser_frame",true,7.374513093,1,FULL_REVOLUTION
1784821389.920668602,322,1027,1027,-3.124139309,3.141592741,0.006106951,6.265732050,6.265732007,359.000002022,358.999999567,0.112971924,0.000110109,0.150000006,12.000000000,866,0.843232717,"laser_frame",true,7.640972396,1,FULL_REVOLUTION
1784821390.044116735,323,1029,1029,-3.124139309,3.141592741,0.006095070,6.265732050,6.265731884,359.000002022,358.999992523,0.118775979,0.000115541,0.150000006,12.000000000,874,0.849368319,"laser_frame",true,7.790263035,1,FULL_REVOLUTION
1784821390.179163456,324,1030,1030,-3.124139309,3.141592741,0.006089147,6.265732050,6.265731969,359.000002022,358.999997406,0.132178977,0.000128454,0.150000006,12.000000000,871,0.845631068,"laser_frame",true,7.670022262,1,FULL_REVOLUTION
1784821390.313348293,325,1027,1027,-3.124139309,3.141592741,0.006106951,6.265732050,6.265732007,359.000002022,358.999999567,0.132671297,0.000129309,0.150000006,12.000000000,882,0.858812074,"laser_frame",true,7.655661530,1,FULL_REVOLUTION
1784821390.436436415,326,1027,1027,-3.124139309,3.141592741,0.006106951,6.265732050,6.265732007,359.000002022,358.999999567,0.119051121,0.000116034,0.150000006,12.000000000,865,0.842259007,"laser_frame",true,7.734008425,1,FULL_REVOLUTION
1784821390.571291447,327,1028,1028,-3.124139309,3.141592741,0.006101005,6.265732050,6.265731908,359.000002022,358.999993911,0.129843265,0.000126430,0.150000006,12.000000000,867,0.843385214,"laser_frame",true,7.710478587,1,FULL_REVOLUTION
1784821390.706558704,328,1027,1027,-3.124139309,3.141592741,0.006106951,6.265732050,6.265732007,359.000002022,358.999999567,0.133740246,0.000130351,0.150000006,12.000000000,872,0.849074976,"laser_frame",true,7.644098490,1,FULL_REVOLUTION
1784821390.831069708,329,1025,1025,-3.124139309,3.141592741,0.006118879,6.265732050,6.265731812,359.000002022,358.999988361,0.121461168,0.000118614,0.150000006,12.000000000,868,0.846829268,"laser_frame",true,7.665157932,1,FULL_REVOLUTION
1784821390.964216232,330,1025,1025,-3.124139309,3.141592741,0.006118879,6.265732050,6.265731812,359.000002022,358.999988361,0.124006033,0.000121100,0.150000006,12.000000000,873,0.851707317,"laser_frame",true,7.687850946,1,FULL_REVOLUTION
1784821391.099405527,331,1025,1025,-3.124139309,3.141592741,0.006118879,6.265732050,6.265731812,359.000002022,358.999988361,0.134071171,0.000130929,0.150000006,12.000000000,876,0.854634146,"laser_frame",true,7.452700201,1,FULL_REVOLUTION
1784821391.222166300,332,1025,1025,-3.124139309,3.141592741,0.006118879,6.265732050,6.265731812,359.000002022,358.999988361,0.121788047,0.000118934,0.150000006,12.000000000,872,0.850731707,"laser_frame",true,7.882855901,1,FULL_REVOLUTION
1784821391.357294321,333,1023,1023,-3.124139309,3.141592741,0.006130853,6.265732050,6.265731973,359.000002022,358.999997593,0.134170279,0.000131282,0.150000006,12.000000000,876,0.856304985,"laser_frame",true,7.785693606,1,FULL_REVOLUTION
1784821391.492493868,334,1022,1022,-3.124139309,3.141592741,0.006136858,6.265732050,6.265731920,359.000002022,358.999994604,0.134148985,0.000131390,0.150000006,12.000000000,877,0.858121331,"laser_frame",true,7.709210555,1,FULL_REVOLUTION
1784821391.615294695,335,1017,1017,-3.124139309,3.141592741,0.006167059,6.265732050,6.265731774,359.000002022,358.999986227,0.121832304,0.000119914,0.150000006,12.000000000,852,0.837758112,"laser_frame",true,7.793542430,1,FULL_REVOLUTION
1784821391.750607014,336,1018,1018,-3.124139309,3.141592741,0.006160995,6.265732050,6.265731907,359.000002022,358.999993804,0.134244636,0.000132001,0.150000006,12.000000000,868,0.852652259,"laser_frame",true,7.707288678,1,FULL_REVOLUTION
1784821391.885479450,337,1020,1020,-3.124139309,3.141592741,0.006148903,6.265732050,6.265731851,359.000002022,358.999990602,0.131771505,0.000129315,0.150000006,12.000000000,872,0.854901961,"laser_frame",true,7.656085519,1,FULL_REVOLUTION
1784821392.008536816,338,1020,1020,-3.124139309,3.141592741,0.006148903,6.265732050,6.265731851,359.000002022,358.999990602,0.121894293,0.000119621,0.150000006,12.000000000,869,0.851960784,"laser_frame",true,7.744729493,1,FULL_REVOLUTION
1784821392.143477201,339,1019,1019,-3.124139309,3.141592741,0.006154943,6.265732050,6.265731762,359.000002022,358.999985533,0.133963600,0.000131595,0.150000006,12.000000000,868,0.851815505,"laser_frame",true,7.680010269,1,FULL_REVOLUTION
1784821392.266107321,340,1020,1020,-3.124139309,3.141592741,0.006148903,6.265732050,6.265731851,359.000002022,358.999990602,0.121094331,0.000118836,0.150000006,12.000000000,862,0.845098039,"laser_frame",true,7.777296499,1,FULL_REVOLUTION
1784821392.401208401,341,1022,1022,-3.124139309,3.141592741,0.006136858,6.265732050,6.265731920,359.000002022,358.999994604,0.134235367,0.000131474,0.150000006,12.000000000,864,0.845401174,"laser_frame",true,7.702117197,1,FULL_REVOLUTION
1784821392.536451578,342,1024,1024,-3.124139309,3.141592741,0.006124860,6.265732050,6.265731925,359.000002022,358.999994844,0.134381935,0.000131361,0.150000006,12.000000000,871,0.850585938,"laser_frame",true,7.636327684,1,FULL_REVOLUTION
1784821392.659229279,343,1024,1024,-3.124139309,3.141592741,0.006124860,6.265732050,6.265731925,359.000002022,358.999994844,0.121844605,0.000119105,0.150000006,12.000000000,868,0.847656250,"laser_frame",true,7.742833228,1,FULL_REVOLUTION
1784821392.794234991,344,1024,1024,-3.124139309,3.141592741,0.006124860,6.265732050,6.265731925,359.000002022,358.999994844,0.133989230,0.000130977,0.150000006,12.000000000,873,0.852539062,"laser_frame",true,7.676703247,1,FULL_REVOLUTION
1784821392.930054188,345,1023,1023,-3.124139309,3.141592741,0.006130853,6.265732050,6.265731973,359.000002022,358.999997593,0.134955540,0.000132050,0.150000006,12.000000000,871,0.851417400,"laser_frame",true,7.613197835,1,FULL_REVOLUTION
1784821393.053414822,346,1024,1024,-3.124139309,3.141592741,0.006124860,6.265732050,6.265731925,359.000002022,358.999994844,0.118514560,0.000115850,0.150000006,12.000000000,878,0.857421875,"laser_frame",true,7.671831752,1,FULL_REVOLUTION
1784821393.187387466,347,1023,1023,-3.124139309,3.141592741,0.006130853,6.265732050,6.265731973,359.000002022,358.999997593,0.130025625,0.000127227,0.150000006,12.000000000,864,0.844574780,"laser_frame",true,7.625889533,1,FULL_REVOLUTION
1784821393.322671890,348,1025,1025,-3.124139309,3.141592741,0.006118879,6.265732050,6.265731812,359.000002022,358.999988361,0.128051952,0.000125051,0.150000006,12.000000000,867,0.845853659,"laser_frame",true,7.614029470,1,FULL_REVOLUTION
1784821393.445312500,349,1025,1025,-3.124139309,3.141592741,0.006118879,6.265732050,6.265731812,359.000002022,358.999988361,0.121382505,0.000118538,0.150000006,12.000000000,870,0.848780488,"laser_frame",true,7.726972556,1,FULL_REVOLUTION
1784821393.581400633,350,1026,1026,-3.124139309,3.141592741,0.006112909,6.265732050,6.265731668,359.000002022,358.999980144,0.134721443,0.000131436,0.150000006,12.000000000,873,0.850877193,"laser_frame",true,7.629807198,1,FULL_REVOLUTION
1784821393.715629578,351,1028,1028,-3.124139309,3.141592741,0.006101005,6.265732050,6.265731908,359.000002022,358.999993911,0.128409073,0.000125033,0.150000006,12.000000000,877,0.853112840,"laser_frame",true,7.600719056,1,FULL_REVOLUTION
1784821393.850629807,352,1028,1028,-3.124139309,3.141592741,0.006101005,6.265732050,6.265731908,359.000002022,358.999993911,0.133826420,0.000130308,0.150000006,12.000000000,871,0.847276265,"laser_frame",true,7.513919946,1,FULL_REVOLUTION
1784821393.973625660,353,1029,1029,-3.124139309,3.141592741,0.006095070,6.265732050,6.265731884,359.000002022,358.999992523,0.109963566,0.000106968,0.150000006,12.000000000,874,0.849368319,"laser_frame",true,7.692365646,1,FULL_REVOLUTION
1784821394.109058857,354,1028,1028,-3.124139309,3.141592741,0.006101005,6.265732050,6.265731908,359.000002022,358.999993911,0.131370455,0.000127917,0.150000006,12.000000000,874,0.850194553,"laser_frame",true,7.629108167,1,FULL_REVOLUTION
1784821394.243746042,355,1026,1026,-3.124139309,3.141592741,0.006112909,6.265732050,6.265731668,359.000002022,358.999980144,0.132051423,0.000128831,0.150000006,12.000000000,873,0.850877193,"laser_frame",true,7.610610765,1,FULL_REVOLUTION
1784821394.366494656,356,1027,1027,-3.124139309,3.141592741,0.006106951,6.265732050,6.265732007,359.000002022,358.999999567,0.120146900,0.000117102,0.150000006,12.000000000,873,0.850048685,"laser_frame",true,7.717868230,1,FULL_REVOLUTION
1784821394.501975298,357,1025,1025,-3.124139309,3.141592741,0.006118879,6.265732050,6.265731812,359.000002022,358.999988361,0.134356394,0.000131207,0.150000006,12.000000000,875,0.853658537,"laser_frame",true,7.651756013,1,FULL_REVOLUTION
1784821394.636679888,358,1020,1020,-3.124139309,3.141592741,0.006148903,6.265732050,6.265731851,359.000002022,358.999990602,0.133751631,0.000131258,0.150000006,12.000000000,867,0.850000000,"laser_frame",true,7.601239138,1,FULL_REVOLUTION
1784821394.759467840,359,1019,1019,-3.124139309,3.141592741,0.006154943,6.265732050,6.265731762,359.000002022,358.999985533,0.120228052,0.000118102,0.150000006,12.000000000,863,0.846908734,"laser_frame",true,7.715467820,1,FULL_REVOLUTION
1784821394.894853592,360,1018,1018,-3.124139309,3.141592741,0.006160995,6.265732050,6.265731907,359.000002022,358.999993804,0.134378374,0.000132132,0.150000006,12.000000000,866,0.850687623,"laser_frame",true,7.648724840,1,FULL_REVOLUTION
1784821395.017433167,361,1018,1018,-3.124139309,3.141592741,0.006160995,6.265732050,6.265731907,359.000002022,358.999993804,0.121640772,0.000119607,0.150000006,12.000000000,868,0.852652259,"laser_frame",true,7.751758717,1,FULL_REVOLUTION
1784821395.152737379,362,1018,1018,-3.124139309,3.141592741,0.006160995,6.265732050,6.265731907,359.000002022,358.999993804,0.134252548,0.000132008,0.150000006,12.000000000,862,0.846758350,"laser_frame",true,7.675620930,1,FULL_REVOLUTION
1784821395.287696838,363,1017,1017,-3.124139309,3.141592741,0.006167059,6.265732050,6.265731774,359.000002022,358.999986227,0.133663416,0.000131558,0.150000006,12.000000000,875,0.860373648,"laser_frame",true,7.625883064,1,FULL_REVOLUTION
1784821395.410433531,364,1016,1016,-3.124139309,3.141592741,0.006173135,6.265732050,6.265731803,359.000002022,358.999987881,0.121775009,0.000119975,0.150000006,12.000000000,859,0.845472441,"laser_frame",true,7.728583242,1,FULL_REVOLUTION
1784821395.545481205,365,1020,1020,-3.124139309,3.141592741,0.006148903,6.265732050,6.265731851,359.000002022,358.999990602,0.134092942,0.000131593,0.150000006,12.000000000,874,0.856862745,"laser_frame",true,7.664718209,1,FULL_REVOLUTION
1784821395.680591106,366,1022,1022,-3.124139309,3.141592741,0.006136858,6.265732050,6.265731920,359.000002022,358.999994604,0.133752748,0.000131002,0.150000006,12.000000000,861,0.842465753,"laser_frame",true,7.612473801,1,FULL_REVOLUTION
1784821395.803438902,367,1023,1023,-3.124139309,3.141592741,0.006130853,6.265732050,6.265731973,359.000002022,358.999997593,0.121871032,0.000119248,0.150000006,12.000000000,866,0.846529814,"laser_frame",true,7.716812685,1,FULL_REVOLUTION
1784821395.938802719,368,1024,1024,-3.124139309,3.141592741,0.006124860,6.265732050,6.265731925,359.000002022,358.999994844,0.133769795,0.000130762,0.150000006,12.000000000,878,0.857421875,"laser_frame",true,7.651977915,1,FULL_REVOLUTION
1784821396.073722839,369,1026,1026,-3.124139309,3.141592741,0.006112909,6.265732050,6.265731668,359.000002022,358.999980144,0.133367091,0.000130114,0.150000006,12.000000000,880,0.857699805,"laser_frame",true,7.604091060,1,FULL_REVOLUTION
1784821396.196511269,370,1026,1026,-3.124139309,3.141592741,0.006112909,6.265732050,6.265731668,359.000002022,358.999980144,0.121847235,0.000118875,0.150000006,12.000000000,870,0.847953216,"laser_frame",true,7.711148672,1,FULL_REVOLUTION
1784821396.331915379,371,1027,1027,-3.124139309,3.141592741,0.006106951,6.265732050,6.265732007,359.000002022,358.999999567,0.131683707,0.000128347,0.150000006,12.000000000,871,0.848101266,"laser_frame",true,7.645998819,1,FULL_REVOLUTION
1784821396.466769457,372,1028,1028,-3.124139309,3.141592741,0.006101005,6.265732050,6.265731908,359.000002022,358.999993911,0.131916225,0.000128448,0.150000006,12.000000000,876,0.852140078,"laser_frame",true,7.599358357,1,FULL_REVOLUTION
1784821396.589492321,373,1026,1026,-3.124139309,3.141592741,0.006112909,6.265732050,6.265731668,359.000002022,358.999980144,0.121222481,0.000118266,0.150000006,12.000000000,868,0.846003899,"laser_frame",true,7.707574788,1,FULL_REVOLUTION
1784821396.724672556,374,1027,1027,-3.124139309,3.141592741,0.006106951,6.265732050,6.265732007,359.000002022,358.999999567,0.134158611,0.000130759,0.150000006,12.000000000,874,0.851022395,"laser_frame",true,7.648026914,1,FULL_REVOLUTION
1784821396.860254526,375,1024,1024,-3.124139309,3.141592741,0.006124860,6.265732050,6.265731925,359.000002022,358.999994844,0.134525925,0.000131501,0.150000006,12.000000000,866,0.845703125,"laser_frame",true,7.592596434,1,FULL_REVOLUTION
1784821396.982692719,376,1024,1024,-3.124139309,3.141592741,0.006124860,6.265732050,6.265731925,359.000002022,358.999994844,0.116937168,0.000114308,0.150000006,12.000000000,873,0.852539062,"laser_frame",true,7.674939948,1,FULL_REVOLUTION
1784821397.119995832,377,1026,1026,-3.124139309,3.141592741,0.006112909,6.265732050,6.265731668,359.000002022,358.999980144,0.136359289,0.000133033,0.150000006,12.000000000,885,0.862573099,"laser_frame",true,7.624308507,1,FULL_REVOLUTION
1784821397.258507252,378,1025,1025,-3.124139309,3.141592741,0.006118879,6.265732050,6.265731812,359.000002022,358.999988361,0.137563527,0.000134339,0.150000006,12.000000000,869,0.847804878,"laser_frame",true,7.544057760,1,FULL_REVOLUTION
1784821397.375600100,379,1027,1027,-3.124139309,3.141592741,0.006106951,6.265732050,6.265732007,359.000002022,358.999999567,0.112016082,0.000109177,0.150000006,12.000000000,871,0.848101266,"laser_frame",true,6.523863640,1,FULL_REVOLUTION
1784821397.667877197,380,1029,1029,-3.124139309,3.141592741,0.006095070,6.265732050,6.265731884,359.000002022,358.999992523,0.000007389,0.000000007,0.150000006,12.000000000,871,0.846452867,"laser_frame",true,71.175930075,1,FULL_REVOLUTION
1784821397.781599283,381,1029,1029,-3.124139309,3.141592741,0.006095070,6.265732050,6.265731884,359.000002022,358.999992523,0.108222574,0.000105275,0.150000006,12.000000000,873,0.848396501,"laser_frame",true,58.719937918,1,FULL_REVOLUTION
1784821397.903816700,382,1029,1029,-3.124139309,3.141592741,0.006095070,6.265732050,6.265731884,359.000002022,358.999992523,0.121267051,0.000117964,0.150000006,12.000000000,877,0.852283771,"laser_frame",true,48.622883272,1,FULL_REVOLUTION
1784821398.038903713,383,1030,1030,-3.124139309,3.141592741,0.006089147,6.265732050,6.265731969,359.000002022,358.999997406,0.132752523,0.000129011,0.150000006,12.000000000,878,0.852427184,"laser_frame",true,40.382769373,1,FULL_REVOLUTION
1784821398.173936129,384,1029,1029,-3.124139309,3.141592741,0.006095070,6.265732050,6.265731884,359.000002022,358.999992523,0.133379176,0.000129746,0.150000006,12.000000000,873,0.848396501,"laser_frame",true,33.791901118,1,FULL_REVOLUTION
1784821398.299377918,385,1027,1027,-3.124139309,3.141592741,0.006106951,6.265732050,6.265732007,359.000002022,358.999999567,0.123953938,0.000120813,0.150000006,12.000000000,870,0.847127556,"laser_frame",true,28.628925555,1,FULL_REVOLUTION
1784821398.431942463,386,1025,1025,-3.124139309,3.141592741,0.006118879,6.265732050,6.265731812,359.000002022,358.999988361,0.131631553,0.000128546,0.150000006,12.000000000,876,0.854634146,"laser_frame",true,24.410948841,1,FULL_REVOLUTION
1784821398.568561554,387,1024,1024,-3.124139309,3.141592741,0.006124860,6.265732050,6.265731925,359.000002022,358.999994844,0.135658219,0.000132608,0.150000006,12.000000000,873,0.852539062,"laser_frame",true,20.986833980,1,FULL_REVOLUTION
1784821398.690550566,388,1025,1025,-3.124139309,3.141592741,0.006118879,6.265732050,6.265731812,359.000002022,358.999988361,0.120977603,0.000118142,0.150000006,12.000000000,877,0.855609756,"laser_frame",true,18.438500939,1,FULL_REVOLUTION
1784821398.824952602,389,1025,1025,-3.124139309,3.141592741,0.006118879,6.265732050,6.265731812,359.000002022,358.999988361,0.132251114,0.000129151,0.150000006,12.000000000,876,0.854634146,"laser_frame",true,16.238751490,1,FULL_REVOLUTION
1784821398.961844683,390,1027,1027,-3.124139309,3.141592741,0.006106951,6.265732050,6.265732007,359.000002022,358.999999567,0.134844601,0.000131427,0.150000006,12.000000000,873,0.850048685,"laser_frame",true,14.448596721,1,FULL_REVOLUTION
1784821399.095099688,391,1027,1027,-3.124139309,3.141592741,0.006106951,6.265732050,6.265732007,359.000002022,358.999999567,0.131517306,0.000128185,0.150000006,12.000000000,871,0.848101266,"laser_frame",true,13.060236283,1,FULL_REVOLUTION
1784821399.221526861,392,1028,1028,-3.124139309,3.141592741,0.006101005,6.265732050,6.265731908,359.000002022,358.999993911,0.125371382,0.000122075,0.150000006,12.000000000,864,0.840466926,"laser_frame",true,11.914675714,1,FULL_REVOLUTION
1784821399.353072166,393,1029,1029,-3.124139309,3.141592741,0.006095070,6.265732050,6.265731884,359.000002022,358.999992523,0.127426937,0.000123956,0.150000006,12.000000000,881,0.856171040,"laser_frame",true,11.070253449,1,FULL_REVOLUTION
1784821399.490156889,394,1030,1030,-3.124139309,3.141592741,0.006089147,6.265732050,6.265731969,359.000002022,358.999997406,0.130627140,0.000126946,0.150000006,12.000000000,879,0.853398058,"laser_frame",true,10.366554434,1,FULL_REVOLUTION
1784821399.611006737,395,1030,1030,-3.124139309,3.141592741,0.006089147,6.265732050,6.265731969,359.000002022,358.999997406,0.116747253,0.000113457,0.150000006,12.000000000,878,0.852427184,"laser_frame",true,9.952352310,1,FULL_REVOLUTION
1784821399.746388912,396,1031,1031,-3.124139309,3.141592741,0.006083235,6.265732050,6.265731719,359.000002022,358.999983078,0.132486418,0.000128628,0.150000006,12.000000000,885,0.858389913,"laser_frame",true,9.477889000,1,FULL_REVOLUTION
1784821399.881220818,397,1030,1030,-3.124139309,3.141592741,0.006089147,6.265732050,6.265731969,359.000002022,358.999997406,0.132826984,0.000129084,0.150000006,12.000000000,870,0.844660194,"laser_frame",true,9.050406846,1,FULL_REVOLUTION
1784821400.016163826,398,1028,1028,-3.124139309,3.141592741,0.006101005,6.265732050,6.265731908,359.000002022,358.999993911,0.131842241,0.000128376,0.150000006,12.000000000,876,0.852140078,"laser_frame",true,8.709785232,1,FULL_REVOLUTION
1784821400.139103413,399,1029,1029,-3.124139309,3.141592741,0.006095070,6.265732050,6.265731884,359.000002022,358.999992523,0.119545795,0.000116290,0.150000006,12.000000000,874,0.849368319,"laser_frame",true,8.615773425,1,FULL_REVOLUTION
1784821400.274102926,400,1029,1029,-3.124139309,3.141592741,0.006095070,6.265732050,6.265731884,359.000002022,358.999992523,0.132514402,0.000128905,0.150000006,12.000000000,870,0.845481050,"laser_frame",true,8.380142156,1,FULL_REVOLUTION
1784821400.410963058,401,1028,1028,-3.124139309,3.141592741,0.006101005,6.265732050,6.265731908,359.000002022,358.999993911,0.132916868,0.000129422,0.150000006,12.000000000,881,0.857003891,"laser_frame",true,8.160569106,1,FULL_REVOLUTION
1784821400.532173872,402,1028,1028,-3.124139309,3.141592741,0.006101005,6.265732050,6.265731908,359.000002022,358.999993911,0.119312733,0.000116176,0.150000006,12.000000000,879,0.855058366,"laser_frame",true,8.192457371,1,FULL_REVOLUTION
1784821400.667502642,403,1028,1028,-3.124139309,3.141592741,0.006101005,6.265732050,6.265731908,359.000002022,358.999993911,0.133638278,0.000130125,0.150000006,12.000000000,879,0.855058366,"laser_frame",true,8.032853377,1,FULL_REVOLUTION
1784821400.803022623,404,1027,1027,-3.124139309,3.141592741,0.006106951,6.265732050,6.265732007,359.000002022,358.999999567,0.133739114,0.000130350,0.150000006,12.000000000,877,0.853943525,"laser_frame",true,7.882202650,1,FULL_REVOLUTION
1784821400.937921047,405,1027,1027,-3.124139309,3.141592741,0.006106951,6.265732050,6.265732007,359.000002022,358.999999567,0.131508514,0.000128176,0.150000006,12.000000000,869,0.846153846,"laser_frame",true,7.809096324,1,FULL_REVOLUTION
1784821401.060183048,406,1027,1027,-3.124139309,3.141592741,0.006106951,6.265732050,6.265732007,359.000002022,358.999999567,0.120751955,0.000117692,0.150000006,12.000000000,866,0.843232717,"laser_frame",true,7.880060063,1,FULL_REVOLUTION
1784821401.195486546,407,1025,1025,-3.124139309,3.141592741,0.006118879,6.265732050,6.265731812,359.000002022,358.999988361,0.132982671,0.000129866,0.150000006,12.000000000,871,0.849756098,"laser_frame",true,7.773121617,1,FULL_REVOLUTION
1784821401.332180262,408,1024,1024,-3.124139309,3.141592741,0.006124860,6.265732050,6.265731925,359.000002022,358.999994844,0.134060651,0.000131047,0.150000006,12.000000000,878,0.857421875,"laser_frame",true,7.690813747,1,FULL_REVOLUTION
1784821401.455432177,409,1024,1024,-3.124139309,3.141592741,0.006124860,6.265732050,6.265731925,359.000002022,358.999994844,0.121366382,0.000118638,0.150000006,12.000000000,874,0.853515625,"laser_frame",true,7.758653773,1,FULL_REVOLUTION
1784821401.588339806,410,1025,1025,-3.124139309,3.141592741,0.006118879,6.265732050,6.265731812,359.000002022,358.999988361,0.130611911,0.000127551,0.150000006,12.000000000,878,0.856585366,"laser_frame",true,7.687289718,1,FULL_REVOLUTION
1784821401.723440170,411,1027,1027,-3.124139309,3.141592741,0.006106951,6.265732050,6.265732007,359.000002022,358.999999567,0.131246880,0.000127921,0.150000006,12.000000000,879,0.855890944,"laser_frame",true,7.666482073,1,FULL_REVOLUTION
1784821401.846224785,412,1027,1027,-3.124139309,3.141592741,0.006106951,6.265732050,6.265732007,359.000002022,358.999999567,0.119642921,0.000116611,0.150000006,12.000000000,886,0.862706913,"laser_frame",true,7.746434914,1,FULL_REVOLUTION
1784821401.981474400,413,1029,1029,-3.124139309,3.141592741,0.006095070,6.265732050,6.265731884,359.000002022,358.999992523,0.133587494,0.000129949,0.150000006,12.000000000,881,0.856171040,"laser_frame",true,7.692441461,1,FULL_REVOLUTION
1784821402.119610310,414,1029,1029,-3.124139309,3.141592741,0.006095070,6.265732050,6.265731884,359.000002022,358.999992523,0.136693060,0.000132970,0.150000006,12.000000000,883,0.858114674,"laser_frame",true,7.569198295,1,FULL_REVOLUTION
1784821402.240615129,415,1029,1029,-3.124139309,3.141592741,0.006095070,6.265732050,6.265731884,359.000002022,358.999992523,0.117035180,0.000113847,0.150000006,12.000000000,881,0.856171040,"laser_frame",true,7.686502337,1,FULL_REVOLUTION
1784821402.374451876,416,1030,1030,-3.124139309,3.141592741,0.006089147,6.265732050,6.265731969,359.000002022,358.999997406,0.120118096,0.000116733,0.150000006,12.000000000,879,0.853398058,"laser_frame",true,7.654526296,1,FULL_REVOLUTION
1784821402.514289379,417,1029,1029,-3.124139309,3.141592741,0.006095070,6.265732050,6.265731884,359.000002022,358.999992523,0.130111262,0.000126567,0.150000006,12.000000000,879,0.854227405,"laser_frame",true,7.578306279,1,FULL_REVOLUTION
1784821402.644741297,418,1028,1028,-3.124139309,3.141592741,0.006101005,6.265732050,6.265731908,359.000002022,358.999993911,0.128379002,0.000125004,0.150000006,12.000000000,879,0.855058366,"laser_frame",true,7.586766315,1,FULL_REVOLUTION
1784821402.767588377,419,1027,1027,-3.124139309,3.141592741,0.006106951,6.265732050,6.265732007,359.000002022,358.999999567,0.119786069,0.000116751,0.150000006,12.000000000,875,0.851996105,"laser_frame",true,7.728133783,1,FULL_REVOLUTION
1784821402.902500391,420,1027,1027,-3.124139309,3.141592741,0.006106951,6.265732050,6.265732007,359.000002022,358.999999567,0.133955643,0.000130561,0.150000006,12.000000000,875,0.851996105,"laser_frame",true,7.654732951,1,FULL_REVOLUTION
1784821403.037852764,421,1028,1028,-3.124139309,3.141592741,0.006101005,6.265732050,6.265731908,359.000002022,358.999993911,0.133543521,0.000130033,0.150000006,12.000000000,876,0.852140078,"laser_frame",true,7.579968882,1,FULL_REVOLUTION
1784821403.162910938,422,1028,1028,-3.124139309,3.141592741,0.006101005,6.265732050,6.265731908,359.000002022,358.999993911,0.121684946,0.000118486,0.150000006,12.000000000,878,0.854085603,"laser_frame",true,7.650643310,1,FULL_REVOLUTION
1784821403.295816183,423,1027,1027,-3.124139309,3.141592741,0.006106951,6.265732050,6.265732007,359.000002022,358.999999567,0.124357723,0.000121206,0.150000006,12.000000000,870,0.847127556,"laser_frame",true,7.670816197,1,FULL_REVOLUTION
1784821403.430640221,424,1027,1027,-3.124139309,3.141592741,0.006106951,6.265732050,6.265732007,359.000002022,358.999999567,0.133936048,0.000130542,0.150000006,12.000000000,873,0.850048685,"laser_frame",true,7.598606487,1,FULL_REVOLUTION
1784821403.565872669,425,1025,1025,-3.124139309,3.141592741,0.006118879,6.265732050,6.265731812,359.000002022,358.999988361,0.131755427,0.000128667,0.150000006,12.000000000,862,0.840975610,"laser_frame",true,7.578099185,1,FULL_REVOLUTION
1784821403.688667059,426,1026,1026,-3.124139309,3.141592741,0.006112909,6.265732050,6.265731668,359.000002022,358.999980144,0.121708147,0.000118740,0.150000006,12.000000000,872,0.849902534,"laser_frame",true,7.691733944,1,FULL_REVOLUTION
1784821403.823746920,427,1027,1027,-3.124139309,3.141592741,0.006106951,6.265732050,6.265732007,359.000002022,358.999999567,0.133970946,0.000130576,0.150000006,12.000000000,873,0.850048685,"laser_frame",true,7.634055640,1,FULL_REVOLUTION
1784821403.958956003,428,1029,1029,-3.124139309,3.141592741,0.006095070,6.265732050,6.265731884,359.000002022,358.999992523,0.134197876,0.000130543,0.150000006,12.000000000,874,0.849368319,"laser_frame",true,7.575322970,1,FULL_REVOLUTION
1784821404.081716776,429,1029,1029,-3.124139309,3.141592741,0.006095070,6.265732050,6.265731884,359.000002022,358.999992523,0.120617896,0.000117333,0.150000006,12.000000000,864,0.839650146,"laser_frame",true,7.653552812,1,FULL_REVOLUTION
1784821404.218106985,430,1030,1030,-3.124139309,3.141592741,0.006089147,6.265732050,6.265731969,359.000002022,358.999997406,0.134193599,0.000130412,0.150000006,12.000000000,877,0.851456311,"laser_frame",true,7.624070430,1,FULL_REVOLUTION
1784821404.354365587,431,1030,1030,-3.124139309,3.141592741,0.006089147,6.265732050,6.265731969,359.000002022,358.999997406,0.134555370,0.000130763,0.150000006,12.000000000,870,0.844660194,"laser_frame",true,7.568876845,1,FULL_REVOLUTION
1784821404.474788189,432,1028,1028,-3.124139309,3.141592741,0.006101005,6.265732050,6.265731908,359.000002022,358.999993911,0.117266513,0.000114184,0.150000006,12.000000000,878,0.854085603,"laser_frame",true,7.713596063,1,FULL_REVOLUTION
1784821404.609868765,433,1026,1026,-3.124139309,3.141592741,0.006112909,6.265732050,6.265731668,359.000002022,358.999980144,0.133451045,0.000130196,0.150000006,12.000000000,879,0.856725146,"laser_frame",true,7.660438575,1,FULL_REVOLUTION
1784821404.745129108,434,1025,1025,-3.124139309,3.141592741,0.006118879,6.265732050,6.265731812,359.000002022,358.999988361,0.133245453,0.000130123,0.150000006,12.000000000,871,0.849756098,"laser_frame",true,7.607730384,1,FULL_REVOLUTION
1784821404.880186081,435,1022,1022,-3.124139309,3.141592741,0.006136858,6.265732050,6.265731920,359.000002022,358.999994604,0.134079874,0.000131322,0.150000006,12.000000000,871,0.852250489,"laser_frame",true,7.565975736,1,FULL_REVOLUTION
1784821405.002903700,436,1018,1018,-3.124139309,3.141592741,0.006160995,6.265732050,6.265731907,359.000002022,358.999993804,0.121663742,0.000119630,0.150000006,12.000000000,866,0.850687623,"laser_frame",true,7.683637843,1,FULL_REVOLUTION
1784821405.138248682,437,1020,1020,-3.124139309,3.141592741,0.006148903,6.265732050,6.265731851,359.000002022,358.999990602,0.134330124,0.000131825,0.150000006,12.000000000,865,0.848039216,"laser_frame",true,7.624209096,1,FULL_REVOLUTION
1784821405.260714054,438,1023,1023,-3.124139309,3.141592741,0.006130853,6.265732050,6.265731973,359.000002022,358.999997593,0.118831284,0.000116273,0.150000006,12.000000000,865,0.845552297,"laser_frame",true,7.732610732,1,FULL_REVOLUTION
1784821405.395906448,439,1024,1024,-3.124139309,3.141592741,0.006124860,6.265732050,6.265731925,359.000002022,358.999994844,0.134206876,0.000131190,0.150000006,12.000000000,871,0.850585938,"laser_frame",true,7.665344510,1,FULL_REVOLUTION
1784821405.531051636,440,1023,1023,-3.124139309,3.141592741,0.006130853,6.265732050,6.265731973,359.000002022,358.999997593,0.134231508,0.000131342,0.150000006,12.000000000,884,0.864125122,"laser_frame",true,7.612272247,1,FULL_REVOLUTION
1784821405.655738115,441,1025,1025,-3.124139309,3.141592741,0.006118879,6.265732050,6.265731812,359.000002022,358.999988361,0.123787321,0.000120886,0.150000006,12.000000000,874,0.852682927,"laser_frame",true,7.639333294,1,FULL_REVOLUTION
1784821405.788968563,442,1026,1026,-3.124139309,3.141592741,0.006112909,6.265732050,6.265731668,359.000002022,358.999980144,0.131319165,0.000128116,0.150000006,12.000000000,875,0.852826511,"laser_frame",true,7.621081489,1,FULL_REVOLUTION
1784821405.925386429,443,1029,1029,-3.124139309,3.141592741,0.006095070,6.265732050,6.265731884,359.000002022,358.999992523,0.130138382,0.000126594,0.150000006,12.000000000,874,0.849368319,"laser_frame",true,7.545727922,1,FULL_REVOLUTION
1784821406.060457468,444,1030,1030,-3.124139309,3.141592741,0.006089147,6.265732050,6.265731969,359.000002022,358.999997406,0.127214015,0.000123629,0.150000006,12.000000000,875,0.849514563,"laser_frame",true,7.528420936,1,FULL_REVOLUTION
1784821406.185761452,445,1029,1029,-3.124139309,3.141592741,0.006095070,6.265732050,6.265731884,359.000002022,358.999992523,0.120242447,0.000116967,0.150000006,12.000000000,873,0.848396501,"laser_frame",true,7.663612809,1,FULL_REVOLUTION
1784821406.317556620,446,1030,1030,-3.124139309,3.141592741,0.006089147,6.265732050,6.265731969,359.000002022,358.999997406,0.125157401,0.000121630,0.150000006,12.000000000,876,0.850485437,"laser_frame",true,6.676070046,1,FULL_REVOLUTION
1784821406.548139095,447,1030,1030,-3.124139309,3.141592741,0.006089147,6.265732050,6.265731969,359.000002022,358.999997406,0.000007723,0.000000008,0.150000006,12.000000000,873,0.847572816,"laser_frame",true,15.071246381,1,FULL_REVOLUTION
1784821406.577462673,448,1029,1029,-3.124139309,3.141592741,0.006095070,6.265732050,6.265731884,359.000002022,358.999992523,0.003875012,0.000003769,0.150000006,12.000000000,877,0.852283771,"laser_frame",true,32.378001921,1,FULL_REVOLUTION
1784821406.710234642,449,1028,1028,-3.124139309,3.141592741,0.006101005,6.265732050,6.265731908,359.000002022,358.999993911,0.125613004,0.000122311,0.150000006,12.000000000,877,0.853112840,"laser_frame",true,27.281825575,1,FULL_REVOLUTION
1784821406.845308065,450,1029,1029,-3.124139309,3.141592741,0.006095070,6.265732050,6.265731884,359.000002022,358.999992523,0.119361646,0.000116111,0.150000006,12.000000000,873,0.848396501,"laser_frame",true,23.503390822,1,FULL_REVOLUTION
1784821406.981820583,451,1030,1030,-3.124139309,3.141592741,0.006089147,6.265732050,6.265731969,359.000002022,358.999997406,0.131910592,0.000128193,0.150000006,12.000000000,880,0.854368932,"laser_frame",true,20.244833324,1,FULL_REVOLUTION
1784821407.103306055,452,1030,1030,-3.124139309,3.141592741,0.006089147,6.265732050,6.265731969,359.000002022,358.999997406,0.113781057,0.000110574,0.150000006,12.000000000,882,0.856310680,"laser_frame",true,17.871742712,1,FULL_REVOLUTION
1784821407.238509417,453,1028,1028,-3.124139309,3.141592741,0.006101005,6.265732050,6.265731908,359.000002022,358.999993911,0.132842898,0.000129350,0.150000006,12.000000000,872,0.848249027,"laser_frame",true,15.803053132,1,FULL_REVOLUTION
1784821407.373540878,454,1028,1028,-3.124139309,3.141592741,0.006101005,6.265732050,6.265731908,359.000002022,358.999993911,0.132862672,0.000129370,0.150000006,12.000000000,877,0.853112840,"laser_frame",true,14.127228538,1,FULL_REVOLUTION
1784821407.504470348,455,1028,1028,-3.124139309,3.141592741,0.006101005,6.265732050,6.265731908,359.000002022,358.999993911,0.121505171,0.000118311,0.150000006,12.000000000,870,0.846303502,"laser_frame",true,12.803588448,1,FULL_REVOLUTION
1784821407.632030487,456,1028,1028,-3.124139309,3.141592741,0.006101005,6.265732050,6.265731908,359.000002022,358.999993911,0.124756806,0.000121477,0.150000006,12.000000000,869,0.845330739,"laser_frame",true,11.828318466,1,FULL_REVOLUTION
1784821407.766485929,457,1026,1026,-3.124139309,3.141592741,0.006112909,6.265732050,6.265731668,359.000002022,358.999980144,0.130941316,0.000127748,0.150000006,12.000000000,880,0.857699805,"laser_frame",true,10.958588515,1,FULL_REVOLUTION
1784821407.891571045,458,1024,1024,-3.124139309,3.141592741,0.006124860,6.265732050,6.265731925,359.000002022,358.999994844,0.124060936,0.000121272,0.150000006,12.000000000,876,0.855468750,"laser_frame",true,10.358361772,1,FULL_REVOLUTION
1784821408.024408817,459,1024,1024,-3.124139309,3.141592741,0.006124860,6.265732050,6.265731925,359.000002022,358.999994844,0.131915599,0.000128950,0.150000006,12.000000000,884,0.863281250,"laser_frame",true,9.799755274,1,FULL_REVOLUTION
1784821408.159518003,460,1023,1023,-3.124139309,3.141592741,0.006130853,6.265732050,6.265731973,359.000002022,358.999997593,0.133625284,0.000130749,0.150000006,12.000000000,874,0.854349951,"laser_frame",true,9.318987204,1,FULL_REVOLUTION
1784821408.282317638,461,1024,1024,-3.124139309,3.141592741,0.006124860,6.265732050,6.265731925,359.000002022,358.999994844,0.121869721,0.000119130,0.150000006,12.000000000,876,0.855468750,"laser_frame",true,9.083381141,1,FULL_REVOLUTION
1784821408.417587996,462,1026,1026,-3.124139309,3.141592741,0.006112909,6.265732050,6.265731668,359.000002022,358.999980144,0.134260938,0.000130986,0.150000006,12.000000000,872,0.849902534,"laser_frame",true,8.745868644,1,FULL_REVOLUTION
1784821408.558501720,463,1028,1028,-3.124139309,3.141592741,0.006101005,6.265732050,6.265731908,359.000002022,358.999993911,0.139165536,0.000135507,0.150000006,12.000000000,872,0.848249027,"laser_frame",true,8.414824162,1,FULL_REVOLUTION
1784821408.687636852,464,1027,1027,-3.124139309,3.141592741,0.006106951,6.265732050,6.265732007,359.000002022,358.999999567,0.128072724,0.000124827,0.150000006,12.000000000,876,0.852969815,"laser_frame",true,8.282358129,1,FULL_REVOLUTION
1784821408.810625792,465,1028,1028,-3.124139309,3.141592741,0.006101005,6.265732050,6.265731908,359.000002022,358.999993911,0.121016510,0.000117835,0.150000006,12.000000000,873,0.849221790,"laser_frame",true,8.210725578,1,FULL_REVOLUTION
1784821408.945604324,466,1028,1028,-3.124139309,3.141592741,0.006101005,6.265732050,6.265731908,359.000002022,358.999993911,0.130189925,0.000126767,0.150000006,12.000000000,879,0.855058366,"laser_frame",true,8.086058916,1,FULL_REVOLUTION
1784821409.080732584,467,1028,1028,-3.124139309,3.141592741,0.006101005,6.265732050,6.265731908,359.000002022,358.999993911,0.133534878,0.000130024,0.150000006,12.000000000,880,0.856031128,"laser_frame",true,7.929466288,1,FULL_REVOLUTION
1784821409.203595161,468,1028,1028,-3.124139309,3.141592741,0.006101005,6.265732050,6.265731908,359.000002022,358.999993911,0.119990133,0.000116836,0.150000006,12.000000000,870,0.846303502,"laser_frame",true,7.927634332,1,FULL_REVOLUTION
1784821409.338675022,469,1029,1029,-3.124139309,3.141592741,0.006095070,6.265732050,6.265731884,359.000002022,358.999992523,0.133933872,0.000130286,0.150000006,12.000000000,880,0.855199223,"laser_frame",true,7.882639645,1,FULL_REVOLUTION
1784821409.473718643,470,1029,1029,-3.124139309,3.141592741,0.006095070,6.265732050,6.265731884,359.000002022,358.999992523,0.133902535,0.000130255,0.150000006,12.000000000,871,0.846452867,"laser_frame",true,7.788111887,1,FULL_REVOLUTION
1784821409.608795881,471,1028,1028,-3.124139309,3.141592741,0.006101005,6.265732050,6.265731908,359.000002022,358.999993911,0.134020194,0.000130497,0.150000006,12.000000000,882,0.857976654,"laser_frame",true,7.709598347,1,FULL_REVOLUTION
1784821409.731675386,472,1028,1028,-3.124139309,3.141592741,0.006101005,6.265732050,6.265731908,359.000002022,358.999993911,0.121801674,0.000118599,0.150000006,12.000000000,879,0.855058366,"laser_frame",true,7.772676293,1,FULL_REVOLUTION
1784821409.866805315,473,1028,1028,-3.124139309,3.141592741,0.006101005,6.265732050,6.265731908,359.000002022,358.999993911,0.131595328,0.000128136,0.150000006,12.000000000,876,0.852140078,"laser_frame",true,7.714654786,1,FULL_REVOLUTION
1784821410.001825094,474,1028,1028,-3.124139309,3.141592741,0.006101005,6.265732050,6.265731908,359.000002022,358.999993911,0.133832559,0.000130314,0.150000006,12.000000000,878,0.854085603,"laser_frame",true,7.644676012,1,FULL_REVOLUTION
1784821410.127990484,475,1027,1027,-3.124139309,3.141592741,0.006106951,6.265732050,6.265732007,359.000002022,358.999999567,0.124370769,0.000121219,0.150000006,12.000000000,878,0.854917235,"laser_frame",true,7.678397930,1,FULL_REVOLUTION
1784821410.261693239,476,1026,1026,-3.124139309,3.141592741,0.006112909,6.265732050,6.265731668,359.000002022,358.999980144,0.129100025,0.000125951,0.150000006,12.000000000,872,0.849902534,"laser_frame",true,7.670056502,1,FULL_REVOLUTION
1784821410.394972324,477,1027,1027,-3.124139309,3.141592741,0.006106951,6.265732050,6.265732007,359.000002022,358.999999567,0.132250413,0.000128899,0.150000006,12.000000000,883,0.859785784,"laser_frame",true,7.626711228,1,FULL_REVOLUTION
1784821410.518474340,478,1027,1027,-3.124139309,3.141592741,0.006106951,6.265732050,6.265732007,359.000002022,358.999999567,0.121079400,0.000118011,0.150000006,12.000000000,884,0.860759494,"laser_frame",true,7.685343419,1,FULL_REVOLUTION
1784821410.653022766,479,1028,1028,-3.124139309,3.141592741,0.006101005,6.265732050,6.265731908,359.000002022,358.999993911,0.129808471,0.000126396,0.150000006,12.000000000,885,0.860894942,"laser_frame",true,7.608747244,1,FULL_REVOLUTION
1784821410.788682938,480,1029,1029,-3.124139309,3.141592741,0.006095070,6.265732050,6.265731884,359.000002022,358.999992523,0.132593721,0.000128982,0.150000006,12.000000000,887,0.862001944,"laser_frame",true,7.542404035,1,FULL_REVOLUTION
1784821410.922977209,481,1029,1029,-3.124139309,3.141592741,0.006095070,6.265732050,6.265731884,359.000002022,358.999992523,0.127896667,0.000124413,0.150000006,12.000000000,874,0.849368319,"laser_frame",true,7.617244885,1,FULL_REVOLUTION
1784821411.048650026,482,1028,1028,-3.124139309,3.141592741,0.006101005,6.265732050,6.265731908,359.000002022,358.999993911,0.124099031,0.000120836,0.150000006,12.000000000,882,0.857976654,"laser_frame",true,7.654508368,1,FULL_REVOLUTION
1784821411.183611870,483,1030,1030,-3.124139309,3.141592741,0.006089147,6.265732050,6.265731969,359.000002022,358.999997406,0.131932825,0.000128215,0.150000006,12.000000000,890,0.864077670,"laser_frame",true,7.631817720,1,FULL_REVOLUTION
1784821411.316368580,484,1027,1027,-3.124139309,3.141592741,0.006106951,6.265732050,6.265732007,359.000002022,358.999999567,0.131242603,0.000127917,0.150000006,12.000000000,885,0.861733204,"laser_frame",true,7.613191870,1,FULL_REVOLUTION
1784821411.438880444,485,1028,1028,-3.124139309,3.141592741,0.006101005,6.265732050,6.265731908,359.000002022,358.999993911,0.121345177,0.000118155,0.150000006,12.000000000,882,0.857976654,"laser_frame",true,7.719888168,1,FULL_REVOLUTION
1784821411.573903322,486,1028,1028,-3.124139309,3.141592741,0.006101005,6.265732050,6.265731908,359.000002022,358.999993911,0.132591560,0.000129106,0.150000006,12.000000000,881,0.857003891,"laser_frame",true,7.659939643,1,FULL_REVOLUTION
1784821411.708957911,487,1026,1026,-3.124139309,3.141592741,0.006112909,6.265732050,6.265731668,359.000002022,358.999980144,0.134145990,0.000130874,0.150000006,12.000000000,885,0.862573099,"laser_frame",true,7.601596712,1,FULL_REVOLUTION
1784821411.844721317,488,1025,1025,-3.124139309,3.141592741,0.006118879,6.265732050,6.265731812,359.000002022,358.999988361,0.134195864,0.000131051,0.150000006,12.000000000,870,0.848780488,"laser_frame",true,7.560642526,1,FULL_REVOLUTION
1784821411.968533278,489,1025,1025,-3.124139309,3.141592741,0.006118879,6.265732050,6.265731812,359.000002022,358.999988361,0.122226574,0.000119362,0.150000006,12.000000000,878,0.856585366,"laser_frame",true,7.664456861,1,FULL_REVOLUTION
1784821412.103505850,490,1026,1026,-3.124139309,3.141592741,0.006112909,6.265732050,6.265731668,359.000002022,358.999980144,0.132493362,0.000129262,0.150000006,12.000000000,868,0.846003899,"laser_frame",true,7.606021548,1,FULL_REVOLUTION
1784821412.239503622,491,1025,1025,-3.124139309,3.141592741,0.006118879,6.265732050,6.265731812,359.000002022,358.999988361,0.134471029,0.000131319,0.150000006,12.000000000,872,0.850731707,"laser_frame",true,7.561618321,1,FULL_REVOLUTION
1784821412.360012293,492,1027,1027,-3.124139309,3.141592741,0.006106951,6.265732050,6.265732007,359.000002022,358.999999567,0.119539432,0.000116510,0.150000006,12.000000000,878,0.854917235,"laser_frame",true,7.711217310,1,FULL_REVOLUTION
1784821412.495020390,493,1026,1026,-3.124139309,3.141592741,0.006112909,6.265732050,6.265731668,359.000002022,358.999980144,0.133971781,0.000130704,0.150000006,12.000000000,872,0.849902534,"laser_frame",true,7.624313802,1,FULL_REVOLUTION
1784821412.630477905,494,1029,1029,-3.124139309,3.141592741,0.006095070,6.265732050,6.265731884,359.000002022,358.999992523,0.132250518,0.000128648,0.150000006,12.000000000,886,0.861030126,"laser_frame",true,7.600412625,1,FULL_REVOLUTION
1784821412.753525257,495,1029,1029,-3.124139309,3.141592741,0.006095070,6.265732050,6.265731884,359.000002022,358.999992523,0.122039713,0.000118716,0.150000006,12.000000000,884,0.859086492,"laser_frame",true,7.670473324,1,FULL_REVOLUTION
1784821412.888763189,496,1031,1031,-3.124139309,3.141592741,0.006083235,6.265732050,6.265731719,359.000002022,358.999983078,0.131532177,0.000127701,0.150000006,12.000000000,893,0.866149370,"laser_frame",true,7.597586659,1,FULL_REVOLUTION
1784821413.023210526,497,1031,1031,-3.124139309,3.141592741,0.006083235,6.265732050,6.265731719,359.000002022,358.999983078,0.129315048,0.000125549,0.150000006,12.000000000,885,0.858389913,"laser_frame",true,7.598836378,1,FULL_REVOLUTION
1784821413.159576893,498,1030,1030,-3.124139309,3.141592741,0.006089147,6.265732050,6.265731969,359.000002022,358.999997406,0.132600144,0.000128863,0.150000006,12.000000000,894,0.867961165,"laser_frame",true,7.479413911,1,FULL_REVOLUTION
1784821413.281186819,499,1030,1030,-3.124139309,3.141592741,0.006089147,6.265732050,6.265731969,359.000002022,358.999997406,0.112789363,0.000109611,0.150000006,12.000000000,893,0.866990291,"laser_frame",true,7.744354633,1,FULL_REVOLUTION
1784821413.416278124,500,1028,1028,-3.124139309,3.141592741,0.006101005,6.265732050,6.265731908,359.000002022,358.999993911,0.133732677,0.000130217,0.150000006,12.000000000,892,0.867704280,"laser_frame",true,7.676839712,1,FULL_REVOLUTION
1784821413.561939240,501,1026,1026,-3.124139309,3.141592741,0.006112909,6.265732050,6.265731668,359.000002022,358.999980144,0.136378914,0.000133053,0.150000006,12.000000000,892,0.869395712,"laser_frame",true,7.488436666,1,FULL_REVOLUTION
1784821413.675519705,502,1029,1029,-3.124139309,3.141592741,0.006095070,6.265732050,6.265731884,359.000002022,358.999992523,0.109463066,0.000106482,0.150000006,12.000000000,895,0.869776482,"laser_frame",true,7.711963352,1,FULL_REVOLUTION
1784821413.809332848,503,1030,1030,-3.124139309,3.141592741,0.006089147,6.265732050,6.265731969,359.000002022,358.999997406,0.125427902,0.000121893,0.150000006,12.000000000,889,0.863106796,"laser_frame",true,7.671627628,1,FULL_REVOLUTION
1784821413.947175264,504,1030,1030,-3.124139309,3.141592741,0.006089147,6.265732050,6.265731969,359.000002022,358.999997406,0.131385908,0.000127683,0.150000006,12.000000000,885,0.859223301,"laser_frame",true,7.579106837,1,FULL_REVOLUTION
1784821414.079575777,505,1029,1029,-3.124139309,3.141592741,0.006095070,6.265732050,6.265731884,359.000002022,358.999992523,0.131504118,0.000127922,0.150000006,12.000000000,890,0.864917396,"laser_frame",true,7.603948580,1,FULL_REVOLUTION
1784821414.202679396,506,1028,1028,-3.124139309,3.141592741,0.006101005,6.265732050,6.265731908,359.000002022,358.999993911,0.117330059,0.000114245,0.150000006,12.000000000,880,0.856031128,"laser_frame",true,7.716505344,1,FULL_REVOLUTION
1784821414.337458134,507,1029,1029,-3.124139309,3.141592741,0.006095070,6.265732050,6.265731884,359.000002022,358.999992523,0.131624147,0.000128039,0.150000006,12.000000000,877,0.852283771,"laser_frame",true,7.676940451,1,FULL_REVOLUTION
1784821414.472626925,508,1029,1029,-3.124139309,3.141592741,0.006095070,6.265732050,6.265731884,359.000002022,358.999992523,0.133492216,0.000129856,0.150000006,12.000000000,878,0.853255588,"laser_frame",true,7.608691288,1,FULL_REVOLUTION
1784821414.595344543,509,1025,1025,-3.124139309,3.141592741,0.006118879,6.265732050,6.265731812,359.000002022,358.999988361,0.121588953,0.000118739,0.150000006,12.000000000,878,0.856585366,"laser_frame",true,7.735495592,1,FULL_REVOLUTION
1784821414.731236458,510,1024,1024,-3.124139309,3.141592741,0.006124860,6.265732050,6.265731925,359.000002022,358.999994844,0.134084821,0.000131070,0.150000006,12.000000000,879,0.858398438,"laser_frame",true,7.662998652,1,FULL_REVOLUTION
1784821414.865705967,511,1026,1026,-3.124139309,3.141592741,0.006112909,6.265732050,6.265731668,359.000002022,358.999980144,0.133047596,0.000129803,0.150000006,12.000000000,883,0.860623782,"laser_frame",true,7.618016019,1,FULL_REVOLUTION
1784821414.988875151,512,1026,1026,-3.124139309,3.141592741,0.006112909,6.265732050,6.265731668,359.000002022,358.999980144,0.117777608,0.000114905,0.150000006,12.000000000,892,0.869395712,"laser_frame",true,7.700620087,1,FULL_REVOLUTION
1784821415.124504089,513,1025,1025,-3.124139309,3.141592741,0.006118879,6.265732050,6.265731812,359.000002022,358.999988361,0.132914692,0.000129800,0.150000006,12.000000000,879,0.857560976,"laser_frame",true,7.620973186,1,FULL_REVOLUTION
1784821415.260495663,514,1027,1027,-3.124139309,3.141592741,0.006106951,6.265732050,6.265732007,359.000002022,358.999999567,0.132421777,0.000129066,0.150000006,12.000000000,891,0.867575463,"laser_frame",true,7.595383299,1,FULL_REVOLUTION
1784821415.393817425,515,1028,1028,-3.124139309,3.141592741,0.006101005,6.265732050,6.265731908,359.000002022,358.999993911,0.132380441,0.000128900,0.150000006,12.000000000,890,0.865758755,"laser_frame",true,7.577673491,1,FULL_REVOLUTION
1784821415.517505646,516,1029,1029,-3.124139309,3.141592741,0.006095070,6.265732050,6.265731884,359.000002022,358.999992523,0.121313222,0.000118009,0.150000006,12.000000000,886,0.861030126,"laser_frame",true,7.678633962,1,FULL_REVOLUTION
1784821415.651730061,517,1029,1029,-3.124139309,3.141592741,0.006095070,6.265732050,6.265731884,359.000002022,358.999992523,0.133216739,0.000129588,0.150000006,12.000000000,886,0.861030126,"laser_frame",true,7.610016005,1,FULL_REVOLUTION
1784821415.787402391,518,1030,1030,-3.124139309,3.141592741,0.006089147,6.265732050,6.265731969,359.000002022,358.999997406,0.134004176,0.000130228,0.150000006,12.000000000,884,0.858252427,"laser_frame",true,7.574701009,1,FULL_REVOLUTION
1784821415.909708023,519,1028,1028,-3.124139309,3.141592741,0.006101005,6.265732050,6.265731908,359.000002022,358.999993911,0.116638355,0.000113572,0.150000006,12.000000000,888,0.863813230,"laser_frame",true,7.708933259,1,FULL_REVOLUTION
1784821416.044766426,520,1027,1027,-3.124139309,3.141592741,0.006106951,6.265732050,6.265732007,359.000002022,358.999999567,0.133713871,0.000130325,0.150000006,12.000000000,888,0.864654333,"laser_frame",true,7.645319532,1,FULL_REVOLUTION
1784821416.179873228,521,1027,1027,-3.124139309,3.141592741,0.006106951,6.265732050,6.265732007,359.000002022,358.999999567,0.134030923,0.000130634,0.150000006,12.000000000,889,0.865628043,"laser_frame",true,7.599611333,1,FULL_REVOLUTION
1784821416.314948082,522,1025,1025,-3.124139309,3.141592741,0.006118879,6.265732050,6.265731812,359.000002022,358.999988361,0.133564189,0.000130434,0.150000006,12.000000000,888,0.866341463,"laser_frame",true,7.560788117,1,FULL_REVOLUTION
1784821416.437788010,523,1023,1023,-3.124139309,3.141592741,0.006130853,6.265732050,6.265731973,359.000002022,358.999997593,0.121928476,0.000119304,0.150000006,12.000000000,886,0.866080156,"laser_frame",true,7.674939582,1,FULL_REVOLUTION
1784821416.577259064,524,1024,1024,-3.124139309,3.141592741,0.006124860,6.265732050,6.265731925,359.000002022,358.999994844,0.138408199,0.000135296,0.150000006,12.000000000,875,0.854492188,"laser_frame",true,7.520746365,1,FULL_REVOLUTION
1784821416.709440708,525,1026,1026,-3.124139309,3.141592741,0.006112909,6.265732050,6.265731668,359.000002022,358.999980144,0.122344173,0.000119360,0.150000006,12.000000000,882,0.859649123,"laser_frame",true,7.566181031,1,FULL_REVOLUTION
1784821416.832374334,526,1028,1028,-3.124139309,3.141592741,0.006101005,6.265732050,6.265731908,359.000002022,358.999993911,0.121345349,0.000118155,0.150000006,12.000000000,883,0.858949416,"laser_frame",true,7.664179669,1,FULL_REVOLUTION
1784821416.968184948,527,1030,1030,-3.124139309,3.141592741,0.006089147,6.265732050,6.265731969,359.000002022,358.999997406,0.128346205,0.000124729,0.150000006,12.000000000,889,0.863106796,"laser_frame",true,7.599701287,1,FULL_REVOLUTION
1784821417.101113081,528,1030,1030,-3.124139309,3.141592741,0.006089147,6.265732050,6.265731969,359.000002022,358.999997406,0.128375381,0.000124757,0.150000006,12.000000000,886,0.860194175,"laser_frame",true,7.629678845,1,FULL_REVOLUTION
1784821417.223901272,529,1030,1030,-3.124139309,3.141592741,0.006089147,6.265732050,6.265731969,359.000002022,358.999997406,0.121198863,0.000117783,0.150000006,12.000000000,895,0.868932039,"laser_frame",true,7.710400873,1,FULL_REVOLUTION
1784821417.361112356,530,1031,1031,-3.124139309,3.141592741,0.006083235,6.265732050,6.265731719,359.000002022,358.999983078,0.133187696,0.000129308,0.150000006,12.000000000,894,0.867119302,"laser_frame",true,7.639299024,1,FULL_REVOLUTION
1784821417.494149208,531,1030,1030,-3.124139309,3.141592741,0.006089147,6.265732050,6.265731969,359.000002022,358.999997406,0.131721109,0.000128009,0.150000006,12.000000000,889,0.863106796,"laser_frame",true,7.567354272,1,FULL_REVOLUTION
1784821417.629629374,532,1029,1029,-3.124139309,3.141592741,0.006095070,6.265732050,6.265731884,359.000002022,358.999992523,0.133355707,0.000129723,0.150000006,12.000000000,890,0.864917396,"laser_frame",true,7.554183260,1,FULL_REVOLUTION
1784821417.752890348,533,1029,1029,-3.124139309,3.141592741,0.006095070,6.265732050,6.265731884,359.000002022,358.999992523,0.119618677,0.000116361,0.150000006,12.000000000,879,0.854227405,"laser_frame",true,7.702960249,1,FULL_REVOLUTION
1784821417.887841702,534,1028,1028,-3.124139309,3.141592741,0.006101005,6.265732050,6.265731908,359.000002022,358.999993911,0.134027407,0.000130504,0.150000006,12.000000000,883,0.858949416,"laser_frame",true,7.629620980,1,FULL_REVOLUTION
1784821418.022920609,535,1027,1027,-3.124139309,3.141592741,0.006106951,6.265732050,6.265732007,359.000002022,358.999999567,0.132174581,0.000128825,0.150000006,12.000000000,878,0.854917235,"laser_frame",true,7.568394844,1,FULL_REVOLUTION
1784821418.147174835,536,1029,1029,-3.124139309,3.141592741,0.006095070,6.265732050,6.265731884,359.000002022,358.999992523,0.117421031,0.000114223,0.150000006,12.000000000,884,0.859086492,"laser_frame",true,7.698904605,1,FULL_REVOLUTION
1784821418.280221224,537,1028,1028,-3.124139309,3.141592741,0.006101005,6.265732050,6.265731908,359.000002022,358.999993911,0.132059962,0.000128588,0.150000006,12.000000000,886,0.861867704,"laser_frame",true,7.651598336,1,FULL_REVOLUTION
1784821418.415307045,538,1025,1025,-3.124139309,3.141592741,0.006118879,6.265732050,6.265731812,359.000002022,358.999988361,0.134130403,0.000130987,0.150000006,12.000000000,876,0.854634146,"laser_frame",true,7.614305037,1,FULL_REVOLUTION
1784821418.538141012,539,1021,1021,-3.124139309,3.141592741,0.006142874,6.265732050,6.265731733,359.000002022,358.999983879,0.121547908,0.000119165,0.150000006,12.000000000,889,0.870714985,"laser_frame",true,7.718783423,1,FULL_REVOLUTION
1784821418.673325300,540,1019,1019,-3.124139309,3.141592741,0.006154943,6.265732050,6.265731762,359.000002022,358.999985533,0.134131432,0.000131760,0.150000006,12.000000000,880,0.863591757,"laser_frame",true,7.654004223,1,FULL_REVOLUTION
1784821418.808373213,541,1017,1017,-3.124139309,3.141592741,0.006167059,6.265732050,6.265731774,359.000002022,358.999986227,0.133518055,0.000131415,0.150000006,12.000000000,879,0.864306785,"laser_frame",true,7.605258163,1,FULL_REVOLUTION
1784821418.931251764,542,1016,1016,-3.124139309,3.141592741,0.006173135,6.265732050,6.265731803,359.000002022,358.999987881,0.121990025,0.000120187,0.150000006,12.000000000,877,0.863188976,"laser_frame",true,7.709540850,1,FULL_REVOLUTION
1784821419.066387892,543,1018,1018,-3.124139309,3.141592741,0.006160995,6.265732050,6.265731907,359.000002022,358.999993804,0.133600503,0.000131367,0.150000006,12.000000000,874,0.858546169,"laser_frame",true,7.642439427,1,FULL_REVOLUTION
1784821419.202154160,544,1022,1022,-3.124139309,3.141592741,0.006136858,6.265732050,6.265731920,359.000002022,358.999994604,0.134353563,0.000131590,0.150000006,12.000000000,880,0.861056751,"laser_frame",true,7.570838229,1,FULL_REVOLUTION
1784821419.324133873,545,1024,1024,-3.124139309,3.141592741,0.006124860,6.265732050,6.265731925,359.000002022,358.999994844,0.118336804,0.000115676,0.150000006,12.000000000,879,0.858398438,"laser_frame",true,7.725458126,1,FULL_REVOLUTION
1784821419.462091208,546,1026,1026,-3.124139309,3.141592741,0.006112909,6.265732050,6.265731668,359.000002022,358.999980144,0.135207877,0.000131910,0.150000006,12.000000000,876,0.853801170,"laser_frame",true,7.597018011,1,FULL_REVOLUTION
1784821419.594402313,547,1028,1028,-3.124139309,3.141592741,0.006101005,6.265732050,6.265731908,359.000002022,358.999993911,0.128449127,0.000125072,0.150000006,12.000000000,885,0.860894942,"laser_frame",true,7.617649674,1,FULL_REVOLUTION
1784821419.717265606,548,1030,1030,-3.124139309,3.141592741,0.006089147,6.265732050,6.265731969,359.000002022,358.999997406,0.120694458,0.000117293,0.150000006,12.000000000,886,0.860194175,"laser_frame",true,7.711491907,1,FULL_REVOLUTION
1784821419.853475094,549,1030,1030,-3.124139309,3.141592741,0.006089147,6.265732050,6.265731969,359.000002022,358.999997406,0.131724998,0.000128013,0.150000006,12.000000000,877,0.851456311,"laser_frame",true,7.629671666,1,FULL_REVOLUTION
1784821419.988453627,550,1031,1031,-3.124139309,3.141592741,0.006083235,6.265732050,6.265731719,359.000002022,358.999983078,0.131197914,0.000127377,0.150000006,12.000000000,886,0.859359845,"laser_frame",true,7.598377906,1,FULL_REVOLUTION
1784821420.124513626,551,1030,1030,-3.124139309,3.141592741,0.006089147,6.265732050,6.265731969,359.000002022,358.999997406,0.133458734,0.000129698,0.150000006,12.000000000,882,0.856310680,"laser_frame",true,7.559253034,1,FULL_REVOLUTION
1784821420.245437384,552,1030,1030,-3.124139309,3.141592741,0.006089147,6.265732050,6.265731969,359.000002022,358.999997406,0.119896099,0.000116517,0.150000006,12.000000000,877,0.851456311,"laser_frame",true,7.637573769,1,FULL_REVOLUTION
1784821420.383237362,553,1030,1030,-3.124139309,3.141592741,0.006089147,6.265732050,6.265731969,359.000002022,358.999997406,0.133519784,0.000129757,0.150000006,12.000000000,882,0.856310680,"laser_frame",true,7.589569810,1,FULL_REVOLUTION
1784821420.517659903,554,1030,1030,-3.124139309,3.141592741,0.006089147,6.265732050,6.265731969,359.000002022,358.999997406,0.128420636,0.000124801,0.150000006,12.000000000,891,0.865048544,"laser_frame",true,7.546613994,1,FULL_REVOLUTION
1784821420.638530016,555,1029,1029,-3.124139309,3.141592741,0.006095070,6.265732050,6.265731884,359.000002022,358.999992523,0.117439277,0.000114241,0.150000006,12.000000000,882,0.857142857,"laser_frame",true,7.469437322,1,FULL_REVOLUTION
1784821420.773559809,556,1030,1030,-3.124139309,3.141592741,0.006089147,6.265732050,6.265731969,359.000002022,358.999997406,0.111839496,0.000108688,0.150000006,12.000000000,884,0.858252427,"laser_frame",true,7.749301550,1,FULL_REVOLUTION
1784821420.908641577,557,1029,1029,-3.124139309,3.141592741,0.006095070,6.265732050,6.265731884,359.000002022,358.999992523,0.133987695,0.000130338,0.150000006,12.000000000,884,0.859086492,"laser_frame",true,7.680539753,1,FULL_REVOLUTION
1784821421.044485569,558,1029,1029,-3.124139309,3.141592741,0.006095070,6.265732050,6.265731884,359.000002022,358.999992523,0.132893547,0.000129274,0.150000006,12.000000000,877,0.852283771,"laser_frame",true,7.612363449,1,FULL_REVOLUTION
1784821421.166558743,559,1030,1030,-3.124139309,3.141592741,0.006089147,6.265732050,6.265731969,359.000002022,358.999997406,0.120053299,0.000116670,0.150000006,12.000000000,884,0.858252427,"laser_frame",true,7.710603297,1,FULL_REVOLUTION
1784821421.302651405,560,1029,1029,-3.124139309,3.141592741,0.006095070,6.265732050,6.265731884,359.000002022,358.999992523,0.133778140,0.000130134,0.150000006,12.000000000,888,0.862973761,"laser_frame",true,7.634876436,1,FULL_REVOLUTION
1784821421.436896086,561,1029,1029,-3.124139309,3.141592741,0.006095070,6.265732050,6.265731884,359.000002022,358.999992523,0.125716358,0.000122292,0.150000006,12.000000000,888,0.862973761,"laser_frame",true,7.603742687,1,FULL_REVOLUTION
1784821421.559847116,562,1029,1029,-3.124139309,3.141592741,0.006095070,6.265732050,6.265731884,359.000002022,358.999992523,0.117384501,0.000114187,0.150000006,12.000000000,884,0.859086492,"laser_frame",true,7.719495849,1,FULL_REVOLUTION
1784821421.694717169,563,1026,1026,-3.124139309,3.141592741,0.006112909,6.265732050,6.265731668,359.000002022,358.999980144,0.133022577,0.000129778,0.150000006,12.000000000,878,0.855750487,"laser_frame",true,7.666287172,1,FULL_REVOLUTION
1784821421.830128908,564,1020,1020,-3.124139309,3.141592741,0.006148903,6.265732050,6.265731851,359.000002022,358.999990602,0.134317085,0.000131813,0.150000006,12.000000000,875,0.857843137,"laser_frame",true,7.582123721,1,FULL_REVOLUTION
1784821421.958356142,565,1020,1020,-3.124139309,3.141592741,0.006148903,6.265732050,6.265731851,359.000002022,358.999990602,0.122076906,0.000119801,0.150000006,12.000000000,872,0.854901961,"laser_frame",true,7.568124278,1,FULL_REVOLUTION
1784821422.088285685,566,1023,1023,-3.124139309,3.141592741,0.006130853,6.265732050,6.265731973,359.000002022,358.999997593,0.117373988,0.000114847,0.150000006,12.000000000,874,0.854349951,"laser_frame",true,7.674020678,1,FULL_REVOLUTION
1784821422.223245859,567,1024,1024,-3.124139309,3.141592741,0.006124860,6.265732050,6.265731925,359.000002022,358.999994844,0.133043006,0.000130052,0.150000006,12.000000000,882,0.861328125,"laser_frame",true,7.634285499,1,FULL_REVOLUTION
1784821422.345836401,568,1025,1025,-3.124139309,3.141592741,0.006118879,6.265732050,6.265731812,359.000002022,358.999988361,0.120893896,0.000118060,0.150000006,12.000000000,889,0.867317073,"laser_frame",true,7.729992779,1,FULL_REVOLUTION
1784821422.480715513,569,1026,1026,-3.124139309,3.141592741,0.006112909,6.265732050,6.265731668,359.000002022,358.999980144,0.133668408,0.000130408,0.150000006,12.000000000,876,0.853801170,"laser_frame",true,7.651949713,1,FULL_REVOLUTION
1784821422.616773844,570,1026,1026,-3.124139309,3.141592741,0.006112909,6.265732050,6.265731668,359.000002022,358.999980144,0.132512420,0.000129280,0.150000006,12.000000000,877,0.854775828,"laser_frame",true,7.568985668,1,FULL_REVOLUTION
1784821422.739346981,571,1028,1028,-3.124139309,3.141592741,0.006101005,6.265732050,6.265731908,359.000002022,358.999993911,0.117102340,0.000114024,0.150000006,12.000000000,885,0.860894942,"laser_frame",true,7.729139637,1,FULL_REVOLUTION
1784821422.873704672,572,1027,1027,-3.124139309,3.141592741,0.006106951,6.265732050,6.265732007,359.000002022,358.999999567,0.131134510,0.000127811,0.150000006,12.000000000,886,0.862706913,"laser_frame",true,7.683420576,1,FULL_REVOLUTION
1784821423.009481907,573,1028,1028,-3.124139309,3.141592741,0.006101005,6.265732050,6.265731908,359.000002022,358.999993911,0.134280324,0.000130750,0.150000006,12.000000000,882,0.857976654,"laser_frame",true,7.597849184,1,FULL_REVOLUTION
1784821423.143857002,574,1027,1027,-3.124139309,3.141592741,0.006106951,6.265732050,6.265732007,359.000002022,358.999999567,0.130363673,0.000127060,0.150000006,12.000000000,885,0.861733204,"laser_frame",true,7.586498425,1,FULL_REVOLUTION
1784821423.266810656,575,1028,1028,-3.124139309,3.141592741,0.006101005,6.265732050,6.265731908,359.000002022,358.999993911,0.121876761,0.000118673,0.150000006,12.000000000,886,0.861867704,"laser_frame",true,7.697695121,1,FULL_REVOLUTION
1784821423.403285503,576,1027,1027,-3.124139309,3.141592741,0.006106951,6.265732050,6.265732007,359.000002022,358.999999567,0.134744093,0.000131330,0.150000006,12.000000000,877,0.853943525,"laser_frame",true,7.623421668,1,FULL_REVOLUTION
1784821423.537476778,577,1027,1027,-3.124139309,3.141592741,0.006106951,6.265732050,6.265732007,359.000002022,358.999999567,0.133105934,0.000129733,0.150000006,12.000000000,878,0.854917235,"laser_frame",true,7.565528103,1,FULL_REVOLUTION
1784821423.659753561,578,1026,1026,-3.124139309,3.141592741,0.006112909,6.265732050,6.265731668,359.000002022,358.999980144,0.117135391,0.000114278,0.150000006,12.000000000,880,0.857699805,"laser_frame",true,7.706633546,1,FULL_REVOLUTION
1784821423.794882298,579,1023,1023,-3.124139309,3.141592741,0.006130853,6.265732050,6.265731973,359.000002022,358.999997593,0.133224800,0.000130357,0.150000006,12.000000000,872,0.852394917,"laser_frame",true,7.655392270,1,FULL_REVOLUTION
1784821423.930282831,580,1021,1021,-3.124139309,3.141592741,0.006142874,6.265732050,6.265731733,359.000002022,358.999983879,0.134460658,0.000131824,0.150000006,12.000000000,879,0.860920666,"laser_frame",true,7.584102087,1,FULL_REVOLUTION
1784821424.053070545,581,1022,1022,-3.124139309,3.141592741,0.006136858,6.265732050,6.265731920,359.000002022,358.999994604,0.119661622,0.000117200,0.150000006,12.000000000,877,0.858121331,"laser_frame",true,7.686787280,1,FULL_REVOLUTION
1784821424.193110704,582,1024,1024,-3.124139309,3.141592741,0.006124860,6.265732050,6.265731925,359.000002022,358.999994844,0.132647216,0.000129665,0.150000006,12.000000000,886,0.865234375,"laser_frame",true,7.601686670,1,FULL_REVOLUTION
1784821424.324936390,583,1025,1025,-3.124139309,3.141592741,0.006118879,6.265732050,6.265731812,359.000002022,358.999988361,0.126695380,0.000123726,0.150000006,12.000000000,874,0.852682927,"laser_frame",true,7.597300228,1,FULL_REVOLUTION
1784821424.446189404,584,1027,1027,-3.124139309,3.141592741,0.006106951,6.265732050,6.265732007,359.000002022,358.999999567,0.120290145,0.000117242,0.150000006,12.000000000,879,0.855890944,"laser_frame",true,7.692068156,1,FULL_REVOLUTION
1784821424.581808329,585,1027,1027,-3.124139309,3.141592741,0.006106951,6.265732050,6.265732007,359.000002022,358.999999567,0.133140430,0.000129767,0.150000006,12.000000000,885,0.861733204,"laser_frame",true,7.629452032,1,FULL_REVOLUTION
1784821424.716042042,586,1028,1028,-3.124139309,3.141592741,0.006101005,6.265732050,6.265731908,359.000002022,358.999993911,0.131225586,0.000127776,0.150000006,12.000000000,885,0.860894942,"laser_frame",true,7.589605636,1,FULL_REVOLUTION
1784821424.840424776,587,1027,1027,-3.124139309,3.141592741,0.006106951,6.265732050,6.265732007,359.000002022,358.999999567,0.121106170,0.000118037,0.150000006,12.000000000,887,0.863680623,"laser_frame",true,7.706105226,1,FULL_REVOLUTION
1784821424.974045515,588,1025,1025,-3.124139309,3.141592741,0.006118879,6.265732050,6.265731812,359.000002022,358.999988361,0.131599858,0.000128515,0.150000006,12.000000000,880,0.858536585,"laser_frame",true,7.668946450,1,FULL_REVOLUTION
1784821425.109135628,589,1026,1026,-3.124139309,3.141592741,0.006112909,6.265732050,6.265731668,359.000002022,358.999980144,0.133156136,0.000129908,0.150000006,12.000000000,889,0.866471735,"laser_frame",true,7.619181468,1,FULL_REVOLUTION
1784821425.231846809,590,1022,1022,-3.124139309,3.141592741,0.006136858,6.265732050,6.265731920,359.000002022,358.999994604,0.121821202,0.000119316,0.150000006,12.000000000,890,0.870841487,"laser_frame",true,7.725119588,1,FULL_REVOLUTION
1784821425.366954088,591,1022,1022,-3.124139309,3.141592741,0.006136858,6.265732050,6.265731920,359.000002022,358.999994604,0.134172931,0.000131413,0.150000006,12.000000000,880,0.861056751,"laser_frame",true,7.661018844,1,FULL_REVOLUTION
1784821425.503599882,592,1022,1022,-3.124139309,3.141592741,0.006136858,6.265732050,6.265731920,359.000002022,358.999994604,0.134828359,0.000132055,0.150000006,12.000000000,872,0.853228963,"laser_frame",true,7.588341197,1,FULL_REVOLUTION
1784821425.624912500,593,1023,1023,-3.124139309,3.141592741,0.006130853,6.265732050,6.265731973,359.000002022,358.999997593,0.119623519,0.000117048,0.150000006,12.000000000,888,0.868035191,"laser_frame",true,7.721447630,1,FULL_REVOLUTION
1784821425.759968519,594,1024,1024,-3.124139309,3.141592741,0.006124860,6.265732050,6.265731925,359.000002022,358.999994844,0.134059072,0.000131045,0.150000006,12.000000000,877,0.856445312,"laser_frame",true,7.660259583,1,FULL_REVOLUTION
1784821425.895192385,595,1023,1023,-3.124139309,3.141592741,0.006130853,6.265732050,6.265731973,359.000002022,358.999997593,0.133746326,0.000130867,0.150000006,12.000000000,875,0.855327468,"laser_frame",true,7.607249310,1,FULL_REVOLUTION
1784821426.018315554,596,1024,1024,-3.124139309,3.141592741,0.006124860,6.265732050,6.265731925,359.000002022,358.999994844,0.122216024,0.000119468,0.150000006,12.000000000,883,0.862304688,"laser_frame",true,7.690551749,1,FULL_REVOLUTION
1784821426.153052092,597,1026,1026,-3.124139309,3.141592741,0.006112909,6.265732050,6.265731668,359.000002022,358.999980144,0.131806687,0.000128592,0.150000006,12.000000000,880,0.857699805,"laser_frame",true,7.652822143,1,FULL_REVOLUTION
1784821426.288159132,598,1027,1027,-3.124139309,3.141592741,0.006106951,6.265732050,6.265732007,359.000002022,358.999999567,0.133508965,0.000130126,0.150000006,12.000000000,886,0.862706913,"laser_frame",true,7.595423546,1,FULL_REVOLUTION
1784821426.423276186,599,1028,1028,-3.124139309,3.141592741,0.006101005,6.265732050,6.265731908,359.000002022,358.999993911,0.133568436,0.000130057,0.150000006,12.000000000,881,0.857003891,"laser_frame",true,7.562677408,1,FULL_REVOLUTION
1784821426.546224117,600,1029,1029,-3.124139309,3.141592741,0.006095070,6.265732050,6.265731884,359.000002022,358.999992523,0.121471614,0.000118163,0.150000006,12.000000000,884,0.859086492,"laser_frame",true,7.677532233,1,FULL_REVOLUTION
1784821426.681719065,601,1028,1028,-3.124139309,3.141592741,0.006101005,6.265732050,6.265731908,359.000002022,358.999993911,0.133504063,0.000129994,0.150000006,12.000000000,889,0.864785992,"laser_frame",true,7.596275780,1,FULL_REVOLUTION
1784821426.817523956,602,1029,1029,-3.124139309,3.141592741,0.006095070,6.265732050,6.265731884,359.000002022,358.999992523,0.132860556,0.000129242,0.150000006,12.000000000,893,0.867832847,"laser_frame",true,7.561267444,1,FULL_REVOLUTION
1784821426.947880507,603,1028,1028,-3.124139309,3.141592741,0.006101005,6.265732050,6.265731908,359.000002022,358.999993911,0.122732572,0.000119506,0.150000006,12.000000000,874,0.850194553,"laser_frame",true,7.548657588,1,FULL_REVOLUTION
1784821427.076813221,604,1028,1028,-3.124139309,3.141592741,0.006101005,6.265732050,6.265731908,359.000002022,358.999993911,0.123838924,0.000120583,0.150000006,12.000000000,889,0.864785992,"laser_frame",true,7.630259034,1,FULL_REVOLUTION
1784821427.209345341,605,1029,1029,-3.124139309,3.141592741,0.006095070,6.265732050,6.265731884,359.000002022,358.999992523,0.127787471,0.000124307,0.150000006,12.000000000,888,0.862973761,"laser_frame",true,7.622917403,1,FULL_REVOLUTION
1784821427.332244873,606,1027,1027,-3.124139309,3.141592741,0.006106951,6.265732050,6.265732007,359.000002022,358.999999567,0.121528223,0.000118449,0.150000006,12.000000000,885,0.861733204,"laser_frame",true,7.724255958,1,FULL_REVOLUTION
1784821427.467334032,607,1023,1023,-3.124139309,3.141592741,0.006130853,6.265732050,6.265731973,359.000002022,358.999997593,0.133848414,0.000130967,0.150000006,12.000000000,880,0.860215054,"laser_frame",true,7.643559184,1,FULL_REVOLUTION
1784821427.604484081,608,1023,1023,-3.124139309,3.141592741,0.006130853,6.265732050,6.265731973,359.000002022,358.999997593,0.134084195,0.000131198,0.150000006,12.000000000,885,0.865102639,"laser_frame",true,7.572780126,1,FULL_REVOLUTION
1784821427.725170374,609,1025,1025,-3.124139309,3.141592741,0.006118879,6.265732050,6.265731812,359.000002022,358.999988361,0.119780347,0.000116973,0.150000006,12.000000000,884,0.862439024,"laser_frame",true,7.731193764,1,FULL_REVOLUTION
1784821427.863102436,610,1026,1026,-3.124139309,3.141592741,0.006112909,6.265732050,6.265731668,359.000002022,358.999980144,0.136518136,0.000133188,0.150000006,12.000000000,881,0.858674464,"laser_frame",true,7.600536157,1,FULL_REVOLUTION
1784821427.995423794,611,1027,1027,-3.124139309,3.141592741,0.006106951,6.265732050,6.265732007,359.000002022,358.999999567,0.126630887,0.000123422,0.150000006,12.000000000,883,0.859785784,"laser_frame",true,7.635945434,1,FULL_REVOLUTION
1784821428.130737305,612,1025,1025,-3.124139309,3.141592741,0.006118879,6.265732050,6.265731812,359.000002022,358.999988361,0.133747220,0.000130613,0.150000006,12.000000000,887,0.865365854,"laser_frame",true,7.587117010,1,FULL_REVOLUTION
1784821428.253369331,613,1021,1021,-3.124139309,3.141592741,0.006142874,6.265732050,6.265731733,359.000002022,358.999983879,0.121593073,0.000119209,0.150000006,12.000000000,877,0.858961802,"laser_frame",true,7.701222699,1,FULL_REVOLUTION
1784821428.388421297,614,1019,1019,-3.124139309,3.141592741,0.006154943,6.265732050,6.265731762,359.000002022,358.999985533,0.134146407,0.000131774,0.150000006,12.000000000,887,0.870461237,"laser_frame",true,7.640182772,1,FULL_REVOLUTION
1784821428.511268377,615,1019,1019,-3.124139309,3.141592741,0.006154943,6.265732050,6.265731762,359.000002022,358.999985533,0.121820427,0.000119666,0.150000006,12.000000000,872,0.855740922,"laser_frame",true,7.740607513,1,FULL_REVOLUTION
1784821428.646357059,616,1021,1021,-3.124139309,3.141592741,0.006142874,6.265732050,6.265731733,359.000002022,358.999983879,0.134073675,0.000131445,0.150000006,12.000000000,883,0.864838394,"laser_frame",true,7.674878329,1,FULL_REVOLUTION
1784821428.782330513,617,1024,1024,-3.124139309,3.141592741,0.006124860,6.265732050,6.265731925,359.000002022,358.999994844,0.134337425,0.000131317,0.150000006,12.000000000,879,0.858398438,"laser_frame",true,7.598542387,1,FULL_REVOLUTION
1784821428.904315472,618,1025,1025,-3.124139309,3.141592741,0.006118879,6.265732050,6.265731812,359.000002022,358.999988361,0.120894626,0.000118061,0.150000006,12.000000000,885,0.863414634,"laser_frame",true,7.708483320,1,FULL_REVOLUTION
1784821429.040078402,619,1028,1028,-3.124139309,3.141592741,0.006101005,6.265732050,6.265731908,359.000002022,358.999993911,0.131681696,0.000128220,0.150000006,12.000000000,890,0.865758755,"laser_frame",true,7.646929245,1,FULL_REVOLUTION
1784821429.176302433,620,1029,1029,-3.124139309,3.141592741,0.006095070,6.265732050,6.265731884,359.000002022,358.999992523,0.134230986,0.000130575,0.150000006,12.000000000,891,0.865889213,"laser_frame",true,7.595522516,1,FULL_REVOLUTION
1784821429.311717749,621,1029,1029,-3.124139309,3.141592741,0.006095070,6.265732050,6.265731884,359.000002022,358.999992523,0.134434104,0.000130772,0.150000006,12.000000000,897,0.871720117,"laser_frame",true,7.546113872,1,FULL_REVOLUTION
1784821429.435105801,622,1030,1030,-3.124139309,3.141592741,0.006089147,6.265732050,6.265731969,359.000002022,358.999997406,0.119087353,0.000115731,0.150000006,12.000000000,896,0.869902913,"laser_frame",true,7.615145903,1,FULL_REVOLUTION
1784821429.568378687,623,1029,1029,-3.124139309,3.141592741,0.006095070,6.265732050,6.265731884,359.000002022,358.999992523,0.127327338,0.000123859,0.150000006,12.000000000,895,0.869776482,"laser_frame",true,7.613245432,1,FULL_REVOLUTION
1784821429.702907324,624,1030,1030,-3.124139309,3.141592741,0.006089147,6.265732050,6.265731969,359.000002022,358.999997406,0.131093860,0.000127399,0.150000006,12.000000000,890,0.864077670,"laser_frame",true,7.596782017,1,FULL_REVOLUTION
1784821429.825464725,625,1027,1027,-3.124139309,3.141592741,0.006106951,6.265732050,6.265732007,359.000002022,358.999999567,0.120431796,0.000117380,0.150000006,12.000000000,889,0.865628043,"laser_frame",true,7.718250317,1,FULL_REVOLUTION
1784821429.960652113,626,1025,1025,-3.124139309,3.141592741,0.006118879,6.265732050,6.265731812,359.000002022,358.999988361,0.134209380,0.000131064,0.150000006,12.000000000,883,0.861463415,"laser_frame",true,7.654627110,1,FULL_REVOLUTION
1784821430.096966982,627,1024,1024,-3.124139309,3.141592741,0.006124860,6.265732050,6.265731925,359.000002022,358.999994844,0.135238543,0.000132198,0.150000006,12.000000000,886,0.865234375,"laser_frame",true,7.588943643,1,FULL_REVOLUTION
1784821430.220824480,628,1024,1024,-3.124139309,3.141592741,0.006124860,6.265732050,6.265731925,359.000002022,358.999994844,0.122197427,0.000119450,0.150000006,12.000000000,875,0.854492188,"laser_frame",true,7.665846963,1,FULL_REVOLUTION
1784821430.353779554,629,1027,1027,-3.124139309,3.141592741,0.006106951,6.265732050,6.265732007,359.000002022,358.999999567,0.129574016,0.000126290,0.150000006,12.000000000,892,0.868549172,"laser_frame",true,7.633037188,1,FULL_REVOLUTION
1784821430.488920927,630,1027,1027,-3.124139309,3.141592741,0.006106951,6.265732050,6.265732007,359.000002022,358.999999567,0.130336151,0.000127033,0.150000006,12.000000000,886,0.862706913,"laser_frame",true,7.607179468,1,FULL_REVOLUTION
1784821430.623913050,631,1027,1027,-3.124139309,3.141592741,0.006106951,6.265732050,6.265732007,359.000002022,358.999999567,0.133274600,0.000129897,0.150000006,12.000000000,888,0.864654333,"laser_frame",true,7.570685422,1,FULL_REVOLUTION
1784821430.746636391,632,1026,1026,-3.124139309,3.141592741,0.006112909,6.265732050,6.265731668,359.000002022,358.999980144,0.121254422,0.000118297,0.150000006,12.000000000,887,0.864522417,"laser_frame",true,7.685661462,1,FULL_REVOLUTION
1784821430.882881641,633,1026,1026,-3.124139309,3.141592741,0.006112909,6.265732050,6.265731668,359.000002022,358.999980144,0.135271177,0.000131972,0.150000006,12.000000000,897,0.874269006,"laser_frame",true,7.601152038,1,FULL_REVOLUTION
1784821431.017028093,634,1026,1026,-3.124139309,3.141592741,0.006112909,6.265732050,6.265731668,359.000002022,358.999980144,0.133074462,0.000129829,0.150000006,12.000000000,892,0.869395712,"laser_frame",true,7.587450641,1,FULL_REVOLUTION
1784821431.139723778,635,1028,1028,-3.124139309,3.141592741,0.006101005,6.265732050,6.265731908,359.000002022,358.999993911,0.121738337,0.000118538,0.150000006,12.000000000,889,0.864785992,"laser_frame",true,7.672609653,1,FULL_REVOLUTION
1784821431.274904013,636,1027,1027,-3.124139309,3.141592741,0.006106951,6.265732050,6.265732007,359.000002022,358.999999567,0.132873178,0.000129506,0.150000006,12.000000000,892,0.868549172,"laser_frame",true,7.640821297,1,FULL_REVOLUTION
1784821431.410023451,637,1026,1026,-3.124139309,3.141592741,0.006112909,6.265732050,6.265731668,359.000002022,358.999980144,0.133936793,0.000130670,0.150000006,12.000000000,891,0.868421053,"laser_frame",true,7.592948704,1,FULL_REVOLUTION
1784821431.532786846,638,1023,1023,-3.124139309,3.141592741,0.006130853,6.265732050,6.265731973,359.000002022,358.999997593,0.121749304,0.000119128,0.150000006,12.000000000,875,0.855327468,"laser_frame",true,7.703302594,1,FULL_REVOLUTION
1784821431.668516636,639,1020,1020,-3.124139309,3.141592741,0.006148903,6.265732050,6.265731851,359.000002022,358.999990602,0.134718865,0.000132207,0.150000006,12.000000000,876,0.858823529,"laser_frame",true,7.637274871,1,FULL_REVOLUTION
1784821431.803196669,640,1017,1017,-3.124139309,3.141592741,0.006167059,6.265732050,6.265731774,359.000002022,358.999986227,0.133798376,0.000131691,0.150000006,12.000000000,884,0.869223206,"laser_frame",true,7.591263508,1,FULL_REVOLUTION
1784821431.925843239,641,1018,1018,-3.124139309,3.141592741,0.006160995,6.265732050,6.265731907,359.000002022,358.999993804,0.120917112,0.000118896,0.150000006,12.000000000,880,0.864440079,"laser_frame",true,7.707745893,1,FULL_REVOLUTION
1784821432.061031580,642,1018,1018,-3.124139309,3.141592741,0.006160995,6.265732050,6.265731907,359.000002022,358.999993804,0.134245425,0.000132001,0.150000006,12.000000000,875,0.859528487,"laser_frame",true,7.644825986,1,FULL_REVOLUTION
1784821432.183740377,643,1018,1018,-3.124139309,3.141592741,0.006160995,6.265732050,6.265731907,359.000002022,358.999993804,0.121761478,0.000119726,0.150000006,12.000000000,876,0.860510806,"laser_frame",true,7.745639798,1,FULL_REVOLUTION
1784821432.318972349,644,1017,1017,-3.124139309,3.141592741,0.006167059,6.265732050,6.265731774,359.000002022,358.999986227,0.134244740,0.000132131,0.150000006,12.000000000,877,0.862340216,"laser_frame",true,7.675880715,1,FULL_REVOLUTION
