timestamp,raw_odom_age_sec,scan_age_sec,rf2o_rate_hz,scan_rate_hz,x,y,yaw_deg,delta_translation_m,delta_yaw_deg,translation_speed_mps,yaw_rate_degps,roll_deg,pitch_deg,valid,status_reason
1784822113.177622080,inf,inf,0.000000000,0.000000000,0.000000000,0.000000000,0.000000000,0.000000000,0.000000000,0.000000000,0.000000000,-0.795043370,1.076557208,false,WAITING_FOR_SCAN
1784822114.177025557,inf,0.004385857,0.000000000,7.499732560,0.000000000,0.000000000,0.000000000,0.000000000,0.000000000,0.000000000,0.000000000,-0.538305339,1.048321099,false,WAITING_FOR_ODOM
1784822115.177191973,0.020663147,0.092508177,8.822019305,7.616108953,-0.000240829,0.000510733,0.045285575,0.000415546,0.104678325,0.003063320,0.771667590,-0.711541675,1.110903353,true,OK
1784822116.177088499,0.021471816,0.050255907,8.939158210,7.621009855,0.002222728,0.002739192,-0.285012275,0.000530557,0.027976455,0.003923209,0.206872208,-0.721259393,1.172926614,true,OK
1784822117.177011013,0.021911884,0.019464996,8.036049796,7.775547790,0.002918053,0.002015667,-0.352166821,0.000312918,0.320816066,0.002338892,2.397927397,-0.769174761,1.197914807,true,OK
1784822118.176956892,0.022265098,0.111018265,8.449064491,7.790542614,0.003972420,0.002673994,-0.574567769,0.000968947,0.098911718,0.007884522,0.804864906,-0.757447729,1.156048417,true,OK
1784822119.176981449,0.022471125,0.066854325,8.938269982,7.735543326,0.004498318,0.003557299,-0.484850617,0.000911509,0.131221234,0.006741512,0.970511068,-0.715835677,1.143543004,true,OK
1784822120.176985502,0.112273452,0.021479679,8.735909587,7.667035149,0.003178779,0.003779497,-0.453232972,0.000713405,0.362616904,0.005803482,2.949853455,-0.717399845,1.139385417,true,OK
1784822121.176979780,0.022891141,0.113965580,8.159359993,7.707274501,0.002839263,0.002758019,-0.644735216,0.000555424,0.158258778,0.004112756,1.171861885,-0.719146476,1.112722169,true,OK
1784822122.176994085,0.023025795,0.069990813,8.712031707,7.680973266,0.002485166,0.003253429,-0.321164583,0.000726796,0.111905833,0.005381194,0.828549832,-0.712291550,1.145086117,true,OK
1784822123.177004814,0.321622665,0.296588546,7.999198903,7.774756850,0.002247341,0.003822055,-0.486916352,0.000933938,0.106531181,0.006914048,0.788662183,-0.664077991,1.100548093,true,OK
1784822124.176988602,0.068691595,0.129534839,8.413981089,7.594781803,0.002321059,0.003820694,-0.332793250,0.000607841,0.090654086,0.004947324,0.737848997,-0.711854503,1.108491128,true,OK
1784822125.176987886,0.170569304,0.083453488,8.731237210,7.631197117,0.001923861,0.003527345,-0.527831975,0.000668166,0.098911718,0.005441620,0.805547796,-0.712489941,1.081757619,true,OK
1784822126.176931143,0.070192481,0.041491318,8.124117495,7.638822811,0.004095437,0.003882593,-0.411682694,0.000936174,0.065610604,0.006926531,0.485437510,-0.699557707,1.094896146,true,OK
1784822127.176984549,0.068793862,0.010043962,8.554886153,7.726580746,0.003074522,0.004083531,-0.509970670,0.000581852,0.151951085,0.004747221,1.239739293,-0.663162531,1.086496116,true,OK
1784822128.176986694,0.063222552,0.099300175,8.125337869,7.112586641,0.001788122,0.003722530,-0.461265411,0.000642943,0.380007046,0.004738233,2.800499883,-0.760310137,1.131018572,true,OK
1784822129.176980019,0.170514029,0.056697346,8.846219058,7.556337694,0.002625071,0.003449017,-0.714054928,0.000175377,0.065610604,0.001329655,0.497438490,-0.735564719,1.144226399,true,OK
1784822130.177175999,0.068356819,0.018473095,8.372263025,7.649404944,0.003285852,0.004086472,-0.641548418,0.000491431,0.115349902,0.003639398,0.854248420,-0.721750829,1.145993250,true,OK
1784822131.177045345,0.068594388,0.115873017,8.807213128,7.760907434,0.002595563,0.004349891,-0.181838520,0.000468746,0.088469326,0.003816983,0.720402020,-0.733398101,1.140966722,true,OK
1784822132.177035570,0.270548422,0.330338800,8.719017089,7.679350082,0.002543835,0.003362431,-0.552500360,0.000869082,0.111905833,0.006424932,0.827294939,-0.720583699,1.140161282,true,OK
1784822133.177067280,0.068817334,0.040641533,7.590937686,16.666070678,0.002788378,0.003507165,-0.681229713,0.000284164,0.128729352,0.000243563,0.110336578,-0.725874439,1.121545983,false,WAITING_FOR_ODOM
1784822134.177099943,0.065731246,0.131517383,8.407464030,9.592984795,0.003213764,0.003634575,-0.469875038,0.000259431,0.111905833,0.001920071,0.828224870,-0.739571219,1.138755314,true,OK
1784822135.176998138,0.156083373,0.083423986,8.541961504,8.086444630,0.002947573,0.004224304,-0.264030746,0.000267808,0.106531181,0.002217663,0.882163089,-0.704034582,1.149646173,true,OK
1784822136.177045822,0.048751839,0.039791579,7.943153826,7.743934893,0.003408147,0.003838224,-0.551101082,0.000591608,0.115349902,0.004851657,0.945960594,-0.710599374,1.158933684,true,OK
1784822137.177831411,0.068328905,0.122380343,10.028776181,7.654847207,0.003285903,0.003739112,-0.324260414,0.000496959,0.096913294,0.003707795,0.723067183,-0.675182933,1.115103791,true,OK
1784822138.177024841,0.068410118,0.090673599,9.269604666,7.805291479,0.003654388,0.003949183,-0.379899882,0.000404289,0.115349902,0.003287913,0.938091253,-0.717018583,1.174586110,true,OK
1784822139.177178621,0.069844345,0.046918622,8.066529385,7.715175222,0.002734988,0.004549245,-0.010544857,0.000152806,0.100870555,0.001245246,0.822014291,-0.749581653,1.151108010,true,OK
1784822140.177023888,0.069359173,0.002964760,8.832360841,7.660348887,0.003484796,0.004384547,-0.142573982,0.000803157,0.108352360,0.006032142,0.813784194,-0.735417276,1.129649895,true,OK
1784822141.177154541,0.169908757,0.093997413,8.776746153,7.651796421,0.003031584,0.004505215,-0.189837471,0.000592249,0.104678325,0.004381344,0.774390331,-0.671241703,1.125273249,true,OK
1784822142.177042723,0.070014369,0.062190985,7.683572482,7.746465535,0.001386577,0.002428108,-0.065785621,0.000627843,0.137056110,0.004648493,1.014751557,-0.746513161,1.082767667,true,OK
1784822143.177463531,0.067115394,0.015328687,8.313145705,7.649976341,0.003486938,0.004914103,0.066395842,0.000582920,0.117033931,0.004745887,0.952841085,-0.745849817,1.135532764,true,OK
1784822144.178609371,0.053146265,0.110702031,8.574306505,7.749453444,0.003227958,0.005142065,-0.274948731,0.001215468,0.160712550,0.009113746,1.205044598,-0.744560105,1.122785057,true,OK
1784822145.177141190,0.163065865,0.064248462,8.732028406,7.672342187,0.003769695,0.005042486,-0.208436576,0.000128425,0.120331298,0.001045582,0.979688044,-0.738843306,1.139888098,true,OK
1784822146.177075863,0.059880207,0.020981559,8.357147406,7.703871964,0.005126004,0.005412347,-0.306097025,0.001845561,0.076616680,0.015362968,0.637778716,-0.750372876,1.132690310,true,OK
1784822147.177026510,0.070604747,0.112235506,8.893129665,7.734571953,0.002833225,0.006646377,-0.674794147,0.000413768,0.034264021,0.003373996,0.279399876,-0.769065138,1.146721568,true,OK
1784822148.177753925,0.166699074,0.069105641,8.966213924,7.712462302,0.002738410,0.005354021,-0.963811487,0.001600172,0.251009959,0.013341847,2.092860635,-0.721249398,1.116367599,true,OK
1784822149.177149534,0.067441436,0.020798243,8.420289036,7.658722599,0.002612040,0.005956481,-0.434009375,0.000709861,0.137056110,0.005692647,1.099106052,-0.755058721,1.136762276,true,OK
1784822150.177075386,0.071117112,0.114891789,8.803459182,7.738537918,0.002534699,0.007468112,-0.639743050,0.000298433,0.098911718,0.002429334,0.805171866,-0.714863052,1.130645047,true,OK
1784822151.177026033,0.168822633,0.070965576,9.008593553,7.725704231,-0.000062215,0.005865509,-0.759065008,0.000545013,0.110143430,0.004037652,0.815982718,-0.713001196,1.115041450,true,OK
1784822152.177291155,0.059415242,0.027107840,8.299899805,7.686063019,0.001561639,0.007080675,-1.076698693,0.000224759,0.071326251,0.001818272,0.577020025,-0.746691208,1.135851203,true,OK
1784822153.177137136,0.071284595,0.118093436,8.880253425,7.698296671,0.000196630,0.007171172,-0.962603279,0.001255102,0.000000000,0.009286633,0.000000000,-0.704028745,1.127297251,true,OK
1784822154.177039862,0.170188133,0.087168057,8.792717973,7.795079396,0.000426007,0.007566764,-0.818017453,0.000350566,0.244694222,0.002595670,1.811773479,-0.651217310,1.105657886,true,OK
1784822155.177044153,0.067447560,0.041736270,8.066835027,7.672768716,0.000117321,0.007094750,-1.309866305,0.001175527,0.123540700,0.009569885,1.005736040,-0.783483847,1.142684220,true,OK
1784822156.177073956,0.068670227,0.010980254,8.537436387,7.729446461,0.000788400,0.006974976,-1.522252471,0.001160096,0.204630240,0.009442843,1.665630439,-0.791460083,1.149046432,true,OK
1784822157.177047968,0.070453502,0.101326433,8.862142083,7.704897429,0.001644269,0.007199521,-0.793250926,0.000140363,0.334550216,0.001042109,2.483825400,-0.754324189,1.160328616,true,OK
1784822158.176976204,0.169183266,0.070635253,8.993246784,7.766494755,0.002226858,0.007081104,-1.001041089,0.000320690,0.106531181,0.002375206,0.789029079,-0.676832400,1.094662531,true,OK
1784822159.177015305,0.068348123,0.038650829,8.210515783,7.801733240,0.001004029,0.007029374,-1.265760892,0.000589246,0.121946558,0.004361064,0.902537468,-0.771806779,1.151853031,true,OK
1784822160.177080631,0.068672024,0.129938128,8.745926467,7.787729521,0.001499947,0.006237181,-1.465744882,0.000231229,0.092787413,0.001880189,0.754481714,-0.729479346,1.140839488,true,OK
1784822161.177034378,0.169222284,0.085297031,8.752383080,7.678667973,0.002038379,0.006396150,-1.178828472,0.000343805,0.137056110,0.002796030,1.114623548,-0.731045995,1.143824305,true,OK
1784822162.177038670,0.071126248,0.053738780,8.079331178,7.723388947,0.001914059,0.006306305,-1.119337578,0.000183953,0.113640914,0.001498268,0.925587834,-0.747549008,1.145912807,true,OK
1784822163.177040815,0.069350223,0.021621824,8.454593406,7.788741027,0.001613135,0.005767416,-1.122436786,0.000259808,0.034264021,0.001923779,0.253712153,-0.773273003,1.168779456,true,OK
1784822164.177068233,0.065209411,0.113538867,8.781727883,7.757015311,0.002187147,0.004758684,-1.362914487,0.000618370,0.092787413,0.005030333,0.754809424,-0.768646691,1.136454131,true,OK
1784822165.177071333,0.169834789,0.081713030,8.880997955,7.804943943,0.003441649,0.004893741,-1.083532415,0.000923474,0.126668806,0.006833582,0.937332327,-0.837070096,1.157300807,true,OK
1784822166.177148581,0.069348866,0.037913456,8.188768563,7.716319598,0.003983412,0.005192046,-1.196112049,0.001611531,0.135620930,0.013176715,1.108907184,-0.743783616,1.113695985,true,OK
1784822167.177028894,0.069011898,0.004917338,8.538398329,7.744049803,0.005369013,0.004618933,0.165417040,0.000679836,0.102792073,0.005035071,0.761308591,-0.750412068,1.112165749,true,OK
1784822168.177054644,0.070639058,0.097289600,8.888552535,7.720922385,0.006956722,0.005758606,-0.330369757,0.000863110,0.317751846,0.006397601,2.355262134,-0.780632304,1.146673064,true,OK
1784822169.177039146,0.063165783,0.050845761,7.969405403,7.633823567,0.005951009,0.004923551,-1.281696334,0.001143330,0.062557256,0.008331686,0.455867747,-0.736442782,1.121933756,true,OK
1784822170.177087784,0.060880465,0.008744425,8.405163513,7.619889063,0.008078583,0.006825395,-1.424125295,0.001025409,0.212142087,0.007591682,1.570607489,-0.766218394,1.136066435,true,OK
1784822171.179221392,0.068878152,0.102092471,8.829817952,7.674993000,0.008678105,0.007385879,-1.420817809,0.000635712,0.083929371,0.004704685,0.621132164,-0.703282156,1.156938782,true,OK
1784822172.177010536,0.169115451,0.056403516,9.048566083,7.649127864,0.008402091,0.006043761,-1.625232084,0.000253863,0.104678325,0.001905147,0.785573220,-0.649802642,1.122273768,true,OK
1784822173.177057266,0.060891902,0.019878992,8.318108320,7.709942339,0.008837118,0.006711134,-1.468972203,0.000031818,0.106531181,0.000238450,0.798356769,-0.779709890,1.150811101,true,OK
1784822174.177075386,0.065694556,0.103139017,8.837422684,7.661703912,0.008588564,0.006653421,-1.290363577,0.000850783,0.383084100,0.006296955,2.835343710,-0.745441858,1.154682260,true,OK
1784822175.177366734,0.056240946,0.058561622,7.807593617,7.648113830,0.008211044,0.005754249,-1.570876351,0.000390576,0.316517850,0.002882229,2.335722942,-0.741258117,1.141764526,true,OK
1784822176.177047253,0.070514697,0.024408862,8.710002366,7.739334265,0.008753988,0.005981183,-1.706449049,0.000683500,0.404935262,0.005061463,2.998631977,-0.776627760,1.149903561,true,OK
1784822177.176956654,0.069293500,0.118523257,8.804404766,7.785002118,0.010087172,0.005414307,-1.357016345,0.001113244,0.131221234,0.009063454,1.068334980,-0.831916415,1.141546454,true,OK
1784822178.177073240,0.171774562,0.074765193,9.030871708,7.709178870,0.009396956,0.006015021,-1.243383828,0.001085347,0.055952910,0.008832320,0.455332672,-0.673776624,1.103489371,true,OK
1784822179.177136898,0.058523577,0.029424654,8.154096186,7.661733754,0.008046143,0.003937991,-1.352763325,0.000446067,0.090654086,0.003631216,0.737971192,-0.724325085,1.077900719,true,OK
1784822180.177082062,0.070772127,0.121328169,9.056538419,7.742969812,0.008880078,0.003692499,0.060137484,0.000330837,0.096913294,0.002750327,0.805662356,-0.716455476,1.101759025,true,OK
1784822181.177052021,0.164500383,0.069056581,8.813765642,7.612233629,0.008135446,0.004217514,-0.023114157,0.000484502,0.100870555,0.003982566,0.829148070,-0.743147924,1.121803567,true,OK
1784822182.177075624,0.064873190,0.033931267,8.199900834,7.709780536,0.007716873,0.003673662,-0.072915915,0.000106527,0.110143430,0.000867454,0.896902140,-0.752324536,1.113018358,true,OK
1784822183.177105665,0.071075534,0.121464486,8.824469374,7.703889610,0.008132525,0.003816702,-0.496760722,0.001080523,0.547869377,0.008640684,4.381178850,-0.724802817,1.133965106,true,OK
1784822184.177136898,0.159745291,0.078793792,8.694845207,7.676254692,0.007946015,0.003145249,-0.194970361,0.000777587,0.367441312,0.006316352,2.984732286,-0.756143714,1.134001911,true,OK
1784822185.177038193,0.059902225,0.036349802,8.375669024,7.691188239,0.006018107,0.003213022,0.288653316,0.000137886,0.108352360,0.001120220,0.880283693,-0.718946830,1.117738353,true,OK
1784822186.176992416,0.067866990,0.124520868,8.740955265,7.693328389,0.005767815,0.002530465,0.368140149,0.000148150,0.000000000,0.001203950,0.000000000,-0.749748768,1.095760050,true,OK
1784822187.177090883,0.070837207,0.095705281,9.098014836,7.802006824,0.007405595,0.002679558,0.217095412,0.000642862,0.118694067,0.005290859,0.976871891,-0.732189876,1.122897801,true,OK
1784822188.177071333,0.067598433,0.052066159,8.016608350,7.717690400,0.007216669,0.003067798,0.192401520,0.000577634,0.110143430,0.004709925,0.898090042,-0.798026751,1.123431148,true,OK
1784822189.177044392,0.070367811,0.008464647,8.537417855,7.656824240,0.007339558,0.004737786,0.256752587,0.000714659,0.307741377,0.005330273,2.295284166,-0.731137983,1.131388147,true,OK
1784822190.177047014,0.069334229,0.111725545,8.842458093,7.805270596,0.007808981,0.004568469,-1.055934492,0.000581762,0.123540700,0.004738878,1.006329780,-0.720314198,1.140607658,true,OK
1784822191.177411556,0.151530625,0.053358018,8.817548372,7.572724483,0.007129451,0.003022016,-0.097261073,0.000793803,0.111905833,0.006393876,0.901372062,-0.717868935,1.137655356,true,OK
1784822192.177068949,0.069383717,0.023030045,8.503205991,7.680328716,0.008090488,0.004033109,-1.101834611,0.000717173,0.113640914,0.005846706,0.926450500,-0.721363721,1.133102083,true,OK
1784822193.177098513,0.064708402,0.114085996,8.900814101,7.660304616,0.008064816,0.004708237,-1.250119339,0.000404000,0.098911718,0.002989966,0.732036420,-0.705495671,1.147540477,true,OK
1784822194.177114487,0.116667019,0.069792513,8.166524965,7.696216037,0.007740172,0.003318711,-1.419990279,0.000429867,0.131221234,0.003268890,0.997860909,-0.738330904,1.117575055,true,OK
1784822195.177094221,0.070604446,0.037505833,8.029754867,7.761118950,0.009541061,0.004402610,-1.430488921,0.000331331,0.110143430,0.002452354,0.815228498,-0.743051944,1.118590333,true,OK
1784822196.177063465,0.067169479,0.117142264,9.097878630,7.735519153,0.009008578,0.004150470,-1.191277382,0.000252652,0.135620930,0.001869808,1.003694520,-0.733848863,1.123338467,true,OK
1784822197.177021265,0.169273801,0.071286175,8.960865790,7.642236588,0.009396186,0.005457666,-1.295392731,0.000374475,0.120331298,0.002773013,0.891061702,-0.742012069,1.129038924,true,OK
1784822198.177163124,0.069530423,0.042088376,8.110388709,7.777652986,0.007681613,0.003871143,-1.388990305,0.000311616,0.106531181,0.002308774,0.789292971,-0.739734534,1.118376852,true,OK
1784822199.177053213,0.068842592,0.133073124,8.514562268,7.757141987,0.008370715,0.003267718,-1.646989441,0.000307004,0.283930297,0.002499700,2.311827222,-0.743436747,1.123877494,true,OK
1784822200.177049875,0.165320687,0.088505382,8.043889119,7.032325238,0.007783296,0.003417094,-1.778438083,0.000842242,0.224684355,0.006190239,1.651366943,-0.734555343,1.136993302,true,OK
1784822201.177055597,0.068198373,0.057720350,7.958018666,7.670705506,0.007401937,0.004450950,-1.703189135,0.000809508,0.000000000,0.005994501,0.000000000,-0.707245528,1.121459568,true,OK
1784822202.177042723,0.069581934,0.013671876,8.536787859,7.691446185,0.007483542,0.003801726,-1.680051449,0.000338374,0.132704012,0.002755832,1.080785501,-0.780068067,1.141588840,true,OK
1784822203.177128792,0.071174909,0.103080091,9.134580029,7.681411474,0.007829708,0.002803454,-2.055429124,0.000215015,0.092787413,0.001585058,0.684016011,-0.723910212,1.123671899,true,OK
1784822204.177045345,0.169484035,0.072375743,9.157415119,7.789194413,0.008152882,0.002975397,-1.855600154,0.000533537,0.115349902,0.003948859,0.853737319,-0.741523525,1.126250673,true,OK
1784822205.177078247,0.069760095,0.027767879,8.431890473,7.703809218,0.008858432,0.004188446,-1.971375637,0.001587942,0.117033931,0.012942875,0.953911210,-0.786354559,1.152714740,true,OK
1784822206.177034378,0.063393969,0.119242885,9.092206497,7.708075588,0.010395866,0.004343808,-2.009010166,0.000468733,0.088469326,0.003463781,0.653759158,-0.703142485,1.179958651,true,OK
1784822207.177036524,0.167293728,0.068697013,9.110876958,7.574816900,0.010545479,0.003562355,-2.044928304,0.000783762,0.129721514,0.005795041,0.959145245,-0.722182603,1.150758996,true,OK
1784822208.177042961,0.067772137,0.044354937,8.096444422,7.795785964,0.010878535,0.004173259,-2.081058460,0.000913666,0.052339156,0.006766394,0.387611327,-0.752440273,1.146321559,true,OK
1784822209.177046537,0.069117901,0.135026745,8.871175474,7.761316655,0.010966351,0.005081421,-1.933117283,0.001579420,0.497321922,0.012836930,4.042044953,-0.719926133,1.159174211,true,OK
1784822210.177031994,0.067461225,0.091293289,9.034196346,7.714918677,0.010244068,0.004427856,-2.348897845,0.000746032,0.159490387,0.005525613,1.181293542,-0.705375340,1.153331220,true,OK
1784822211.177123308,0.068207804,0.056707357,8.097275454,7.783814163,0.011880042,0.003753787,-2.482520544,0.000566088,0.307741377,0.004135488,2.248167776,-0.721693061,1.165082331,true,OK
1784822212.177013159,0.069447472,0.003190352,8.691006073,7.662712405,0.012096420,0.005149374,-2.385639180,0.000907347,0.280463362,0.006702842,2.071865387,-0.724123007,1.168346433,true,OK
1784822213.177113771,0.060516102,0.093944153,8.857976257,7.688521958,0.011948871,0.004973854,-2.282357008,0.000247496,0.071326251,0.001833131,0.528291879,-0.680205988,1.121378745,true,OK
1784822214.177036524,0.070012067,0.050258878,8.005778161,7.685590866,0.011981549,0.004643829,-2.296644490,0.000414237,0.104678325,0.003068095,0.775311826,-0.721513036,1.137176210,true,OK
1784822215.177309752,0.070741424,0.018663806,8.481515894,7.724779514,0.013181371,0.004221483,-2.400299014,0.000217873,0.000000000,0.001771691,0.000000000,-0.762451689,1.151461251,true,OK
1784822216.176967621,0.067344492,0.109009085,8.800124400,7.761161680,0.013899119,0.004801390,-2.260964135,0.001054019,0.126668806,0.008556803,1.028330737,-0.749127640,1.158892970,true,OK
1784822217.177054167,0.168756100,0.065619981,8.985640243,7.697776770,0.013721857,0.005484111,-2.230891986,0.000342462,0.120331298,0.002790725,0.980581333,-0.737581800,1.128189693,true,OK
1784822218.177031755,0.069006027,0.033996647,8.481595028,7.492175029,0.014551094,0.004707189,-2.162333336,0.000646396,0.399094517,0.004925335,3.040974155,-0.730245053,1.127994063,true,OK
1784822219.177068472,0.069156440,0.124760926,8.794731535,7.706571238,0.014743826,0.005255548,-2.212611710,0.000351716,0.128204252,0.002858326,1.041890403,-0.776262765,1.129669294,true,OK
1784822220.177035093,0.165703412,0.080765599,8.742941844,7.669689597,0.014510543,0.005866862,-2.284260742,0.000298984,0.260947217,0.002433829,2.124193480,-0.718765952,1.136419120,true,OK
1784822221.177086115,0.047998969,0.046429145,7.866643745,7.783019754,0.013853457,0.005803640,-2.069936302,0.000816264,0.173589404,0.005987492,1.273319374,-0.775215359,1.141723232,true,OK
1784822222.177040815,0.064189485,0.004695083,8.823817626,7.761201491,0.014792655,0.005182414,-2.083342556,0.000311076,0.102792073,0.002302885,0.760965673,-0.792704874,1.165195519,true,OK
1784822223.177013159,0.040808593,0.094030699,8.606924082,7.803220623,0.015018244,0.005603665,-2.176179435,0.000502527,0.396635488,0.004086613,3.225488391,-0.709983198,1.143837156,true,OK
1784822224.177082300,0.071491296,0.050561251,8.027047618,7.727323982,0.014877184,0.006440834,-1.523230812,0.000793641,0.092787413,0.005875721,0.686951835,-0.716815108,1.164832660,true,OK
1784822225.177105427,0.063966094,0.008449731,8.443438449,7.716623186,0.013809229,0.006900579,-1.948656020,0.000506956,0.083929371,0.004138096,0.685084768,-0.664990237,1.153367254,true,OK
1784822226.177071571,0.069656004,0.098802848,9.027203041,7.756415821,0.014359331,0.006035701,-2.126993587,0.000534042,0.104678325,0.004343429,0.851362037,-0.616925985,1.136761959,true,OK
1784822227.177178860,0.170866650,0.054586134,9.168978283,7.700947194,0.015347943,0.006443098,-1.984871878,0.000648972,0.094872788,0.005283382,0.772374345,-0.715179526,1.182164609,true,OK
1784822228.177793026,0.069180030,0.009353666,8.437451978,7.644713488,0.015413850,0.006676145,-1.715245759,0.000591051,0.027976455,0.004806927,0.227528253,-0.711689769,1.166794408,true,OK
1784822229.177067995,0.067624635,0.102801751,8.823596369,7.659590924,0.014153520,0.006099165,-1.791570242,0.000299217,0.079129369,0.002217617,0.586458755,-0.778117633,1.149636526,true,OK
1784822230.178189993,0.169685385,0.071395840,9.306590962,7.771164190,0.014933951,0.005976087,-1.777093869,0.000596831,0.098911718,0.004415343,0.731746253,-0.679793336,1.192687846,true,OK
1784822231.177747965,0.070185843,0.138428906,8.656861946,7.514421644,0.014641628,0.006025623,-1.783112067,0.000498726,0.132704012,0.003663683,0.974855105,-0.705855199,1.206047211,true,OK
1784822232.177019358,0.062527505,0.095984130,8.898114474,7.603838132,0.015389712,0.006597884,-1.625702508,0.000524018,0.386643028,0.003878724,2.861890472,-0.734614808,1.220925607,true,OK
1784822233.177042246,0.158040587,0.196928558,9.169932466,7.852307705,0.014282927,0.006364512,-2.234550447,0.000762467,0.044234660,0.006319450,0.366624032,-0.742403210,1.215190829,true,OK
1784822234.177085400,0.031141445,0.015349272,13.302847919,8.066796848,0.015210395,0.006069193,-2.356791756,0.000566244,0.303257891,0.004617118,2.472744168,-0.736190490,1.204677941,true,OK
1784822235.177404404,0.069545681,0.103458044,10.829133784,7.779893560,0.015696858,0.007135081,-2.227325594,0.000173602,0.118694067,0.001430861,0.978302006,-0.752672110,1.206763823,true,OK
1784822236.177042246,0.070196128,0.064835043,8.427248069,7.763822971,0.015611198,0.007654010,-1.825566570,0.000974502,0.071326251,0.007220045,0.528453007,-0.720615767,1.177499603,true,OK
1784822237.177082062,0.070216816,0.018270878,8.282615398,7.634317488,0.016815592,0.008879920,-1.942462654,0.000308070,0.126668806,0.002282599,0.938532947,-0.691884983,1.182359335,true,OK
1784822238.177026033,0.069567112,0.110808102,8.823930253,7.695371274,0.017214839,0.008145781,-1.942226092,0.000725159,0.111905833,0.005340500,0.824140583,-0.698700994,1.140277313,true,OK
1784822239.177098513,0.104529213,0.064168878,8.087970876,7.641398894,0.017239836,0.008583733,-1.774413187,0.000586196,0.055952910,0.004221267,0.402923766,-0.738150258,1.188210770,true,OK
1784822240.182067633,0.067853453,0.108035024,8.005875055,7.217229037,0.016641552,0.008965414,-1.733391638,0.000489115,0.346615132,0.003618069,2.563970408,-0.743230971,1.178044161,true,OK
1784822241.177041769,0.068276967,0.114782338,8.711912591,7.441449766,0.015291793,0.007844814,-2.235869832,0.001387670,0.232390036,0.010283801,1.722205528,-0.723220663,1.180728663,true,OK
1784822242.177046537,0.168432816,0.082931166,8.818242758,7.740728627,0.016756362,0.007559423,-2.059566294,0.000463101,0.204630240,0.003425042,1.513422997,-0.755550372,1.204185983,true,OK
1784822243.177034140,0.041811344,0.035494933,8.080920677,7.698220576,0.017276089,0.007481473,-1.767659254,0.000768424,0.039564681,0.006252760,0.321942757,-0.717978229,1.191832978,true,OK
1784822244.177042961,0.049332330,0.128703688,9.057860018,7.831529247,0.016253053,0.007987146,-1.972579056,0.000127245,0.394657242,0.001035786,3.212556934,-0.715657545,1.187006793,true,OK
1784822245.177044630,0.169757476,0.086331106,9.001043615,7.725468902,0.016214160,0.007208169,-2.105280187,0.000603462,0.252564227,0.004905715,2.053167408,-0.718407792,1.197766765,true,OK
1784822246.177297115,0.070942738,0.042368493,9.172686260,7.709150932,0.018399653,0.006164410,-2.002154687,0.001470979,0.019782341,0.010971036,0.147543117,-0.725075418,1.191806847,true,OK
1784822247.177177906,0.069313617,0.006095294,8.728973571,7.685166738,0.018850075,0.007302299,-2.111554371,0.001074432,0.132704012,0.008752198,1.080991320,-0.781576709,1.214562040,true,OK
1784822248.177098036,0.071373105,0.098126612,9.817079369,7.827195391,0.018446018,0.007526760,-1.821090325,0.000834332,0.120331298,0.006648053,0.958813939,-0.701577786,1.215185943,true,OK
1784822249.177033186,0.056404861,0.053811931,8.451831213,7.721567506,0.017196302,0.007178573,-2.407866780,0.001823977,0.317135448,0.013481371,2.344010307,-0.646824946,1.161704716,true,OK
1784822250.177124500,0.063727193,0.013757025,8.398015597,7.733676960,0.017501046,0.007327899,-2.489904576,0.000987944,0.519641379,0.008076688,4.248196980,-0.719359996,1.211993356,true,OK
1784822251.177749872,0.065616380,0.097425226,8.732268316,7.628440157,0.018597018,0.007385093,-1.896889176,0.000084804,0.111905833,0.000621962,0.820724587,-0.710909157,1.218078931,true,OK
1784822252.177079201,0.166371579,0.060505838,8.981007110,7.684431103,0.016884697,0.007866337,-2.155117274,0.001146425,0.322033601,0.009334392,2.622053192,-0.786570937,1.193637475,true,OK
1784822253.177114725,0.069387181,0.015289831,8.448271890,7.665552207,0.017298638,0.006207741,-2.034562303,0.000584337,0.074018747,0.004678582,0.592641919,-0.719325820,1.189980263,true,OK
1784822254.176979542,0.067876099,0.094946063,8.830154110,7.585042929,0.016749090,0.006462760,-1.890051826,0.000762201,0.106531181,0.006187260,0.864779879,-0.729295397,1.138160108,true,OK
1784822255.177271128,0.166584112,0.062188374,8.942343964,7.698426398,0.016913126,0.006935914,-1.822906318,0.000808630,0.128204252,0.006522455,1.034102226,-0.757983925,1.162366326,true,OK
1784822256.177280426,0.062553405,0.018324756,8.221398769,7.690560523,0.012962731,0.005148231,-2.257910007,0.000740974,0.159490387,0.006020775,1.295936921,-0.718000945,1.145629283,true,OK
1784822257.177629948,0.064438888,0.111131963,8.683310215,7.760170882,0.010205366,0.003286243,-2.520906588,0.000903197,0.379491794,0.007359849,3.092350826,-0.717043477,1.117170553,true,OK
1784822258.177106619,0.169357888,0.060508567,9.008203533,7.629612888,0.012404686,0.003494336,-2.059680468,0.000957453,0.110143430,0.007792754,0.896462866,-0.761632710,1.138429311,true,OK
1784822259.177142382,0.070522944,0.023054214,8.215426764,7.657482478,0.012381270,0.003333771,-1.980813661,0.000716880,0.149353439,0.005312847,1.106867930,-0.726166843,1.137505266,true,OK
1784822260.177102327,0.066690700,0.113527559,8.830647655,7.676062203,0.010973394,0.004294117,-2.153759941,0.002044592,0.149353439,0.015132206,1.105378127,-0.716275969,1.125856642,true,OK
1784822261.177067518,0.166959211,0.064740382,8.767503088,7.589137497,0.009838383,0.001303815,-1.956043013,0.000179384,0.121946558,0.001331784,0.905356287,-0.642730124,1.113765294,true,OK
1784822262.177116156,0.067380740,0.038036539,8.199429783,7.776054940,0.009743484,0.001184266,-1.941960209,0.000154886,0.019782341,0.001147288,0.146533478,-0.724768254,1.135294376,true,OK
1784822263.177044630,0.071186079,0.129303207,8.815937452,7.757597286,0.008096040,-0.000508722,-1.905798099,0.001114487,0.092787413,0.009080047,0.755966001,-0.747581602,1.113810152,true,OK
1784822264.177174330,0.066583903,0.097082660,8.953607688,7.803965879,0.009376771,0.000495351,-2.213979663,0.001169637,0.259443188,0.009535850,2.115196057,-0.744686945,1.122184949,true,OK
1784822265.177424431,0.070136308,0.048800033,8.010718300,7.698596436,0.007383639,-0.003010288,-2.247759816,0.000635717,0.019782341,0.004713044,0.146661144,-0.795693175,1.127768767,true,OK
1784822266.177032232,0.070109587,0.009481380,8.520844043,7.736384789,0.009593894,0.001719184,-2.244155904,0.000642553,0.329244226,0.004757632,2.437812543,-0.762700250,1.176013380,true,OK
1784822267.177027225,0.068078248,0.100162053,9.084151689,7.770250709,0.009467892,0.001903993,-2.060181150,0.000259446,0.335717938,0.002114985,2.736751006,-0.686112792,1.146239247,true,OK
1784822268.177075863,0.169592547,0.056578511,9.051935956,7.709460656,0.008996259,0.001413354,-1.975924663,0.000544379,0.123540700,0.004419153,1.002876738,-0.721203200,1.167389118,true,OK
1784822269.177047491,0.065915277,0.011194358,8.339321096,7.747842777,0.008819212,0.000937566,-1.929220597,0.000015786,0.094872788,0.000117108,0.703795980,-0.730179754,1.158506501,true,OK
1784822270.177033901,0.069880768,0.102972864,8.807162867,7.692617652,0.009503016,0.001263445,-1.951116169,0.000397390,0.059347027,0.002939754,0.439029196,-0.725970557,1.159645561,true,OK
1784822271.177249432,0.162449170,0.069574130,8.853047552,7.729628456,0.009354285,0.002476156,-1.888305743,0.000492158,0.159490387,0.003646243,1.181614647,-0.720205755,1.156446484,true,OK
1784822272.177062988,0.059573087,0.024750658,8.939821527,7.863195690,0.010181445,0.002103331,-1.728773861,0.000551865,0.113640914,0.004546241,0.936169876,-0.697661512,1.157475858,true,OK
1784822273.177025318,0.061257527,0.118547711,8.777013051,7.810141040,0.010537578,0.001951396,-1.529114925,0.000500554,0.131221234,0.004082990,1.070364631,-0.709709186,1.153511016,true,OK
1784822274.177104473,0.158062857,0.069902661,8.668324093,7.660977253,0.010794200,0.002193284,-1.415111239,0.000526670,0.094872788,0.004282462,0.771430372,-0.613710599,1.123334337,true,OK
1784822275.177024603,0.036894714,0.029911298,9.770856741,7.729258409,0.009798598,0.001967507,-1.445997815,0.000484387,0.096913294,0.003498107,0.699881313,-0.753137575,1.143547987,true,OK
1784822276.177059650,0.067629130,0.122132676,9.433838310,7.710530238,0.010248561,0.001900657,-1.463973847,0.000363583,0.104678325,0.002691253,0.774831808,-0.720575549,1.158037634,true,OK
1784822277.177086115,0.167686933,0.086556836,8.870559527,7.733622995,0.010715894,0.001946036,-1.296453769,0.000405814,0.059347027,0.003000776,0.438839786,-0.740373057,1.163287766,true,OK
1784822278.177102566,0.046574066,0.044468001,9.993276746,7.771909542,0.011252660,0.002338263,-1.317216691,0.000488412,0.110143430,0.003609094,0.813899535,-0.696703343,1.139438613,true,OK
1784822279.177045107,0.070212544,0.002486872,9.054071886,7.719031219,0.011005767,0.003515351,-1.271384634,0.000729069,0.134170395,0.005933186,1.091882803,-0.721095545,1.148158343,true,OK
1784822280.178168297,0.066769404,0.090565127,9.436659860,7.917694956,0.010838394,0.002733451,-1.519526450,0.001199117,0.131221234,0.008772760,0.960017134,-0.714593891,1.135856176,true,OK
1784822281.177842379,0.062012518,0.047907199,7.893237212,7.705478081,0.011717301,0.002380495,-1.361011153,0.000475393,0.098911718,0.003749342,0.780099669,-0.739381875,1.147297489,true,OK
1784822282.177026749,0.069286815,0.005066173,11.309214538,7.726053387,0.012729437,0.004160940,-1.139710570,0.000252865,0.081564685,0.002056544,0.663364001,-0.717745679,1.171775745,true,OK
1784822283.177077055,0.070938661,0.096350344,9.549145882,7.688510313,0.013056728,0.004281006,-0.994787314,0.000525244,0.055952910,0.003890625,0.414458540,-0.701117808,1.135268221,true,OK
1784822284.177054882,0.069954688,0.064664749,8.126747649,7.754016802,0.013241383,0.004026639,-1.314842675,0.000373641,0.104678325,0.002764968,0.774627134,-0.737568113,1.179521773,true,OK
1784822285.181988239,0.075179107,0.021167830,8.451759699,7.649442746,0.014059059,0.004728783,-1.302369247,0.000428237,0.125114538,0.003480542,1.016882020,-0.749606023,1.177094734,true,OK
1784822286.180417538,0.072592900,0.114686906,8.914306281,7.723376778,0.014316907,0.003342829,-1.403705255,0.000517273,0.418246580,0.003846653,3.110251740,-0.702271831,1.153037530,true,OK
1784822287.177071095,0.167876086,0.067797032,9.467743495,7.693723490,0.014877434,0.004239909,-1.314562188,0.000713419,0.142652530,0.005820486,1.163841707,-0.745435291,1.189150013,true,OK
1784822288.176967382,0.068198229,0.036065212,8.283063949,7.855753145,0.015282588,0.003780418,-1.115601399,0.000525920,0.157017511,0.003895493,1.163029270,-0.779521978,1.175274701,true,OK
1784822289.177009821,0.067089437,0.127364778,8.700276287,7.804123126,0.015266395,0.003770237,-1.178795877,0.000365666,0.117033931,0.002991074,0.957313260,-0.691883024,1.163222963,true,OK
1784822290.177025557,0.069313969,0.083364898,7.652932540,7.865545575,0.015206793,0.004395056,-1.000094416,0.000138848,0.135620930,0.001043181,1.018934523,-0.728844009,1.171869914,true,OK
1784822291.177169323,0.070031010,0.039358554,8.213488407,7.730636110,0.015385768,0.004925629,-1.280804405,0.000894858,0.110143430,0.007283672,0.896509412,-0.710670686,1.193110243,true,OK
1784822292.177086830,0.063134189,0.007101161,10.066082210,7.786547278,0.015276956,0.004964687,-1.170839954,0.000819343,0.223811772,0.006037033,1.649076257,-0.715331483,1.159564630,true,OK
1784822293.177047968,0.065261013,0.098791223,9.164644296,7.915252324,0.015407725,0.004149684,-1.257854673,0.001239816,0.204630240,0.010183332,1.680747332,-0.732278644,1.147438270,true,OK
1784822294.177062511,0.168673917,0.054736378,9.044658149,7.749852500,0.015665485,0.005440729,-1.110064214,0.000164616,0.296075307,0.001340652,2.411271349,-0.721645147,1.140998824,true,OK
1784822295.176997185,0.067993709,0.009863246,7.974409583,7.676069667,0.015295327,0.005730085,-1.025129504,0.000649733,0.181308225,0.004806419,1.341233702,-0.717959213,1.159968271,true,OK
1784822296.177090406,0.065605822,0.098274895,8.794731095,7.651354268,0.015836382,0.005113448,-1.146178952,0.000469253,0.120331298,0.003502080,0.898044368,-0.744748705,1.135841392,true,OK
1784822297.177392721,0.169087804,0.058178317,9.012605584,7.677523279,0.016021992,0.006188957,-1.299109042,0.000152108,0.374822532,0.001240967,3.057972219,-0.683606286,1.176522270,true,OK
1784822298.177083731,0.067166889,0.013642195,8.449148912,7.633786427,0.016949682,0.005917782,-1.069571490,0.001664767,0.386136634,0.012322465,2.858150974,-0.736100695,1.164107570,true,OK
1784822299.178864717,0.069046280,0.065891072,1491.808630199,800.625786437,0.015471801,0.006692062,-1.457010523,0.001602605,0.138476416,0.013049703,1.127587038,-0.733027633,1.166621283,true,OK
1784822300.177184820,0.069559223,0.048556746,257.043077187,140.859170667,0.016468270,0.005898375,-1.428306773,0.000139523,0.096913294,0.001031382,0.716404857,-0.767133095,1.184975736,true,OK
1784822301.177115917,0.063636171,0.003165671,50.147425624,30.074841828,0.015710500,0.005942547,-1.430514131,0.000291739,0.106531181,0.002103014,0.767934308,-0.691282406,1.157104383,true,OK
1784822302.177109241,0.264290892,0.043623151,19.443348538,22.260271472,0.016521874,0.006794439,-1.232890565,0.000787882,0.415430061,0.006623817,3.492570038,-0.685927475,1.156256354,true,OK
1784822303.178061485,0.067967361,0.035040185,11.310601744,10.226035494,0.015654370,0.006266723,-1.758301666,0.000347596,0.076616680,0.002813001,0.620038861,-0.738517545,1.149790176,true,OK
1784822304.177049398,0.069353089,0.130373588,9.256199541,8.281924503,0.016012877,0.004970672,-1.489645053,0.000791502,0.111905833,0.006442791,0.910908168,-0.746637012,1.125583624,true,OK
1784822305.177113056,0.156342478,0.081712802,8.915085485,7.778816879,0.015995236,0.005140245,-1.498001676,0.001070790,0.198810171,0.008731631,1.621173916,-0.738061600,1.127262903,true,OK
1784822306.180181026,0.065718441,0.033490564,8.795374994,7.777153458,0.015514877,0.005500598,-1.348610458,0.000446273,0.110143430,0.003260671,0.804756764,-0.738375711,1.158439240,true,OK
1784822307.177584410,0.060651453,0.120420008,9.387776814,7.758950914,0.014700148,0.003891195,-1.353940353,0.000383316,0.309010431,0.002875637,2.318194886,-0.722277853,1.146099909,true,OK
1784822308.177679539,0.172028963,0.076785078,9.066214778,7.682435182,0.016051415,0.003590039,-1.605215956,0.000468590,0.164324520,0.003809380,1.335869592,-0.721555119,1.150960758,true,OK
1784822309.176968813,0.058365680,0.033038255,8.157387233,7.671094268,0.015526931,0.004370228,-1.358941773,0.001144919,0.128204252,0.009302247,1.041634772,-0.724773162,1.151884549,true,OK
1784822310.176980495,0.068301726,0.000392678,8.839628653,7.771326382,0.015544418,0.004635868,-1.001115533,0.000400226,0.000000000,0.002968028,0.000000000,-0.735330297,1.156716655,true,OK
1784822311.179596186,0.371548201,0.018170131,8.149665527,6.559343413,0.016382508,0.004300836,-1.162757762,0.000070892,0.098911718,0.000524746,0.732152936,-0.728414553,1.159580259,false,LOW_ANGULAR_COVERAGE
1784822312.177179098,0.065911394,0.048203684,7.391512109,7.357102925,0.016835920,0.003870345,-1.081570612,0.000625224,0.081187150,0.000484821,0.062955414,-0.712560623,1.142830681,false,WAITING_FOR_ODOM
1784822313.177128077,0.065444843,0.004596918,9.050825129,8.537540237,0.017125331,0.005318012,-0.721351029,0.000815211,0.204630240,0.006651973,1.669746126,-0.737723274,1.139458677,true,OK
1784822314.177281380,0.163174512,0.083880762,8.889498229,7.878003149,0.016704987,0.006319619,-0.999312905,0.000602262,0.138476416,0.004573863,1.051655066,-0.683804087,1.158925289,true,OK
1784822315.177452087,0.007537621,0.034665213,7.979082104,7.630840232,0.015855328,0.004784703,-0.906266123,0.000643879,0.102792073,0.004763878,0.760529717,-0.708847767,1.175423604,true,OK
1784822316.177047253,0.069046010,0.007547380,9.208123502,7.727802829,0.016655659,0.005674176,-0.714881481,0.000019367,0.096913294,0.000157309,0.787190568,-0.721392454,1.143938447,true,OK
1784822317.177065611,0.069297630,0.098574030,9.414578169,7.749585769,0.017177938,0.007013292,-0.514529328,0.000649490,0.096913294,0.005277155,0.787427936,-0.734413661,1.162145636,true,OK
1784822318.177043438,0.168708519,0.054269965,9.136038623,7.709964146,0.016353021,0.007521612,-0.814518873,0.001350139,0.157017511,0.011044369,1.284429727,-0.655126424,1.138020509,true,OK
1784822319.177052498,0.067167176,0.010273742,8.442692569,7.646834458,0.016555216,0.005627019,-0.851404276,0.000623562,0.118694067,0.004627162,0.880772948,-0.786730136,1.147395257,true,OK
1784822320.177050591,0.069217777,0.101181723,8.846139069,7.667860332,0.015971999,0.004500701,-0.949269244,0.000260775,0.108352360,0.001927823,0.801012162,-0.726898157,1.132630345,true,OK
1784822321.177053452,0.169376783,0.069950244,8.973326490,7.784900781,0.015846820,0.004936962,-0.629642298,0.000609024,0.118694067,0.004529928,0.882847673,-0.696882847,1.112629875,true,OK
1784822322.176952839,0.067870495,0.022998096,8.394072557,7.676733792,0.013328041,0.003328105,-0.937322086,0.000757076,0.203671772,0.006166328,1.658890902,-0.744256922,1.079993515,true,OK
1784822323.177225113,0.060390358,0.101858374,8.941044584,7.604321940,0.011567746,0.000829715,-1.113201105,0.000353166,0.237388267,0.002852624,1.917453266,-0.696921594,1.098377018,true,OK
1784822324.177049398,0.167951650,0.071351343,9.210971598,7.761687343,0.012869817,0.002982356,-0.695474682,0.001210267,0.160712550,0.008949453,1.188407074,-0.720933928,1.148443543,true,OK
1784822325.178841352,0.069474787,0.028608881,8.467937506,7.688180252,0.013531846,0.003772298,-0.432632675,0.000907459,0.144017660,0.007377330,1.170813871,-0.735877004,1.135536695,true,OK
1784822326.177509308,0.167843814,0.107675907,8.962030631,7.630470536,0.012349830,0.002483650,-0.563999127,0.001641549,0.362616904,0.012139586,2.681624535,-0.714245696,1.151719450,true,OK
1784822327.177245855,0.169345288,0.062900566,10.079316333,7.437682767,0.014368188,0.003333086,-0.479803252,0.000600526,0.129721514,0.004493321,0.970616907,-0.739997570,1.158626713,true,OK
1784822328.177052498,0.061038584,0.029511057,8.527138219,7.717716424,0.015595926,0.004511796,-0.596227655,0.000677219,0.120331298,0.005165013,0.917742329,-0.759458512,1.156751514,true,OK
1784822329.176939726,0.067278517,0.110551627,8.910683568,7.670086196,0.013642339,0.003449440,-0.299620253,0.000923835,0.079129369,0.006843810,0.586193774,-0.716922729,1.160930496,true,OK
1784822330.177030563,0.166188267,0.066883856,9.047264605,7.675374297,0.015023121,0.002907654,-0.428638845,0.001165893,0.000000000,0.009282738,0.000000000,-0.770076240,1.176790165,true,OK
1784822331.177037239,0.054134982,0.021160226,8.250921679,7.669554995,0.015065399,0.002558477,-0.436066289,0.000682937,0.055952910,0.005626793,0.461002465,-0.761520427,1.173661317,true,OK
1784822332.177122355,0.070200718,0.111862076,8.891485194,7.738482530,0.015740458,0.003034348,-0.343959414,0.000947139,0.213978861,0.007723995,1.745014603,-0.673076700,1.149716213,true,OK
1784822333.177070379,0.168151459,0.056613244,8.967998035,7.612652815,0.014732081,0.003098443,-0.156508100,0.000251922,0.110143430,0.001869185,0.817231555,-0.765685200,1.178534712,true,OK
1784822334.177049160,0.064517933,0.013623364,8.436784536,7.636359943,0.013459987,0.001440437,-0.316077338,0.000702286,0.123540700,0.005190399,0.913054826,-0.735503153,1.165433918,true,OK
1784822335.177735329,0.010232631,0.104271547,8.117423271,7.745391368,0.017954678,0.003949556,-0.543451787,0.001146322,0.108352360,0.009307737,0.879783368,-0.693699571,1.211849452,true,OK
1784822336.177040815,0.259455239,0.054808597,8.514997539,7.681851426,0.013390131,0.002432746,-0.401959656,0.000275589,0.349985883,0.002038438,2.588730626,-0.795322527,1.167743003,true,OK
1784822337.177085161,0.087900506,0.016752387,8.332641054,7.733200081,0.015515226,0.005955865,0.003184564,0.001256914,0.265408184,0.009315628,1.967074621,-0.735798257,1.186684109,true,OK
1784822338.179824591,0.184033582,0.078009702,9.250562029,7.428438044,0.018912209,0.006925148,-0.767773152,0.000326308,0.134170395,0.002417385,0.993973437,-0.734816892,1.203394648,true,OK
1784822339.177046776,0.090066580,0.051592069,10.709069602,7.742365931,0.019365888,0.007496137,-0.289205532,0.000402219,0.139882314,0.003274210,1.138693933,-0.746332662,1.211421395,true,OK
1784822340.177080393,0.088158597,0.007432079,9.142883723,7.646454161,0.019649295,0.007486396,-0.169575169,0.000428247,0.141274205,0.003229399,1.065343990,-0.726817430,1.235910066,true,OK
1784822341.177073002,0.147265180,0.094611801,19.265665273,8.014076934,0.019689610,0.007970111,-0.253272691,0.000769264,0.086229231,0.005678109,0.636477310,-0.698930983,1.203054730,true,OK
1784822342.177081823,0.080916375,0.049338258,10.296163112,7.777599546,0.019490152,0.007437234,-0.068581868,0.000408882,0.090654086,0.003037578,0.673468108,-0.736783492,1.148584093,true,OK
1784822343.177037716,0.088275024,0.010396237,13.622393418,7.990029303,0.019984609,0.007209130,-0.256614674,0.000254827,0.126668806,0.002072575,1.030231310,-0.693420456,1.186787573,true,OK
1784822344.177038670,0.191041007,0.102200917,9.802170185,7.807376188,0.019640681,0.008893562,-0.190020924,0.000294473,0.044234660,0.002176693,0.326974764,-0.725025684,1.191031650,true,OK
1784822345.180171013,0.090610176,0.060439720,8.298413547,7.709681527,0.020245693,0.007749882,-0.525657387,0.000548624,0.098911718,0.004442400,0.800922647,-0.713050929,1.195709655,true,OK
1784822346.177066326,0.091070820,0.013960211,8.634214519,7.794460863,0.019972484,0.007717296,-0.659148485,0.001238813,0.358819746,0.010093997,2.923706388,-0.677700788,1.170449498,true,OK
1784822347.177106857,0.191300936,0.105472245,8.878733143,7.776335067,0.018713260,0.006777034,-0.374970840,0.000602893,0.111905833,0.004424900,0.821327212,-0.671095923,1.110767576,true,OK
1784822348.179877043,0.025857539,0.000193003,7.773214854,7.174620351,0.018530815,0.008325574,-0.248038918,0.000894277,0.271962471,0.006625457,2.014895506,-0.819416985,1.186117376,true,OK
1784822349.177052736,0.088079435,0.018136524,8.277425180,7.859667156,0.013179670,0.006041272,-0.570435707,0.000145365,0.146709809,0.001183731,1.194680513,-0.728999780,1.167994159,true,OK
1784822350.177078009,0.190412151,0.109185028,8.733581319,7.726730905,0.015011597,0.005896325,-0.679090256,0.000947788,0.123540700,0.007719854,1.006254698,-0.704420954,1.152228128,true,OK
1784822351.177088976,0.083862637,0.067872049,8.013398018,7.673688448,0.015314607,0.006203288,-0.423433280,0.000413436,0.126668806,0.003060381,0.937640809,-0.703375468,1.141687955,true,OK
1784822352.177047253,0.088860519,0.032689868,8.650463313,7.766248970,0.015722912,0.006413892,-0.599084952,0.000722292,0.141274205,0.005338960,1.044256010,-0.686963552,1.145738283,true,OK
1784822353.177052975,0.150068336,0.094552113,8.981045034,7.466621499,0.015377042,0.005495187,-0.657890866,0.000507604,0.086229231,0.003721424,0.632177474,-0.712584978,1.140805841,true,OK
1784822354.177389860,0.088902777,0.067991691,8.064287991,7.765276934,0.015739121,0.005429160,-0.859206156,0.000624435,0.400073902,0.004894962,3.136187422,-0.732248047,1.154737950,true,OK
1784822355.177058220,0.091407451,0.037062872,8.479798791,7.789316980,0.016541739,0.006046310,-0.386063701,0.000282599,0.098911718,0.002090495,0.731689904,-0.730583186,1.140502856,true,OK
1784822356.177409649,0.089557135,0.116153848,9.012578245,7.638130332,0.016340677,0.006130169,-0.058327253,0.000106284,0.102792073,0.000796085,0.769930295,-0.704968889,1.141804723,true,OK
1784822357.177080154,0.092372253,0.084508053,8.109007538,7.780001887,0.016543627,0.005563557,-0.084858552,0.000346222,0.098911718,0.002563094,0.732246976,-0.722312255,1.137487984,true,OK
1784822358.177084684,0.075041912,0.038939761,8.226737647,7.774910071,0.017820685,0.005639513,-0.011130515,0.000862101,0.243089661,0.006375689,1.797774864,-0.726566120,1.140314974,true,OK
1784822359.177100182,0.087705368,0.119045777,8.874625214,7.702795226,0.017561483,0.006428548,0.394656216,0.000147848,0.034264021,0.001094354,0.253617871,-0.709583972,1.153228358,true,OK
1784822360.177085400,0.088055738,0.070828467,7.946501978,7.625754517,0.016626386,0.006349747,0.563889240,0.000237138,0.402025495,0.001917517,3.250812367,-0.667437963,1.153459046,true,OK
1784822361.177471638,0.086201467,0.029428440,8.378888221,7.661268875,0.015329764,0.005705953,0.152985537,0.000642097,0.271242046,0.005227427,2.208228610,-0.791588449,1.136928245,true,OK
1784822362.177063704,0.082401738,0.122431901,8.901988599,7.768778227,0.017504325,0.006540036,0.453116402,0.000616464,0.261696003,0.005058621,2.147441387,-0.724199187,1.153223511,true,OK
1784822363.177477598,0.090703460,0.066662846,7.993717658,7.657439973,0.014565054,0.004355154,1.901371731,0.001787353,0.209356731,0.013248811,1.551863809,-0.651891325,1.191443594,true,OK
1784822364.177038908,0.090832308,0.022147814,8.707212979,7.628383582,0.018066692,0.006843292,0.187064419,0.000573222,0.081564685,0.004248985,0.604594688,-0.669293647,1.143183865,true,OK
1784822365.179931402,0.276939465,0.364616898,8.295189154,7.566071911,0.018221662,0.004644452,-0.065711544,0.000299459,0.108352360,0.002291217,0.829024801,-0.708372902,1.152349483,true,OK
1784822366.177665949,0.086812423,0.069658521,144.680473595,38.919841413,0.018028579,0.004286955,0.077375463,0.000389529,0.400073902,0.003332449,3.422659729,-0.656304786,1.143739859,true,OK
1784822367.177064896,0.085337857,0.025391662,31.852687730,12.945083582,0.017554950,0.004345099,0.058810188,0.000334159,0.202708782,0.002711235,1.644701659,-0.729192856,1.153205508,true,OK
1784822368.177073002,0.186469114,0.098656888,13.635427383,8.666348530,0.016996087,0.004382598,0.199726949,0.000476636,0.076616680,0.003597764,0.578321468,-0.696073168,1.151878447,true,OK
1784822369.176985741,0.075683914,0.070779327,8.739761335,7.938340020,0.017217243,0.003887385,-0.074719426,0.000553225,0.071326251,0.004219636,0.544029729,-0.700942546,1.182689687,true,OK
1784822370.177014112,0.088576278,0.028774697,8.692698739,7.735626458,0.017669708,0.003678382,1.399416730,0.000532001,0.206533808,0.004317013,1.675952750,-0.727554487,1.172955937,true,OK
1784822371.177078485,0.067414097,0.115818723,9.139643547,7.753573813,0.017674047,0.002895990,1.296216027,0.001663724,0.390169514,0.013239820,3.104947431,-0.696516956,1.185371247,true,OK
1784822372.177300215,0.185827692,0.073736424,9.011644736,7.683398307,0.011714041,-0.000091138,-0.372705539,0.001585338,0.059347027,0.012939752,0.484398891,-0.678433037,1.152953442,true,OK
1784822373.177161932,0.086442693,0.032487612,8.385299647,7.711624261,0.009865033,-0.001538992,-0.211807443,0.000686203,0.108352360,0.005590573,0.882758275,-0.688570214,1.162125930,true,OK
1784822374.180361986,0.004817794,0.111404033,8.501975842,7.616019072,0.013445108,-0.000880669,-0.133816714,0.001981186,0.065610604,0.016771027,0.555403205,-0.701734239,1.160637305,true,OK
1784822375.177057505,0.091661315,0.079841448,8.318598404,7.843402894,0.016313645,0.001980828,-0.001033982,0.000432123,0.142652530,0.003195898,1.055030928,-0.673443220,1.160446485,true,OK
1784822376.177003622,0.090644193,0.033249960,8.649177728,7.769145057,0.016890953,0.002096316,1.535795294,0.000469412,0.121946558,0.003564199,0.925928198,-0.708866199,1.151009098,true,OK
1784822377.177046537,0.091992464,0.122344415,9.014070047,7.716571284,0.016188039,0.000957341,0.100708843,0.000173592,0.362616904,0.001380019,2.882728886,-0.742113460,1.156169106,true,OK
1784822378.177072048,0.189518239,0.083433660,8.996402047,7.727538892,0.015900428,0.001495819,0.308000082,0.000577898,0.149353439,0.004704019,1.215719375,-0.684722022,1.147933009,true,OK
1784822379.177072287,0.090592566,0.051569126,8.401127873,7.793415396,0.015718326,0.001818146,0.282628232,0.000356036,0.019782341,0.002635142,0.146415883,-0.715851757,1.154729777,true,OK
1784822380.177054644,0.090029079,0.007058995,8.757267096,7.716740375,0.015993130,0.001490596,0.006877227,0.000500460,0.134170395,0.004074785,1.092425096,-0.706205506,1.154232837,true,OK
1784822381.177075148,0.189018370,0.099022057,8.822631635,7.704294847,0.016748944,0.000459169,0.226192747,0.000632387,0.110143430,0.005150755,0.897112040,-0.722693383,1.147387310,true,OK
1784822382.177069902,0.090581247,0.066667818,8.188763673,7.783330255,0.016778317,0.001314500,-0.037797201,0.000301794,0.106531181,0.002260854,0.798065128,-0.667703721,1.157151401,true,OK
1784822383.177066565,0.090225838,0.022182245,8.557841909,7.697667826,0.016578217,0.001470626,0.110654861,0.000168199,0.100870555,0.001369440,0.821266493,-0.731623016,1.168609421,true,OK
1784822384.177108049,0.089396085,0.115018317,8.957094364,7.709912727,0.016593345,0.000490845,0.375353673,0.000279401,0.356082708,0.002070075,2.638205019,-0.692493876,1.135761761,true,OK
1784822385.177087307,0.090139171,0.082945754,8.018145903,7.792571494,0.017146445,-0.000344324,0.370095288,0.000187912,0.094872788,0.001393428,0.703511020,-0.651671777,1.142369509,true,OK
1784822386.177018166,0.088891031,0.038860349,8.412410522,7.711399643,0.017407116,0.000601834,1.053456976,0.000072418,0.376385392,0.000581247,3.020984736,-0.718697826,1.157626776,true,OK
1784822387.177043915,0.089519603,0.007535758,8.811496456,7.798921077,0.017281727,0.001111382,0.689421347,0.000257197,0.104678325,0.001900674,0.773566829,-0.722659168,1.159710128,true,OK
1784822388.177071095,0.190567605,0.098645497,8.851576016,7.791335061,0.017153681,0.000820918,0.454979033,0.000339777,0.159490387,0.002514925,1.180497781,-0.688082174,1.161428016,true,OK
1784822389.177075386,0.091493321,0.052730012,8.209920540,7.688100593,0.017977374,0.000788586,0.454715603,0.000103431,0.102792073,0.000841580,0.836385188,-0.746174514,1.199941909,true,OK
1784822390.177028179,0.089374651,0.020484385,8.769087473,7.758335921,0.016829982,0.002051503,0.548803981,0.001258233,0.422436154,0.009317146,3.128115223,-0.762746192,1.202588767,true,OK
1784822391.177061796,0.090196935,0.114571277,9.009812349,7.795488259,0.017180576,0.001723094,0.208031252,0.000231993,0.331612915,0.001891200,2.703293376,-0.721033757,1.172240298,true,OK
1784822392.177078724,0.089553313,0.069850291,8.015427391,7.716647752,0.017830253,0.000895364,0.019202768,0.000894833,0.366374709,0.007295706,2.987106036,-0.718066578,1.171583299,true,OK
1784822393.177035093,0.090476851,0.037821665,8.469828977,7.781983934,0.017466375,0.001568923,0.168700008,0.000824513,0.354981980,0.006107045,2.629298561,-0.666592068,1.159584964,true,OK
1784822394.177063465,0.088713953,0.129863025,8.818132552,7.786203726,0.017648073,0.002131691,-0.005069590,0.000417387,0.048456644,0.003394500,0.394085328,-0.782098787,1.205154484,true,OK
1784822395.177094936,0.189560369,0.085842995,8.964307844,7.711241375,0.017297357,0.002425052,0.210697540,0.000357866,0.451107955,0.002918126,3.678443425,-0.650143422,1.155733924,true,OK
1784822396.176988840,0.089377699,0.054372761,8.225656944,7.819000057,0.017155638,0.001787326,0.172678080,0.000084016,0.381548668,0.000621094,2.820627163,-0.738495788,1.179369978,true,OK
1784822397.177059889,0.089248604,0.010281442,8.702001916,7.706168845,0.017659560,0.001530422,-0.339762026,0.000319258,0.000000000,0.002602447,0.000000000,-0.683865367,1.156811123,true,OK
1784822398.177097797,0.189376658,0.101697124,8.741702404,7.664128134,0.017772824,0.002034754,0.097916967,0.000423441,0.125114538,0.003150199,0.930793426,-0.739665508,1.160187698,true,OK
1784822399.177049398,0.091382633,0.069890400,8.033405396,7.726068158,0.016934742,0.002589138,-0.218107440,0.000429333,0.100870555,0.003495477,0.821251843,-0.718735349,1.133444114,true,OK
1784822400.177536488,0.089685093,0.038553659,8.438146154,7.804326877,0.016415824,0.002885938,-0.127562531,0.000269087,0.000000000,0.001991275,0.000000000,-0.736162827,1.128121848,true,OK
1784822401.177048683,0.089525905,0.129360079,8.834124380,7.779139917,0.016761865,0.002667742,-0.092914008,0.000945322,0.117033931,0.007698870,0.953144971,-0.703573432,1.119219695,true,OK
1784822402.177012205,0.190707114,0.085660481,8.866597807,7.685964620,0.015980391,0.003686090,-0.258692374,0.000524443,0.092787413,0.004267675,0.755061571,-0.661401158,1.147951198,true,OK
1784822403.176980972,0.089441055,0.053939106,8.189197618,7.766654162,0.016330617,0.003286832,-0.379733858,0.000376585,0.128204252,0.002784513,0.947958035,-0.743170981,1.172948787,true,OK
1784822404.177906990,0.091148744,0.010441250,8.774920137,7.658600175,0.016157783,0.001916393,-0.400208905,0.001325153,0.086229231,0.009800535,0.637732111,-0.714210248,1.166452233,true,OK
1784822405.177042961,0.090540150,0.112399542,9.090162386,7.798170909,0.017312914,0.001640213,-0.536497799,0.000313476,0.120331298,0.002577452,0.989382729,-0.728365171,1.186563920,true,OK
1784822406.177014828,0.088069137,0.068368398,7.995529501,7.704668222,0.017106594,0.002001625,-0.289709491,0.000146056,0.055952910,0.001190201,0.455957695,-0.735698970,1.201031598,true,OK
1784822407.177045822,0.089502191,0.037725440,8.427212725,7.782150106,0.016552290,0.001865864,-0.822316136,0.001399835,0.142652530,0.010366322,1.056397548,-0.681900075,1.154527493,true,OK
1784822408.177145243,0.090217851,0.128454529,8.838233396,7.721900729,0.017320227,0.000994455,-0.847269805,0.000765691,0.179136785,0.005658726,1.323883481,-0.677347592,1.148333066,true,OK
1784822409.177421808,0.190976312,0.095514889,8.867127440,7.802020945,0.018021888,0.000675533,-0.651757665,0.000354035,0.065610604,0.002613184,0.484281974,-0.760010383,1.174927312,true,OK
1784822410.177007198,0.090822930,0.052062591,8.199120290,7.697269174,0.017550373,0.000884008,-0.466988788,0.000700681,0.110143430,0.005712355,0.897952429,-0.715053072,1.174880945,true,OK
1784822411.177109003,0.091755656,0.021081135,8.612424349,7.749710727,0.016979229,0.001575236,-0.572185874,0.000171601,0.128204252,0.001269745,0.948635760,-0.716334557,1.160273417,true,OK
1784822412.177061081,0.087491912,0.112727608,8.948221874,7.720493954,0.016965044,0.001148362,-0.408839592,0.000774901,0.115349902,0.005734651,0.853646528,-0.698637036,1.147875096,true,OK
1784822413.177087307,0.087062786,0.069003840,7.996846177,7.657642906,0.017897635,0.000888343,-0.439626375,0.000927807,0.165510998,0.006865947,1.224813038,-0.723282330,1.166528448,true,OK
1784822414.177053928,0.090259585,0.037292545,8.515103284,7.721852456,0.017853510,0.000778011,-0.184483578,0.000705376,0.406863537,0.005749928,3.316579613,-0.711467270,1.179048347,true,OK
1784822415.177105904,0.090807512,0.125717762,8.875319353,7.684131538,0.016859479,0.000644810,-0.056174812,0.000302464,0.081564685,0.002270983,0.612409655,-0.723572078,1.172717692,true,OK
1784822416.177088022,0.189027213,0.096731837,8.852601594,7.808606041,0.017286161,0.000169988,-0.417381189,0.000647133,0.092787413,0.004755742,0.681889386,-0.692214636,1.165224066,true,OK
1784822417.177066565,0.089017479,0.052823081,8.194276917,7.721565763,0.018349834,0.000152316,-0.305063174,0.000811849,0.132704012,0.006602483,1.079235771,-0.698894319,1.155352124,true,OK
1784822418.177087545,0.091179139,0.020766548,8.719746865,7.791497334,0.017175583,-0.000276695,-0.215956451,0.000775385,0.125114538,0.005693486,0.918688772,-0.706391021,1.158665393,true,OK
1784822419.176947117,0.089750400,0.111531455,8.999700322,7.771773314,0.018291958,0.001390898,-0.018857442,0.000741042,0.138476416,0.006042527,1.129150390,-0.733373984,1.172600658,true,OK
1784822420.176969290,0.092288066,0.068310546,8.010357082,7.667490216,0.019259738,0.000024688,-0.229358529,0.000286376,0.059347027,0.002120205,0.439379236,-0.718818475,1.148250168,true,OK
1784822421.176993370,0.090546042,0.035897584,8.505398412,7.716907352,0.019864737,-0.000079034,0.905707623,0.001264655,0.138476416,0.010288701,1.126586073,-0.751880410,1.141686052,true,OK
1784822422.176980257,0.089809293,0.003981483,8.850525475,7.788674228,0.022762859,0.003832073,1.063846896,0.000845030,0.000000000,0.006244853,0.000000000,-0.706203886,1.106948499,true,OK
1784822423.176994801,0.190219010,0.095954163,8.879048555,7.796476407,0.021004768,0.002128868,0.122579808,0.001388817,0.322640634,0.010279054,2.387960502,-0.680497155,1.104465516,true,OK
1784822424.177064896,0.090109099,0.052312056,8.209866312,7.706154794,0.021823519,0.002511398,0.827563306,0.000581475,0.113640914,0.004736062,0.925595803,-0.728142593,1.122911817,true,OK
1784822425.177091122,0.089389515,0.020391754,8.770723492,7.775901509,0.022009787,0.002885660,0.542072991,0.000403068,0.126668806,0.002982101,0.937160897,-0.754157052,1.100101209,true,OK
1784822426.177181482,0.089778817,0.111595474,9.032499790,7.759708297,0.017280792,0.001041677,-0.277520294,0.000990563,0.086229231,0.008076609,0.703074538,-0.705983866,1.085587012,true,OK
1784822427.177063942,0.089776651,0.067804063,8.005994379,7.667401945,0.017277667,-0.000105669,-0.609076006,0.000225675,0.189745630,0.001670359,1.404426651,-0.692086020,1.124861251,true,OK
1784822428.177079201,0.087952750,0.035309933,8.467791819,7.714994401,0.018990489,0.001369386,-0.592711667,0.000325291,0.090654086,0.002650312,0.738604357,-0.735549633,1.135500749,true,OK
1784822429.176966190,0.091032552,0.004167784,8.893523110,7.817960486,0.018840982,0.000531444,-0.737729796,0.000410009,0.182384247,0.003026361,1.346215595,-0.729457539,1.121454218,true,OK
1784822430.177055597,0.192036503,0.095392794,8.916422093,7.782609440,0.018797432,0.000595781,-0.680428031,0.000988429,0.111905833,0.007332473,0.830151999,-0.738572359,1.142427963,true,OK
1784822431.177063704,0.090604640,0.051783725,8.379350730,7.686903894,0.019092622,0.000742940,-0.830741335,0.000542451,0.291412395,0.004416117,2.372401803,-0.738116940,1.108858955,true,OK
1784822432.177047491,0.091466574,0.019699428,8.609896270,7.752466317,0.019700614,0.000686948,-0.775727331,0.000263513,0.106531181,0.001950400,0.788492913,-0.699063627,1.122248451,true,OK
1784822433.177052736,0.091486720,0.110962144,8.990418714,7.727174173,0.021246122,0.001867332,-0.142070688,0.000275993,0.229850193,0.002042436,1.700963063,-0.683039563,1.130787847,true,OK
1784822434.177074671,0.091026475,0.079708318,8.001007522,7.795306596,0.020441577,0.002179295,0.054206382,0.000349937,0.121946558,0.002590425,0.902714617,-0.727549456,1.141022960,true,OK
1784822435.177053690,0.087300665,0.035491100,8.426762860,7.686638954,0.021669365,0.002093287,0.298895054,0.000625416,0.346615132,0.005086010,2.818743173,-0.726880205,1.144825935,true,OK
1784822436.176960945,0.088822614,0.003525446,8.772404816,7.776811489,0.028022417,0.004580217,-0.911078653,0.000160619,0.111905833,0.001162683,0.810061314,-0.603542461,1.392650432,true,OK
1784822437.177484274,0.190617984,0.095473794,8.852041942,7.724609995,0.027999212,0.004684063,-0.916327694,0.000718097,0.144017660,0.005841079,1.171455262,-0.658288159,1.421034936,true,OK
1784822438.177057981,0.089817911,0.063415604,8.192847180,7.813538844,0.026203644,0.002493559,-1.079866945,0.001257889,0.145369958,0.009327093,1.077900050,-0.577392681,1.389042485,true,OK
1784822439.177058220,0.090168824,0.019113425,8.604510278,7.730670089,0.025777535,0.001692295,-1.232734626,0.000154922,0.083929371,0.001261197,0.683254435,-0.688539011,1.381695137,true,OK
1784822440.177056313,0.088963542,0.106752013,8.968019190,7.653479370,0.026311847,0.000982865,-1.147005542,0.000663135,0.115349902,0.004908445,0.853806268,-0.662618641,1.379863366,true,OK
1784822441.177048922,0.090450790,0.073767595,7.991709149,7.696293932,0.025503606,0.001166039,-1.115138484,0.000512185,0.039564681,0.003789264,0.292708775,-0.614361911,1.335983542,true,OK
1784822442.177093983,0.091214635,0.044830849,8.470524359,7.774624200,0.025295598,0.001188458,-1.523777936,0.000574888,0.000000000,0.004255192,0.000000000,-0.642413081,1.331749173,true,OK
1784822443.177025318,0.089898836,0.001439255,8.754800686,7.703854033,0.026035608,0.000451169,-1.448648543,0.000209012,0.094872788,0.001699097,0.771239273,-0.624632116,1.372172982,true,OK
1784822444.177043915,0.191755373,0.094596587,8.877809923,7.710915542,0.028630372,-0.000236274,-1.529329563,0.000674443,0.132704012,0.005492530,1.080714586,-0.592536575,1.387399367,true,OK
1784822445.177214146,0.089677795,0.063015817,8.089892947,7.780235274,0.029513572,0.000691915,-1.252157531,0.000763818,0.179136785,0.005654669,1.326178190,-0.545856611,1.371762131,true,OK
1784822446.177060127,0.089812676,0.019048475,8.579987227,7.661766315,0.037293479,0.006352173,-1.297166000,0.001087269,0.034264021,0.008045267,0.253537265,-0.801780691,1.646662604,true,OK
1784822447.177023888,0.090101885,0.110029325,9.066915290,7.652837765,0.036290671,0.004764666,10.423543056,0.000508331,1.049411502,0.003759731,7.761677757,2.078535784,2.802414901,true,OK
1784822448.177029848,0.188662583,0.076424525,9.034180629,7.701459819,0.028943474,-0.010055767,14.413997209,0.003011038,0.717915634,0.024517434,5.845642190,2.178079211,4.217175530,true,OK
1784822449.177399158,0.089759273,0.034316110,8.435163966,7.652990775,0.007259142,-0.029719947,17.520158069,0.002789985,0.300014405,0.020653725,2.220949602,2.110615905,4.166567164,true,OK
1784822450.177027941,0.089833153,0.002042317,8.804581454,7.750708035,-0.004312094,-0.047116611,19.826160733,0.002800998,0.538866547,0.020716682,3.985552656,2.226097385,3.948229552,true,OK
1784822451.177063465,0.189235784,0.093848618,8.953880594,7.752416998,0.006571137,-0.064175123,19.748623359,0.004875720,0.129721514,0.036082866,0.960006686,1.445909531,3.176802243,true,OK
1784822452.177094698,0.090400811,0.048228699,8.196844038,7.639238828,0.046742149,-0.056774784,20.451472956,0.017913030,0.000000000,0.132689928,0.000000000,1.163875021,1.947575735,true,OK
1784822453.176991940,0.084198609,0.017796424,8.469765883,7.720690969,0.269516473,-0.028851449,22.266454749,0.007199933,0.570955150,0.058589872,4.646180529,1.643180371,-0.032356921,true,OK
1784822454.177031755,0.190016124,0.109160759,8.731798707,7.719511327,0.401922722,0.005717276,21.645047840,0.032461003,0.214891358,0.265359432,1.756675519,0.419965970,0.889973717,true,OK
1784822455.177075148,0.091867849,0.077856802,8.060946050,7.796970827,0.633417932,0.045117377,22.719182876,0.020809610,0.283930297,0.154045833,2.101830753,1.168368666,-0.045065893,true,OK
1784822456.177068233,0.090394044,0.034029680,8.512459528,7.718749388,0.704123125,0.125201981,26.368346163,0.009030604,0.711068956,0.073843387,5.814421552,0.581291670,1.265428351,true,OK
1784822457.177077293,0.090678900,0.001937510,8.783700625,7.808122073,0.786188078,0.151830341,28.860206199,0.016458290,0.170174190,0.122094856,1.262427186,0.553044352,2.147136841,true,OK
1784822458.177061081,0.191794943,0.093072911,8.981822882,7.790761174,0.894027896,0.174168737,28.506341045,0.011907868,0.019782341,0.088416480,0.146884811,1.763830315,2.730031447,true,OK
1784822459.177166939,0.088936499,0.049129012,8.383732880,7.713582279,0.955336370,0.215662104,25.046194348,0.008224503,0.641329630,0.067001498,5.224637464,1.850701581,2.343761559,true,OK
1784822460.177054405,0.089010822,0.005269157,8.739165303,7.655424344,1.050589069,0.224836067,20.903828384,0.018925155,1.669060350,0.143883578,12.689480203,1.332589921,1.400561654,true,OK
1784822461.177602291,0.191455765,0.096265688,8.865942473,7.642386731,1.160801774,0.160814962,4.679873009,0.018754052,2.365129945,0.138743757,17.497393140,1.948882637,1.198611129,true,OK
1784822462.177043200,0.088925381,0.064990504,8.074750200,7.777225351,1.276019782,0.165057334,-19.522605629,0.010724783,1.930770895,0.079504638,14.313132702,2.507102294,0.896555730,true,OK
1784822463.177026033,0.086154691,0.019175803,8.498650537,7.679962776,1.385426562,0.169431799,-26.434175222,0.017665284,0.811323967,0.143659059,6.597914738,0.641362155,0.232271644,true,OK
1784822464.177016020,0.090646881,0.111022145,8.980769652,7.687389373,1.509241460,0.182417844,-40.622825686,0.015682456,2.714979491,0.116068018,20.093936949,2.160840874,1.461317520,true,OK
1784822465.177040100,0.092711216,0.080135225,7.967735009,7.773747996,1.620624302,0.087147551,-54.194117335,0.032474098,0.912573998,0.240307059,6.753011960,1.743483286,0.624316109,true,OK
1784822466.177980185,0.093874683,0.036860080,8.494980860,7.696856882,1.805029259,-0.067993892,-57.856036534,0.033440695,1.200567217,0.272550490,9.784939532,1.343152087,-0.692584401,true,OK
1784822467.177030802,0.092219228,0.003804088,8.775135385,7.777175235,1.948161030,-0.159862692,-65.012991292,0.006007056,0.630560449,0.044417938,4.662549648,1.560888314,-0.287462998,true,OK
1784822468.177060604,0.190803599,0.094762445,8.824646362,7.779376033,1.994486869,-0.161484979,-68.232700391,0.010304734,0.799663447,0.076392951,5.928212265,-0.310327389,-1.101502626,true,OK
1784822469.177080154,0.090623500,0.051066496,8.187385221,7.711958785,2.021812115,-0.150008806,-70.122462523,0.001993728,0.705543814,0.016226301,5.742189611,-0.332634828,-1.653971355,true,OK
1784822470.177096605,0.089933355,0.020312507,8.716387889,7.796082245,2.043711263,-0.161537114,-70.303213201,0.002637255,0.331612915,0.019521422,2.454657063,-0.803093158,-1.188724103,true,OK
1784822471.177121162,0.089323783,0.111532443,9.033757764,7.785546127,2.024913403,-0.218733815,-68.327014158,0.009728067,0.048456644,0.079317771,0.395091145,-1.126067071,-1.618406959,true,OK
1784822472.177201271,0.090009222,0.067622557,8.014713860,7.708103158,2.028080601,-0.242254150,-70.268569535,0.001880547,0.196831898,0.015341776,1.605783017,-1.336574550,-1.851246388,true,OK
1784822473.178072214,0.091251243,0.036349907,8.558831864,7.772392084,2.004078885,-0.300799058,-65.205206148,0.001300916,0.548226414,0.009627968,4.057376251,-1.057710218,-2.545212735,true,OK
1784822474.177027225,0.090543709,0.121698167,8.884541532,7.693523242,2.018544625,-0.309361939,-63.972830931,0.005487261,0.633656019,0.044150054,5.098344775,-1.467691249,-2.020478691,true,OK
1784822475.177061319,0.191440904,0.082758080,8.883918891,7.669601236,2.018901180,-0.390115885,-60.074898588,0.005332421,0.418246580,0.039394559,3.089898630,-1.403748425,-3.996725559,true,OK
1784822476.176991224,0.090320671,0.050925380,8.379937511,7.720941154,2.044654415,-0.401843763,-57.313522222,0.008023056,0.626513349,0.065419143,5.108523178,-0.369430170,-3.600845008,true,OK
1784822477.176969290,0.089953906,0.017993107,8.748247696,7.781541357,2.119399472,-0.516908049,-55.626892410,0.037586258,1.229715262,0.278522887,9.112475281,-0.632454760,-4.193413554,true,OK
1784822478.177014351,0.091223983,0.110511202,8.995489134,7.788963290,2.192935390,-0.620853845,-57.088030763,0.033033676,0.000000000,0.268969218,0.000000000,-1.444108229,-4.167873297,true,OK
1784822479.177126884,0.090793405,0.066662875,8.025135197,7.703632213,2.175327115,-0.683545127,-66.732238928,0.006852484,2.187043434,0.055800774,17.809412294,0.101636838,-2.145867892,true,OK
1784822480.177041292,0.091131054,0.035121999,8.603387855,7.762402292,2.162575956,-0.715531944,-78.310186612,0.002040970,1.674562068,0.015099746,12.388943236,0.213903768,-0.159570457,true,OK
1784822481.176995754,0.089491217,0.001469253,8.838831152,7.790208094,2.153171564,-0.737745827,-86.473268176,0.003059040,1.230033506,0.022686228,9.122083363,-0.243107276,0.152414671,true,OK
1784822482.177167416,0.189973595,0.093562267,8.881392070,7.792523371,2.129391376,-0.771946349,-92.681952660,0.011556064,0.632110155,0.085534479,4.678687476,0.354631910,-0.464343036,true,OK
1784822483.177057028,0.089205899,0.185503294,8.190564692,7.737151272,2.072159611,-0.825746325,-95.039457112,0.007926699,0.224684355,0.058647375,1.662375280,0.619723363,0.268529123,true,OK
1784822484.177081585,0.091203540,0.018917849,8.244895811,7.569626075,2.040236820,-0.837419546,-102.641060760,0.001749990,1.383666659,0.014504608,11.468375679,0.539983586,0.525065179,true,OK
1784822485.177096605,0.190666995,0.109299097,8.668839138,7.623896752,2.020179261,-0.841147961,-111.401545913,0.004600074,1.048665304,0.034047506,7.761709769,0.220748559,1.388296508,true,OK
1784822486.177074432,0.192178281,0.076865862,9.030473051,7.700123150,1.990628818,-0.849945324,-121.744006772,0.007605096,0.783846276,0.061913002,6.381283732,0.457041158,1.207385417,true,OK
1784822487.177036762,0.091109909,0.045913699,8.404018722,7.752377365,1.930358893,-0.869054554,-126.646086553,0.004338045,0.743621265,0.032110340,5.504307253,0.341620931,0.750348411,true,OK
1784822488.176969767,0.093439935,0.014608655,8.812334357,7.801745079,1.877319630,-0.849526320,-142.168241859,0.005984780,1.889273227,0.044327105,13.993165350,0.567770604,1.431796699,true,OK
1784822489.177058935,0.192017543,0.105880260,8.770195967,7.788670953,1.861976116,-0.844116316,-152.148207182,0.002593992,0.876256815,0.019275987,6.511476348,0.689414599,0.800092329,true,OK
1784822490.176974058,0.089646203,0.074326922,8.027890392,7.813473691,1.808151891,-0.834552402,-158.028378937,0.009357212,0.350544518,0.069222701,2.593255155,-0.206439155,0.425073869,true,OK
1784822491.177053213,0.091324333,0.030379519,8.475265074,7.702263622,1.780911786,-0.820452009,-166.784871795,0.002601525,1.417341092,0.021320835,11.615839363,0.346736125,1.324279733,true,OK
1784822492.177067995,0.090351887,0.134115100,8.853529424,7.815280956,1.775904494,-0.818581748,-176.096153114,0.003385219,0.796230263,0.027571034,6.484924350,0.675186876,1.624088854,true,OK
1784822493.177119970,0.190660328,0.089880378,8.826833002,7.669907081,1.734364345,-0.798437889,177.503217197,0.011488618,0.553554335,0.084411810,4.067201587,1.138308263,1.187366732,true,OK
1784822494.177069426,0.091509898,0.058118100,8.147018590,7.722414883,1.697026557,-0.745861536,163.218132573,0.009923928,2.935249677,0.080884111,23.923495767,0.380509372,2.128886491,true,OK
1784822495.177092314,0.089923293,0.023253568,8.549694991,7.717814582,1.671426393,-0.709218218,154.841645965,0.006384105,0.312786672,0.047186323,2.311874878,0.412306539,1.711763412,true,OK
1784822496.177150726,0.090219643,0.117515980,8.853266763,7.722346035,1.630131158,-0.666166831,148.879895698,0.007713038,0.338619621,0.057092483,2.506487800,-0.412712149,0.392229325,true,OK
1784822497.177053928,0.092325231,0.086095532,8.000145324,7.768917665,1.588705892,-0.568189448,144.593501921,0.021121945,0.055952910,0.157275380,0.416629018,-0.793024585,1.401405523,true,OK
1784822498.177080631,0.090445499,0.054518589,8.226428933,7.814975319,1.503827666,-0.387336311,142.068294282,0.024756349,0.762845099,0.183273754,5.647419352,0.084816401,1.930715439,true,OK
1784822499.177146435,0.092391274,0.010376541,8.758353917,7.689053252,1.334013467,-0.286058434,134.830506530,0.031434181,0.535223068,0.255806744,4.355566696,0.345259940,1.183585814,true,OK
1784822500.177091599,0.091586139,0.113445991,8.988794099,7.800787585,1.172591636,-0.096744245,136.622781919,0.044757451,0.673475649,0.363884359,5.475451619,-0.795363017,1.659315666,true,OK
1784822501.176978827,0.090577357,0.069504675,7.982655227,7.693002215,1.147963065,0.001478460,129.597877129,0.004405087,1.693850629,0.035501443,13.651069185,-0.666903862,1.443375041,true,OK
1784822502.176994801,0.090375473,0.037920328,8.444997820,7.727876095,1.157950473,0.096194566,128.852800007,0.011242998,0.844414740,0.091220455,6.851188016,-1.541018396,2.958035493,true,OK
1784822503.177049160,0.090993395,0.128705011,8.848617107,7.710104954,1.137570647,0.147678256,125.429289402,0.007500420,0.319593916,0.055230926,2.353397161,-1.147206010,2.184742695,true,OK
1784822504.177542686,0.191917144,0.097774285,8.872648878,7.812203524,1.176944321,0.256697521,126.014840979,0.015402456,0.134170395,0.114679962,0.998974173,-1.512193600,2.382100613,true,OK
1784822505.177052259,0.089339546,0.053669353,8.151167834,7.707098486,1.229956706,0.326999845,122.583276100,0.009680450,0.542846200,0.078861309,4.422269767,-1.371497409,2.273641154,true,OK
1784822506.177181005,0.091300841,0.021921715,8.793139612,7.782680416,1.241485828,0.386962741,125.869184207,0.004458600,0.188711590,0.032979777,1.395878887,-1.465341986,1.143155385,true,OK
1784822507.177025080,0.091778672,0.112547700,9.062091147,7.759467584,1.221401540,0.397125456,132.019377912,0.006526734,1.573336423,0.053510958,12.899366562,-1.634299623,-0.932054205,true,OK
1784822508.177068472,0.092266853,0.067380973,8.033246335,7.694842345,1.153934958,0.406288129,132.586058524,0.024555357,0.486180389,0.202312780,4.005663827,-1.021825285,0.741371841,true,OK
1784822509.177131891,0.090969590,0.022880146,8.472697639,7.629877597,0.976172701,0.429370541,138.298033476,0.016423571,1.931277609,0.121791784,14.321717857,-1.657748590,-0.454084726,true,OK
1784822510.176977873,0.090534188,0.114077814,9.034402181,7.631024311,0.721345026,0.414029000,152.633314974,0.031320828,2.527936255,0.231648326,18.696575009,-0.724872499,1.124439010,true,OK
1784822511.176980019,0.090131507,0.083826511,8.037434724,7.763918750,0.546473514,0.404809559,-179.949914456,0.020639314,4.443339437,0.152840362,32.904272604,-3.776562723,0.520096398,true,OK
1784822512.177099705,0.089479477,0.040507611,8.472160191,7.739981643,0.362728975,0.302364202,-167.418920175,0.030645635,0.465201836,0.227011992,3.446050212,-3.078265988,1.357711221,true,OK
1784822513.176964521,0.089916011,0.130657647,8.848065694,7.736779304,0.112041929,0.183248602,-163.692230659,0.042775107,0.960626726,0.348103357,7.817569966,-2.455107880,-1.891296916,true,OK
1784822514.177576780,0.187467990,0.088117916,9.002505590,7.692386604,-0.185919676,0.044746257,-169.206522867,0.042701662,1.928031989,0.347702224,15.699178415,-1.597757930,-0.585197048,true,OK
1784822515.177021503,0.090968114,0.043856496,8.481716317,7.720889531,-0.509879763,-0.000502771,-174.579105546,0.018671198,0.086229231,0.138115234,0.637857845,-1.245447204,3.528648501,true,OK
1784822516.177046061,0.089890549,0.120329352,8.906306222,7.603614272,-0.486511787,0.021197357,-174.775304671,0.005589843,0.131221234,0.041230546,0.967884648,-1.310983165,0.814985902,true,OK
1784822517.177042961,0.191284575,0.071065905,9.067104502,7.575736793,-0.485117546,0.025588704,-176.959355855,0.000512166,0.445872455,0.003790613,3.299965807,-1.341492397,0.690777224,true,OK
1784822518.179871082,0.090637894,0.037162558,8.353021246,7.653786074,-0.484148654,0.027270413,-176.749058674,0.000932876,0.167858796,0.006932433,1.247400063,-1.262513069,0.713438983,true,OK
1784822519.176982641,0.089144591,0.002419907,8.775819983,7.769128748,-0.482901320,0.028762226,-176.702826480,0.000820082,0.113640914,0.006070891,0.841259274,-1.358743416,0.666929426,true,OK
1784822520.177807570,0.191494541,0.094871825,8.970454169,7.775477417,-0.481705115,0.029358148,-176.651901710,0.000113119,0.328053452,0.000837248,2.428079511,-1.314601727,0.628371439,true,OK
1784822521.177716255,0.090918429,0.048091575,8.457290096,7.654586433,-0.481412178,0.029170573,-176.975997479,0.000421641,0.139882314,0.003428992,1.137592138,-1.296230650,0.589798752,true,OK
1784822522.176997662,0.091521350,0.018044316,8.824135773,7.774990970,-0.482148959,0.029859904,-177.040797458,0.000332805,0.134170395,0.002460198,0.991829485,-1.308691492,0.584820049,true,OK
1784822523.177163839,0.189093913,0.109733853,8.784235740,7.776956830,-0.481861576,0.029378520,-176.938239767,0.000340196,0.131221234,0.002517238,0.970954663,-1.300342191,0.547571708,true,OK
1784822524.177082300,0.089252178,0.065583467,8.055176271,7.691606296,-0.481587355,0.029382752,-176.619457216,0.000342384,0.139882314,0.002799282,1.143656731,-1.283228873,0.538171755,true,OK
1784822525.177096605,0.089130215,0.033928389,8.549174470,7.777301785,-0.480858049,0.029237303,-176.716644386,0.000224416,0.059347027,0.001667372,0.440937535,-1.307325967,0.520960497,true,OK
1784822526.177086830,0.088093627,0.124730006,8.950322850,7.769321481,-0.481636854,0.029832255,-176.654450421,0.000119643,0.065610604,0.000973563,0.533888948,-1.306305579,0.525851296,true,OK
1784822527.177065372,0.189044706,0.081054131,8.983117438,7.684996132,-0.480734584,0.029006769,-176.553669479,0.000452263,0.120331298,0.003688795,0.981458016,-1.277635861,0.541896526,true,OK
1784822528.177538633,0.087270591,0.049476742,8.353675746,7.777933635,-0.480264666,0.029638277,-176.492002486,0.000414412,0.165510998,0.003065925,1.224491782,-1.284491769,0.519700647,true,OK
1784822529.176968098,0.089363095,0.003884478,8.785926144,7.696194748,-0.480132085,0.029533603,-176.373256935,0.000411201,0.034264021,0.003340975,0.278392451,-1.298208772,0.515709726,true,OK
1784822530.177080631,0.189302829,0.096203351,8.846230738,7.696634069,-0.480690227,0.030402175,-176.356068418,0.000214495,0.096913294,0.001744949,0.788405719,-1.289225004,0.529789986,true,OK
1784822531.177051306,0.090358586,0.064568707,8.062300520,7.754214664,-0.480710735,0.029715854,-176.089528696,0.000770378,0.132704012,0.005710480,0.983678110,-1.295591304,0.517544811,true,OK
1784822532.177052736,0.089468626,0.020719818,8.533780011,7.681954035,-0.480388503,0.029789070,-175.912898217,0.000533110,0.121946558,0.004348048,0.994597350,-1.300007618,0.510557673,true,OK
1784822533.177016258,0.090917431,0.122852233,8.984530675,7.784110131,-0.479796494,0.029614514,-176.139104162,0.000794756,0.151951085,0.006421659,1.227770404,-1.292219121,0.498650526,true,OK
1784822534.177066565,0.190750367,0.079962056,9.029041023,7.709807292,-0.480656662,0.031271559,-176.006185939,0.001134184,0.086229231,0.009202917,0.699675066,-1.275586400,0.271614390,true,OK
1784822535.177035809,0.090722928,0.048005534,8.426548378,7.795139324,-0.480022084,0.029569523,-176.067302684,0.000305771,0.000000000,0.002262043,0.000000000,-1.284362413,0.258960465,true,OK
1784822536.177055597,0.090184390,0.004573350,8.782901451,7.715999296,-0.481561840,0.029197739,-174.765417828,0.000647017,0.325057454,0.005274358,2.649805949,-1.297137945,0.233523266,true,OK
1784822537.177071810,0.188696700,0.094820331,8.819792264,7.701038578,-0.481886637,0.029851988,-175.634987835,0.000263098,0.374822532,0.002141542,3.050949389,-1.288959755,0.229649604,true,OK
1784822538.177782774,0.089356648,0.064575139,8.164866443,7.788011251,-0.482963108,0.030164268,-175.956397320,0.000338210,0.153233400,0.002506680,1.135707428,-1.289321381,0.217516391,true,OK
1784822539.177245378,0.090234566,0.020327715,8.598919096,7.728101354,-0.482625316,0.029774182,-175.484680744,0.000619784,0.202708782,0.005038167,1.647799814,-1.298380400,0.213766353,true,OK
1784822540.177033186,0.088148813,0.109964692,8.957622551,7.693422532,-0.481772642,0.029480458,-174.587765135,0.000368358,0.243893275,0.002725929,1.804864344,-1.293526221,0.202715089,true,OK
1784822541.177038670,0.091592296,0.072836976,8.005252824,7.694195904,-0.482643894,0.033740270,-175.786258495,0.000541650,0.110143430,0.004009472,0.815318594,-1.267384854,0.198943229,true,OK
1784822542.177753687,0.092149514,0.035893616,8.469957828,7.679583542,-0.483971671,0.035761891,-176.022637902,0.000602288,0.304545622,0.004882843,2.469000101,-1.277419105,0.524234674,true,OK
1784822543.177116156,0.092283750,0.003805839,8.823739299,7.775865632,-0.482080704,0.037959058,-175.423998709,0.000854520,0.300014405,0.006194290,2.174761149,-1.344285075,0.350609275,true,OK
1784822544.177098036,0.191214638,0.095143294,8.872412477,7.762335573,-0.480646800,0.038250585,-175.564660612,0.000136497,0.106531181,0.001011329,0.789305988,-1.286071245,0.359374315,true,OK
1784822545.177067280,0.090859118,0.050459610,8.178587713,7.654885818,-0.480488219,0.038952941,-175.688919667,0.000445302,0.273397638,0.003291186,2.020656253,-1.306636817,0.405208892,true,OK
1784822546.177068710,0.088625362,0.019430167,8.556664320,7.724300394,-0.481791086,0.039497150,-175.744046234,0.000355839,0.062557256,0.002887564,0.507640258,-1.287743215,0.396273198,true,OK
1784822547.177144289,0.186701097,0.108446731,8.692068122,7.723102851,-0.481531343,0.038269695,-175.358771745,0.000387395,0.120331298,0.002893461,0.898755940,-1.279071293,0.407755765,true,OK
1784822548.177382946,0.088247781,0.065894614,8.014248289,7.737657828,-0.481243071,0.038683692,-175.690594441,0.000864469,0.175829360,0.006410446,1.303858251,-1.284047737,0.405391652,true,OK
1784822549.177531481,0.086229559,0.022526762,8.439383895,7.711516150,-0.481332175,0.039527013,-175.870379434,0.000180300,0.139882314,0.001501849,1.165182477,-1.287020003,0.399300576,true,OK
1784822550.177095890,0.089973194,0.113833364,11.134905341,7.993643661,-0.481733151,0.039418461,-175.902439875,0.000588827,0.203671772,0.004808900,1.663370231,-1.296268817,0.398336572,true,OK
1784822551.177093029,0.089028987,0.069102749,8.470046311,7.741168890,-0.480020423,0.039220977,-176.199710958,0.000282771,0.134170395,0.002303264,1.092862646,-1.292025706,0.415268965,true,OK
1784822552.177055120,0.090751294,0.037946985,8.559977685,7.783950257,-0.479443768,0.039541487,-176.565583328,0.000143433,0.131221234,0.001061184,0.970833563,-1.306343932,0.418560076,true,OK
1784822553.177042007,0.089941995,0.128979503,8.868299201,7.752950634,-0.479336482,0.039980325,-176.448100539,0.000439670,0.110143430,0.003581107,0.897116096,-1.316420007,0.425083991,true,OK
1784822554.177149773,0.190004796,0.097575886,8.865193768,7.812687977,-0.479922003,0.039490045,-176.282186577,0.000279114,0.039564681,0.002058222,0.291755310,-1.315669546,0.430946348,true,OK
1784822555.176967144,0.090164615,0.053280092,8.198000047,7.714304132,-0.479928799,0.039379298,-176.010689038,0.000641214,0.137056110,0.005213193,1.114293135,-1.308362976,0.439577015,true,OK
1784822556.176994085,0.089516685,0.021352418,8.721215583,7.775855006,-0.479175478,0.039421050,-175.976706759,0.000496362,0.157017511,0.003671103,1.161305144,-1.315603571,0.441038194,true,OK
1784822557.177065134,0.090595660,0.113239894,9.025864305,7.736725428,-0.479227615,0.039391825,-175.933785647,0.000359568,0.275536395,0.002663266,2.040855950,-1.314014372,0.449310889,true,OK
1784822558.177104473,0.090821599,0.068251380,7.944196550,7.664241592,-0.480097786,0.039699873,-175.875849850,0.000492474,0.135620930,0.003643494,1.003369698,-1.305185505,0.447625582,true,OK
1784822559.178100109,0.040475005,0.021632556,7.880755375,7.580909397,-0.479314048,0.039053895,-175.786917225,0.000359172,0.366374709,0.002647615,2.700707280,-1.309377316,0.437649351,true,OK
1784822560.177055120,0.089445608,0.114511907,9.342921228,7.775427655,-0.478332014,0.039398827,-175.887002545,0.000700306,0.364768947,0.005364701,2.794316631,-1.305269774,0.454429043,true,OK
1784822561.177275419,0.090607973,0.072078834,8.032003395,7.688280326,-0.479055068,0.040231140,-175.666418237,0.000115860,0.000000000,0.000933376,0.000000000,-1.297008744,0.452355875,true,OK
1784822562.177042723,0.090175116,0.027945841,8.518734330,7.642009828,-0.479109900,0.040531761,-175.818603206,0.000434503,0.076616680,0.003216321,0.567140001,-1.310917470,0.454414166,true,OK
1784822563.177109003,0.060338820,0.114919086,9.152071828,7.615392407,-0.477977065,0.040374742,-175.711464666,0.000325405,0.131221234,0.002414468,0.973646339,-1.307235043,0.458334969,true,OK
1784822564.177302122,0.087632678,0.072507124,8.835333525,7.729142588,-0.477140245,0.040863129,-175.931116479,0.000643248,0.155766359,0.005225991,1.265505388,-1.292166529,0.457556726,true,OK
1784822565.177046299,0.090658302,0.043037391,8.583832085,7.794080794,-0.478104038,0.041705566,-176.006013912,0.000493538,0.180225774,0.003648242,1.332231354,-1.303916868,0.471171207,true,OK
1784822566.177031279,0.091008519,0.134867045,8.845433969,7.730581858,-0.478710340,0.040995384,-175.880756357,0.000110160,0.290740155,0.000816317,2.154462500,-1.278971175,0.484114574,true,OK
1784822567.177122831,0.191086655,0.103038276,8.866682207,7.813523667,-0.478199612,0.041089858,-175.518289687,0.000222947,0.135620930,0.001625654,0.988901915,-1.310270872,0.501296019,true,OK
1784822568.177100897,0.090769951,0.058481732,8.189559338,7.706061492,-0.478062475,0.041669594,-175.938480417,0.000163293,0.044234660,0.001343668,0.363987765,-1.293019143,0.486072862,true,OK
1784822569.177132607,0.074761713,0.015123380,8.541062310,7.685850914,-0.481023389,0.039695288,-176.196393649,0.000123378,0.111905833,0.001006171,0.912616476,-1.334141603,0.474145705,true,OK
1784822570.177170992,0.189080455,0.104639560,8.782887109,7.750182536,-0.482039111,0.036438350,-175.903065612,0.000313138,0.113640914,0.002317280,0.840963601,-1.282312050,0.470089974,true,OK
1784822571.177556515,0.091655451,0.061618591,8.084691755,7.717449726,-0.480373509,0.038992079,-176.222258155,0.000432195,0.000000000,0.003204725,0.000000000,-1.321056153,0.430478074,true,OK
1784822572.177066088,0.090615333,0.015339146,8.713145769,7.677827420,-0.480622319,0.037803754,-176.176700493,0.000748899,0.065610604,0.006262458,0.548650087,-1.287209606,0.444038970,true,OK
1784822573.177067995,0.085936358,0.105545770,8.960525547,7.695248396,-0.480917738,0.038058291,-176.802008807,0.000632171,0.367973453,0.005146364,2.995589469,-1.261422182,0.456386162,true,OK
1784822574.177110195,0.090700450,0.065496806,8.048212829,7.743446533,-0.480841466,0.037290373,-176.134602202,0.000197250,0.200768942,0.001458748,1.484772498,-1.263051624,0.462286766,true,OK
1784822575.177552938,0.091527648,0.021145122,8.862197998,7.656393152,-0.480080701,0.037706128,-176.311645993,0.000675952,0.092787413,0.005003564,0.686835318,-1.320955856,0.455653782,true,OK
1784822576.177042246,0.191666960,0.110659578,8.845888347,7.676615273,-0.480140337,0.038397931,-176.357577201,0.000191560,0.192814506,0.001558089,1.568290527,-1.315202662,0.478560414,true,OK
1784822577.177052736,0.073582123,0.079247633,7.290236134,7.775492737,-0.480601362,0.038557065,-176.412233188,0.000286854,0.128204252,0.002078138,0.928785310,-1.295302620,0.444254832,true,OK
1784822578.177114964,0.057072602,0.035200008,7.970639840,7.740326019,-0.480285216,0.037791116,-176.293714002,0.000334229,0.354430335,0.002438046,2.585406152,-1.310267216,0.440152478,true,OK
1784822579.177164793,0.060436727,0.127285893,8.603412327,7.775318578,-0.479788975,0.038061418,-176.086324662,0.000392534,0.324454956,0.003200164,2.645142908,-1.300488307,0.408547657,true,OK
1784822580.177057505,0.055705706,0.084046913,8.946860126,7.763532790,-0.478742240,0.038659822,-176.437467642,0.000231499,0.113640914,0.001885303,0.925480721,-1.292460584,0.454067939,true,OK
1784822581.177082539,0.062758285,0.037916138,8.031685322,7.707764731,-0.479963688,0.039135615,-176.246590302,0.000555071,0.098911718,0.004108258,0.732076660,-1.310548767,0.464460870,true,OK
1784822582.177062035,0.160104090,0.253957018,8.194798874,7.678925924,-0.479566975,0.038474179,-176.037575846,0.000041237,0.019782341,0.000305109,0.146366023,-1.280957822,0.432724500,true,OK
1784822583.177004576,0.061989409,0.086926748,8.170482203,46.101998446,-0.479558649,0.038735399,-176.158015510,0.000261353,0.120439664,0.000223967,0.103210856,-1.287109075,0.419790841,false,WAITING_FOR_ODOM
1784822584.208459616,0.668072881,0.723894404,8.039338799,27.331851506,-0.480107939,0.038753249,-175.897092302,0.000618697,0.183453959,0.004614413,1.368249991,-1.298612465,0.417692868,false,STALE_SCAN
1784822585.177109003,0.063566706,0.011230900,8.159350397,10.696419038,-0.480363521,0.038321796,-176.389170773,0.000501471,0.492078471,0.000321576,0.315552292,-1.241079327,0.437262006,false,WAITING_FOR_ODOM
1784822586.177729130,0.059731907,0.090853993,8.952894214,8.253901365,-0.480783790,0.036553838,-176.193835086,0.000198352,0.403967670,0.001466696,2.987109913,-1.275183891,0.449361371,true,OK
1784822587.177039862,0.061832124,0.058474780,7.892057180,7.881651209,-0.480211651,0.036906185,-175.928989906,0.000369868,0.108352360,0.002738524,0.802246342,-1.273016465,0.455736606,true,OK
1784822588.177246809,0.062457929,0.014086709,8.463315712,7.741462734,-0.479392845,0.038468884,-175.810392042,0.000490790,0.125114538,0.003998138,1.019224845,-1.262768153,0.464542806,true,OK
1784822589.177091122,0.062386325,0.105096200,8.795355600,7.703090270,-0.479548908,0.039627558,-175.783342725,0.000353226,0.059347027,0.002616541,0.439616929,-1.281156511,0.466215045,true,OK
1784822590.177002192,0.162062915,0.052780282,8.975513249,7.573516036,-0.478781939,0.038925428,-175.524403680,0.000513732,0.184517467,0.003795548,1.363249755,-1.284632441,0.470365678,true,OK
1784822591.177011251,0.064130271,0.028577207,8.357116190,7.770689965,-0.478107956,0.038208421,-175.839923932,0.000215862,0.135620930,0.001600196,1.005366433,-1.230244607,0.470121774,true,OK
1784822592.177001953,0.061851344,0.120994310,8.761037426,7.786281219,-0.478465742,0.038314163,-175.954299472,0.000363935,0.280463362,0.002960866,2.281763797,-1.292418193,0.462527606,true,OK
1784822593.177341223,0.146768989,0.072957873,6.907963118,6.691586585,-0.478364169,0.037473521,-175.373822492,0.000273759,0.055952910,0.002227659,0.455305935,-1.311906983,0.467004986,true,OK
1784822594.177499056,0.062027489,0.033646736,7.749873850,7.491403854,-0.478497532,0.037975484,-175.476462544,0.000915108,0.135620930,0.006796718,1.007287498,-1.310261354,0.460781836,true,OK
1784822595.177088022,0.063499816,0.001345542,8.535314464,7.689537644,-0.478035483,0.037520687,-175.726248111,0.000240078,0.125114538,0.001954664,1.018654660,-1.291703739,0.466068190,true,OK
1784822596.176955938,0.057773467,0.088482625,9.224727450,7.655144371,-0.479339479,0.038020169,-175.525400643,0.000299489,0.108352360,0.002183246,0.789879286,-1.295112952,0.463440687,true,OK
1784822597.177040100,0.262003380,0.318692010,8.837286697,7.791634402,-0.479766722,0.037371631,-175.412949465,0.000554070,0.092787413,0.004543251,0.760835757,-1.304127625,0.456556496,true,OK
1784822598.177065372,0.038438288,0.014310855,7.576602192,23.524044803,-0.479543757,0.037233529,-175.567271380,0.000262270,0.154321914,0.000224809,0.132279571,-1.281910809,0.485337395,false,WAITING_FOR_ODOM
1784822599.177090645,0.062181783,0.108129052,8.817955419,11.035187723,-0.478575709,0.037736490,-175.626077904,0.000067189,0.161925496,0.000498008,1.200191845,-1.301446904,0.483446147,true,OK
1784822600.177034378,0.163734991,0.076274203,8.860490845,8.357648767,-0.479458308,0.038376720,-175.712119108,0.000225867,0.000000000,0.001664414,0.000000000,-1.299811511,0.472595630,true,OK
1784822601.177056551,0.063523413,0.032306255,8.107123849,7.797915015,-0.479639893,0.037735949,-175.745982641,0.000005428,0.110143430,0.000044192,0.896763767,-1.286696865,0.469864518,true,OK
1784822602.177050352,0.059321956,0.120639143,8.815324086,7.696040021,-0.478949456,0.036884678,-175.539249600,0.000132372,0.039564681,0.001023217,0.305829350,-1.274860994,0.461617211,true,OK
1784822603.177012920,0.061527787,0.090981999,9.008128455,7.793366781,-0.479181311,0.037071651,-175.722582983,0.000554313,0.111905833,0.004515592,0.911617592,-1.296680232,0.462379266,true,OK
1784822604.177074194,0.162148793,0.046798465,9.013899091,7.705134502,-0.479424330,0.038270702,-175.949526530,0.000277412,0.164324520,0.002256501,1.336636404,-1.308644866,0.461497282,true,OK
1784822605.177227020,0.061980709,0.003168794,8.471368504,7.728191351,-0.479531181,0.038032719,-175.503050538,0.000055149,0.098911718,0.000451572,0.809907498,-1.317802085,0.462775541,true,OK
1784822606.177086830,0.061749882,0.093912190,8.836714923,7.739244120,-0.478722452,0.037875269,-175.885368787,0.000185541,0.125114538,0.001507334,1.016431440,-1.276045121,0.461155918,true,OK
1784822607.177051544,0.061592980,0.049484048,8.121473375,7.770633046,-0.478937085,0.038279288,-175.528312164,0.000531015,0.121946558,0.003917050,0.899542901,-1.320443894,0.445001774,true,OK
1784822608.177032709,0.058035597,0.005554714,7.710896216,6.973653393,-0.479143721,0.038910237,-175.705254511,0.000932707,0.387653870,0.002375802,0.987436635,-1.301458862,0.436197131,true,OK
1784822609.177146435,0.062466608,0.097139661,8.676368604,7.535871213,-0.479304989,0.037781461,-175.392930911,0.000221178,0.310274283,0.001640562,2.301425895,-1.304133207,0.442064461,true,OK
1784822610.177022219,0.163700677,0.052378615,8.997353529,7.619779683,-0.478773527,0.037890434,-175.674044402,0.000596893,0.102792073,0.004492413,0.773647251,-1.293032904,0.431964747,true,OK
1784822611.177066326,0.063132013,0.021281746,8.694151441,7.787672593,-0.478416988,0.037144086,-175.388786274,0.000917546,0.135620930,0.006796970,1.004648358,-1.280504211,0.441433355,true,OK
1784822612.177020311,0.052284051,0.098245011,8.895620895,7.888651122,-0.479624540,0.038692042,-175.491642746,0.000407542,0.139882314,0.003464825,1.189246956,-1.289806417,0.450365233,true,OK
1784822613.177092314,0.161689787,0.056505376,8.970737804,7.707719921,-0.478968699,0.037769705,-175.266066117,0.000286562,0.120331298,0.002330077,0.978431831,-1.273358005,0.466590513,true,OK
1784822614.177216053,0.056265769,0.119011649,13.654879500,7.437355889,-0.478985950,0.037737629,-175.480409591,0.000273980,0.000000000,0.002024545,0.000000000,-1.324558506,0.463517539,true,OK
1784822615.179091930,0.062845776,0.072370313,8.741787751,7.590292709,-0.478808572,0.038161438,-175.475213238,0.000610725,0.199791944,0.004535973,1.483892915,-1.314137531,0.449897766,true,OK
1784822616.176979303,0.054510417,0.047665765,8.352413236,7.696645527,-0.479689561,0.038526920,-175.592575865,0.000545569,0.128204252,0.004027863,0.946514271,-1.282665825,0.442017101,true,OK
1784822617.187636375,0.371627768,0.407463611,8.972617558,7.658897064,-0.479494545,0.037993159,-175.417397034,0.000994946,0.081564685,0.007348747,0.602443077,-1.276569404,0.447959755,true,OK
1784822618.177149534,0.056978073,0.095156215,10.000887642,7.555897589,-0.479080480,0.038339312,-175.768540068,0.000539696,0.351143033,0.000414636,0.269775172,-1.295372739,0.426872128,false,WAITING_FOR_ODOM
1784822619.177234411,0.152004170,0.063128301,9.118766533,7.766281407,-0.479084555,0.038781926,-175.715311089,0.000228409,0.106531181,0.001701443,0.793563975,-1.314110521,0.434277600,true,OK
1784822620.180719852,0.063546513,0.013389807,9.099216005,7.688451456,-0.479150917,0.038637812,-175.835718520,0.000233250,0.128204252,0.001705859,0.937615246,-1.311481012,0.441468117,true,OK
1784822621.177101374,0.061382283,0.110756341,9.007254128,7.794265190,-0.479024835,0.038541435,-175.844735790,0.000144004,0.098911718,0.001172377,0.805268640,-1.306954220,0.430476150,true,OK
1784822622.178952217,0.164040419,0.068237944,8.922499994,7.688973080,-0.478655716,0.038908138,-175.855755425,0.000503149,0.420113783,0.004023062,3.359129526,-1.319717006,0.436696014,true,OK
1784822623.178972006,0.052339993,0.010322383,738.314109934,1176.753284028,-0.478001645,0.039349457,-176.196093404,0.000532915,0.071326251,0.003926003,0.525463310,-1.344555221,0.448275620,true,OK
1784822624.177074909,0.061399577,0.112341288,131.320948357,252.906053354,-0.478071015,0.039463816,-175.775832857,0.000996046,0.019782341,0.007434270,0.147651016,-1.317173791,0.418601488,true,OK
1784822625.177009106,0.160870590,0.081868647,34.459891492,48.949953036,-0.476648398,0.038775181,-175.865554229,0.000155000,0.118694067,0.001146454,0.877920131,-1.265007484,0.439498436,true,OK
1784822626.177152157,0.029536591,0.036060192,12.020649187,14.623258261,-0.476099786,0.039128098,-176.284991240,0.000591943,0.135620930,0.004761950,1.091017085,-1.278965093,0.440263547,true,OK
1784822627.176990747,0.061103387,0.128770229,9.360780852,9.211633284,-0.476292780,0.039431484,-176.440046759,0.000511471,0.142652530,0.004168343,1.162578316,-1.285801048,0.458104294,true,OK
1784822628.177397251,0.060070238,0.085666195,9.187299797,7.944213866,-0.476798907,0.039225737,-176.632530134,0.000582337,0.071326251,0.004313418,0.528319839,-1.278585498,0.451853175,true,OK
1784822629.178883553,0.260977314,0.037311062,8.905581377,7.606489971,-0.476644276,0.038915411,-176.438312238,0.000304244,0.207479056,0.002252410,1.536030591,-1.283650427,0.445768768,true,OK
1784822630.178382158,0.160482323,0.008608396,10.679924510,7.781427695,-0.476495608,0.038780559,-176.712699713,0.000641220,0.322033601,0.004773367,2.397282499,-1.298219787,0.450036613,true,OK
1784822631.177073717,0.051315226,0.099123166,8.738231196,7.764352032,-0.476308713,0.039463777,-176.998994556,0.000250072,0.115349902,0.002040009,0.940987029,-1.258585586,0.436862536,true,OK
1784822632.177586794,0.155583961,0.056203304,8.927137468,7.714804400,-0.475811110,0.038746837,-177.146892779,0.000236759,0.213978861,0.001927433,1.741978119,-1.275645283,0.417908287,true,OK
1784822633.177035093,0.059661408,0.023868474,8.362000629,7.785420069,-0.475635403,0.038678317,-176.774776496,0.000397146,0.120331298,0.002938937,0.890468732,-1.314981767,0.419622608,true,OK
1784822634.177048922,0.059870044,0.114934773,8.750072235,7.773894628,-0.475913213,0.039090036,-177.010756397,0.000190606,0.115349902,0.001548600,0.937175239,-1.286968224,0.418631373,true,OK
1784822635.177148581,0.155582055,0.069440678,9.959925998,8.027837664,-0.476018557,0.039859375,-177.279638920,0.000591834,0.086229231,0.004819895,0.702250573,-1.291731273,0.404493322,true,OK
1784822636.177595377,0.059239196,0.026421259,8.368717745,7.709032547,-0.477019826,0.038693671,-176.981134734,0.000415709,0.120331298,0.003362520,0.973317381,-1.277762092,0.402245222,true,OK
1784822637.177032709,0.061368218,0.116187978,8.811335754,7.681155388,-0.476889245,0.038302950,-176.857276090,0.000163295,0.104678325,0.001191780,0.763974350,-1.276451831,0.379837365,true,OK
1784822638.177736998,0.161491028,0.073510836,8.839471134,7.679689496,-0.476726400,0.038495997,-176.980287255,0.000531685,0.126668806,0.004330848,1.031782124,-1.300918450,0.403765341,true,OK
1784822639.177011967,0.054583470,0.029792310,8.107582604,7.671085992,-0.476988550,0.039728410,-177.378254377,0.000556237,0.108352360,0.004624364,0.900803869,-1.316570689,0.423073852,true,OK
1784822640.177459478,0.058439246,0.121631011,8.751885939,7.704541289,-0.476870796,0.039672146,-177.246526308,0.000104457,0.277658662,0.000772646,2.053773520,-1.312762615,0.444223217,true,OK
1784822641.177100182,0.155751408,0.076101597,8.712932162,7.653155533,-0.476397762,0.039207817,-177.011434972,0.000436854,0.337461931,0.003556270,2.747153157,-1.309771359,0.440582715,true,OK
1784822642.177053928,0.058749702,0.033771591,8.032542860,7.671793511,-0.476185158,0.039396556,-177.326036265,0.000839478,0.291412395,0.006697341,2.324882896,-1.318260622,0.449047570,true,OK
1784822643.177014351,0.057886144,0.002331278,8.545171492,7.787896140,-0.477233426,0.040019668,-177.078084360,0.000263646,0.121946558,0.001938764,0.896752533,-1.306684506,0.455761961,true,OK
1784822644.177065134,0.046537220,0.093596224,8.616904957,7.756428937,-0.477345609,0.039451348,-176.875446184,0.000256672,0.128204252,0.002091793,1.044824266,-1.298520555,0.455885558,true,OK
1784822645.177021027,0.153397714,0.046603929,9.015056157,7.700379890,-0.477012365,0.039079627,-177.001807445,0.000190814,0.120331298,0.001550608,0.977845182,-1.314001732,0.431407568,true,OK
1784822646.177164078,0.057356134,0.002328316,8.373510478,7.620690164,-0.476626571,0.039421876,-177.241193341,0.000239652,0.076616680,0.001771707,0.566414722,-1.307260916,0.439244499,true,OK
1784822647.177064180,0.056731892,0.097072736,8.751698226,7.695540089,-0.477668433,0.039317408,-177.134971711,0.000155020,0.216704814,0.001147621,1.604273215,-1.301450058,0.431541519,true,OK
1784822648.177046776,0.160630681,0.053165384,8.898155466,7.657076266,-0.477465471,0.038623773,-177.219614345,0.000175304,0.274825334,0.001326538,2.079627361,-1.303299824,0.423426539,true,OK
1784822649.177044630,0.058362192,0.020178046,8.344039205,7.706010780,-0.476949702,0.038280492,-177.241124572,0.000538175,0.178041140,0.004380189,1.449071922,-1.309161133,0.434882689,true,OK
1784822650.177124977,0.059741245,0.112511097,8.765477460,7.716481782,-0.477023989,0.038904249,-177.215834976,0.000359596,0.150657858,0.002663428,1.115882250,-1.347510177,0.443155206,true,OK
1784822651.177154064,0.058597166,0.080761936,8.995920352,7.779828674,-0.478103614,0.039294861,-177.242537367,0.000463510,0.096913294,0.003778612,0.790053735,-1.272144892,0.460780315,true,OK
1784822652.177055597,0.059615828,0.049052419,8.003604655,7.811391693,-0.477563626,0.038612200,-177.198022583,0.000646184,0.383084100,0.004778392,2.832823381,-1.285052585,0.413053100,true,OK
1784822653.177031755,0.062214651,0.004724764,8.523618826,7.700322904,-0.477098427,0.038512366,-176.842405646,0.000300269,0.413068310,0.002442675,3.360292358,-1.276268833,0.435494603,true,OK
1784822654.177104235,0.055849690,0.108440278,8.667582201,7.809484549,-0.476627794,0.038525551,-177.218134666,0.000357568,0.137056110,0.002913365,1.116695517,-1.305021258,0.424266694,true,OK
1784822655.177257538,0.158976320,0.064355772,8.833267340,7.714320400,-0.477760064,0.038357682,-177.271322596,0.000205894,0.423361538,0.001678296,3.450924656,-1.307504099,0.396808003,true,OK
1784822656.177059650,0.060144015,0.033070619,8.084347299,7.764080246,-0.477522442,0.038365045,-176.866275333,0.000851414,0.269795407,0.006303114,1.997326491,-1.322227542,0.446023753,true,OK
1784822657.176986694,0.060532412,0.000783581,8.528561353,7.809090404,-0.476749560,0.037939670,-176.951647051,0.000252447,0.129721514,0.001854732,0.953066434,-1.224222851,0.413680069,true,OK
1784822658.177058935,0.061769150,0.092012006,8.880803409,7.759379588,-0.476439557,0.037794092,-177.453298934,0.000817051,0.334550216,0.006657129,2.725831499,-1.249511707,0.447869856,true,OK
1784822659.177041292,0.160851899,0.060291751,9.025968147,7.811307774,-0.477504995,0.037897845,-177.318240161,0.000311664,0.416840709,0.002301320,3.077937596,-1.254279752,0.446799748,true,OK
1784822660.177041054,0.060034049,0.016452655,8.409193213,7.688630644,-0.477515096,0.037605780,-176.799589259,0.000117103,0.104678325,0.000953395,0.852242060,-1.281068310,0.429727938,true,OK
1784822661.177025557,0.060677670,0.118640203,8.811195676,7.789880929,-0.477153183,0.037655639,-176.915537782,0.000377044,0.068528042,0.003068568,0.557715164,-1.254229970,0.421948755,true,OK
1784822662.177127838,0.160395852,0.075703448,8.780909102,7.694251510,-0.476582677,0.038716586,-177.104180897,0.000266923,0.039564681,0.002177895,0.322818092,-1.253815967,0.435860737,true,OK
1784822663.177033424,0.059383666,0.043938943,8.058201852,7.729106605,-0.477723947,0.038440748,-176.994743654,0.000763201,0.142652530,0.006214721,1.161614479,-1.317195360,0.434072363,true,OK
1784822664.177049637,0.059358317,0.012089933,8.447201161,7.774626794,-0.478243717,0.036867383,-176.828157696,0.000378775,0.125114538,0.002804245,0.926280395,-1.321356939,0.425642421,true,OK
1784822665.176969290,0.058586499,0.102870284,8.833530588,7.719018597,-0.477264981,0.037237752,-177.322397708,0.000268439,0.257930381,0.001986422,1.908657126,-1.264849132,0.415038251,true,OK
1784822666.177026749,0.158476968,0.070873623,8.794179395,7.781097888,-0.478142961,0.038390387,-177.078119154,0.000228028,0.102792073,0.001688632,0.761213054,-1.258155132,0.422411351,true,OK
1784822667.177042961,0.060354561,0.040304158,8.187231089,7.813949961,-0.478646972,0.037815087,-177.205858406,0.000348514,0.104678325,0.002580131,0.774957897,-1.276239809,0.416900138,true,OK
1784822668.177030802,0.061358352,0.131246068,8.510420185,7.781341722,-0.477591013,0.037027322,-176.894076539,0.000214538,0.039564681,0.001746824,0.322145407,-1.284339247,0.422917203,true,OK
1784822669.177065372,0.058961111,0.099478498,8.857785738,7.809062862,-0.477399210,0.036542844,-177.026115160,0.000312197,0.126668806,0.002545059,1.032615336,-1.275308627,0.429828328,true,OK
1784822670.177059174,0.161213905,0.055480745,8.994258206,7.713994272,-0.477372216,0.037050940,-177.354660325,0.000380564,0.278362492,0.003098521,2.266404693,-1.279613985,0.421408478,true,OK
1784822671.176990747,0.058501298,0.022532285,8.196535413,7.715201626,-0.477881848,0.037202949,-177.336994448,0.000403554,0.104678325,0.003285270,0.852170668,-1.272987995,0.416312456,true,OK
1784822672.177016020,0.059650332,0.115248085,8.779766018,7.722019796,-0.476712421,0.036772516,-176.785121203,0.000951045,0.128204252,0.007059369,0.951628074,-1.285682351,0.412348565,true,OK
1784822673.177111149,0.058722493,0.083300245,9.019602415,7.731444064,-0.477978244,0.035593052,-176.623232047,0.000110842,0.129721514,0.000820128,0.959818516,-1.258126586,0.436494676,true,OK
1784822674.177047491,0.058592587,0.051540274,8.022620680,7.808183091,-0.477393250,0.037606703,-176.930959690,0.000228847,0.065610604,0.001688932,0.484218102,-1.281230489,0.414399437,true,OK
1784822675.177040577,0.059840844,0.019705816,8.514480084,7.813926612,-0.477533449,0.037549557,-176.456727760,0.000064259,0.000000000,0.000476291,0.000000000,-1.289700417,0.401792521,true,OK
1784822676.177047491,0.057641510,0.110768844,8.767212010,7.792745600,-0.476719810,0.037043770,-176.562482047,0.000149336,0.059347027,0.001216039,0.483259955,-1.275029990,0.445572160,true,OK
1784822677.176977873,0.157673843,0.067009575,8.826432284,7.666278346,-0.476266390,0.037334397,-176.546074699,0.000395237,0.118694067,0.002925264,0.878490309,-1.318038901,0.442477918,true,OK
1784822678.177137375,0.060384269,0.035458449,8.114570235,7.721009273,-0.476664911,0.038697457,-176.675429690,0.000186830,0.123540700,0.001520053,1.005128852,-1.278143857,0.454067989,true,OK
1784822679.177061319,0.060174362,0.002575028,8.568021222,7.786944752,-0.477357984,0.037754257,-176.522428204,0.000521648,0.027976455,0.003775676,0.202492806,-1.262143324,0.450972502,true,OK
1784822680.177007437,0.051414828,0.080640306,8.868507048,7.635755767,-0.475907894,0.037414013,-176.715449523,0.000576802,0.265408184,0.004272015,1.965714526,-1.298126001,0.450718004,true,OK
1784822681.177085400,0.056081862,0.050550321,8.040606069,7.771148439,-0.476266243,0.037141216,-176.598559920,0.000421071,0.312786672,0.003135540,2.329194377,-1.277446748,0.448487390,true,OK
1784822682.177076340,0.060840139,0.006758647,8.492108766,7.705623502,-0.477494903,0.036055345,-176.819012073,0.000610435,0.135620930,0.004969566,1.104092718,-1.272266535,0.443188932,true,OK
1784822683.177032709,0.058994456,0.096793848,8.755829100,7.664790169,-0.478932842,0.034880221,-176.492441972,0.000660483,0.065610604,0.004890725,0.485831800,-1.293541281,0.454253138,true,OK
1784822684.176983595,0.157486829,0.065077043,8.800065206,7.723925094,-0.477396445,0.035458836,-176.446236596,0.000436442,0.125114538,0.003586853,1.028240488,-1.273081640,0.455539380,true,OK
1784822685.177057743,0.058299972,0.022228688,7.967931963,7.649122062,-0.476499316,0.035596796,-177.161120313,0.000515222,0.106531181,0.003811795,0.788155080,-1.277236956,0.466223268,true,OK
1784822686.177051544,0.050364759,0.112186847,8.564397998,7.774183953,-0.478525497,0.034597206,-176.936450045,0.001213207,0.208420008,0.009008283,1.547556931,-1.304027332,0.463348991,true,OK
1784822687.177158833,0.119816586,0.080094887,8.248587429,7.798257853,-0.477071009,0.035676908,-176.631468105,0.000515006,0.182384247,0.003799228,1.345458726,-1.279069755,0.461310172,true,OK
1784822688.177040815,0.059459607,0.037259119,8.036764544,7.715414903,-0.476280304,0.035621198,-176.542135941,0.000465307,0.243089661,0.003756812,1.962665328,-1.319281582,0.434057568,true,OK
1784822689.177099466,0.050976607,0.004039063,8.433263201,7.756613427,-0.475359662,0.035428016,-176.783944498,0.000697063,0.354430335,0.005127969,2.607381107,-1.263737469,0.453167724,true,OK
1784822690.176990986,0.060169565,0.096847866,9.025516983,7.782276440,-0.476180971,0.035434937,-176.644248698,0.000118465,0.111905833,0.000963687,0.910325912,-1.266639847,0.446818123,true,OK
1784822691.177012920,0.159105555,0.049311964,8.899117793,7.649906402,-0.477183280,0.034482646,-176.798381848,0.000346837,0.096913294,0.002822800,0.788748314,-1.255457393,0.434719143,true,OK
1784822692.177015543,0.059994291,0.020445232,8.414327219,7.726081518,-0.476807516,0.034362259,-176.604734049,0.000329011,0.185574892,0.002682092,1.512803657,-1.215294859,0.420131496,true,OK
1784822693.177129269,0.059253564,0.112156797,8.776690490,7.718946719,-0.476490028,0.035168563,-176.843114528,0.000319880,0.111905833,0.002370151,0.829165059,-1.276864472,0.455438922,true,OK
1784822694.177060366,0.054693848,0.080236547,8.900833508,7.790033182,-0.477721636,0.035957398,-176.799762330,0.000134854,0.071326251,0.001101794,0.582752808,-1.273429793,0.467599528,true,OK
1784822695.177112341,0.046779168,0.031147747,7.829560353,8.117527288,-0.477798105,0.035357029,-176.494188953,0.001003262,0.228997300,0.008471227,1.933580701,-1.285156687,0.467827854,true,OK
1784822696.177089930,0.038132663,0.120744912,8.268050192,7.767355752,-0.477133032,0.035511753,-176.724295985,0.000412788,0.145369958,0.003279103,1.154788333,-1.282091663,0.447477214,true,OK
1784822697.176975012,0.058115952,0.083250280,9.020340116,7.681800290,-0.476548521,0.035450134,-176.600024775,0.000445636,0.187671854,0.003297807,1.388812788,-1.319843554,0.478029831,true,OK
1784822698.177050352,0.045767552,0.048213191,8.076586939,7.822053862,-0.477529271,0.036064580,-176.577311840,0.000220551,0.019782341,0.001655096,0.148454041,-1.318836944,0.461721066,true,OK
1784822699.177040339,0.052897193,0.003583968,8.667225898,7.680834605,-0.477092059,0.035364328,-176.540150695,0.000081872,0.108352360,0.000667217,0.883023312,-1.301649166,0.474274097,true,OK
1784822700.177013159,0.056755685,0.099173072,8.840642114,7.709199275,-0.477090387,0.035635563,-176.288446385,0.000818615,0.000000000,0.006057991,0.000000000,-1.284400303,0.482490346,true,OK
1784822701.177232027,0.146587821,0.064638188,7.863660258,7.153682242,-0.477166944,0.036139595,-176.362911709,0.000290646,0.100870555,0.002160650,0.749867494,-1.271058637,0.476224683,true,OK
1784822702.180819988,0.053013813,0.147498524,7.993346122,8.089921382,-0.478114076,0.035574301,-176.390771863,0.000290318,0.128204252,0.002178089,0.961843692,-1.315661291,0.482439282,true,OK
1784822703.177629948,0.057610314,0.098350947,9.416806882,7.740611186,-0.477947649,0.034901077,-176.176431621,0.000314142,0.380521631,0.002315475,2.804747384,-1.289404123,0.481509307,true,OK
1784822704.177095413,0.150725706,0.048769267,8.443136248,7.051146690,-0.477851114,0.034885187,-176.315704461,0.000505270,0.126668806,0.004112119,1.030889493,-1.260089506,0.446023308,true,OK
1784822705.177385807,0.032522593,0.013858499,9.654206059,7.698698266,-0.479279145,0.033643244,-176.329277621,0.000181885,0.000000000,0.001419247,0.000000000,-1.281973615,0.450290314,true,OK
1784822706.196124077,0.075347573,0.123495522,9.211184779,7.788643196,-0.481441988,0.034108272,-176.149877029,0.000801106,0.205584225,0.006519507,1.673071226,-1.212331006,0.429255534,true,OK
1784822707.180439711,0.101945564,0.048031357,8.414901784,7.636385268,-0.480668927,0.035221449,-175.922368764,0.000835054,0.322033601,0.005734415,2.211441956,-1.271181817,0.445831336,true,OK
1784822708.181334496,0.055169076,0.120557961,8.404203911,7.682239170,-0.479847283,0.034276635,-176.069605695,0.000724124,0.034264021,0.004819267,0.228037647,-1.296451058,0.440632077,true,OK
1784822709.177076340,0.059085423,0.096269393,8.890771377,7.783130740,-0.480021538,0.034905363,-175.928051795,0.000469375,0.340923183,0.003473970,2.523263311,-1.265122557,0.436094200,true,OK
1784822710.177073240,0.154667869,0.063454108,12.087032090,7.847010867,-0.481172576,0.034576974,-175.651847216,0.000223238,0.141274205,0.001728438,1.093825825,-1.268192429,0.463632127,true,OK
1784822711.177005053,0.055276973,0.016346922,8.964035023,7.720783695,-0.480799385,0.033605503,-175.336548142,0.000441876,0.090654086,0.003255942,0.667980289,-1.288196686,0.451043660,true,OK
1784822712.177042961,0.058322921,0.109611608,8.947025833,7.749705426,-0.480165241,0.033880910,-175.672892496,0.000116039,0.131221234,0.000930015,1.051696160,-1.298722665,0.449079015,true,OK
1784822713.177476645,0.105017407,0.058364775,8.032583179,7.404448731,-0.480299960,0.034909125,-175.965947899,0.000860576,0.416840709,0.006692047,3.241454654,-1.278171382,0.457898680,true,OK
1784822714.177268505,0.058619097,0.023496328,8.337173625,7.663633323,-0.481050983,0.033966217,-175.691348808,0.000279017,0.108352360,0.002272803,0.882611634,-1.288966826,0.407960147,true,OK
1784822715.182319641,0.079973957,0.045471176,7.291901410,6.898857142,-0.480398478,0.033462157,-175.826584966,0.000605220,0.264669910,0.004716404,2.062539781,-1.272384413,0.442669289,true,OK
1784822716.177354097,0.156550082,0.071100942,12.753187020,7.498962703,-0.480593088,0.033269571,-176.101757413,0.000452412,0.096913294,0.003688697,0.790173872,-1.282107380,0.437560836,true,OK
1784822717.177066565,0.060237884,0.026844465,8.778350774,7.771347586,-0.481205796,0.033597177,-175.937714812,0.000186459,0.118694067,0.001523190,0.969616642,-1.281623106,0.434330045,true,OK
1784822718.177618504,0.055077729,0.118191744,8.893624996,7.721503662,-0.481576570,0.033334211,-175.704359345,0.000445199,0.000000000,0.003308873,0.000000000,-1.287676192,0.423762403,true,OK
1784822719.177050591,0.159174412,0.074141805,9.156207224,7.658052675,-0.481047135,0.033576811,-175.556841092,0.001172816,0.462248153,0.008789265,3.464160334,-1.310522795,0.424033529,true,OK
1784822720.177049875,0.254368972,0.164310040,8.827723197,7.668953904,-0.480750592,0.034382953,-175.797103422,0.000412263,0.120331298,0.003042671,0.888095341,-1.264268893,0.432839973,true,OK
1784822721.177055836,0.057235022,0.133018706,8.670532247,7.678270751,-0.480525143,0.034439900,-175.641625024,0.000408028,0.227281935,0.003324292,1.851713092,-1.289573299,0.445656659,true,OK
1784822722.177050829,0.032774787,0.088248660,8.590712388,7.663252368,-0.481151962,0.034898376,-175.303211883,0.001125424,0.131221234,0.008329485,0.971194655,-1.243847094,0.455555333,true,OK
1784822723.177347898,0.254212242,0.018805648,10.305258468,7.590171819,-0.480046958,0.034828591,-175.035807495,0.000489031,0.302611985,0.003990656,2.469413754,-1.247952000,0.444284516,true,OK
1784822724.176981688,0.061536714,0.001065810,9.838640708,7.708101207,-0.480080865,0.035730220,-174.815232686,0.000324310,0.374822532,0.002401175,2.775166911,-1.298528236,0.442503932,true,OK
1784822725.177488804,0.031023047,0.090324660,14.621133147,7.728440015,-0.480321010,0.036245729,-175.056503482,0.000171755,0.044234660,0.001311267,0.337711180,-1.281838042,0.435143147,true,OK
1784822726.177063704,0.161086576,0.048562644,10.891445337,7.692941942,-0.480297344,0.035486159,-174.703065545,0.000568558,0.174712971,0.004627931,1.422123364,-1.282275624,0.413276466,true,OK
1784822727.177068949,0.059208062,0.014230777,9.022153834,7.729846743,-0.480088242,0.035644831,-174.637099765,0.000875439,0.360994441,0.006498145,2.679563732,-1.279600699,0.407673393,true,OK
1784822728.177259445,0.158783910,0.230567284,9.046584874,7.710610752,-0.479959527,0.035913928,-174.729482419,0.000328469,0.134170395,0.002436264,0.995146678,-1.273965537,0.413105845,true,OK
1784822729.177043200,0.161354765,0.062233402,11.668382075,7.658927994,-0.481455554,0.030155713,-175.812973656,0.000382161,0.285305273,0.002841765,2.121543932,-1.295930167,0.418092676,true,OK
1784822730.177058935,0.047884366,0.019314789,8.493987383,7.729105845,-0.481146163,0.029313735,-175.522720939,0.000336517,0.137056110,0.002491687,1.014810193,-1.289945907,0.435162520,true,OK
1784822731.181642532,0.161589688,0.057023339,8.576279004,7.296381635,-0.480927323,0.028741052,-175.544704426,0.000144746,0.034264021,0.001182368,0.279887587,-1.283210863,0.435905358,true,OK
1784822732.177037477,0.160044285,0.065642454,15.308647243,8.062409862,-0.481035184,0.029695423,-175.930720758,0.000879695,0.164324520,0.007280149,1.359910519,-1.258665070,0.418471078,true,OK
1784822733.177031994,0.054572662,0.017753104,9.269841885,7.691427078,-0.481863911,0.030622940,-175.730317085,0.000967001,0.086229231,0.007925448,0.706726763,-1.310034138,0.436587094,true,OK
1784822734.177001476,0.057659409,0.111149040,9.833736795,7.718040610,-0.482159957,0.030393159,-175.467729555,0.000719344,0.288035534,0.005359729,2.146110678,-1.271723102,0.429722273,true,OK
1784822735.177093029,0.023538997,0.060373669,19.648202399,7.926285798,-0.481751769,0.031060870,-175.479306699,0.000516433,0.000000000,0.003840216,0.000000000,-1.282268478,0.457818491,true,OK
1784822736.177039146,0.051757594,0.022117312,10.348297391,7.759394025,-0.481651894,0.030788005,-175.565296193,0.000789005,0.048456644,0.005298020,0.325377025,-1.288239174,0.447624247,true,OK
1784822737.177086115,0.057985901,0.116960426,9.089751935,7.720852374,-0.482710611,0.030599041,-175.360812562,0.000661255,0.155766359,0.004890883,1.152104476,-1.275912087,0.473454165,true,OK
1784822738.177233219,0.160461622,0.073505555,8.908526636,7.641632757,-0.482224030,0.029442885,-174.958804796,0.000342920,0.128204252,0.002534327,0.947483959,-1.279436577,0.438619052,true,OK
1784822739.177075863,0.059106717,0.041661002,8.172904664,7.748617945,-0.481710895,0.029655975,-175.286209474,0.000483788,0.150657858,0.003575348,1.113410235,-1.270607054,0.436482609,true,OK
1784822740.191064358,0.019663486,0.145049797,7.811086375,7.751981621,-0.482452386,0.030432428,-175.609209066,0.000328817,0.212142087,0.002469035,1.592941059,-1.284287316,0.441999813,true,OK
1784822741.177179337,0.044136297,0.088469263,9.182133252,7.777422069,-0.482947757,0.030978542,-175.724198559,0.000774999,0.118694067,0.005740697,0.879209286,-1.258652223,0.416777247,true,OK
1784822742.177313328,0.154760735,0.014481381,15.167695402,7.443838355,-0.482332800,0.030139719,-175.641107287,0.000377566,0.044234660,0.003073004,0.360025217,-1.268413376,0.421681702,true,OK
1784822743.177721500,0.144037169,0.001284536,9.263751538,7.798242075,-0.481924389,0.029958913,-175.731773473,0.000405340,0.123540700,0.003004678,0.915774771,-1.276322319,0.419991561,true,OK
1784822744.177081108,0.154623243,0.091988931,10.663470887,7.869019444,-0.481186260,0.030381169,-176.036065816,0.000729836,0.208420008,0.005412856,1.545754227,-1.311457816,0.402479046,true,OK
1784822745.176988602,0.159941673,0.047622258,9.079663968,7.777905425,-0.483022514,0.029930642,-175.542861764,0.000553758,0.118694067,0.004505705,0.965765529,-1.274020766,0.456004377,true,OK
1784822746.177898645,0.058028013,0.013916819,8.484330231,7.775272383,-0.483294912,0.028531037,-176.001720690,0.000462467,0.354430335,0.003436894,2.634003534,-1.280878267,0.444519567,true,OK
1784822747.177160740,0.058231832,0.093630260,8.981247213,7.761656672,-0.482476590,0.028698240,-176.063812319,0.000365923,0.224684355,0.002715935,1.667641372,-1.293188480,0.442222856,true,OK
1784822748.177775383,0.161065704,0.050688638,8.749939790,8.154569835,-0.482844132,0.029504567,-175.816071979,0.000241199,0.217605878,0.001964415,1.772266692,-1.289945931,0.418939673,true,OK
1784822749.177044153,0.028734765,0.120988568,8.228486426,7.648375656,-0.482620634,0.029431385,-175.978125344,0.000778979,0.034264021,0.005585472,0.245681497,-1.269076956,0.418008050,true,OK
1784822750.177088022,0.147403008,0.211380777,8.748920516,7.738247571,-0.481674024,0.028182603,-175.504235921,0.000622247,0.194833561,0.004561468,1.428253671,-1.219211988,0.439122200,true,OK
1784822751.177186728,0.279361940,0.416566253,7.134216081,6.947913137,-0.482181241,0.029013716,-175.726229315,0.000598283,0.120331298,0.004859223,0.977324084,-1.293649382,0.417908439,false,LOW_ANGULAR_COVERAGE
1784822752.181567430,0.046630515,0.125114155,16.391409389,8.847873468,-0.482841015,0.029031878,-175.797601639,0.000660024,0.071372324,0.000502457,0.054333690,-1.302318157,0.432299338,false,WAITING_FOR_ODOM
1784822753.194299459,0.044814251,0.010848020,13.649557179,7.273683325,-0.482812418,0.028565013,-175.853312123,0.000161256,0.113640914,0.001329210,0.936724391,-1.281351809,0.428197527,true,OK
1784822754.177818775,0.050174771,0.032649731,9.208402567,7.650926751,-0.482774436,0.028214859,-175.642708583,0.000962810,0.404935262,0.007800834,3.280846857,-1.286847107,0.434796066,true,OK
1784822755.177072287,0.024771789,0.119194770,8.427998142,7.637321000,-0.481581062,0.029442630,-176.046903842,0.000879458,0.019782341,0.006515357,0.146555070,-1.229244615,0.451911616,true,OK
1784822756.177059412,0.151433537,0.079020435,14.307111967,7.685161559,-0.481854224,0.030491268,-175.958453472,0.000993813,0.482544594,0.008104587,3.935170385,-1.256885393,0.429637160,true,OK
1784822757.177178144,0.048411602,0.035133009,8.918610713,7.644189168,-0.481651044,0.029953957,-175.699733030,0.000232581,0.164324520,0.001719715,1.215022641,-1.288386968,0.439584237,true,OK
1784822758.177821159,0.050754378,0.003443530,11.211511627,7.964409558,-0.481283552,0.029865558,-175.535019723,0.000129207,0.158258778,0.000951268,1.165158744,-1.277858358,0.447868036,true,OK
1784822759.178643942,0.111862496,0.072505648,8.923938698,7.583351976,-0.481653769,0.030030822,-175.437119227,0.000347865,0.293419857,0.002576196,2.172991824,-1.298588012,0.447253996,true,OK
1784822760.189029455,0.257156153,0.169011489,12.287178730,7.578989931,-0.482667405,0.030177226,-175.157974512,0.000937569,0.076616680,0.006973961,0.569901020,-1.283005636,0.439278476,true,OK
1784822761.177068949,0.058291989,0.098343702,14.644236625,8.036644667,-0.482228371,0.029835063,-175.297257890,0.000290108,0.385121790,0.002288433,3.037923832,-1.255918408,0.446403165,true,OK
1784822762.177823305,0.065034678,0.122692493,8.513251354,7.351992614,-0.480565912,0.031784290,-175.385879978,0.000833154,0.150657858,0.006154187,1.112851959,-1.278147998,0.440758017,true,OK
1784822763.188958645,0.147322104,0.012553677,11.714104651,7.437636276,-0.480915213,0.033116432,-175.592687774,0.000458515,0.315899051,0.003092249,2.130439771,-1.284439590,0.442539157,true,OK
1784822764.179441214,0.045578239,0.111098169,11.041941478,7.749121818,-0.481594117,0.032856511,-175.371537448,0.000378997,0.131221234,0.003043101,1.053620612,-1.282050460,0.435861589,true,OK
1784822765.177114725,0.053533075,0.072408900,291.883459533,8.633712415,-0.480854200,0.032166300,-175.542292908,0.000262271,0.108352360,0.001921043,0.793641851,-1.309425436,0.406568864,true,OK
1784822766.194662094,0.064587920,0.022737287,58.332018936,7.785723414,-0.481185350,0.032518807,-175.558769152,0.000417714,0.100870555,0.003035291,0.732968730,-1.252195448,0.452125741,true,OK
1784822767.177397966,0.059272457,0.111078271,20.438028198,7.806861149,-0.480664234,0.031880111,-175.682397872,0.001064600,0.345484255,0.007875871,2.555878868,-1.290330115,0.448013376,true,OK
1784822768.177313328,0.154232428,0.058878583,11.454176013,7.616757529,-0.482004107,0.032143514,-175.465921478,0.001145472,0.120331298,0.009411173,0.988639623,-1.218096448,0.420983595,true,OK
1784822769.177103519,0.054085479,0.020067417,8.885654044,7.682488598,-0.481119497,0.031527800,-175.473614979,0.000494778,0.376904886,0.004100832,3.123875353,-1.313136412,0.425890388,true,OK
1784822770.177057743,0.059447224,0.111730345,9.023314249,7.717762363,-0.480695028,0.031924684,-176.198303126,0.000430214,0.044234660,0.003436060,0.353296404,-1.306577057,0.422984144,true,OK
1784822771.177089453,0.157982477,0.070626534,8.872129063,7.717852955,-0.480961678,0.032498543,-176.174497889,0.000683292,0.424745852,0.005603705,3.483360481,-1.292269738,0.422189437,true,OK
1784822772.176976204,0.059044999,0.023678619,8.128761111,7.673726201,-0.481380766,0.031697082,-175.725122921,0.000684275,0.145369958,0.005568736,1.183043798,-1.297769927,0.423630476,true,OK
1784822773.177033424,0.060741748,0.117356196,8.571149322,7.658617180,-0.481056294,0.031890041,-175.481283724,0.000200380,0.113640914,0.001477558,0.837962151,-1.295002631,0.415208696,true,OK
1784822774.176943302,0.054934573,0.085406421,8.898216817,7.717085687,-0.481057769,0.032104696,-175.875501492,0.000628923,0.120331298,0.004657503,0.891116261,-1.307644773,0.426177533,true,OK
1784822775.177116871,0.057374573,0.054987464,7.988066760,7.832335641,-0.481406762,0.032852710,-175.971020040,0.000235596,0.131221234,0.001711897,0.953485171,-1.275736199,0.421582113,true,OK
1784822776.177072048,0.060228097,0.010480170,8.260548634,7.670832362,-0.481308727,0.031858204,-175.706478616,0.000269271,0.128204252,0.001992181,0.948510313,-1.271165450,0.414890431,true,OK
1784822777.177040815,0.058021548,0.113719062,8.771103526,7.804342266,-0.480901848,0.031855909,-175.693994664,0.000285641,0.121946558,0.002326655,0.993299933,-1.287697764,0.415445103,true,OK
1784822778.177061319,0.157097401,0.069713832,8.839525672,7.687825894,-0.480441739,0.032232746,-175.788687200,0.000574946,0.394161119,0.004685552,3.212235896,-1.285471149,0.415179098,true,OK
1784822779.177031279,0.059952709,0.038144150,8.091209323,7.722370088,-0.481532662,0.032717812,-175.791694831,0.000189520,0.071326251,0.001540809,0.579885093,-1.299783787,0.423898906,true,OK
1784822780.177070856,0.059629354,0.005612934,8.476983192,7.781626312,-0.481809221,0.032149023,-175.577110351,0.000479482,0.110143430,0.003545554,0.814460536,-1.335632187,0.431228483,true,OK
1784822781.177030087,0.060442812,0.097623801,8.840578187,7.727907059,-0.481248015,0.031923217,-175.814636729,0.000586200,0.145369958,0.004338044,1.075777555,-1.270597917,0.453862981,true,OK
1784822782.177066326,0.159570065,0.066046358,8.844209690,7.797560901,-0.480789155,0.032055117,-175.938935630,0.000415646,0.254877847,0.003076785,1.886710215,-1.276484796,0.472083643,true,OK
1784822783.177030563,0.060744282,0.034141706,8.169192664,7.819174687,-0.481703820,0.032714442,-175.825528743,0.000515811,0.163129423,0.003821327,1.208525239,-1.265151781,0.430044235,true,OK
1784822784.177032232,0.061125289,0.122962108,8.603016065,7.764893523,-0.481529820,0.032006744,-175.338247053,0.000112098,0.000000000,0.000903159,0.000000000,-1.320178002,0.439894527,true,OK
1784822785.177038670,0.058738608,0.093783125,8.985534148,7.813618670,-0.481062955,0.032059372,-175.338726473,0.000144292,0.113640914,0.001174980,0.925383375,-1.291026512,0.440946716,true,OK
1784822786.177451849,0.160223202,0.050251280,9.054590617,7.712916302,-0.481073354,0.031399293,-175.744817431,0.000297940,0.129721514,0.002427391,1.056871609,-1.295798968,0.433235844,true,OK
1784822787.177043676,0.057923376,0.017483463,8.391817748,7.760712255,-0.481723816,0.032099904,-175.610398895,0.000496435,0.128204252,0.003673754,0.948746089,-1.289901906,0.434904798,true,OK
1784822788.177039146,0.059149544,0.108661871,8.754859844,7.724565373,-0.480726656,0.032232603,-175.328722144,0.000359738,0.111905833,0.002661577,0.827952167,-1.279222103,0.445252879,true,OK
1784822789.177038431,0.159123234,0.075257396,8.807511011,7.738460225,-0.479031506,0.032859969,-175.203541732,0.000309572,0.376385392,0.002280984,2.773279292,-1.275372917,0.466785203,true,OK
1784822790.177030802,0.059444403,0.045370416,8.092860708,7.815892598,-0.480725907,0.032286135,-175.333509119,0.000268595,0.019782341,0.001988110,0.146426682,-1.280707780,0.451679961,true,OK
1784822791.176998377,0.058577058,0.001169777,8.449288302,7.702997559,-0.480969361,0.032960347,-175.442154457,0.000612038,0.190774080,0.004984376,1.553643865,-1.279736021,0.459096451,true,OK
1784822792.177032709,0.060926632,0.105018568,8.839332481,7.860675814,-0.480749606,0.033566897,-175.136209253,0.000149544,0.110143430,0.001219130,0.897924414,-1.259913486,0.453675875,true,OK
1784822793.177040815,0.159098787,0.060479516,8.959127286,7.718923481,-0.480075371,0.033702471,-175.154793703,0.000363979,0.120331298,0.002974540,0.983382470,-1.254365622,0.451477571,true,OK
1784822794.177044630,0.059741821,0.028742374,8.112568698,7.725076319,-0.479764105,0.034408094,-175.643631269,0.000358748,0.333378412,0.002923080,2.716366108,-1.265963409,0.460745623,true,OK
1784822795.177055120,0.060953340,0.116831530,8.724961176,7.669288700,-0.480737054,0.034646368,-175.340426125,0.000173752,0.131221234,0.001280295,0.966906974,-1.269880087,0.455116458,true,OK
1784822796.177032709,0.060081736,0.088181788,8.916967103,7.732940223,-0.480375253,0.034054976,-175.327278444,0.000104353,0.417309857,0.000790692,3.162008793,-1.279382153,0.483407355,true,OK
1784822797.177029610,0.057403419,0.055743468,7.987424045,7.780364602,-0.480265574,0.033997899,-175.069969215,0.000648797,0.142652530,0.004798745,1.055112193,-1.217461269,0.463450279,true,OK
1784822798.177049637,0.060416818,0.023301906,8.320429144,7.787221516,-0.480468047,0.034477553,-174.976359538,0.000280306,0.356631791,0.002104443,2.677472331,-1.271941800,0.474436057,true,OK
1784822799.177057266,0.058796628,0.116365311,8.740487033,7.781460449,-0.481343647,0.034832739,-175.376372942,0.000555225,0.141274205,0.004525362,1.151456372,-1.248247256,0.494081698,true,OK
1784822800.177041292,0.058306473,0.084638631,8.996980894,7.814956387,-0.481343072,0.035286879,-174.799927594,0.000074974,0.055952910,0.000611112,0.456073127,-1.289847124,0.460098801,true,OK
1784822801.176961184,0.059046357,0.039865678,8.013684766,7.661580316,-0.480622116,0.035629688,-174.960001995,0.000038106,0.000000000,0.000280663,0.000000000,-1.276573248,0.455797638,true,OK
1784822802.177057266,0.058169752,0.008910987,8.471729512,7.725646452,-0.480763541,0.035855587,-175.062363806,0.000386400,0.343211296,0.003118827,2.770227896,-1.281070135,0.468969674,true,OK
1784822803.177050591,0.060216562,0.112385428,8.800662190,7.812951642,-0.481558955,0.036037274,-174.987308451,0.000167888,0.120331298,0.001367961,0.980467661,-1.275769258,0.475115931,true,OK
1784822804.177033424,0.160081636,0.068432448,8.872947582,7.732333659,-0.481004454,0.035663421,-174.624858545,0.000416975,0.226419384,0.003443542,1.869859440,-1.249925794,0.454685303,true,OK
1784822805.177007914,0.058942194,0.036404961,8.092386560,7.732676329,-0.480901859,0.036278647,-174.702601052,0.000291248,0.157017511,0.002369916,1.277667198,-1.270646081,0.448568560,true,OK
1784822806.177044630,0.060346864,0.004842166,8.615443223,7.802254291,-0.481191037,0.036076481,-175.053268414,0.000743051,0.027976455,0.005496500,0.206947497,-1.256605518,0.429989005,true,OK
1784822807.177031755,0.061166563,0.095360196,8.867779173,7.725390463,-0.481854817,0.036370979,-174.822097660,0.000251405,0.118694067,0.001852143,0.874439742,-1.339284209,0.471078514,true,OK
1784822808.177080870,0.157641928,0.063874328,8.784060412,7.796573413,-0.481486979,0.035399339,-174.607932452,0.000111264,0.261696003,0.000823404,1.936677274,-1.259108770,0.454706640,true,OK
1784822809.177094221,0.059950732,0.032409885,8.186007877,7.810516541,-0.481607743,0.035093643,-174.398080228,0.000273019,0.098911718,0.002019833,0.731762976,-1.272908967,0.464524488,true,OK
1784822810.177033186,0.058802679,0.122436265,8.559486285,7.765608906,-0.481935666,0.035049990,-174.574855282,0.000408775,0.120331298,0.003326819,0.979316525,-1.284052337,0.467695327,true,OK
1784822811.177088976,0.054942343,0.091696222,8.913866090,7.816351675,-0.482071119,0.035788251,-174.820198579,0.000535618,0.281855253,0.004366497,2.297757463,-1.226939159,0.445215221,true,OK
1784822812.177250862,0.057311214,0.048231426,8.057377630,7.760933956,-0.482234377,0.035092379,-174.256638306,0.000726934,0.145369958,0.005374705,1.074816569,-1.285252059,0.463590056,true,OK
1784822813.177488565,0.060326891,0.004162175,8.532586190,7.711102267,-0.484650290,0.032586023,-174.393322389,0.001433272,0.115349902,0.011527608,0.927743027,-1.279199372,0.524881864,true,OK
1784822814.177034140,0.055784618,0.095110669,8.838101877,7.751850375,-0.482337754,0.035177998,-174.618981431,0.001333441,0.145369958,0.010853298,1.183212193,-1.290319413,0.463038639,true,OK
1784822815.177035332,0.048200373,0.050395463,6.883252899,7.060951059,-0.482688425,0.035932251,-174.537733676,0.000644897,0.201741190,0.002480895,0.776090763,-1.282220431,0.413996452,true,OK
1784822816.177025318,0.060900737,0.018026852,9.177658213,7.655450091,-0.481936408,0.034420996,-174.371817649,0.000036265,0.118694067,0.000268328,0.878231593,-1.332231677,0.432820831,true,OK
1784822817.177078962,0.055916364,0.109958423,8.869054016,7.726669911,-0.481117423,0.034589377,-174.514848927,0.000428784,0.151951085,0.003493515,1.238019508,-1.287869110,0.444365550,true,OK
1784822818.177054167,0.158922443,0.066496029,8.806543283,7.700183244,-0.480471842,0.034590282,-174.436687877,0.000783580,0.154505069,0.006451928,1.272181351,-1.242640751,0.421817091,true,OK
1784822819.177068710,0.059118842,0.018895663,253.309173147,569.008407238,-0.480292125,0.033763688,-174.705420456,0.000730950,0.065610604,0.005438823,0.488192606,-1.303195319,0.432707165,true,OK
1784822820.177063704,0.058770524,0.113732117,49.809838749,125.421720070,-0.481626270,0.031520486,-174.416371846,0.000082447,0.027976455,0.000610673,0.207218727,-1.332293017,0.427452770,true,OK
1784822821.178143740,0.036756774,0.154081469,20.912307343,45.197644178,-0.481768153,0.032545820,-174.976972863,0.000138082,0.059347027,0.001124350,0.483239276,-1.249380783,0.407401050,true,OK
1784822822.178464651,0.055397251,0.036133229,10.456818507,13.874979770,-0.480913993,0.032689745,-175.035623804,0.000386927,0.113640914,0.003150153,0.925204895,-1.256315576,0.398518349,true,OK
1784822823.177068233,0.059801376,0.004046767,8.999322932,8.815269786,-0.481431325,0.031655402,-175.087386006,0.000365296,0.142652530,0.002721468,1.062765200,-1.306847378,0.408142932,true,OK
1784822824.177171946,0.041494055,0.084131645,8.744510391,7.955997504,-0.481072060,0.032613739,-174.751234894,0.000593168,0.090654086,0.004396794,0.671964094,-1.251064821,0.399213405,true,OK
1784822825.177059412,0.057773032,0.048819003,8.014041244,7.796015874,-0.480294365,0.032860389,-175.105867734,0.000537325,0.391671141,0.003974709,2.897276362,-1.250406242,0.394301797,true,OK
1784822826.177014351,0.058089168,0.009211274,8.497552448,7.732495419,-0.481684323,0.033434980,-174.868237815,0.000538782,0.183453959,0.004418674,1.504546351,-1.234480083,0.399089952,true,OK
1784822827.177053928,0.047379260,0.099619023,8.931213798,7.743198712,-0.482739431,0.032568166,-174.959733655,0.000265312,0.115349902,0.001957644,0.851126018,-1.236450465,0.396110453,true,OK
1784822828.179300547,0.061264349,0.052611177,8.096525809,7.720803210,-0.483765185,0.030488755,-174.868767428,0.000393884,0.231546534,0.002678917,1.574814732,-1.249843125,0.403735321,true,OK
1784822829.177031755,0.060321502,0.022904785,8.259210944,7.822433270,-0.483522763,0.030805749,-174.998963774,0.000279372,0.221173438,0.002067425,1.636737923,-1.261636463,0.411504495,true,OK
1784822830.177028656,0.043422515,0.115448295,8.489268400,7.777566742,-0.483192435,0.030936132,-175.056968475,0.000666274,0.081564685,0.005431542,0.664924281,-1.343813773,0.428581047,true,OK
1784822831.181617260,0.163636203,0.075087921,9.976289052,7.478826480,-0.482905608,0.030408899,-174.912116151,0.000252714,0.225553524,0.002059205,1.837891683,-1.262138077,0.422752688,true,OK
1784822832.177006245,0.059379546,0.033393359,8.627127155,7.694772899,-0.483195790,0.030144762,-175.142448319,0.000506221,0.111905833,0.003742751,0.827377574,-1.269723051,0.416309102,true,OK
1784822833.177114487,0.058608164,0.130557132,8.668258956,7.859038826,-0.482577984,0.031469173,-175.125095290,0.000546138,0.118694067,0.004448113,0.966723493,-1.289900426,0.437024053,true,OK
1784822834.177448034,0.050395665,0.086089562,8.911209508,7.717788272,-0.481545629,0.033344674,-175.548457209,0.001052575,0.135620930,0.007789855,1.003697521,-1.274542693,0.449297994,true,OK
1784822835.177029610,0.059435475,0.043222701,7.944306716,7.707029171,-0.481698750,0.033181282,-175.068975174,0.000434667,0.169020462,0.003559660,1.384176506,-1.274391575,0.434614381,true,OK
1784822836.177146196,0.051088956,0.133641965,8.520993884,7.702987082,-0.481549477,0.033614399,-175.451153086,0.000430942,0.110143430,0.003191461,0.815698214,-1.322092703,0.455828289,true,OK
1784822837.177150965,0.155159604,0.067236842,8.841761824,7.545460029,-0.479860557,0.034648497,-175.155159665,0.000346838,0.276245614,0.002551115,2.031881739,-1.269561622,0.419708266,true,OK
1784822838.177026749,0.061614068,0.033904370,8.104282959,7.679941346,-0.482244911,0.033888953,-175.653434778,0.000804957,0.131221234,0.006568538,1.070779405,-1.281902790,0.405108139,true,OK
1784822839.177038670,0.060489589,0.001912104,8.671562133,7.769909767,-0.480912812,0.035541489,-175.276710072,0.000793461,0.253337773,0.005772833,1.843160871,-1.286862016,0.422181286,true,OK
1784822840.177046299,0.060839670,0.092156481,9.060348471,7.780449270,-0.480544004,0.034270174,-175.176841727,0.000632899,0.128204252,0.005128830,1.038930511,-1.248725802,0.411673779,true,OK
1784822841.177092552,0.157743488,0.041049930,8.974917677,7.581406124,-0.479488417,0.035836831,-175.190213777,0.000387791,0.126668806,0.002877311,0.939849547,-1.287181976,0.425603772,true,OK
1784822842.177028894,0.058563043,0.017322442,8.438507355,7.741322118,-0.480198045,0.036061088,-175.272929502,0.000230735,0.131221234,0.001926517,1.095627347,-1.274852207,0.427964505,true,OK
1784822843.177791595,0.059673913,0.106880702,8.750814637,7.697509085,-0.480128685,0.035455507,-175.223492152,0.000122621,0.307104889,0.000906452,2.270213988,-1.312876817,0.424135545,true,OK
1784822844.177081823,0.153254888,0.073096128,8.680269661,7.760303634,-0.479514364,0.035088356,-175.150728313,0.000416283,0.163129423,0.003042957,1.192448039,-1.347657938,0.432581754,true,OK
1784822845.177112818,0.051807049,0.032119364,8.028749358,7.708435647,-0.479103531,0.036059027,-175.399448638,0.000795463,0.209356731,0.006466109,1.701804921,-1.257937066,0.470924645,true,OK
1784822846.178618908,0.061181236,0.124541174,8.695923871,7.744978860,-0.480270625,0.036019968,-175.354528725,0.001542517,0.391671141,0.012515398,3.177871949,-1.305103925,0.422622043,true,OK
1784822847.177768946,0.155858381,0.078691739,8.678847867,7.634533484,-0.479801764,0.035418162,-175.101668171,0.000313741,0.192814506,0.002320948,1.426377526,-1.248710080,0.426589333,true,OK
1784822848.177579165,0.156550931,0.034645628,8.031829039,6.997228488,-0.478649774,0.036052532,-175.406690309,0.000596006,0.179136785,0.004853456,1.458764643,-1.253579957,0.412457606,true,OK
1784822849.177064180,0.032387926,0.135226850,8.505620468,7.590622251,-0.478566700,0.037032194,-175.646938831,0.000568375,0.331022343,0.004277406,2.491167701,-1.265085415,0.428580684,true,OK
1784822850.177341700,0.156297820,0.090581804,9.303457277,7.956112644,-0.479795644,0.036729574,-175.211181647,0.000754469,0.086229231,0.005505270,0.629204573,-1.276684544,0.457870695,true,OK
1784822851.177864552,0.145452890,0.047629653,9.411053969,7.731308793,-0.478472233,0.036698996,-175.171806784,0.000444401,0.154505069,0.003603151,1.252709992,-1.232261942,0.431419690,true,OK
1784822852.177213192,0.060601430,0.007761912,9.131287965,7.778601235,-0.478264898,0.037002874,-175.356408999,0.000218793,0.134170395,0.001780909,1.092105980,-1.283529311,0.439196566,true,OK
1784822853.177031517,0.077364140,0.048748218,7.994245793,7.308015006,-0.479480089,0.036871512,-175.341005785,0.000322376,0.088469326,0.002271165,0.623274601,-1.282140638,0.437127855,true,OK
1784822854.177037001,0.059771981,0.055044006,9.039268559,7.969624815,-0.480152459,0.035921629,-175.077122427,0.000550266,0.161925496,0.004068251,1.197154750,-1.317069112,0.450127504,true,OK
1784822855.177073956,0.047357337,0.008412105,8.862499142,7.713608903,-0.482859096,0.033054857,-175.421184142,0.000147277,0.401538497,0.001076595,2.935253357,-1.282275830,0.446920688,true,OK
1784822856.177107573,0.055402328,0.099385741,8.895316347,7.691264412,-0.482915109,0.031980047,-175.178952157,0.000497357,0.125114538,0.003650018,0.918194044,-1.266825605,0.448925459,true,OK
1784822857.177054882,0.155609803,0.057688019,8.898348580,7.664188460,-0.483386450,0.033279971,-175.536521151,0.000287143,0.000000000,0.002124088,0.000000000,-1.273844468,0.445514393,true,OK
1784822858.177119017,0.052174594,0.026147677,8.148047097,7.795212733,-0.483570872,0.033357791,-175.322186013,0.000462823,0.131221234,0.003485401,0.988193169,-1.281486160,0.441488996,true,OK
1784822859.177365541,0.060446940,0.103964037,8.823174925,7.645621881,-0.481879358,0.034489324,-174.868001750,0.001474624,0.096913294,0.010982515,0.721778523,-1.273591897,0.431786736,true,OK
1784822860.177052498,0.154787585,0.071805467,8.708795687,7.763486055,-0.482113629,0.033221329,-175.335204379,0.000622811,0.179136785,0.004613195,1.326875019,-1.281888851,0.418237380,true,OK
1784822861.177195787,0.052475841,0.028010217,8.096184533,7.760122105,-0.480574268,0.035782779,-175.187690335,0.000519040,0.098911718,0.003855691,0.734765528,-1.290225712,0.408558557,true,OK
1784822862.177868843,0.058852483,0.108510852,9.627083524,7.735292226,-0.481083245,0.036028987,-175.033427881,0.000476837,0.126668806,0.003519116,0.934831003,-1.290470827,0.419930312,true,OK
1784822863.177049398,0.161946024,0.076591429,9.060850329,7.792648634,-0.480605365,0.035577448,-175.183470235,0.000392580,0.238211092,0.002958516,1.795178695,-1.296139566,0.421086416,true,OK
1784822864.177501440,0.244671022,0.164432518,8.957890179,7.836809323,-0.480270825,0.036234707,-175.368638880,0.000647107,0.113640914,0.004830392,0.848283811,-1.288895497,0.419252772,true,OK
1784822865.177060843,0.037017851,0.123652704,9.749606177,7.906120375,-0.481194432,0.036618076,-175.422101799,0.000502752,0.118694067,0.004097677,0.967415546,-1.289865256,0.413099467,true,OK
1784822866.177155018,0.150609121,0.071472660,9.558177084,7.652064663,-0.481367723,0.036293090,-175.273151761,0.000302792,0.132704012,0.002464066,1.079921712,-1.257475196,0.412097493,true,OK
1784822867.177705526,0.039401490,0.028249668,8.134960687,7.608799625,-0.480344014,0.036411779,-175.469478059,0.000189793,0.081564685,0.001553385,0.667577494,-1.279418094,0.426558140,true,OK
1784822868.177082777,0.047322519,0.002244246,8.521214031,7.758976839,-0.480829694,0.037163661,-175.389710227,0.000777073,0.118694067,0.005749320,0.878180644,-1.302855146,0.438131408,true,OK
1784822869.177033424,0.059276183,0.095138193,8.918132196,7.730062921,-0.479566988,0.036972154,-175.514656392,0.000596234,0.059347027,0.004413265,0.439280934,-1.256193493,0.434899730,true,OK
1784822870.177054405,0.149936111,0.063343247,8.950169767,7.812502350,-0.479868505,0.036854690,-175.535569724,0.000583538,0.090654086,0.004323831,0.671717483,-1.233194823,0.446076978,true,OK
1784822871.177088022,0.141267208,0.176216153,7.910806060,7.035246536,-0.479471331,0.036561452,-175.530596499,0.000269937,0.000000000,0.001658931,0.000000000,-1.286763044,0.434616726,true,OK
1784822872.177092552,0.055014161,0.110453475,8.462510027,7.690388728,-0.478577509,0.036637857,-175.838397153,0.001219401,0.528971471,0.009910288,4.299043334,-1.303036062,0.460149615,true,OK
1784822873.177050352,0.158950422,0.065501830,8.865411304,7.730664315,-0.479708515,0.036999206,-175.454186873,0.000374239,0.309010431,0.002780227,2.295643504,-1.323810499,0.422598669,true,OK
1784822874.177024364,0.061546345,0.019068315,8.398448466,7.669115109,-0.479577593,0.036499337,-175.558953690,0.000222072,0.092787413,0.001805861,0.754533925,-1.262177964,0.411732278,true,OK
1784822875.177120686,0.054650235,0.112893788,8.488879766,7.661074816,-0.478156125,0.036587201,-175.891904962,0.000087059,0.098911718,0.000645194,0.733033219,-1.270112146,0.429434922,true,OK
1784822876.177034855,0.053240314,0.080935205,8.978313847,7.799057890,-0.479012041,0.036469996,-175.758022142,0.000344569,0.158258778,0.002808150,1.289768073,-1.269664016,0.430867245,true,OK
1784822877.177105665,0.055466951,0.037636147,7.977509935,7.795517483,-0.479908484,0.037327011,-175.947360602,0.000312688,0.132704012,0.002283568,0.969141448,-1.263020880,0.412318936,true,OK
1784822878.177712917,0.056755262,0.129508975,8.584178632,7.797388332,-0.478880635,0.036971590,-175.665280322,0.000336968,0.034264021,0.002740925,0.278706668,-1.284523218,0.386163265,true,OK
1784822879.177207708,0.055937014,0.081325234,9.042000777,7.775033879,-0.478284463,0.037406071,-175.553605744,0.000580351,0.345484255,0.004711335,2.804669689,-1.281202721,0.409419783,true,OK
1784822880.177567720,0.056422076,0.034864101,7.974210331,7.645892621,-0.477888601,0.039053940,-175.808385494,0.000038444,0.346050174,0.000309315,2.784240711,-1.308913367,0.398772186,true,OK
1784822881.177367926,0.056497949,0.131822177,8.374641852,7.748045087,-0.478231000,0.039625845,-175.864032029,0.000511303,0.128204252,0.004164320,1.044162381,-1.307066022,0.410882807,true,OK
1784822882.177362204,0.037156257,0.084098067,7.861119340,7.110851879,-0.478253210,0.038801591,-175.662329038,0.000292360,0.180225774,0.002133485,1.315188481,-1.245524784,0.393955092,true,OK
1784822883.177032709,0.062181329,0.044068241,8.273022281,7.730033014,-0.477636458,0.038942404,-176.175714671,0.000453330,0.411644722,0.003720219,3.378129076,-1.262058642,0.382826408,true,OK
1784822884.177118778,0.056098523,0.134753551,8.463315779,7.715447809,-0.477491920,0.038353992,-176.177349314,0.001122835,0.230699911,0.008383523,1.722495190,-1.273850978,0.380890318,true,OK
1784822885.178787231,0.062815894,0.090113546,8.796694067,7.659000788,-0.478008844,0.038205479,-176.027040263,0.000681584,0.128204252,0.005139159,0.966662904,-1.286245596,0.384934131,true,OK
1784822886.177051544,0.157226602,0.058983890,9.052860337,7.969459052,-0.477550425,0.037296421,-175.888602657,0.000275838,0.135620930,0.002042087,1.004031608,-1.304225554,0.388288615,true,OK
1784822887.177007914,0.012258505,0.012144671,10.128463952,7.715793180,-0.477111301,0.038110467,-176.244547407,0.000136128,0.115349902,0.001100274,0.932333378,-1.246377485,0.400137771,true,OK
1784822888.177401304,0.056628182,0.106103581,9.435539951,7.867159309,-0.477842158,0.038796610,-175.992673559,0.000378843,0.421972715,0.003158385,3.517956385,-1.260610654,0.390741859,true,OK
1784822889.185157061,0.164985681,0.070728803,8.947602782,7.705827571,-0.478300033,0.038554588,-176.169152734,0.000516349,0.141274205,0.004205133,1.150533483,-1.253593208,0.375381603,true,OK
1784822890.177108049,0.096238346,0.013573854,7.948719817,6.874685228,-0.478232574,0.038051829,-175.887743337,0.000169498,0.118694067,0.001131202,0.792145119,-1.343302312,0.390382085,true,OK
1784822891.178049564,0.053581578,0.103753821,9.342149986,7.455315830,-0.477552104,0.038486126,-176.076238942,0.000139085,0.121946558,0.001019697,0.894049351,-1.313008934,0.376536434,true,OK
1784822892.190360785,0.100346564,0.085267932,14.211277451,8.403639034,-0.477134230,0.039611496,-176.211518896,0.000818498,0.145369958,0.006086609,1.081017449,-1.231609340,0.360383750,true,OK
1784822893.177016973,0.059967466,0.034247698,9.770362398,7.894994564,-0.478508277,0.038502715,-176.059905452,0.000689706,0.144017660,0.005127248,1.070622341,-1.311045408,0.368815955,true,OK
1784822894.177328348,0.058576693,0.125540443,8.752992094,7.758515492,-0.478126313,0.038444434,-175.706983781,0.000376824,0.312786672,0.002787554,2.313837752,-1.268008425,0.376852211,true,OK
1784822895.177038908,0.060725552,0.093450401,8.993079699,7.820794294,-0.477839756,0.039101363,-175.768298851,0.000863251,0.135620930,0.007039203,1.105893347,-1.252616322,0.375914301,true,OK
1784822896.177045345,0.161853080,0.049726337,9.026550402,7.709206961,-0.477854742,0.039524765,-176.131491412,0.000312270,0.164324520,0.002539451,1.336324690,-1.224251032,0.381627429,true,OK
1784822897.177174807,0.061700103,0.018102908,8.469357666,7.747139722,-0.478049371,0.038681940,-176.002159089,0.000249559,0.000000000,0.002087702,0.000000000,-1.260951356,0.387395968,true,OK
1784822898.177042484,0.059593766,0.108812581,8.785845131,7.709919965,-0.477550868,0.039208297,-175.939519846,0.000481612,0.019782341,0.003566532,0.146496323,-1.344468446,0.401001978,true,OK
1784822899.177159071,0.159966180,0.077238299,8.801286356,7.729626284,-0.476971311,0.039514124,-176.018792352,0.000170492,0.134170395,0.001390415,1.094198361,-1.263327020,0.387611644,true,OK
1784822900.178863764,0.061059358,0.047277777,8.078868955,7.789136679,-0.476969161,0.040151619,-176.008500755,0.000130549,0.308376558,0.000967549,2.285495552,-1.292599664,0.363589981,true,OK
1784822901.177120686,0.057284558,0.013854324,8.445555101,7.821648075,-0.476852009,0.039583810,-175.951632786,0.000574907,0.055952910,0.004214309,0.410158516,-1.258771556,0.362288849,true,OK
1784822902.177032709,0.056572162,0.101281838,8.790213052,7.751247558,-0.475814715,0.039946028,-175.484226016,0.000222208,0.372203181,0.001780364,2.982144760,-1.259317961,0.363118883,true,OK
1784822903.177075148,0.159767970,0.060080722,8.890070785,7.661251092,-0.475291723,0.040140384,-175.787253835,0.000720322,0.102792073,0.005289798,0.754869308,-1.273538363,0.366329133,true,OK
1784822904.177030802,0.058100108,0.029285038,8.179293636,7.726609733,-0.475949990,0.041307784,-175.843430400,0.000483052,0.113640914,0.003939208,0.926722754,-1.262451773,0.353652857,true,OK
1784822905.176958323,0.060124688,0.131875269,8.610407719,7.808458667,-0.476031607,0.040923543,-175.870195170,0.000104016,0.000000000,0.000846290,0.000000000,-1.235361783,0.347385288,true,OK
1784822906.177094936,0.060535953,0.088425533,8.864535505,7.703394385,-0.475608699,0.040829335,-175.732461711,0.000396741,0.071326251,0.002948502,0.530082692,-1.258985592,0.347803167,true,OK
1784822907.177048683,0.158342060,0.055975181,8.934275880,7.716433966,-0.475597721,0.041154745,-175.743609413,0.000302988,0.098911718,0.002469142,0.806061506,-1.233422842,0.353931950,true,OK
1784822908.177043676,0.058201188,0.020428957,8.203817893,7.729659638,-0.475999148,0.041600365,-175.864074984,0.000619273,0.096913294,0.004583432,0.717286000,-1.276458808,0.362099663,true,OK
1784822909.177089691,0.060680849,0.115856040,8.742408456,7.721917221,-0.476222377,0.041240789,-175.856159889,0.000576914,0.121946558,0.004267119,0.901972307,-1.232198605,0.339045144,true,OK
1784822910.177037001,0.057084531,0.084800702,8.979897512,7.784882743,-0.476282889,0.041592719,-175.648771320,0.000783288,0.251009959,0.006387255,2.046839392,-1.268765843,0.361277169,true,OK
1784822911.177216530,0.059995269,0.053489119,8.009596638,7.837520439,-0.475690914,0.041898001,-175.982897944,0.000289249,0.068528042,0.002089896,0.495131601,-1.257809970,0.360069992,true,OK
1784822912.177745819,0.060104494,0.007216139,8.475562041,7.684520438,-0.476277348,0.042765216,-176.185563157,0.000415129,0.113640914,0.003392004,0.928556633,-1.327708555,0.321029266,true,OK
1784822913.177046061,0.059599877,0.112369898,8.802484098,7.815151592,-0.476868911,0.041864330,-175.833018094,0.000715550,0.154505069,0.005836992,1.260352499,-1.277717471,0.363187674,true,OK
1784822914.177066565,0.159198687,0.067149856,8.826326396,7.717708013,-0.475562835,0.041941164,-175.781593344,0.000354958,0.196831898,0.002961673,1.642310287,-1.270961582,0.365993950,true,OK
1784822915.177075386,0.058957669,0.036802652,8.110790466,7.734063071,-0.475677534,0.041960119,-175.629875260,0.000439445,0.270519701,0.003574040,2.200157300,-1.262400469,0.386322739,true,OK
1784822916.177072048,0.059375304,0.004870760,8.564076860,7.803630663,-0.475919728,0.042674439,-175.762674147,0.000230022,0.111905833,0.001701312,0.827689854,-1.261546372,0.358134473,true,OK
1784822917.177024841,0.059682883,0.096204385,8.845479855,7.731636878,-0.476255779,0.042184044,-175.668236353,0.000351978,0.360994441,0.002604791,2.671518105,-1.308376780,0.376501833,true,OK
1784822918.177040815,0.159749114,0.064572442,8.836169105,7.791740173,-0.475897749,0.042402953,-175.453978222,0.001250705,0.371677097,0.009282342,2.758471305,-1.275407754,0.364705235,true,OK
1784822919.177246809,0.059128231,0.032342917,8.202654138,7.804613032,-0.475599906,0.043257790,-175.537448561,0.000027592,0.000000000,0.000204452,0.000000000,-1.257458813,0.358884639,true,OK
1784822920.177181005,0.059515682,0.121400503,8.540464418,7.750536033,-0.476349803,0.043947122,-175.629541009,0.000084551,0.104678325,0.000681006,0.843121252,-1.256664354,0.376431778,true,OK
1784822921.177116156,0.059157161,0.092011603,8.996193873,7.820780357,-0.477171000,0.043988333,-175.376270131,0.000900052,0.146709809,0.007330442,1.194872837,-1.307512848,0.367978961,true,OK
1784822922.177230358,0.160163243,0.048590722,9.064402508,7.694653073,-0.477112699,0.043972313,-175.576287450,0.000496379,0.123540700,0.004044875,1.006703510,-1.285694274,0.359944563,true,OK
1784822923.177072287,0.059782448,0.016261211,8.424205009,7.729287885,-0.476435094,0.044396056,-175.253395819,0.000377187,0.149353439,0.003068261,1.214929016,-1.282994361,0.360290445,true,OK
1784822924.177173615,0.058298617,0.105896070,8.799708916,7.654921628,-0.477092276,0.045000577,-175.449656603,0.000469541,0.128204252,0.003472897,0.948246374,-1.304905695,0.379246479,true,OK
1784822925.177033186,0.158893219,0.072676307,8.780080048,7.691655794,-0.476501914,0.044306438,-175.190765716,0.000105841,0.052339156,0.000862455,0.426492502,-1.292626163,0.376809193,true,OK
1784822926.177069902,0.057264810,0.178673606,8.083191019,7.817957783,-0.476464093,0.044566320,-175.292176848,0.000751869,0.141274205,0.006131781,1.152145236,-1.270659554,0.394187404,true,OK
1784822927.177033424,0.059759490,0.012168645,8.485956689,7.916700428,-0.476487250,0.045443558,-175.180529102,0.000254092,0.027976455,0.001883287,0.207356540,-1.274494153,0.370591059,true,OK
1784822928.177021265,0.058949481,0.103325158,8.826522699,7.757822364,-0.477973491,0.045498008,-175.349073826,0.000549073,0.134170395,0.004061471,0.992452678,-1.262119129,0.363330304,true,OK
1784822929.177025318,0.159155272,0.071737450,8.780032558,7.804742516,-0.477657768,0.043943300,-175.111264132,0.000193482,0.115349902,0.001433522,0.854636102,-1.285047450,0.374305741,true,OK
1784822930.177049875,0.062114188,0.039155080,8.160312881,7.802430804,-0.477231870,0.043854184,-175.157133848,0.000061805,0.110143430,0.000457640,0.815564110,-1.272889670,0.372974845,true,OK
1784822931.177027225,0.058602407,0.129860317,8.466680846,7.749319182,-0.477227285,0.044188003,-175.141647475,0.000228969,0.153233400,0.001869089,1.250853272,-1.313539896,0.375216942,true,OK
1784822932.177079201,0.058479406,0.099480250,8.961644480,7.812464650,-0.477500279,0.044446416,-175.236682543,0.000507392,0.153233400,0.004133774,1.248407973,-1.283944401,0.385435776,true,OK
1784822933.177737713,0.160674952,0.068537806,8.911043977,7.815395308,-0.477855656,0.043980754,-174.652161691,0.000260476,0.134170395,0.001962731,1.010995648,-1.242164219,0.381378111,true,OK
1784822934.177060127,0.058924802,0.024048308,8.143088369,7.729823658,-0.477745938,0.044051175,-174.678746628,0.000611200,0.129721514,0.004976573,1.056231791,-1.280024432,0.367321276,true,OK
1784822935.176999569,0.056830130,0.127228314,8.553255484,7.819273573,-0.477083858,0.044376207,-174.659065265,0.000667339,0.135620930,0.005433253,1.104180677,-1.278184108,0.365182274,true,OK
1784822936.177002430,0.059420533,0.083042541,9.004991702,7.665204410,-0.477628691,0.045227115,-174.621780449,0.000397101,0.081564685,0.002937232,0.603308243,-1.308664480,0.375747802,true,OK
1784822937.177045107,0.157725040,0.051161953,9.030986400,7.726754972,-0.477435696,0.044495699,-174.714182010,0.000246545,0.408303773,0.002026218,3.355628533,-1.262786035,0.350660639,true,OK
1784822938.177016973,0.060194768,0.019205752,8.457752979,7.734441729,-0.477295631,0.044690499,-174.195925272,0.000698892,0.421508743,0.005791157,3.492703825,-1.298227200,0.351207810,true,OK
1784822939.177050829,0.059030939,0.110611955,8.797942842,7.703402852,-0.476995003,0.045365347,-174.533712224,0.000299453,0.044234660,0.002215331,0.327244177,-1.298555697,0.376878294,true,OK
1784822940.177050114,0.161078589,0.078964258,8.822464096,7.724434330,-0.477836867,0.045540415,-174.464805930,0.000343932,0.000000000,0.002800693,0.000000000,-1.293580619,0.379733542,true,OK
1784822941.177067518,0.060042009,0.047238650,8.084103899,7.761039447,-0.477193046,0.044826558,-174.142332182,0.000211391,0.086229231,0.001565423,0.638556024,-1.296980590,0.386269071,true,OK
1784822942.177155495,0.057250662,0.016036177,8.440088928,7.834682490,-0.476423915,0.044833876,-174.235090553,0.000192957,0.153233400,0.001432572,1.137654218,-1.341203787,0.389584526,true,OK
1784822943.177041769,0.059289965,0.106948826,8.803498412,7.737322225,-0.476619305,0.044717121,-174.368727100,0.000585233,0.327456451,0.004332009,2.423894944,-1.324117338,0.398431533,true,OK
1784822944.177036524,0.159624362,0.075153883,8.791186519,7.798788033,-0.477510478,0.044786247,-174.027047013,0.000510503,0.068528042,0.003746799,0.502956262,-1.271391727,0.388648517,true,OK
1784822945.177229404,0.059723733,0.043452218,8.076889682,7.818984805,-0.477049105,0.044367103,-173.653082797,0.000253980,0.113640914,0.001869622,0.836544060,-1.258644813,0.395272528,true,OK
1784822946.177048922,0.059590028,0.011494918,8.478555894,7.818755427,-0.477428019,0.044809459,-173.647181500,0.000625837,0.400073902,0.004632182,2.961179408,-1.307770248,0.387909283,true,OK
1784822947.177059412,0.059869514,0.101976810,8.840171641,7.794666451,-0.477408949,0.045368442,-173.869042243,0.000165586,0.139882314,0.001358065,1.147253432,-1.302813310,0.381883158,true,OK
1784822948.177163363,0.155438619,0.071115265,8.891041926,7.818763550,-0.478482946,0.046503346,-173.704968579,0.000620969,0.115349902,0.004598894,0.854281217,-1.261209673,0.403335596,true,OK
1784822949.177036524,0.058442795,0.023277731,8.183241989,7.632561416,-0.478086580,0.046759121,-173.826844854,0.000768671,0.262442628,0.005684860,1.940947252,-1.264386507,0.387192916,true,OK
1784822950.177045107,0.058664836,0.130578280,8.549068488,7.809767366,-0.477464680,0.046646118,-173.763139913,0.000467311,0.151951085,0.003805750,1.237478903,-1.279156848,0.418967489,true,OK
1784822951.177069664,0.058914766,0.098289994,9.006100880,7.808754236,-0.476868982,0.047293597,-173.939583101,0.000261146,0.120331298,0.002126713,0.979949319,-1.278814556,0.400412261,true,OK
1784822952.177205801,0.160305468,0.054096319,8.910195561,7.660374022,-0.477353909,0.048223146,-173.973710348,0.000387902,0.135620930,0.002889220,1.010149662,-1.259546918,0.403031954,true,OK
1784822953.177023649,0.059397181,0.022173664,8.193069229,7.717725754,-0.477032287,0.047621347,-174.008324092,0.000064752,0.132704012,0.000527938,1.081971544,-1.257410207,0.395075677,true,OK
1784822954.177047014,0.060173619,0.122900491,8.613651013,7.768033747,-0.476969318,0.048101571,-174.154973417,0.000650352,0.411169117,0.005287876,3.343129040,-1.252613997,0.366524909,true,OK
1784822955.177032232,0.059560797,0.082367062,8.986603533,7.715098129,-0.476771075,0.049011735,-174.525001303,0.000242359,0.027976455,0.001794404,0.207134751,-1.282995724,0.407438178,true,OK
1784822956.177095175,0.157360498,0.050624483,9.002449919,7.726737103,-0.476983820,0.049186414,-174.484995991,0.000204590,0.125114538,0.001669760,1.021120672,-1.255949352,0.390269671,true,OK
1784822957.177026272,0.060151158,0.019310816,8.438343743,7.794748179,-0.476516841,0.049132265,-174.353223833,0.000070567,0.000000000,0.000523029,0.000000000,-1.281773757,0.387787113,true,OK
1784822958.177037477,0.058971848,0.110181933,8.748318570,7.731949468,-0.476334445,0.048555767,-174.629409659,0.000584011,0.149353439,0.004324994,1.106063367,-1.264886304,0.383822048,true,OK
1784822959.177035093,0.156596256,0.072503704,8.749529000,7.669300015,-0.476757472,0.049151981,-174.987629193,0.000348091,0.415900811,0.002833710,3.385731013,-1.307688563,0.382125809,true,OK
1784822960.177066803,0.059276706,0.046694104,8.090623815,7.767864674,-0.477602330,0.049378153,-174.570790993,0.000134497,0.135620930,0.000995549,1.003869325,-1.293179579,0.384651909,true,OK
1784822961.177032948,0.058838091,0.014544739,8.466516652,7.799676691,-0.477991551,0.049551971,-174.210855445,0.000182011,0.115349902,0.001349689,0.855367809,-1.322684897,0.406946271,true,OK
1784822962.177032232,0.060504742,0.106112557,8.864791017,7.734537331,-0.477302603,0.049492932,-174.739217901,0.000054063,0.088469326,0.000400179,0.654861884,-1.241732863,0.360649013,true,OK
1784822963.177091837,0.160123276,0.071718996,8.848673639,7.765988283,-0.477059045,0.049628162,-175.145821311,0.000998923,0.366908397,0.007294260,2.679210841,-1.225257694,0.403510459,true,OK
1784822964.177057743,0.058464681,0.042944764,8.068445590,7.818625066,-0.477781986,0.049218924,-174.624145609,0.000268829,0.108352360,0.001989589,0.801909265,-1.324673614,0.387194099,true,OK
1784822965.177034855,0.058393608,0.133795227,8.485450773,7.788635737,-0.477655241,0.049298784,-174.473485777,0.000838522,0.428871927,0.006841350,3.499089732,-1.292379792,0.359073197,true,OK
1784822966.177075148,0.058127013,0.101971270,8.831457091,7.830651181,-0.477569886,0.046279414,-174.958176644,0.000290889,0.210289292,0.002382806,1.722578700,-1.260727897,0.424002373,true,OK
1784822967.177183628,0.159173830,0.058491759,8.864262545,7.671023768,-0.478990647,0.046460303,-175.164339294,0.001305498,0.131221234,0.009650521,0.970015709,-1.283740626,0.444198357,true,OK
1784822968.177026749,0.058956044,0.022338358,8.149681929,7.678889647,-0.478867803,0.047549827,-175.038646538,0.000621759,0.129721514,0.005058668,1.055421092,-1.289423205,0.440520876,true,OK
1784822969.177031517,0.058548336,0.129727388,8.563485996,7.820950009,-0.477930226,0.046702688,-174.691812180,0.000227290,0.304545622,0.001850503,2.479484460,-1.295347198,0.446807030,true,OK
1784822970.177032232,0.058126257,0.085885628,8.994583798,7.671308801,-0.477799159,0.047026319,-174.801874328,0.000186508,0.083929371,0.001379849,0.620937165,-1.286158136,0.444153567,true,OK
1784822971.177036524,0.158924246,0.054275117,9.055370702,7.727869301,-0.478213270,0.047113043,-174.914101747,0.000502131,0.206533808,0.004088699,1.681742244,-1.292452860,0.424606020,true,OK
1784822972.177027941,0.056298162,0.022459397,8.164849879,7.734616639,-0.478757317,0.046523909,-174.494287286,0.000949210,0.019782341,0.007741307,0.161335347,-1.245277381,0.412796553,true,OK
1784822973.177061081,0.059444222,0.113146777,8.730396061,7.690839638,-0.478317091,0.045647256,-174.512602293,0.000252092,0.088469326,0.001865685,0.654744279,-1.284913684,0.416041586,true,OK
1784822974.177056789,0.059665040,0.080613641,9.020616126,7.714345088,-0.477238902,0.045476679,-174.805514115,0.000684124,0.263929582,0.005076760,1.958573358,-1.261049315,0.401154428,true,OK
1784822975.177122593,0.160128216,0.050180513,9.052857027,7.732389591,-0.478670623,0.045737947,-174.812680891,0.000294174,0.186626315,0.002393847,1.518677553,-1.266240469,0.370260155,true,OK
1784822976.177046537,0.060703612,0.018577108,8.427116078,7.788255438,-0.479682323,0.045253936,-174.470299894,0.000468917,0.034264021,0.003469296,0.253503135,-1.283741663,0.369714282,true,OK
1784822977.177032232,0.057647092,0.109631481,8.717954941,7.741161983,-0.479107716,0.044965795,-174.557117079,0.000250591,0.111905833,0.001854418,0.828124354,-1.294265712,0.364455898,true,OK
1784822978.177087784,0.156820071,0.075063057,8.798831728,7.704582242,-0.477749839,0.046139140,-175.011760770,0.000510873,0.117033931,0.004158103,0.952563939,-1.297171399,0.367531631,true,OK
1784822979.177124977,0.160602640,0.045672273,9.105783658,7.733735252,-0.478483685,0.046659678,-175.144529729,0.000642447,0.068528042,0.005235534,0.558459607,-1.248431635,0.350470065,true,OK
1784822980.177044392,0.059637990,0.014459557,8.463112403,7.816270130,-0.479336888,0.046407676,-175.064864851,0.000633302,0.000000000,0.004689679,0.000000000,-1.244894456,0.326278153,true,OK
1784822981.177079201,0.058971168,0.104938038,8.931594504,7.734998662,-0.478925607,0.045747973,-174.621427546,0.000161843,0.117033931,0.001199299,0.867250998,-1.313254370,0.356156397,true,OK
1784822982.177052736,0.155488471,0.071782760,8.781312025,7.715943551,-0.478256119,0.045915555,-174.871950360,0.000493204,0.154505069,0.004010724,1.256430907,-1.288887691,0.337357437,true,OK
1784822983.176940203,0.058220993,0.041209958,8.181455904,7.787533297,-0.479015966,0.046151658,-175.056772317,0.000179511,0.044234660,0.001330292,0.327807538,-1.295366867,0.357961996,true,OK
1784822984.177259922,0.060185519,0.010799269,8.504733891,7.823146883,-0.480922160,0.044113579,-174.739489063,0.000258135,0.000000000,0.001910708,0.000000000,-1.240467835,0.313160687,true,OK
1784822985.177026987,0.058264162,0.100687676,8.805702946,7.728701336,-0.479185941,0.045424605,-174.805722229,0.000432772,0.273397638,0.003205306,2.024905352,-1.249842360,0.174446436,true,OK
1784822986.177026749,0.159998335,0.069339697,8.856903351,7.780621394,-0.478719605,0.044810080,-174.702874588,0.000719529,0.144017660,0.005322059,1.065238842,-1.267073873,0.163161115,true,OK
1784822987.177119732,0.060711455,0.038088569,8.195937451,7.812828552,-0.476880085,0.040637596,-174.960577062,0.000406611,0.034264021,0.003005233,0.253242617,-1.224931375,0.156879239,true,OK
1784822988.177055120,0.058644282,0.005926281,8.527957109,7.827515872,-0.477264451,0.032700246,-172.424092839,0.001639285,0.074018747,0.012038506,0.543575462,-1.551193589,0.074187847,true,OK
1784822989.177023649,0.058415613,0.095341705,8.991079355,7.764896031,-0.484905070,0.029682313,-172.490185458,0.008655706,0.214891358,0.070441927,1.748830314,-0.701214733,5.228766617,true,OK
1784822990.177046776,0.158314157,0.053302084,8.981541230,7.702921847,-0.450346843,0.028721451,-174.463448880,0.003051969,0.559531338,0.024838932,4.553834269,0.747285576,3.102044541,true,OK
1784822991.177058935,0.057959109,0.021395706,8.394676576,7.726245589,-0.441948444,0.034759295,-175.174836746,0.002289605,0.213978861,0.018732463,1.750673788,-0.394221461,1.095648191,true,OK
1784822992.177029610,0.057499530,0.112847216,8.739003361,7.706411997,-0.445852362,0.021910696,-174.302200999,0.005915752,0.121946558,0.043759300,0.902048635,-2.462047657,2.331143293,true,OK
1784822993.177060366,0.057233434,0.078496602,9.006945450,7.701871883,-0.445017691,0.028027946,-175.893568561,0.001911490,0.232390036,0.014146497,1.719864880,-1.069014507,1.884718485,true,OK
1784822994.177074671,0.059265869,0.049353461,7.991794519,7.766170802,-0.453348003,0.026289604,179.139008999,0.003782759,1.640321049,0.027973543,12.130190159,0.161419632,1.258701743,true,OK
1784822995.177033901,0.058410581,0.017353802,8.367476704,7.803900941,-0.466670755,0.015453671,166.955095883,0.007719604,2.288157555,0.057182077,16.949262866,-0.160815435,1.727226575,true,OK
1784822996.177335501,0.057070823,0.109250713,8.673525531,7.734860702,-0.480986996,0.002808353,160.450686486,0.000592148,0.113640914,0.004383650,0.841279576,-1.004060989,0.623901670,true,OK
1784822997.177014112,0.158423676,0.073639709,8.851268699,7.763898565,-0.478717414,0.008300907,159.883316218,0.001135948,0.104678325,0.008346528,0.769137499,-0.854766471,1.843095427,true,OK
1784822998.177054882,0.061255547,0.032527965,8.102533241,7.677593123,-0.480971851,0.013245714,158.555298806,0.001641061,0.299361482,0.012130477,2.212834850,-1.606230051,0.246827099,true,OK
1784822999.177144766,0.056021331,0.001227164,8.410613876,7.721401061,-0.481937228,0.010976794,152.204243938,0.002405278,0.768212934,0.019604202,6.261314944,-1.742706863,1.339255314,true,OK
1784823000.176955223,0.055527788,0.091990769,8.756745702,7.690484609,-0.485296124,-0.000523609,146.504784741,0.001617820,0.380007046,0.012087370,2.839182206,-2.225840769,1.594824368,true,OK
1784823001.177228212,0.157279689,0.060277611,8.955415742,7.778512374,-0.483630173,-0.004094810,142.071672471,0.001900779,0.485777781,0.014066974,3.595064984,-1.523953732,1.635262766,true,OK
1784823002.177346468,0.059078800,0.029380240,8.201541263,7.814320454,-0.498621237,-0.021394840,140.125301820,0.002123965,0.019782341,0.015728422,0.146492544,-1.684553197,1.821616079,true,OK
1784823003.177044153,0.056480748,0.118630997,8.685348028,7.761327486,-0.503066647,-0.026839351,144.067292245,0.002120360,0.413068310,0.017235106,3.357579365,-1.897010169,1.566135224,true,OK
1784823004.176961184,0.057415112,0.088187706,9.061155653,7.809982923,-0.498887079,-0.027597726,147.898782496,0.000603537,0.146709809,0.004913210,1.194319336,-1.873880162,1.958917726,true,OK
1784823005.177073479,0.059539642,0.043362871,8.050736090,7.678578341,-0.499978408,-0.029319675,150.586416871,0.000287760,0.602634047,0.002341203,4.903007835,-1.641759656,2.016903174,true,OK
1784823006.177002668,0.059442141,0.011542098,8.438646540,7.722637827,-0.499103616,-0.029760020,153.191364589,0.000698260,0.448497808,0.005684025,3.650891891,-1.393290031,0.942332267,true,OK
1784823007.176984787,0.057512561,0.103957642,8.805781085,7.715295519,-0.499235778,-0.029389810,155.589014719,0.001169441,0.276953045,0.008660012,2.050907907,-1.158372614,1.228432125,true,OK
1784823008.177823067,0.159697886,0.073144288,8.767281125,7.735712289,-0.499980940,-0.031619516,157.795735114,0.000113506,0.351102272,0.000926086,2.864611017,-0.957009922,1.149630093,true,OK
1784823009.177031755,0.059478459,0.040048386,8.012604966,7.793915597,-0.500205621,-0.034872957,160.103758681,0.000031220,0.404935262,0.000231361,3.000787437,-1.082993744,1.189320964,true,OK
1784823010.177035332,0.058861137,0.008470854,8.474674400,7.808084354,-0.499379781,-0.033604266,159.662281267,0.000461752,0.210289292,0.003417021,1.556166347,-0.664836243,1.310964795,true,OK
1784823011.177389860,0.059912300,0.099841075,8.891640068,7.781586593,-0.491483634,-0.023240549,154.087914423,0.003015936,0.789071211,0.024567514,6.427695420,-1.198396757,1.637517355,true,OK
1784823012.177074671,0.158974423,0.068078743,8.875914788,7.819161965,-0.488325659,-0.023910997,151.597050047,0.000462893,0.406382328,0.003499331,3.072125132,-1.621352221,1.371728563,true,OK
1784823013.178897858,0.052291718,0.026205740,8.159190060,7.712624732,-0.489488785,-0.022111897,148.371267268,0.000339090,0.759760788,0.002764775,6.194720906,-0.944492109,1.438725913,true,OK
1784823014.177253008,0.057548512,0.127816528,8.559075141,7.817599331,-0.485558682,-0.023223151,144.044634987,0.000376344,0.570955150,0.003060807,4.643584155,-1.176233443,1.377382504,true,OK
1784823015.177019835,0.059768691,0.083520195,9.015234252,7.718223197,-0.482980277,-0.022850977,140.056793742,0.001359400,0.795492656,0.010101252,5.911042074,-1.011002697,1.102889269,true,OK
1784823016.177035809,0.158169754,0.051439802,9.001554751,7.737176822,-0.476961444,-0.031375283,135.871705470,0.002158289,1.239384249,0.017496953,10.047517635,-1.627602735,-1.252839386,true,OK
1784823017.177155733,0.058407915,0.019692024,8.408907014,7.766377888,-0.468502594,-0.017756188,134.827312676,0.002681712,0.310904261,0.020011341,2.320014567,-2.548828226,0.787143934,true,OK
1784823018.177014112,0.056470537,0.110257891,8.737715634,7.715619817,-0.459278483,-0.018362344,133.117298036,0.001793510,1.208527589,0.013342600,8.990694420,-2.551605760,-0.717129150,true,OK
1784823019.177042007,0.162624950,0.079381421,8.841793597,7.778938762,-0.445616700,-0.001917512,132.654646662,0.005843345,0.610377080,0.043272504,4.520106881,-0.394715179,1.064552847,true,OK
1784823020.177042007,0.058456492,0.048001980,8.070473671,7.822285044,-0.456004346,0.000378717,133.127194360,0.002629247,0.203671772,0.019465385,1.507864999,-1.767465116,2.330357739,true,OK
1784823021.177030563,0.060014311,0.003888997,8.446637035,7.691952454,-0.413848683,0.055818650,135.637693115,0.014237094,0.154505069,0.115888254,1.257652893,-1.534967301,1.905407704,true,OK
1784823022.177038193,0.059293542,0.107386285,8.834039296,7.811731779,-0.346796662,0.138447853,135.022872810,0.020397494,0.079129369,0.166196543,0.644737411,-1.372603488,0.274604752,true,OK
1784823023.177129269,0.155301490,0.063103205,8.905974499,7.731154508,-0.270406051,0.210128296,127.666585384,0.018609262,0.108352360,0.151515206,0.882196727,-1.277372439,-0.088087323,true,OK
1784823024.177116871,0.057392407,0.030290837,8.076050825,7.723928120,-0.147669622,0.339624430,129.928600273,0.014164105,0.435212557,0.114488002,3.517809134,-0.824943243,0.059871059,true,OK
1784823025.177073240,0.058415237,0.121332516,8.549806767,7.703339378,-0.123230220,0.383111458,127.573649751,0.002334779,0.132704012,0.017274833,0.981865915,-0.208892396,-0.973634335,true,OK
1784823026.177057028,0.058152881,0.090825770,8.821374765,7.728462315,-0.127562675,0.395783018,126.743335264,0.004079770,0.201741190,0.030220638,1.494385150,-0.255577683,-0.249410387,true,OK
1784823027.177059412,0.157165487,0.059431270,8.967365915,7.746109055,-0.123877014,0.488986792,129.021533462,0.026258949,0.059347027,0.213924031,0.483482997,-0.646916595,-1.145210500,true,OK
1784823028.177067757,0.057118906,0.026471674,8.270190044,7.791313236,-0.141089435,0.669260183,135.015212356,0.011084293,0.616755357,0.082037573,4.564757883,0.929809187,-1.306576030,true,OK
1784823029.177328587,0.059265158,0.116275971,8.764924157,7.717261213,-0.188949920,0.740873954,136.732676936,0.004958923,0.264669910,0.036413213,1.943462560,0.303644403,0.269174676,true,OK
1784823030.176984072,0.057863826,0.085146864,9.005771760,7.778727350,-0.211412339,0.776375525,140.317846718,0.005169312,0.291412395,0.042231617,2.380745651,0.604665601,0.326434960,true,OK
1784823031.177271128,0.059794575,0.043052587,8.029706495,7.710468897,-0.225393776,0.799299980,137.384995425,0.002518422,0.324454956,0.020502861,2.641437335,0.580553128,0.270780785,true,OK
1784823032.177127600,0.060500586,0.011200652,8.429924419,7.730391384,-0.235185414,0.799549726,136.497589067,0.000904084,0.184517467,0.007365569,1.503262500,0.634729324,1.092311473,true,OK
1784823033.177029848,0.060095636,0.099680899,8.800649544,7.668549723,-0.233402346,0.788078686,130.796412691,0.000146322,0.764638557,0.001076557,5.625803110,-0.862707703,1.108269617,true,OK
1784823034.177015305,0.156523696,0.069886011,8.813457013,7.730565871,-0.229092376,0.781053514,125.165472391,0.001094856,0.210289292,0.008970222,1.722912265,-0.028643078,-0.668002081,true,OK
1784823035.180225134,0.062132962,0.042022908,8.142340650,7.737329205,-0.231731024,0.777180595,123.377300358,0.001016416,0.325057454,0.008309795,2.657533478,-0.749421242,-0.345091954,true,OK
1784823036.177057266,0.056876983,0.007099412,8.432381502,7.793924115,-0.218792099,0.777808441,115.808260331,0.000710244,0.755628737,0.005258500,5.594521808,-1.124737991,-1.396937771,true,OK
1784823037.177034378,0.056634073,0.097976585,8.791604960,7.727481962,-0.215108460,0.773246975,110.435282122,0.000396721,0.000000000,0.002941364,0.000000000,-1.392560974,-1.172179887,true,OK
1784823038.177032232,0.153631851,0.066702508,8.852041960,7.736405001,-0.214371563,0.767378391,107.594167339,0.000822116,0.182384247,0.006656356,1.476695764,-2.086475155,-2.569111233,true,OK
1784823039.177053452,0.055518022,0.034819738,8.174347805,7.810101922,-0.211792902,0.762021811,106.975322866,0.000684286,0.180225774,0.005062515,1.333354268,-0.939834175,-1.166499493,true,OK
1784823040.177014828,0.054494435,0.122295460,8.522218482,7.718785199,-0.212715212,0.760838354,106.606242548,0.000457362,0.393167033,0.003672950,3.157420318,-1.877461401,0.330422873,true,OK
1784823041.177125216,0.058788513,0.094513043,9.018331143,7.828381635,-0.208995384,0.763930509,105.222799578,0.000532642,0.406863537,0.004345013,3.318977760,-2.381451015,-0.700468269,true,OK
1784823042.177353621,0.159925575,0.050283119,9.008496454,7.690272263,-0.210603922,0.768363864,107.218940555,0.001098563,0.431600748,0.008911765,3.501232621,-2.229648176,-0.430024368,true,OK
1784823043.177010775,0.053958855,0.017517779,8.281448243,7.731211611,-0.206377541,0.781983919,102.703142136,0.005983357,0.496140139,0.049648986,4.116895254,-1.861787294,-1.511003880,true,OK
1784823044.177116394,0.057543165,0.109892573,8.763023950,7.738151152,-0.187876317,0.813917100,102.128068129,0.005485024,0.642548926,0.040628287,4.759443668,0.474206793,-1.844940697,true,OK
1784823045.177045822,0.155811876,0.075787862,8.763156970,7.715108377,-0.182779731,0.807926517,93.602115824,0.002302314,0.871105518,0.018752246,7.095115634,-0.259915386,-2.400465936,true,OK
1784823046.177618742,0.059243839,0.046842871,8.118275426,7.811684775,-0.165348705,0.809419710,84.392502564,0.003161660,0.749910054,0.023378855,5.545200800,-0.222207196,-2.048378617,true,OK
1784823047.177730560,0.060968937,0.018020583,8.403944297,7.814238411,-0.152200625,0.810982390,79.426114470,0.000650002,0.514722896,0.004811680,3.810265423,0.165307784,-2.350639612,true,OK
1784823048.177213669,0.054930835,0.103986867,8.746659396,7.716348767,-0.144965161,0.812388670,75.766067164,0.001468966,0.098911718,0.010871989,0.732057084,-0.484252126,-2.610439393,true,OK
1784823049.177305937,0.158074396,0.071327100,8.835250793,7.765556686,-0.114673355,0.837339076,75.897869137,0.005932668,0.048456644,0.043962573,0.359076018,1.912670648,-2.910489691,true,OK
1784823050.177043438,0.057269258,0.041029181,8.081442371,7.796684772,-0.078306546,0.848816471,69.585225706,0.006116484,1.166507518,0.045327393,8.644631250,1.751043897,-2.374267120,true,OK
1784823051.177015305,0.058916652,0.133341576,8.514140374,7.763030517,-0.061648530,0.844435252,61.085446739,0.003976087,0.881821925,0.032324028,7.168865932,1.097889757,-2.594084664,true,OK
1784823052.177018404,0.060075836,0.100839921,8.876333054,7.803916309,-0.025731336,0.839603009,49.896023800,0.002470288,0.868631069,0.020077215,7.059782135,0.890550608,-3.190847077,true,OK
1784823053.177041769,0.160880813,0.068810551,8.920540173,7.803210782,-0.018370318,0.839473047,45.766786887,0.001338958,0.855236747,0.009908224,6.328711006,0.775389246,-2.777018161,true,OK
1784823054.177021265,0.058650651,0.025889083,8.181917245,7.708211702,-0.013814430,0.827802510,35.636403296,0.004550684,1.389312237,0.037096340,11.325418690,0.313486907,-3.819932452,true,OK
1784823055.177043915,0.057852158,0.128487644,8.563485147,7.800010143,0.045179871,0.816864977,29.965438874,0.005419892,0.306467066,0.044098847,2.493563200,0.156748394,-3.204580860,true,OK
1784823056.177051067,0.057016944,0.096753980,8.988113706,7.834313675,0.073875677,0.804453955,29.780332092,0.007805781,0.416371027,0.064046567,3.416331542,-0.179753797,-2.063894080,true,OK
1784823057.177051067,0.157708166,0.053690399,8.989711132,7.727688039,0.126976693,0.785870676,19.367951921,0.009075116,1.920709813,0.073799672,15.619386698,1.116612838,-2.453412037,true,OK
1784823058.177090406,0.058074813,0.021498153,8.428253688,7.728418152,0.196371433,0.756475736,2.892817406,0.008500363,2.413786291,0.069241123,19.661898557,1.530235055,-3.196301890,true,OK
1784823059.177130461,0.058753933,0.122795070,8.615869027,7.784377472,0.196199672,0.739165838,-9.712930955,0.003598185,1.364870405,0.028915808,10.968399045,0.997481678,-2.673176744,true,OK
1784823060.177039623,0.056712906,0.080415793,8.971990208,7.709484576,0.204127238,0.695871910,-19.921279288,0.013981130,0.886690356,0.103468604,6.562031182,1.268833584,-2.429273240,true,OK
1784823061.177075148,0.158519685,0.049664696,9.048985134,7.734780730,0.233482747,0.649885856,-23.666445673,0.008165334,0.847652783,0.066466668,6.899981769,1.523847974,-3.579535722,true,OK
1784823062.177028418,0.057560603,0.017833509,8.323659239,7.749314260,0.264296017,0.632972453,-29.501357499,0.001714041,0.375865150,0.014083087,3.088224237,1.478987526,-2.683163323,true,OK
1784823063.177040100,0.058714214,0.116795381,8.742086184,7.766354381,0.271266865,0.651035038,-33.793818645,0.004787088,0.774049224,0.038907332,6.291128880,0.915047799,-3.381002023,true,OK
1784823064.177026510,0.158140871,0.077470293,8.730788352,7.720886252,0.278982771,0.659630473,-39.934264096,0.001915709,0.729541630,0.015593800,5.938440631,0.842316015,-2.308863551,true,OK
1784823065.177032709,0.159993825,0.045407917,9.135959177,7.732080147,0.293806791,0.661865678,-45.279829501,0.004453564,0.138476416,0.036266675,1.127653995,0.904718328,-3.495537316,true,OK
1784823066.177027225,0.056831078,0.013972326,8.383678169,7.737755471,0.302388145,0.667792684,-48.593422246,0.001857080,0.128204252,0.015222963,1.050923003,1.190756661,-2.633061832,true,OK
1784823067.177032709,0.058344082,0.103775944,8.738195017,7.692830674,0.296047401,0.655605099,-50.605007672,0.000460528,0.879377624,0.003416133,6.523100149,1.779639540,-3.286534453,true,OK
1784823068.177030802,0.157658038,0.071670159,8.859634276,7.713527257,0.297591786,0.645133224,-55.060539891,0.002906451,0.261696003,0.023643948,2.128894251,2.440388670,-3.950704003,true,OK
1784823069.177089214,0.057338921,0.041136599,8.054439425,7.729687936,0.287858167,0.605144720,-63.882608164,0.005312052,1.615557558,0.043473668,13.221671797,1.753841714,-3.616335901,true,OK
1784823070.177044153,0.056701875,0.009659562,8.465429108,7.766073496,0.298289234,0.603424775,-71.154844349,0.007238492,1.463264510,0.053679228,10.851281385,1.104034843,-4.101278166,true,OK
1784823071.177057028,0.057039547,0.100581681,8.811668599,7.722397658,0.327917672,0.625276108,-78.502702814,0.002159081,0.769485430,0.016026252,5.711674412,1.900897763,-3.692251678,true,OK
1784823072.177040815,0.156241507,0.068639878,8.857353843,7.726457145,0.304902006,0.596381289,-88.456618169,0.003109423,0.675795992,0.025330622,5.505308772,0.955198733,-4.239061728,true,OK
1784823073.177311659,0.055701197,0.037512013,8.073742035,7.727539507,0.297523002,0.582850730,-96.041532144,0.002177343,0.915143430,0.017705315,7.441593255,1.510492115,-3.471893800,true,OK
1784823074.177042246,0.058327419,0.005783768,8.730967974,7.840553809,0.250299512,0.552445964,-102.315437517,0.007284314,0.789071211,0.054163118,5.867203854,0.793766948,-4.728823545,true,OK
1784823075.177064896,0.058370643,0.097097210,8.862992722,7.739010983,0.228008965,0.535513365,-105.558120292,0.002563350,0.129721514,0.018982032,0.960609232,1.863882390,-4.310962146,true,OK
1784823076.177047968,0.157102526,0.065044664,8.794799620,7.737549392,0.206482607,0.531327744,-109.967645797,0.001645573,0.448933927,0.013419545,3.661027749,1.804879302,-3.759125472,true,OK
1784823077.177113533,0.056303318,0.033437938,8.080155779,7.732055117,0.184024315,0.518563484,-115.541717608,0.003141860,0.306467066,0.025584384,2.495582944,0.290045014,-4.194840852,true,OK
1784823078.176983595,0.056751954,0.000294226,8.511495620,7.726721022,0.163884656,0.509246982,-117.975475573,0.003499679,0.398603917,0.028505958,3.246751380,-0.009258686,-5.333756702,true,OK
1784823079.177096605,0.058713947,0.105277498,8.818259519,7.772112187,0.120696689,0.480715058,-119.851296715,0.015362787,0.419181222,0.113841169,3.106212464,0.601951213,-3.296475604,true,OK
1784823080.177353382,0.159686885,0.073014892,8.783278834,7.729848137,0.050081791,0.417919352,-122.207014167,0.018464594,0.836264776,0.150210640,6.803066809,-0.508640081,-2.823941816,true,OK
1784823081.177124262,0.058598483,0.040865712,8.051884620,7.726854923,0.004964625,0.375372089,-126.500218129,0.002989527,0.059347027,0.024397497,0.484330347,0.010179142,-2.622558404,true,OK
1784823082.177033424,0.059684833,0.009903993,8.493501523,7.743351023,-0.084987615,0.293428263,-126.227540871,0.025877320,0.215799987,0.211576670,1.764411559,0.112507154,-3.053823384,true,OK
1784823083.177034140,0.058634689,0.113288302,8.780831377,7.817104714,-0.226771676,0.199324675,-126.516910698,0.019834200,0.019782341,0.161507969,0.161085680,-0.095152449,-2.251574925,true,OK
1784823084.177044153,0.059922578,0.081664018,9.108112154,7.816780528,-0.318860478,0.144822896,-127.077751685,0.006975524,0.268340977,0.056826593,2.186058506,-0.371378324,-2.578003625,true,OK
1784823085.177035093,0.058852489,0.049799878,8.049420309,7.812286595,-0.335649804,0.138496817,-127.932018385,0.000856089,0.113640914,0.006337658,0.841287835,-0.861430118,-3.372528479,true,OK
1784823086.177099943,0.060109193,0.017755866,8.421191571,7.806880539,-0.337321530,0.135374095,-128.130385361,0.001663802,0.250229210,0.012317319,1.852476266,-1.225282418,-3.357729536,true,OK
1784823087.177037477,0.060352401,0.109227508,8.756174255,7.740042122,-0.320355752,0.143951749,-124.122387681,0.004971936,1.451178383,0.036782492,10.735849450,-0.614934246,-4.024850658,true,OK
1784823088.177042007,0.158638736,0.076313816,8.912821602,7.769079476,-0.340763182,0.121122066,-130.264199704,0.005745816,1.007942222,0.042536491,7.461833820,-2.935251311,-0.353467555,true,OK
1784823089.177039146,0.057687050,0.033831096,8.089673957,7.693353708,-0.378061010,0.074918463,-133.702410851,0.004873862,0.000000000,0.039782453,0.000000000,-1.522306312,1.097753553,true,OK
1784823090.177000523,0.060498886,0.001237277,8.607461981,7.726239314,-0.375182559,0.095731432,-132.493277308,0.003795342,0.000000000,0.031213841,0.000000000,-0.650400457,-0.112794748,true,OK
1784823091.177051306,0.056295771,0.091090993,8.800948203,7.672472738,-0.375737061,0.098467408,-133.722837120,0.000931605,0.128204252,0.007040152,0.968841449,-0.573756624,-0.219332262,true,OK
1784823092.177176237,0.158445703,0.061407919,8.988754991,7.732043449,-0.375023060,0.099710554,-133.701808305,0.000509109,0.153233400,0.004139907,1.246043067,-0.640008955,-0.249258894,true,OK
1784823093.176974058,0.059707007,0.029678261,8.116191426,7.740422504,-0.374537762,0.099196688,-133.603622945,0.001238074,0.111905833,0.010065175,0.909761269,-0.666537733,0.020208458,true,OK
1784823094.176972866,0.054523858,0.132906913,8.472034702,7.824473060,-0.374021511,0.100331919,-133.570106456,0.000411126,0.128204252,0.003345732,1.043323767,-0.676965847,-0.056115720,true,OK
1784823095.177030087,0.059158685,0.100355723,8.866677527,7.805661866,-0.374343796,0.100530949,-133.433417986,0.000699951,0.068528042,0.005704103,0.558454865,-0.675665923,-0.072002020,true,OK
1784823096.177039623,0.159274240,0.069548021,8.345734071,7.815545747,-0.373215196,0.100484810,-133.350624878,0.000212154,0.048456644,0.001573195,0.359322766,-0.681797015,-0.081887935,true,OK
1784823097.177019835,0.059865159,0.037648654,8.129746179,7.814450425,-0.374131172,0.101162003,-133.513769984,0.000372218,0.108352360,0.002756564,0.802433623,-0.692773266,-0.089078931,true,OK
1784823098.177040339,0.062091785,0.006313888,8.753663832,7.860917385,-0.374277038,0.100611767,-133.665826150,0.000151271,0.048456644,0.001119499,0.358608604,-0.698710009,-0.086334137,true,OK
1784823099.176924229,0.161290199,0.097655706,8.619926321,7.745647742,-0.374701961,0.100023034,-133.382289089,0.000182905,0.120331298,0.001489124,0.979681647,-0.704910167,-0.076186000,true,OK
1784823100.177040815,0.160357799,0.065491484,8.491485171,7.744170422,-0.374459432,0.100039549,-133.507365368,0.000422239,0.111905833,0.003439781,0.911643036,-0.710767899,-0.077547233,true,OK
1784823101.177057743,0.057639963,0.034193698,8.103009501,7.736223973,-0.374547060,0.101076227,-133.412996813,0.000455363,0.138476416,0.003706625,1.127189995,-0.725005207,-0.077222178,true,OK
1784823102.177066088,0.059464046,0.001955381,8.554062906,7.797781947,-0.375446221,0.100770956,-133.299588478,0.000537657,0.088469326,0.003991154,0.656728529,-0.732481132,-0.082007871,true,OK
1784823103.177958488,0.059784792,0.094200790,8.854661416,7.729355706,-0.375656749,0.100877028,-133.204586842,0.000254370,0.000000000,0.001884077,0.000000000,-0.720939994,-0.082581755,true,OK
1784823104.177492142,0.157695045,0.062245198,8.987441337,7.743974035,-0.374698468,0.101014638,-133.321421807,0.000418080,0.100870555,0.003405060,0.821542741,-0.723396459,-0.083387040,true,OK
1784823105.177060366,0.058791816,0.026205250,8.097816101,7.696721822,-0.375855468,0.103604424,-133.523962949,0.000456728,0.081564685,0.003712215,0.662944537,-0.712487862,-0.347801080,true,OK
1784823106.177029848,0.058987097,0.133256619,8.586061535,7.824140364,-0.375103441,0.104143993,-133.400770259,0.000131950,0.055952910,0.001073685,0.455290690,-0.787343120,-0.178051079,true,OK
1784823107.177026510,0.057567947,0.101824997,8.820937910,7.831046718,-0.375860708,0.103844922,-133.473470492,0.000602618,0.262442628,0.004948596,2.155135064,-0.725692766,-0.169541277,true,OK
1784823108.177043438,0.158351671,0.069603511,8.855159409,7.812714730,-0.375208981,0.104937199,-133.542016883,0.000772696,0.134170395,0.005721093,0.993407002,-0.733896928,-0.161849007,true,OK
1784823109.177013397,0.059842649,0.038157055,8.226849319,7.827573246,-0.376079059,0.106878848,-133.452622474,0.000263556,0.160712550,0.001951987,1.190294190,-0.695368839,-0.336295427,true,OK
1784823110.177073479,0.060803347,0.006371038,8.442534119,7.820746974,-0.377392059,0.106770947,-133.635501529,0.000807441,0.185574892,0.005974101,1.373033703,-0.744937787,-0.353243314,true,OK
1784823111.177185535,0.060483252,0.097523957,8.668970099,7.734834302,-0.376987843,0.104807544,-133.641032903,0.001715720,0.139882314,0.012673340,1.033254818,-1.070101728,-0.326951622,true,OK
1784823112.177117109,0.160329707,0.065804051,8.875631074,7.735737203,-0.376222623,0.100190835,-134.798802582,0.001960102,0.290066368,0.015961515,2.362070293,-0.792839263,0.497541022,true,OK
1784823113.177063227,0.058449612,0.034073312,8.076566404,7.778770036,-0.350809026,0.093362184,-145.542353439,0.004251533,1.031544901,0.031470304,7.635605567,0.322820693,0.331154487,true,OK
1784823114.177228212,0.057870252,0.002529889,8.542998042,7.812804859,-0.335882741,0.087354683,-158.005217017,0.001625792,1.188115141,0.012046653,8.803590229,0.227893232,0.242085460,true,OK
1784823115.177104473,0.058044088,0.106117975,8.828717208,7.897753961,-0.338063836,0.083743053,-161.602034214,0.000282931,0.705543814,0.002306419,5.751509506,0.549904477,-0.354611824,true,OK
1784823116.177082777,0.157892789,0.073489667,8.840576404,7.837771578,-0.334410898,0.078024435,-165.928605084,0.001757595,0.639496365,0.013018588,4.736780427,0.101366035,-0.040192105,true,OK
1784823117.177032709,0.057799660,0.041372457,8.089915850,7.808494644,-0.325782721,0.070413334,-172.690401435,0.002125182,0.735950695,0.015761658,5.458263126,0.058746184,-0.360348921,true,OK
1784823118.177009821,0.058641673,0.008504569,8.493987751,7.824800575,-0.318641762,0.064360471,-177.098593520,0.001854980,0.388662070,0.015103332,3.164504271,0.070661271,-0.676056093,true,OK
1784823119.177181482,0.058940770,0.102280257,8.858092201,7.753155790,-0.305413381,0.052345768,-177.546197907,0.002683236,7.516272281,0.019837282,55.568141415,-0.904336483,-0.965864729,true,OK
1784823120.177070856,0.158979810,0.070114397,8.888992282,7.735840181,-0.299717824,0.056574503,-175.503593534,0.001112820,0.169020462,0.009055468,1.375387954,-0.738648642,-1.096531276,true,OK
1784823121.177036762,0.061334436,0.038360266,8.010744204,7.800668637,-0.304681260,0.089083133,-179.129333577,0.005214511,1.860147806,0.038555407,13.753687800,0.234292228,-1.162897990,true,OK
1784823122.177064657,0.060834578,0.005956921,8.372022653,7.813977031,-0.299369380,0.083836895,167.863112227,0.000932395,0.721992457,0.006894688,5.338843338,-0.086216898,-0.656352549,true,OK
1784823123.177009583,0.059471262,0.097853288,8.807959851,7.735100903,-0.299360755,0.081143624,167.449459743,0.000339182,0.148037520,0.002510458,1.095701557,-0.142028844,-0.427317637,true,OK
1784823124.177043438,0.158822314,0.065857653,8.840413881,7.743918897,-0.299359368,0.080021241,167.353633403,0.000412777,0.019782341,0.003361246,0.161087922,-0.386307965,-0.131395519,true,OK
1784823125.177054644,0.059273204,0.034288133,8.114810976,7.735757526,-0.296678228,0.073738082,164.170484285,0.000648798,0.081564685,0.005292017,0.665294460,-0.471008377,-0.157432530,true,OK
1784823126.177165985,0.059736990,0.002576112,8.569402584,7.737478908,-0.296185269,0.070303191,161.224296307,0.001586821,0.766938303,0.012895259,6.232504791,-0.683155769,-0.048641702,true,OK
1784823127.177029371,0.057799610,0.105827613,8.839436312,7.816801438,-0.294218057,0.065630690,160.395267729,0.000987855,0.808424605,0.008050268,6.588049377,-0.518567676,0.050389855,true,OK
1784823128.177215815,0.158328832,0.062323455,8.971367425,7.726585364,-0.291885120,0.063360348,157.766740944,0.000778621,0.395647592,0.006315024,3.208907468,-1.736905151,0.342051651,true,OK
1784823129.176980972,0.060307500,0.029919608,8.093396043,7.726608107,-0.285800934,0.056763213,154.697353035,0.001204946,0.228141232,0.009801311,1.855753150,-0.142773705,-0.209593954,true,OK
1784823130.177014351,0.059839734,0.133649544,8.582056478,7.815467217,-0.280368956,0.052538556,151.117528531,0.000281036,0.052339156,0.002286593,0.425846857,0.121440236,-0.323043098,true,OK
1784823131.177102327,0.059130243,0.102073543,8.836468631,7.821866831,-0.280402365,0.052959302,148.799743545,0.000196543,0.138476416,0.001609226,1.133794662,0.286962410,-0.283186955,true,OK
1784823132.177032709,0.160176161,0.069958829,8.884914544,7.818559282,-0.279993878,0.051979576,149.370716230,0.000423202,0.068528042,0.003131984,0.507154049,-0.359796430,-0.225637354,true,OK
1784823133.177107811,0.060131129,0.038652071,8.200240351,7.826550968,-0.289750861,0.053791683,157.692473173,0.000909530,1.748316478,0.006732101,12.940577169,-1.292626499,-0.764779964,true,OK
1784823134.177119493,0.059944367,0.125250462,8.481112653,7.700626611,-0.289842767,0.058217600,158.883857001,0.000174221,0.188711590,0.001290762,1.398118191,-0.244991832,-1.208082813,true,OK
1784823135.177224398,0.055654416,0.096557965,8.907645971,7.794620373,-0.286596416,0.057523020,159.145295494,0.000464903,0.263187172,0.003774824,2.136972835,-0.131818935,-1.156058727,true,OK
1784823136.177072525,0.158176174,0.066276666,8.895547939,7.817220427,-0.284716067,0.059980917,158.857720423,0.001840089,0.271962471,0.013611709,2.011790701,0.111525031,-0.862139387,true,OK
1784823137.177118301,0.059346379,0.033278011,8.223786160,7.798394471,-0.277376210,0.060421917,154.252608889,0.001733780,0.747034278,0.012842360,5.533393002,0.890574985,-0.696486093,true,OK
1784823138.177308559,0.059731514,0.001030515,8.579964062,7.797753147,-0.276299032,0.056941733,152.360232429,0.000771018,0.256408663,0.005686737,1.891172338,0.532504303,-0.694493683,true,OK
1784823139.177084923,0.059648106,0.094137506,8.864689006,7.738126716,-0.272555371,0.052839959,149.548834225,0.000754823,0.397620930,0.005593063,2.946279059,0.555186402,-0.753965333,true,OK
1784823140.177035809,0.159062952,0.062365517,9.005757809,7.740617295,-0.270139133,0.049558037,146.315142448,0.000444697,0.441905128,0.003566096,3.543704016,0.276583246,-0.477609951,true,OK
1784823141.177038908,0.058408052,0.030515472,8.143442071,7.732776230,-0.266535972,0.042866385,142.628445150,0.000937030,0.165510998,0.007626659,1.347123924,0.144725516,0.041844957,true,OK
1784823142.177028179,0.060140227,0.134168085,8.564208716,7.819471948,-0.263157107,0.033569889,138.369703101,0.002804045,0.740721102,0.022856701,6.037862557,-0.106924373,-0.114904553,true,OK
1784823143.177131414,0.060798941,0.102344836,8.870172404,7.825308412,-0.259108597,0.026548400,135.479141538,0.000356528,0.175829360,0.002917011,1.438585093,-0.435315562,0.353817802,true,OK
1784823144.177053690,0.161383307,0.070423603,8.885387014,7.818761848,-0.262230356,0.026647076,132.569895085,0.000564698,0.531554563,0.004182152,3.936694198,-0.243035573,0.668940082,true,OK
1784823145.177020788,0.061801234,0.038515554,8.180164718,7.816392999,-0.257351123,0.020730334,128.918872800,0.001109935,0.335717938,0.008220019,2.486278622,0.021186017,0.797556816,true,OK
1784823146.177069664,0.058237441,0.006856306,8.463578235,7.814712350,-0.252290893,0.015450261,124.299429808,0.000748612,0.388662070,0.005537449,2.874916101,-0.305923914,0.766864115,true,OK
1784823147.177128553,0.058488798,0.097066631,8.841883674,7.750491372,-0.246315810,0.009586391,121.201373328,0.001998063,0.998971942,0.016245562,8.122297940,-0.376422737,0.972209346,true,OK
1784823148.177066088,0.159123797,0.064799058,8.866693100,7.787815636,-0.239642344,0.006585365,116.802343676,0.001883667,0.863207632,0.013943442,6.389710676,0.091793306,1.795042147,true,OK
1784823149.177082539,0.058259776,0.033437999,8.212060910,7.797271320,-0.227736486,0.009625152,113.433714918,0.000495174,0.086229231,0.003661225,0.637562781,0.050482530,2.151213357,true,OK
1784823150.177041292,0.059116900,0.002708170,8.601476075,7.819941513,-0.222887094,0.006954755,110.200341251,0.000524243,0.266878623,0.003843498,1.956625641,0.112197792,2.483201426,true,OK
1784823151.177018166,0.060206121,0.094281444,8.990852288,7.809983748,-0.222160868,0.006611270,108.884199042,0.000406516,0.120331298,0.003309325,0.979580576,-0.019073064,2.819289511,true,OK
1784823152.177042007,0.159872240,0.049750817,9.064072843,7.703391765,-0.221916833,0.006154857,108.453256541,0.000320671,0.186626315,0.002611226,1.519700049,-0.099057482,2.909416115,true,OK
1784823153.177003622,0.058137221,0.017584874,8.408346445,7.732434410,-0.220302292,0.005596457,107.730078991,0.000994491,0.556726638,0.008114150,4.542386369,-0.018185451,2.977240339,true,OK
1784823154.177021027,0.059144070,0.109377765,8.790901714,7.713571335,-0.214677601,0.004622931,105.837486560,0.001039068,0.401050886,0.007689645,2.967985710,0.402625841,2.482057368,true,OK
1784823155.177077293,0.161217857,0.078140225,8.785160315,7.734663010,-0.210260506,0.002176697,102.789761810,0.000546641,0.734886413,0.004447762,5.979427631,0.339864303,2.525082637,true,OK
1784823156.177036524,0.059125292,0.046156653,8.056416383,7.816558233,-0.209891477,-0.003917771,99.352956168,0.003227827,0.970758352,0.023886287,7.183722168,0.937195474,0.142049683,true,OK
1784823157.177054882,0.059615874,0.000294874,8.510914815,7.705860650,-0.210569403,-0.013687657,104.051772636,0.003144139,3.200266993,0.025622298,26.079695009,0.959136985,-0.323685932,true,OK
1784823158.177035809,0.058860975,0.105508359,8.857478065,7.825784891,-0.213457920,-0.011443450,98.860100692,0.003644772,0.108352360,0.030025913,0.892615034,0.949371694,-0.181888964,true,OK
1784823159.177158594,0.159684468,0.060842283,9.021542700,7.708010559,-0.202610295,-0.019662508,97.313277405,0.003848849,0.928727395,0.031488919,7.598277036,0.912258969,0.230257225,true,OK
1784823160.177048206,0.058611379,0.029686297,8.103498674,7.728019071,-0.184505399,-0.001699110,87.122422537,0.000729265,0.503189107,0.005940245,4.098736693,0.995303444,0.609875599,true,OK
1784823161.177065372,0.058136817,0.133228166,8.434960170,7.811874120,-0.178294528,0.000530523,83.868228379,0.000949939,0.125114538,0.007727030,1.017711624,0.901032320,0.740246729,true,OK
1784823162.177035809,0.060781616,0.088562349,8.877868395,7.699520259,-0.175739446,0.001473295,81.655317742,0.000223604,0.360452001,0.001659642,2.675355903,0.674418104,0.845771969,true,OK
1784823163.177042723,0.160151703,0.057424419,8.997258062,7.782354007,-0.172369032,0.002918372,78.944702138,0.001716825,0.034264021,0.012699678,0.253457428,0.468757043,0.978784258,true,OK
1784823164.177024841,0.059828325,0.022014868,8.244533867,7.761703129,-0.172312852,0.004203324,77.190031582,0.000268351,0.390670679,0.001984779,2.889475216,0.263720292,1.086927478,true,OK
1784823165.177033186,0.059810029,0.115675240,8.779617256,7.718461132,-0.171011958,0.004221758,77.085669460,0.000162473,0.059347027,0.001191804,0.435334360,-0.032179104,1.031522732,true,OK
1784823166.177032948,0.061434462,0.084702163,9.037211647,7.730673909,-0.169240064,-0.001551517,77.272115482,0.000296788,0.000000000,0.002195501,0.000000000,0.241989323,0.480134216,true,OK
1784823167.177034140,0.062881539,0.050624762,8.035765616,7.766612040,-0.169304346,-0.003768535,77.634093630,0.000407956,0.233230523,0.003021973,1.727679319,0.432604528,0.485438907,true,OK
1784823168.177021742,0.058872776,0.021819421,8.403360950,7.813580322,-0.168843875,-0.003793546,77.362593997,0.000430286,0.102792073,0.003208431,0.766470736,0.303045825,0.547022823,true,OK
1784823169.177038670,0.058449270,0.112871386,8.715840908,7.760557956,-0.168711056,-0.003990220,77.438677129,0.000959257,0.113640914,0.007809282,0.925147312,0.403686211,0.537129063,true,OK
1784823170.177052021,0.059720605,0.080745273,9.281068754,7.814434745,-0.166012385,-0.000788049,76.134872170,0.000834223,0.440574736,0.006789365,3.585637629,0.336868522,0.992572618,true,OK
1784823171.177125931,0.057541479,0.048516899,8.088601080,7.811232084,-0.162004875,0.000440569,72.939913968,0.000654626,0.447187079,0.004839821,3.306168827,0.438422217,1.002411427,true,OK
1784823172.177085876,0.058200915,0.004910759,8.540000823,7.713139179,-0.161759372,0.001312478,69.360627545,0.000094796,0.303257891,0.000770666,2.465393934,0.383475660,1.020124187,true,OK
1784823173.177026033,0.058343789,0.108019243,8.789913708,7.829481671,-0.160674456,0.002596457,66.575863378,0.000781234,0.394161119,0.006363023,3.210377006,0.269787584,1.057050290,true,OK
1784823174.177047253,0.159795359,0.064388936,8.848280703,7.670970182,-0.159658635,0.004064505,64.849144415,0.000449746,0.115349902,0.003323432,0.852387074,0.187769889,1.228153400,true,OK
1784823175.177082539,0.055150926,0.033376449,8.062559389,7.727271178,-0.158367044,0.005491870,63.848243344,0.000692381,0.215799987,0.005640347,1.757971717,0.015592908,1.357036697,true,OK
1784823176.177067041,0.060656621,0.000420396,8.558491744,7.727165477,-0.156407835,0.003799926,62.262120687,0.000627413,0.108352360,0.005104031,0.881451046,-0.118468614,1.387188722,true,OK
1784823177.177017689,0.061487838,0.092784164,8.901191952,7.700805905,-0.153034369,0.001134176,60.251820390,0.000419250,0.240662729,0.003103680,1.781611951,-0.052237818,1.364131119,true,OK
1784823178.177078247,0.158854831,0.060292191,8.958924506,7.725768064,-0.151445293,0.000966558,58.627358233,0.000409289,0.265408184,0.003334496,2.162290724,-0.218780855,1.342208713,true,OK
1784823179.177031994,0.059370344,0.028740047,8.273410971,7.730555863,-0.153205410,0.002845260,58.075992817,0.003336330,0.094872788,0.027196277,0.773360709,0.078890024,1.754738803,true,OK
1784823180.177032232,0.058297865,0.119677351,8.708872921,7.716947387,-0.150201942,-0.001157585,57.296044251,0.000546974,0.125114538,0.004045625,0.925394559,0.032267276,1.270912250,true,OK
1784823181.177062035,0.059985872,0.088620511,8.964719516,7.732788769,-0.144797404,-0.004936591,53.725141071,0.000860809,0.385121790,0.006373692,2.851558398,0.106491048,1.363676732,true,OK
1784823182.177269697,0.160549177,0.056917067,9.037963010,7.736796530,-0.143488733,-0.007598605,50.259695186,0.000578525,0.373253110,0.004650795,3.000601631,0.151694375,1.796308620,true,OK
1784823183.177120924,0.061341561,0.022709678,8.227087934,7.763393856,-0.142193969,-0.006002134,47.050004326,0.001370963,0.137056110,0.010152187,1.014921420,-0.284311211,2.313378774,true,OK
1784823184.177074909,0.056086370,0.116137264,8.685364864,7.732004514,-0.143598364,-0.006018196,43.051883526,0.000308206,0.401538497,0.002279135,2.969311452,-0.455125647,2.808080793,true,OK
1784823185.177129984,0.062151963,0.084968402,9.100677278,7.808676997,-0.139628879,-0.010981068,38.460532956,0.001517108,0.129721514,0.012800586,1.094524208,-0.739329823,3.010349118,true,OK
1784823186.177031517,0.060218471,0.039952996,8.032746850,7.703773123,-0.137180336,-0.013364709,36.072759613,0.000880617,0.160712550,0.007044807,1.285676869,-0.663630572,2.230018708,true,OK
1784823187.177032471,0.060774962,0.006553655,8.448160699,7.704404280,-0.144779176,-0.020689946,37.211007864,0.003930509,0.247081560,0.031975117,2.010035173,0.153593211,0.761902490,true,OK
1784823188.177065611,0.060189287,0.112359154,8.766572449,7.818045224,-0.130892962,-0.024600871,37.581040439,0.001160456,0.086229231,0.009456318,0.702664092,0.149931639,0.805059672,true,OK
1784823189.176968813,0.159857785,0.067501695,8.818026776,7.714011719,-0.125858605,-0.030270444,37.332297889,0.001034684,0.392170386,0.008651448,3.279109355,0.100967290,0.843470911,true,OK
1784823190.177015066,0.060801981,0.036297016,8.089697555,7.748581716,-0.121868064,-0.033814467,37.813255225,0.000633467,0.199791944,0.005154303,1.625637593,0.064908794,0.919867234,true,OK
1784823191.177038193,0.060021211,0.004618275,8.462986982,7.830578495,-0.121781157,-0.034642077,37.804135868,0.000354288,0.102792073,0.002611085,0.757571552,0.064556771,0.962685746,true,OK
1784823192.177017689,0.056891183,0.095382861,8.768484969,7.732530064,-0.120701464,-0.034796762,37.882034609,0.000554477,0.402025495,0.004102014,2.974181267,0.054094776,1.002746002,true,OK
1784823193.177332401,0.158767200,0.064110571,8.985258043,7.787674200,-0.119392004,-0.035670890,37.526927128,0.000346935,0.148037520,0.002569468,1.096394471,0.052189346,1.016321253,true,OK
1784823194.177079916,0.058299723,0.031953672,8.223921585,7.803461492,-0.119316917,-0.034097289,37.907921623,0.000170669,0.110143430,0.001264137,0.815827328,0.041480582,1.015844129,true,OK
1784823195.177081347,0.057344857,0.123837243,8.544417598,7.735112674,-0.117790352,-0.033560420,38.138687685,0.000534186,0.322033601,0.003952173,2.382562123,0.045647430,1.016918600,true,OK
1784823196.177085638,0.060066658,0.092072666,8.875484231,7.767635581,-0.118265332,-0.032564668,37.854081053,0.001216889,0.327456451,0.009907271,2.665978682,0.057926354,1.020114027,true,OK
1784823197.177025795,0.158424162,0.058679119,8.989438929,7.795483665,-0.118118986,-0.030995036,37.923262001,0.001012793,0.104678325,0.007504603,0.775646070,-0.025076427,0.622336117,true,OK
1784823198.177078485,0.056845720,0.028461046,8.204551277,7.825341985,-0.120003990,-0.031355749,37.941585491,0.001540241,0.113640914,0.011387523,0.840185819,0.003318403,0.692464331,true,OK
1784823199.177010536,0.058069407,0.119423105,8.705170933,7.737390998,-0.120517328,-0.028295373,37.947947379,0.000440919,0.106531181,0.003257383,0.787022129,0.020313553,0.721900722,true,OK
1784823200.177102566,0.060359257,0.087757676,8.882507999,7.731043750,-0.120715533,-0.030023067,37.557184579,0.000198116,0.086229231,0.001466361,0.638226503,0.002500151,0.698617204,true,OK
1784823201.177030563,0.061861558,0.054784413,7.999349867,7.785751990,-0.119092230,-0.030750108,37.107965218,0.000205991,0.123540700,0.001522572,0.913142858,0.003667752,0.775064792,true,OK
1784823202.177033901,0.056165472,0.023087632,8.219680935,7.795318732,-0.118605775,-0.030479770,37.721968636,0.000070063,0.129721514,0.000518929,0.960800779,-0.021273235,0.760175839,true,OK
1784823203.176993370,0.058898551,0.115806404,8.729591024,7.752405664,-0.119882564,-0.030357279,37.662927187,0.000038105,0.115349902,0.000282123,0.854020721,-0.034632308,0.747892176,true,OK
1784823204.177057743,0.057594420,0.083860915,8.989540662,7.737518891,-0.120494644,-0.030384411,37.602863293,0.000309539,0.108352360,0.002291923,0.802274659,-0.017148287,0.719491918,true,OK
1784823205.177049160,0.057917647,0.052550176,8.034164599,7.818702181,-0.119029564,-0.030540509,37.411842719,0.000465121,0.088469326,0.003444242,0.655118702,-0.053498038,0.731639606,true,OK
1784823206.177050352,0.058365155,0.019727896,8.426694503,7.809478902,-0.118844101,-0.030071339,37.713941393,0.000575520,0.137056110,0.004264614,1.015588646,-0.071443343,0.710660024,true,OK
1784823207.177004576,0.057734701,0.109097286,8.742397546,7.709520148,-0.118699423,-0.029884701,37.699334134,0.000466030,0.310274283,0.003449756,2.296784566,-0.085719406,0.729377051,true,OK
1784823208.177087545,0.158421396,0.078684764,8.781911884,7.751759529,-0.118305274,-0.030095749,37.918033543,0.000376931,0.372728519,0.002791605,2.760480584,-0.087918613,0.696240523,true,OK
1784823209.177012205,0.060169943,0.048102794,8.038148809,7.813494985,-0.116797444,-0.029584155,38.114562905,0.001025825,0.118694067,0.007596338,0.878941985,-0.064916514,0.731463787,true,OK
1784823210.176923752,0.060184203,0.013956177,8.477995632,7.788750914,-0.117236827,-0.028537916,38.249546199,0.000497672,0.274112407,0.003684991,2.029652065,-0.040875672,0.746912202,true,OK
1784823211.177033663,0.060170722,0.107625155,8.818982731,7.738664850,-0.118024739,-0.028425016,37.849957014,0.000176581,0.076616680,0.001306770,0.566995609,-0.095280658,0.741785897,true,OK
1784823212.177075386,0.161401483,0.073292386,8.971336478,7.771853039,-0.117427464,-0.028775756,37.812818893,0.000208885,0.189745630,0.001543628,1.402194200,-0.105002324,0.743088868,true,OK
1784823213.177129984,0.058777016,0.044139272,8.136359467,7.824591431,-0.115907978,-0.028675058,37.928826561,0.001957318,0.192814506,0.014510970,1.429468775,-0.071695634,0.746646126,true,OK
1784823214.176914215,0.058895074,0.011444046,8.449574281,7.813627896,-0.116838655,-0.028386803,38.134560710,0.001041059,0.044234660,0.007705172,0.327393146,-0.015038392,0.782692970,true,OK
1784823215.177033424,0.056904895,0.103580929,8.834972461,7.743744515,-0.117936547,-0.029022698,37.912398762,0.000118310,0.098911718,0.000875930,0.732311598,-0.058111701,0.804382449,true,OK
1784823216.177185297,0.159722202,0.071758920,8.860925351,7.798880413,-0.118371602,-0.029542823,37.694793864,0.001808980,0.227281935,0.013385774,1.681801021,-0.063388384,0.700566414,true,OK
1784823217.177087069,0.058536865,0.039549962,8.180158423,7.811642027,-0.116423520,-0.030514945,37.682482355,0.000757699,0.166689032,0.005613823,1.235005431,-0.048195113,0.733681700,true,OK
1784823218.177016973,0.060302059,0.130949779,8.486110795,7.733003616,-0.117050333,-0.030886583,38.055211621,0.000613183,0.137056110,0.004535675,1.013794506,-0.051367214,0.736159027,true,OK
1784823219.177076578,0.057119474,0.098273683,8.965951137,7.787208356,-0.118454574,-0.031011955,38.141284044,0.000184276,0.365304984,0.001490302,2.954347700,-0.012825273,0.624681073,true,OK
1784823220.177033186,0.158845618,0.067136037,8.938583266,7.808388630,-0.117992798,-0.031264210,37.716459985,0.001635072,0.145369958,0.012120523,1.077604098,0.140771945,0.926961009,true,OK
1784823221.177059174,0.060156374,0.036291801,8.357110216,7.823391845,-0.117459218,-0.030581246,38.031595615,0.000213220,0.086229231,0.001576537,0.637575184,0.056769113,0.662515951,true,OK
1784823222.177091122,0.057667854,0.002393907,8.544043847,7.812540013,-0.117613086,-0.030470910,38.151025048,0.000227810,0.307741377,0.001666164,2.250771320,0.009823714,0.749200898,true,OK
1784823223.177050829,0.059323268,0.094966820,8.960884310,7.824153579,-0.118196321,-0.030529438,38.114144961,0.000050908,0.118694067,0.000416152,0.970272955,-0.040985898,0.767093467,true,OK
1784823224.178038120,0.046768779,0.048052058,8.316068198,7.745668058,-0.117828925,-0.031430462,37.902556333,0.000427972,0.158258778,0.003158610,1.168016518,0.086875616,0.778638779,true,OK
