timestamp,mode,input_size,output_size,declared_span_rad,indexed_span_rad,angular_coverage_ratio,finite_return_ratio,accumulated_segments,revolution_duration_sec,input_rate_hz,output_rate_hz,valid,rejection_reason
1784908985.991075039,per_message_full_scan,0,720,0.000000000,0.000000000,0.000000000,0.000000000,0,0.000000000,0.000000000,0.000000000,false,INITIALIZING:none
1784908986.990947247,per_message_full_scan,720,720,6.274458647,6.274458612,0.886111111,0.886111111,1,0.134051025,7.557568798,6.764420478,true,none
1784908988.009575129,per_message_full_scan,720,720,6.274458647,6.274458612,0.883333333,0.883333333,1,0.132411301,7.659415110,7.584467847,true,none
1784908988.992319584,per_message_full_scan,720,720,6.274458647,6.274458612,0.881944444,0.881944444,1,0.120691158,7.737370810,8.044393574,true,none
1784908989.991066456,per_message_full_scan,720,720,6.274458647,6.274458612,0.891666667,0.891666667,1,0.134163171,7.604693056,7.657525195,true,none
1784908990.998584032,per_message_full_scan,720,720,6.274458647,6.274458612,0.869444444,0.869444444,1,0.134049833,7.622105143,7.880687362,true,none
1784908991.992132902,per_message_full_scan,720,720,6.274458647,6.274458612,0.884722222,0.884722222,1,0.122021697,19.702847164,7.398903896,true,none
1784908992.991096973,per_message_full_scan,720,720,6.274458647,6.274458612,0.872222222,0.872222222,1,0.121702157,9.742162636,7.961530274,true,none
1784908993.992415905,per_message_full_scan,720,720,6.274458647,6.274458612,0.880555556,0.880555556,1,0.134322479,8.093242905,7.566349053,true,none
1784908994.991021395,per_message_full_scan,720,720,6.274458647,6.274458612,0.880555556,0.880555556,1,0.120401956,7.822030118,8.184943476,true,none
1784908995.991023302,per_message_full_scan,720,720,6.274458647,6.274458612,0.879166667,0.879166667,1,0.134204119,7.649305115,7.642811427,true,none
1784908996.991166353,per_message_full_scan,720,720,6.274458647,6.274458612,0.875000000,0.875000000,1,0.121645391,7.730396613,7.580209699,true,none
1784908997.991011858,per_message_full_scan,720,720,6.274458647,6.274458612,0.886111111,0.886111111,1,0.121811166,7.751013610,7.744179148,true,none
1784908999.013517618,per_message_full_scan,720,720,6.274458647,6.274458612,0.870833333,0.870833333,1,0.133741319,7.602115651,7.594593001,true,none
1784908999.991012335,per_message_full_scan,720,720,6.274458647,6.274458612,0.879166667,0.879166667,1,0.133278087,7.680225084,7.762988637,true,none
1784909000.992049694,per_message_full_scan,720,720,6.274458647,6.274458612,0.877777778,0.877777778,1,0.121923603,7.720186383,8.079709771,true,none
1784909002.001371622,per_message_full_scan,720,720,6.274458647,6.274458612,0.880555556,0.880555556,1,0.131524697,7.615923901,7.660494294,true,none
1784909002.990928173,per_message_full_scan,720,720,6.274458647,6.274458612,0.879166667,0.879166667,1,0.121780269,7.719019833,8.006505345,true,none
1784909003.991436481,per_message_full_scan,720,720,6.274458647,6.274458612,0.879166667,0.879166667,1,0.134145349,7.647551385,7.906523092,true,none
1784909005.022794724,per_message_full_scan,720,720,6.274458647,6.274458612,0.877777778,0.877777778,1,0.134024277,7.637767047,7.628208065,true,none
1784909005.990938902,per_message_full_scan,720,720,6.274458647,6.274458612,0.876388889,0.876388889,1,0.134193599,7.612667804,7.628659567,true,none
1784909006.992393970,per_message_full_scan,720,720,6.274458647,6.274458612,0.873611111,0.873611111,1,0.134234041,115.576952827,6.929293279,true,none
1784909007.991244078,per_message_full_scan,720,720,6.274458647,6.274458612,0.884722222,0.884722222,1,0.134396404,29.762933316,7.290623050,true,none
1784909008.991281271,per_message_full_scan,720,720,6.274458647,6.274458612,0.873611111,0.873611111,1,0.132322907,11.621021786,7.979072179,true,none
1784909009.991962671,per_message_full_scan,720,720,6.274458647,6.274458612,0.884722222,0.884722222,1,0.134244621,8.639415042,7.632414761,true,none
1784909010.990974426,per_message_full_scan,720,720,6.274458647,6.274458612,0.870833333,0.870833333,1,0.134128124,7.724487448,7.422108277,true,none
1784909011.998165131,per_message_full_scan,720,720,6.274458647,6.274458612,0.886111111,0.886111111,1,0.124324434,7.568080267,7.441692331,true,none
1784909012.991154671,per_message_full_scan,720,720,6.274458647,6.274458612,0.881944444,0.881944444,1,0.133342281,7.646560056,7.553226102,true,none
1784909013.991011620,per_message_full_scan,720,720,6.274458647,6.274458612,0.879166667,0.879166667,1,0.134103045,7.601566287,7.930569784,true,none
1784909014.993808031,per_message_full_scan,720,720,6.274458647,6.274458612,0.870833333,0.870833333,1,0.134212703,7.611412769,7.602641059,true,none
1784909015.990966082,per_message_full_scan,720,720,6.274458647,6.274458612,0.886111111,0.886111111,1,0.134266883,7.658893463,7.966603352,true,none
1784909016.990954399,per_message_full_scan,720,720,6.274458647,6.274458612,0.887500000,0.887500000,1,0.122062527,7.719513508,7.604895087,true,none
1784909018.307225227,per_message_full_scan,720,720,6.274458647,6.274458612,0.893055556,0.893055556,1,0.121863209,7.752613318,6.820141382,false,STALE_INPUT:none
1784909018.991018295,per_message_full_scan,720,720,6.274458647,6.274458612,0.877777778,0.877777778,1,0.133990422,15.058254042,6.932845867,true,none
1784909019.991001606,per_message_full_scan,720,720,6.274458647,6.274458612,0.883333333,0.883333333,1,0.136393666,8.871562266,7.657569534,true,none
1784909020.992038965,per_message_full_scan,720,720,6.274458647,6.274458612,0.900000000,0.900000000,1,0.123149581,7.915703408,7.997848640,true,none
1784909021.990972519,per_message_full_scan,720,720,6.274458647,6.274458612,0.887500000,0.887500000,1,0.134167984,7.641783903,7.818270078,true,none
1784909022.990960836,per_message_full_scan,720,720,6.274458647,6.274458612,0.890277778,0.890277778,1,0.134107977,7.693463998,7.995678945,true,none
1784909024.000868559,per_message_full_scan,720,720,6.274458647,6.274458612,0.893055556,0.893055556,1,0.121942714,7.714640486,7.842904289,true,none
1784909024.990975380,per_message_full_scan,720,720,6.274458647,6.274458612,0.880555556,0.880555556,1,0.133187488,11.934387778,7.340006985,true,none
1784909025.991240025,per_message_full_scan,720,720,6.274458647,6.274458612,0.891666667,0.891666667,1,0.128936768,8.285754509,7.695565024,true,none
1784909026.998086214,per_message_full_scan,720,720,6.274458647,6.274458612,0.893055556,0.893055556,1,0.121888503,7.867682461,8.008919264,true,none
1784909027.990969658,per_message_full_scan,720,720,6.274458647,6.274458612,0.888888889,0.888888889,1,0.130188927,7.714860251,7.884248686,true,none
1784909028.990969896,per_message_full_scan,720,720,6.274458647,6.274458612,0.884722222,0.884722222,1,0.133025646,7.674729357,7.657313333,true,none
1784909029.990968943,per_message_full_scan,720,720,6.274458647,6.274458612,0.875000000,0.875000000,1,0.134074017,7.587450921,7.591800092,true,none
1784909030.990957499,per_message_full_scan,720,720,6.274458647,6.274458612,0.894444444,0.894444444,1,0.134122699,7.672493740,7.705338804,true,none
1784909031.991028309,per_message_full_scan,720,720,6.274458647,6.274458612,0.906944444,0.906944444,1,0.133984223,7.690358328,8.071486823,true,none
1784909032.990962029,per_message_full_scan,720,720,6.274458647,6.274458612,0.893055556,0.893055556,1,0.121708162,7.752005654,7.635350338,true,none
1784909033.990971804,per_message_full_scan,720,720,6.274458647,6.274458612,0.890277778,0.890277778,1,0.133844212,7.611260971,7.915694446,true,none
1784909035.002006531,per_message_full_scan,720,720,6.274458647,6.274458612,0.898611111,0.898611111,1,0.134137124,7.618255674,7.626397624,true,none
1784909035.990948915,per_message_full_scan,720,720,6.274458647,6.274458612,0.898611111,0.898611111,1,0.132494390,7.684377989,7.865069568,true,none
1784909036.990945578,per_message_full_scan,720,720,6.274458647,6.274458612,0.890277778,0.890277778,1,0.134044364,7.681702332,7.659259270,true,none
1784909037.998433352,per_message_full_scan,720,720,6.274458647,6.274458612,0.898611111,0.898611111,1,0.118898503,7.727714531,7.793138167,true,none
1784909039.242751598,per_message_full_scan,720,720,6.274458647,6.274458612,0.898611111,0.898611111,1,0.134095415,7.615797242,6.618743759,false,STALE_INPUT:none
1784909039.991047382,per_message_full_scan,720,720,6.274458647,6.274458612,0.897222222,0.897222222,1,0.132769927,24.765486259,6.577147554,true,none
1784909041.018574953,per_message_full_scan,720,720,6.274458647,6.274458612,0.898611111,0.898611111,1,0.134181872,10.538513159,7.486913515,true,none
1784909041.990971804,per_message_full_scan,720,720,6.274458647,6.274458612,0.894444444,0.894444444,1,0.132424742,8.230815943,7.633653553,true,none
1784909042.990962505,per_message_full_scan,720,720,6.274458647,6.274458612,0.893055556,0.893055556,1,0.121838130,7.712746080,7.565969343,true,none
1784909043.990955114,per_message_full_scan,720,720,6.274458647,6.274458612,0.897222222,0.897222222,1,0.130692169,7.651866088,7.981752685,true,none
1784909044.990951538,per_message_full_scan,720,720,6.274458647,6.274458612,0.905555556,0.905555556,1,0.133045986,7.568463543,7.578498491,true,none
1784909046.006234646,per_message_full_scan,720,720,6.274458647,6.274458612,0.890277778,0.890277778,1,0.134888813,7.624620371,7.524362668,true,none
1784909046.991004467,per_message_full_scan,720,720,6.274458647,6.274458612,0.898611111,0.898611111,1,0.133560821,7.607737476,7.673047324,true,none
1784909047.991172791,per_message_full_scan,720,720,6.274458647,6.274458612,0.888888889,0.888888889,1,0.122443125,7.650526248,7.407857175,true,none
1784909049.000516891,per_message_full_scan,720,720,6.274458647,6.274458612,0.904166667,0.904166667,1,0.119547546,61.162526050,6.980857177,true,none
1784909049.991131306,per_message_full_scan,720,720,6.274458647,6.274458612,0.890277778,0.890277778,1,0.121955819,18.945298245,7.501150934,true,none
1784909050.990999460,per_message_full_scan,720,720,6.274458647,6.274458612,0.881944444,0.881944444,1,0.136038974,9.464195684,7.691602796,true,none
1784909051.990959167,per_message_full_scan,720,720,6.274458647,6.274458612,0.866666667,0.866666667,1,0.121793337,8.116405755,7.653746363,true,none
1784909052.990966558,per_message_full_scan,720,720,6.274458647,6.274458612,0.858333333,0.858333333,1,0.119817972,7.804959127,8.061850299,true,none
1784909053.990962982,per_message_full_scan,720,720,6.274458647,6.274458612,0.879166667,0.879166667,1,0.121821612,7.743075617,7.661405505,true,none
1784909055.011359930,per_message_full_scan,720,720,6.274458647,6.274458612,0.888888889,0.888888889,1,0.134193584,7.697124848,7.881472569,true,none
1784909055.990954638,per_message_full_scan,720,720,6.274458647,6.274458612,0.881944444,0.881944444,1,0.121770702,7.761853849,7.593806703,true,none
1784909056.990946054,per_message_full_scan,720,720,6.274458647,6.274458612,0.893055556,0.893055556,1,0.123842970,7.701922393,7.876005421,true,none
1784909058.008304119,per_message_full_scan,720,720,6.274458647,6.274458612,0.887500000,0.887500000,1,0.121826753,7.731017981,8.077684295,true,none
1784909058.991944790,per_message_full_scan,720,720,6.274458647,6.274458612,0.894444444,0.894444444,1,0.133999497,7.631740921,7.829739176,true,none
1784909059.990953445,per_message_full_scan,720,720,6.274458647,6.274458612,0.897222222,0.897222222,1,0.121843956,7.763083421,8.305476028,true,none
1784909060.995389700,per_message_full_scan,720,720,6.274458647,6.274458612,0.898611111,0.898611111,1,0.121934935,7.749411544,8.130235144,true,none
1784909061.990935326,per_message_full_scan,720,720,6.274458647,6.274458612,0.894444444,0.894444444,1,0.134189412,7.633056459,7.754905661,true,none
1784909062.991212368,per_message_full_scan,720,720,6.274458647,6.274458612,0.888888889,0.888888889,1,0.134153739,7.624340933,7.614525729,true,none
1784909064.022734404,per_message_full_scan,720,720,6.274458647,6.274458612,0.900000000,0.900000000,1,0.122018799,7.756573852,7.612348219,true,none
1784909064.990973234,per_message_full_scan,720,720,6.274458647,6.274458612,0.893055556,0.893055556,1,0.134003207,7.664172607,7.904192658,true,none
1784909065.990948677,per_message_full_scan,720,720,6.274458647,6.274458612,0.905555556,0.905555556,1,0.134285003,7.630024294,7.644362929,true,none
1784909067.009340525,per_message_full_scan,720,720,6.274458647,6.274458612,0.890277778,0.890277778,1,0.121425070,7.762063499,7.689440422,true,none
1784909067.990960836,per_message_full_scan,720,720,6.274458647,6.274458612,0.894444444,0.894444444,1,0.134248972,7.667750121,7.545124251,true,none
1784909068.990973711,per_message_full_scan,720,720,6.274458647,6.274458612,0.887500000,0.887500000,1,0.134237573,7.610816047,7.687255103,true,none
1784909069.998319626,per_message_full_scan,720,720,6.274458647,6.274458612,0.905555556,0.905555556,1,0.134122387,7.630123871,7.950750862,true,none
1784909070.990971565,per_message_full_scan,720,720,6.274458647,6.274458612,0.895833333,0.895833333,1,0.133990541,7.669988933,7.677439886,true,none
1784909071.991036892,per_message_full_scan,720,720,6.274458647,6.274458612,0.901388889,0.901388889,1,0.134123862,7.661054921,7.695661758,true,none
1784909073.025124788,per_message_full_scan,720,720,6.274458647,6.274458612,0.894444444,0.894444444,1,0.134191856,7.643362296,7.743579162,true,none
1784909073.991189957,per_message_full_scan,720,720,6.274458647,6.274458612,0.898611111,0.898611111,1,0.136427552,7.640996129,7.667006700,true,none
1784909074.990956306,per_message_full_scan,720,720,6.274458647,6.274458612,0.900000000,0.900000000,1,0.134119675,7.668100628,8.002530330,true,none
1784909076.013135672,per_message_full_scan,720,720,6.274458647,6.274458612,0.887500000,0.887500000,1,0.132408634,7.631262659,7.671318597,true,none
1784909076.990934849,per_message_full_scan,720,720,6.274458647,6.274458612,0.894444444,0.894444444,1,0.134092867,7.672621605,7.832763945,true,none
1784909077.990952253,per_message_full_scan,720,720,6.274458647,6.274458612,0.897222222,0.897222222,1,0.133963197,7.659658520,7.644390239,true,none
1784909079.009242058,per_message_full_scan,720,720,6.274458647,6.274458612,0.890277778,0.890277778,1,0.132603884,7.633527792,7.645338063,true,none
1784909079.990965366,per_message_full_scan,720,720,6.274458647,6.274458612,0.895833333,0.895833333,1,0.134146437,7.669245635,7.860237269,true,none
1784909080.990940094,per_message_full_scan,720,720,6.274458647,6.274458612,0.904166667,0.904166667,1,0.134078905,7.650067203,7.534240476,true,none
1784909081.996208191,per_message_full_scan,720,720,6.274458647,6.274458612,0.909722222,0.909722222,1,0.133902356,7.632868899,7.833407941,true,none
1784909082.990938425,per_message_full_scan,720,720,6.274458647,6.274458612,0.900000000,0.900000000,1,0.134010613,7.667771394,8.002826336,true,none
1784909083.991007090,per_message_full_scan,720,720,6.274458647,6.274458612,0.895833333,0.895833333,1,0.131746903,7.648015619,7.638864451,true,none
1784909084.993575335,per_message_full_scan,720,720,6.274458647,6.274458612,0.897222222,0.897222222,1,0.134116217,7.630356965,7.726447155,true,none
1784909085.991137028,per_message_full_scan,720,720,6.274458647,6.274458612,0.893055556,0.893055556,1,0.134063825,7.671964518,7.668654784,true,none
1784909086.991053104,per_message_full_scan,720,720,6.274458647,6.274458612,0.887500000,0.887500000,1,0.134102419,7.656772160,7.615759309,true,none
1784909087.990941286,per_message_full_scan,720,720,6.274458647,6.274458612,0.888888889,0.888888889,1,0.134116575,7.632838777,7.915090009,true,none
1784909088.990962744,per_message_full_scan,720,720,6.274458647,6.274458612,0.886111111,0.886111111,1,0.129642278,7.672540986,7.546272149,true,none
1784909089.990934134,per_message_full_scan,720,720,6.274458647,6.274458612,0.894444444,0.894444444,1,0.134086952,7.667682404,7.981250239,true,none
1784909091.006423950,per_message_full_scan,720,720,6.274458647,6.274458612,0.891666667,0.891666667,1,0.133993968,7.633778470,7.686670728,true,none
1784909091.990945339,per_message_full_scan,720,720,6.274458647,6.274458612,0.879166667,0.879166667,1,0.133462027,7.684634198,7.661206629,true,none
1784909092.990960836,per_message_full_scan,720,720,6.274458647,6.274458612,0.900000000,0.900000000,1,0.134136349,7.664173586,7.615469180,true,none
1784909094.003582239,per_message_full_scan,720,720,6.274458647,6.274458612,0.904166667,0.904166667,1,0.133905008,7.655338087,7.606648262,true,none
1784909094.990949631,per_message_full_scan,720,720,6.274458647,6.274458612,0.901388889,0.901388889,1,0.133537769,7.690370543,7.841057252,true,none
1784909095.990936995,per_message_full_scan,720,720,6.274458647,6.274458612,0.900000000,0.900000000,1,0.134199753,7.663103901,7.983164615,true,none
1784909096.991260052,per_message_full_scan,720,720,6.274458647,6.274458612,0.908333333,0.908333333,1,0.134162754,7.660015994,7.670361040,true,none
1784909097.991629362,per_message_full_scan,720,720,6.274458647,6.274458612,0.909722222,0.909722222,1,0.132942274,7.688319155,7.908762611,true,none
1784909098.990991592,per_message_full_scan,720,720,6.274458647,6.274458612,0.893055556,0.893055556,1,0.133658469,7.595579946,7.556031415,true,none
1784909100.010620356,per_message_full_scan,720,720,6.274458647,6.274458612,0.887500000,0.887500000,1,0.134218007,7.628851363,7.663931994,true,none
1784909100.991679907,per_message_full_scan,720,720,6.274458647,6.274458612,0.902777778,0.902777778,1,0.133992970,7.600696642,7.709401554,true,none
1784909101.990990162,per_message_full_scan,720,720,6.274458647,6.274458612,0.883333333,0.883333333,1,0.133290038,7.622908875,7.605020454,true,none
1784909103.007497311,per_message_full_scan,720,720,6.274458647,6.274458612,0.897222222,0.897222222,1,0.134069145,7.620054070,7.636004135,true,none
1784909103.991195202,per_message_full_scan,720,720,6.274458647,6.274458612,0.900000000,0.900000000,1,0.134313896,7.653611695,7.871500556,true,none
1784909104.990967751,per_message_full_scan,720,720,6.274458647,6.274458612,0.901388889,0.901388889,1,0.122213714,7.704585731,7.694468385,true,none
1784909105.994916439,per_message_full_scan,720,720,6.274458647,6.274458612,0.890277778,0.890277778,1,0.120595127,7.792262820,8.178780539,true,none
1784909106.990948915,per_message_full_scan,720,720,6.274458647,6.274458612,0.887500000,0.887500000,1,0.121927448,7.681859686,7.683376298,true,none
1784909107.990992308,per_message_full_scan,720,720,6.274458647,6.274458612,0.887500000,0.887500000,1,0.134092629,7.682538450,7.951719555,true,none
1784909109.033428431,per_message_full_scan,720,720,6.274458647,6.274458612,0.888888889,0.888888889,1,0.114515297,23.459285619,6.625326820,true,none
1784909109.991137743,per_message_full_scan,720,720,6.274458647,6.274458612,0.883333333,0.883333333,1,0.132629707,10.956071873,7.721665793,true,none
1784909110.991136074,per_message_full_scan,720,720,6.274458647,6.274458612,0.897222222,0.897222222,1,0.121957943,8.268909858,7.635027472,true,none
1784909111.990941763,per_message_full_scan,720,720,6.274458647,6.274458612,0.881944444,0.881944444,1,0.128401637,15.677597212,6.828840629,true,none
1784909112.991015911,per_message_full_scan,720,720,6.274458647,6.274458612,0.888888889,0.888888889,1,0.133960709,9.044671384,7.289279477,true,none
1784909113.991087437,per_message_full_scan,720,720,6.274458647,6.274458612,0.886111111,0.886111111,1,0.133271813,7.900417066,7.906514369,true,none
1784909114.991044521,per_message_full_scan,720,720,6.274458647,6.274458612,0.904166667,0.904166667,1,0.130612284,7.357282511,7.492231631,true,none
1784909115.990967512,per_message_full_scan,720,720,6.274458647,6.274458612,0.880555556,0.880555556,1,0.121226862,28.023243088,6.709345943,true,none
1784909116.997615576,per_message_full_scan,720,720,6.274458647,6.274458612,0.881944444,0.881944444,1,0.134067073,11.018916097,7.316245635,true,none
1784909117.990955353,per_message_full_scan,720,720,6.274458647,6.274458612,0.881944444,0.881944444,1,0.121216245,8.433148652,7.824068914,true,none
1784909118.990960598,per_message_full_scan,720,720,6.274458647,6.274458612,0.908333333,0.908333333,1,0.134025097,7.720050932,7.658770210,true,none
1784909119.990973234,per_message_full_scan,720,720,6.274458647,6.274458612,0.911111111,0.911111111,1,0.134109572,7.631790628,7.845496282,true,none
1784909120.990970373,per_message_full_scan,720,720,6.274458647,6.274458612,0.911111111,0.911111111,1,0.134122759,46.572068005,6.661074528,true,none
1784909121.993010759,per_message_full_scan,720,720,6.274458647,6.274458612,0.898611111,0.898611111,1,0.131087556,14.206073822,7.587529935,true,none
1784909123.013950825,per_message_full_scan,720,720,6.274458647,6.274458612,0.898611111,0.898611111,1,0.119886883,8.813286393,7.561455292,true,none
1784909123.990987062,per_message_full_scan,720,720,6.274458647,6.274458612,0.918055556,0.918055556,1,0.132501096,7.877026711,7.968830622,true,none
1784909125.000872850,per_message_full_scan,720,720,6.274458647,6.274458612,0.904166667,0.904166667,1,0.113840871,7.636574667,7.396298311,true,none
1784909125.991087914,per_message_full_scan,720,720,6.274458647,6.274458612,0.898611111,0.898611111,1,0.121299684,7.754232982,8.232922665,true,none
1784909126.991009474,per_message_full_scan,720,720,6.274458647,6.274458612,0.894444444,0.894444444,1,0.121766262,7.735591702,7.734296144,true,none
1784909127.991011620,per_message_full_scan,720,720,6.274458647,6.274458612,0.890277778,0.890277778,1,0.124230936,7.700398117,8.266666132,true,none
1784909128.991904974,per_message_full_scan,720,720,6.274458647,6.274458612,0.879166667,0.879166667,1,0.117741384,7.738231574,7.678132194,true,none
1784909129.996237993,per_message_full_scan,720,720,6.274458647,6.274458612,0.879166667,0.879166667,1,0.142431051,7.536249555,7.473188407,true,none
1784909131.002448082,per_message_full_scan,720,720,6.274458647,6.274458612,0.893055556,0.893055556,1,0.132792667,7.727482087,7.883490622,true,none
1784909131.990962982,per_message_full_scan,720,720,6.274458647,6.274458612,0.880555556,0.880555556,1,0.121726088,7.692395294,8.200292405,true,none
1784909132.993688345,per_message_full_scan,720,720,6.274458647,6.274458612,0.881944444,0.881944444,1,0.132869676,7.588630950,7.618598702,true,none
1784909133.991037369,per_message_full_scan,720,720,6.274458647,6.274458612,0.880555556,0.880555556,1,0.121838883,7.714786307,8.337107235,true,none
1784909134.990988970,per_message_full_scan,720,720,6.274458647,6.274458612,0.876388889,0.876388889,1,0.122634590,7.723116160,7.763212040,true,none
1784909135.990959406,per_message_full_scan,720,720,6.274458647,6.274458612,0.879166667,0.879166667,1,0.121770099,7.689051275,8.000758601,true,none
1784909136.992818594,per_message_full_scan,720,720,6.274458647,6.274458612,0.876388889,0.876388889,1,0.134114444,7.655554997,7.642492308,true,none
1784909137.991947174,per_message_full_scan,720,720,6.274458647,6.274458612,0.890277778,0.890277778,1,0.133089736,7.663444430,7.894621567,true,none
1784909138.996852398,per_message_full_scan,720,720,6.274458647,6.274458612,0.877777778,0.877777778,1,0.130227238,7.578059910,7.443931909,true,none
1784909139.992081404,per_message_full_scan,720,720,6.274458647,6.274458612,0.888888889,0.888888889,1,0.121248983,7.721065673,8.103512036,true,none
1784909140.991291285,per_message_full_scan,720,720,6.274458647,6.274458612,0.877777778,0.877777778,1,0.134101510,7.564042012,7.669296381,true,none
1784909142.034462214,per_message_full_scan,720,720,6.274458647,6.274458612,0.887500000,0.887500000,1,0.132871374,24.377186795,6.477540705,true,none
1784909142.990978718,per_message_full_scan,720,720,6.274458647,6.274458612,0.883333333,0.883333333,1,0.134250939,11.118707820,7.804614698,true,none
1784909143.990955830,per_message_full_scan,720,720,6.274458647,6.274458612,0.887500000,0.887500000,1,0.134409413,8.151078703,7.563961915,true,none
1784909144.991297483,per_message_full_scan,720,720,6.274458647,6.274458612,0.879166667,0.879166667,1,0.128385812,7.797223055,8.221190471,true,none
1784909145.990968943,per_message_full_scan,720,720,6.274458647,6.274458612,0.901388889,0.901388889,1,0.117748126,7.813392583,7.773046709,true,none
1784909147.025763750,per_message_full_scan,720,720,6.274458647,6.274458612,0.891666667,0.891666667,1,0.134904131,7.642425892,7.659227807,true,none
1784909147.990955591,per_message_full_scan,720,720,6.274458647,6.274458612,0.881944444,0.881944444,1,0.134140611,7.619542027,8.028640634,true,none
1784909148.990980148,per_message_full_scan,720,720,6.274458647,6.274458612,0.877777778,0.877777778,1,0.132730916,7.655153663,7.676105925,true,none
1784909150.008453131,per_message_full_scan,720,720,6.274458647,6.274458612,0.890277778,0.890277778,1,0.133738741,7.582322709,7.724782285,true,none
1784909150.990972757,per_message_full_scan,720,720,6.274458647,6.274458612,0.877777778,0.877777778,1,0.134195253,7.694140958,7.970535185,true,none
1784909151.990931749,per_message_full_scan,720,720,6.274458647,6.274458612,0.877777778,0.877777778,1,0.133069813,7.932406395,7.674362229,true,none
1784909152.998087883,per_message_full_scan,720,720,6.274458647,6.274458612,0.881944444,0.881944444,1,0.131247938,7.731274305,7.939400481,true,none
1784909153.991034985,per_message_full_scan,720,720,6.274458647,6.274458612,0.887500000,0.887500000,1,0.132540241,7.658259045,7.596674493,true,none
1784909154.990946054,per_message_full_scan,720,720,6.274458647,6.274458612,0.876388889,0.876388889,1,0.134491324,7.653851521,8.029153918,true,none
1784909156.019701481,per_message_full_scan,720,720,6.274458647,6.274458612,0.880555556,0.880555556,1,0.134186134,7.651994244,7.593780106,true,none
1784909156.990945339,per_message_full_scan,720,720,6.274458647,6.274458612,0.880555556,0.880555556,1,0.134021506,7.607151869,7.677782945,true,none
1784909157.991610289,per_message_full_scan,720,720,6.274458647,6.274458612,0.886111111,0.886111111,1,0.121962912,7.755587849,7.656774844,true,none
1784909159.005021811,per_message_full_scan,720,720,6.274458647,6.274458612,0.881944444,0.881944444,1,0.121720001,7.728718587,7.874030408,true,none
1784909159.991071224,per_message_full_scan,720,720,6.274458647,6.274458612,0.875000000,0.875000000,1,0.134026155,7.638866190,7.539949533,true,none
1784909160.995265245,per_message_full_scan,720,720,6.274458647,6.274458612,0.881944444,0.881944444,1,0.133978695,7.616859621,7.559700052,true,none
1784909161.990999222,per_message_full_scan,720,720,6.274458647,6.274458612,0.890277778,0.890277778,1,0.121873036,7.705337962,8.060924398,true,none
1784909162.991038561,per_message_full_scan,720,720,6.274458647,6.274458612,0.901388889,0.901388889,1,0.134034634,7.606185999,7.769845631,true,none
1784909163.999068737,per_message_full_scan,720,720,6.274458647,6.274458612,0.895833333,0.895833333,1,0.134010240,7.700910838,7.543120503,true,none
1784909164.990987062,per_message_full_scan,720,720,6.274458647,6.274458612,0.904166667,0.904166667,1,0.133105054,7.690867085,7.698040462,true,none
1784909165.992309570,per_message_full_scan,720,720,6.274458647,6.274458612,0.895833333,0.895833333,1,0.131513506,7.597656082,7.609711137,true,none
1784909166.991015196,per_message_full_scan,720,720,6.274458647,6.274458612,0.894444444,0.894444444,1,0.134189159,7.329823271,7.420312801,true,none
1784909167.991034508,per_message_full_scan,720,720,6.274458647,6.274458612,0.898611111,0.898611111,1,0.121851861,7.680165991,7.509452865,true,none
1784909168.990984917,per_message_full_scan,720,720,6.274458647,6.274458612,0.895833333,0.895833333,1,0.134033769,7.681636892,7.748426412,true,none
1784909170.010250330,per_message_full_scan,720,720,6.274458647,6.274458612,0.904166667,0.904166667,1,0.121593229,7.695725224,7.680017962,true,none
1784909170.990952969,per_message_full_scan,720,720,6.274458647,6.274458612,0.898611111,0.898611111,1,0.121908396,7.703655277,7.862871198,true,none
1784909171.990998030,per_message_full_scan,720,720,6.274458647,6.274458612,0.893055556,0.893055556,1,0.123901948,7.519802293,7.581375015,true,none
1784909173.004335403,per_message_full_scan,720,720,6.274458647,6.274458612,0.884722222,0.884722222,1,0.121774487,7.772990637,7.890907579,true,none
1784909173.991004467,per_message_full_scan,720,720,6.274458647,6.274458612,0.898611111,0.898611111,1,0.134104729,7.662091696,7.702964760,true,none
1784909174.990939140,per_message_full_scan,720,720,6.274458647,6.274458612,0.898611111,0.898611111,1,0.133507833,7.821064765,7.971359765,true,none
1784909176.029042482,per_message_full_scan,720,720,6.274458647,6.274458612,0.879166667,0.879166667,1,0.121772081,7.790596682,7.659696586,true,none
1784909176.994318008,per_message_full_scan,720,720,6.274458647,6.274458612,0.893055556,0.893055556,1,0.133009553,7.654445672,8.024637105,true,none
1784909177.993012667,per_message_full_scan,720,720,6.274458647,6.274458612,0.895833333,0.895833333,1,0.121070132,7.709842883,7.570329684,true,none
1784909178.990981579,per_message_full_scan,720,720,6.274458647,6.274458612,0.902777778,0.902777778,1,0.134709582,7.646723466,7.681644615,true,none
1784909179.992094040,per_message_full_scan,720,720,6.274458647,6.274458612,0.894444444,0.894444444,1,0.121605739,7.721938904,7.707678365,true,none
1784909180.991230726,per_message_full_scan,720,720,6.274458647,6.274458612,0.902777778,0.902777778,1,0.133658856,7.614010833,8.138106074,true,none
1784909181.991174936,per_message_full_scan,720,720,6.274458647,6.274458612,0.891666667,0.891666667,1,0.130630970,7.573838414,7.657092913,true,none
1784909182.990978479,per_message_full_scan,720,720,6.274458647,6.274458612,0.891666667,0.891666667,1,0.118277147,8.243834987,7.812364811,true,none
1784909184.018329859,per_message_full_scan,720,720,6.274458647,6.274458612,0.895833333,0.895833333,1,0.126235560,42.477464827,7.407120455,true,none
1784909184.991026878,per_message_full_scan,720,720,6.274458647,6.274458612,0.893055556,0.893055556,1,0.121980280,15.050509024,7.607445463,true,none
1784909185.990947247,per_message_full_scan,720,720,6.274458647,6.274458612,0.897222222,0.897222222,1,0.123571947,8.937863637,7.918319263,true,none
1784909186.991519928,per_message_full_scan,720,720,6.274458647,6.274458612,0.901388889,0.901388889,1,0.119161017,7.709489250,6.750662233,true,none
1784909187.992954254,per_message_full_scan,720,720,6.274458647,6.274458612,0.908333333,0.908333333,1,0.133521259,7.749938295,7.507713092,true,none
1784909188.991140842,per_message_full_scan,720,720,6.274458647,6.274458612,0.901388889,0.901388889,1,0.121836051,7.730002950,7.892482806,true,none
1784909189.991173267,per_message_full_scan,720,720,6.274458647,6.274458612,0.912500000,0.912500000,1,0.133604646,7.658991687,7.613299215,true,none
1784909190.991132498,per_message_full_scan,720,720,6.274458647,6.274458612,0.897222222,0.897222222,1,0.132268965,7.669303062,7.899369315,true,none
1784909192.016099215,per_message_full_scan,720,720,6.274458647,6.274458612,0.894444444,0.894444444,1,0.133781731,7.666328810,7.572566629,true,none
1784909192.991091251,per_message_full_scan,720,720,6.274458647,6.274458612,0.901388889,0.901388889,1,0.121904932,7.747010563,7.823830740,true,none
1784909193.991116047,per_message_full_scan,720,720,6.274458647,6.274458612,0.895833333,0.895833333,1,0.134535268,7.577273298,7.606886369,true,none
1784909195.005643606,per_message_full_scan,720,720,6.274458647,6.274458612,0.895833333,0.895833333,1,0.134189308,7.659863445,7.773262338,true,none
1784909195.990968227,per_message_full_scan,720,720,6.274458647,6.274458612,0.894444444,0.894444444,1,0.121616781,7.742290570,8.094877823,true,none
1784909196.991154194,per_message_full_scan,720,720,6.274458647,6.274458612,0.894444444,0.894444444,1,0.134141207,7.609690345,7.833220960,true,none
1784909197.991411209,per_message_full_scan,720,720,6.274458647,6.274458612,0.897222222,0.897222222,1,0.117711559,7.732733757,7.594028265,true,none
1784909198.991092443,per_message_full_scan,720,720,6.274458647,6.274458612,0.891666667,0.891666667,1,0.133149654,7.638934198,8.092175451,true,none
1784909199.997384310,per_message_full_scan,720,720,6.274458647,6.274458612,0.895833333,0.895833333,1,0.121499836,7.706423429,7.698814795,true,none
1784909200.991087198,per_message_full_scan,720,720,6.274458647,6.274458612,0.902777778,0.902777778,1,0.134897530,7.654074998,7.954768213,true,none
1784909201.990982294,per_message_full_scan,720,720,6.274458647,6.274458612,0.897222222,0.897222222,1,0.121945038,7.716214765,6.811511711,true,none
1784909203.014334917,per_message_full_scan,720,720,6.274458647,6.274458612,0.891666667,0.891666667,1,0.134185225,7.606834357,7.458173988,true,none
1784909203.991127491,per_message_full_scan,720,720,6.274458647,6.274458612,0.897222222,0.897222222,1,0.131996751,7.668040126,7.778413978,true,none
1784909204.991947174,per_message_full_scan,720,720,6.274458647,6.274458612,0.905555556,0.905555556,1,0.132649198,7.667691407,7.692530919,true,none
1784909206.007756472,per_message_full_scan,720,720,6.274458647,6.274458612,0.900000000,0.900000000,1,0.118743613,7.787834252,7.709522252,true,none
1784909207.263011932,per_message_full_scan,720,720,6.274458647,6.274458612,0.906944444,0.906944444,1,0.135085300,7.616305232,6.499724921,false,STALE_INPUT:none
1784909207.990947723,per_message_full_scan,720,720,6.274458647,6.274458612,0.908333333,0.908333333,1,0.120135121,16.380266103,7.945886314,true,none
1784909209.035900831,per_message_full_scan,720,720,6.274458647,6.274458612,0.894444444,0.894444444,1,0.122030698,9.397972994,7.362683247,true,none
1784909209.990994930,per_message_full_scan,720,720,6.274458647,6.274458612,0.905555556,0.905555556,1,0.134083062,7.997614964,7.743841831,true,none
1784909210.997930527,per_message_full_scan,720,720,6.274458647,6.274458612,0.915277778,0.915277778,1,0.131034791,7.728289010,7.725192325,true,none
1784909211.990994453,per_message_full_scan,720,720,6.274458647,6.274458612,0.913888889,0.913888889,1,0.129910216,7.638492774,7.207583992,true,none
1784909212.991492748,per_message_full_scan,720,720,6.274458647,6.274458612,0.908333333,0.908333333,1,0.133717895,7.707373830,7.560611336,true,none
1784909213.991019249,per_message_full_scan,720,720,6.274458647,6.274458612,0.905555556,0.905555556,1,0.121892460,7.723078457,7.997612968,true,none
1784909214.991009712,per_message_full_scan,720,720,6.274458647,6.274458612,0.904166667,0.904166667,1,0.121815473,7.777651963,7.713594746,true,none
1784909215.991010666,per_message_full_scan,720,720,6.274458647,6.274458612,0.908333333,0.908333333,1,0.121839933,7.754004499,7.729045653,true,none
1784909216.991264820,per_message_full_scan,720,720,6.274458647,6.274458612,0.908333333,0.908333333,1,0.121730730,7.245045152,7.398591905,true,none
1784909217.991052628,per_message_full_scan,720,720,6.274458647,6.274458612,0.908333333,0.908333333,1,0.134072185,7.527550175,7.467735134,true,none
1784909218.991301537,per_message_full_scan,720,720,6.274458647,6.274458612,0.915277778,0.915277778,1,0.121652357,7.758171998,7.833930632,true,none
1784909219.991028786,per_message_full_scan,720,720,6.274458647,6.274458612,0.911111111,0.911111111,1,0.121676989,7.734011215,8.269854621,true,none
1784909220.990967989,per_message_full_scan,720,720,6.274458647,6.274458612,0.900000000,0.900000000,1,0.134091794,7.621160842,7.779372164,true,none
1784909221.991153717,per_message_full_scan,720,720,6.274458647,6.274458612,0.911111111,0.911111111,1,0.121870823,7.763314735,7.951782997,true,none
1784909222.991326571,per_message_full_scan,720,720,6.274458647,6.274458612,0.902777778,0.902777778,1,0.121852152,7.737508243,7.596650336,true,none
1784909223.991214514,per_message_full_scan,720,720,6.274458647,6.274458612,0.911111111,0.911111111,1,0.133998767,7.635756280,7.822954950,true,none
1784909224.991263628,per_message_full_scan,720,720,6.274458647,6.274458612,0.894444444,0.894444444,1,0.121317722,7.769200203,8.259482406,true,none
1784909225.992620707,per_message_full_scan,720,720,6.274458647,6.274458612,0.898611111,0.898611111,1,0.121777356,7.746495992,7.788535008,true,none
1784909227.011591196,per_message_full_scan,720,720,6.274458647,6.274458612,0.900000000,0.900000000,1,0.121693462,7.733909811,7.827089643,true,none
1784909227.991064072,per_message_full_scan,720,720,6.274458647,6.274458612,0.881944444,0.881944444,1,0.120899178,7.768138526,8.061739325,true,none
1784909228.992520094,per_message_full_scan,720,720,6.274458647,6.274458612,0.909722222,0.909722222,1,0.121667959,7.758281596,7.889926092,true,none
1784909229.998354197,per_message_full_scan,720,720,6.274458647,6.274458612,0.900000000,0.900000000,1,0.120818399,7.735357474,8.227594309,true,none
1784909230.991621017,per_message_full_scan,720,720,6.274458647,6.274458612,0.886111111,0.886111111,1,0.133898333,7.622761683,7.729473582,true,none
1784909231.990989208,per_message_full_scan,720,720,6.274458647,6.274458612,0.894444444,0.894444444,1,0.121841945,7.767333509,8.332950616,true,none
1784909233.026262999,per_message_full_scan,720,720,6.274458647,6.274458612,0.902777778,0.902777778,1,0.122035384,7.741525126,7.669205986,true,none
1784909233.991101980,per_message_full_scan,720,720,6.274458647,6.274458612,0.900000000,0.900000000,1,0.133956119,7.617682475,7.787222891,true,none
1784909234.991047621,per_message_full_scan,720,720,6.274458647,6.274458612,0.905555556,0.905555556,1,0.120923512,7.765192353,8.078438787,true,none
1784909236.025617599,per_message_full_scan,720,720,6.274458647,6.274458612,0.893055556,0.893055556,1,0.121852182,7.723765580,7.560010160,true,none
1784909236.991018295,per_message_full_scan,720,720,6.274458647,6.274458612,0.905555556,0.905555556,1,0.133046165,7.634003956,7.900577992,true,none
1784909237.991086245,per_message_full_scan,720,720,6.274458647,6.274458612,0.909722222,0.909722222,1,0.121715680,7.759260694,8.194108761,true,none
1784909239.008126497,per_message_full_scan,720,720,6.274458647,6.274458612,0.898611111,0.898611111,1,0.121277548,7.743733773,7.742281930,true,none
1784909239.990933418,per_message_full_scan,720,720,6.274458647,6.274458612,0.887500000,0.887500000,1,0.121774584,7.765978243,8.071153678,true,none
1784909240.991073847,per_message_full_scan,720,720,6.274458647,6.274458612,0.876388889,0.876388889,1,0.121879824,7.757397617,7.612382160,true,none
1784909242.005855799,per_message_full_scan,720,720,6.274458647,6.274458612,0.883333333,0.883333333,1,0.121833451,7.728092514,7.681668268,true,none
1784909242.992281675,per_message_full_scan,720,720,6.274458647,6.274458612,0.863888889,0.863888889,1,0.121559434,7.766050406,8.001686212,true,none
1784909243.991290569,per_message_full_scan,720,720,6.274458647,6.274458612,0.894444444,0.894444444,1,0.121916100,7.753407687,7.774509367,true,none
1784909244.993454933,per_message_full_scan,720,720,6.274458647,6.274458612,0.895833333,0.895833333,1,0.121886022,7.757531346,8.066249727,true,none
1784909245.991226912,per_message_full_scan,720,720,6.274458647,6.274458612,0.894444444,0.894444444,1,0.134140834,7.641443549,7.622328278,true,none
1784909246.991410017,per_message_full_scan,720,720,6.274458647,6.274458612,0.887500000,0.887500000,1,0.134046257,7.634891816,7.773433518,true,none
1784909247.991178989,per_message_full_scan,720,720,6.274458647,6.274458612,0.891666667,0.891666667,1,0.119775333,7.779430574,8.234853528,true,none
1784909248.991038561,per_message_full_scan,720,720,6.274458647,6.274458612,0.887500000,0.887500000,1,0.134006679,7.662728888,7.821504402,true,none
1784909249.991133690,per_message_full_scan,720,720,6.274458647,6.274458612,0.887500000,0.887500000,1,0.134108350,7.655231986,8.039016599,true,none
1784909251.007879734,per_message_full_scan,720,720,6.274458647,6.274458612,0.895833333,0.895833333,1,0.134083152,7.634532351,7.629176379,true,none
1784909251.991053343,per_message_full_scan,720,720,6.274458647,6.274458612,0.888888889,0.888888889,1,0.134012178,7.696004962,7.770829250,true,none
1784909252.991463900,per_message_full_scan,720,720,6.274458647,6.274458612,0.900000000,0.900000000,1,0.132269904,7.672608249,7.552472908,true,none
1784909253.995468855,per_message_full_scan,720,720,6.274458647,6.274458612,0.876388889,0.876388889,1,0.133332089,7.649596431,7.792927206,true,none
1784909254.991143942,per_message_full_scan,720,720,6.274458647,6.274458612,0.898611111,0.898611111,1,0.134112924,7.684378275,7.822535568,true,none
1784909255.990953684,per_message_full_scan,720,720,6.274458647,6.274458612,0.886111111,0.886111111,1,0.133031711,7.655632332,7.688691060,true,none
1784909256.995675325,per_message_full_scan,720,720,6.274458647,6.274458612,0.868055556,0.868055556,1,0.134111419,7.636104556,7.786752250,true,none
1784909257.990968227,per_message_full_scan,720,720,6.274458647,6.274458612,0.870833333,0.870833333,1,0.132824764,7.688512540,7.600956038,true,none
1784909258.990974665,per_message_full_scan,720,720,6.274458647,6.274458612,0.879166667,0.879166667,1,0.133826047,7.669978027,7.627032753,true,none
1784909260.019131184,per_message_full_scan,720,720,6.274458647,6.274458612,0.894444444,0.894444444,1,0.133447662,7.658469848,7.645435084,true,none
1784909260.991296530,per_message_full_scan,720,720,6.274458647,6.274458612,0.888888889,0.888888889,1,0.130568102,7.691003517,7.672197687,true,none
1784909261.991451502,per_message_full_scan,720,720,6.274458647,6.274458612,0.876388889,0.876388889,1,0.121675380,7.718354179,8.156568060,true,none
1784909262.990963697,per_message_full_scan,720,720,6.274458647,6.274458612,0.863888889,0.863888889,1,0.134000719,7.689860510,8.069951575,true,none
1784909263.991110563,per_message_full_scan,720,720,6.274458647,6.274458612,0.872222222,0.872222222,1,0.121829547,7.749931418,7.949085670,true,none
1784909264.991222858,per_message_full_scan,720,720,6.274458647,6.274458612,0.881944444,0.881944444,1,0.118989758,7.757049089,7.979081513,true,none
1784909266.005117893,per_message_full_scan,720,720,6.274458647,6.274458612,0.877777778,0.877777778,1,0.133360788,7.674868780,7.549505045,true,none
1784909266.992880344,per_message_full_scan,720,720,6.274458647,6.274458612,0.897222222,0.897222222,1,0.134026229,7.695308499,7.788518746,true,none
1784909267.991028070,per_message_full_scan,720,720,6.274458647,6.274458612,0.887500000,0.887500000,1,0.134100616,7.671365289,7.972967521,true,none
1784909268.990982771,per_message_full_scan,720,720,6.274458647,6.274458612,0.884722222,0.884722222,1,0.134054065,7.636933821,7.631802465,true,none
1784909270.021325827,per_message_full_scan,720,720,6.274458647,6.274458612,0.897222222,0.897222222,1,0.121768326,7.764003888,7.851059656,true,none
1784909270.992585421,per_message_full_scan,720,720,6.274458647,6.274458612,0.900000000,0.900000000,1,0.134000242,7.648346597,7.537969046,true,none
1784909271.990979433,per_message_full_scan,720,720,6.274458647,6.274458612,0.883333333,0.883333333,1,0.134241581,7.633364432,7.709999602,true,none
1784909272.991129637,per_message_full_scan,720,720,6.274458647,6.274458612,0.900000000,0.900000000,1,0.134102583,7.686376291,7.868357763,true,none
1784909273.991041183,per_message_full_scan,720,720,6.274458647,6.274458612,0.897222222,0.897222222,1,0.132452220,7.670144481,7.707002991,true,none
1784909274.993107557,per_message_full_scan,720,720,6.274458647,6.274458612,0.906944444,0.906944444,1,0.134123549,7.674203456,7.976549930,true,none
1784909275.991219759,per_message_full_scan,720,720,6.274458647,6.274458612,0.902777778,0.902777778,1,0.134089276,7.701240829,7.621477151,true,none
1784909276.990974903,per_message_full_scan,720,720,6.274458647,6.274458612,0.887500000,0.887500000,1,0.134102941,7.677833063,7.798339638,true,none
1784909277.991193533,per_message_full_scan,720,720,6.274458647,6.274458612,0.898611111,0.898611111,1,0.133183122,7.671849716,8.038978226,true,none
1784909278.991068840,per_message_full_scan,720,720,6.274458647,6.274458612,0.875000000,0.875000000,1,0.121595554,7.698441125,7.663048537,true,none
1784909279.990963221,per_message_full_scan,720,720,6.274458647,6.274458612,0.875000000,0.875000000,1,0.134138882,7.696219861,8.188765677,true,none
1784909280.990991116,per_message_full_scan,720,720,6.274458647,6.274458612,0.891666667,0.891666667,1,0.134184659,7.681087921,8.074471646,true,none
1784909282.021104574,per_message_full_scan,720,720,6.274458647,6.274458612,0.870833333,0.870833333,1,0.133724019,7.667577465,7.655814707,true,none
1784909282.991026163,per_message_full_scan,720,720,6.274458647,6.274458612,0.875000000,0.875000000,1,0.121907465,7.731252982,8.270452625,true,none
1784909283.991001129,per_message_full_scan,720,720,6.274458647,6.274458612,0.881944444,0.881944444,1,0.134343237,7.691912249,7.593071888,true,none
1784909285.007581472,per_message_full_scan,720,720,6.274458647,6.274458612,0.886111111,0.886111111,1,0.134158775,7.687189019,7.856326673,true,none
1784909285.991488218,per_message_full_scan,720,720,6.274458647,6.274458612,0.877777778,0.877777778,1,0.122402072,7.711754593,7.595196268,true,none
1784909286.991069794,per_message_full_scan,720,720,6.274458647,6.274458612,0.875000000,0.875000000,1,0.134161606,7.698444815,7.616287703,true,none
1784909288.004518747,per_message_full_scan,720,720,6.274458647,6.274458612,0.886111111,0.886111111,1,0.134165272,7.671498497,7.927132906,true,none
1784909288.991367340,per_message_full_scan,720,720,6.274458647,6.274458612,0.887500000,0.887500000,1,0.121652313,7.697449668,7.791871282,true,none
1784909289.992092609,per_message_full_scan,720,720,6.274458647,6.274458612,0.879166667,0.879166667,1,0.134146109,7.693080261,7.703959240,true,none
1784909290.994856358,per_message_full_scan,720,720,6.274458647,6.274458612,0.890277778,0.890277778,1,0.134118289,7.666410782,8.067164046,true,none
1784909291.991056919,per_message_full_scan,720,720,6.274458647,6.274458612,0.893055556,0.893055556,1,0.121912181,7.719185887,7.662078623,true,none
1784909292.992726326,per_message_full_scan,720,720,6.274458647,6.274458612,0.881944444,0.881944444,1,0.134060159,7.682097159,8.016473998,true,none
1784909294.018906593,per_message_full_scan,720,720,6.274458647,6.274458612,0.875000000,0.875000000,1,0.134053215,7.662580733,7.591615249,true,none
1784909294.991033077,per_message_full_scan,720,720,6.274458647,6.274458612,0.883333333,0.883333333,1,0.133975983,7.695145495,7.764986485,true,none
1784909295.991052389,per_message_full_scan,720,720,6.274458647,6.274458612,0.891666667,0.891666667,1,0.132803649,7.679776033,7.958950089,true,none
1784909297.005177975,per_message_full_scan,720,720,6.274458647,6.274458612,0.888888889,0.888888889,1,0.133799061,7.630987709,7.632919229,true,none
1784909297.991039991,per_message_full_scan,720,720,6.274458647,6.274458612,0.870833333,0.870833333,1,0.134164557,7.687857177,7.864237050,true,none
1784909298.992735863,per_message_full_scan,720,720,6.274458647,6.274458612,0.877777778,0.877777778,1,0.131503105,7.670975818,8.023793495,true,none
1784909300.003728151,per_message_full_scan,720,720,6.274458647,6.274458612,0.875000000,0.875000000,1,0.134174615,7.634073387,7.593471118,true,none
1784909300.992840528,per_message_full_scan,720,720,6.274458647,6.274458612,0.873611111,0.873611111,1,0.134063169,7.678626964,7.808632464,true,none
1784909301.990947723,per_message_full_scan,720,720,6.274458647,6.274458612,0.879166667,0.879166667,1,0.134306744,7.656781733,7.626633675,true,none
1784909302.990942001,per_message_full_scan,720,720,6.274458647,6.274458612,0.868055556,0.868055556,1,0.134141311,7.655855468,7.763210609,true,none
1784909303.991045237,per_message_full_scan,720,720,6.274458647,6.274458612,0.886111111,0.886111111,1,0.133157402,7.671277961,7.737239531,true,none
1784909304.991338253,per_message_full_scan,720,720,6.274458647,6.274458612,0.870833333,0.870833333,1,0.133961186,7.671068307,7.671927832,true,none
1784909305.991519213,per_message_full_scan,720,720,6.274458647,6.274458612,0.873611111,0.873611111,1,0.134026006,7.659569195,7.920995553,true,none
1784909306.990990162,per_message_full_scan,720,720,6.274458647,6.274458612,0.879166667,0.879166667,1,0.134210169,7.674027500,7.578214314,true,none
1784909307.991103888,per_message_full_scan,720,720,6.274458647,6.274458612,0.868055556,0.868055556,1,0.134189084,7.664614834,7.865086218,true,none
1784909309.013107061,per_message_full_scan,720,720,6.274458647,6.274458612,0.876388889,0.876388889,1,0.134089649,7.639541121,7.572076018,true,none
1784909309.990996599,per_message_full_scan,720,720,6.274458647,6.274458612,0.876388889,0.876388889,1,0.133454293,7.669330501,7.721626160,true,none
1784909310.991064548,per_message_full_scan,720,720,6.274458647,6.274458612,0.876388889,0.876388889,1,0.133111194,7.639015095,7.744390625,true,none
1784909311.991096973,per_message_full_scan,720,720,6.274458647,6.274458612,0.880555556,0.880555556,1,0.121759370,7.763270942,7.897172997,true,none
1784909313.032736301,per_message_full_scan,720,720,6.274458647,6.274458612,0.873611111,0.873611111,1,0.121760927,7.723159823,7.540661593,true,none
1784909313.991265535,per_message_full_scan,720,720,6.274458647,6.274458612,0.861111111,0.861111111,1,0.133340552,7.629473423,7.900014243,true,none
1784909314.991070986,per_message_full_scan,720,720,6.274458647,6.274458612,0.861111111,0.861111111,1,0.123822600,7.724684586,8.045487622,true,none
1784909315.990982771,per_message_full_scan,720,720,6.274458647,6.274458612,0.895833333,0.895833333,1,0.133979306,7.655462749,7.728080478,true,none
1784909316.990982294,per_message_full_scan,720,720,6.274458647,6.274458612,0.873611111,0.873611111,1,0.134238333,7.665451591,7.574928773,true,none
1784909317.992480278,per_message_full_scan,720,720,6.274458647,6.274458612,0.879166667,0.879166667,1,0.134180978,7.686390916,7.736012158,true,none
1784909318.991294622,per_message_full_scan,720,720,6.274458647,6.274458612,0.875000000,0.875000000,1,0.121025920,7.741637195,8.002459354,true,none
1784909319.993057728,per_message_full_scan,720,720,6.274458647,6.274458612,0.880555556,0.880555556,1,0.121203959,7.735576223,7.553693329,true,none
1784909320.990975380,per_message_full_scan,720,720,6.274458647,6.274458612,0.897222222,0.897222222,1,0.121847093,7.750406884,8.136877921,true,none
1784909321.990976334,per_message_full_scan,720,720,6.274458647,6.274458612,0.902777778,0.902777778,1,0.133111298,7.658580517,7.641841245,true,none
1784909322.991014957,per_message_full_scan,720,720,6.274458647,6.274458612,0.905555556,0.905555556,1,0.133075491,7.647478106,7.912574409,true,none
1784909324.002617359,per_message_full_scan,720,720,6.274458647,6.274458612,0.901388889,0.901388889,1,0.133883402,7.602334416,7.527426224,true,none
1784909324.991666317,per_message_full_scan,720,720,6.274458647,6.274458612,0.906944444,0.906944444,1,0.133990347,7.685248856,7.727508844,true,none
1784909325.991396189,per_message_full_scan,720,720,6.274458647,6.274458612,0.919444444,0.919444444,1,0.121279418,7.730686465,7.531797326,true,none
1784909326.991589546,per_message_full_scan,720,720,6.274458647,6.274458612,0.919444444,0.919444444,1,0.120985933,7.726607658,7.719169675,true,none
1784909327.991176128,per_message_full_scan,720,720,6.274458647,6.274458612,0.916666667,0.916666667,1,0.134031028,7.650497973,7.623817628,true,none
1784909328.992657900,per_message_full_scan,720,720,6.274458647,6.274458612,0.901388889,0.901388889,1,0.133031204,7.658677537,7.639300917,true,none
1784909329.991579056,per_message_full_scan,720,720,6.274458647,6.274458612,0.905555556,0.905555556,1,0.133938536,7.666885845,8.065239733,true,none
1784909330.990965843,per_message_full_scan,720,720,6.274458647,6.274458612,0.890277778,0.890277778,1,0.134186223,7.614255187,7.680686440,true,none
1784909331.990972042,per_message_full_scan,720,720,6.274458647,6.274458612,0.913888889,0.913888889,1,0.133128762,7.628324812,8.053328523,true,none
1784909333.004206181,per_message_full_scan,720,720,6.274458647,6.274458612,0.911111111,0.911111111,1,0.134099841,7.652561370,7.601231580,true,none
1784909333.991294146,per_message_full_scan,720,720,6.274458647,6.274458612,0.918055556,0.918055556,1,0.121765457,7.729586167,7.999806137,true,none
1784909334.990931988,per_message_full_scan,720,720,6.274458647,6.274458612,0.920833333,0.920833333,1,0.121800676,7.740042810,7.788836375,true,none
1784909335.996985435,per_message_full_scan,720,720,6.274458647,6.274458612,0.927777778,0.927777778,1,0.133547872,7.615989308,7.922185602,true,none
1784909336.990956783,per_message_full_scan,720,720,6.274458647,6.274458612,0.915277778,0.915277778,1,0.134385154,7.651716488,7.612334408,true,none
1784909337.991317034,per_message_full_scan,720,720,6.274458647,6.274458612,0.915277778,0.915277778,1,0.134509608,7.677174077,8.032716519,true,none
1784909339.022158146,per_message_full_scan,720,720,6.274458647,6.274458612,0.918055556,0.918055556,1,0.120994933,7.706398585,7.583633486,true,none
1784909339.991184950,per_message_full_scan,720,720,6.274458647,6.274458612,0.925000000,0.925000000,1,0.134978801,7.601081018,7.901221164,true,none
1784909340.990985155,per_message_full_scan,720,720,6.274458647,6.274458612,0.920833333,0.920833333,1,0.135514587,7.590565740,7.590165900,true,none
1784909342.008826256,per_message_full_scan,720,720,6.274458647,6.274458612,0.930555556,0.930555556,1,0.133475944,7.637196974,7.756065727,true,none
1784909342.991031885,per_message_full_scan,720,720,6.274458647,6.274458612,0.931944444,0.931944444,1,0.134126946,7.672105161,7.626246664,true,none
1784909343.992052078,per_message_full_scan,720,720,6.274458647,6.274458612,0.926388889,0.926388889,1,0.134055331,7.664438696,7.609965873,true,none
1784909345.005719185,per_message_full_scan,720,720,6.274458647,6.274458612,0.918055556,0.918055556,1,0.134107351,7.672565166,7.878415757,true,none
1784909345.991468430,per_message_full_scan,720,720,6.274458647,6.274458612,0.916666667,0.916666667,1,0.123229399,7.681611194,7.655473687,true,none
1784909346.991298676,per_message_full_scan,720,720,6.274458647,6.274458612,0.941666667,0.941666667,1,0.121709973,7.732437258,7.740120476,true,none
1784909348.023085833,per_message_full_scan,720,720,6.274458647,6.274458612,0.922222222,0.922222222,1,0.121842250,7.728820943,7.621991078,true,none
1784909348.990964413,per_message_full_scan,720,720,6.274458647,6.274458612,0.915277778,0.915277778,1,0.134112969,7.617153870,7.644994685,true,none
1784909349.994467735,per_message_full_scan,720,720,6.274458647,6.274458612,0.888888889,0.888888889,1,0.134351254,7.595966131,7.554078137,true,none
1784909351.012387753,per_message_full_scan,720,720,6.274458647,6.274458612,0.887500000,0.887500000,1,0.134067953,7.617784812,7.746137406,true,none
1784909351.991044521,per_message_full_scan,720,720,6.274458647,6.274458612,0.891666667,0.891666667,1,0.134254873,7.671188948,8.074121354,true,none
1784909352.995257854,per_message_full_scan,720,720,6.274458647,6.274458612,0.894444444,0.894444444,1,0.133906528,7.653977286,7.642933197,true,none
1784909354.008543015,per_message_full_scan,720,720,6.274458647,6.274458612,0.904166667,0.904166667,1,0.133882880,7.660097805,7.958088407,true,none
1784909354.991496563,per_message_full_scan,720,720,6.274458647,6.274458612,0.902777778,0.902777778,1,0.134223342,7.675688512,8.045805322,true,none
1784909355.991296053,per_message_full_scan,720,720,6.274458647,6.274458612,0.913888889,0.913888889,1,0.133880436,7.655245517,7.563507062,true,none
1784909357.005655050,per_message_full_scan,720,720,6.274458647,6.274458612,0.912500000,0.912500000,1,0.134001702,7.634829191,7.831306521,true,none
1784909357.991640091,per_message_full_scan,720,720,6.274458647,6.274458612,0.908333333,0.908333333,1,0.133277923,7.649964185,7.657562259,true,none
1784909358.990988255,per_message_full_scan,720,720,6.274458647,6.274458612,0.918055556,0.918055556,1,0.134253308,7.636213280,7.792178176,true,none
1784909360.022868395,per_message_full_scan,720,720,6.274458647,6.274458612,0.915277778,0.915277778,1,0.133731753,7.630605811,7.664423574,true,none
1784909360.991618395,per_message_full_scan,720,720,6.274458647,6.274458612,0.911111111,0.911111111,1,0.134183526,7.667689217,7.685577958,true,none
1784909361.991460323,per_message_full_scan,720,720,6.274458647,6.274458612,0.913888889,0.913888889,1,0.132825911,7.629976177,7.823043343,true,none
1784909363.009442091,per_message_full_scan,720,720,6.274458647,6.274458612,0.926388889,0.926388889,1,0.131583422,7.644653699,7.621330195,true,none
1784909363.991161346,per_message_full_scan,720,720,6.274458647,6.274458612,0.929166667,0.929166667,1,0.133242965,7.673378762,7.731100339,true,none
1784909364.991578341,per_message_full_scan,720,720,6.274458647,6.274458612,0.936111111,0.936111111,1,0.133724198,7.659984081,8.096823837,true,none
1784909366.006223202,per_message_full_scan,720,720,6.274458647,6.274458612,0.944444444,0.944444444,1,0.134014904,7.635964444,7.651679523,true,none
1784909366.991627693,per_message_full_scan,720,720,6.274458647,6.274458612,0.934722222,0.934722222,1,0.133939639,7.683300484,8.009006758,true,none
1784909367.991241693,per_message_full_scan,720,720,6.274458647,6.274458612,0.933333333,0.933333333,1,0.130778298,7.667003035,7.594151670,true,none
1784909369.003047943,per_message_full_scan,720,720,6.274458647,6.274458612,0.922222222,0.922222222,1,0.134201989,7.637989743,7.612189822,true,none
1784909369.991029263,per_message_full_scan,720,720,6.274458647,6.274458612,0.937500000,0.937500000,1,0.132242590,7.679869172,8.208140874,true,none
1784909370.993063211,per_message_full_scan,720,720,6.274458647,6.274458612,0.943055556,0.943055556,1,0.134214029,7.668835178,7.662656092,true,none
1784909371.991213322,per_message_full_scan,720,720,6.274458647,6.274458612,0.934722222,0.934722222,1,0.133209512,7.667136478,7.977587873,true,none
1784909372.991441488,per_message_full_scan,720,720,6.274458647,6.274458612,0.908333333,0.908333333,1,0.121633589,7.728930903,8.084652260,true,none
1784909373.991053104,per_message_full_scan,720,720,6.274458647,6.274458612,0.926388889,0.926388889,1,0.121807531,7.729750483,7.760344067,true,none
1784909374.992212534,per_message_full_scan,720,720,6.274458647,6.274458612,0.888888889,0.888888889,1,0.117467888,7.745347592,8.133285556,true,none
1784909375.990946770,per_message_full_scan,720,720,6.274458647,6.274458612,0.906944444,0.906944444,1,0.121986091,7.763825202,7.591600102,true,none
1784909376.990951777,per_message_full_scan,720,720,6.274458647,6.274458612,0.919444444,0.919444444,1,0.121826924,7.756137075,7.918829744,true,none
1784909378.003686428,per_message_full_scan,720,720,6.274458647,6.274458612,0.915277778,0.915277778,1,0.121973611,7.733839786,7.591483820,true,none
1784909378.991199255,per_message_full_scan,720,720,6.274458647,6.274458612,0.908333333,0.908333333,1,0.121802032,7.758657166,7.832079848,true,none
1784909379.991017103,per_message_full_scan,720,720,6.274458647,6.274458612,0.895833333,0.895833333,1,0.121501386,7.773223618,8.017252307,true,none
1784909380.993904352,per_message_full_scan,720,720,6.274458647,6.274458612,0.909722222,0.909722222,1,0.133728623,7.706421762,7.678526439,true,none
1784909381.991672993,per_message_full_scan,720,720,6.274458647,6.274458612,0.923611111,0.923611111,1,0.120744906,7.745858098,7.829592938,true,none
1784909382.991853714,per_message_full_scan,720,720,6.274458647,6.274458612,0.915277778,0.915277778,1,0.133078545,7.694096192,7.993569348,true,none
1784909383.991091967,per_message_full_scan,720,720,6.274458647,6.274458612,0.911111111,0.911111111,1,0.134043008,7.669862064,7.681420440,true,none
1784909384.991114140,per_message_full_scan,720,720,6.274458647,6.274458612,0.915277778,0.915277778,1,0.134367630,7.690522553,7.968099331,true,none
1784909385.991065502,per_message_full_scan,720,720,6.274458647,6.274458612,0.919444444,0.919444444,1,0.133983538,7.653627303,7.640768340,true,none
1784909386.991178274,per_message_full_scan,720,720,6.274458647,6.274458612,0.919444444,0.919444444,1,0.133574307,7.633918188,7.825285970,true,none
1784909388.015652418,per_message_full_scan,720,720,6.274458647,6.274458612,0.911111111,0.911111111,1,0.121944614,7.767680940,7.915099953,true,none
1784909388.993143797,per_message_full_scan,720,720,6.274458647,6.274458612,0.916666667,0.916666667,1,0.134024426,7.637085153,7.666191860,true,none
1784909389.992733479,per_message_full_scan,720,720,6.274458647,6.274458612,0.925000000,0.925000000,1,0.121469855,7.742739755,7.621179956,true,none
1784909391.002117157,per_message_full_scan,720,720,6.274458647,6.274458612,0.916666667,0.916666667,1,0.134121507,7.699289921,7.916071598,true,none
1784909391.991257668,per_message_full_scan,720,720,6.274458647,6.274458612,0.913888889,0.913888889,1,0.134010062,7.717375902,7.630159793,true,none
1784909392.990995646,per_message_full_scan,720,720,6.274458647,6.274458612,0.909722222,0.909722222,1,0.134065151,7.669870235,7.783243394,true,none
1784909393.995263577,per_message_full_scan,720,720,6.274458647,6.274458612,0.920833333,0.920833333,1,0.130538374,7.624071969,8.036383623,true,none
1784909394.991043806,per_message_full_scan,720,720,6.274458647,6.274458612,0.906944444,0.906944444,1,0.133403987,7.673519128,7.680114515,true,none
1784909395.991042137,per_message_full_scan,720,720,6.274458647,6.274458612,0.920833333,0.920833333,1,0.134191856,7.638176903,7.765805971,true,none
1784909396.991217375,per_message_full_scan,720,720,6.274458647,6.274458612,0.908333333,0.908333333,1,0.121652842,7.766691620,8.102321364,true,none
1784909397.990947247,per_message_full_scan,720,720,6.274458647,6.274458612,0.901388889,0.901388889,1,0.134218931,7.640584517,7.636949412,true,none
1784909398.990978479,per_message_full_scan,720,720,6.274458647,6.274458612,0.912500000,0.912500000,1,0.119245403,7.790371009,7.801115407,true,none
1784909399.991004229,per_message_full_scan,720,720,6.274458647,6.274458612,0.922222222,0.922222222,1,0.120216511,7.757128337,8.279799954,true,none
1784909400.991030693,per_message_full_scan,720,720,6.274458647,6.274458612,0.909722222,0.909722222,1,0.121680923,7.773539084,7.624529990,true,none
1784909401.992480993,per_message_full_scan,720,720,6.274458647,6.274458612,0.911111111,0.911111111,1,0.121819697,7.742727204,7.850890539,true,none
1784909402.997875929,per_message_full_scan,720,720,6.274458647,6.274458612,0.911111111,0.911111111,1,0.134093791,7.695436026,7.675160648,true,none
1784909403.990983009,per_message_full_scan,720,720,6.274458647,6.274458612,0.912500000,0.912500000,1,0.134174541,7.713338372,7.712423820,true,none
1784909404.992075920,per_message_full_scan,720,720,6.274458647,6.274458612,0.911111111,0.911111111,1,0.134006560,7.702693087,7.819549057,true,none
1784909405.991063356,per_message_full_scan,720,720,6.274458647,6.274458612,0.913888889,0.913888889,1,0.134639099,7.634472448,7.687162873,true,none
1784909407.016301394,per_message_full_scan,720,720,6.274458647,6.274458612,0.911111111,0.911111111,1,0.121940076,7.773978905,7.739468427,true,none
1784909407.991052628,per_message_full_scan,720,720,6.274458647,6.274458612,0.915277778,0.915277778,1,0.134162575,7.639811117,8.192614696,true,none
1784909408.991161823,per_message_full_scan,720,720,6.274458647,6.274458612,0.915277778,0.915277778,1,0.121755503,7.760570152,8.239788984,true,none
1784909410.013512135,per_message_full_scan,720,720,6.274458647,6.274458612,0.922222222,0.922222222,1,0.121861652,7.752865556,7.801856831,true,none
1784909410.991056442,per_message_full_scan,720,720,6.274458647,6.274458612,0.916666667,0.916666667,1,0.121717110,7.765746304,8.013164289,true,none
1784909411.990933657,per_message_full_scan,720,720,6.274458647,6.274458612,0.925000000,0.925000000,1,0.133625448,7.693276857,7.678783162,true,none
1784909412.999993563,per_message_full_scan,720,720,6.274458647,6.274458612,0.908333333,0.908333333,1,0.131683871,7.670094515,7.773813496,true,none
1784909413.991227150,per_message_full_scan,720,720,6.274458647,6.274458612,0.916666667,0.916666667,1,0.134046271,7.699515442,7.693118393,true,none
1784909414.990994215,per_message_full_scan,720,720,6.274458647,6.274458612,0.922222222,0.922222222,1,0.132951304,7.668205147,7.626913940,true,none
1784909415.996390820,per_message_full_scan,720,720,6.274458647,6.274458612,0.901388889,0.901388889,1,0.134069577,7.634380871,7.824567020,true,none
1784909416.993103981,per_message_full_scan,720,720,6.274458647,6.274458612,0.895833333,0.895833333,1,0.134072646,7.642998155,7.666935745,true,none
1784909417.993171930,per_message_full_scan,720,720,6.274458647,6.274458612,0.900000000,0.900000000,1,0.134114847,7.620055636,7.618603534,true,none
1784909418.993115187,per_message_full_scan,720,720,6.274458647,6.274458612,0.902777778,0.902777778,1,0.121130213,7.771217777,7.838111261,true,none
1784909419.991041899,per_message_full_scan,720,720,6.274458647,6.274458612,0.895833333,0.895833333,1,0.134043738,7.638619697,7.652711820,true,none
1784909420.991075039,per_message_full_scan,720,720,6.274458647,6.274458612,0.900000000,0.900000000,1,0.121336117,7.759916023,7.669591130,true,none
1784909421.991974115,per_message_full_scan,720,720,6.274458647,6.274458612,0.908333333,0.908333333,1,0.121483468,7.749391727,8.142963403,true,none
1784909422.991565466,per_message_full_scan,720,720,6.274458647,6.274458612,0.898611111,0.898611111,1,0.131124556,7.645536326,7.613847772,true,none
1784909423.990970373,per_message_full_scan,720,720,6.274458647,6.274458612,0.908333333,0.908333333,1,0.121851951,7.772266253,7.779332855,true,none
1784909425.005850077,per_message_full_scan,720,720,6.274458647,6.274458612,0.900000000,0.900000000,1,0.121734768,7.729419807,7.584257681,true,none
1784909425.991967678,per_message_full_scan,720,720,6.274458647,6.274458612,0.919444444,0.919444444,1,0.121836476,7.765270735,7.657175557,true,none
1784909426.991045237,per_message_full_scan,720,720,6.274458647,6.274458612,0.905555556,0.905555556,1,0.121642366,7.740604168,8.112542742,true,none
1784909427.993282318,per_message_full_scan,720,720,6.274458647,6.274458612,0.908333333,0.908333333,1,0.134135216,7.712513754,7.738191570,true,none
1784909428.992306709,per_message_full_scan,720,720,6.274458647,6.274458612,0.897222222,0.897222222,1,0.121489957,7.766207631,7.824215137,true,none
1784909429.991036177,per_message_full_scan,720,720,6.274458647,6.274458612,0.890277778,0.890277778,1,0.134118497,7.702456254,7.918413948,true,none
1784909430.991329432,per_message_full_scan,720,720,6.274458647,6.274458612,0.901388889,0.901388889,1,0.133944333,7.665325706,7.662789163,true,none
1784909431.991423845,per_message_full_scan,720,720,6.274458647,6.274458612,0.918055556,0.918055556,1,0.121602587,7.729908090,7.772495555,true,none
1784909432.991765499,per_message_full_scan,720,720,6.274458647,6.274458612,0.911111111,0.911111111,1,0.133836851,7.764551684,8.119520982,true,none
1784909433.991015911,per_message_full_scan,720,720,6.274458647,6.274458612,0.909722222,0.909722222,1,0.135045558,7.662961272,7.745480157,true,none
1784909435.009456635,per_message_full_scan,720,720,6.274458647,6.274458612,0.913888889,0.913888889,1,0.134076878,7.688292227,7.899317168,true,none
1784909435.992264032,per_message_full_scan,720,720,6.274458647,6.274458612,0.901388889,0.901388889,1,0.122777350,7.692422664,7.655765484,true,none
1784909436.991699219,per_message_full_scan,720,720,6.274458647,6.274458612,0.905555556,0.905555556,1,0.121718317,7.695653774,7.749285276,true,none
1784909437.996479511,per_message_full_scan,720,720,6.274458647,6.274458612,0.894444444,0.894444444,1,0.121807389,7.728424013,8.048465031,true,none
1784909438.991057634,per_message_full_scan,720,720,6.274458647,6.274458612,0.898611111,0.898611111,1,0.122059368,7.740257910,7.739656837,true,none
1784909439.990976095,per_message_full_scan,720,720,6.274458647,6.274458612,0.900000000,0.900000000,1,0.121488683,7.736707328,8.141572097,true,none
1784909441.024339199,per_message_full_scan,720,720,6.274458647,6.274458612,0.887500000,0.887500000,1,0.121057019,7.729814829,7.682789953,true,none
1784909441.991777420,per_message_full_scan,720,720,6.274458647,6.274458612,0.893055556,0.893055556,1,0.121662743,7.762116452,7.880590393,true,none
1784909442.992771626,per_message_full_scan,720,720,6.274458647,6.274458612,0.883333333,0.883333333,1,0.121364743,7.728481311,7.993946495,true,none
1784909444.009469032,per_message_full_scan,720,720,6.274458647,6.274458612,0.895833333,0.895833333,1,0.130213171,7.694969236,7.692192084,true,none
1784909444.991144896,per_message_full_scan,720,720,6.274458647,6.274458612,0.879166667,0.879166667,1,0.121740617,7.742171074,8.004440906,true,none
1784909445.992773533,per_message_full_scan,720,720,6.274458647,6.274458612,0.890277778,0.890277778,1,0.132661954,7.695808661,7.671282347,true,none
1784909447.006680727,per_message_full_scan,720,720,6.274458647,6.274458612,0.880555556,0.880555556,1,0.134164169,7.670470334,7.658889358,true,none
1784909447.992305756,per_message_full_scan,720,720,6.274458647,6.274458612,0.866666667,0.866666667,1,0.121069819,7.730038103,8.051379440,true,none
1784909448.991050482,per_message_full_scan,720,720,6.274458647,6.274458612,0.865277778,0.865277778,1,0.131205723,7.692138316,7.581448506,true,none
1784909449.995290041,per_message_full_scan,720,720,6.274458647,6.274458612,0.876388889,0.876388889,1,0.133763716,7.671991402,7.757456402,true,none
1784909450.990968227,per_message_full_scan,720,720,6.274458647,6.274458612,0.873611111,0.873611111,1,0.133166596,7.692581036,7.664200752,true,none
1784909451.991345882,per_message_full_scan,720,720,6.274458647,6.274458612,0.881944444,0.881944444,1,0.133340538,7.673620337,7.632870250,true,none
1784909453.020741940,per_message_full_scan,720,720,6.274458647,6.274458612,0.880555556,0.880555556,1,0.133615002,7.667676055,7.599951123,true,none
1784909453.991061687,per_message_full_scan,720,720,6.274458647,6.274458612,0.877777778,0.877777778,1,0.134104460,7.685796493,7.640422994,true,none
1784909454.991968393,per_message_full_scan,720,720,6.274458647,6.274458612,0.888888889,0.888888889,1,0.134166732,7.687113374,7.889865438,true,none
1784909456.008209229,per_message_full_scan,720,720,6.274458647,6.274458612,0.883333333,0.883333333,1,0.134079993,7.658499946,7.687109645,true,none
1784909456.992451429,per_message_full_scan,720,720,6.274458647,6.274458612,0.886111111,0.886111111,1,0.122173660,7.726994211,7.737535215,true,none
1784909457.992749929,per_message_full_scan,720,720,6.274458647,6.274458612,0.904166667,0.904166667,1,0.120116420,7.732792369,8.152054663,true,none
1784909459.004509449,per_message_full_scan,720,720,6.274458647,6.274458612,0.887500000,0.887500000,1,0.121827848,7.715046734,7.606245199,true,none
1784909459.991318464,per_message_full_scan,720,720,6.274458647,6.274458612,0.859722222,0.859722222,1,0.134238556,7.611653342,7.856599581,true,none
1784909460.991094589,per_message_full_scan,720,720,6.274458647,6.274458612,0.806944444,0.806944444,1,0.120035678,7.768121702,7.660365384,true,none
1784909461.993677139,per_message_full_scan,720,720,6.274458647,6.274458612,0.886111111,0.886111111,1,0.121661425,7.743608361,7.674924724,true,none
1784909462.990981817,per_message_full_scan,720,720,6.274458647,6.274458612,0.897222222,0.897222222,1,0.120878071,7.769711031,8.054118712,true,none
1784909463.992833138,per_message_full_scan,720,720,6.274458647,6.274458612,0.893055556,0.893055556,1,0.121038459,7.767509072,7.623797340,true,none
1784909464.991028070,per_message_full_scan,720,720,6.274458647,6.274458612,0.906944444,0.906944444,1,0.121227421,7.761406492,7.777364242,true,none
1784909465.990936756,per_message_full_scan,720,720,6.274458647,6.274458612,0.894444444,0.894444444,1,0.134486407,7.624856795,7.527485618,true,none
1784909466.990943193,per_message_full_scan,720,720,6.274458647,6.274458612,0.894444444,0.894444444,1,0.133040681,7.632705641,7.766743315,true,none
1784909467.991053581,per_message_full_scan,720,720,6.274458647,6.274458612,0.901388889,0.901388889,1,0.120999724,7.764622323,8.151694223,true,none
1784909468.992511272,per_message_full_scan,720,720,6.274458647,6.274458612,0.890277778,0.890277778,1,0.134457827,7.652959598,7.666371976,true,none
1784909469.990945816,per_message_full_scan,720,720,6.274458647,6.274458612,0.890277778,0.890277778,1,0.134089112,7.634771197,7.775109516,true,none
1784909470.991202354,per_message_full_scan,720,720,6.274458647,6.274458612,0.891666667,0.891666667,1,0.120456703,7.769709345,7.983430281,true,none
1784909471.992682695,per_message_full_scan,720,720,6.274458647,6.274458612,0.893055556,0.893055556,1,0.134118706,7.664246578,7.679550538,true,none
1784909472.991533041,per_message_full_scan,720,720,6.274458647,6.274458612,0.901388889,0.901388889,1,0.134357691,7.626682471,7.921639877,true,none
1784909473.990968943,per_message_full_scan,720,720,6.274458647,6.274458612,0.876388889,0.876388889,1,0.122026876,7.762443674,7.600351143,true,none
1784909475.024412394,per_message_full_scan,720,720,6.274458647,6.274458612,0.880555556,0.880555556,1,0.121271744,7.727425343,7.786556647,true,none
1784909475.990973473,per_message_full_scan,720,720,6.274458647,6.274458612,0.881944444,0.881944444,1,0.134029686,7.621339945,7.546431694,true,none
1784909476.991886854,per_message_full_scan,720,720,6.274458647,6.274458612,0.884722222,0.884722222,1,0.121854156,7.747317174,7.639428362,true,none
1784909478.009222507,per_message_full_scan,720,720,6.274458647,6.274458612,0.880555556,0.880555556,1,0.121744968,7.762106875,7.976928727,true,none
1784909478.991149664,per_message_full_scan,720,720,6.274458647,6.274458612,0.880555556,0.880555556,1,0.133996025,7.634198252,7.604169227,true,none
1784909479.990984201,per_message_full_scan,720,720,6.274458647,6.274458612,0.875000000,0.875000000,1,0.121808767,7.727583547,7.643692153,true,none
1784909481.005852461,per_message_full_scan,720,720,6.274458647,6.274458612,0.880555556,0.880555556,1,0.121883690,7.734885410,7.892528881,true,none
1784909481.990952015,per_message_full_scan,720,720,6.274458647,6.274458612,0.898611111,0.898611111,1,0.134071782,7.632436438,7.714850934,true,none
1784909482.991219759,per_message_full_scan,720,720,6.274458647,6.274458612,0.884722222,0.884722222,1,0.133239284,7.616029707,7.800592672,true,none
1784909483.991881132,per_message_full_scan,720,720,6.274458647,6.274458612,0.897222222,0.897222222,1,0.135150164,7.653732009,7.612155732,true,none
1784909484.990980387,per_message_full_scan,720,720,6.274458647,6.274458612,0.900000000,0.900000000,1,0.134081855,7.659786959,7.939057651,true,none
1784909485.990945816,per_message_full_scan,720,720,6.274458647,6.274458612,0.893055556,0.893055556,1,0.134165332,7.667828423,7.594207809,true,none
1784909487.022579908,per_message_full_scan,720,720,6.274458647,6.274458612,0.897222222,0.897222222,1,0.134072691,7.664765126,7.622958999,true,none
1784909487.991160393,per_message_full_scan,720,720,6.274458647,6.274458612,0.888888889,0.888888889,1,0.121762730,7.737841498,8.031175832,true,none
1784909488.990959883,per_message_full_scan,720,720,6.274458647,6.274458612,0.901388889,0.901388889,1,0.121491417,7.704638521,7.754994610,true,none
1784909490.008378029,per_message_full_scan,720,720,6.274458647,6.274458612,0.895833333,0.895833333,1,0.121622384,7.723098588,7.815564788,true,none
1784909490.990967989,per_message_full_scan,720,720,6.274458647,6.274458612,0.894444444,0.894444444,1,0.121837065,7.754059183,8.053318452,true,none
1784909491.990961313,per_message_full_scan,720,720,6.274458647,6.274458612,0.897222222,0.897222222,1,0.121842109,7.722213286,7.679311357,true,none
1784909492.995828390,per_message_full_scan,720,720,6.274458647,6.274458612,0.894444444,0.894444444,1,0.134090409,7.693245462,8.058669152,true,none
1784909493.991176367,per_message_full_scan,720,720,6.274458647,6.274458612,0.904166667,0.904166667,1,0.121863514,7.727439555,7.577307586,true,none
1784909494.990985155,per_message_full_scan,720,720,6.274458647,6.274458612,0.897222222,0.897222222,1,0.134036809,7.695796257,7.858620265,true,none
1784909496.022937775,per_message_full_scan,720,720,6.274458647,6.274458612,0.884722222,0.884722222,1,0.133913383,7.674013594,7.782634398,true,none
1784909496.991191626,per_message_full_scan,720,720,6.274458647,6.274458612,0.883333333,0.883333333,1,0.121740587,7.713559363,7.741945203,true,none
1784909497.992663145,per_message_full_scan,720,720,6.274458647,6.274458612,0.916666667,0.916666667,1,0.134148553,7.684587722,7.817841353,true,none
1784909499.019205093,per_message_full_scan,720,720,6.274458647,6.274458612,0.901388889,0.901388889,1,0.132725000,7.687906923,7.554774179,true,none
1784909499.990994453,per_message_full_scan,720,720,6.274458647,6.274458612,0.897222222,0.897222222,1,0.121666633,7.736313441,7.699719920,true,none
1784909500.991070986,per_message_full_scan,720,720,6.274458647,6.274458612,0.904166667,0.904166667,1,0.133116096,7.692690663,7.882945078,true,none
1784909502.006051540,per_message_full_scan,720,720,6.274458647,6.274458612,0.881944444,0.881944444,1,0.134177357,7.668160850,7.675156836,true,none
1784909502.991055727,per_message_full_scan,720,720,6.274458647,6.274458612,0.883333333,0.883333333,1,0.120849594,7.735852497,8.051078776,true,none
1784909503.990990162,per_message_full_scan,720,720,6.274458647,6.274458612,0.879166667,0.879166667,1,0.132517844,7.695033534,8.070872958,true,none
1784909505.006382227,per_message_full_scan,720,720,6.274458647,6.274458612,0.872222222,0.872222222,1,0.134092703,7.661451863,7.628349605,true,none
1784909505.991766214,per_message_full_scan,720,720,6.274458647,6.274458612,0.869444444,0.869444444,1,0.133374780,7.695336324,8.090600801,true,none
1784909506.990989923,per_message_full_scan,720,720,6.274458647,6.274458612,0.890277778,0.890277778,1,0.131668285,7.665201172,7.552337777,true,none
1784909507.992584944,per_message_full_scan,720,720,6.274458647,6.274458612,0.868055556,0.868055556,1,0.134137779,7.666190862,7.705823342,true,none
1784909508.990963936,per_message_full_scan,720,720,6.274458647,6.274458612,0.909722222,0.909722222,1,0.121549711,7.720557479,7.510168148,true,none
1784909509.990993261,per_message_full_scan,720,720,6.274458647,6.274458612,0.904166667,0.904166667,1,0.134234741,7.690608380,7.627292666,true,none
1784909511.016753197,per_message_full_scan,720,720,6.274458647,6.274458612,0.919444444,0.919444444,1,0.134113014,7.668900551,7.703937892,true,none
1784909511.991633177,per_message_full_scan,720,720,6.274458647,6.274458612,0.922222222,0.922222222,1,0.121777356,7.717392607,8.130833494,true,none
1784909512.991775990,per_message_full_scan,720,720,6.274458647,6.274458612,0.922222222,0.922222222,1,0.133972421,7.692108631,7.861433224,true,none
1784909513.990960836,per_message_full_scan,720,720,6.274458647,6.274458612,0.906944444,0.906944444,1,0.121800490,7.783195341,8.314642233,true,none
1784909514.990988493,per_message_full_scan,720,720,6.274458647,6.274458612,0.911111111,0.911111111,1,0.134049430,7.636847061,7.692390456,true,none
1784909515.991854906,per_message_full_scan,720,720,6.274458647,6.274458612,0.902777778,0.902777778,1,0.121735342,7.759301428,7.675533913,true,none
1784909516.991009235,per_message_full_scan,720,720,6.274458647,6.274458612,0.897222222,0.897222222,1,0.121604487,7.742441181,8.013586793,true,none
1784909517.991090775,per_message_full_scan,720,720,6.274458647,6.274458612,0.904166667,0.904166667,1,0.121856377,7.750583334,7.613139574,true,none
1784909518.992514610,per_message_full_scan,720,720,6.274458647,6.274458612,0.902777778,0.902777778,1,0.121332489,7.744215596,7.809391092,true,none
1784909519.991760492,per_message_full_scan,720,720,6.274458647,6.274458612,0.897222222,0.897222222,1,0.136964425,7.660390306,8.112375315,true,none
1784909521.018759727,per_message_full_scan,720,720,6.274458647,6.274458612,0.938888889,0.938888889,1,0.134112626,7.674349038,7.704960765,true,none
1784909521.991057873,per_message_full_scan,720,720,6.274458647,6.274458612,0.926388889,0.926388889,1,0.134266868,7.688949400,7.945971808,true,none
1784909522.991057396,per_message_full_scan,720,720,6.274458647,6.274458612,0.904166667,0.904166667,1,0.121883363,7.771749288,8.062995174,true,none
1784909524.015630484,per_message_full_scan,720,720,6.274458647,6.274458612,0.886111111,0.886111111,1,0.121538050,7.740071813,7.570138297,true,none
1784909524.990964174,per_message_full_scan,720,720,6.274458647,6.274458612,0.890277778,0.890277778,1,0.121876441,7.764449219,7.985187993,true,none
1784909525.990991831,per_message_full_scan,720,720,6.274458647,6.274458612,0.893055556,0.893055556,1,0.120870940,7.737551371,8.140295125,true,none
1784909527.009686470,per_message_full_scan,720,720,6.274458647,6.274458612,0.900000000,0.900000000,1,0.133215740,7.677153412,7.599405183,true,none
1784909527.991062164,per_message_full_scan,720,720,6.274458647,6.274458612,0.890277778,0.890277778,1,0.131788477,7.694332067,7.863698568,true,none
1784909528.991077900,per_message_full_scan,720,720,6.274458647,6.274458612,0.897222222,0.897222222,1,0.134290874,7.638796110,7.572984162,true,none
1784909529.997142553,per_message_full_scan,720,720,6.274458647,6.274458612,0.902777778,0.902777778,1,0.121650569,7.759879909,7.614456161,true,none
1784909530.991039515,per_message_full_scan,720,720,6.274458647,6.274458612,0.895833333,0.895833333,1,0.134275809,7.633615433,7.700403426,true,none
1784909531.991089344,per_message_full_scan,720,720,6.274458647,6.274458612,0.897222222,0.897222222,1,0.121607684,7.761467412,7.534488996,true,none
1784909532.991008759,per_message_full_scan,720,720,6.274458647,6.274458612,0.887500000,0.887500000,1,0.133217096,7.681133996,7.656840137,true,none
1784909533.991191864,per_message_full_scan,720,720,6.274458647,6.274458612,0.898611111,0.898611111,1,0.134050861,7.715916978,7.837722032,true,none
1784909534.992115736,per_message_full_scan,720,720,6.274458647,6.274458612,0.886111111,0.886111111,1,0.134045184,7.685396054,7.680838268,true,none
1784909535.991184950,per_message_full_scan,720,720,6.274458647,6.274458612,0.894444444,0.894444444,1,0.122503944,7.759576371,7.627176922,true,none
1784909537.009626150,per_message_full_scan,720,720,6.274458647,6.274458612,0.890277778,0.890277778,1,0.121772483,7.742533486,7.795146594,true,none
1784909537.991083622,per_message_full_scan,720,720,6.274458647,6.274458612,0.887500000,0.887500000,1,0.121726096,7.766991569,8.029609448,true,none
1784909538.991601944,per_message_full_scan,720,720,6.274458647,6.274458612,0.887500000,0.887500000,1,0.134250745,7.679730218,7.674771905,true,none
1784909540.006568432,per_message_full_scan,720,720,6.274458647,6.274458612,0.856944444,0.856944444,1,0.134210661,7.648431051,7.662585368,true,none
1784909540.991496801,per_message_full_scan,720,720,6.274458647,6.274458612,0.898611111,0.898611111,1,0.134093851,7.679381580,8.104955994,true,none
1784909541.990967989,per_message_full_scan,720,720,6.274458647,6.274458612,0.888888889,0.888888889,1,0.119854651,7.792117333,8.117591592,true,none
1784909542.993217468,per_message_full_scan,720,720,6.274458647,6.274458612,0.900000000,0.900000000,1,0.134115130,7.712254110,7.746526960,true,none
1784909543.991269588,per_message_full_scan,720,720,6.274458647,6.274458612,0.901388889,0.901388889,1,0.121779911,7.746798054,8.024297953,true,none
1784909544.991169453,per_message_full_scan,720,720,6.274458647,6.274458612,0.895833333,0.895833333,1,0.133287951,7.682146277,7.565711714,true,none
1784909545.991807222,per_message_full_scan,720,720,6.274458647,6.274458612,0.890277778,0.890277778,1,0.134211406,7.644945677,7.833190785,true,none
1784909547.009526253,per_message_full_scan,720,720,6.274458647,6.274458612,0.897222222,0.897222222,1,0.121971652,7.752554256,8.169187700,true,none
1784909547.991997242,per_message_full_scan,720,720,6.274458647,6.274458612,0.897222222,0.897222222,1,0.120995410,7.744705429,7.667112486,true,none
1784909548.990957975,per_message_full_scan,720,720,6.274458647,6.274458612,0.894444444,0.894444444,1,0.134208217,7.676756098,7.636315220,true,none
1784909550.007266998,per_message_full_scan,720,720,6.274458647,6.274458612,0.887500000,0.887500000,1,0.134072915,7.647712636,7.859754861,true,none
1784909550.990947247,per_message_full_scan,720,720,6.274458647,6.274458612,0.897222222,0.897222222,1,0.135269850,7.615872153,7.647174002,true,none
1784909551.990948677,per_message_full_scan,720,720,6.274458647,6.274458612,0.897222222,0.897222222,1,0.121735789,7.757458855,7.717109958,true,none
1784909552.995415449,per_message_full_scan,720,720,6.274458647,6.274458612,0.894444444,0.894444444,1,0.134059787,7.695748348,7.814861322,true,none
1784909553.991058826,per_message_full_scan,720,720,6.274458647,6.274458612,0.904166667,0.904166667,1,0.121544197,7.723572244,7.634517216,true,none
1784909554.991038322,per_message_full_scan,720,720,6.274458647,6.274458612,0.897222222,0.897222222,1,0.134215742,7.676723917,7.628241287,true,none
1784909555.991080999,per_message_full_scan,720,720,6.274458647,6.274458612,0.900000000,0.900000000,1,0.121738493,7.777828447,7.802541273,true,none
1784909556.991083145,per_message_full_scan,720,720,6.274458647,6.274458612,0.898611111,0.898611111,1,0.134447500,7.635162766,7.643228189,true,none
1784909557.990954161,per_message_full_scan,720,720,6.274458647,6.274458612,0.897222222,0.897222222,1,0.121027753,7.760109914,7.625380296,true,none
1784909558.992946148,per_message_full_scan,720,720,6.274458647,6.274458612,0.897222222,0.897222222,1,0.134165719,7.710009049,7.759263860,true,none
1784909559.991914511,per_message_full_scan,720,720,6.274458647,6.274458612,0.881944444,0.881944444,1,0.134145498,7.714981207,7.701965737,true,none
1784909560.991051435,per_message_full_scan,720,720,6.274458647,6.274458612,0.900000000,0.900000000,1,0.134189993,7.672332744,7.729364975,true,none
1784909561.992286921,per_message_full_scan,720,720,6.274458647,6.274458612,0.895833333,0.895833333,1,0.134253070,7.633560196,7.803452156,true,none
1784909562.992844820,per_message_full_scan,720,720,6.274458647,6.274458612,0.904166667,0.904166667,1,0.121815071,7.764506736,8.265226221,true,none
1784909563.990953207,per_message_full_scan,720,720,6.274458647,6.274458612,0.886111111,0.886111111,1,0.121784531,7.757525338,7.615210172,true,none
1784909564.992006540,per_message_full_scan,720,720,6.274458647,6.274458612,0.893055556,0.893055556,1,0.121831827,7.733707928,7.797221963,true,none
1784909566.018410921,per_message_full_scan,720,720,6.274458647,6.274458612,0.898611111,0.898611111,1,0.131471574,7.679725909,7.664869424,true,none
1784909566.991038561,per_message_full_scan,720,720,6.274458647,6.274458612,0.897222222,0.897222222,1,0.134062663,7.684302210,7.690163605,true,none
1784909567.991018534,per_message_full_scan,720,720,6.274458647,6.274458612,0.900000000,0.900000000,1,0.133827209,7.642590238,7.731453709,true,none
1784909568.991031885,per_message_full_scan,720,720,6.274458647,6.274458612,0.901388889,0.901388889,1,0.121769965,7.751211918,8.140485275,true,none
1784909569.991924763,per_message_full_scan,720,720,6.274458647,6.274458612,0.894444444,0.894444444,1,0.120670959,7.749909703,7.613957786,true,none
1784909570.992574453,per_message_full_scan,720,720,6.274458647,6.274458612,0.897222222,0.897222222,1,0.134196445,7.691918723,7.911988914,true,none
1784909572.008948326,per_message_full_scan,720,720,6.274458647,6.274458612,0.906944444,0.906944444,1,0.132714406,7.647946694,7.568433319,true,none
1784909573.001292944,per_message_full_scan,720,720,6.274458647,6.274458612,0.902777778,0.902777778,1,0.121511817,7.767975698,8.286365567,true,none
1784909573.991205692,per_message_full_scan,720,720,6.274458647,6.274458612,0.904166667,0.904166667,1,0.121869408,7.757493860,7.820299306,true,none
1784909574.991049290,per_message_full_scan,720,720,6.274458647,6.274458612,0.901388889,0.901388889,1,0.121801592,7.733588078,8.152572496,true,none
1784909576.030475616,per_message_full_scan,720,720,6.274458647,6.274458612,0.898611111,0.898611111,1,0.133428395,7.673729862,7.641967320,true,none
1784909576.991038561,per_message_full_scan,720,720,6.274458647,6.274458612,0.883333333,0.883333333,1,0.134591445,7.686142044,7.780557194,true,none
1784909577.991129637,per_message_full_scan,720,720,6.274458647,6.274458612,0.893055556,0.893055556,1,0.134126291,7.644012307,7.915993398,true,none
1784909579.013568878,per_message_full_scan,720,720,6.274458647,6.274458612,0.891666667,0.891666667,1,0.121937983,7.754513781,7.612446876,true,none
1784909579.991128206,per_message_full_scan,720,720,6.274458647,6.274458612,0.895833333,0.895833333,1,0.122007042,7.755793486,7.696208721,true,none
1784909580.990993977,per_message_full_scan,720,720,6.274458647,6.274458612,0.895833333,0.895833333,1,0.134288192,7.694877431,7.784295214,true,none
1784909582.009516716,per_message_full_scan,720,720,6.274458647,6.274458612,0.901388889,0.901388889,1,0.133723497,7.666375164,7.640048736,true,none
1784909582.990963936,per_message_full_scan,720,720,6.274458647,6.274458612,0.888888889,0.888888889,1,0.133848682,7.284281232,7.230565362,true,none
1784909583.991073847,per_message_full_scan,720,720,6.274458647,6.274458612,0.902777778,0.902777778,1,0.121679597,7.731743327,7.725555540,true,none
1784909584.991376162,per_message_full_scan,720,720,6.274458647,6.274458612,0.905555556,0.905555556,1,0.121714674,7.730579413,8.054621692,true,none
1784909585.991096973,per_message_full_scan,720,720,6.274458647,6.274458612,0.890277778,0.890277778,1,0.122003525,7.760204663,7.651875694,true,none
1784909586.993041992,per_message_full_scan,720,720,6.274458647,6.274458612,0.902777778,0.902777778,1,0.134120718,7.698128660,7.802257367,true,none
1784909587.991490126,per_message_full_scan,720,720,6.274458647,6.274458612,0.894444444,0.894444444,1,0.133567140,7.644486262,7.639905062,true,none
1784909589.022690296,per_message_full_scan,720,720,6.274458647,6.274458612,0.902777778,0.902777778,1,0.121873058,7.748567358,7.632035895,true,none
1784909589.990983009,per_message_full_scan,720,720,6.274458647,6.274458612,0.897222222,0.897222222,1,0.121801861,7.771768359,7.791586378,true,none
1784909590.991880417,per_message_full_scan,720,720,6.274458647,6.274458612,0.897222222,0.897222222,1,0.134175465,7.701193981,8.045720372,true,none
1784909592.009183407,per_message_full_scan,720,720,6.274458647,6.274458612,0.909722222,0.909722222,1,0.133719072,7.676085214,7.741114261,true,none
1784909592.991041899,per_message_full_scan,720,720,6.274458647,6.274458612,0.895833333,0.895833333,1,0.134151012,7.698514643,7.895900024,true,none
1784909593.991053581,per_message_full_scan,720,720,6.274458647,6.274458612,0.897222222,0.897222222,1,0.121067047,7.791562761,8.037278106,true,none
1784909595.003601074,per_message_full_scan,720,720,6.274458647,6.274458612,0.894444444,0.894444444,1,0.121814013,7.741200820,7.610305844,true,none
1784909595.992392778,per_message_full_scan,720,720,6.274458647,6.274458612,0.894444444,0.894444444,1,0.121747047,7.749960041,7.707110393,true,none
1784909596.991220951,per_message_full_scan,720,720,6.274458647,6.274458612,0.895833333,0.895833333,1,0.133989125,7.695002150,7.934937982,true,none
1784909597.991475105,per_message_full_scan,720,720,6.274458647,6.274458612,0.893055556,0.893055556,1,0.133028135,7.641832164,7.673486230,true,none
1784909598.991205931,per_message_full_scan,720,720,6.274458647,6.274458612,0.901388889,0.901388889,1,0.134039015,7.653890953,7.804960227,true,none
1784909599.991533518,per_message_full_scan,720,720,6.274458647,6.274458612,0.895833333,0.895833333,1,0.121735089,7.769892874,8.166550323,true,none
1784909600.991081715,per_message_full_scan,720,720,6.274458647,6.274458612,0.897222222,0.897222222,1,0.134315282,7.707790625,7.669794981,true,none
1784909602.019547939,per_message_full_scan,720,720,6.274458647,6.274458612,0.890277778,0.890277778,1,0.134124607,7.670475005,7.632246345,true,none
1784909602.991472483,per_message_full_scan,720,720,6.274458647,6.274458612,0.894444444,0.894444444,1,0.133760124,7.677155777,8.021955126,true,none
1784909603.990952015,per_message_full_scan,720,720,6.274458647,6.274458612,0.908333333,0.908333333,1,0.134948686,7.600277568,7.659982287,true,none
1784909605.004295349,per_message_full_scan,720,720,6.274458647,6.274458612,0.897222222,0.897222222,1,0.119866513,7.753428962,7.760092773,true,none
1784909605.991028547,per_message_full_scan,720,720,6.274458647,6.274458612,0.902777778,0.902777778,1,0.121970512,7.768648635,8.275369989,true,none
1784909606.991093159,per_message_full_scan,720,720,6.274458647,6.274458612,0.900000000,0.900000000,1,0.134173393,7.696311159,8.120044465,true,none
1784909608.000693321,per_message_full_scan,720,720,6.274458647,6.274458612,0.897222222,0.897222222,1,0.133550018,7.668903305,7.635196036,true,none
1784909608.991536379,per_message_full_scan,720,720,6.274458647,6.274458612,0.902777778,0.902777778,1,0.132829964,7.674224861,7.848071385,true,none
1784909609.990992308,per_message_full_scan,720,720,6.274458647,6.274458612,0.891666667,0.891666667,1,0.121852830,7.786355079,8.007600567,true,none
1784909610.991186857,per_message_full_scan,720,720,6.274458647,6.274458612,0.894444444,0.894444444,1,0.121991940,7.730432153,7.672123426,true,none
1784909611.991273403,per_message_full_scan,720,720,6.274458647,6.274458612,0.901388889,0.901388889,1,0.122062311,7.766671324,7.898052213,true,none
1784909612.992014408,per_message_full_scan,720,720,6.274458647,6.274458612,0.900000000,0.900000000,1,0.134224176,7.699517996,8.076184994,true,none
1784909613.991064548,per_message_full_scan,720,720,6.274458647,6.274458612,0.894444444,0.894444444,1,0.133858636,7.642708756,7.668598144,true,none
1784909615.013549089,per_message_full_scan,720,720,6.274458647,6.274458612,0.888888889,0.888888889,1,0.121722408,7.771780031,8.017666195,true,none
1784909615.992839575,per_message_full_scan,720,720,6.274458647,6.274458612,0.897222222,0.897222222,1,0.121735834,7.758435645,8.229959435,true,none
1784909616.991854668,per_message_full_scan,720,720,6.274458647,6.274458612,0.894444444,0.894444444,1,0.134062231,7.695247865,7.600497531,true,none
1784909618.010880232,per_message_full_scan,720,720,6.274458647,6.274458612,0.901388889,0.901388889,1,0.133982211,7.646530885,7.666506894,true,none
1784909618.990995169,per_message_full_scan,720,720,6.274458647,6.274458612,0.900000000,0.900000000,1,0.134090617,7.655246825,7.934907792,true,none
1784909619.990978003,per_message_full_scan,720,720,6.274458647,6.274458612,0.898611111,0.898611111,1,0.121502243,7.754681469,7.643882079,true,none
1784909620.995907545,per_message_full_scan,720,720,6.274458647,6.274458612,0.901388889,0.901388889,1,0.134222522,7.691652883,7.650895676,true,none
1784909621.991077662,per_message_full_scan,720,720,6.274458647,6.274458612,0.900000000,0.900000000,1,0.134151563,7.693367331,7.762031790,true,none
1784909622.992017746,per_message_full_scan,720,720,6.274458647,6.274458612,0.893055556,0.893055556,1,0.134064376,7.636237723,7.594336231,true,none
1784909623.993755579,per_message_full_scan,720,720,6.274458647,6.274458612,0.904166667,0.904166667,1,0.122542337,7.748903352,7.626403252,true,none
1784909625.014038563,per_message_full_scan,720,720,6.274458647,6.274458612,0.904166667,0.904166667,1,0.134259716,7.699903819,7.946682305,true,none
1784909625.992619753,per_message_full_scan,720,720,6.274458647,6.274458612,0.911111111,0.911111111,1,0.133607775,7.710930383,7.670514726,true,none
1784909626.992032528,per_message_full_scan,720,720,6.274458647,6.274458612,0.890277778,0.890277778,1,0.121660836,7.780807559,8.310315681,true,none
1784909628.007849693,per_message_full_scan,720,720,6.274458647,6.274458612,0.906944444,0.906944444,1,0.134047166,7.707014720,7.755012864,true,none
1784909628.991207123,per_message_full_scan,720,720,6.274458647,6.274458612,0.891666667,0.891666667,1,0.134068444,7.712911164,7.971457072,true,none
1784909629.992013454,per_message_full_scan,720,720,6.274458647,6.274458612,0.894444444,0.894444444,1,0.131762490,7.658469553,7.568947771,true,none
1784909631.003992558,per_message_full_scan,720,720,6.274458647,6.274458612,0.915277778,0.915277778,1,0.120733805,7.778114318,7.613163537,true,none
1784909631.991193295,per_message_full_scan,720,720,6.274458647,6.274458612,0.906944444,0.906944444,1,0.120881543,7.772548541,7.847935681,true,none
1784909632.992237329,per_message_full_scan,720,720,6.274458647,6.274458612,0.900000000,0.900000000,1,0.135045409,7.681446538,7.753510794,true,none
1784909633.991068363,per_message_full_scan,720,720,6.274458647,6.274458612,0.912500000,0.912500000,1,0.121369138,7.786368539,8.135945875,true,none
1784909635.021702290,per_message_full_scan,720,720,6.274458647,6.274458612,0.904166667,0.904166667,1,0.134139985,7.713864315,7.730043511,true,none
1784909635.991115332,per_message_full_scan,720,720,6.274458647,6.274458612,0.897222222,0.897222222,1,0.122016825,7.753032273,8.003469478,true,none
1784909636.991209984,per_message_full_scan,720,720,6.274458647,6.274458612,0.891666667,0.891666667,1,0.136425003,7.627715374,7.705304578,true,none
1784909638.018227816,per_message_full_scan,720,720,6.274458647,6.274458612,0.901388889,0.901388889,1,0.120367862,7.729686681,7.677655928,true,none
1784909638.991089344,per_message_full_scan,720,720,6.274458647,6.274458612,0.902777778,0.902777778,1,0.121431977,7.774806112,7.968797058,true,none
1784909639.991088390,per_message_full_scan,720,720,6.274458647,6.274458612,0.902777778,0.902777778,1,0.132649079,7.687599874,7.686326013,true,none
1784909641.000322104,per_message_full_scan,720,720,6.274458647,6.274458612,0.902777778,0.902777778,1,0.121033527,7.780219060,7.680150746,true,none
1784909641.991443634,per_message_full_scan,720,720,6.274458647,6.274458612,0.904166667,0.904166667,1,0.121759087,7.787645364,7.938631861,true,none
1784909642.991505384,per_message_full_scan,720,720,6.274458647,6.274458612,0.913888889,0.913888889,1,0.133812711,7.703593219,8.036989755,true,none
1784909643.990987301,per_message_full_scan,720,720,6.274458647,6.274458612,0.909722222,0.909722222,1,0.134241059,7.638486560,7.731139713,true,none
1784909645.029351234,per_message_full_scan,720,720,6.274458647,6.274458612,0.918055556,0.918055556,1,0.121964239,7.747898855,7.604977566,true,none
1784909645.991061211,per_message_full_scan,720,720,6.274458647,6.274458612,0.904166667,0.904166667,1,0.121089257,7.751674574,8.158703170,true,none
1784909646.991689205,per_message_full_scan,720,720,6.274458647,6.274458612,0.911111111,0.911111111,1,0.134131044,7.672610377,8.169302006,true,none
1784909647.991617441,per_message_full_scan,720,720,6.274458647,6.274458612,0.919444444,0.919444444,1,0.121597312,7.779294457,8.101601603,true,none
1784909648.991129160,per_message_full_scan,720,720,6.274458647,6.274458612,0.913888889,0.913888889,1,0.121912628,7.773363360,7.732342571,true,none
1784909649.990985870,per_message_full_scan,720,720,6.274458647,6.274458612,0.916666667,0.916666667,1,0.134049103,7.698398024,7.942161543,true,none
1784909650.991008282,per_message_full_scan,720,720,6.274458647,6.274458612,0.900000000,0.900000000,1,0.121055849,7.784088230,8.034299521,true,none
1784909651.991055965,per_message_full_scan,720,720,6.274458647,6.274458612,0.908333333,0.908333333,1,0.119915567,7.779383485,7.600046733,true,none
1784909652.991024733,per_message_full_scan,720,720,6.274458647,6.274458612,0.901388889,0.901388889,1,0.133901283,7.719200620,7.896442043,true,none
1784909653.992932796,per_message_full_scan,720,720,6.274458647,6.274458612,0.918055556,0.918055556,1,0.134112045,7.627480386,8.014760609,true,none
1784909655.026759863,per_message_full_scan,720,720,6.274458647,6.274458612,0.902777778,0.902777778,1,0.121449977,7.749442789,7.646677707,true,none
1784909655.990927935,per_message_full_scan,720,720,6.274458647,6.274458612,0.891666667,0.891666667,1,0.122398242,7.723476074,7.722514850,true,none
1784909656.990960360,per_message_full_scan,720,720,6.274458647,6.274458612,0.906944444,0.906944444,1,0.134151325,7.695372411,7.954787204,true,none
1784909657.993020773,per_message_full_scan,720,720,6.274458647,6.274458612,0.909722222,0.909722222,1,0.121569701,7.787933793,8.242962034,true,none
1784909658.991430759,per_message_full_scan,720,720,6.274458647,6.274458612,0.901388889,0.901388889,1,0.122234091,7.781568304,7.720074821,true,none
1784909659.991064072,per_message_full_scan,720,720,6.274458647,6.274458612,0.908333333,0.908333333,1,0.133629173,7.711228860,7.805823451,true,none
1784909660.991343498,per_message_full_scan,720,720,6.274458647,6.274458612,0.909722222,0.909722222,1,0.134131938,7.673162199,8.028252520,true,none
1784909661.990969181,per_message_full_scan,720,720,6.274458647,6.274458612,0.904166667,0.904166667,1,0.134136423,7.672289287,7.649089898,true,none
1784909662.991157532,per_message_full_scan,720,720,6.274458647,6.274458612,0.900000000,0.900000000,1,0.120858394,7.772039482,7.716719877,true,none
1784909663.995213985,per_message_full_scan,720,720,6.274458647,6.274458612,0.898611111,0.898611111,1,0.120010704,7.786504641,8.037460036,true,none
1784909664.992991209,per_message_full_scan,720,720,6.274458647,6.274458612,0.898611111,0.898611111,1,0.120010704,7.786504641,8.037460036,false,STALE_INPUT:none
1784909665.991140366,per_message_full_scan,720,720,6.274458647,6.274458612,0.898611111,0.898611111,1,0.120010704,7.786504641,8.037460036,false,STALE_INPUT:none
1784909666.993060827,per_message_full_scan,720,720,6.274458647,6.274458612,0.898611111,0.898611111,1,0.120010704,7.786504641,8.037460036,false,STALE_INPUT:none
1784909667.993026257,per_message_full_scan,720,720,6.274458647,6.274458612,0.898611111,0.898611111,1,0.120010704,7.786504641,8.037460036,false,STALE_INPUT:none
1784909668.991409302,per_message_full_scan,720,720,6.274458647,6.274458612,0.898611111,0.898611111,1,0.120010704,7.786504641,8.037460036,false,STALE_INPUT:none
