timestamp,mode,input_size,output_size,declared_span_rad,indexed_span_rad,angular_coverage_ratio,finite_return_ratio,accumulated_segments,revolution_duration_sec,input_rate_hz,output_rate_hz,valid,rejection_reason
1785074372.525238037,per_message_full_scan,720,720,6.274458647,6.274458612,0.897222222,0.897222222,1,0.134239078,117.033133632,11.524039867,true,none
1785074373.526376247,per_message_full_scan,720,720,6.274458647,6.274458612,0.897222222,0.897222222,1,0.145734042,30.276312325,8.087479915,true,none
1785074374.527226210,per_message_full_scan,720,720,6.274458647,6.274458612,0.898611111,0.898611111,1,0.101763897,24.583586015,6.948812427,true,none
1785074375.525537729,per_message_full_scan,720,720,6.274458647,6.274458612,0.893055556,0.893055556,1,0.131661698,10.246474905,7.402459124,true,none
1785074376.525165081,per_message_full_scan,720,720,6.274458647,6.274458612,0.897222222,0.897222222,1,0.128288791,7.984937555,7.295113989,true,none
1785074377.525186777,per_message_full_scan,720,720,6.274458647,6.274458612,0.904166667,0.904166667,1,0.129181653,7.536293531,7.359303854,true,none
1785074378.525485277,per_message_full_scan,720,720,6.274458647,6.274458612,0.897222222,0.897222222,1,0.134242535,8.524137279,6.969898207,true,none
1785074379.525459528,per_message_full_scan,720,720,6.274458647,6.274458612,0.894444444,0.894444444,1,0.131856158,7.639193076,7.334847094,true,none
1785074380.525505543,per_message_full_scan,720,720,6.274458647,6.274458612,0.898611111,0.898611111,1,0.133619130,7.445991148,7.408111856,true,none
1785074381.525244713,per_message_full_scan,720,720,6.274458647,6.274458612,0.904166667,0.904166667,1,0.133127049,33.301964288,6.878559214,true,none
1785074382.526661634,per_message_full_scan,720,720,6.274458647,6.274458612,0.886111111,0.886111111,1,0.134475082,12.840248626,7.412963606,true,none
1785074383.525517464,per_message_full_scan,720,720,6.274458647,6.274458612,0.906944444,0.906944444,1,0.146052018,8.654302612,7.167819539,true,none
1785074384.542668343,per_message_full_scan,720,720,6.274458647,6.274458612,0.897222222,0.897222222,1,0.133550048,7.048384737,6.949553891,true,none
1785074385.525188684,per_message_full_scan,720,720,6.274458647,6.274458612,0.898611111,0.898611111,1,0.135673478,11.027365779,5.708616794,true,none
1785074386.526895761,per_message_full_scan,720,720,6.274458647,6.274458612,0.897222222,0.897222222,1,0.130683616,8.136680759,7.047442233,true,none
1785074387.539479017,per_message_full_scan,720,720,6.274458647,6.274458612,0.902777778,0.902777778,1,0.133670181,7.608428512,7.423774013,true,none
1785074388.525614500,per_message_full_scan,720,720,6.274458647,6.274458612,0.911111111,0.911111111,1,0.130131915,7.437645972,7.486413664,true,none
1785074389.525235891,per_message_full_scan,720,720,6.274458647,6.274458612,0.901388889,0.901388889,1,0.131357670,7.354638086,7.437468073,true,none
1785074390.565054893,per_message_full_scan,720,720,6.274458647,6.274458612,0.897222222,0.897222222,1,0.132921830,7.307931552,7.370422332,true,none
1785074391.525448561,per_message_full_scan,720,720,6.274458647,6.274458612,0.897222222,0.897222222,1,0.133539960,7.515462096,7.712606787,true,none
1785074392.525254488,per_message_full_scan,720,720,6.274458647,6.274458612,0.902777778,0.902777778,1,0.126459628,7.653419738,7.737142182,true,none
1785074393.525195360,per_message_full_scan,720,720,6.274458647,6.274458612,0.894444444,0.894444444,1,0.145662412,7.353693565,7.335239753,true,none
1785074394.525213957,per_message_full_scan,720,720,6.274458647,6.274458612,0.893055556,0.893055556,1,0.130111486,7.439812257,7.554099415,true,none
1785074395.525165796,per_message_full_scan,720,720,6.274458647,6.274458612,0.893055556,0.893055556,1,0.135746658,7.674307211,7.578196079,true,none
1785074396.525538921,per_message_full_scan,720,720,6.274458647,6.274458612,0.894444444,0.894444444,1,0.132255211,7.390078818,7.343383613,true,none
1785074397.525346518,per_message_full_scan,720,720,6.274458647,6.274458612,0.894444444,0.894444444,1,0.137773901,6.929530405,7.225353940,true,none
1785074398.525185823,per_message_full_scan,720,720,6.274458647,6.274458612,0.901388889,0.901388889,1,0.126645327,7.460207082,7.621307394,true,none
1785074399.526242256,per_message_full_scan,720,720,6.274458647,6.274458612,0.891666667,0.891666667,1,0.130276889,7.443181062,7.605604984,true,none
1785074400.525217772,per_message_full_scan,720,720,6.274458647,6.274458612,0.898611111,0.898611111,1,0.131162032,7.420365864,7.603789228,true,none
1785074401.834558964,per_message_full_scan,720,720,6.274458647,6.274458612,0.897222222,0.897222222,1,0.121125802,7.365254150,7.520976031,false,STALE_INPUT:Dropping full scan because deskew TF is unavailable
1785074402.564496756,per_message_full_scan,720,720,6.274458647,6.274458612,0.901388889,0.901388889,1,0.123367831,7.629781065,6.512255801,true,none
1785074403.525446892,per_message_full_scan,720,720,6.274458647,6.274458612,0.895833333,0.895833333,1,0.125463754,7.594735034,7.603782075,true,none
1785074404.525195360,per_message_full_scan,720,720,6.274458647,6.274458612,0.905555556,0.905555556,1,0.113995597,7.585904611,7.533780235,true,none
1785074405.525189161,per_message_full_scan,720,720,6.274458647,6.274458612,0.900000000,0.900000000,1,0.133614302,7.365034485,7.605319701,true,none
1785074406.525197744,per_message_full_scan,720,720,6.274458647,6.274458612,0.888888889,0.888888889,1,0.132227451,7.416507793,7.350946019,true,none
1785074407.548575401,per_message_full_scan,720,720,6.274458647,6.274458612,0.904166667,0.904166667,1,0.143499225,7.289768937,7.397597939,true,none
1785074408.525175571,per_message_full_scan,720,720,6.274458647,6.274458612,0.897222222,0.897222222,1,0.135307252,7.296586599,7.329731230,true,none
1785074409.526203156,per_message_full_scan,720,720,6.274458647,6.274458612,0.897222222,0.897222222,1,0.145536467,7.281531830,7.234751677,true,none
1785074410.526212454,per_message_full_scan,720,720,6.274458647,6.274458612,0.902777778,0.902777778,1,0.132649601,7.166843966,7.157244240,true,none
1785074411.525124311,per_message_full_scan,720,720,6.274458647,6.274458612,0.890277778,0.890277778,1,0.132834598,7.305974099,7.223071146,true,none
1785074412.525194407,per_message_full_scan,720,720,6.274458647,6.274458612,0.887500000,0.887500000,1,0.132434949,7.320588501,7.487346277,true,none
1785074413.525203705,per_message_full_scan,720,720,6.274458647,6.274458612,0.890277778,0.890277778,1,0.133115649,6.512513835,6.525408400,true,none
1785074414.525261402,per_message_full_scan,720,720,6.274458647,6.274458612,0.888888889,0.888888889,1,0.131976888,7.301075976,7.314726172,true,none
1785074415.525204420,per_message_full_scan,720,720,6.274458647,6.274458612,0.897222222,0.897222222,1,0.132660866,7.355128823,7.529152080,true,none
1785074416.525830984,per_message_full_scan,720,720,6.274458647,6.274458612,0.886111111,0.886111111,1,0.133970186,7.340949219,7.826857450,true,none
1785074417.542569637,per_message_full_scan,720,720,6.274458647,6.274458612,0.887500000,0.887500000,1,0.139629230,7.206198852,7.390466829,true,none
1785074418.539564848,per_message_full_scan,720,720,6.274458647,6.274458612,0.891666667,0.891666667,1,0.134268388,7.499183484,6.985033471,true,none
1785074419.525150061,per_message_full_scan,720,720,6.274458647,6.274458612,0.890277778,0.890277778,1,0.144101679,7.303864118,7.561963259,true,none
1785074420.548050642,per_message_full_scan,720,720,6.274458647,6.274458612,0.890277778,0.890277778,1,0.134775594,7.351642366,7.392940932,true,none
1785074421.525182486,per_message_full_scan,720,720,6.274458647,6.274458612,0.905555556,0.905555556,1,0.133740366,7.334969231,7.399263381,true,none
1785074422.525187254,per_message_full_scan,720,720,6.274458647,6.274458612,0.901388889,0.901388889,1,0.138440415,7.104078389,7.032589811,true,none
1785074423.556843281,per_message_full_scan,720,720,6.274458647,6.274458612,0.897222222,0.897222222,1,0.130390435,7.539147656,7.409924304,true,none
1785074424.525168180,per_message_full_scan,720,720,6.274458647,6.274458612,0.891666667,0.891666667,1,0.134233400,7.424535069,7.586562564,true,none
1785074425.525176525,per_message_full_scan,720,720,6.274458647,6.274458612,0.881944444,0.881944444,1,0.133420303,7.319908068,7.317219974,true,none
1785074426.525187731,per_message_full_scan,720,720,6.274458647,6.274458612,0.887500000,0.887500000,1,0.134532437,7.379081967,7.537911926,true,none
1785074427.525496721,per_message_full_scan,720,720,6.274458647,6.274458612,0.901388889,0.901388889,1,0.145433798,7.087283909,7.274658960,true,none
1785074428.525182247,per_message_full_scan,720,720,6.274458647,6.274458612,0.888888889,0.888888889,1,0.141495302,7.251439955,7.560627240,true,none
1785074429.538494110,per_message_full_scan,720,720,6.274458647,6.274458612,0.908333333,0.908333333,1,0.133576214,7.418325736,7.323210553,true,none
1785074430.525176764,per_message_full_scan,720,720,6.274458647,6.274458612,0.891666667,0.891666667,1,0.134138837,7.359087956,7.516073140,true,none
1785074431.525188923,per_message_full_scan,720,720,6.274458647,6.274458612,0.891666667,0.891666667,1,0.134250045,7.383236592,7.412093439,true,none
1785074432.532037973,per_message_full_scan,720,720,6.274458647,6.274458612,0.888888889,0.888888889,1,0.134234428,7.406014795,7.208071107,true,none
1785074433.525188684,per_message_full_scan,720,720,6.274458647,6.274458612,0.893055556,0.893055556,1,0.133996829,7.309543330,7.460157214,true,none
1785074434.560639858,per_message_full_scan,720,720,6.274458647,6.274458612,0.900000000,0.900000000,1,0.133739904,7.393436046,7.404320491,true,none
1785074435.525170326,per_message_full_scan,720,720,6.274458647,6.274458612,0.900000000,0.900000000,1,0.133974493,7.400892894,7.488014031,true,none
1785074436.525164127,per_message_full_scan,720,720,6.274458647,6.274458612,0.898611111,0.898611111,1,0.134143755,7.400196654,7.418584671,true,none
1785074437.545828342,per_message_full_scan,720,720,6.274458647,6.274458612,0.898611111,0.898611111,1,0.134105057,7.326782243,7.267227373,true,none
1785074438.525165558,per_message_full_scan,720,720,6.274458647,6.274458612,0.900000000,0.900000000,1,0.134298742,7.377517007,7.441475564,true,none
1785074439.525196075,per_message_full_scan,720,720,6.274458647,6.274458612,0.890277778,0.890277778,1,0.133898914,7.381885156,7.766099084,true,none
1785074440.525182009,per_message_full_scan,720,720,6.274458647,6.274458612,0.900000000,0.900000000,1,0.133754343,7.408856951,7.495462224,true,none
1785074441.525226593,per_message_full_scan,720,720,6.274458647,6.274458612,0.902777778,0.902777778,1,0.134223536,7.407553144,7.280607102,true,none
1785074442.536181450,per_message_full_scan,720,720,6.274458647,6.274458612,0.888888889,0.888888889,1,0.134174168,7.381956173,7.433249271,true,none
1785074443.525190592,per_message_full_scan,720,720,6.274458647,6.274458612,0.901388889,0.901388889,1,0.133772045,7.401359791,7.455713193,true,none
1785074444.525246382,per_message_full_scan,720,720,6.274458647,6.274458612,0.902777778,0.902777778,1,0.133943960,7.405392400,7.471757268,true,none
1785074445.525218725,per_message_full_scan,720,720,6.274458647,6.274458612,0.891666667,0.891666667,1,0.134472802,7.404427467,7.451677823,true,none
1785074446.525195360,per_message_full_scan,720,720,6.274458647,6.274458612,0.912500000,0.912500000,1,0.134213224,7.324496314,7.345533127,true,none
1785074447.549438000,per_message_full_scan,720,720,6.274458647,6.274458612,0.881944444,0.881944444,1,0.134080574,7.383504964,7.522414600,true,none
1785074448.525186062,per_message_full_scan,720,720,6.274458647,6.274458612,0.888888889,0.888888889,1,0.133987188,7.408243125,7.283202795,true,none
1785074449.525186062,per_message_full_scan,720,720,6.274458647,6.274458612,0.906944444,0.906944444,1,0.134337366,7.408186493,7.417946821,true,none
1785074450.540026665,per_message_full_scan,720,720,6.274458647,6.274458612,0.894444444,0.894444444,1,0.134270594,7.403314871,7.398022723,true,none
1785074451.525197744,per_message_full_scan,720,720,6.274458647,6.274458612,0.901388889,0.901388889,1,0.134282932,7.354388632,7.562305653,true,none
1785074452.525175333,per_message_full_scan,720,720,6.274458647,6.274458612,0.895833333,0.895833333,1,0.134122372,7.401529830,7.504117362,true,none
1785074453.525206089,per_message_full_scan,720,720,6.274458647,6.274458612,0.909722222,0.909722222,1,0.132581487,7.406181802,7.564129449,true,none
1785074454.525194645,per_message_full_scan,720,720,6.274458647,6.274458612,0.901388889,0.901388889,1,0.134090394,7.396279782,7.449573258,true,none
1785074455.525255680,per_message_full_scan,720,720,6.274458647,6.274458612,0.898611111,0.898611111,1,0.134124279,7.402478991,8.043369267,true,none
1785074456.525175333,per_message_full_scan,720,720,6.274458647,6.274458612,0.898611111,0.898611111,1,0.134246632,7.368088472,7.536325303,true,none
1785074457.525171280,per_message_full_scan,720,720,6.274458647,6.274458612,0.901388889,0.901388889,1,0.134044036,7.377010229,7.418758811,true,none
1785074458.525163412,per_message_full_scan,720,720,6.274458647,6.274458612,0.898611111,0.898611111,1,0.132486552,7.408362810,7.538378792,true,none
1785074459.525196791,per_message_full_scan,720,720,6.274458647,6.274458612,0.905555556,0.905555556,1,0.134185418,7.404890387,7.305989457,true,none
1785074460.525183678,per_message_full_scan,720,720,6.274458647,6.274458612,0.905555556,0.905555556,1,0.135067716,7.280999741,7.765549489,true,none
1785074461.525179148,per_message_full_scan,720,720,6.274458647,6.274458612,0.888888889,0.888888889,1,0.134082898,7.392658060,7.451991741,true,none
1785074462.525205135,per_message_full_scan,720,720,6.274458647,6.274458612,0.904166667,0.904166667,1,0.133862361,7.405206874,7.214192839,true,none
1785074463.536721230,per_message_full_scan,720,720,6.274458647,6.274458612,0.906944444,0.906944444,1,0.134199932,7.407682812,7.468737351,true,none
1785074464.525194407,per_message_full_scan,720,720,6.274458647,6.274458612,0.881944444,0.881944444,1,0.134203285,7.404562080,7.451558854,true,none
1785074465.525176287,per_message_full_scan,720,720,6.274458647,6.274458612,0.898611111,0.898611111,1,0.146376491,7.280970332,7.437871887,true,none
1785074466.525193214,per_message_full_scan,720,720,6.274458647,6.274458612,0.897222222,0.897222222,1,0.133388519,7.371522898,7.527828191,true,none
1785074467.525197744,per_message_full_scan,720,720,6.274458647,6.274458612,0.898611111,0.898611111,1,0.133653805,7.401896785,7.536503968,true,none
1785074468.559131622,per_message_full_scan,720,720,6.274458647,6.274458612,0.905555556,0.905555556,1,0.134387702,7.401843501,7.376754063,true,none
1785074469.525202990,per_message_full_scan,720,720,6.274458647,6.274458612,0.893055556,0.893055556,1,0.133336470,7.413456518,7.517921056,true,none
1785074470.525200844,per_message_full_scan,720,720,6.274458647,6.274458612,0.890277778,0.890277778,1,0.134090051,7.406052391,7.342977393,true,none
1785074471.542341948,per_message_full_scan,720,720,6.274458647,6.274458612,0.902777778,0.902777778,1,0.134206876,7.341900222,7.297598837,true,none
1785074472.525202751,per_message_full_scan,720,720,6.274458647,6.274458612,0.901388889,0.901388889,1,0.133490458,7.376821280,7.421284802,true,none
1785074473.525133610,per_message_full_scan,720,720,6.274458647,6.274458612,0.911111111,0.911111111,1,0.133971959,7.404986218,7.164970271,true,none
1785074474.525182486,per_message_full_scan,720,720,6.274458647,6.274458612,0.895833333,0.895833333,1,0.133993670,7.407189028,7.469526162,true,none
1785074475.525319576,per_message_full_scan,720,720,6.274458647,6.274458612,0.898611111,0.898611111,1,0.134049267,7.406022662,7.178790107,true,none
1785074476.532935381,per_message_full_scan,720,720,6.274458647,6.274458612,0.895833333,0.895833333,1,0.146468908,7.282568708,7.439231848,true,none
1785074477.525190830,per_message_full_scan,720,720,6.274458647,6.274458612,0.891666667,0.891666667,1,0.134178936,7.379224316,7.483155642,true,none
1785074478.525192738,per_message_full_scan,720,720,6.274458647,6.274458612,0.895833333,0.895833333,1,0.134151384,7.405442758,7.484203155,true,none
1785074479.525970459,per_message_full_scan,720,720,6.274458647,6.274458612,0.893055556,0.893055556,1,0.132125735,7.409618147,7.383603163,true,none
1785074480.525177956,per_message_full_scan,720,720,6.274458647,6.274458612,0.908333333,0.908333333,1,0.134179801,7.402394500,7.508550372,true,none
1785074481.544586658,per_message_full_scan,720,720,6.274458647,6.274458612,0.900000000,0.900000000,1,0.134146482,7.381347957,7.511503424,true,none
1785074482.525206804,per_message_full_scan,720,720,6.274458647,6.274458612,0.898611111,0.898611111,1,0.134083375,7.400102494,7.273283538,true,none
1785074483.525183439,per_message_full_scan,720,720,6.274458647,6.274458612,0.893055556,0.893055556,1,0.133072123,7.407822054,7.554770969,true,none
1785074484.540504694,per_message_full_scan,720,720,6.274458647,6.274458612,0.901388889,0.901388889,1,0.134145677,7.366241213,7.311867382,true,none
1785074485.525192976,per_message_full_scan,720,720,6.274458647,6.274458612,0.893055556,0.893055556,1,0.134185046,7.305694690,7.555981387,true,none
1785074486.525345087,per_message_full_scan,720,720,6.274458647,6.274458612,0.897222222,0.897222222,1,0.132633641,7.371949240,7.498403823,true,none
1785074487.525161743,per_message_full_scan,720,720,6.274458647,6.274458612,0.911111111,0.911111111,1,0.134008810,7.398857834,7.585666952,true,none
1785074488.525181293,per_message_full_scan,720,720,6.274458647,6.274458612,0.905555556,0.905555556,1,0.134007409,7.406250174,7.419712055,true,none
1785074489.525168657,per_message_full_scan,720,720,6.274458647,6.274458612,0.893055556,0.893055556,1,0.133966222,7.399397155,7.590703711,true,none
1785074490.525185347,per_message_full_scan,720,720,6.274458647,6.274458612,0.893055556,0.893055556,1,0.134011626,7.362178149,7.474498784,true,none
1785074491.525239468,per_message_full_scan,720,720,6.274458647,6.274458612,0.893055556,0.893055556,1,0.133530825,7.396311531,7.360405269,true,none
1785074492.525190353,per_message_full_scan,720,720,6.274458647,6.274458612,0.895833333,0.895833333,1,0.134115383,7.404099629,7.568578607,true,none
1785074493.525201559,per_message_full_scan,720,720,6.274458647,6.274458612,0.884722222,0.884722222,1,0.134097859,7.404429353,7.511156964,true,none
1785074494.539630175,per_message_full_scan,720,720,6.274458647,6.274458612,0.893055556,0.893055556,1,0.134152502,7.401976517,7.551641116,true,none
1785074495.525169134,per_message_full_scan,720,720,6.274458647,6.274458612,0.905555556,0.905555556,1,0.133643836,7.408765750,7.388888872,true,none
1785074496.525192022,per_message_full_scan,720,720,6.274458647,6.274458612,0.900000000,0.900000000,1,0.134030938,7.357513087,7.173698339,true,none
1785074497.533802032,per_message_full_scan,720,720,6.274458647,6.274458612,0.895833333,0.895833333,1,0.133914426,7.402875680,7.471021861,true,none
1785074498.525170803,per_message_full_scan,720,720,6.274458647,6.274458612,0.898611111,0.898611111,1,0.135145441,7.379792979,7.576000030,true,none
1785074499.525187254,per_message_full_scan,720,720,6.274458647,6.274458612,0.909722222,0.909722222,1,0.134119004,7.408766424,7.465527213,true,none
1785074500.525164843,per_message_full_scan,720,720,6.274458647,6.274458612,0.895833333,0.895833333,1,0.145717576,7.270773036,7.314809511,true,none
1785074501.525308609,per_message_full_scan,720,720,6.274458647,6.274458612,0.902777778,0.902777778,1,0.132809609,7.384225337,7.480127124,true,none
1785074502.555580616,per_message_full_scan,720,720,6.274458647,6.274458612,0.905555556,0.905555556,1,0.134160772,7.388694713,7.472364776,true,none
1785074503.525183439,per_message_full_scan,720,720,6.274458647,6.274458612,0.894444444,0.894444444,1,0.134092107,7.406867295,7.586986885,true,none
1785074504.525190592,per_message_full_scan,720,720,6.274458647,6.274458612,0.898611111,0.898611111,1,0.134184346,7.401882639,7.360158798,true,none
1785074505.525179625,per_message_full_scan,720,720,6.274458647,6.274458612,0.902777778,0.902777778,1,0.132928520,7.401986285,7.531090908,true,none
1785074506.525187492,per_message_full_scan,720,720,6.274458647,6.274458612,0.895833333,0.895833333,1,0.134078622,7.343869995,7.373435639,true,none
1785074507.566168547,per_message_full_scan,720,720,6.274458647,6.274458612,0.900000000,0.900000000,1,0.134029582,7.394282421,7.253353832,true,none
1785074508.525755882,per_message_full_scan,720,720,6.274458647,6.274458612,0.909722222,0.909722222,1,0.134073526,7.402958172,7.451576169,true,none
1785074509.525253057,per_message_full_scan,720,720,6.274458647,6.274458612,0.901388889,0.901388889,1,0.133791372,7.407352052,7.569736082,true,none
1785074510.530543804,per_message_full_scan,720,720,6.274458647,6.274458612,0.895833333,0.895833333,1,0.134369954,7.382440098,7.396318949,true,none
1785074511.525224686,per_message_full_scan,720,720,6.274458647,6.274458612,0.887500000,0.887500000,1,0.146573231,7.281607684,7.153602646,true,none
1785074512.525272369,per_message_full_scan,720,720,6.274458647,6.274458612,0.902777778,0.902777778,1,0.134307861,7.371090470,7.477402492,true,none
1785074513.525175571,per_message_full_scan,720,720,6.274458647,6.274458612,0.898611111,0.898611111,1,0.129495382,7.396942283,7.577926718,true,none
1785074514.525182009,per_message_full_scan,720,720,6.274458647,6.274458612,0.898611111,0.898611111,1,0.134174421,7.398376346,7.496144196,true,none
1785074515.549596071,per_message_full_scan,720,720,6.274458647,6.274458612,0.901388889,0.901388889,1,0.134454787,7.204472615,7.010559503,true,none
1785074516.525161982,per_message_full_scan,720,720,6.274458647,6.274458612,0.894444444,0.894444444,1,0.134039924,7.256241787,7.614845437,true,none
1785074517.525187731,per_message_full_scan,720,720,6.274458647,6.274458612,0.898611111,0.898611111,1,0.134355456,7.365776111,7.550366967,true,none
1785074518.525202751,per_message_full_scan,720,720,6.274458647,6.274458612,0.895833333,0.895833333,1,0.133987576,7.399762605,7.876859670,true,none
1785074519.525215149,per_message_full_scan,720,720,6.274458647,6.274458612,0.898611111,0.898611111,1,0.134357750,7.403107900,7.481814853,true,none
1785074520.559527874,per_message_full_scan,720,720,6.274458647,6.274458612,0.901388889,0.901388889,1,0.134091064,7.406086110,7.275584815,true,none
1785074521.525210381,per_message_full_scan,720,720,6.274458647,6.274458612,0.902777778,0.902777778,1,0.134013176,7.411042093,7.459651545,true,none
1785074522.525172710,per_message_full_scan,720,720,6.274458647,6.274458612,0.902777778,0.902777778,1,0.133072808,7.325321411,7.259005952,true,none
1785074523.554464102,per_message_full_scan,720,720,6.274458647,6.274458612,0.887500000,0.887500000,1,0.133932099,7.393005777,7.197400774,true,none
1785074524.525216103,per_message_full_scan,720,720,6.274458647,6.274458612,0.895833333,0.895833333,1,0.134061143,7.373439824,7.536620028,true,none
1785074525.525168419,per_message_full_scan,720,720,6.274458647,6.274458612,0.902777778,0.902777778,1,0.133537993,7.406980562,7.541801436,true,none
1785074526.525187016,per_message_full_scan,720,720,6.274458647,6.274458612,0.909722222,0.909722222,1,0.132965624,7.406624091,7.386034287,true,none
1785074527.525152922,per_message_full_scan,720,720,6.274458647,6.274458612,0.890277778,0.890277778,1,0.145885453,7.277044524,7.243658111,true,none
1785074528.535416365,per_message_full_scan,720,720,6.274458647,6.274458612,0.895833333,0.895833333,1,0.133888602,7.390340023,7.547317953,true,none
1785074529.525185347,per_message_full_scan,720,720,6.274458647,6.274458612,0.901388889,0.901388889,1,0.134245038,7.398157828,7.776460189,true,none
1785074530.525206327,per_message_full_scan,720,720,6.274458647,6.274458612,0.895833333,0.895833333,1,0.134099260,7.395403887,7.466531874,true,none
1785074531.528262615,per_message_full_scan,720,720,6.274458647,6.274458612,0.884722222,0.884722222,1,0.134040043,7.402223128,7.361841703,true,none
1785074532.525197506,per_message_full_scan,720,720,6.274458647,6.274458612,0.897222222,0.897222222,1,0.131346375,7.414297371,7.474166856,true,none
1785074533.556010485,per_message_full_scan,720,720,6.274458647,6.274458612,0.900000000,0.900000000,1,0.134044155,7.405233449,7.288261332,true,none
1785074534.525244474,per_message_full_scan,720,720,6.274458647,6.274458612,0.886111111,0.886111111,1,0.146271512,7.277805881,7.460067671,true,none
1785074535.525197268,per_message_full_scan,720,720,6.274458647,6.274458612,0.895833333,0.895833333,1,0.133578330,7.359457584,7.495716766,true,none
1785074536.525162458,per_message_full_scan,720,720,6.274458647,6.274458612,0.901388889,0.901388889,1,0.134724587,7.383405913,7.499962813,true,none
1785074537.525179148,per_message_full_scan,720,720,6.274458647,6.274458612,0.900000000,0.900000000,1,0.134157449,7.400093515,7.510083559,true,none
1785074538.546054840,per_message_full_scan,720,720,6.274458647,6.274458612,0.881944444,0.881944444,1,0.133942217,7.406124601,7.480876255,true,none
1785074539.525201559,per_message_full_scan,720,720,6.274458647,6.274458612,0.897222222,0.897222222,1,0.134362727,7.401542741,7.484072689,true,none
1785074540.525192738,per_message_full_scan,720,720,6.274458647,6.274458612,0.902777778,0.902777778,1,0.134281680,26.418904789,7.187023699,true,none
1785074541.530036688,per_message_full_scan,720,720,6.274458647,6.274458612,0.893055556,0.893055556,1,0.134241313,10.528883609,7.381803794,true,none
1785074542.525164366,per_message_full_scan,720,720,6.274458647,6.274458612,0.902777778,0.902777778,1,0.133511558,8.058646940,7.338554426,true,none
1785074543.525185108,per_message_full_scan,720,720,6.274458647,6.274458612,0.898611111,0.898611111,1,0.134115010,7.539711493,7.447368359,true,none
1785074544.525194168,per_message_full_scan,720,720,6.274458647,6.274458612,0.902777778,0.902777778,1,0.133773535,7.432507084,7.535889275,true,none
1785074545.525176525,per_message_full_scan,720,720,6.274458647,6.274458612,0.900000000,0.900000000,1,0.134256572,7.408718959,7.443686911,true,none
1785074546.558741808,per_message_full_scan,720,720,6.274458647,6.274458612,0.893055556,0.893055556,1,0.134114251,7.406072258,7.270596861,true,none
1785074547.525166988,per_message_full_scan,720,720,6.274458647,6.274458612,0.904166667,0.904166667,1,0.134120613,7.407983315,7.468403407,true,none
1785074548.525196791,per_message_full_scan,720,720,6.274458647,6.274458612,0.897222222,0.897222222,1,0.136480659,7.347669160,7.432293430,true,none
1785074549.525158882,per_message_full_scan,720,720,6.274458647,6.274458612,0.888888889,0.888888889,1,0.134182170,7.397987912,7.498022922,true,none
1785074550.525209427,per_message_full_scan,720,720,6.274458647,6.274458612,0.898611111,0.898611111,1,0.132906094,7.405688306,7.457941472,true,none
1785074551.539636374,per_message_full_scan,720,720,6.274458647,6.274458612,0.906944444,0.906944444,1,0.133958638,7.405485463,7.478975143,true,none
1785074552.525296926,per_message_full_scan,720,720,6.274458647,6.274458612,0.900000000,0.900000000,1,0.133182868,7.404985639,7.378328206,true,none
1785074553.525159836,per_message_full_scan,720,720,6.274458647,6.274458612,0.900000000,0.900000000,1,0.133623779,7.397415512,7.497377738,true,none
1785074554.525202513,per_message_full_scan,720,720,6.274458647,6.274458612,0.906944444,0.906944444,1,0.134145901,7.364558473,7.468218965,true,none
1785074555.525185823,per_message_full_scan,720,720,6.274458647,6.274458612,0.893055556,0.893055556,1,0.135770857,7.370223759,7.204500745,true,none
1785074556.525180340,per_message_full_scan,720,720,6.274458647,6.274458612,0.891666667,0.891666667,1,0.134175435,7.401760735,7.464748270,true,none
1785074557.525168180,per_message_full_scan,720,720,6.274458647,6.274458612,0.888888889,0.888888889,1,0.134634331,7.394924341,7.375219129,true,none
1785074558.525204897,per_message_full_scan,720,720,6.274458647,6.274458612,0.893055556,0.893055556,1,0.133782431,7.411888767,7.497818756,true,none
1785074559.525180578,per_message_full_scan,720,720,6.274458647,6.274458612,0.893055556,0.893055556,1,0.133939683,7.401674231,7.531543521,true,none
1785074560.525192738,per_message_full_scan,720,720,6.274458647,6.274458612,0.895833333,0.895833333,1,0.134061605,7.339910580,7.115252288,true,none
1785074561.525207520,per_message_full_scan,720,720,6.274458647,6.274458612,0.891666667,0.891666667,1,0.134133935,7.392369548,7.449004245,true,none
1785074562.525178909,per_message_full_scan,720,720,6.274458647,6.274458612,0.891666667,0.891666667,1,0.133725122,7.399842301,7.455898837,true,none
1785074563.525182962,per_message_full_scan,720,720,6.274458647,6.274458612,0.897222222,0.897222222,1,0.132470220,7.398769724,7.474026846,true,none
1785074564.534039021,per_message_full_scan,720,720,6.274458647,6.274458612,0.895833333,0.895833333,1,0.134093344,7.407461920,7.512139256,true,none
1785074565.525192499,per_message_full_scan,720,720,6.274458647,6.274458612,0.895833333,0.895833333,1,0.134085864,7.353769344,7.493444743,true,none
1785074566.525188923,per_message_full_scan,720,720,6.274458647,6.274458612,0.904166667,0.904166667,1,0.134184033,7.388486511,7.776664043,true,none
1785074567.525200844,per_message_full_scan,720,720,6.274458647,6.274458612,0.895833333,0.895833333,1,0.134361118,7.383950270,7.548882055,true,none
1785074568.525206804,per_message_full_scan,720,720,6.274458647,6.274458612,0.890277778,0.890277778,1,0.133979082,7.402890503,7.238909855,true,none
1785074569.554837227,per_message_full_scan,720,720,6.274458647,6.274458612,0.901388889,0.901388889,1,0.134045482,7.406602835,7.423943996,true,none
1785074570.525180578,per_message_full_scan,720,720,6.274458647,6.274458612,0.890277778,0.890277778,1,0.131560445,7.313501803,7.297090575,true,none
1785074571.525203705,per_message_full_scan,720,720,6.274458647,6.274458612,0.884722222,0.884722222,1,0.134070471,7.375561032,7.545623951,true,none
1785074572.540318012,per_message_full_scan,720,720,6.274458647,6.274458612,0.897222222,0.897222222,1,0.134070396,7.403769494,7.458508696,true,none
1785074573.525264502,per_message_full_scan,720,720,6.274458647,6.274458612,0.886111111,0.886111111,1,0.133713335,7.403213174,7.467680149,true,none
1785074574.525171518,per_message_full_scan,720,720,6.274458647,6.274458612,0.901388889,0.901388889,1,0.135117128,7.388955870,7.472320469,true,none
1785074575.525203705,per_message_full_scan,720,720,6.274458647,6.274458612,0.904166667,0.904166667,1,0.134075776,7.407410968,7.485530288,true,none
1785074576.525195837,per_message_full_scan,720,720,6.274458647,6.274458612,0.888888889,0.888888889,1,0.133036807,7.374399355,7.351889737,true,none
1785074577.561703444,per_message_full_scan,720,720,6.274458647,6.274458612,0.898611111,0.898611111,1,0.134045437,7.363010138,7.267597019,true,none
1785074578.525169849,per_message_full_scan,720,720,6.274458647,6.274458612,0.893055556,0.893055556,1,0.134038270,7.394844631,7.499114395,true,none
1785074579.525193214,per_message_full_scan,720,720,6.274458647,6.274458612,0.894444444,0.894444444,1,0.134076104,7.405274031,7.233412658,true,none
1785074580.525166988,per_message_full_scan,720,720,6.274458647,6.274458612,0.893055556,0.893055556,1,0.133071318,7.409522052,7.551700216,true,none
1785074581.525195360,per_message_full_scan,720,720,6.274458647,6.274458612,0.890277778,0.890277778,1,0.134154707,7.406509456,7.344658152,true,none
1785074582.539592505,per_message_full_scan,720,720,6.274458647,6.274458612,0.902777778,0.902777778,1,0.134222671,7.417933593,7.598954631,true,none
1785074583.525168896,per_message_full_scan,720,720,6.274458647,6.274458612,0.901388889,0.901388889,1,0.133403063,7.409537991,7.249943228,true,none
1785074584.525256157,per_message_full_scan,720,720,6.274458647,6.274458612,0.900000000,0.900000000,1,0.134044558,7.374659447,7.390480477,true,none
1785074585.534825325,per_message_full_scan,720,720,6.274458647,6.274458612,0.897222222,0.897222222,1,0.134038001,7.397854070,7.341076333,true,none
1785074586.525270224,per_message_full_scan,720,720,6.274458647,6.274458612,0.897222222,0.897222222,1,0.135000437,7.386639336,7.558294591,true,none
1785074587.525175095,per_message_full_scan,720,720,6.274458647,6.274458612,0.887500000,0.887500000,1,0.133568555,7.393443616,7.518496364,true,none
1785074588.525202990,per_message_full_scan,720,720,6.274458647,6.274458612,0.887500000,0.887500000,1,0.134050384,7.412760026,7.483574406,true,none
1785074589.525199413,per_message_full_scan,720,720,6.274458647,6.274458612,0.898611111,0.898611111,1,0.133782506,7.401788387,7.413683554,true,none
1785074590.525201321,per_message_full_scan,720,720,6.274458647,6.274458612,0.895833333,0.895833333,1,0.133890107,7.408994456,7.468347077,true,none
1785074591.525211096,per_message_full_scan,720,720,6.274458647,6.274458612,0.891666667,0.891666667,1,0.145679936,7.277789971,7.406324160,true,none
1785074592.526264906,per_message_full_scan,720,720,6.274458647,6.274458612,0.887500000,0.887500000,1,0.134154692,7.381415303,7.673677485,true,none
1785074593.525196314,per_message_full_scan,720,720,6.274458647,6.274458612,0.898611111,0.898611111,1,0.134069890,7.401989721,7.546237680,true,none
1785074594.525238037,per_message_full_scan,720,720,6.274458647,6.274458612,0.891666667,0.891666667,1,0.133315206,7.410670127,7.521709082,true,none
1785074595.546804905,per_message_full_scan,720,720,6.274458647,6.274458612,0.901388889,0.901388889,1,0.134089440,7.409314362,7.396948767,true,none
1785074596.525220156,per_message_full_scan,720,720,6.274458647,6.274458612,0.893055556,0.893055556,1,0.133961558,7.402673185,7.267564989,true,none
1785074597.525210381,per_message_full_scan,720,720,6.274458647,6.274458612,0.902777778,0.902777778,1,0.134299591,7.404698656,7.461491875,true,none
1785074598.527023554,per_message_full_scan,720,720,6.274458647,6.274458612,0.898611111,0.898611111,1,0.134076610,7.400926885,7.248080078,true,none
1785074599.525174856,per_message_full_scan,720,720,6.274458647,6.274458612,0.895833333,0.895833333,1,0.134069189,7.364434088,7.455411516,true,none
1785074600.557297230,per_message_full_scan,720,720,6.274458647,6.274458612,0.895833333,0.895833333,1,0.132979840,7.414466217,7.427250142,true,none
1785074601.525166750,per_message_full_scan,720,720,6.274458647,6.274458612,0.891666667,0.891666667,1,0.134184614,7.405403394,7.479560157,true,none
1785074602.525180817,per_message_full_scan,720,720,6.274458647,6.274458612,0.904166667,0.904166667,1,0.134023786,7.402369130,7.427517872,true,none
1785074603.525166273,per_message_full_scan,720,720,6.274458647,6.274458612,0.890277778,0.890277778,1,0.133631557,7.397691943,7.492896667,true,none
1785074604.525204897,per_message_full_scan,720,720,6.274458647,6.274458612,0.904166667,0.904166667,1,0.132563502,7.406900667,7.456091471,true,none
1785074605.545667171,per_message_full_scan,720,720,6.274458647,6.274458612,0.900000000,0.900000000,1,0.133172646,7.404001898,7.457570054,true,none
1785074606.525300980,per_message_full_scan,720,720,6.274458647,6.274458612,0.900000000,0.900000000,1,0.133634463,7.362676238,7.479453963,true,none
1785074607.525433779,per_message_full_scan,720,720,6.274458647,6.274458612,0.886111111,0.886111111,1,0.134258509,7.398231364,7.231482003,true,none
1785074608.538630724,per_message_full_scan,720,720,6.274458647,6.274458612,0.900000000,0.900000000,1,0.134169042,7.410335528,7.465120469,true,none
1785074609.525164843,per_message_full_scan,720,720,6.274458647,6.274458612,0.888888889,0.888888889,1,0.133849680,7.403696702,7.787935423,true,none
1785074610.525175571,per_message_full_scan,720,720,6.274458647,6.274458612,0.893055556,0.893055556,1,0.135797232,7.372843347,7.571196387,true,none
1785074611.525175095,per_message_full_scan,720,720,6.274458647,6.274458612,0.895833333,0.895833333,1,0.134084627,7.404578515,7.379564177,true,none
1785074612.525192976,per_message_full_scan,720,720,6.274458647,6.274458612,0.894444444,0.894444444,1,0.134023309,7.407109611,7.470660980,true,none
1785074613.552539825,per_message_full_scan,720,720,6.274458647,6.274458612,0.902777778,0.902777778,1,0.133767217,7.302812332,7.277506155,true,none
1785074614.525164604,per_message_full_scan,720,720,6.274458647,6.274458612,0.901388889,0.901388889,1,0.132915512,7.384752824,7.559778228,true,none
1785074615.525195122,per_message_full_scan,720,720,6.274458647,6.274458612,0.895833333,0.895833333,1,0.134209603,7.400297687,7.384223296,true,none
1785074616.525201559,per_message_full_scan,720,720,6.274458647,6.274458612,0.895833333,0.895833333,1,0.134126216,7.401292200,7.488807238,true,none
1785074617.525174618,per_message_full_scan,720,720,6.274458647,6.274458612,0.893055556,0.893055556,1,0.133994967,7.395722890,7.351014858,true,none
1785074618.538402557,per_message_full_scan,720,720,6.274458647,6.274458612,0.897222222,0.897222222,1,0.133854672,7.404683588,7.496877524,true,none
1785074619.525189638,per_message_full_scan,720,720,6.274458647,6.274458612,0.901388889,0.901388889,1,0.133964226,7.403610122,7.330220280,true,none
1785074620.525274992,per_message_full_scan,720,720,6.274458647,6.274458612,0.898611111,0.898611111,1,0.134052873,7.408160869,7.492866863,true,none
1785074621.525161982,per_message_full_scan,720,720,6.274458647,6.274458612,0.891666667,0.891666667,1,0.134091213,7.347687948,7.452660595,true,none
1785074622.525184393,per_message_full_scan,720,720,6.274458647,6.274458612,0.897222222,0.897222222,1,0.135843650,7.366975346,7.644513156,true,none
1785074623.525196075,per_message_full_scan,720,720,6.274458647,6.274458612,0.891666667,0.891666667,1,0.133971706,7.405131090,7.452558942,true,none
1785074624.525174618,per_message_full_scan,720,720,6.274458647,6.274458612,0.901388889,0.901388889,1,0.134087533,7.405681054,7.376750469,true,none
1785074625.525228500,per_message_full_scan,720,720,6.274458647,6.274458612,0.898611111,0.898611111,1,0.134713039,7.399919253,7.455580054,true,none
1785074626.525181532,per_message_full_scan,720,720,6.274458647,6.274458612,0.905555556,0.905555556,1,0.134184301,7.401883145,7.718966446,true,none
1785074627.525166750,per_message_full_scan,720,720,6.274458647,6.274458612,0.897222222,0.897222222,1,0.134354517,7.389938491,7.430104267,true,none
1785074628.525208473,per_message_full_scan,720,720,6.274458647,6.274458612,0.888888889,0.888888889,1,0.134007975,7.404686544,7.597622189,true,none
1785074629.525179625,per_message_full_scan,720,720,6.274458647,6.274458612,0.900000000,0.900000000,1,0.133768573,7.376664836,7.422389450,true,none
1785074630.525280714,per_message_full_scan,720,720,6.274458647,6.274458612,0.894444444,0.894444444,1,0.132041112,7.398006492,7.399096121,true,none
1785074631.532941103,per_message_full_scan,720,720,6.274458647,6.274458612,0.897222222,0.897222222,1,0.132368505,7.407622025,7.519195816,true,none
1785074632.525169849,per_message_full_scan,720,720,6.274458647,6.274458612,0.893055556,0.893055556,1,0.133600995,7.403096046,7.415724905,true,none
1785074633.525199890,per_message_full_scan,720,720,6.274458647,6.274458612,0.893055556,0.893055556,1,0.134081334,7.410325583,7.498430976,true,none
1785074634.529919147,per_message_full_scan,720,720,6.274458647,6.274458612,0.901388889,0.901388889,1,0.132697403,7.394448422,7.359558164,true,none
1785074635.525192499,per_message_full_scan,720,720,6.274458647,6.274458612,0.900000000,0.900000000,1,0.134078011,7.401008317,7.538211465,true,none
1785074636.525185585,per_message_full_scan,720,720,6.274458647,6.274458612,0.897222222,0.897222222,1,0.134009510,7.402720669,7.808429790,true,none
1785074637.525182724,per_message_full_scan,720,720,6.274458647,6.274458612,0.898611111,0.898611111,1,0.134163052,7.410661317,7.563670049,true,none
1785074638.525174856,per_message_full_scan,720,720,6.274458647,6.274458612,0.893055556,0.893055556,1,0.132251292,7.352552846,7.354344808,true,none
1785074639.538762331,per_message_full_scan,720,720,6.274458647,6.274458612,0.894444444,0.894444444,1,0.134154856,7.387959581,7.484578274,true,none
1785074640.525236130,per_message_full_scan,720,720,6.274458647,6.274458612,0.888888889,0.888888889,1,0.134148762,7.409401615,7.525472694,true,none
1785074641.572829008,per_message_full_scan,720,720,6.274458647,6.274458612,0.891666667,0.891666667,1,0.133267820,7.404295985,7.202226961,true,none
1785074642.525212526,per_message_full_scan,720,720,6.274458647,6.274458612,0.906944444,0.906944444,1,0.134152591,7.405977501,7.502404934,true,none
1785074643.525181770,per_message_full_scan,720,720,6.274458647,6.274458612,0.888888889,0.888888889,1,0.134268150,7.423166197,7.184329946,true,none
1785074644.525817871,per_message_full_scan,720,720,6.274458647,6.274458612,0.887500000,0.887500000,1,0.133971155,7.407773526,7.534769727,true,none
1785074645.525178432,per_message_full_scan,720,720,6.274458647,6.274458612,0.901388889,0.901388889,1,0.134177744,7.363521760,7.495262696,true,none
1785074646.525177956,per_message_full_scan,720,720,6.274458647,6.274458612,0.887500000,0.887500000,1,0.135289535,7.370041590,7.509647923,true,none
1785074647.525177002,per_message_full_scan,720,720,6.274458647,6.274458612,0.886111111,0.886111111,1,0.134268403,7.397112547,7.254895910,true,none
1785074648.525194407,per_message_full_scan,720,720,6.274458647,6.274458612,0.888888889,0.888888889,1,0.134029865,7.409922567,7.480522024,true,none
1785074649.547463655,per_message_full_scan,720,720,6.274458647,6.274458612,0.888888889,0.888888889,1,0.134043634,7.403922969,7.452209220,true,none
1785074650.525178909,per_message_full_scan,720,720,6.274458647,6.274458612,0.901388889,0.901388889,1,0.133799478,7.403862513,7.568457587,true,none
1785074651.525189638,per_message_full_scan,720,720,6.274458647,6.274458612,0.898611111,0.898611111,1,0.134012297,7.392036224,7.416168518,true,none
1785074652.525187492,per_message_full_scan,720,720,6.274458647,6.274458612,0.891666667,0.891666667,1,0.133969501,7.400948045,7.536934867,true,none
1785074653.525184155,per_message_full_scan,720,720,6.274458647,6.274458612,0.894444444,0.894444444,1,0.134164035,7.401223121,7.352033141,true,none
1785074654.557107925,per_message_full_scan,720,720,6.274458647,6.274458612,0.888888889,0.888888889,1,0.134119794,7.384662523,7.229947010,true,none
1785074655.525867939,per_message_full_scan,720,720,6.274458647,6.274458612,0.901388889,0.901388889,1,0.133672863,7.402548834,7.469534840,true,none
1785074656.525178909,per_message_full_scan,720,720,6.274458647,6.274458612,0.891666667,0.891666667,1,0.134138256,7.403069182,7.551762251,true,none
1785074657.525167704,per_message_full_scan,720,720,6.274458647,6.274458612,0.890277778,0.890277778,1,0.134131789,7.404948248,7.457952885,true,none
1785074658.525206327,per_message_full_scan,720,720,6.274458647,6.274458612,0.902777778,0.902777778,1,0.132304162,7.406348894,7.470863393,true,none
1785074659.548987865,per_message_full_scan,720,720,6.274458647,6.274458612,0.901388889,0.901388889,1,0.133568302,7.408884209,7.408311556,true,none
1785074660.525206566,per_message_full_scan,720,720,6.274458647,6.274458612,0.886111111,0.886111111,1,0.134079441,7.402041926,7.475051649,true,none
1785074661.525176764,per_message_full_scan,720,720,6.274458647,6.274458612,0.888888889,0.888888889,1,0.146109968,7.268056722,7.449568706,true,none
1785074662.542890787,per_message_full_scan,720,720,6.274458647,6.274458612,0.904166667,0.904166667,1,0.134556413,7.370563094,7.317050186,true,none
1785074663.525202990,per_message_full_scan,720,720,6.274458647,6.274458612,0.898611111,0.898611111,1,0.134176195,7.385032951,7.536137842,true,none
1785074664.558473825,per_message_full_scan,720,720,6.274458647,6.274458612,0.891666667,0.891666667,1,0.134123713,7.391921414,7.398077318,true,none
1785074665.525169611,per_message_full_scan,720,720,6.274458647,6.274458612,0.898611111,0.898611111,1,0.133725196,7.404654850,7.516863244,true,none
1785074666.525172710,per_message_full_scan,720,720,6.274458647,6.274458612,0.888888889,0.888888889,1,0.133993089,7.400583821,7.275796359,true,none
1785074667.525180817,per_message_full_scan,720,720,6.274458647,6.274458612,0.902777778,0.902777778,1,0.134155124,7.408833264,7.537423970,true,none
1785074668.525190592,per_message_full_scan,720,720,6.274458647,6.274458612,0.895833333,0.895833333,1,0.134002507,7.406711027,7.273414165,true,none
1785074669.525185347,per_message_full_scan,720,720,6.274458647,6.274458612,0.902777778,0.902777778,1,0.132413223,7.355877791,7.546370027,true,none
1785074670.525198698,per_message_full_scan,720,720,6.274458647,6.274458612,0.902777778,0.902777778,1,0.131392464,7.403519881,7.414421554,true,none
1785074671.525162220,per_message_full_scan,720,720,6.274458647,6.274458612,0.898611111,0.898611111,1,0.134286955,7.401159700,7.443430789,true,none
1785074672.540770054,per_message_full_scan,720,720,6.274458647,6.274458612,0.897222222,0.897222222,1,0.134096771,7.410024387,7.437767639,true,none
1785074673.525210857,per_message_full_scan,720,720,6.274458647,6.274458612,0.902777778,0.902777778,1,0.134076610,7.401155687,7.455905739,true,none
1785074674.525347471,per_message_full_scan,720,720,6.274458647,6.274458612,0.897222222,0.897222222,1,0.133051679,7.404292677,7.478963591,true,none
1785074675.525218248,per_message_full_scan,720,720,6.274458647,6.274458612,0.898611111,0.898611111,1,0.131147146,7.413446316,7.477392908,true,none
1785074676.525274992,per_message_full_scan,720,720,6.274458647,6.274458612,0.894444444,0.894444444,1,0.133946672,7.404805864,7.498175552,true,none
1785074677.529556990,per_message_full_scan,720,720,6.274458647,6.274458612,0.897222222,0.897222222,1,0.134403810,7.400886421,7.489025621,true,none
1785074678.525189638,per_message_full_scan,720,720,6.274458647,6.274458612,0.897222222,0.897222222,1,0.134071812,7.398373837,7.593254815,true,none
1785074679.525196075,per_message_full_scan,720,720,6.274458647,6.274458612,0.895833333,0.895833333,1,0.134095579,7.366296209,7.430507304,true,none
1785074680.525174618,per_message_full_scan,720,720,6.274458647,6.274458612,0.901388889,0.901388889,1,0.134142935,7.400226831,7.559604458,true,none
1785074681.525196075,per_message_full_scan,720,720,6.274458647,6.274458612,0.898611111,0.898611111,1,0.133529559,7.401567102,7.209605096,true,none
1785074682.550619841,per_message_full_scan,720,720,6.274458647,6.274458612,0.897222222,0.897222222,1,0.134083956,7.404188345,7.419089236,true,none
1785074683.525276184,per_message_full_scan,720,720,6.274458647,6.274458612,0.900000000,0.900000000,1,0.134113044,7.402531912,7.228957269,true,none
1785074684.525177240,per_message_full_scan,720,720,6.274458647,6.274458612,0.894444444,0.894444444,1,0.134073809,7.406828595,7.417194836,true,none
1785074685.533168793,per_message_full_scan,720,720,6.274458647,6.274458612,0.895833333,0.895833333,1,0.134082675,7.403855596,7.374334265,true,none
1785074686.525178671,per_message_full_scan,720,720,6.274458647,6.274458612,0.895833333,0.895833333,1,0.134161562,7.388886120,7.481176885,true,none
1785074687.529237032,per_message_full_scan,720,720,6.274458647,6.274458612,0.891666667,0.891666667,1,0.133831605,7.406097832,7.550062344,true,none
1785074688.525175095,per_message_full_scan,720,720,6.274458647,6.274458612,0.898611111,0.898611111,1,0.145723373,7.285783722,7.410778351,true,none
1785074689.525235176,per_message_full_scan,720,720,6.274458647,6.274458612,0.894444444,0.894444444,1,0.131226107,7.348962511,7.441631301,true,none
1785074690.559089184,per_message_full_scan,720,720,6.274458647,6.274458612,0.891666667,0.891666667,1,0.134564534,7.348940324,7.375785020,true,none
1785074691.525241613,per_message_full_scan,720,720,6.274458647,6.274458612,0.898611111,0.898611111,1,0.134277880,7.394611702,7.536199267,true,none
1785074692.525170088,per_message_full_scan,720,720,6.274458647,6.274458612,0.886111111,0.886111111,1,0.134173185,7.397997715,7.453513545,true,none
1785074693.525221586,per_message_full_scan,720,720,6.274458647,6.274458612,0.900000000,0.900000000,1,0.134160802,7.410819670,7.579344160,true,none
1785074694.525247574,per_message_full_scan,720,720,6.274458647,6.274458612,0.904166667,0.904166667,1,0.133739546,7.352262559,7.364970337,true,none
1785074695.525281191,per_message_full_scan,720,720,6.274458647,6.274458612,0.897222222,0.897222222,1,0.134235188,7.393428384,7.169106088,true,none
1785074696.538409710,per_message_full_scan,720,720,6.274458647,6.274458612,0.890277778,0.890277778,1,0.132348254,7.363649503,7.165644230,true,none
1785074697.525222063,per_message_full_scan,720,720,6.274458647,6.274458612,0.898611111,0.898611111,1,0.143144935,7.279510832,7.375033283,true,none
1785074698.564928770,per_message_full_scan,720,720,6.274458647,6.274458612,0.895833333,0.895833333,1,0.132634133,7.388371279,7.305111769,true,none
1785074699.525182962,per_message_full_scan,720,720,6.274458647,6.274458612,0.901388889,0.901388889,1,0.132010415,7.364277086,7.504163068,true,none
1785074700.525228024,per_message_full_scan,720,720,6.274458647,6.274458612,0.898611111,0.898611111,1,0.134096280,7.392310080,7.418103581,true,none
1785074701.560426712,per_message_full_scan,720,720,6.274458647,6.274458612,0.893055556,0.893055556,1,0.146373644,7.284744995,7.198237474,true,none
1785074702.525167704,per_message_full_scan,720,720,6.274458647,6.274458612,0.902777778,0.902777778,1,0.133791164,7.377191301,7.456647608,true,none
1785074703.525211573,per_message_full_scan,720,720,6.274458647,6.274458612,0.905555556,0.905555556,1,0.131239027,7.385914903,7.330725825,true,none
1785074704.548370361,per_message_full_scan,720,720,6.274458647,6.274458612,0.890277778,0.890277778,1,0.134081334,7.347521475,7.214483291,true,none
1785074705.525178671,per_message_full_scan,720,720,6.274458647,6.274458612,0.906944444,0.906944444,1,0.133804649,7.393195915,7.572229865,true,none
1785074706.525203943,per_message_full_scan,720,720,6.274458647,6.274458612,0.901388889,0.901388889,1,0.145826891,7.277405188,7.227354897,true,none
1785074707.525254965,per_message_full_scan,720,720,6.274458647,6.274458612,0.895833333,0.895833333,1,0.134026662,7.382378525,7.535722280,true,none
1785074708.525397539,per_message_full_scan,720,720,6.274458647,6.274458612,0.898611111,0.898611111,1,0.132374853,7.403488656,7.450454672,true,none
1785074709.573164701,per_message_full_scan,720,720,6.274458647,6.274458612,0.901388889,0.901388889,1,0.134344354,6.297444825,5.942911588,true,none
1785074710.525212765,per_message_full_scan,720,720,6.274458647,6.274458612,0.898611111,0.898611111,1,0.132453695,7.173905886,7.281283780,true,none
1785074711.525189400,per_message_full_scan,720,720,6.274458647,6.274458612,0.877777778,0.877777778,1,0.134265646,7.359829279,7.434712728,true,none
1785074712.525204897,per_message_full_scan,720,720,6.274458647,6.274458612,0.890277778,0.890277778,1,0.133548200,7.398977433,7.550091323,true,none
1785074713.525182724,per_message_full_scan,720,720,6.274458647,6.274458612,0.888888889,0.888888889,1,0.134333834,7.345657002,7.619793407,true,none
1785074714.559082985,per_message_full_scan,720,720,6.274458647,6.274458612,0.900000000,0.900000000,1,0.134136274,7.396388139,7.445171962,true,none
1785074715.525173187,per_message_full_scan,720,720,6.274458647,6.274458612,0.905555556,0.905555556,1,0.132659614,6.916043708,6.925505678,true,none
1785074716.525173903,per_message_full_scan,720,720,6.274458647,6.274458612,0.901388889,0.901388889,1,0.134199873,7.274137490,7.148849504,true,none
1785074717.576193094,per_message_full_scan,720,720,6.274458647,6.274458612,0.906944444,0.906944444,1,0.132238746,7.353969685,7.125631247,true,none
1785074718.525223732,per_message_full_scan,720,720,6.274458647,6.274458612,0.904166667,0.904166667,1,0.146475062,7.271970917,7.557229459,true,none
1785074719.525364876,per_message_full_scan,720,720,6.274458647,6.274458612,0.894444444,0.894444444,1,0.132123351,7.374813273,7.514361927,true,none
1785074720.533123016,per_message_full_scan,720,720,6.274458647,6.274458612,0.909722222,0.909722222,1,0.131416216,7.327814894,7.769932781,true,none
1785074721.525470972,per_message_full_scan,720,720,6.274458647,6.274458612,0.908333333,0.908333333,1,0.133106291,7.390934314,7.435520730,true,none
1785074722.525180817,per_message_full_scan,720,720,6.274458647,6.274458612,0.902777778,0.902777778,1,0.134693637,7.342943798,7.409698976,true,none
1785074723.525171757,per_message_full_scan,720,720,6.274458647,6.274458612,0.904166667,0.904166667,1,0.134647712,7.386495153,7.562294595,true,none
1785074724.525196075,per_message_full_scan,720,720,6.274458647,6.274458612,0.890277778,0.890277778,1,0.133629903,7.376569858,7.466062776,true,none
1785074725.525199413,per_message_full_scan,720,720,6.274458647,6.274458612,0.895833333,0.895833333,1,0.133678585,7.313909910,7.296152737,true,none
1785074726.547988176,per_message_full_scan,720,720,6.274458647,6.274458612,0.901388889,0.901388889,1,0.136586338,7.353929964,7.234010402,true,none
1785074727.525181293,per_message_full_scan,720,720,6.274458647,6.274458612,0.900000000,0.900000000,1,0.134307221,7.374219182,7.440619998,true,none
1785074728.525223732,per_message_full_scan,720,720,6.274458647,6.274458612,0.906944444,0.906944444,1,0.135120884,7.282161369,7.375773072,true,none
1785074729.525206566,per_message_full_scan,720,720,6.274458647,6.274458612,0.898611111,0.898611111,1,0.133082047,7.387076047,7.407762270,true,none
1785074730.525394201,per_message_full_scan,720,720,6.274458647,6.274458612,0.897222222,0.897222222,1,0.133949101,7.110505036,7.048285137,true,none
1785074731.525231123,per_message_full_scan,720,720,6.274458647,6.274458612,0.908333333,0.908333333,1,0.142888054,7.231850797,7.395738961,true,none
1785074732.527621031,per_message_full_scan,720,720,6.274458647,6.274458612,0.900000000,0.900000000,1,0.133481145,7.371379754,7.404655228,true,none
1785074733.525183439,per_message_full_scan,720,720,6.274458647,6.274458612,0.895833333,0.895833333,1,0.133083686,7.343695370,7.315329159,true,none
1785074734.525187492,per_message_full_scan,720,720,6.274458647,6.274458612,0.887500000,0.887500000,1,0.135837823,7.373565163,7.524213719,true,none
1785074735.525147200,per_message_full_scan,720,720,6.274458647,6.274458612,0.905555556,0.905555556,1,0.133841470,7.368405053,7.423927535,true,none
1785074736.525181770,per_message_full_scan,720,720,6.274458647,6.274458612,0.898611111,0.898611111,1,0.133390278,7.277651894,7.263337279,true,none
1785074737.525168180,per_message_full_scan,720,720,6.274458647,6.274458612,0.901388889,0.901388889,1,0.133799657,7.378081812,7.434444766,true,none
1785074738.525207043,per_message_full_scan,720,720,6.274458647,6.274458612,0.900000000,0.900000000,1,0.134199664,7.347156827,7.438906544,true,none
1785074739.525181770,per_message_full_scan,720,720,6.274458647,6.274458612,0.901388889,0.901388889,1,0.132602975,7.400824127,7.488603457,true,none
1785074740.525248051,per_message_full_scan,720,720,6.274458647,6.274458612,0.895833333,0.895833333,1,0.134099692,7.369950886,7.231622640,true,none
1785074741.525189161,per_message_full_scan,720,720,6.274458647,6.274458612,0.895833333,0.895833333,1,0.134041876,7.312469953,7.398492015,true,none
1785074742.525249481,per_message_full_scan,720,720,6.274458647,6.274458612,0.906944444,0.906944444,1,0.131856516,7.407545017,7.454540328,true,none
1785074743.558897495,per_message_full_scan,720,720,6.274458647,6.274458612,0.904166667,0.904166667,1,0.134734616,7.351780647,7.633827524,true,none
1785074744.525206327,per_message_full_scan,720,720,6.274458647,6.274458612,0.902777778,0.902777778,1,0.133463711,7.316530791,7.233216527,true,none
1785074745.525161743,per_message_full_scan,720,720,6.274458647,6.274458612,0.902777778,0.902777778,1,0.134163678,7.362715232,7.414713535,true,none
1785074746.563819885,per_message_full_scan,720,720,6.274458647,6.274458612,0.890277778,0.890277778,1,0.134073570,7.373020545,7.285148158,true,none
1785074747.525186777,per_message_full_scan,720,720,6.274458647,6.274458612,0.897222222,0.897222222,1,0.134247348,7.304153724,7.275339695,true,none
1785074748.525178432,per_message_full_scan,720,720,6.274458647,6.274458612,0.890277778,0.890277778,1,0.134425893,7.357948169,7.484659414,true,none
1785074749.538576603,per_message_full_scan,720,720,6.274458647,6.274458612,0.901388889,0.901388889,1,0.134080589,7.381120635,7.505850610,true,none
1785074750.525190115,per_message_full_scan,720,720,6.274458647,6.274458612,0.904166667,0.904166667,1,0.145099238,7.253444757,7.178467505,true,none
1785074751.525192976,per_message_full_scan,720,720,6.274458647,6.274458612,0.895833333,0.895833333,1,0.132010594,7.380482974,7.400196942,true,none
1785074752.536533833,per_message_full_scan,720,720,6.274458647,6.274458612,0.890277778,0.890277778,1,0.134138152,7.365923063,7.468539363,true,none
1785074753.525165558,per_message_full_scan,720,720,6.274458647,6.274458612,0.898611111,0.898611111,1,0.146458209,7.275632582,7.527513169,true,none
1785074754.525436401,per_message_full_scan,720,720,6.274458647,6.274458612,0.905555556,0.905555556,1,0.133770674,7.384879776,7.397386777,true,none
1785074755.526751280,per_message_full_scan,720,720,6.274458647,6.274458612,0.902777778,0.902777778,1,0.134470820,7.343274766,7.492924053,true,none
1785074756.525177240,per_message_full_scan,720,720,6.274458647,6.274458612,0.900000000,0.900000000,1,0.134224266,7.323151257,7.438554043,true,none
1785074757.525166035,per_message_full_scan,720,720,6.274458647,6.274458612,0.875000000,0.875000000,1,0.134762377,7.396638493,7.289056014,true,none
1785074758.555583477,per_message_full_scan,720,720,6.274458647,6.274458612,0.897222222,0.897222222,1,0.135267332,7.359944970,7.344264198,true,none
1785074759.525177717,per_message_full_scan,720,720,6.274458647,6.274458612,0.895833333,0.895833333,1,0.133091614,7.325664421,7.559389230,true,none
1785074760.525175333,per_message_full_scan,720,720,6.274458647,6.274458612,0.891666667,0.891666667,1,0.145994574,7.275062492,7.422464351,true,none
1785074761.538497210,per_message_full_scan,720,720,6.274458647,6.274458612,0.891666667,0.891666667,1,0.133118942,38.994041118,7.129293807,true,none
1785074762.525189161,per_message_full_scan,720,720,6.274458647,6.274458612,0.900000000,0.900000000,1,0.134041131,13.991489244,7.139163221,true,none
1785074763.525161743,per_message_full_scan,720,720,6.274458647,6.274458612,0.895833333,0.895833333,1,0.146586373,8.639818372,7.155282579,true,none
1785074764.535675764,per_message_full_scan,720,720,6.274458647,6.274458612,0.898611111,0.898611111,1,0.133525193,7.601138136,7.425144416,true,none
1785074765.525168896,per_message_full_scan,720,720,6.274458647,6.274458612,0.897222222,0.897222222,1,0.133479297,7.403677512,7.449345252,true,none
1785074766.525202751,per_message_full_scan,720,720,6.274458647,6.274458612,0.888888889,0.888888889,1,0.147868752,7.262949195,7.180900659,true,none
1785074767.525174379,per_message_full_scan,720,720,6.274458647,6.274458612,0.897222222,0.897222222,1,0.134849608,7.372651488,7.519462563,true,none
1785074768.525203943,per_message_full_scan,720,720,6.274458647,6.274458612,0.901388889,0.901388889,1,0.132199079,7.360190272,7.392685835,true,none
1785074769.525295973,per_message_full_scan,720,720,6.274458647,6.274458612,0.894444444,0.894444444,1,0.146458194,7.275816214,7.191326073,true,none
1785074770.525178909,per_message_full_scan,720,720,6.274458647,6.274458612,0.898611111,0.898611111,1,0.133480445,7.360828008,7.548675829,true,none
1785074771.525176048,per_message_full_scan,720,720,6.274458647,6.274458612,0.886111111,0.886111111,1,0.133737355,7.324654953,7.564727122,true,none
1785074772.525221348,per_message_full_scan,720,720,6.274458647,6.274458612,0.904166667,0.904166667,1,0.134104848,7.294496110,7.351936834,true,none
1785074773.539446592,per_message_full_scan,720,720,6.274458647,6.274458612,0.905555556,0.905555556,1,0.146299869,7.267436906,7.406516211,true,none
1785074774.525183916,per_message_full_scan,720,720,6.274458647,6.274458612,0.901388889,0.901388889,1,0.133442953,7.371535891,7.455032374,true,none
1785074775.525171995,per_message_full_scan,720,720,6.274458647,6.274458612,0.902777778,0.902777778,1,0.135176763,7.329901875,7.529802125,true,none
1785074776.532498121,per_message_full_scan,720,720,6.274458647,6.274458612,0.902777778,0.902777778,1,0.134221166,7.302187161,7.328036043,true,none
1785074777.525189400,per_message_full_scan,720,720,6.274458647,6.274458612,0.900000000,0.900000000,1,0.134313405,7.387112969,7.886116077,true,none
1785074778.525182962,per_message_full_scan,720,720,6.274458647,6.274458612,0.888888889,0.888888889,1,0.134328902,7.352014937,7.504280260,true,none
1785074779.525166512,per_message_full_scan,720,720,6.274458647,6.274458612,0.897222222,0.897222222,1,0.133022949,7.278388596,7.455053752,true,none
1785074780.525238037,per_message_full_scan,720,720,6.274458647,6.274458612,0.905555556,0.905555556,1,0.134177521,7.378728072,7.327649016,true,none
1785074781.525202513,per_message_full_scan,720,720,6.274458647,6.274458612,0.900000000,0.900000000,1,0.133309528,7.368683659,7.567200538,true,none
1785074782.525290966,per_message_full_scan,720,720,6.274458647,6.274458612,0.886111111,0.886111111,1,0.133624986,7.315860398,7.507462349,true,none
1785074783.525157690,per_message_full_scan,720,720,6.274458647,6.274458612,0.895833333,0.895833333,1,0.133988544,7.393077062,7.486696945,true,none
1785074784.525164604,per_message_full_scan,720,720,6.274458647,6.274458612,0.898611111,0.898611111,1,0.134024575,7.353345418,7.471642322,true,none
1785074785.525184155,per_message_full_scan,720,720,6.274458647,6.274458612,0.886111111,0.886111111,1,0.134112254,7.343176743,7.495381677,true,none
1785074786.525143385,per_message_full_scan,720,720,6.274458647,6.274458612,0.897222222,0.897222222,1,0.133898929,7.391393060,7.397712659,true,none
1785074787.525168896,per_message_full_scan,720,720,6.274458647,6.274458612,0.901388889,0.901388889,1,0.134163052,7.330725950,7.415436698,true,none
1785074788.531489134,per_message_full_scan,720,720,6.274458647,6.274458612,0.912500000,0.912500000,1,0.134336621,7.321893950,7.264621934,true,none
1785074789.525236130,per_message_full_scan,720,720,6.274458647,6.274458612,0.898611111,0.898611111,1,0.132797167,7.396648865,7.454948645,true,none
1785074790.525341272,per_message_full_scan,720,720,6.274458647,6.274458612,0.904166667,0.904166667,1,0.134067848,7.370043594,7.409876888,true,none
1785074791.528156519,per_message_full_scan,720,720,6.274458647,6.274458612,0.904166667,0.904166667,1,0.130905107,7.323421740,7.351585089,true,none
1785074792.525170326,per_message_full_scan,720,720,6.274458647,6.274458612,0.897222222,0.897222222,1,0.134750798,7.388924997,7.445550464,true,none
1785074793.549746752,per_message_full_scan,720,720,6.274458647,6.274458612,0.906944444,0.906944444,1,0.134048253,7.385865041,7.417879013,true,none
1785074794.525171041,per_message_full_scan,720,720,6.274458647,6.274458612,0.905555556,0.905555556,1,0.130960599,7.365321618,7.339381144,true,none
1785074795.525201082,per_message_full_scan,720,720,6.274458647,6.274458612,0.901388889,0.901388889,1,0.146600783,7.265580239,7.206110095,true,none
1785074796.572950840,per_message_full_scan,720,720,6.274458647,6.274458612,0.901388889,0.901388889,1,0.133088812,7.383489770,7.129221572,true,none
1785074797.525192261,per_message_full_scan,720,720,6.274458647,6.274458612,0.895833333,0.895833333,1,0.134015843,7.350378102,7.501969337,true,none
1785074798.525227547,per_message_full_scan,720,720,6.274458647,6.274458612,0.900000000,0.900000000,1,0.146600112,7.271064272,7.403867018,true,none
1785074799.562574863,per_message_full_scan,720,720,6.274458647,6.274458612,0.900000000,0.900000000,1,0.132742479,7.353688307,7.420652803,true,none
1785074800.525169849,per_message_full_scan,720,720,6.274458647,6.274458612,0.895833333,0.895833333,1,0.134229675,7.368765383,7.839042598,true,none
1785074801.525171041,per_message_full_scan,720,720,6.274458647,6.274458612,0.890277778,0.890277778,1,0.133642763,7.308616926,7.460644885,true,none
1785074802.558524370,per_message_full_scan,720,720,6.274458647,6.274458612,0.890277778,0.890277778,1,0.132244036,7.382371274,7.368769564,true,none
1785074803.525180340,per_message_full_scan,720,720,6.274458647,6.274458612,0.904166667,0.904166667,1,0.134100631,7.368136365,7.258262174,true,none
1785074804.525169373,per_message_full_scan,720,720,6.274458647,6.274458612,0.895833333,0.895833333,1,0.134047821,7.343787475,7.407136857,true,none
1785074805.546369553,per_message_full_scan,720,720,6.274458647,6.274458612,0.900000000,0.900000000,1,0.145759150,7.274605347,7.419712541,true,none
1785074806.525161743,per_message_full_scan,720,720,6.274458647,6.274458612,0.886111111,0.886111111,1,0.134105638,7.374458392,7.441703741,true,none
1785074807.525163889,per_message_full_scan,720,720,6.274458647,6.274458612,0.905555556,0.905555556,1,0.134240136,7.358450521,7.192310942,true,none
1785074808.537821531,per_message_full_scan,720,720,6.274458647,6.274458612,0.893055556,0.893055556,1,0.134367526,7.313543355,7.827986487,true,none
1785074809.525341988,per_message_full_scan,720,720,6.274458647,6.274458612,0.898611111,0.898611111,1,0.134183303,7.368735394,7.473531398,true,none
1785074810.525191069,per_message_full_scan,720,720,6.274458647,6.274458612,0.902777778,0.902777778,1,0.132442400,7.365646143,7.392024821,true,none
1785074811.556502581,per_message_full_scan,720,720,6.274458647,6.274458612,0.905555556,0.905555556,1,0.134458393,7.316408917,7.365936827,true,none
1785074812.525191784,per_message_full_scan,720,720,6.274458647,6.274458612,0.898611111,0.898611111,1,0.133615568,7.399591858,7.403006883,true,none
1785074813.525189877,per_message_full_scan,720,720,6.274458647,6.274458612,0.894444444,0.894444444,1,0.132067800,7.382500324,7.440834273,true,none
1785074814.548045635,per_message_full_scan,720,720,6.274458647,6.274458612,0.898611111,0.898611111,1,0.133314952,7.351496327,7.397179406,true,none
1785074815.525182009,per_message_full_scan,720,720,6.274458647,6.274458612,0.897222222,0.897222222,1,0.146628827,7.251801995,7.165973573,true,none
1785074816.525179863,per_message_full_scan,720,720,6.274458647,6.274458612,0.900000000,0.900000000,1,0.134279251,7.372287231,7.476375864,true,none
1785074817.542577982,per_message_full_scan,720,720,6.274458647,6.274458612,0.895833333,0.895833333,1,0.133263916,7.356622909,7.375472272,true,none
1785074818.525177002,per_message_full_scan,720,720,6.274458647,6.274458612,0.900000000,0.900000000,1,0.146690071,7.275304087,7.239750819,true,none
1785074819.525225401,per_message_full_scan,720,720,6.274458647,6.274458612,0.894444444,0.894444444,1,0.133971885,7.374501612,7.557633645,true,none
1785074820.529865503,per_message_full_scan,720,720,6.274458647,6.274458612,0.912500000,0.912500000,1,0.133562863,7.360458928,7.415178726,true,none
1785074821.525163412,per_message_full_scan,720,720,6.274458647,6.274458612,0.898611111,0.898611111,1,0.133765712,7.292811757,7.341151445,true,none
1785074822.525202990,per_message_full_scan,720,720,6.274458647,6.274458612,0.900000000,0.900000000,1,0.133860588,7.382643458,7.521918844,true,none
1785074823.525166512,per_message_full_scan,720,720,6.274458647,6.274458612,0.904166667,0.904166667,1,0.133340120,7.374932751,7.557244209,true,none
1785074824.525180578,per_message_full_scan,720,720,6.274458647,6.274458612,0.906944444,0.906944444,1,0.133356199,7.321046828,7.521869394,true,none
1785074825.525170088,per_message_full_scan,720,720,6.274458647,6.274458612,0.900000000,0.900000000,1,0.134173989,7.388687174,7.427614890,true,none
1785074826.549140215,per_message_full_scan,720,720,6.274458647,6.274458612,0.901388889,0.901388889,1,0.133367643,7.369008832,7.359771246,true,none
1785074827.525160551,per_message_full_scan,720,720,6.274458647,6.274458612,0.900000000,0.900000000,1,0.148783371,7.249678791,7.270334415,true,none
1785074828.525383234,per_message_full_scan,720,720,6.274458647,6.274458612,0.906944444,0.906944444,1,0.132932320,7.364037826,7.461794225,true,none
1785074829.534084082,per_message_full_scan,720,720,6.274458647,6.274458612,0.891666667,0.891666667,1,0.134392947,7.321117840,7.412983730,true,none
1785074830.525254965,per_message_full_scan,720,720,6.274458647,6.274458612,0.890277778,0.890277778,1,0.134870335,7.264912783,7.681055567,true,none
1785074831.525159121,per_message_full_scan,720,720,6.274458647,6.274458612,0.902777778,0.902777778,1,0.133594349,7.386343139,7.428065919,true,none
1785074832.529990673,per_message_full_scan,720,720,6.274458647,6.274458612,0.894444444,0.894444444,1,0.134100452,7.335241363,7.384805828,true,none
1785074833.527695656,per_message_full_scan,720,720,6.274458647,6.274458612,0.883333333,0.883333333,1,0.133496076,7.295942713,7.302521804,true,none
1785074834.525181532,per_message_full_scan,720,720,6.274458647,6.274458612,0.901388889,0.901388889,1,0.134220064,7.392395060,7.490417134,true,none
1785074835.525903940,per_message_full_scan,720,720,6.274458647,6.274458612,0.894444444,0.894444444,1,0.134124234,7.371965149,7.510744769,true,none
1785074836.525166035,per_message_full_scan,720,720,6.274458647,6.274458612,0.893055556,0.893055556,1,0.135857254,7.106136975,7.284538967,true,none
1785074837.525163889,per_message_full_scan,720,720,6.274458647,6.274458612,0.905555556,0.905555556,1,0.134913370,7.393655020,7.540456117,true,none
1785074838.525147676,per_message_full_scan,720,720,6.274458647,6.274458612,0.884722222,0.884722222,1,0.135164768,7.372536302,7.446238249,true,none
1785074839.525181770,per_message_full_scan,720,720,6.274458647,6.274458612,0.894444444,0.894444444,1,0.136907399,7.294574751,7.400610619,true,none
1785074840.525180817,per_message_full_scan,720,720,6.274458647,6.274458612,0.895833333,0.895833333,1,0.146237731,7.268903137,7.197977983,true,none
1785074841.525375605,per_message_full_scan,720,720,6.274458647,6.274458612,0.898611111,0.898611111,1,0.134215355,7.379918127,7.408050155,true,none
1785074842.525162935,per_message_full_scan,720,720,6.274458647,6.274458612,0.893055556,0.893055556,1,0.134251669,7.361402865,7.411125031,true,none
1785074843.525207996,per_message_full_scan,720,720,6.274458647,6.274458612,0.895833333,0.895833333,1,0.134366453,7.293554531,7.510034886,true,none
1785074844.525123119,per_message_full_scan,720,720,6.274458647,6.274458612,0.887500000,0.887500000,1,0.131722108,7.392039891,7.320971704,true,none
1785074845.525169611,per_message_full_scan,720,720,6.274458647,6.274458612,0.898611111,0.898611111,1,0.133479580,7.355263827,7.222464742,true,none
1785074846.525192261,per_message_full_scan,720,720,6.274458647,6.274458612,0.900000000,0.900000000,1,0.135072619,7.334887460,7.450776951,true,none
1785074847.525178194,per_message_full_scan,720,720,6.274458647,6.274458612,0.895833333,0.895833333,1,0.144064620,7.281680577,7.533441881,true,none
1785074848.525217533,per_message_full_scan,720,720,6.274458647,6.274458612,0.900000000,0.900000000,1,0.133040771,7.356079363,7.338891627,true,none
1785074849.525402069,per_message_full_scan,720,720,6.274458647,6.274458612,0.904166667,0.904166667,1,0.134248078,7.336794487,7.421807576,true,none
1785074850.525178194,per_message_full_scan,720,720,6.274458647,6.274458612,0.887500000,0.887500000,1,0.135288939,7.280696384,7.483998301,true,none
1785074851.525163412,per_message_full_scan,720,720,6.274458647,6.274458612,0.902777778,0.902777778,1,0.133256897,7.383668615,7.554117778,true,none
1785074852.525235653,per_message_full_scan,720,720,6.274458647,6.274458612,0.902777778,0.902777778,1,0.133287832,7.362573181,7.360969172,true,none
1785074853.525245190,per_message_full_scan,720,720,6.274458647,6.274458612,0.902777778,0.902777778,1,0.131813884,7.334612348,7.495625670,true,none
1785074854.525152206,per_message_full_scan,720,720,6.274458647,6.274458612,0.902777778,0.902777778,1,0.130454153,7.402755655,7.412417693,true,none
1785074855.566636324,per_message_full_scan,720,720,6.274458647,6.274458612,0.897222222,0.897222222,1,0.132956862,7.385332002,7.407056508,true,none
1785074856.525151253,per_message_full_scan,720,720,6.274458647,6.274458612,0.901388889,0.901388889,1,0.131305993,7.360076144,7.281515961,true,none
1785074857.525167704,per_message_full_scan,720,720,6.274458647,6.274458612,0.897222222,0.897222222,1,0.133958638,7.280498147,7.445970003,true,none
1785074858.557336569,per_message_full_scan,720,720,6.274458647,6.274458612,0.893055556,0.893055556,1,0.132924214,7.401758538,7.382599538,true,none
1785074859.525161028,per_message_full_scan,720,720,6.274458647,6.274458612,0.904166667,0.904166667,1,0.132970795,7.344094046,7.415634378,true,none
1785074860.525165558,per_message_full_scan,720,720,6.274458647,6.274458612,0.911111111,0.911111111,1,0.134400606,7.329754097,7.315701334,true,none
1785074861.525160789,per_message_full_scan,720,720,6.274458647,6.274458612,0.894444444,0.894444444,1,0.132895976,7.258747095,7.208125149,true,none
1785074862.525213480,per_message_full_scan,720,720,6.274458647,6.274458612,0.901388889,0.901388889,1,0.133457288,7.391735359,7.446717317,true,none
1785074863.525758505,per_message_full_scan,720,720,6.274458647,6.274458612,0.902777778,0.902777778,1,0.134773001,7.334821284,7.446011231,true,none
1785074864.525137663,per_message_full_scan,720,720,6.274458647,6.274458612,0.904166667,0.904166667,1,0.133708626,7.317983954,7.806697933,true,none
1785074865.525168180,per_message_full_scan,720,720,6.274458647,6.274458612,0.890277778,0.890277778,1,0.131914929,7.316860085,7.724130896,true,none
1785074866.525222063,per_message_full_scan,720,720,6.274458647,6.274458612,0.895833333,0.895833333,1,0.133890808,7.381844713,7.459989299,true,none
1785074867.559156656,per_message_full_scan,720,720,6.274458647,6.274458612,0.895833333,0.895833333,1,0.133421034,7.398021876,7.423674383,true,none
1785074868.526245117,per_message_full_scan,720,720,6.274458647,6.274458612,0.908333333,0.908333333,1,0.128994688,7.352358368,7.295319309,true,none
1785074869.525167942,per_message_full_scan,720,720,6.274458647,6.274458612,0.904166667,0.904166667,1,0.132782757,7.326761656,7.293391733,true,none
1785074870.525376320,per_message_full_scan,720,720,6.274458647,6.274458612,0.901388889,0.901388889,1,0.146740481,7.254634686,7.139992159,true,none
1785074871.525155544,per_message_full_scan,720,720,6.274458647,6.274458612,0.893055556,0.893055556,1,0.133299544,7.391480704,7.524269469,true,none
1785074872.525187016,per_message_full_scan,720,720,6.274458647,6.274458612,0.895833333,0.895833333,1,0.132226288,7.346041764,7.554446396,true,none
1785074873.525182247,per_message_full_scan,720,720,6.274458647,6.274458612,0.901388889,0.901388889,1,0.134144649,7.354389799,7.209875589,true,none
1785074874.525411129,per_message_full_scan,720,720,6.274458647,6.274458612,0.901388889,0.901388889,1,0.133335114,7.289689344,7.842024198,true,none
1785074875.525373220,per_message_full_scan,720,720,6.274458647,6.274458612,0.898611111,0.898611111,1,0.132325709,7.377168670,7.450912120,true,none
1785074876.525602102,per_message_full_scan,720,720,6.274458647,6.274458612,0.901388889,0.901388889,1,0.134241030,7.331268971,7.392596140,true,none
1785074877.527485847,per_message_full_scan,720,720,6.274458647,6.274458612,0.901388889,0.901388889,1,0.133701548,7.352848208,7.246986866,true,none
1785074878.525150776,per_message_full_scan,720,720,6.274458647,6.274458612,0.893055556,0.893055556,1,0.134330571,7.305407211,7.500188649,true,none
1785074879.556148529,per_message_full_scan,720,720,6.274458647,6.274458612,0.906944444,0.906944444,1,0.134156644,7.398519514,7.463258078,true,none
1785074880.525167465,per_message_full_scan,720,720,6.274458647,6.274458612,0.888888889,0.888888889,1,0.134156331,7.361733007,7.429672197,true,none
1785074881.525187016,per_message_full_scan,720,720,6.274458647,6.274458612,0.895833333,0.895833333,1,0.134043336,7.340731867,7.312211631,true,none
1785074882.525314331,per_message_full_scan,720,720,6.274458647,6.274458612,0.894444444,0.894444444,1,0.146389306,7.244215592,7.200686895,true,none
1785074883.525171757,per_message_full_scan,720,720,6.274458647,6.274458612,0.890277778,0.890277778,1,0.134200886,7.388950616,7.467848843,true,none
1785074884.525174618,per_message_full_scan,720,720,6.274458647,6.274458612,0.900000000,0.900000000,1,0.131695911,7.361180455,7.503071444,true,none
1785074885.525187731,per_message_full_scan,720,720,6.274458647,6.274458612,0.893055556,0.893055556,1,0.134211019,7.285822502,7.197313204,true,none
1785074886.525184870,per_message_full_scan,720,720,6.274458647,6.274458612,0.895833333,0.895833333,1,0.134129331,7.399145192,7.460668052,true,none
1785074887.525174618,per_message_full_scan,720,720,6.274458647,6.274458612,0.897222222,0.897222222,1,0.133738503,7.379831424,7.407961762,true,none
1785074888.525168657,per_message_full_scan,720,720,6.274458647,6.274458612,0.909722222,0.909722222,1,0.133220091,7.316407873,7.385907174,true,none
1785074889.526325464,per_message_full_scan,720,720,6.274458647,6.274458612,0.888888889,0.888888889,1,0.133601069,7.268345134,7.332562252,true,none
1785074890.525175571,per_message_full_scan,720,720,6.274458647,6.274458612,0.897222222,0.897222222,1,0.134019092,7.379450465,7.454941890,true,none
1785074891.554561853,per_message_full_scan,720,720,6.274458647,6.274458612,0.880555556,0.880555556,1,0.133634910,7.374573408,7.394854839,true,none
1785074892.525209904,per_message_full_scan,720,720,6.274458647,6.274458612,0.906944444,0.906944444,1,0.133624583,7.351433390,7.421624304,true,none
1785074893.525188923,per_message_full_scan,720,720,6.274458647,6.274458612,0.893055556,0.893055556,1,0.146156028,7.261738521,7.249160951,true,none
1785074894.541416168,per_message_full_scan,720,720,6.274458647,6.274458612,0.901388889,0.901388889,1,0.134054691,7.384463674,7.479880912,true,none
1785074895.525165319,per_message_full_scan,720,720,6.274458647,6.274458612,0.894444444,0.894444444,1,0.134153783,7.375003510,7.392780394,true,none
1785074896.525208950,per_message_full_scan,720,720,6.274458647,6.274458612,0.909722222,0.909722222,1,0.132510811,7.338762281,7.379495545,true,none
1785074897.525408506,per_message_full_scan,720,720,6.274458647,6.274458612,0.893055556,0.893055556,1,0.133866772,7.293312790,7.256190084,true,none
1785074898.527170420,per_message_full_scan,720,720,6.274458647,6.274458612,0.894444444,0.894444444,1,0.134136796,7.384521316,7.475458964,true,none
1785074899.525173903,per_message_full_scan,720,720,6.274458647,6.274458612,0.893055556,0.893055556,1,0.129494578,7.384092083,7.390309861,true,none
1785074900.558274984,per_message_full_scan,720,720,6.274458647,6.274458612,0.904166667,0.904166667,1,0.134211197,7.349597432,7.385997937,true,none
1785074901.525202036,per_message_full_scan,720,720,6.274458647,6.274458612,0.901388889,0.901388889,1,0.134163976,7.302818379,7.296286587,true,none
1785074902.525201082,per_message_full_scan,720,720,6.274458647,6.274458612,0.898611111,0.898611111,1,0.134163752,7.375826191,7.445935089,true,none
1785074903.544342518,per_message_full_scan,720,720,6.274458647,6.274458612,0.900000000,0.900000000,1,0.133921698,7.378579870,7.490506686,true,none
1785074904.525176048,per_message_full_scan,720,720,6.274458647,6.274458612,0.895833333,0.895833333,1,0.132250428,7.360884180,7.384551553,true,none
1785074905.525411844,per_message_full_scan,720,720,6.274458647,6.274458612,0.900000000,0.900000000,1,0.134395793,7.296783531,7.238682075,true,none
1785074906.542343616,per_message_full_scan,720,720,6.274458647,6.274458612,0.901388889,0.901388889,1,0.134076536,7.369433431,7.470734955,true,none
1785074907.525188684,per_message_full_scan,720,720,6.274458647,6.274458612,0.893055556,0.893055556,1,0.133984357,7.368156561,7.380571247,true,none
1785074908.525237799,per_message_full_scan,720,720,6.274458647,6.274458612,0.887500000,0.887500000,1,0.131642610,7.351732462,7.376527797,true,none
1785074909.525172710,per_message_full_scan,720,720,6.274458647,6.274458612,0.895833333,0.895833333,1,0.130072847,7.401824053,7.544826513,true,none
1785074910.526194334,per_message_full_scan,720,720,6.274458647,6.274458612,0.897222222,0.897222222,1,0.133687720,7.378779733,7.413170398,true,none
1785074911.525164843,per_message_full_scan,720,720,6.274458647,6.274458612,0.887500000,0.887500000,1,0.131526619,7.348201123,7.410793340,true,none
1785074912.557401419,per_message_full_scan,720,720,6.274458647,6.274458612,0.900000000,0.900000000,1,0.131793723,7.298896141,7.360838750,true,none
1785074913.525187731,per_message_full_scan,720,720,6.274458647,6.274458612,0.905555556,0.905555556,1,0.134356618,7.383736382,7.881958444,true,none
1785074914.525168657,per_message_full_scan,720,720,6.274458647,6.274458612,0.901388889,0.901388889,1,0.134235144,7.357511975,7.471771153,true,none
1785074915.545898199,per_message_full_scan,720,720,6.274458647,6.274458612,0.895833333,0.895833333,1,0.134157971,7.325008785,7.419534025,true,none
1785074916.525169373,per_message_full_scan,720,720,6.274458647,6.274458612,0.895833333,0.895833333,1,0.134153619,7.384436305,7.364036175,true,none
1785074917.525170088,per_message_full_scan,720,720,6.274458647,6.274458612,0.901388889,0.901388889,1,0.133989349,7.374719421,7.390686577,true,none
1785074918.532538414,per_message_full_scan,720,720,6.274458647,6.274458612,0.888888889,0.888888889,1,0.134095415,7.343485253,7.588747557,true,none
1785074919.525196314,per_message_full_scan,720,720,6.274458647,6.274458612,0.890277778,0.890277778,1,0.145287246,7.262899957,7.346845081,true,none
1785074920.525194407,per_message_full_scan,720,720,6.274458647,6.274458612,0.897222222,0.897222222,1,0.134199709,7.378507654,7.279752634,true,none
1785074921.559305668,per_message_full_scan,720,720,6.274458647,6.274458612,0.902777778,0.902777778,1,0.134208634,7.363249598,7.231839078,true,none
1785074922.525195122,per_message_full_scan,720,720,6.274458647,6.274458612,0.888888889,0.888888889,1,0.146195084,7.270032117,7.517104533,true,none
1785074923.525203466,per_message_full_scan,720,720,6.274458647,6.274458612,0.893055556,0.893055556,1,0.132296816,7.381046297,7.308061381,true,none
1785074924.556738615,per_message_full_scan,720,720,6.274458647,6.274458612,0.893055556,0.893055556,1,0.134111658,7.352373620,7.425282714,true,none
1785074925.525197029,per_message_full_scan,720,720,6.274458647,6.274458612,0.905555556,0.905555556,1,0.131532535,7.301654467,7.237958532,true,none
1785074926.525176764,per_message_full_scan,720,720,6.274458647,6.274458612,0.893055556,0.893055556,1,0.133875355,7.386706491,7.407776308,true,none
1785074927.547646046,per_message_full_scan,720,720,6.274458647,6.274458612,0.905555556,0.905555556,1,0.133992448,7.349218494,7.378076012,true,none
1785074928.525475264,per_message_full_scan,720,720,6.274458647,6.274458612,0.894444444,0.894444444,1,0.146531090,7.268463404,7.167877285,true,none
1785074929.525517464,per_message_full_scan,720,720,6.274458647,6.274458612,0.886111111,0.886111111,1,0.132151574,7.377023059,7.492112494,true,none
1785074930.531369925,per_message_full_scan,720,720,6.274458647,6.274458612,0.890277778,0.890277778,1,0.133737192,7.357116999,7.478451580,true,none
1785074931.525151968,per_message_full_scan,720,720,6.274458647,6.274458612,0.893055556,0.893055556,1,0.133935630,7.305385138,7.262766433,true,none
1785074932.525162458,per_message_full_scan,720,720,6.274458647,6.274458612,0.887500000,0.887500000,1,0.135691524,7.367908523,7.535820559,true,none
1785074933.526396990,per_message_full_scan,720,720,6.274458647,6.274458612,0.900000000,0.900000000,1,0.134297684,7.370434878,7.408767646,true,none
1785074934.525141954,per_message_full_scan,720,720,6.274458647,6.274458612,0.894444444,0.894444444,1,0.132993028,7.322083506,7.362933346,true,none
1785074935.525228977,per_message_full_scan,720,720,6.274458647,6.274458612,0.902777778,0.902777778,1,0.133654341,7.386229173,7.754792942,true,none
1785074936.525193453,per_message_full_scan,720,720,6.274458647,6.274458612,0.908333333,0.908333333,1,0.133771673,7.370151724,7.732702395,true,none
1785074937.525182486,per_message_full_scan,720,720,6.274458647,6.274458612,0.895833333,0.895833333,1,0.134188771,7.318244174,7.448696490,true,none
1785074938.525146723,per_message_full_scan,720,720,6.274458647,6.274458612,0.904166667,0.904166667,1,0.133936852,7.384262908,7.328655222,true,none
1785074939.541884422,per_message_full_scan,720,720,6.274458647,6.274458612,0.908333333,0.908333333,1,0.136321977,7.326577048,7.320451669,true,none
1785074940.525197744,per_message_full_scan,720,720,6.274458647,6.274458612,0.900000000,0.900000000,1,0.131486177,7.324048686,7.169208576,true,none
1785074941.525197029,per_message_full_scan,720,720,6.274458647,6.274458612,0.900000000,0.900000000,1,0.134290040,7.394064211,7.532382111,true,none
1785074942.528673887,per_message_full_scan,720,720,6.274458647,6.274458612,0.900000000,0.900000000,1,0.131947145,7.372761920,7.453705180,true,none
1785074943.525176287,per_message_full_scan,720,720,6.274458647,6.274458612,0.898611111,0.898611111,1,0.134410948,7.325129689,7.216238191,true,none
1785074944.525148392,per_message_full_scan,720,720,6.274458647,6.274458612,0.905555556,0.905555556,1,0.136997238,7.359971114,7.486717954,true,none
1785074945.525189638,per_message_full_scan,720,720,6.274458647,6.274458612,0.902777778,0.902777778,1,0.133655742,7.375099034,7.463618717,true,none
1785074946.525675774,per_message_full_scan,720,720,6.274458647,6.274458612,0.901388889,0.901388889,1,0.132794663,7.277906010,7.323944534,true,none
1785074947.525205135,per_message_full_scan,720,720,6.274458647,6.274458612,0.897222222,0.897222222,1,0.132595047,7.385740979,7.489620155,true,none
1785074948.525209427,per_message_full_scan,720,720,6.274458647,6.274458612,0.890277778,0.890277778,1,0.133987740,7.369015585,7.462168179,true,none
1785074949.525166512,per_message_full_scan,720,720,6.274458647,6.274458612,0.909722222,0.909722222,1,0.131944805,7.395488870,7.398150028,true,none
1785074950.525177002,per_message_full_scan,720,720,6.274458647,6.274458612,0.890277778,0.890277778,1,0.134396851,7.358123301,7.540298588,true,none
1785074951.526264668,per_message_full_scan,720,720,6.274458647,6.274458612,0.891666667,0.891666667,1,0.134117946,7.337607784,7.407177917,true,none
1785074952.525141239,per_message_full_scan,720,720,6.274458647,6.274458612,0.897222222,0.897222222,1,0.134276748,7.352126377,7.450214191,true,none
1785074953.566118002,per_message_full_scan,720,720,6.274458647,6.274458612,0.897222222,0.897222222,1,0.134216025,7.361963831,7.281157483,true,none
1785074954.525161266,per_message_full_scan,720,720,6.274458647,6.274458612,0.897222222,0.897222222,1,0.132156178,7.327922646,7.500282877,true,none
1785074955.525171041,per_message_full_scan,720,720,6.274458647,6.274458612,0.898611111,0.898611111,1,0.134047851,7.383721828,7.452068691,true,none
1785074956.553409815,per_message_full_scan,720,720,6.274458647,6.274458612,0.894444444,0.894444444,1,0.134274557,7.355946375,7.473344052,true,none
1785074957.525157452,per_message_full_scan,720,720,6.274458647,6.274458612,0.904166667,0.904166667,1,0.145432159,7.276058813,7.196906350,true,none
1785074958.525774240,per_message_full_scan,720,720,6.274458647,6.274458612,0.909722222,0.909722222,1,0.134078264,7.381910231,7.380111891,true,none
1785074959.551171064,per_message_full_scan,720,720,6.274458647,6.274458612,0.908333333,0.908333333,1,0.134108573,7.371166109,7.415539398,true,none
1785074960.526269197,per_message_full_scan,720,720,6.274458647,6.274458612,0.898611111,0.898611111,1,0.133787259,7.294804031,7.265585625,true,none
1785074961.525242805,per_message_full_scan,720,720,6.274458647,6.274458612,0.895833333,0.895833333,1,0.134926498,7.376947145,7.459010123,true,none
1785074962.535872459,per_message_full_scan,720,720,6.274458647,6.274458612,0.887500000,0.887500000,1,0.133741796,7.368045013,7.463964621,true,none
1785074963.525417328,per_message_full_scan,720,720,6.274458647,6.274458612,0.897222222,0.897222222,1,0.134232029,7.258782567,7.346568177,true,none
1785074964.525177240,per_message_full_scan,720,720,6.274458647,6.274458612,0.912500000,0.912500000,1,0.134042293,7.389767171,7.482193762,true,none
1785074965.533855677,per_message_full_scan,720,720,6.274458647,6.274458612,0.920833333,0.920833333,1,0.135183051,7.338488213,7.399173337,true,none
1785074966.525222063,per_message_full_scan,720,720,6.274458647,6.274458612,0.926388889,0.926388889,1,0.144469842,7.279541277,7.493245435,true,none
1785074967.525176764,per_message_full_scan,720,720,6.274458647,6.274458612,0.898611111,0.898611111,1,0.134069666,7.360732366,7.414199451,true,none
1785074968.525153399,per_message_full_scan,720,720,6.274458647,6.274458612,0.891666667,0.891666667,1,0.132017538,7.363296648,7.541304576,true,none
1785074969.525179148,per_message_full_scan,720,720,6.274458647,6.274458612,0.898611111,0.898611111,1,0.133740053,7.293534499,7.531855099,true,none
1785074970.525179625,per_message_full_scan,720,720,6.274458647,6.274458612,0.888888889,0.888888889,1,0.135051101,7.371967394,7.451048868,true,none
1785074971.549266100,per_message_full_scan,720,720,6.274458647,6.274458612,0.900000000,0.900000000,1,0.134321094,7.368660387,7.263007306,true,none
1785074972.525168657,per_message_full_scan,720,720,6.274458647,6.274458612,0.888888889,0.888888889,1,0.131021306,7.315971680,7.509892005,true,none
1785074973.525195837,per_message_full_scan,720,720,6.274458647,6.274458612,0.884722222,0.884722222,1,0.132852286,7.385594655,7.412806000,true,none
1785074974.534919739,per_message_full_scan,720,720,6.274458647,6.274458612,0.887500000,0.887500000,1,0.134962142,7.336165319,7.392655902,true,none
1785074975.525156021,per_message_full_scan,720,720,6.274458647,6.274458612,0.894444444,0.894444444,1,0.145460084,7.254944656,7.174608690,true,none
1785074976.525155783,per_message_full_scan,720,720,6.274458647,6.274458612,0.881944444,0.881944444,1,0.132209539,7.359343897,7.436707969,true,none
1785074977.525158882,per_message_full_scan,720,720,6.274458647,6.274458612,0.894444444,0.894444444,1,0.137547091,7.323175040,7.425375565,true,none
1785074978.525703907,per_message_full_scan,720,720,6.274458647,6.274458612,0.900000000,0.900000000,1,0.133604243,7.399546880,7.271780675,true,none
1785074979.525173187,per_message_full_scan,720,720,6.274458647,6.274458612,0.884722222,0.884722222,1,0.132773638,7.342807006,7.555044269,true,none
1785074980.525164366,per_message_full_scan,720,720,6.274458647,6.274458612,0.883333333,0.883333333,1,0.134301022,7.323186115,7.435435520,true,none
1785074981.525178909,per_message_full_scan,720,720,6.274458647,6.274458612,0.877777778,0.877777778,1,0.133817658,7.392204465,7.393342534,true,none
1785074982.525342226,per_message_full_scan,720,720,6.274458647,6.274458612,0.893055556,0.893055556,1,0.134341553,7.354518943,7.556621474,true,none
1785074983.525178432,per_message_full_scan,720,720,6.274458647,6.274458612,0.895833333,0.895833333,1,0.133557752,7.314305389,7.426439662,true,none
1785074984.525572300,per_message_full_scan,720,720,6.274458647,6.274458612,0.893055556,0.893055556,1,0.134517163,7.388051070,7.465870356,true,none
1785074985.525209904,per_message_full_scan,720,720,6.274458647,6.274458612,0.894444444,0.894444444,1,0.134077981,7.360030684,7.274563444,true,none
1785074986.525174379,per_message_full_scan,720,720,6.274458647,6.274458612,0.890277778,0.890277778,1,0.134145021,7.288029728,7.479118614,true,none
1785074987.525147676,per_message_full_scan,720,720,6.274458647,6.274458612,0.891666667,0.891666667,1,0.129676983,7.394861162,7.403341910,true,none
1785074988.525205851,per_message_full_scan,720,720,6.274458647,6.274458612,0.888888889,0.888888889,1,0.134009391,7.323642060,7.439734388,true,none
1785074989.525193214,per_message_full_scan,720,720,6.274458647,6.274458612,0.897222222,0.897222222,1,0.132601872,7.308010796,7.330501267,true,none
1785074990.525155306,per_message_full_scan,720,720,6.274458647,6.274458612,0.883333333,0.883333333,1,0.134101644,7.379723441,7.486895590,true,none
1785074991.557613373,per_message_full_scan,720,720,6.274458647,6.274458612,0.891666667,0.891666667,1,0.133538857,7.365025423,7.366929357,true,none
1785074992.525200605,per_message_full_scan,720,720,6.274458647,6.274458612,0.897222222,0.897222222,1,0.132777125,7.317543369,7.383713598,true,none
1785074993.525202990,per_message_full_scan,720,720,6.274458647,6.274458612,0.900000000,0.900000000,1,0.134942532,7.383131862,7.535562686,true,none
1785074994.542331934,per_message_full_scan,720,720,6.274458647,6.274458612,0.884722222,0.884722222,1,0.132311448,7.354333332,7.460668959,true,none
1785074995.525176764,per_message_full_scan,720,720,6.274458647,6.274458612,0.890277778,0.890277778,1,0.135647953,7.380353594,7.449176051,true,none
1785074996.525175333,per_message_full_scan,720,720,6.274458647,6.274458612,0.905555556,0.905555556,1,0.133032069,7.375543258,7.303824491,true,none
1785074997.529795647,per_message_full_scan,720,720,6.274458647,6.274458612,0.891666667,0.891666667,1,0.133161753,7.304261244,7.528788841,true,none
1785074998.525181532,per_message_full_scan,720,720,6.274458647,6.274458612,0.894444444,0.894444444,1,0.133189097,7.381670306,7.464260756,true,none
1785074999.525179625,per_message_full_scan,720,720,6.274458647,6.274458612,0.900000000,0.900000000,1,0.134041771,7.355304389,7.326483896,true,none
1785075000.557262897,per_message_full_scan,720,720,6.274458647,6.274458612,0.890277778,0.890277778,1,0.133929700,7.307186304,7.256169708,true,none
1785075001.525168180,per_message_full_scan,720,720,6.274458647,6.274458612,0.887500000,0.887500000,1,0.134191900,7.391112626,7.563435495,true,none
1785075002.525172234,per_message_full_scan,720,720,6.274458647,6.274458612,0.891666667,0.891666667,1,0.133482039,7.353622502,7.427222898,true,none
1785075003.552809238,per_message_full_scan,720,720,6.274458647,6.274458612,0.894444444,0.894444444,1,0.134294733,7.390149315,7.208484150,true,none
1785075004.525183678,per_message_full_scan,720,720,6.274458647,6.274458612,0.897222222,0.897222222,1,0.133405343,7.376347879,7.478341484,true,none
1785075005.525189877,per_message_full_scan,720,720,6.274458647,6.274458612,0.897222222,0.897222222,1,0.134405658,7.323608390,7.399976613,true,none
1785075006.543447495,per_message_full_scan,720,720,6.274458647,6.274458612,0.893055556,0.893055556,1,0.134166881,7.364873644,7.292087631,true,none
1785075007.525172472,per_message_full_scan,720,720,6.274458647,6.274458612,0.895833333,0.895833333,1,0.133819446,7.376657273,7.531086829,true,none
1785075008.525179863,per_message_full_scan,720,720,6.274458647,6.274458612,0.897222222,0.897222222,1,0.132353723,7.322053128,7.419017252,true,none
1785075009.536427498,per_message_full_scan,720,720,6.274458647,6.274458612,0.901388889,0.901388889,1,0.134413972,7.397079680,7.399937585,true,none
1785075010.525282860,per_message_full_scan,720,720,6.274458647,6.274458612,0.902777778,0.902777778,1,0.134149864,7.365268215,7.843437157,true,none
1785075011.525179386,per_message_full_scan,720,720,6.274458647,6.274458612,0.902777778,0.902777778,1,0.132668927,7.298696181,7.554490068,true,none
1785075012.525207996,per_message_full_scan,720,720,6.274458647,6.274458612,0.906944444,0.906944444,1,0.133725584,7.397331427,7.465548355,true,none
1785075013.525200129,per_message_full_scan,720,720,6.274458647,6.274458612,0.906944444,0.906944444,1,0.132364243,7.359495235,7.481414282,true,none
1785075014.525251865,per_message_full_scan,720,720,6.274458647,6.274458612,0.891666667,0.891666667,1,0.134187698,7.307767512,7.205068682,true,none
1785075015.525267124,per_message_full_scan,720,720,6.274458647,6.274458612,0.900000000,0.900000000,1,0.147839621,7.264510722,7.510367959,true,none
1785075016.525187492,per_message_full_scan,720,720,6.274458647,6.274458612,0.895833333,0.895833333,1,0.134282097,7.368501065,7.418380028,true,none
1785075017.525171995,per_message_full_scan,720,720,6.274458647,6.274458612,0.897222222,0.897222222,1,0.132068872,7.363148510,7.279606127,true,none
1785075018.526275873,per_message_full_scan,720,720,6.274458647,6.274458612,0.881944444,0.881944444,1,0.132935703,7.400192170,7.487464839,true,none
1785075019.525173187,per_message_full_scan,720,720,6.274458647,6.274458612,0.891666667,0.891666667,1,0.134399608,7.356591739,7.439337708,true,none
1785075020.525189877,per_message_full_scan,720,720,6.274458647,6.274458612,0.904166667,0.904166667,1,0.134176731,7.312277554,7.320161995,true,none
1785075021.525152683,per_message_full_scan,720,720,6.274458647,6.274458612,0.900000000,0.900000000,1,0.134241313,7.389510662,7.282269381,true,none
1785075022.525201082,per_message_full_scan,720,720,6.274458647,6.274458612,0.900000000,0.900000000,1,0.132652625,7.376030655,7.458478094,true,none
1785075023.525182247,per_message_full_scan,720,720,6.274458647,6.274458612,0.906944444,0.906944444,1,0.134043530,7.316355119,7.504843718,true,none
1785075024.525170326,per_message_full_scan,720,720,6.274458647,6.274458612,0.894444444,0.894444444,1,0.146516010,7.272392316,7.525478132,true,none
1785075025.526218176,per_message_full_scan,720,720,6.274458647,6.274458612,0.902777778,0.902777778,1,0.133813068,7.388708851,7.437808439,true,none
1785075026.525197268,per_message_full_scan,720,720,6.274458647,6.274458612,0.894444444,0.894444444,1,0.134235218,7.330039644,7.440905854,true,none
1785075027.525441885,per_message_full_scan,720,720,6.274458647,6.274458612,0.891666667,0.891666667,1,0.146558657,7.262157865,7.392546698,true,none
1785075028.525169611,per_message_full_scan,720,720,6.274458647,6.274458612,0.894444444,0.894444444,1,0.135798797,7.362688259,7.307818886,true,none
1785075029.538856268,per_message_full_scan,720,720,6.274458647,6.274458612,0.893055556,0.893055556,1,0.134203896,7.355112328,7.690532829,true,none
1785075030.525159121,per_message_full_scan,720,720,6.274458647,6.274458612,0.900000000,0.900000000,1,0.146301925,7.287004252,7.429553586,true,none
1785075031.525161266,per_message_full_scan,720,720,6.274458647,6.274458612,0.901388889,0.901388889,1,0.131716400,7.385014923,7.522489254,true,none
1785075032.565824509,per_message_full_scan,720,720,6.274458647,6.274458612,0.894444444,0.894444444,1,0.133374304,7.321958603,7.367538273,true,none
1785075033.525162935,per_message_full_scan,720,720,6.274458647,6.274458612,0.891666667,0.891666667,1,0.146612167,7.263824359,7.221891185,true,none
1785075034.525195122,per_message_full_scan,720,720,6.274458647,6.274458612,0.902777778,0.902777778,1,0.132740602,7.382584790,7.414007463,true,none
1785075035.553151369,per_message_full_scan,720,720,6.274458647,6.274458612,0.905555556,0.905555556,1,0.134184241,7.355665152,7.353071309,true,none
1785075036.525166273,per_message_full_scan,720,720,6.274458647,6.274458612,0.904166667,0.904166667,1,0.147429496,7.270313096,7.234765558,true,none
1785075037.525347948,per_message_full_scan,720,720,6.274458647,6.274458612,0.898611111,0.898611111,1,0.133101568,7.381449740,7.500842749,true,none
1785075038.548784733,per_message_full_scan,720,720,6.274458647,6.274458612,0.893055556,0.893055556,1,0.134235114,7.371862398,7.363852500,true,none
1785075039.525185585,per_message_full_scan,720,720,6.274458647,6.274458612,0.895833333,0.895833333,1,0.130549684,7.324305796,7.360660193,true,none
1785075040.525164604,per_message_full_scan,720,720,6.274458647,6.274458612,0.888888889,0.888888889,1,0.135748431,7.372662608,7.181018147,true,none
1785075041.532775879,per_message_full_scan,720,720,6.274458647,6.274458612,0.894444444,0.894444444,1,0.134052679,7.372271034,7.520299329,true,none
1785075042.525197029,per_message_full_scan,720,720,6.274458647,6.274458612,0.890277778,0.890277778,1,0.133566558,7.311470908,7.303940369,true,none
1785075043.525293350,per_message_full_scan,720,720,6.274458647,6.274458612,0.887500000,0.887500000,1,0.133589834,7.401266201,7.503879714,true,none
1785075044.525221348,per_message_full_scan,720,720,6.274458647,6.274458612,0.902777778,0.902777778,1,0.133793861,7.387610698,7.547830224,true,none
1785075045.525168657,per_message_full_scan,720,720,6.274458647,6.274458612,0.901388889,0.901388889,1,0.134465352,7.364845116,7.448570513,true,none
1785075046.525161266,per_message_full_scan,720,720,6.274458647,6.274458612,0.902777778,0.902777778,1,0.146452293,7.274221241,7.369684262,true,none
1785075047.553063869,per_message_full_scan,720,720,6.274458647,6.274458612,0.895833333,0.895833333,1,0.134156480,7.364896885,7.191216517,true,none
1785075048.525189161,per_message_full_scan,720,720,6.274458647,6.274458612,0.897222222,0.897222222,1,0.132616341,7.367891667,7.548252900,true,none
1785075049.525183201,per_message_full_scan,720,720,6.274458647,6.274458612,0.900000000,0.900000000,1,0.133602530,7.332500301,7.435796780,true,none
1785075050.549284697,per_message_full_scan,720,720,6.274458647,6.274458612,0.894444444,0.894444444,1,0.145630181,7.270618977,7.424659748,true,none
1785075051.525168896,per_message_full_scan,720,720,6.274458647,6.274458612,0.894444444,0.894444444,1,0.134081393,7.389562007,7.434455824,true,none
1785075052.525196552,per_message_full_scan,720,720,6.274458647,6.274458612,0.894444444,0.894444444,1,0.134342164,7.296504138,7.245664682,true,none
1785075053.533470154,per_message_full_scan,720,720,6.274458647,6.274458612,0.893055556,0.893055556,1,0.134841353,7.387844025,7.424212357,true,none
1785075054.525177717,per_message_full_scan,720,720,6.274458647,6.274458612,0.894444444,0.894444444,1,0.134253323,7.366459704,7.471618847,true,none
1785075055.525216818,per_message_full_scan,720,720,6.274458647,6.274458612,0.895833333,0.895833333,1,0.133297697,7.343871011,7.690954335,true,none
1785075056.561374187,per_message_full_scan,720,720,6.274458647,6.274458612,0.895833333,0.895833333,1,0.134157225,7.319576024,7.202877602,true,none
1785075057.525158882,per_message_full_scan,720,720,6.274458647,6.274458612,0.888888889,0.888888889,1,0.133459195,7.410248462,7.527630965,true,none
1785075058.525180340,per_message_full_scan,720,720,6.274458647,6.274458612,0.901388889,0.901388889,1,0.131632775,7.383922625,7.426757277,true,none
1785075059.541499376,per_message_full_scan,720,720,6.274458647,6.274458612,0.900000000,0.900000000,1,0.134251043,7.321571785,7.528360280,true,none
1785075060.525179625,per_message_full_scan,720,720,6.274458647,6.274458612,0.908333333,0.908333333,1,0.147036463,7.285234326,7.235934785,true,none
1785075061.525195360,per_message_full_scan,720,720,6.274458647,6.274458612,0.894444444,0.894444444,1,0.133954480,7.381521293,7.488203947,true,none
1785075062.533831358,per_message_full_scan,720,720,6.274458647,6.274458612,0.890277778,0.890277778,1,0.133169562,7.359146768,7.498110679,true,none
1785075063.525187492,per_message_full_scan,720,720,6.274458647,6.274458612,0.897222222,0.897222222,1,0.146870926,7.271363938,7.187165836,true,none
1785075064.525199413,per_message_full_scan,720,720,6.274458647,6.274458612,0.898611111,0.898611111,1,0.134551883,7.370137584,7.488388389,true,none
1785075065.530595303,per_message_full_scan,720,720,6.274458647,6.274458612,0.900000000,0.900000000,1,0.133225232,7.360914997,7.408133575,true,none
1785075066.525364161,per_message_full_scan,720,720,6.274458647,6.274458612,0.897222222,0.897222222,1,0.132246271,7.323174383,7.314230095,true,none
1785075067.525169373,per_message_full_scan,720,720,6.274458647,6.274458612,0.897222222,0.897222222,1,0.133669212,7.400090132,7.477305818,true,none
1785075068.525283337,per_message_full_scan,720,720,6.274458647,6.274458612,0.898611111,0.898611111,1,0.133546636,7.343611438,7.424724439,true,none
1785075069.525172472,per_message_full_scan,720,720,6.274458647,6.274458612,0.901388889,0.901388889,1,0.133831084,7.347786375,7.359490327,true,none
1785075070.525272608,per_message_full_scan,720,720,6.274458647,6.274458612,0.898611111,0.898611111,1,0.132036194,7.299066349,7.266312467,true,none
1785075071.525410652,per_message_full_scan,720,720,6.274458647,6.274458612,0.894444444,0.894444444,1,0.133955657,7.389703935,7.443401130,true,none
1785075072.525158644,per_message_full_scan,720,720,6.274458647,6.274458612,0.887500000,0.887500000,1,0.134383440,7.372472746,7.440122395,true,none
1785075073.525160789,per_message_full_scan,720,720,6.274458647,6.274458612,0.897222222,0.897222222,1,0.133542821,7.346073121,7.357388829,true,none
1785075074.536233187,per_message_full_scan,720,720,6.274458647,6.274458612,0.895833333,0.895833333,1,0.126626566,7.359096125,7.564806936,true,none
1785075075.526584625,per_message_full_scan,720,720,6.274458647,6.274458612,0.891666667,0.891666667,1,0.132936373,7.312948360,7.267934320,true,none
1785075076.525155544,per_message_full_scan,720,720,6.274458647,6.274458612,0.901388889,0.901388889,1,0.131760791,7.399424500,7.513976850,true,none
1785075077.525158167,per_message_full_scan,720,720,6.274458647,6.274458612,0.891666667,0.891666667,1,0.134237498,7.363276343,7.520594808,true,none
1785075078.525362968,per_message_full_scan,720,720,6.274458647,6.274458612,0.902777778,0.902777778,1,0.133635670,7.359229146,7.359380884,true,none
1785075079.525206566,per_message_full_scan,720,720,6.274458647,6.274458612,0.895833333,0.895833333,1,0.147333562,7.249667753,7.139014144,true,none
1785075080.525185585,per_message_full_scan,720,720,6.274458647,6.274458612,0.898611111,0.898611111,1,0.133672997,7.393499651,7.493856395,true,none
1785075081.525177717,per_message_full_scan,720,720,6.274458647,6.274458612,0.890277778,0.890277778,1,0.134132668,7.387034561,7.406118140,true,none
1785075082.525172949,per_message_full_scan,720,720,6.274458647,6.274458612,0.893055556,0.893055556,1,0.132972673,7.339450961,7.371871612,true,none
1785075083.539762735,per_message_full_scan,720,720,6.274458647,6.274458612,0.906944444,0.906944444,1,0.134213626,7.273716490,7.343099236,true,none
1785075084.525159836,per_message_full_scan,720,720,6.274458647,6.274458612,0.891666667,0.891666667,1,0.134378597,7.390558460,7.480788956,true,none
1785075085.525522470,per_message_full_scan,720,720,6.274458647,6.274458612,0.906944444,0.906944444,1,0.134316072,7.377599564,7.486601392,true,none
1785075086.532320976,per_message_full_scan,720,720,6.274458647,6.274458612,0.887500000,0.887500000,1,0.133599982,7.367301578,7.401563058,true,none
1785075087.525193691,per_message_full_scan,720,720,6.274458647,6.274458612,0.906944444,0.906944444,1,0.133673280,7.327075149,7.383620643,true,none
1785075088.525162697,per_message_full_scan,720,720,6.274458647,6.274458612,0.895833333,0.895833333,1,0.133381009,7.396613593,7.441090275,true,none
1785075089.525213718,per_message_full_scan,720,720,6.274458647,6.274458612,0.897222222,0.897222222,1,0.134770676,7.355791686,7.517880708,true,none
1785075090.525223255,per_message_full_scan,720,720,6.274458647,6.274458612,0.894444444,0.894444444,1,0.133454576,7.360184379,7.403963019,true,none
1785075091.525179625,per_message_full_scan,720,720,6.274458647,6.274458612,0.877777778,0.877777778,1,0.130957142,7.323726145,7.326473178,true,none
1785075092.552318096,per_message_full_scan,720,720,6.274458647,6.274458612,0.898611111,0.898611111,1,0.134299606,7.275239869,7.226198844,true,none
1785075093.525159836,per_message_full_scan,720,720,6.274458647,6.274458612,0.887500000,0.887500000,1,0.131409332,7.408615982,7.509325737,true,none
1785075094.525164843,per_message_full_scan,720,720,6.274458647,6.274458612,0.895833333,0.895833333,1,0.135436296,7.373915802,7.409870643,true,none
1785075095.536764622,per_message_full_scan,720,720,6.274458647,6.274458612,0.905555556,0.905555556,1,0.134253517,7.366801182,7.451880240,true,none
1785075096.525166988,per_message_full_scan,720,720,6.274458647,6.274458612,0.901388889,0.901388889,1,0.131987751,7.322917799,7.429321909,true,none
1785075097.525163412,per_message_full_scan,720,720,6.274458647,6.274458612,0.919444444,0.919444444,1,0.133620590,7.329585852,7.499002092,true,none
1785075098.525159359,per_message_full_scan,720,720,6.274458647,6.274458612,0.909722222,0.909722222,1,0.133542925,7.317026869,7.501682857,true,none
1785075099.525202990,per_message_full_scan,720,720,6.274458647,6.274458612,0.888888889,0.888888889,1,0.145940363,7.265635516,7.352688564,true,none
1785075100.525199890,per_message_full_scan,720,720,6.274458647,6.274458612,0.890277778,0.890277778,1,0.134140313,7.377445459,7.399156719,true,none
1785075101.551908255,per_message_full_scan,720,720,6.274458647,6.274458612,0.927777778,0.927777778,1,0.134004608,7.372810379,7.220340101,true,none
1785075102.525218964,per_message_full_scan,720,720,6.274458647,6.274458612,0.934722222,0.934722222,1,0.133681834,7.357426430,7.889391092,true,none
1785075103.525170326,per_message_full_scan,720,720,6.274458647,6.274458612,0.945833333,0.945833333,1,0.133228987,7.325679756,7.494132691,true,none
1785075104.539489985,per_message_full_scan,720,720,6.274458647,6.274458612,0.926388889,0.926388889,1,0.133140907,7.393621628,7.548637575,true,none
1785075105.525187254,per_message_full_scan,720,720,6.274458647,6.274458612,0.926388889,0.926388889,1,0.133413538,7.392881723,7.272473190,true,none
1785075106.525167942,per_message_full_scan,720,720,6.274458647,6.274458612,0.926388889,0.926388889,1,0.133687958,7.340752267,7.672485861,true,none
1785075107.537660360,per_message_full_scan,720,720,6.274458647,6.274458612,0.930555556,0.930555556,1,0.134060904,7.314166772,7.497353645,true,none
1785075108.525157928,per_message_full_scan,720,720,6.274458647,6.274458612,0.937500000,0.937500000,1,0.132485375,7.385405763,7.466740650,true,none
1785075109.525185585,per_message_full_scan,720,720,6.274458647,6.274458612,0.929166667,0.929166667,1,0.133872703,7.364068169,7.270619553,true,none
1785075110.525555372,per_message_full_scan,720,720,6.274458647,6.274458612,0.894444444,0.894444444,1,0.132663220,7.347409206,7.669280891,true,none
1785075111.525178909,per_message_full_scan,720,720,6.274458647,6.274458612,0.881944444,0.881944444,1,0.134128124,7.329184913,7.433124511,true,none
1785075112.525191307,per_message_full_scan,720,720,6.274458647,6.274458612,0.893055556,0.893055556,1,0.146454737,7.268631321,7.476434094,true,none
1785075113.547376156,per_message_full_scan,720,720,6.274458647,6.274458612,0.883333333,0.883333333,1,0.146571562,7.255968468,7.435527174,true,none
1785075114.525136471,per_message_full_scan,720,720,6.274458647,6.274458612,0.875000000,0.875000000,1,0.133546591,7.372386516,7.147140852,true,none
1785075115.525422096,per_message_full_scan,720,720,6.274458647,6.274458612,0.888888889,0.888888889,1,0.134217411,7.366320678,7.402803350,true,none
1785075116.542938471,per_message_full_scan,720,720,6.274458647,6.274458612,0.884722222,0.884722222,1,0.136808112,7.344633354,7.446079072,true,none
1785075117.525208473,per_message_full_scan,720,720,6.274458647,6.274458612,0.879166667,0.879166667,1,0.134013996,7.348009133,7.337355826,true,none
1785075118.525194407,per_message_full_scan,720,720,6.274458647,6.274458612,0.879166667,0.879166667,1,0.134121612,7.349476328,7.425018944,true,none
1785075119.525681496,per_message_full_scan,720,720,6.274458647,6.274458612,0.866666667,0.866666667,1,0.134242445,7.298442508,7.280395471,true,none
1785075120.525211573,per_message_full_scan,720,720,6.274458647,6.274458612,0.873611111,0.873611111,1,0.133296385,7.271174320,7.481232639,true,none
1785075121.525408030,per_message_full_scan,720,720,6.274458647,6.274458612,0.870833333,0.870833333,1,0.133313522,7.378277168,7.406282341,true,none
1785075122.556936264,per_message_full_scan,720,720,6.274458647,6.274458612,0.894444444,0.894444444,1,0.134113595,7.373169751,7.468158292,true,none
1785075123.525170803,per_message_full_scan,720,720,6.274458647,6.274458612,0.890277778,0.890277778,1,0.131282747,7.352777133,7.457031782,true,none
1785075124.525156498,per_message_full_scan,720,720,6.274458647,6.274458612,0.893055556,0.893055556,1,0.133666039,7.344499975,7.331089063,true,none
1785075125.525176764,per_message_full_scan,720,720,6.274458647,6.274458612,0.865277778,0.865277778,1,0.135587335,7.296816650,7.214574289,true,none
1785075126.525184155,per_message_full_scan,720,720,6.274458647,6.274458612,0.862500000,0.862500000,1,0.149635524,7.243489125,7.422208577,true,none
1785075127.525189877,per_message_full_scan,720,720,6.274458647,6.274458612,0.869444444,0.869444444,1,0.131692648,7.381854088,7.314365255,true,none
1785075128.525188208,per_message_full_scan,720,720,6.274458647,6.274458612,0.843055556,0.843055556,1,0.133238479,7.356861117,7.208046422,true,none
1785075129.526204586,per_message_full_scan,720,720,6.274458647,6.274458612,0.826388889,0.826388889,1,0.133621380,7.339101250,7.487787647,true,none
1785075130.525172710,per_message_full_scan,720,720,6.274458647,6.274458612,0.858333333,0.858333333,1,0.134161994,7.284050020,7.381954180,true,none
1785075131.525158167,per_message_full_scan,720,720,6.274458647,6.274458612,0.868055556,0.868055556,1,0.146294087,7.262797340,7.404019482,true,none
1785075132.529050112,per_message_full_scan,720,720,6.274458647,6.274458612,0.863888889,0.863888889,1,0.132571667,7.359358830,7.278506484,true,none
1785075133.525161028,per_message_full_scan,720,720,6.274458647,6.274458612,0.862500000,0.862500000,1,0.134179384,7.364041657,7.503362822,true,none
1785075134.525214434,per_message_full_scan,720,720,6.274458647,6.274458612,0.876388889,0.876388889,1,0.133890480,7.325395817,7.409106014,true,none
1785075135.525171041,per_message_full_scan,720,720,6.274458647,6.274458612,0.858333333,0.858333333,1,0.131893426,7.399336997,7.575362350,true,none
1785075136.526424646,per_message_full_scan,720,720,6.274458647,6.274458612,0.880555556,0.880555556,1,0.134113625,7.371567438,7.312656037,true,none
1785075137.525279999,per_message_full_scan,720,720,6.274458647,6.274458612,0.869444444,0.869444444,1,0.134224102,7.293177183,7.536349322,true,none
1785075138.525208235,per_message_full_scan,720,720,6.274458647,6.274458612,0.873611111,0.873611111,1,0.134067342,7.414938878,7.444059611,true,none
1785075139.525144577,per_message_full_scan,720,720,6.274458647,6.274458612,0.890277778,0.890277778,1,0.134197712,7.383007331,7.502966893,true,none
1785075140.525189161,per_message_full_scan,720,720,6.274458647,6.274458612,0.893055556,0.893055556,1,0.132924825,7.304767115,7.277585945,true,none
1785075141.525183201,per_message_full_scan,720,720,6.274458647,6.274458612,0.893055556,0.893055556,1,0.133307531,7.415130287,7.511456532,true,none
1785075142.526380539,per_message_full_scan,720,720,6.274458647,6.274458612,0.895833333,0.895833333,1,0.132661849,7.377466564,7.415239117,true,none
1785075143.558298826,per_message_full_scan,720,720,6.274458647,6.274458612,0.891666667,0.891666667,1,0.132329360,7.340461785,7.385316538,true,none
1785075144.529357672,per_message_full_scan,720,720,6.274458647,6.274458612,0.890277778,0.890277778,1,0.136067405,7.368140661,7.162459324,true,none
1785075145.527694225,per_message_full_scan,720,720,6.274458647,6.274458612,0.883333333,0.883333333,1,0.133679315,7.361406260,7.548601258,true,none
1785075146.554728508,per_message_full_scan,720,720,6.274458647,6.274458612,0.890277778,0.890277778,1,0.134062722,7.309643148,7.462347694,true,none
1785075147.525217295,per_message_full_scan,720,720,6.274458647,6.274458612,0.895833333,0.895833333,1,0.134260327,7.394584672,7.307090002,true,none
1785075148.525180101,per_message_full_scan,720,720,6.274458647,6.274458612,0.895833333,0.895833333,1,0.135895610,7.282373381,7.509884798,true,none
1785075149.542287588,per_message_full_scan,720,720,6.274458647,6.274458612,0.886111111,0.886111111,1,0.133743137,7.374527798,7.443494231,true,none
1785075150.525164127,per_message_full_scan,720,720,6.274458647,6.274458612,0.893055556,0.893055556,1,0.133745626,7.341516744,7.466505706,true,none
1785075151.525481939,per_message_full_scan,720,720,6.274458647,6.274458612,0.887500000,0.887500000,1,0.134174377,7.394965479,7.530509843,true,none
1785075152.528102160,per_message_full_scan,720,720,6.274458647,6.274458612,0.898611111,0.898611111,1,0.134067848,7.372159082,7.514593881,true,none
1785075153.525156260,per_message_full_scan,720,720,6.274458647,6.274458612,0.890277778,0.890277778,1,0.130856156,7.322390443,7.268947286,true,none
1785075154.525148630,per_message_full_scan,720,720,6.274458647,6.274458612,0.888888889,0.888888889,1,0.133758202,7.384934111,7.422273046,true,none
1785075155.525193453,per_message_full_scan,720,720,6.274458647,6.274458612,0.894444444,0.894444444,1,0.133741111,7.351731244,7.429911875,true,none
1785075156.525208473,per_message_full_scan,720,720,6.274458647,6.274458612,0.891666667,0.891666667,1,0.134238228,7.343496357,7.370841274,true,none
1785075157.525327921,per_message_full_scan,720,720,6.274458647,6.274458612,0.891666667,0.891666667,1,0.133441478,7.354588133,7.483038354,true,none
1785075158.525207520,per_message_full_scan,720,720,6.274458647,6.274458612,0.895833333,0.895833333,1,0.134122863,7.324305247,7.522089084,true,none
1785075159.525226831,per_message_full_scan,720,720,6.274458647,6.274458612,0.884722222,0.884722222,1,0.132508501,7.367771378,7.457999242,true,none
1785075160.525184155,per_message_full_scan,720,720,6.274458647,6.274458612,0.886111111,0.886111111,1,0.135670990,7.336533198,7.337765772,true,none
1785075161.525222540,per_message_full_scan,720,720,6.274458647,6.274458612,0.884722222,0.884722222,1,0.131102130,7.405798124,7.541454264,true,none
1785075162.525199413,per_message_full_scan,720,720,6.274458647,6.274458612,0.891666667,0.891666667,1,0.110400558,7.615349018,7.664382235,true,none
1785075163.525169373,per_message_full_scan,720,720,6.274458647,6.274458612,0.890277778,0.890277778,1,0.134147570,7.446783082,7.897945468,true,none
1785075164.525173187,per_message_full_scan,720,720,6.274458647,6.274458612,0.887500000,0.887500000,1,0.133188993,7.385619463,7.727365937,true,none
1785075165.525191069,per_message_full_scan,720,720,6.274458647,6.274458612,0.884722222,0.884722222,1,0.147018090,7.269006777,7.452080699,true,none
1785075166.560811043,per_message_full_scan,720,720,6.274458647,6.274458612,0.880555556,0.880555556,1,0.134616390,7.384162101,7.447222988,true,none
1785075167.525185347,per_message_full_scan,720,720,6.274458647,6.274458612,0.898611111,0.898611111,1,0.134142265,7.325193558,7.293989095,true,none
1785075168.525171757,per_message_full_scan,720,720,6.274458647,6.274458612,0.891666667,0.891666667,1,0.133739144,7.398784293,7.438120577,true,none
1785075169.548765421,per_message_full_scan,720,720,6.274458647,6.274458612,0.887500000,0.887500000,1,0.133892730,7.361091184,7.479466275,true,none
1785075170.525157213,per_message_full_scan,720,720,6.274458647,6.274458612,0.891666667,0.891666667,1,0.146463722,7.268874403,7.184675101,true,none
1785075171.525168657,per_message_full_scan,720,720,6.274458647,6.274458612,0.886111111,0.886111111,1,0.133074090,7.383954513,7.473048445,true,none
1785075172.534245014,per_message_full_scan,720,720,6.274458647,6.274458612,0.888888889,0.888888889,1,0.133117333,7.330171584,7.444438247,true,none
1785075173.525343418,per_message_full_scan,720,720,6.274458647,6.274458612,0.886111111,0.886111111,1,0.133943707,7.380613485,7.507062819,true,none
1785075174.526051998,per_message_full_scan,720,720,6.274458647,6.274458612,0.895833333,0.895833333,1,0.133663744,7.345684529,7.347373886,true,none
1785075175.532442570,per_message_full_scan,720,720,6.274458647,6.274458612,0.895833333,0.895833333,1,0.134298339,7.385791974,7.450196262,true,none
1785075176.525210619,per_message_full_scan,720,720,6.274458647,6.274458612,0.886111111,0.886111111,1,0.133169204,7.347363952,7.237783933,true,none
1785075177.525165558,per_message_full_scan,720,720,6.274458647,6.274458612,0.902777778,0.902777778,1,0.132329807,7.394868618,7.509602176,true,none
1785075178.526612759,per_message_full_scan,720,720,6.274458647,6.274458612,0.901388889,0.901388889,1,0.133571118,7.363169377,7.389077965,true,none
1785075179.525177240,per_message_full_scan,720,720,6.274458647,6.274458612,0.895833333,0.895833333,1,0.134361103,7.397048894,7.752661947,true,none
1785075180.526432753,per_message_full_scan,720,720,6.274458647,6.274458612,0.909722222,0.909722222,1,0.134348735,7.345900983,7.559121816,true,none
1785075181.525189638,per_message_full_scan,720,720,6.274458647,6.274458612,0.891666667,0.891666667,1,0.146524221,7.256815580,7.333529462,true,none
1785075182.525176048,per_message_full_scan,720,720,6.274458647,6.274458612,0.893055556,0.893055556,1,0.134069532,7.388422782,7.496511320,true,none
1785075183.525196552,per_message_full_scan,720,720,6.274458647,6.274458612,0.890277778,0.890277778,1,0.134082839,7.402653682,7.573878519,true,none
1785075184.525202513,per_message_full_scan,720,720,6.274458647,6.274458612,0.897222222,0.897222222,1,0.134022713,7.380659790,7.398429238,true,none
1785075185.526034832,per_message_full_scan,720,720,6.274458647,6.274458612,0.897222222,0.897222222,1,0.134044096,7.389576736,7.237700264,true,none
1785075186.533162832,per_message_full_scan,720,720,6.274458647,6.274458612,0.886111111,0.886111111,1,0.146226689,7.333052249,7.383029787,true,none
1785075187.525219440,per_message_full_scan,720,720,6.274458647,6.274458612,0.900000000,0.900000000,1,0.134851784,7.371708453,7.245144462,true,none
1785075188.525183439,per_message_full_scan,720,720,6.274458647,6.274458612,0.895833333,0.895833333,1,0.134012178,7.401235951,7.460741555,true,none
1785075189.525195122,per_message_full_scan,720,720,6.274458647,6.274458612,0.888888889,0.888888889,1,0.133991912,7.447162127,7.468607174,true,none
1785075190.525206089,per_message_full_scan,720,720,6.274458647,6.274458612,0.884722222,0.884722222,1,0.133766398,7.414871877,7.446586207,true,none
1785075191.525190592,per_message_full_scan,720,720,6.274458647,6.274458612,0.891666667,0.891666667,1,0.134069383,7.404877826,7.450731138,true,none
1785075192.525200844,per_message_full_scan,720,720,6.274458647,6.274458612,0.890277778,0.890277778,1,0.134054244,7.403627788,7.661867789,true,none
1785075193.548342943,per_message_full_scan,720,720,6.274458647,6.274458612,0.900000000,0.900000000,1,0.134029955,7.410293305,7.430293918,true,none
1785075194.525208235,per_message_full_scan,720,720,6.274458647,6.274458612,0.894444444,0.894444444,1,0.133965358,7.401695067,7.200829392,true,none
1785075195.525213003,per_message_full_scan,720,720,6.274458647,6.274458612,0.891666667,0.891666667,1,0.133444935,7.386066585,7.424919366,true,none
1785075196.525237799,per_message_full_scan,720,720,6.274458647,6.274458612,0.887500000,0.887500000,1,0.134240881,7.403500227,7.527432088,true,none
1785075197.525173903,per_message_full_scan,720,720,6.274458647,6.274458612,0.884722222,0.884722222,1,0.134191334,7.403907797,7.435969043,true,none
1785075198.565330982,per_message_full_scan,720,720,6.274458647,6.274458612,0.887500000,0.887500000,1,0.133893833,7.402545571,7.195249147,true,none
1785075199.525177956,per_message_full_scan,720,720,6.274458647,6.274458612,0.894444444,0.894444444,1,0.133793503,7.405700290,7.496716464,true,none
1785075200.525166988,per_message_full_scan,720,720,6.274458647,6.274458612,0.886111111,0.886111111,1,0.133934379,7.405143005,7.479266165,true,none
1785075201.525204182,per_message_full_scan,720,720,6.274458647,6.274458612,0.893055556,0.893055556,1,0.134223372,7.396475976,7.427156365,true,none
1785075202.525169373,per_message_full_scan,720,720,6.274458647,6.274458612,0.897222222,0.897222222,1,0.131842121,7.412541003,7.447144397,true,none
1785075203.543622971,per_message_full_scan,720,720,6.274458647,6.274458612,0.894444444,0.894444444,1,0.133748993,7.409954592,7.511923249,true,none
1785075204.525178194,per_message_full_scan,720,720,6.274458647,6.274458612,0.900000000,0.900000000,1,0.133978024,7.409836818,7.496035978,true,none
1785075205.525187492,per_message_full_scan,720,720,6.274458647,6.274458612,0.897222222,0.897222222,1,0.134130612,7.405361628,7.445220949,true,none
1785075206.536798000,per_message_full_scan,720,720,6.274458647,6.274458612,0.890277778,0.890277778,1,0.133496135,7.408776970,7.187617171,true,none
1785075207.525196314,per_message_full_scan,720,720,6.274458647,6.274458612,0.893055556,0.893055556,1,0.134287387,7.400620878,7.580421050,true,none
1785075208.532965183,per_message_full_scan,720,720,6.274458647,6.274458612,0.893055556,0.893055556,1,0.134031594,7.404363754,7.511759113,true,none
1785075209.525170088,per_message_full_scan,720,720,6.274458647,6.274458612,0.898611111,0.898611111,1,0.133779958,7.395069386,7.306588818,true,none
1785075210.525177956,per_message_full_scan,720,720,6.274458647,6.274458612,0.888888889,0.888888889,1,0.134060591,7.409974701,7.497042675,true,none
1785075211.525177002,per_message_full_scan,720,720,6.274458647,6.274458612,0.893055556,0.893055556,1,0.134179056,7.439812517,7.470285674,true,none
1785075212.525188446,per_message_full_scan,720,720,6.274458647,6.274458612,0.905555556,0.905555556,1,0.134304509,7.413417375,7.336299465,true,none
1785075213.525187492,per_message_full_scan,720,720,6.274458647,6.274458612,0.890277778,0.890277778,1,0.134933993,7.382298502,7.568807411,true,none
1785075214.525179386,per_message_full_scan,720,720,6.274458647,6.274458612,0.881944444,0.881944444,1,0.133815408,7.402898654,7.429586419,true,none
1785075215.576398611,per_message_full_scan,720,720,6.274458647,6.274458612,0.887500000,0.887500000,1,0.134000093,7.401300671,7.240195827,true,none
1785075216.525214434,per_message_full_scan,720,720,6.274458647,6.274458612,0.902777778,0.902777778,1,0.133726925,7.405996278,7.348902146,true,none
1785075217.525182724,per_message_full_scan,720,720,6.274458647,6.274458612,0.897222222,0.897222222,1,0.134061858,7.402509113,7.524197091,true,none
1785075218.530707598,per_message_full_scan,720,720,6.274458647,6.274458612,0.897222222,0.897222222,1,0.134403571,7.380992332,7.382546473,true,none
1785075219.525163412,per_message_full_scan,720,720,6.274458647,6.274458612,0.898611111,0.898611111,1,0.134721220,7.381717196,7.451572671,true,none
1785075220.532521486,per_message_full_scan,720,720,6.274458647,6.274458612,0.886111111,0.886111111,1,0.134100780,7.449480065,7.550591178,true,none
1785075221.525169134,per_message_full_scan,720,720,6.274458647,6.274458612,0.898611111,0.898611111,1,0.134232119,7.408823284,7.469683734,true,none
1785075222.525206804,per_message_full_scan,720,720,6.274458647,6.274458612,0.883333333,0.883333333,1,0.133106485,7.413433506,7.491476231,true,none
1785075223.525207996,per_message_full_scan,720,720,6.274458647,6.274458612,0.893055556,0.893055556,1,0.133961618,7.408635853,7.581028372,true,none
1785075224.525197744,per_message_full_scan,720,720,6.274458647,6.274458612,0.881944444,0.881944444,1,0.134092540,7.402335828,7.514971823,true,none
1785075225.551111460,per_message_full_scan,720,720,6.274458647,6.274458612,0.861111111,0.861111111,1,0.133516788,7.407000966,7.344840579,true,none
1785075226.525221586,per_message_full_scan,720,720,6.274458647,6.274458612,0.851388889,0.851388889,1,0.134088412,7.408331744,7.494567537,true,none
1785075227.525176764,per_message_full_scan,720,720,6.274458647,6.274458612,0.863888889,0.863888889,1,0.133906186,7.396622772,7.554915670,true,none
1785075228.525339365,per_message_full_scan,720,720,6.274458647,6.274458612,0.859722222,0.859722222,1,0.133860603,7.402236441,7.523458723,true,none
1785075229.525288105,per_message_full_scan,720,720,6.274458647,6.274458612,0.875000000,0.875000000,1,0.134123042,7.393152845,7.459624082,true,none
1785075230.529638767,per_message_full_scan,720,720,6.274458647,6.274458612,0.877777778,0.877777778,1,0.134091422,7.406597948,7.550159363,true,none
1785075231.525391102,per_message_full_scan,720,720,6.274458647,6.274458612,0.863888889,0.863888889,1,0.133474231,7.405405616,7.372433709,true,none
1785075232.554954290,per_message_full_scan,720,720,6.274458647,6.274458612,0.866666667,0.866666667,1,0.132340476,7.496818014,7.569709212,true,none
1785075233.525173903,per_message_full_scan,720,720,6.274458647,6.274458612,0.862500000,0.862500000,1,0.134001598,7.403467136,7.483608443,true,none
1785075234.525179148,per_message_full_scan,720,720,6.274458647,6.274458612,0.869444444,0.869444444,1,0.134713352,7.400673205,7.305988684,true,none
1785075235.525160551,per_message_full_scan,720,720,6.274458647,6.274458612,0.865277778,0.865277778,1,0.134136081,7.366690474,7.565304973,true,none
1785075236.525206327,per_message_full_scan,720,720,6.274458647,6.274458612,0.868055556,0.868055556,1,0.134055406,7.398320058,7.363203441,true,none
1785075237.543105125,per_message_full_scan,720,720,6.274458647,6.274458612,0.861111111,0.861111111,1,0.134016007,7.404401779,7.517930256,true,none
1785075238.525189161,per_message_full_scan,720,720,6.274458647,6.274458612,0.865277778,0.865277778,1,0.134100154,7.407452265,7.387312522,true,none
1785075239.525185347,per_message_full_scan,720,720,6.274458647,6.274458612,0.870833333,0.870833333,1,0.133399561,7.508709726,7.569076804,true,none
1785075240.525194168,per_message_full_scan,720,720,6.274458647,6.274458612,0.875000000,0.875000000,1,0.134104624,7.423613991,7.506371444,true,none
1785075241.525191069,per_message_full_scan,720,720,6.274458647,6.274458612,0.861111111,0.861111111,1,0.133614287,7.401480216,7.380090656,true,none
1785075242.529042959,per_message_full_scan,720,720,6.274458647,6.274458612,0.859722222,0.859722222,1,0.134038687,7.411098344,7.511706495,true,none
1785075243.525209904,per_message_full_scan,720,720,6.274458647,6.274458612,0.856944444,0.856944444,1,0.133435816,7.397015750,7.419681211,true,none
1785075244.525202751,per_message_full_scan,720,720,6.274458647,6.274458612,0.872222222,0.872222222,1,0.134170115,7.402773531,7.536760497,true,none
1785075245.525186300,per_message_full_scan,720,720,6.274458647,6.274458612,0.865277778,0.865277778,1,0.134297356,7.397430163,7.398098696,true,none
1785075246.525195360,per_message_full_scan,720,720,6.274458647,6.274458612,0.866666667,0.866666667,1,0.133990616,7.402571964,7.538191842,true,none
1785075247.540461779,per_message_full_scan,720,720,6.274458647,6.274458612,0.866666667,0.866666667,1,0.134684265,7.388487694,7.436686774,true,none
1785075248.525177002,per_message_full_scan,720,720,6.274458647,6.274458612,0.863888889,0.863888889,1,0.134157851,7.410296182,7.510423095,true,none
1785075249.525223732,per_message_full_scan,720,720,6.274458647,6.274458612,0.858333333,0.858333333,1,0.134094790,7.403121991,7.360906069,true,none
1785075250.525204897,per_message_full_scan,720,720,6.274458647,6.274458612,0.865277778,0.865277778,1,0.132600680,6.847341657,7.009318835,true,none
1785075251.525230885,per_message_full_scan,720,720,6.274458647,6.274458612,0.868055556,0.868055556,1,0.134109780,7.275047427,7.406295364,true,none
1785075252.534998178,per_message_full_scan,720,720,6.274458647,6.274458612,0.862500000,0.862500000,1,0.134119809,7.385171886,7.487369700,true,none
1785075253.525184870,per_message_full_scan,720,720,6.274458647,6.274458612,0.861111111,0.861111111,1,0.134994775,7.371033885,7.514466056,true,none
1785075254.563029289,per_message_full_scan,720,720,6.274458647,6.274458612,0.868055556,0.868055556,1,0.134154841,7.391916861,7.461223174,true,none
1785075255.525461912,per_message_full_scan,720,720,6.274458647,6.274458612,0.862500000,0.862500000,1,0.133950531,7.406331223,7.530354092,true,none
1785075256.525192499,per_message_full_scan,720,720,6.274458647,6.274458612,0.858333333,0.858333333,1,0.134169966,7.403641546,7.652761151,true,none
1785075257.525182724,per_message_full_scan,720,720,6.274458647,6.274458612,0.865277778,0.865277778,1,0.134190947,7.404300152,7.518860806,true,none
1785075258.525195837,per_message_full_scan,720,720,6.274458647,6.274458612,0.863888889,0.863888889,1,0.133782402,7.406168733,7.493707360,true,none
1785075259.540145397,per_message_full_scan,720,720,6.274458647,6.274458612,0.863888889,0.863888889,1,0.134122536,7.404887524,7.587997400,true,none
1785075260.525207520,per_message_full_scan,720,720,6.274458647,6.274458612,0.858333333,0.858333333,1,0.134171516,7.465171814,7.528258710,true,none
1785075261.525207281,per_message_full_scan,720,720,6.274458647,6.274458612,0.859722222,0.859722222,1,0.134544462,7.346740518,7.304813491,true,none
1785075262.525482416,per_message_full_scan,720,720,6.274458647,6.274458612,0.863888889,0.863888889,1,0.134125277,7.410970680,7.391556329,true,none
1785075263.525173664,per_message_full_scan,720,720,6.274458647,6.274458612,0.869444444,0.869444444,1,0.134172812,7.399262798,7.306489536,true,none
1785075264.526785612,per_message_full_scan,720,720,6.274458647,6.274458612,0.850000000,0.850000000,1,0.134068310,7.408593482,7.545986989,true,none
1785075265.525193214,per_message_full_scan,720,720,6.274458647,6.274458612,0.855555556,0.855555556,1,0.133498669,7.403858566,7.224143801,true,none
1785075266.525189400,per_message_full_scan,720,720,6.274458647,6.274458612,0.858333333,0.858333333,1,0.135429338,7.385600313,7.498246792,true,none
1785075267.525177956,per_message_full_scan,720,720,6.274458647,6.274458612,0.861111111,0.861111111,1,0.134004071,7.494541123,7.517974654,true,none
1785075268.525194407,per_message_full_scan,720,720,6.274458647,6.274458612,0.859722222,0.859722222,1,0.134136587,7.425968552,7.425465612,true,none
1785075269.525238276,per_message_full_scan,720,720,6.274458647,6.274458612,0.866666667,0.866666667,1,0.133597553,7.409238539,7.509269299,true,none
1785075270.525198936,per_message_full_scan,720,720,6.274458647,6.274458612,0.862500000,0.862500000,1,0.133916885,7.395488486,7.469102454,true,none
1785075271.540062428,per_message_full_scan,720,720,6.274458647,6.274458612,0.852777778,0.852777778,1,0.134072438,7.399092120,7.503291549,true,none
1785075272.525234222,per_message_full_scan,720,720,6.274458647,6.274458612,0.856944444,0.856944444,1,0.134472564,7.378005123,7.550436293,true,none
1785075273.525218010,per_message_full_scan,720,720,6.274458647,6.274458612,0.856944444,0.856944444,1,0.134056881,7.408161753,7.604584083,true,none
1785075274.525178432,per_message_full_scan,720,720,6.274458647,6.274458612,0.862500000,0.862500000,1,0.133978948,7.462831980,7.509393907,true,none
1785075275.525183439,per_message_full_scan,720,720,6.274458647,6.274458612,0.858333333,0.858333333,1,0.134520829,7.422659037,7.389393990,true,none
1785075276.526131630,per_message_full_scan,720,720,6.274458647,6.274458612,0.847222222,0.847222222,1,0.134106055,7.408219025,7.510202333,true,none
1785075277.525283575,per_message_full_scan,720,720,6.274458647,6.274458612,0.848611111,0.848611111,1,0.134118125,7.388847133,7.246525872,true,none
1785075278.525214672,per_message_full_scan,720,720,6.274458647,6.274458612,0.862500000,0.862500000,1,0.135065734,7.380678836,7.504230452,true,none
1785075279.525213957,per_message_full_scan,720,720,6.274458647,6.274458612,0.854166667,0.854166667,1,0.133977264,7.404190410,7.337866118,true,none
1785075280.525182009,per_message_full_scan,720,720,6.274458647,6.274458612,0.859722222,0.859722222,1,0.121473424,7.546776793,7.539155159,true,none
1785075281.525176764,per_message_full_scan,720,720,6.274458647,6.274458612,0.862500000,0.862500000,1,0.133720368,7.428852135,7.492838072,true,none
1785075282.525191784,per_message_full_scan,720,720,6.274458647,6.274458612,0.861111111,0.861111111,1,0.133890644,7.413043716,7.415387606,true,none
1785075283.539132595,per_message_full_scan,720,720,6.274458647,6.274458612,0.872222222,0.872222222,1,0.133967310,7.406771885,7.483726453,true,none
1785075284.525183439,per_message_full_scan,720,720,6.274458647,6.274458612,0.845833333,0.845833333,1,0.134008244,7.383740889,7.376402999,true,none
1785075285.525463820,per_message_full_scan,720,720,6.274458647,6.274458612,0.858333333,0.858333333,1,0.134147763,7.409780441,7.537440885,true,none
1785075286.525212526,per_message_full_scan,720,720,6.274458647,6.274458612,0.862500000,0.862500000,1,0.121832475,7.550546987,7.624572538,true,none
1785075287.525196791,per_message_full_scan,720,720,6.274458647,6.274458612,0.865277778,0.865277778,1,0.133779362,7.445829226,7.502301127,true,none
1785075288.525835991,per_message_full_scan,720,720,6.274458647,6.274458612,0.863888889,0.863888889,1,0.134112865,7.412022907,7.469277739,true,none
1785075289.525189400,per_message_full_scan,720,720,6.274458647,6.274458612,0.862500000,0.862500000,1,0.133699015,7.400630055,7.467626470,true,none
1785075290.525195599,per_message_full_scan,720,720,6.274458647,6.274458612,0.858333333,0.858333333,1,0.134150684,7.410790441,7.522331990,true,none
1785075291.525184393,per_message_full_scan,720,720,6.274458647,6.274458612,0.855555556,0.855555556,1,0.134091556,7.404890001,7.355325125,true,none
1785075292.525189877,per_message_full_scan,720,720,6.274458647,6.274458612,0.852777778,0.852777778,1,0.134045184,7.407164298,7.482478182,true,none
1785075293.536911249,per_message_full_scan,720,720,6.274458647,6.274458612,0.856944444,0.856944444,1,0.134446546,7.403604859,7.435730473,true,none
1785075294.525209665,per_message_full_scan,720,720,6.274458647,6.274458612,0.865277778,0.865277778,1,0.134078249,7.392381286,7.536322664,true,none
1785075295.538574696,per_message_full_scan,720,720,6.274458647,6.274458612,0.862500000,0.862500000,1,0.134003013,7.444289299,7.496026452,true,none
1785075296.525194168,per_message_full_scan,720,720,6.274458647,6.274458612,0.856944444,0.856944444,1,0.132616386,7.413204984,7.341732650,true,none
1785075297.525173903,per_message_full_scan,720,720,6.274458647,6.274458612,0.856944444,0.856944444,1,0.134152621,7.407972126,7.495109304,true,none
1785075298.525165796,per_message_full_scan,720,720,6.274458647,6.274458612,0.865277778,0.865277778,1,0.133549228,7.408136450,7.569379241,true,none
1785075299.525192499,per_message_full_scan,720,720,6.274458647,6.274458612,0.866666667,0.866666667,1,0.133951977,7.405014683,7.519554699,true,none
1785075300.559055567,per_message_full_scan,720,720,6.274458647,6.274458612,0.859722222,0.859722222,1,0.132828459,7.404076978,7.409600134,true,none
1785075301.525188446,per_message_full_scan,720,720,6.274458647,6.274458612,0.852777778,0.852777778,1,0.134020478,7.408650153,7.529149928,true,none
1785075302.525206566,per_message_full_scan,720,720,6.274458647,6.274458612,0.856944444,0.856944444,1,0.134245247,7.441375559,7.510029068,true,none
1785075303.525237322,per_message_full_scan,720,720,6.274458647,6.274458612,0.862500000,0.862500000,1,0.133607894,7.413741526,7.468638763,true,none
1785075304.525223970,per_message_full_scan,720,720,6.274458647,6.274458612,0.875000000,0.875000000,1,0.133043766,7.414981561,7.490160501,true,none
1785075305.535896540,per_message_full_scan,720,720,6.274458647,6.274458612,0.863888889,0.863888889,1,0.133899704,7.395341066,7.447449468,true,none
1785075306.525183439,per_message_full_scan,720,720,6.274458647,6.274458612,0.870833333,0.870833333,1,0.132815018,7.486544735,7.529514195,true,none
1785075307.528139830,per_message_full_scan,720,720,6.274458647,6.274458612,0.863888889,0.863888889,1,0.134016663,7.421541878,7.573045713,true,none
1785075308.525179148,per_message_full_scan,720,720,6.274458647,6.274458612,0.872222222,0.872222222,1,0.134233683,7.409149817,7.497602796,true,none
1785075309.525186062,per_message_full_scan,720,720,6.274458647,6.274458612,0.868055556,0.868055556,1,0.134272605,7.403128125,7.471724989,true,none
1785075310.525169134,per_message_full_scan,720,720,6.274458647,6.274458612,0.855555556,0.855555556,1,0.121340513,7.556991003,8.108513365,true,none
1785075311.525245190,per_message_full_scan,720,720,6.274458647,6.274458612,0.866666667,0.866666667,1,0.134092242,7.442809146,7.533342080,true,none
1785075312.525206089,per_message_full_scan,720,720,6.274458647,6.274458612,0.854166667,0.854166667,1,0.133914813,7.409213944,7.877285083,true,none
1785075313.525182009,per_message_full_scan,720,720,6.274458647,6.274458612,0.868055556,0.868055556,1,0.134101138,7.407242330,7.488469448,true,none
1785075314.525189877,per_message_full_scan,720,720,6.274458647,6.274458612,0.866666667,0.866666667,1,0.133949131,7.364474391,7.556716531,true,none
1785075315.525186539,per_message_full_scan,720,720,6.274458647,6.274458612,0.868055556,0.868055556,1,0.134011671,7.410552037,7.524052666,true,none
1785075316.525206804,per_message_full_scan,720,720,6.274458647,6.274458612,0.859722222,0.859722222,1,0.133750811,7.468226693,7.501752330,true,none
1785075317.525295258,per_message_full_scan,720,720,6.274458647,6.274458612,0.868055556,0.868055556,1,0.134228185,7.403186070,7.909968897,true,none
1785075318.525289774,per_message_full_scan,720,720,6.274458647,6.274458612,0.873611111,0.873611111,1,0.133778989,7.414818790,7.527388546,true,none
1785075319.528586149,per_message_full_scan,720,720,6.274458647,6.274458612,0.859722222,0.859722222,1,0.133766070,7.405945701,7.780585325,true,none
1785075320.525172949,per_message_full_scan,720,720,6.274458647,6.274458612,0.866666667,0.866666667,1,0.134194791,7.458664900,7.357672164,true,none
1785075321.525194407,per_message_full_scan,720,720,6.274458647,6.274458612,0.866666667,0.866666667,1,0.132053033,7.368027748,7.530020158,true,none
1785075322.525185108,per_message_full_scan,720,720,6.274458647,6.274458612,0.847222222,0.847222222,1,0.134109497,7.403126962,7.498813145,true,none
1785075323.525215387,per_message_full_scan,720,720,6.274458647,6.274458612,0.852777778,0.852777778,1,0.133308515,7.419504666,7.479191377,true,none
1785075324.548348427,per_message_full_scan,720,720,6.274458647,6.274458612,0.862500000,0.862500000,1,0.134264201,7.406018684,7.276358705,true,none
1785075325.525193214,per_message_full_scan,720,720,6.274458647,6.274458612,0.861111111,0.861111111,1,0.133986890,7.479555085,7.761800821,true,none
1785075326.539710283,per_message_full_scan,720,720,6.274458647,6.274458612,0.859722222,0.859722222,1,0.134238586,7.419112480,7.637018774,true,none
1785075327.525191307,per_message_full_scan,720,720,6.274458647,6.274458612,0.855555556,0.855555556,1,0.133975983,7.412876399,7.294719828,true,none
1785075328.525206089,per_message_full_scan,720,720,6.274458647,6.274458612,0.870833333,0.870833333,1,0.132878080,7.405926317,7.430067211,true,none
1785075329.525205851,per_message_full_scan,720,720,6.274458647,6.274458612,0.862500000,0.862500000,1,0.134170488,7.401364730,7.653304062,true,none
1785075330.525173664,per_message_full_scan,720,720,6.274458647,6.274458612,0.856944444,0.856944444,1,0.133220583,7.458448244,7.386790381,true,none
1785075331.526952267,per_message_full_scan,720,720,6.274458647,6.274458612,0.869444444,0.869444444,1,0.134062573,7.405635239,7.520738038,true,none
1785075332.525168657,per_message_full_scan,720,720,6.274458647,6.274458612,0.862500000,0.862500000,1,0.134158835,7.403841638,7.267444353,true,none
1785075333.525174379,per_message_full_scan,720,720,6.274458647,6.274458612,0.850000000,0.850000000,1,0.134073094,7.376417230,7.500875385,true,none
1785075334.525191784,per_message_full_scan,720,720,6.274458647,6.274458612,0.868055556,0.868055556,1,0.134098396,7.478514587,7.482903518,true,none
1785075335.525205612,per_message_full_scan,720,720,6.274458647,6.274458612,0.855555556,0.855555556,1,0.134473473,7.423574336,7.286916414,true,none
1785075336.525187731,per_message_full_scan,720,720,6.274458647,6.274458612,0.861111111,0.861111111,1,0.133431599,7.406954475,7.494985052,true,none
1785075337.525194645,per_message_full_scan,720,720,6.274458647,6.274458612,0.862500000,0.862500000,1,0.134001538,7.390112763,7.283748575,true,none
1785075338.539793491,per_message_full_scan,720,720,6.274458647,6.274458612,0.858333333,0.858333333,1,0.134172231,7.408047668,7.499048770,true,none
1785075339.525175571,per_message_full_scan,720,720,6.274458647,6.274458612,0.865277778,0.865277778,1,0.134525716,7.485988246,7.619028692,true,none
1785075340.525176048,per_message_full_scan,720,720,6.274458647,6.274458612,0.859722222,0.859722222,1,0.134474024,7.424879580,7.393472208,true,none
1785075341.530066729,per_message_full_scan,720,720,6.274458647,6.274458612,0.855555556,0.855555556,1,0.134258628,7.406019094,7.215758019,true,none
1785075342.525167704,per_message_full_scan,720,720,6.274458647,6.274458612,0.876388889,0.876388889,1,0.134248286,7.400773735,7.491776968,true,none
1785075343.527441978,per_message_full_scan,720,720,6.274458647,6.274458612,0.862500000,0.862500000,1,0.134392992,7.394819239,7.491822432,true,none
1785075344.525173664,per_message_full_scan,720,720,6.274458647,6.274458612,0.859722222,0.859722222,1,0.121047705,7.559231247,8.008094820,true,none
1785075345.550772667,per_message_full_scan,720,720,6.274458647,6.274458612,0.858333333,0.858333333,1,0.133752346,7.437139767,7.567571504,true,none
1785075346.525169134,per_message_full_scan,720,720,6.274458647,6.274458612,0.858333333,0.858333333,1,0.134011805,7.400474437,7.476750166,true,none
1785075347.525184155,per_message_full_scan,720,720,6.274458647,6.274458612,0.866666667,0.866666667,1,0.134252071,7.397471529,7.518404528,true,none
1785075348.525183916,per_message_full_scan,720,720,6.274458647,6.274458612,0.858333333,0.858333333,1,0.133769259,7.402299873,7.489806328,true,none
1785075349.525201559,per_message_full_scan,720,720,6.274458647,6.274458612,0.861111111,0.861111111,1,0.120646931,7.547497950,8.001167121,true,none
1785075350.537514448,per_message_full_scan,720,720,6.274458647,6.274458612,0.877777778,0.877777778,1,0.133098915,7.433501390,7.516601241,true,none
1785075351.525272131,per_message_full_scan,720,720,6.274458647,6.274458612,0.854166667,0.854166667,1,0.134122238,7.388781526,7.554150250,true,none
1785075352.525265217,per_message_full_scan,720,720,6.274458647,6.274458612,0.856944444,0.856944444,1,0.134045258,7.398825177,7.538572123,true,none
1785075353.525183678,per_message_full_scan,720,720,6.274458647,6.274458612,0.863888889,0.863888889,1,0.134104580,7.401014721,7.599665425,true,none
1785075354.525174856,per_message_full_scan,720,720,6.274458647,6.274458612,0.852777778,0.852777778,1,0.133662730,7.406462191,7.586330246,true,none
1785075355.557405233,per_message_full_scan,720,720,6.274458647,6.274458612,0.862500000,0.862500000,1,0.134045020,7.404731753,7.225270029,true,none
1785075356.525313377,per_message_full_scan,720,720,6.274458647,6.274458612,0.866666667,0.866666667,1,0.133227661,7.391987285,7.527633127,true,none
1785075357.525222301,per_message_full_scan,720,720,6.274458647,6.274458612,0.858333333,0.858333333,1,0.134193555,7.407007350,7.541953343,true,none
1785075358.525171280,per_message_full_scan,720,720,6.274458647,6.274458612,0.862500000,0.862500000,1,0.134047642,7.471237359,7.610208773,true,none
1785075359.525200129,per_message_full_scan,720,720,6.274458647,6.274458612,0.865277778,0.865277778,1,0.134133339,7.420725741,7.492997277,true,none
1785075360.525178909,per_message_full_scan,720,720,6.274458647,6.274458612,0.863888889,0.863888889,1,0.134061530,7.411634134,7.477105019,true,none
1785075361.525183201,per_message_full_scan,720,720,6.274458647,6.274458612,0.863888889,0.863888889,1,0.133720204,7.405007088,7.500359536,true,none
1785075362.541161299,per_message_full_scan,720,720,6.274458647,6.274458612,0.851388889,0.851388889,1,0.134087279,7.402999464,7.469600903,true,none
1785075363.525222540,per_message_full_scan,720,720,6.274458647,6.274458612,0.875000000,0.875000000,1,0.132553011,7.418292708,7.507600841,true,none
1785075364.525195599,per_message_full_scan,720,720,6.274458647,6.274458612,0.888888889,0.888888889,1,0.134144500,7.405955318,7.487761872,true,none
1785075365.525185108,per_message_full_scan,720,720,6.274458647,6.274458612,0.879166667,0.879166667,1,0.131629482,7.410263043,7.480643981,true,none
1785075366.525181770,per_message_full_scan,720,720,6.274458647,6.274458612,0.876388889,0.876388889,1,0.133257419,7.410288762,7.505070014,true,none
1785075367.525202751,per_message_full_scan,720,720,6.274458647,6.274458612,0.883333333,0.883333333,1,0.134091273,7.478593155,8.025822113,true,none
1785075368.525195122,per_message_full_scan,720,720,6.274458647,6.274458612,0.879166667,0.879166667,1,0.134156868,7.420350247,7.628997813,true,none
1785075369.525190592,per_message_full_scan,720,720,6.274458647,6.274458612,0.862500000,0.862500000,1,0.134263188,7.407725881,7.499221571,true,none
1785075370.525208950,per_message_full_scan,720,720,6.274458647,6.274458612,0.877777778,0.877777778,1,0.133443326,7.411415409,7.521537302,true,none
1785075371.525190592,per_message_full_scan,720,720,6.274458647,6.274458612,0.880555556,0.880555556,1,0.134140655,7.411289106,7.486980646,true,none
1785075372.538533449,per_message_full_scan,720,720,6.274458647,6.274458612,0.888888889,0.888888889,1,0.134030551,7.351784207,7.530281529,true,none
