timestamp,message_index,ranges_size,intensities_size,angle_min,angle_max,angle_increment,declared_span_rad,indexed_span_rad,declared_span_deg,indexed_span_deg,scan_time,time_increment,range_min,range_max,finite_count,finite_ratio,frame_id,timestamp_monotonic,input_rate_hz,publisher_count,classification
1784821934.628203869,1,1020,1020,-3.124139309,3.141592741,0.006148903,6.265732050,6.265731851,359.000002022,358.999990602,0.134215981,0.000131713,0.150000006,12.000000000,892,0.874509804,"laser_frame",true,0.000000000,1,FULL_REVOLUTION
1784821934.763127327,2,1017,1017,-3.124139309,3.141592741,0.006167059,6.265732050,6.265731774,359.000002022,358.999986227,0.134052694,0.000131942,0.150000006,12.000000000,879,0.864306785,"laser_frame",true,7.414196340,1,FULL_REVOLUTION
1784821934.886137486,3,1016,1016,-3.124139309,3.141592741,0.006173135,6.265732050,6.265731803,359.000002022,358.999987881,0.122133195,0.000120328,0.150000006,12.000000000,885,0.871062992,"laser_frame",true,7.529105435,1,FULL_REVOLUTION
1784821935.021138430,4,1016,1016,-3.124139309,3.141592741,0.006173135,6.265732050,6.265731803,359.000002022,358.999987881,0.133948490,0.000131969,0.150000006,12.000000000,874,0.860236220,"laser_frame",true,7.528694718,1,FULL_REVOLUTION
1784821935.146143675,5,1018,1018,-3.124139309,3.141592741,0.006160995,6.265732050,6.265731907,359.000002022,358.999993804,0.124105014,0.000122030,0.150000006,12.000000000,882,0.866404715,"laser_frame",true,7.622910246,1,FULL_REVOLUTION
1784821935.279261589,6,1018,1018,-3.124139309,3.141592741,0.006160995,6.265732050,6.265731907,359.000002022,358.999993804,0.131845236,0.000129641,0.150000006,12.000000000,889,0.873280943,"laser_frame",true,7.600019665,1,FULL_REVOLUTION
1784821935.414269686,7,1018,1018,-3.124139309,3.141592741,0.006160995,6.265732050,6.265731907,359.000002022,358.999993804,0.134028390,0.000131788,0.150000006,12.000000000,884,0.868369352,"laser_frame",true,7.560276919,1,FULL_REVOLUTION
1784821935.540194273,8,1020,1020,-3.124139309,3.141592741,0.006148903,6.265732050,6.265731851,359.000002022,358.999990602,0.124935381,0.000122606,0.150000006,12.000000000,886,0.868627451,"laser_frame",true,7.639072336,1,FULL_REVOLUTION
1784821935.672447920,9,1020,1020,-3.124139309,3.141592741,0.006148903,6.265732050,6.265731851,359.000002022,358.999990602,0.131317466,0.000128869,0.150000006,12.000000000,890,0.872549020,"laser_frame",true,7.606599237,1,FULL_REVOLUTION
1784821935.795212507,10,1021,1021,-3.124139309,3.141592741,0.006142874,6.265732050,6.265731733,359.000002022,358.999983879,0.120738462,0.000118371,0.150000006,12.000000000,893,0.874632713,"laser_frame",true,7.728117565,1,FULL_REVOLUTION
1784821935.930290461,11,1021,1021,-3.124139309,3.141592741,0.006142874,6.265732050,6.265731733,359.000002022,358.999983879,0.133663386,0.000131043,0.150000006,12.000000000,888,0.869735553,"laser_frame",true,7.668124635,1,FULL_REVOLUTION
1784821936.065356970,12,1016,1016,-3.124139309,3.141592741,0.006173135,6.265732050,6.265731803,359.000002022,358.999987881,0.134137064,0.000132155,0.150000006,12.000000000,887,0.873031496,"laser_frame",true,7.615619281,1,FULL_REVOLUTION
1784821936.188127279,13,1014,1014,-3.124139309,3.141592741,0.006185323,6.265732050,6.265731727,359.000002022,358.999983532,0.121874236,0.000120310,0.150000006,12.000000000,885,0.872781065,"laser_frame",true,7.721941404,1,FULL_REVOLUTION
1784821936.323413849,14,1013,1013,-3.124139309,3.141592741,0.006191435,6.265732050,6.265732022,359.000002022,359.000000421,0.134295225,0.000132703,0.150000006,12.000000000,874,0.862783810,"laser_frame",true,7.654449956,1,FULL_REVOLUTION
1784821936.446204662,15,1012,1012,-3.124139309,3.141592741,0.006197559,6.265732050,6.265731862,359.000002022,358.999991243,0.121735297,0.000120411,0.150000006,12.000000000,882,0.871541502,"laser_frame",true,7.752699643,1,FULL_REVOLUTION
1784821936.581289530,16,1013,1013,-3.124139309,3.141592741,0.006191435,6.265732050,6.265732022,359.000002022,359.000000421,0.134051353,0.000132462,0.150000006,12.000000000,879,0.867719645,"laser_frame",true,7.683162876,1,FULL_REVOLUTION
1784821936.704079866,17,1013,1013,-3.124139309,3.141592741,0.006191435,6.265732050,6.265732022,359.000002022,359.000000421,0.121803530,0.000120359,0.150000006,12.000000000,876,0.864758144,"laser_frame",true,7.775511718,1,FULL_REVOLUTION
1784821936.839786053,18,1013,1013,-3.124139309,3.141592741,0.006191435,6.265732050,6.265732022,359.000002022,359.000000421,0.134814650,0.000133216,0.150000006,12.000000000,876,0.864758144,"laser_frame",true,7.693299726,1,FULL_REVOLUTION
1784821936.974290133,19,1015,1015,-3.124139309,3.141592741,0.006179223,6.265732050,6.265731957,359.000002022,358.999996685,0.133558184,0.000131714,0.150000006,12.000000000,882,0.868965517,"laser_frame",true,7.642126599,1,FULL_REVOLUTION
1784821937.099232912,20,1018,1018,-3.124139309,3.141592741,0.006160995,6.265732050,6.265731907,359.000002022,358.999993804,0.123750255,0.000121682,0.150000006,12.000000000,887,0.871316306,"laser_frame",true,7.712184907,1,FULL_REVOLUTION
1784821937.233445883,21,1021,1021,-3.124139309,3.141592741,0.006142874,6.265732050,6.265731733,359.000002022,358.999983879,0.132234365,0.000129642,0.150000006,12.000000000,891,0.872673849,"laser_frame",true,7.659979017,1,FULL_REVOLUTION
1784821937.355315924,22,1022,1022,-3.124139309,3.141592741,0.006136858,6.265732050,6.265731920,359.000002022,358.999994604,0.120887876,0.000118401,0.150000006,12.000000000,884,0.864970646,"laser_frame",true,7.735199912,1,FULL_REVOLUTION
1784821937.493855238,23,1023,1023,-3.124139309,3.141592741,0.006130853,6.265732050,6.265731973,359.000002022,358.999997593,0.131028235,0.000128208,0.150000006,12.000000000,886,0.866080156,"laser_frame",true,7.657670852,1,FULL_REVOLUTION
1784821937.626397133,24,1024,1024,-3.124139309,3.141592741,0.006124860,6.265732050,6.265731925,359.000002022,358.999994844,0.131401882,0.000128448,0.150000006,12.000000000,881,0.860351562,"laser_frame",true,7.605946723,1,FULL_REVOLUTION
1784821937.751225233,25,1022,1022,-3.124139309,3.141592741,0.006136858,6.265732050,6.265731920,359.000002022,358.999994604,0.117912903,0.000115488,0.150000006,12.000000000,886,0.866927593,"laser_frame",true,7.720517329,1,FULL_REVOLUTION
1784821937.883301020,26,1022,1022,-3.124139309,3.141592741,0.006136858,6.265732050,6.265731920,359.000002022,358.999994604,0.130913943,0.000128221,0.150000006,12.000000000,884,0.864970646,"laser_frame",true,7.691858938,1,FULL_REVOLUTION
1784821938.018510818,27,1021,1021,-3.124139309,3.141592741,0.006142874,6.265732050,6.265731733,359.000002022,358.999983879,0.133275077,0.000130662,0.150000006,12.000000000,889,0.870714985,"laser_frame",true,7.635844661,1,FULL_REVOLUTION
1784821938.141125202,28,1018,1018,-3.124139309,3.141592741,0.006160995,6.265732050,6.265731907,359.000002022,358.999993804,0.121662289,0.000119629,0.150000006,12.000000000,888,0.872298625,"laser_frame",true,7.739955918,1,FULL_REVOLUTION
1784821938.276454210,29,1015,1015,-3.124139309,3.141592741,0.006179223,6.265732050,6.265731957,359.000002022,358.999996685,0.134338811,0.000132484,0.150000006,12.000000000,879,0.866009852,"laser_frame",true,7.667674834,1,FULL_REVOLUTION
1784821938.399201870,30,1014,1014,-3.124139309,3.141592741,0.006185323,6.265732050,6.265731727,359.000002022,358.999983532,0.121558405,0.000119998,0.150000006,12.000000000,879,0.866863905,"laser_frame",true,7.765553387,1,FULL_REVOLUTION
1784821938.534167767,31,1014,1014,-3.124139309,3.141592741,0.006185323,6.265732050,6.265731727,359.000002022,358.999983532,0.134055182,0.000132335,0.150000006,12.000000000,886,0.873767258,"laser_frame",true,7.692248010,1,FULL_REVOLUTION
1784821938.669344187,32,1019,1019,-3.124139309,3.141592741,0.006154943,6.265732050,6.265731762,359.000002022,358.999985533,0.132823810,0.000130475,0.150000006,12.000000000,881,0.864573111,"laser_frame",true,7.636348600,1,FULL_REVOLUTION
1784821938.792145252,33,1019,1019,-3.124139309,3.141592741,0.006154943,6.265732050,6.265731762,359.000002022,358.999985533,0.121957712,0.000119801,0.150000006,12.000000000,876,0.859666340,"laser_frame",true,7.737007970,1,FULL_REVOLUTION
1784821938.927246094,34,1019,1019,-3.124139309,3.141592741,0.006154943,6.265732050,6.265731762,359.000002022,358.999985533,0.134233892,0.000131860,0.150000006,12.000000000,888,0.871442591,"laser_frame",true,7.665199117,1,FULL_REVOLUTION
1784821939.053345203,35,1018,1018,-3.124139309,3.141592741,0.006160995,6.265732050,6.265731907,359.000002022,358.999993804,0.125064552,0.000122974,0.150000006,12.000000000,883,0.867387033,"laser_frame",true,7.717741405,1,FULL_REVOLUTION
1784821939.185151577,36,1017,1017,-3.124139309,3.141592741,0.006167059,6.265732050,6.265731774,359.000002022,358.999986227,0.129902303,0.000127857,0.150000006,12.000000000,890,0.875122911,"laser_frame",true,7.696344124,1,FULL_REVOLUTION
1784821939.320242167,37,1018,1018,-3.124139309,3.141592741,0.006160995,6.265732050,6.265731907,359.000002022,358.999993804,0.134209722,0.000131966,0.150000006,12.000000000,884,0.868369352,"laser_frame",true,7.638007365,1,FULL_REVOLUTION
1784821939.443117619,38,1017,1017,-3.124139309,3.141592741,0.006167059,6.265732050,6.265731774,359.000002022,358.999986227,0.122010261,0.000120089,0.150000006,12.000000000,874,0.859390364,"laser_frame",true,7.737299246,1,FULL_REVOLUTION
1784821939.578328133,39,1019,1019,-3.124139309,3.141592741,0.006154943,6.265732050,6.265731762,359.000002022,358.999985533,0.134274647,0.000131900,0.150000006,12.000000000,895,0.878312071,"laser_frame",true,7.666835493,1,FULL_REVOLUTION
1784821939.701207876,40,1019,1019,-3.124139309,3.141592741,0.006154943,6.265732050,6.265731762,359.000002022,358.999985533,0.121809646,0.000119656,0.150000006,12.000000000,893,0.876349362,"laser_frame",true,7.763003762,1,FULL_REVOLUTION
1784821939.836265564,41,1019,1019,-3.124139309,3.141592741,0.006154943,6.265732050,6.265731762,359.000002022,358.999985533,0.133968785,0.000131600,0.150000006,12.000000000,888,0.871442591,"laser_frame",true,7.692227594,1,FULL_REVOLUTION
1784821939.971417904,42,1018,1018,-3.124139309,3.141592741,0.006160995,6.265732050,6.265731907,359.000002022,358.999993804,0.132957220,0.000130735,0.150000006,12.000000000,878,0.862475442,"laser_frame",true,7.633665929,1,FULL_REVOLUTION
1784821940.094118834,43,1015,1015,-3.124139309,3.141592741,0.006179223,6.265732050,6.265731957,359.000002022,358.999996685,0.121850900,0.000120169,0.150000006,12.000000000,881,0.867980296,"laser_frame",true,7.736030010,1,FULL_REVOLUTION
1784821940.229301214,44,1018,1018,-3.124139309,3.141592741,0.006160995,6.265732050,6.265731907,359.000002022,358.999993804,0.134226352,0.000131983,0.150000006,12.000000000,888,0.872298625,"laser_frame",true,7.669938919,1,FULL_REVOLUTION
1784821940.352727652,45,1015,1015,-3.124139309,3.141592741,0.006179223,6.265732050,6.265731957,359.000002022,358.999996685,0.122064218,0.000120379,0.150000006,12.000000000,879,0.866009852,"laser_frame",true,7.750739536,1,FULL_REVOLUTION
1784821940.487223148,46,1013,1013,-3.124139309,3.141592741,0.006191435,6.265732050,6.265732022,359.000002022,359.000000421,0.133199185,0.000131620,0.150000006,12.000000000,887,0.875616979,"laser_frame",true,7.691912247,1,FULL_REVOLUTION
1784821940.622366190,47,1011,1011,-3.124139309,3.141592741,0.006203695,6.265732050,6.265731682,359.000002022,358.999980944,0.134193391,0.000132865,0.150000006,12.000000000,881,0.871414441,"laser_frame",true,7.632587738,1,FULL_REVOLUTION
1784821940.745217085,48,1012,1012,-3.124139309,3.141592741,0.006197559,6.265732050,6.265731862,359.000002022,358.999991243,0.121872939,0.000120547,0.150000006,12.000000000,878,0.867588933,"laser_frame",true,7.734167874,1,FULL_REVOLUTION
1784821940.880322456,49,1012,1012,-3.124139309,3.141592741,0.006197559,6.265732050,6.265731862,359.000002022,358.999991243,0.134123653,0.000132664,0.150000006,12.000000000,872,0.861660079,"laser_frame",true,7.667429338,1,FULL_REVOLUTION
1784821941.003164768,50,1014,1014,-3.124139309,3.141592741,0.006185323,6.265732050,6.265731727,359.000002022,358.999983532,0.121883176,0.000120319,0.150000006,12.000000000,886,0.873767258,"laser_frame",true,7.763427604,1,FULL_REVOLUTION
1784821941.138199091,51,1015,1015,-3.124139309,3.141592741,0.006179223,6.265732050,6.265731957,359.000002022,358.999996685,0.134180799,0.000132328,0.150000006,12.000000000,879,0.866009852,"laser_frame",true,7.691226793,1,FULL_REVOLUTION
1784821941.261785507,52,1017,1017,-3.124139309,3.141592741,0.006167059,6.265732050,6.265731774,359.000002022,358.999986227,0.122660227,0.000120729,0.150000006,12.000000000,893,0.878072763,"laser_frame",true,7.769932044,1,FULL_REVOLUTION
1784821941.396320820,53,1018,1018,-3.124139309,3.141592741,0.006160995,6.265732050,6.265731907,359.000002022,358.999993804,0.133580863,0.000131348,0.150000006,12.000000000,888,0.872298625,"laser_frame",true,7.702379949,1,FULL_REVOLUTION
1784821941.532041788,54,1019,1019,-3.124139309,3.141592741,0.006154943,6.265732050,6.265731762,359.000002022,358.999985533,0.134085491,0.000131715,0.150000006,12.000000000,883,0.866535819,"laser_frame",true,7.635615965,1,FULL_REVOLUTION
1784821941.655145407,55,1021,1021,-3.124139309,3.141592741,0.006142874,6.265732050,6.265731733,359.000002022,358.999983879,0.121538684,0.000119156,0.150000006,12.000000000,888,0.869735553,"laser_frame",true,7.695256207,1,FULL_REVOLUTION
1784821941.789387226,56,1021,1021,-3.124139309,3.141592741,0.006142874,6.265732050,6.265731733,359.000002022,358.999983879,0.127505198,0.000125005,0.150000006,12.000000000,882,0.863858962,"laser_frame",true,7.679634068,1,FULL_REVOLUTION
1784821941.912282467,57,1022,1022,-3.124139309,3.141592741,0.006136858,6.265732050,6.265731920,359.000002022,358.999994604,0.121951260,0.000119443,0.150000006,12.000000000,886,0.866927593,"laser_frame",true,7.771557890,1,FULL_REVOLUTION
1784821942.047294378,58,1019,1019,-3.124139309,3.141592741,0.006154943,6.265732050,6.265731762,359.000002022,358.999985533,0.134047642,0.000131677,0.150000006,12.000000000,882,0.865554465,"laser_frame",true,7.699418552,1,FULL_REVOLUTION
1784821942.182326317,59,1019,1019,-3.124139309,3.141592741,0.006154943,6.265732050,6.265731762,359.000002022,358.999985533,0.133975461,0.000131607,0.150000006,12.000000000,892,0.875368008,"laser_frame",true,7.640895784,1,FULL_REVOLUTION
1784821942.305429697,60,1018,1018,-3.124139309,3.141592741,0.006160995,6.265732050,6.265731907,359.000002022,358.999993804,0.122123405,0.000120082,0.150000006,12.000000000,877,0.861493124,"laser_frame",true,7.736365185,1,FULL_REVOLUTION
1784821942.440467358,61,1018,1018,-3.124139309,3.141592741,0.006160995,6.265732050,6.265731907,359.000002022,358.999993804,0.134023309,0.000131783,0.150000006,12.000000000,884,0.868369352,"laser_frame",true,7.670965141,1,FULL_REVOLUTION
1784821942.563163757,62,1014,1014,-3.124139309,3.141592741,0.006185323,6.265732050,6.265731727,359.000002022,358.999983532,0.121798255,0.000120235,0.150000006,12.000000000,884,0.871794872,"laser_frame",true,7.765488904,1,FULL_REVOLUTION
1784821942.698608875,63,1013,1013,-3.124139309,3.141592741,0.006191435,6.265732050,6.265732022,359.000002022,359.000000421,0.134180412,0.000132589,0.150000006,12.000000000,878,0.866732478,"laser_frame",true,7.686668445,1,FULL_REVOLUTION
1784821942.833425522,64,1013,1013,-3.124139309,3.141592741,0.006191435,6.265732050,6.265732022,359.000002022,359.000000421,0.131653354,0.000130092,0.150000006,12.000000000,880,0.868706811,"laser_frame",true,7.630936335,1,FULL_REVOLUTION
1784821942.956340790,65,1018,1018,-3.124139309,3.141592741,0.006160995,6.265732050,6.265731907,359.000002022,358.999993804,0.121221960,0.000119196,0.150000006,12.000000000,869,0.853634578,"laser_frame",true,7.729516199,1,FULL_REVOLUTION
1784821943.092228651,66,1018,1018,-3.124139309,3.141592741,0.006160995,6.265732050,6.265731907,359.000002022,358.999993804,0.133503988,0.000131272,0.150000006,12.000000000,888,0.872298625,"laser_frame",true,7.662089749,1,FULL_REVOLUTION
1784821943.214206696,67,1019,1019,-3.124139309,3.141592741,0.006154943,6.265732050,6.265731762,359.000002022,358.999985533,0.121066801,0.000118926,0.150000006,12.000000000,890,0.873405299,"laser_frame",true,7.768005559,1,FULL_REVOLUTION
1784821943.351095915,68,1018,1018,-3.124139309,3.141592741,0.006160995,6.265732050,6.265731907,359.000002022,358.999993804,0.135901347,0.000133630,0.150000006,12.000000000,873,0.857563851,"laser_frame",true,7.675469685,1,FULL_REVOLUTION
1784821943.484434366,69,1018,1018,-3.124139309,3.141592741,0.006160995,6.265732050,6.265731907,359.000002022,358.999993804,0.131751969,0.000129550,0.150000006,12.000000000,891,0.875245580,"laser_frame",true,7.640122849,1,FULL_REVOLUTION
1784821943.607574463,70,1018,1018,-3.124139309,3.141592741,0.006160995,6.265732050,6.265731907,359.000002022,358.999993804,0.122069985,0.000120029,0.150000006,12.000000000,884,0.868369352,"laser_frame",true,7.702441954,1,FULL_REVOLUTION
1784821943.742492676,71,1018,1018,-3.124139309,3.141592741,0.006160995,6.265732050,6.265731907,359.000002022,358.999993804,0.131065607,0.000128875,0.150000006,12.000000000,875,0.859528487,"laser_frame",true,7.672654782,1,FULL_REVOLUTION
1784821943.865253687,72,1019,1019,-3.124139309,3.141592741,0.006154943,6.265732050,6.265731762,359.000002022,358.999985533,0.121422216,0.000119275,0.150000006,12.000000000,885,0.868498528,"laser_frame",true,7.770395082,1,FULL_REVOLUTION
1784821944.000367403,73,1016,1016,-3.124139309,3.141592741,0.006173135,6.265732050,6.265731803,359.000002022,358.999987881,0.134227544,0.000132244,0.150000006,12.000000000,892,0.877952756,"laser_frame",true,7.675540834,1,FULL_REVOLUTION
1784821944.135436296,74,1017,1017,-3.124139309,3.141592741,0.006167059,6.265732050,6.265731774,359.000002022,358.999986227,0.133363187,0.000131263,0.150000006,12.000000000,894,0.879056047,"laser_frame",true,7.642779679,1,FULL_REVOLUTION
1784821944.258725166,75,1020,1020,-3.124139309,3.141592741,0.006148903,6.265732050,6.265731851,359.000002022,358.999990602,0.122363649,0.000120082,0.150000006,12.000000000,890,0.872549020,"laser_frame",true,7.734786297,1,FULL_REVOLUTION
1784821944.393370628,76,1021,1021,-3.124139309,3.141592741,0.006142874,6.265732050,6.265731733,359.000002022,358.999983879,0.133637339,0.000131017,0.150000006,12.000000000,877,0.858961802,"laser_frame",true,7.666554219,1,FULL_REVOLUTION
1784821944.528864861,77,1022,1022,-3.124139309,3.141592741,0.006136858,6.265732050,6.265731920,359.000002022,358.999994604,0.134079084,0.000131321,0.150000006,12.000000000,889,0.869863014,"laser_frame",true,7.616895671,1,FULL_REVOLUTION
1784821944.651655436,78,1020,1020,-3.124139309,3.141592741,0.006148903,6.265732050,6.265731851,359.000002022,358.999990602,0.121378653,0.000119115,0.150000006,12.000000000,883,0.865686275,"laser_frame",true,7.706059281,1,FULL_REVOLUTION
1784821944.786472082,79,1020,1020,-3.124139309,3.141592741,0.006148903,6.265732050,6.265731851,359.000002022,358.999990602,0.132650167,0.000130177,0.150000006,12.000000000,881,0.863725490,"laser_frame",true,7.661053480,1,FULL_REVOLUTION
1784821944.909227610,80,1020,1020,-3.124139309,3.141592741,0.006148903,6.265732050,6.265731851,359.000002022,358.999990602,0.121822983,0.000119552,0.150000006,12.000000000,894,0.876470588,"laser_frame",true,7.759905153,1,FULL_REVOLUTION
1784821945.044386148,81,1020,1020,-3.124139309,3.141592741,0.006148903,6.265732050,6.265731851,359.000002022,358.999990602,0.134203821,0.000131701,0.150000006,12.000000000,887,0.869607843,"laser_frame",true,7.687927651,1,FULL_REVOLUTION
1784821945.185711861,82,1020,1020,-3.124139309,3.141592741,0.006148903,6.265732050,6.265731851,359.000002022,358.999990602,0.135402530,0.000132878,0.150000006,12.000000000,890,0.872549020,"laser_frame",true,7.564005569,1,FULL_REVOLUTION
1784821945.302281141,83,1019,1019,-3.124139309,3.141592741,0.006154943,6.265732050,6.265731762,359.000002022,358.999985533,0.115145370,0.000113109,0.150000006,12.000000000,881,0.864573111,"laser_frame",true,7.768082626,1,FULL_REVOLUTION
1784821945.437385321,84,1020,1020,-3.124139309,3.141592741,0.006148903,6.265732050,6.265731851,359.000002022,358.999990602,0.134178832,0.000131677,0.150000006,12.000000000,890,0.872549020,"laser_frame",true,7.692038353,1,FULL_REVOLUTION
1784821945.560169220,85,1018,1018,-3.124139309,3.141592741,0.006160995,6.265732050,6.265731907,359.000002022,358.999993804,0.121018261,0.000118995,0.150000006,12.000000000,883,0.867387033,"laser_frame",true,7.770413143,1,FULL_REVOLUTION
1784821945.695392609,86,1017,1017,-3.124139309,3.141592741,0.006167059,6.265732050,6.265731774,359.000002022,358.999986227,0.134082526,0.000131971,0.150000006,12.000000000,879,0.864306785,"laser_frame",true,7.708350409,1,FULL_REVOLUTION
1784821945.830456257,87,1015,1015,-3.124139309,3.141592741,0.006179223,6.265732050,6.265731957,359.000002022,358.999996685,0.134125352,0.000132274,0.150000006,12.000000000,887,0.873891626,"laser_frame",true,7.648441532,1,FULL_REVOLUTION
1784821945.953424931,88,1013,1013,-3.124139309,3.141592741,0.006191435,6.265732050,6.265732022,359.000002022,359.000000421,0.122006901,0.000120560,0.150000006,12.000000000,881,0.869693978,"laser_frame",true,7.739978396,1,FULL_REVOLUTION
1784821946.088510275,89,1012,1012,-3.124139309,3.141592741,0.006197559,6.265732050,6.265731862,359.000002022,358.999991243,0.133852825,0.000132396,0.150000006,12.000000000,884,0.873517787,"laser_frame",true,7.676572600,1,FULL_REVOLUTION
1784821946.211220503,90,1010,1010,-3.124139309,3.141592741,0.006209843,6.265732050,6.265731916,359.000002022,358.999994364,0.121719286,0.000120634,0.150000006,12.000000000,875,0.866336634,"laser_frame",true,7.770911315,1,FULL_REVOLUTION
1784821946.346318483,91,1012,1012,-3.124139309,3.141592741,0.006197559,6.265732050,6.265731862,359.000002022,358.999991243,0.134096995,0.000132638,0.150000006,12.000000000,877,0.866600791,"laser_frame",true,6.773111025,1,FULL_REVOLUTION
1784821946.469023705,92,1011,1011,-3.124139309,3.141592741,0.006203695,6.265732050,6.265731682,359.000002022,358.999980944,0.121118464,0.000119919,0.150000006,12.000000000,880,0.870425321,"laser_frame",true,521.959420815,1,FULL_REVOLUTION
1784821946.604237556,93,1012,1012,-3.124139309,3.141592741,0.006197559,6.265732050,6.265731862,359.000002022,358.999991243,0.134299189,0.000132838,0.150000006,12.000000000,882,0.871541502,"laser_frame",true,423.589819822,1,FULL_REVOLUTION
1784821946.730077028,94,1013,1013,-3.124139309,3.141592741,0.006191435,6.265732050,6.265732022,359.000002022,359.000000421,0.124876373,0.000123396,0.150000006,12.000000000,879,0.867719645,"laser_frame",true,340.459143638,1,FULL_REVOLUTION
1784821946.862102270,95,1017,1017,-3.124139309,3.141592741,0.006167059,6.265732050,6.265731774,359.000002022,358.999986227,0.130618572,0.000128562,0.150000006,12.000000000,892,0.877089479,"laser_frame",true,273.880097969,1,FULL_REVOLUTION
1784821946.997284651,96,1019,1019,-3.124139309,3.141592741,0.006154943,6.265732050,6.265731762,359.000002022,358.999985533,0.134064943,0.000131694,0.150000006,12.000000000,889,0.872423945,"laser_frame",true,220.587336514,1,FULL_REVOLUTION
1784821947.120037556,97,1019,1019,-3.124139309,3.141592741,0.006154943,6.265732050,6.265731762,359.000002022,358.999985533,0.121815898,0.000119662,0.150000006,12.000000000,887,0.870461237,"laser_frame",true,178.099086327,1,FULL_REVOLUTION
1784821947.255247593,98,1018,1018,-3.124139309,3.141592741,0.006160995,6.265732050,6.265731907,359.000002022,358.999993804,0.134242848,0.000131999,0.150000006,12.000000000,892,0.876227898,"laser_frame",true,143.957305405,1,FULL_REVOLUTION
1784821947.380388021,99,1018,1018,-3.124139309,3.141592741,0.006160995,6.265732050,6.265731907,359.000002022,358.999993804,0.121923268,0.000119885,0.150000006,12.000000000,881,0.865422397,"laser_frame",true,116.729597024,1,FULL_REVOLUTION
1784821947.515580177,100,1016,1016,-3.124139309,3.141592741,0.006173135,6.265732050,6.265731803,359.000002022,358.999987881,0.131436825,0.000129494,0.150000006,12.000000000,882,0.868110236,"laser_frame",true,94.893360366,1,FULL_REVOLUTION
1784821947.651562691,101,1018,1018,-3.124139309,3.141592741,0.006160995,6.265732050,6.265731907,359.000002022,358.999993804,0.131826565,0.000129623,0.150000006,12.000000000,879,0.863457760,"laser_frame",true,77.340034306,1,FULL_REVOLUTION
1784821947.771107674,102,1022,1022,-3.124139309,3.141592741,0.006136858,6.265732050,6.265731920,359.000002022,358.999994604,0.102351286,0.000100246,0.150000006,12.000000000,885,0.865949119,"laser_frame",true,63.610978707,1,FULL_REVOLUTION
1784821947.906186581,103,1018,1018,-3.124139309,3.141592741,0.006160995,6.265732050,6.265731907,359.000002022,358.999993804,0.134089425,0.000131848,0.150000006,12.000000000,872,0.856581532,"laser_frame",true,52.369060630,1,FULL_REVOLUTION
1784821948.041386604,104,1019,1019,-3.124139309,3.141592741,0.006154943,6.265732050,6.265731762,359.000002022,358.999985533,0.134165615,0.000131793,0.150000006,12.000000000,894,0.877330716,"laser_frame",true,43.374295660,1,FULL_REVOLUTION
1784821948.164194107,105,1019,1019,-3.124139309,3.141592741,0.006154943,6.265732050,6.265731762,359.000002022,358.999985533,0.121757373,0.000119604,0.150000006,12.000000000,886,0.869479882,"laser_frame",true,36.328322555,1,FULL_REVOLUTION
1784821948.301666021,106,1017,1017,-3.124139309,3.141592741,0.006167059,6.265732050,6.265731774,359.000002022,358.999986227,0.135596514,0.000133461,0.150000006,12.000000000,886,0.871189774,"laser_frame",true,30.510667059,1,FULL_REVOLUTION
1784821948.422232389,107,1017,1017,-3.124139309,3.141592741,0.006167059,6.265732050,6.265731774,359.000002022,358.999986227,0.119332828,0.000117454,0.150000006,12.000000000,888,0.873156342,"laser_frame",true,26.076049135,1,FULL_REVOLUTION
1784821948.557305336,108,1014,1014,-3.124139309,3.141592741,0.006185323,6.265732050,6.265731727,359.000002022,358.999983532,0.134096026,0.000132375,0.150000006,12.000000000,889,0.876725838,"laser_frame",true,22.320445573,1,FULL_REVOLUTION
1784821948.680191278,109,1015,1015,-3.124139309,3.141592741,0.006179223,6.265732050,6.265731957,359.000002022,358.999996685,0.121785358,0.000120104,0.150000006,12.000000000,887,0.873891626,"laser_frame",true,19.510274313,1,FULL_REVOLUTION
1784821948.815424681,110,1016,1016,-3.124139309,3.141592741,0.006173135,6.265732050,6.265731803,359.000002022,358.999987881,0.134065792,0.000132085,0.150000006,12.000000000,879,0.865157480,"laser_frame",true,17.084640591,1,FULL_REVOLUTION
1784821948.950168133,111,1017,1017,-3.124139309,3.141592741,0.006167059,6.265732050,6.265731774,359.000002022,358.999986227,0.133626148,0.000131522,0.150000006,12.000000000,875,0.860373648,"laser_frame",true,15.154007138,1,FULL_REVOLUTION
1784821949.073138237,112,1016,1016,-3.124139309,3.141592741,0.006173135,6.265732050,6.265731803,359.000002022,358.999987881,0.122011811,0.000120209,0.150000006,12.000000000,886,0.872047244,"laser_frame",true,13.739075948,1,FULL_REVOLUTION
1784821949.208301306,113,1015,1015,-3.124139309,3.141592741,0.006179223,6.265732050,6.265731957,359.000002022,358.999996685,0.133510828,0.000131667,0.150000006,12.000000000,880,0.866995074,"laser_frame",true,12.480418096,1,FULL_REVOLUTION
1784821949.332247496,114,1014,1014,-3.124139309,3.141592741,0.006185323,6.265732050,6.265731727,359.000002022,358.999983532,0.123023875,0.000121445,0.150000006,12.000000000,887,0.874753452,"laser_frame",true,11.593997503,1,FULL_REVOLUTION
1784821949.466257095,115,1014,1014,-3.124139309,3.141592741,0.006185323,6.265732050,6.265731727,359.000002022,358.999983532,0.132760957,0.000131057,0.150000006,12.000000000,883,0.870808679,"laser_frame",true,10.770910702,1,FULL_REVOLUTION
1784821949.589130402,116,1015,1015,-3.124139309,3.141592741,0.006179223,6.265732050,6.265731957,359.000002022,358.999996685,0.121431515,0.000119755,0.150000006,12.000000000,891,0.877832512,"laser_frame",true,10.244213290,1,FULL_REVOLUTION
1784821949.724311113,117,1017,1017,-3.124139309,3.141592741,0.006167059,6.265732050,6.265731774,359.000002022,358.999986227,0.134264544,0.000132150,0.150000006,12.000000000,884,0.869223206,"laser_frame",true,9.674040931,1,FULL_REVOLUTION
1784821949.859773874,118,1019,1019,-3.124139309,3.141592741,0.006154943,6.265732050,6.265731762,359.000002022,358.999985533,0.133197770,0.000130843,0.150000006,12.000000000,889,0.872423945,"laser_frame",true,9.208222169,1,FULL_REVOLUTION
1784821949.982088089,119,1020,1020,-3.124139309,3.141592741,0.006148903,6.265732050,6.265731851,359.000002022,358.999990602,0.119968623,0.000117732,0.150000006,12.000000000,884,0.866666667,"laser_frame",true,9.009793440,1,FULL_REVOLUTION
1784821950.118876696,120,1020,1020,-3.124139309,3.141592741,0.006148903,6.265732050,6.265731851,359.000002022,358.999990602,0.134140700,0.000131640,0.150000006,12.000000000,878,0.860784314,"laser_frame",true,8.669690752,1,FULL_REVOLUTION
1784821950.253260374,121,1020,1020,-3.124139309,3.141592741,0.006148903,6.265732050,6.265731851,359.000002022,358.999990602,0.131712943,0.000129257,0.150000006,12.000000000,876,0.858823529,"laser_frame",true,8.414423152,1,FULL_REVOLUTION
1784821950.376249075,122,1020,1020,-3.124139309,3.141592741,0.006148903,6.265732050,6.265731851,359.000002022,358.999990602,0.121074371,0.000118817,0.150000006,12.000000000,893,0.875490196,"laser_frame",true,8.368134001,1,FULL_REVOLUTION
1784821950.511188507,123,1021,1021,-3.124139309,3.141592741,0.006142874,6.265732050,6.265731733,359.000002022,358.999983879,0.132530257,0.000129932,0.150000006,12.000000000,887,0.868756121,"laser_frame",true,8.176817206,1,FULL_REVOLUTION
1784821950.633947611,124,1022,1022,-3.124139309,3.141592741,0.006136858,6.265732050,6.265731920,359.000002022,358.999994604,0.121663384,0.000119161,0.150000006,12.000000000,895,0.875733855,"laser_frame",true,8.127031678,1,FULL_REVOLUTION
1784821950.769023180,125,1023,1023,-3.124139309,3.141592741,0.006130853,6.265732050,6.265731973,359.000002022,358.999997593,0.127830774,0.000125079,0.150000006,12.000000000,887,0.867057674,"laser_frame",true,8.022045817,1,FULL_REVOLUTION
1784821950.905424356,126,1021,1021,-3.124139309,3.141592741,0.006142874,6.265732050,6.265731733,359.000002022,358.999983879,0.134833723,0.000132190,0.150000006,12.000000000,892,0.873653281,"laser_frame",true,7.880759648,1,FULL_REVOLUTION
1784821951.026894331,127,1021,1021,-3.124139309,3.141592741,0.006142874,6.265732050,6.265731733,359.000002022,358.999983879,0.120190956,0.000117834,0.150000006,12.000000000,896,0.877571009,"laser_frame",true,7.944507598,1,FULL_REVOLUTION
1784821951.165169001,128,1019,1019,-3.124139309,3.141592741,0.006154943,6.265732050,6.265731762,359.000002022,358.999985533,0.135707051,0.000133308,0.150000006,12.000000000,895,0.878312071,"laser_frame",true,7.808241576,1,FULL_REVOLUTION
1784821951.296944857,129,1021,1021,-3.124139309,3.141592741,0.006142874,6.265732050,6.265731733,359.000002022,358.999983879,0.130601138,0.000128040,0.150000006,12.000000000,884,0.865817826,"laser_frame",true,7.730248275,1,FULL_REVOLUTION
1784821951.420062542,130,1022,1022,-3.124139309,3.141592741,0.006136858,6.265732050,6.265731920,359.000002022,358.999994604,0.117433339,0.000115018,0.150000006,12.000000000,890,0.870841487,"laser_frame",true,7.827937634,1,FULL_REVOLUTION
1784821951.558092117,131,1023,1023,-3.124139309,3.141592741,0.006130853,6.265732050,6.265731973,359.000002022,358.999997593,0.132250458,0.000129404,0.150000006,12.000000000,886,0.866080156,"laser_frame",true,7.712013706,1,FULL_REVOLUTION
1784821951.689319372,132,1022,1022,-3.124139309,3.141592741,0.006136858,6.265732050,6.265731920,359.000002022,358.999994604,0.128037035,0.000125404,0.150000006,12.000000000,898,0.878669276,"laser_frame",true,7.704493323,1,FULL_REVOLUTION
1784821951.813407421,133,1022,1022,-3.124139309,3.141592741,0.006136858,6.265732050,6.265731920,359.000002022,358.999994604,0.122713439,0.000120189,0.150000006,12.000000000,894,0.874755382,"laser_frame",true,7.752847609,1,FULL_REVOLUTION
1784821951.947455168,134,1022,1022,-3.124139309,3.141592741,0.006136858,6.265732050,6.265731920,359.000002022,358.999994604,0.127138883,0.000124524,0.150000006,12.000000000,898,0.878669276,"laser_frame",true,7.712690660,1,FULL_REVOLUTION
1784821952.082370996,135,1021,1021,-3.124139309,3.141592741,0.006142874,6.265732050,6.265731733,359.000002022,358.999983879,0.133217648,0.000130606,0.150000006,12.000000000,890,0.871694417,"laser_frame",true,7.663323079,1,FULL_REVOLUTION
1784821952.206284285,136,1020,1020,-3.124139309,3.141592741,0.006148903,6.265732050,6.265731851,359.000002022,358.999990602,0.122894756,0.000120603,0.150000006,12.000000000,893,0.875490196,"laser_frame",true,7.697940805,1,FULL_REVOLUTION
1784821952.340456247,137,1022,1022,-3.124139309,3.141592741,0.006136858,6.265732050,6.265731920,359.000002022,358.999994604,0.132656202,0.000129928,0.150000006,12.000000000,895,0.875733855,"laser_frame",true,7.669541068,1,FULL_REVOLUTION
1784821952.463271618,138,1022,1022,-3.124139309,3.141592741,0.006136858,6.265732050,6.265731920,359.000002022,358.999994604,0.120799623,0.000118315,0.150000006,12.000000000,887,0.867906067,"laser_frame",true,7.788180839,1,FULL_REVOLUTION
1784821952.598299980,139,1022,1022,-3.124139309,3.141592741,0.006136858,6.265732050,6.265731920,359.000002022,358.999994604,0.133411452,0.000130667,0.150000006,12.000000000,894,0.874755382,"laser_frame",true,7.708915868,1,FULL_REVOLUTION
1784821952.733603239,140,1020,1020,-3.124139309,3.141592741,0.006148903,6.265732050,6.265731851,359.000002022,358.999990602,0.134080350,0.000131580,0.150000006,12.000000000,889,0.871568627,"laser_frame",true,7.649335899,1,FULL_REVOLUTION
1784821952.856338739,141,1017,1017,-3.124139309,3.141592741,0.006167059,6.265732050,6.265731774,359.000002022,358.999986227,0.121603161,0.000119688,0.150000006,12.000000000,898,0.882989184,"laser_frame",true,7.749382501,1,FULL_REVOLUTION
1784821952.991531610,142,1014,1014,-3.124139309,3.141592741,0.006185323,6.265732050,6.265731727,359.000002022,358.999983532,0.134072825,0.000132352,0.150000006,12.000000000,881,0.868836292,"laser_frame",true,7.676581083,1,FULL_REVOLUTION
1784821953.115657806,143,1013,1013,-3.124139309,3.141592741,0.006191435,6.265732050,6.265732022,359.000002022,359.000000421,0.122921079,0.000121464,0.150000006,12.000000000,882,0.870681145,"laser_frame",true,7.755297563,1,FULL_REVOLUTION
1784821953.249303102,144,1013,1013,-3.124139309,3.141592741,0.006191435,6.265732050,6.265732022,359.000002022,359.000000421,0.132529482,0.000130958,0.150000006,12.000000000,878,0.866732478,"laser_frame",true,7.700050266,1,FULL_REVOLUTION
1784821953.384488821,145,1013,1013,-3.124139309,3.141592741,0.006191435,6.265732050,6.265732022,359.000002022,359.000000421,0.133653477,0.000132069,0.150000006,12.000000000,881,0.869693978,"laser_frame",true,7.617908165,1,FULL_REVOLUTION
1784821953.507396460,146,1016,1016,-3.124139309,3.141592741,0.006173135,6.265732050,6.265731803,359.000002022,358.999987881,0.121945955,0.000120144,0.150000006,12.000000000,881,0.867125984,"laser_frame",true,7.701349544,1,FULL_REVOLUTION
1784821953.642311335,147,1019,1019,-3.124139309,3.141592741,0.006154943,6.265732050,6.265731762,359.000002022,358.999985533,0.132053927,0.000129719,0.150000006,12.000000000,893,0.876349362,"laser_frame",true,7.681330035,1,FULL_REVOLUTION
1784821953.766443014,148,1021,1021,-3.124139309,3.141592741,0.006142874,6.265732050,6.265731733,359.000002022,358.999983879,0.120790482,0.000118422,0.150000006,12.000000000,886,0.867776690,"laser_frame",true,7.755450895,1,FULL_REVOLUTION
1784821953.900289059,149,1023,1023,-3.124139309,3.141592741,0.006130853,6.265732050,6.265731973,359.000002022,358.999997593,0.132354483,0.000129505,0.150000006,12.000000000,891,0.870967742,"laser_frame",true,7.701754479,1,FULL_REVOLUTION
1784821954.035416365,150,1018,1018,-3.124139309,3.141592741,0.006160995,6.265732050,6.265731907,359.000002022,358.999993804,0.134099826,0.000131858,0.150000006,12.000000000,893,0.877210216,"laser_frame",true,7.641082104,1,FULL_REVOLUTION
1784821954.158132315,151,1015,1015,-3.124139309,3.141592741,0.006179223,6.265732050,6.265731957,359.000002022,358.999996685,0.121682353,0.000120002,0.150000006,12.000000000,882,0.868965517,"laser_frame",true,7.743331578,1,FULL_REVOLUTION
1784821954.293444157,152,1013,1013,-3.124139309,3.141592741,0.006191435,6.265732050,6.265732022,359.000002022,359.000000421,0.134286940,0.000132695,0.150000006,12.000000000,880,0.868706811,"laser_frame",true,7.672588780,1,FULL_REVOLUTION
1784821954.416121483,153,1013,1013,-3.124139309,3.141592741,0.006191435,6.265732050,6.265732022,359.000002022,359.000000421,0.121685460,0.000120243,0.150000006,12.000000000,879,0.867719645,"laser_frame",true,7.769132502,1,FULL_REVOLUTION
1784821954.551519632,154,1013,1013,-3.124139309,3.141592741,0.006191435,6.265732050,6.265732022,359.000002022,359.000000421,0.134489805,0.000132895,0.150000006,12.000000000,880,0.868706811,"laser_frame",true,7.667541314,1,FULL_REVOLUTION
1784821954.674055576,155,1015,1015,-3.124139309,3.141592741,0.006179223,6.265732050,6.265731957,359.000002022,358.999996685,0.119135246,0.000117490,0.150000006,12.000000000,886,0.872906404,"laser_frame",true,7.796746285,1,FULL_REVOLUTION
1784821954.809301615,156,1015,1015,-3.124139309,3.141592741,0.006179223,6.265732050,6.265731957,359.000002022,358.999996685,0.134257197,0.000132404,0.150000006,12.000000000,889,0.875862069,"laser_frame",true,7.716599004,1,FULL_REVOLUTION
1784821954.944678068,157,1014,1014,-3.124139309,3.141592741,0.006185323,6.265732050,6.265731727,359.000002022,358.999983532,0.134279713,0.000132556,0.150000006,12.000000000,879,0.866863905,"laser_frame",true,7.649899192,1,FULL_REVOLUTION
1784821955.067281246,158,1013,1013,-3.124139309,3.141592741,0.006191435,6.265732050,6.265732022,359.000002022,359.000000421,0.121574447,0.000120133,0.150000006,12.000000000,881,0.869693978,"laser_frame",true,7.751827772,1,FULL_REVOLUTION
1784821955.206603527,159,1012,1012,-3.124139309,3.141592741,0.006197559,6.265732050,6.265731862,359.000002022,358.999991243,0.138362393,0.000136857,0.150000006,12.000000000,866,0.855731225,"laser_frame",true,7.628721811,1,FULL_REVOLUTION
1784821955.325191498,160,1014,1014,-3.124139309,3.141592741,0.006185323,6.265732050,6.265731727,359.000002022,358.999983532,0.116794720,0.000115296,0.150000006,12.000000000,890,0.877712032,"laser_frame",true,7.801311781,1,FULL_REVOLUTION
1784821955.460313320,161,1014,1014,-3.124139309,3.141592741,0.006185323,6.265732050,6.265731727,359.000002022,358.999983532,0.134286568,0.000132563,0.150000006,12.000000000,879,0.866863905,"laser_frame",true,7.721194960,1,FULL_REVOLUTION
1784821955.583237171,162,1018,1018,-3.124139309,3.141592741,0.006160995,6.265732050,6.265731907,359.000002022,358.999993804,0.122009940,0.000119970,0.150000006,12.000000000,888,0.872298625,"laser_frame",true,7.799087882,1,FULL_REVOLUTION
1784821955.718413353,163,1018,1018,-3.124139309,3.141592741,0.006160995,6.265732050,6.265731907,359.000002022,358.999993804,0.132907361,0.000130686,0.150000006,12.000000000,886,0.870333988,"laser_frame",true,7.709384299,1,FULL_REVOLUTION
1784821955.856461048,164,1018,1018,-3.124139309,3.141592741,0.006160995,6.265732050,6.265731907,359.000002022,358.999993804,0.136879832,0.000134592,0.150000006,12.000000000,887,0.871316306,"laser_frame",true,7.578425800,1,FULL_REVOLUTION
1784821955.978406668,165,1019,1019,-3.124139309,3.141592741,0.006154943,6.265732050,6.265731762,359.000002022,358.999985533,0.112100370,0.000110118,0.150000006,12.000000000,875,0.858684985,"laser_frame",true,7.770338017,1,FULL_REVOLUTION
1784821956.111571789,166,1020,1020,-3.124139309,3.141592741,0.006148903,6.265732050,6.265731851,359.000002022,358.999990602,0.131479099,0.000129028,0.150000006,12.000000000,892,0.874509804,"laser_frame",true,7.715371969,1,FULL_REVOLUTION
1784821956.234504223,167,1021,1021,-3.124139309,3.141592741,0.006142874,6.265732050,6.265731733,359.000002022,358.999983879,0.121726096,0.000119339,0.150000006,12.000000000,888,0.869735553,"laser_frame",true,7.789962711,1,FULL_REVOLUTION
1784821956.371300459,168,1021,1021,-3.124139309,3.141592741,0.006142874,6.265732050,6.265731733,359.000002022,358.999983879,0.135663509,0.000133003,0.150000006,12.000000000,884,0.865817826,"laser_frame",true,7.643115166,1,FULL_REVOLUTION
1784821956.506982088,169,1024,1024,-3.124139309,3.141592741,0.006124860,6.265732050,6.265731925,359.000002022,358.999994844,0.124934755,0.000122126,0.150000006,12.000000000,882,0.861328125,"laser_frame",true,7.603688379,1,FULL_REVOLUTION
1784821956.627649069,170,1024,1024,-3.124139309,3.141592741,0.006124860,6.265732050,6.265731925,359.000002022,358.999994844,0.115213551,0.000112623,0.150000006,12.000000000,896,0.875000000,"laser_frame",true,7.764036717,1,FULL_REVOLUTION
1784821956.765636206,171,1024,1024,-3.124139309,3.141592741,0.006124860,6.265732050,6.265731925,359.000002022,358.999994844,0.126876533,0.000124024,0.150000006,12.000000000,887,0.866210938,"laser_frame",true,7.671330145,1,FULL_REVOLUTION
1784821956.897929430,172,1025,1025,-3.124139309,3.141592741,0.006118879,6.265732050,6.265731812,359.000002022,358.999988361,0.130573273,0.000127513,0.150000006,12.000000000,892,0.870243902,"laser_frame",true,7.638882950,1,FULL_REVOLUTION
1784821957.020755529,173,1025,1025,-3.124139309,3.141592741,0.006118879,6.265732050,6.265731812,359.000002022,358.999988361,0.119127542,0.000116335,0.150000006,12.000000000,898,0.876097561,"laser_frame",true,7.749557224,1,FULL_REVOLUTION
1784821957.159163952,174,1025,1025,-3.124139309,3.141592741,0.006118879,6.265732050,6.265731812,359.000002022,358.999988361,0.134555951,0.000131402,0.150000006,12.000000000,892,0.870243902,"laser_frame",true,7.629768247,1,FULL_REVOLUTION
1784821957.291022539,175,1023,1023,-3.124139309,3.141592741,0.006130853,6.265732050,6.265731973,359.000002022,358.999997593,0.126101002,0.000123386,0.150000006,12.000000000,896,0.875855327,"laser_frame",true,7.658920289,1,FULL_REVOLUTION
1784821957.413813591,176,1022,1022,-3.124139309,3.141592741,0.006136858,6.265732050,6.265731920,359.000002022,358.999994604,0.121699169,0.000119196,0.150000006,12.000000000,894,0.874755382,"laser_frame",true,7.750837529,1,FULL_REVOLUTION
1784821957.549821615,177,1023,1023,-3.124139309,3.141592741,0.006130853,6.265732050,6.265731973,359.000002022,358.999997593,0.133407950,0.000130536,0.150000006,12.000000000,894,0.873900293,"laser_frame",true,7.636712988,1,FULL_REVOLUTION
1784821957.684238195,178,1024,1024,-3.124139309,3.141592741,0.006124860,6.265732050,6.265731925,359.000002022,358.999994844,0.131078839,0.000128132,0.150000006,12.000000000,897,0.875976562,"laser_frame",true,7.622008337,1,FULL_REVOLUTION
1784821957.809277773,179,1024,1024,-3.124139309,3.141592741,0.006124860,6.265732050,6.265731925,359.000002022,358.999994844,0.120272115,0.000117568,0.150000006,12.000000000,890,0.869140625,"laser_frame",true,7.713520081,1,FULL_REVOLUTION
1784821957.941996813,180,1025,1025,-3.124139309,3.141592741,0.006118879,6.265732050,6.265731812,359.000002022,358.999988361,0.131563663,0.000128480,0.150000006,12.000000000,895,0.873170732,"laser_frame",true,7.683183872,1,FULL_REVOLUTION
1784821958.077137470,181,1023,1023,-3.124139309,3.141592741,0.006130853,6.265732050,6.265731973,359.000002022,358.999997593,0.133857921,0.000130976,0.150000006,12.000000000,892,0.871945259,"laser_frame",true,7.625336438,1,FULL_REVOLUTION
1784821958.200140953,182,1021,1021,-3.124139309,3.141592741,0.006142874,6.265732050,6.265731733,359.000002022,358.999983879,0.121635057,0.000119250,0.150000006,12.000000000,886,0.867776690,"laser_frame",true,7.726032135,1,FULL_REVOLUTION
1784821958.335253477,183,1019,1019,-3.124139309,3.141592741,0.006154943,6.265732050,6.265731762,359.000002022,358.999985533,0.133641541,0.000131279,0.150000006,12.000000000,883,0.866535819,"laser_frame",true,7.660673033,1,FULL_REVOLUTION
1784821958.470356226,184,1016,1016,-3.124139309,3.141592741,0.006173135,6.265732050,6.265731803,359.000002022,358.999987881,0.134035617,0.000132055,0.150000006,12.000000000,888,0.874015748,"laser_frame",true,7.610454625,1,FULL_REVOLUTION
1784821958.593196392,185,1016,1016,-3.124139309,3.141592741,0.006173135,6.265732050,6.265731803,359.000002022,358.999987881,0.121893249,0.000120092,0.150000006,12.000000000,881,0.867125984,"laser_frame",true,7.712898490,1,FULL_REVOLUTION
1784821958.728302479,186,1019,1019,-3.124139309,3.141592741,0.006154943,6.265732050,6.265731762,359.000002022,358.999985533,0.133573383,0.000131212,0.150000006,12.000000000,886,0.869479882,"laser_frame",true,7.652416244,1,FULL_REVOLUTION
1784821958.855043411,187,1018,1018,-3.124139309,3.141592741,0.006160995,6.265732050,6.265731907,359.000002022,358.999993804,0.125333503,0.000123238,0.150000006,12.000000000,891,0.875245580,"laser_frame",true,7.684021361,1,FULL_REVOLUTION
1784821958.986448288,188,1016,1016,-3.124139309,3.141592741,0.006173135,6.265732050,6.265731803,359.000002022,358.999987881,0.130375832,0.000128449,0.150000006,12.000000000,886,0.872047244,"laser_frame",true,7.681356849,1,FULL_REVOLUTION
1784821959.121546745,189,1020,1020,-3.124139309,3.141592741,0.006148903,6.265732050,6.265731851,359.000002022,358.999990602,0.132098570,0.000129635,0.150000006,12.000000000,893,0.875490196,"laser_frame",true,7.613850017,1,FULL_REVOLUTION
1784821959.244356871,190,1022,1022,-3.124139309,3.141592741,0.006136858,6.265732050,6.265731920,359.000002022,358.999994604,0.121606611,0.000119105,0.150000006,12.000000000,888,0.868884540,"laser_frame",true,7.735922363,1,FULL_REVOLUTION
1784821959.381426334,191,1023,1023,-3.124139309,3.141592741,0.006130853,6.265732050,6.265731973,359.000002022,358.999997593,0.135957807,0.000133031,0.150000006,12.000000000,885,0.865102639,"laser_frame",true,7.612305074,1,FULL_REVOLUTION
1784821959.514660358,192,1022,1022,-3.124139309,3.141592741,0.006136858,6.265732050,6.265731920,359.000002022,358.999994604,0.128924280,0.000126273,0.150000006,12.000000000,889,0.869863014,"laser_frame",true,7.600054862,1,FULL_REVOLUTION
1784821959.637499571,193,1023,1023,-3.124139309,3.141592741,0.006130853,6.265732050,6.265731973,359.000002022,358.999997593,0.121393502,0.000118780,0.150000006,12.000000000,899,0.878787879,"laser_frame",true,7.670875229,1,FULL_REVOLUTION
1784821959.772981405,194,1023,1023,-3.124139309,3.141592741,0.006130853,6.265732050,6.265731973,359.000002022,358.999997593,0.125454023,0.000122753,0.150000006,12.000000000,883,0.863147605,"laser_frame",true,7.627584173,1,FULL_REVOLUTION
1784821959.912299633,195,1025,1025,-3.124139309,3.141592741,0.006118879,6.265732050,6.265731812,359.000002022,358.999988361,0.132539943,0.000129434,0.150000006,12.000000000,887,0.865365854,"laser_frame",true,7.499093741,1,FULL_REVOLUTION
1784821960.031111240,196,1024,1024,-3.124139309,3.141592741,0.006124860,6.265732050,6.265731925,359.000002022,358.999994844,0.105791010,0.000103413,0.150000006,12.000000000,890,0.869140625,"laser_frame",true,7.663428275,1,FULL_REVOLUTION
1784821960.167417288,197,1025,1025,-3.124139309,3.141592741,0.006118879,6.265732050,6.265731812,359.000002022,358.999988361,0.122775622,0.000119898,0.150000006,12.000000000,886,0.864390244,"laser_frame",true,7.665269926,1,FULL_REVOLUTION
1784821960.302031755,198,1024,1024,-3.124139309,3.141592741,0.006124860,6.265732050,6.265731925,359.000002022,358.999994844,0.129731521,0.000126815,0.150000006,12.000000000,895,0.874023438,"laser_frame",true,7.583452154,1,FULL_REVOLUTION
1784821960.426148176,199,1023,1023,-3.124139309,3.141592741,0.006130853,6.265732050,6.265731973,359.000002022,358.999997593,0.112561010,0.000110138,0.150000006,12.000000000,892,0.871945259,"laser_frame",true,7.673229956,1,FULL_REVOLUTION
1784821960.560635805,200,1025,1025,-3.124139309,3.141592741,0.006118879,6.265732050,6.265731812,359.000002022,358.999988361,0.127689466,0.000124697,0.150000006,12.000000000,898,0.876097561,"laser_frame",true,7.513837908,1,FULL_REVOLUTION
1784821960.696053267,201,1023,1023,-3.124139309,3.141592741,0.006130853,6.265732050,6.265731973,359.000002022,358.999997593,0.118777201,0.000116220,0.150000006,12.000000000,893,0.872922776,"laser_frame",true,7.573361114,1,FULL_REVOLUTION
1784821960.821836710,202,1024,1024,-3.124139309,3.141592741,0.006124860,6.265732050,6.265731925,359.000002022,358.999994844,0.124059744,0.000121271,0.150000006,12.000000000,891,0.870117188,"laser_frame",true,7.629914792,1,FULL_REVOLUTION
1784821960.953826904,203,1023,1023,-3.124139309,3.141592741,0.006130853,6.265732050,6.265731973,359.000002022,358.999997593,0.116483971,0.000113976,0.150000006,12.000000000,887,0.867057674,"laser_frame",true,7.748563249,1,FULL_REVOLUTION
1784821961.089587688,204,1023,1023,-3.124139309,3.141592741,0.006130853,6.265732050,6.265731973,359.000002022,358.999997593,0.132427275,0.000129577,0.150000006,12.000000000,888,0.868035191,"laser_frame",true,7.660501484,1,FULL_REVOLUTION
1784821961.210239410,205,1024,1024,-3.124139309,3.141592741,0.006124860,6.265732050,6.265731925,359.000002022,358.999994844,0.116573334,0.000113952,0.150000006,12.000000000,894,0.873046875,"laser_frame",true,7.747462316,1,FULL_REVOLUTION
1784821961.347799540,206,1024,1024,-3.124139309,3.141592741,0.006124860,6.265732050,6.265731925,359.000002022,358.999994844,0.136255637,0.000133192,0.150000006,12.000000000,889,0.868164062,"laser_frame",true,7.662221678,1,FULL_REVOLUTION
1784821961.483984232,207,1022,1022,-3.124139309,3.141592741,0.006136858,6.265732050,6.265731920,359.000002022,358.999994604,0.106081016,0.000103899,0.150000006,12.000000000,893,0.873776908,"laser_frame",true,7.610120068,1,FULL_REVOLUTION
1784821961.606935978,208,1020,1020,-3.124139309,3.141592741,0.006148903,6.265732050,6.265731851,359.000002022,358.999990602,0.115697786,0.000113541,0.150000006,12.000000000,877,0.859803922,"laser_frame",true,7.736378330,1,FULL_REVOLUTION
1784821961.738327503,209,1021,1021,-3.124139309,3.141592741,0.006142874,6.265732050,6.265731733,359.000002022,358.999983879,0.128772363,0.000126247,0.150000006,12.000000000,889,0.870714985,"laser_frame",true,7.724458897,1,FULL_REVOLUTION
1784821961.861383677,210,1019,1019,-3.124139309,3.141592741,0.006154943,6.265732050,6.265731762,359.000002022,358.999985533,0.120079949,0.000117957,0.150000006,12.000000000,871,0.854759568,"laser_frame",true,7.752021268,1,FULL_REVOLUTION
1784821961.996340752,211,1019,1019,-3.124139309,3.141592741,0.006154943,6.265732050,6.265731762,359.000002022,358.999985533,0.132406563,0.000130065,0.150000006,12.000000000,889,0.872423945,"laser_frame",true,7.693196322,1,FULL_REVOLUTION
1784821962.131365538,212,1019,1019,-3.124139309,3.141592741,0.006154943,6.265732050,6.265731762,359.000002022,358.999985533,0.130188912,0.000127887,0.150000006,12.000000000,887,0.870461237,"laser_frame",true,7.654447382,1,FULL_REVOLUTION
1784821962.254943371,213,1019,1019,-3.124139309,3.141592741,0.006154943,6.265732050,6.265731762,359.000002022,358.999985533,0.120161377,0.000118037,0.150000006,12.000000000,890,0.873405299,"laser_frame",true,7.714952092,1,FULL_REVOLUTION
1784821962.391614676,214,1019,1019,-3.124139309,3.141592741,0.006154943,6.265732050,6.265731762,359.000002022,358.999985533,0.122138962,0.000119979,0.150000006,12.000000000,886,0.869479882,"laser_frame",true,7.612913254,1,FULL_REVOLUTION
1784821962.518711090,215,1020,1020,-3.124139309,3.141592741,0.006148903,6.265732050,6.265731851,359.000002022,358.999990602,0.115699343,0.000113542,0.150000006,12.000000000,883,0.865686275,"laser_frame",true,7.691095717,1,FULL_REVOLUTION
1784821962.650253534,216,1020,1020,-3.124139309,3.141592741,0.006148903,6.265732050,6.265731851,359.000002022,358.999990602,0.118735023,0.000116521,0.150000006,12.000000000,887,0.869607843,"laser_frame",true,7.719280849,1,FULL_REVOLUTION
1784821962.789948463,217,1020,1020,-3.124139309,3.141592741,0.006148903,6.265732050,6.265731851,359.000002022,358.999990602,0.138308078,0.000135729,0.150000006,12.000000000,881,0.863725490,"laser_frame",true,7.505468150,1,FULL_REVOLUTION
1784821962.908804655,218,1021,1021,-3.124139309,3.141592741,0.006142874,6.265732050,6.265731733,359.000002022,358.999983879,0.102830030,0.000100814,0.150000006,12.000000000,885,0.866797258,"laser_frame",true,7.693496330,1,FULL_REVOLUTION
1784821963.045355558,219,1020,1020,-3.124139309,3.141592741,0.006148903,6.265732050,6.265731851,359.000002022,358.999990602,0.128294647,0.000125902,0.150000006,12.000000000,874,0.856862745,"laser_frame",true,7.615591275,1,FULL_REVOLUTION
1784821963.179454327,220,1020,1020,-3.124139309,3.141592741,0.006148903,6.265732050,6.265731851,359.000002022,358.999990602,0.111491740,0.000109413,0.150000006,12.000000000,883,0.865686275,"laser_frame",true,7.471233221,1,FULL_REVOLUTION
1784821963.307990551,221,1021,1021,-3.124139309,3.141592741,0.006142874,6.265732050,6.265731733,359.000002022,358.999983879,0.100440301,0.000098471,0.150000006,12.000000000,892,0.873653281,"laser_frame",true,7.679026773,1,FULL_REVOLUTION
1784821963.434412479,222,1021,1021,-3.124139309,3.141592741,0.006142874,6.265732050,6.265731733,359.000002022,358.999983879,0.117402680,0.000115101,0.150000006,12.000000000,896,0.877571009,"laser_frame",true,7.702357898,1,FULL_REVOLUTION
1784821963.557406664,223,1020,1020,-3.124139309,3.141592741,0.006148903,6.265732050,6.265731851,359.000002022,358.999990602,0.099805936,0.000097945,0.150000006,12.000000000,889,0.871568627,"laser_frame",true,7.840905403,1,FULL_REVOLUTION
1784821963.691884518,224,1020,1020,-3.124139309,3.141592741,0.006148903,6.265732050,6.265731851,359.000002022,358.999990602,0.121465303,0.000119200,0.150000006,12.000000000,890,0.872549020,"laser_frame",true,7.846937563,1,FULL_REVOLUTION
1784821963.827060223,225,1020,1020,-3.124139309,3.141592741,0.006148903,6.265732050,6.265731851,359.000002022,358.999990602,0.132394195,0.000129926,0.150000006,12.000000000,890,0.872549020,"laser_frame",true,7.770958400,1,FULL_REVOLUTION
1784821963.949890614,226,1021,1021,-3.124139309,3.141592741,0.006142874,6.265732050,6.265731733,359.000002022,358.999983879,0.120833784,0.000118464,0.150000006,12.000000000,884,0.865817826,"laser_frame",true,7.774914582,1,FULL_REVOLUTION
1784821964.087424755,227,1023,1023,-3.124139309,3.141592741,0.006130853,6.265732050,6.265731973,359.000002022,358.999997593,0.123358525,0.000120703,0.150000006,12.000000000,886,0.866080156,"laser_frame",true,7.685391481,1,FULL_REVOLUTION
1784821964.220671654,228,1023,1023,-3.124139309,3.141592741,0.006130853,6.265732050,6.265731973,359.000002022,358.999997593,0.129607692,0.000126818,0.150000006,12.000000000,885,0.865102639,"laser_frame",true,7.585801590,1,FULL_REVOLUTION
1784821964.342878103,229,1023,1023,-3.124139309,3.141592741,0.006130853,6.265732050,6.265731973,359.000002022,358.999997593,0.117034078,0.000114515,0.150000006,12.000000000,885,0.865102639,"laser_frame",true,7.836216871,1,FULL_REVOLUTION
1784821964.480309963,230,1023,1023,-3.124139309,3.141592741,0.006130853,6.265732050,6.265731973,359.000002022,358.999997593,0.136176243,0.000133245,0.150000006,12.000000000,885,0.865102639,"laser_frame",true,7.695069152,1,FULL_REVOLUTION
1784821964.618095398,231,1024,1024,-3.124139309,3.141592741,0.006124860,6.265732050,6.265731925,359.000002022,358.999994844,0.126357868,0.000123517,0.150000006,12.000000000,886,0.865234375,"laser_frame",true,7.559961207,1,FULL_REVOLUTION
1784821964.740070581,232,1023,1023,-3.124139309,3.141592741,0.006130853,6.265732050,6.265731973,359.000002022,358.999997593,0.108878598,0.000106535,0.150000006,12.000000000,906,0.885630499,"laser_frame",true,7.748066824,1,FULL_REVOLUTION
1784821964.880764723,233,1024,1024,-3.124139309,3.141592741,0.006124860,6.265732050,6.265731925,359.000002022,358.999994844,0.127678856,0.000124808,0.150000006,12.000000000,891,0.870117188,"laser_frame",true,7.623728379,1,FULL_REVOLUTION
1784821965.009150743,234,1023,1023,-3.124139309,3.141592741,0.006130853,6.265732050,6.265731973,359.000002022,358.999997593,0.122413233,0.000119778,0.150000006,12.000000000,884,0.864125122,"laser_frame",true,7.659274038,1,FULL_REVOLUTION
1784821965.129389524,235,1023,1023,-3.124139309,3.141592741,0.006130853,6.265732050,6.265731973,359.000002022,358.999997593,0.108160749,0.000105832,0.150000006,12.000000000,886,0.866080156,"laser_frame",true,7.822001011,1,FULL_REVOLUTION
1784821965.265902758,236,1023,1023,-3.124139309,3.141592741,0.006130853,6.265732050,6.265731973,359.000002022,358.999997593,0.132272348,0.000129425,0.150000006,12.000000000,894,0.873900293,"laser_frame",true,7.685687361,1,FULL_REVOLUTION
1784821965.400034904,237,1022,1022,-3.124139309,3.141592741,0.006136858,6.265732050,6.265731920,359.000002022,358.999994604,0.115874194,0.000113491,0.150000006,12.000000000,888,0.868884540,"laser_frame",true,7.654073093,1,FULL_REVOLUTION
1784821965.522291660,238,1023,1023,-3.124139309,3.141592741,0.006130853,6.265732050,6.265731973,359.000002022,358.999997593,0.116629675,0.000114119,0.150000006,12.000000000,894,0.873900293,"laser_frame",true,7.764837127,1,FULL_REVOLUTION
1784821965.658122301,239,1023,1023,-3.124139309,3.141592741,0.006130853,6.265732050,6.265731973,359.000002022,358.999997593,0.126683831,0.000123957,0.150000006,12.000000000,887,0.867057674,"laser_frame",true,7.702303657,1,FULL_REVOLUTION
1784821965.793388605,240,1022,1022,-3.124139309,3.141592741,0.006136858,6.265732050,6.265731920,359.000002022,358.999994604,0.131223887,0.000128525,0.150000006,12.000000000,895,0.875733855,"laser_frame",true,7.653725180,1,FULL_REVOLUTION
1784821965.915451765,241,1022,1022,-3.124139309,3.141592741,0.006136858,6.265732050,6.265731920,359.000002022,358.999994604,0.120156690,0.000117685,0.150000006,12.000000000,901,0.881604697,"laser_frame",true,7.758172505,1,FULL_REVOLUTION
1784821966.050614595,242,1021,1021,-3.124139309,3.141592741,0.006142874,6.265732050,6.265731733,359.000002022,358.999983879,0.132857978,0.000130253,0.150000006,12.000000000,897,0.878550441,"laser_frame",true,7.662603761,1,FULL_REVOLUTION
1784821966.174666405,243,1020,1020,-3.124139309,3.141592741,0.006148903,6.265732050,6.265731851,359.000002022,358.999990602,0.119819604,0.000117585,0.150000006,12.000000000,892,0.874509804,"laser_frame",true,7.747748524,1,FULL_REVOLUTION
1784821966.308685541,244,1020,1020,-3.124139309,3.141592741,0.006148903,6.265732050,6.265731851,359.000002022,358.999990602,0.130148336,0.000127722,0.150000006,12.000000000,896,0.878431373,"laser_frame",true,7.706381650,1,FULL_REVOLUTION
1784821966.446179867,245,1021,1021,-3.124139309,3.141592741,0.006142874,6.265732050,6.265731733,359.000002022,358.999983879,0.133816198,0.000131192,0.150000006,12.000000000,889,0.870714985,"laser_frame",true,7.508823761,1,FULL_REVOLUTION
1784821966.569493055,246,1019,1019,-3.124139309,3.141592741,0.006154943,6.265732050,6.265731762,359.000002022,358.999985533,0.113716654,0.000111706,0.150000006,12.000000000,888,0.871442591,"laser_frame",true,7.715684068,1,FULL_REVOLUTION
1784821966.701666832,247,1020,1020,-3.124139309,3.141592741,0.006148903,6.265732050,6.265731851,359.000002022,358.999990602,0.126549706,0.000124190,0.150000006,12.000000000,898,0.880392157,"laser_frame",true,7.695590765,1,FULL_REVOLUTION
1784821966.837604284,248,1021,1021,-3.124139309,3.141592741,0.006142874,6.265732050,6.265731733,359.000002022,358.999983879,0.121207006,0.000118830,0.150000006,12.000000000,896,0.877571009,"laser_frame",true,7.660378613,1,FULL_REVOLUTION
1784821966.959801912,249,1021,1021,-3.124139309,3.141592741,0.006142874,6.265732050,6.265731733,359.000002022,358.999983879,0.118339658,0.000116019,0.150000006,12.000000000,885,0.866797258,"laser_frame",true,7.790546825,1,FULL_REVOLUTION
1784821967.098376989,250,1020,1020,-3.124139309,3.141592741,0.006148903,6.265732050,6.265731851,359.000002022,358.999990602,0.137090400,0.000134534,0.150000006,12.000000000,887,0.869607843,"laser_frame",true,7.643615654,1,FULL_REVOLUTION
1784821967.232266665,251,1021,1021,-3.124139309,3.141592741,0.006142874,6.265732050,6.265731733,359.000002022,358.999983879,0.122779176,0.000120372,0.150000006,12.000000000,892,0.873653281,"laser_frame",true,7.577782215,1,FULL_REVOLUTION
1784821967.353000641,252,1020,1020,-3.124139309,3.141592741,0.006148903,6.265732050,6.265731851,359.000002022,358.999990602,0.104489438,0.000102541,0.150000006,12.000000000,881,0.863725490,"laser_frame",true,7.792382231,1,FULL_REVOLUTION
1784821967.487974405,253,1020,1020,-3.124139309,3.141592741,0.006148903,6.265732050,6.265731851,359.000002022,358.999990602,0.125228882,0.000122894,0.150000006,12.000000000,884,0.866666667,"laser_frame",true,7.692021566,1,FULL_REVOLUTION
1784821967.611001968,254,1021,1021,-3.124139309,3.141592741,0.006142874,6.265732050,6.265731733,359.000002022,358.999983879,0.117707849,0.000115400,0.150000006,12.000000000,883,0.864838394,"laser_frame",true,7.805577590,1,FULL_REVOLUTION
1784821967.747298241,255,1020,1020,-3.124139309,3.141592741,0.006148903,6.265732050,6.265731851,359.000002022,358.999990602,0.135202482,0.000132682,0.150000006,12.000000000,895,0.877450980,"laser_frame",true,7.697620822,1,FULL_REVOLUTION
1784821967.882488012,256,1019,1019,-3.124139309,3.141592741,0.006154943,6.265732050,6.265731762,359.000002022,358.999985533,0.131248534,0.000128928,0.150000006,12.000000000,889,0.872423945,"laser_frame",true,7.662598681,1,FULL_REVOLUTION
1784821968.007224083,257,1020,1020,-3.124139309,3.141592741,0.006148903,6.265732050,6.265731851,359.000002022,358.999990602,0.117325991,0.000115138,0.150000006,12.000000000,884,0.866666667,"laser_frame",true,7.539884979,1,FULL_REVOLUTION
1784821968.139392614,258,1020,1020,-3.124139309,3.141592741,0.006148903,6.265732050,6.265731851,359.000002022,358.999990602,0.116179265,0.000114013,0.150000006,12.000000000,883,0.865686275,"laser_frame",true,7.721595016,1,FULL_REVOLUTION
1784821968.274786234,259,1022,1022,-3.124139309,3.141592741,0.006136858,6.265732050,6.265731920,359.000002022,358.999994604,0.130016729,0.000127343,0.150000006,12.000000000,898,0.878669276,"laser_frame",true,7.694018281,1,FULL_REVOLUTION
1784821968.397289515,260,1021,1021,-3.124139309,3.141592741,0.006142874,6.265732050,6.265731733,359.000002022,358.999983879,0.116669774,0.000114382,0.150000006,12.000000000,885,0.866797258,"laser_frame",true,7.734214731,1,FULL_REVOLUTION
1784821968.532402039,261,1022,1022,-3.124139309,3.141592741,0.006136858,6.265732050,6.265731920,359.000002022,358.999994604,0.129173264,0.000126516,0.150000006,12.000000000,894,0.874755382,"laser_frame",true,7.646943389,1,FULL_REVOLUTION
1784821968.657980919,262,1021,1021,-3.124139309,3.141592741,0.006142874,6.265732050,6.265731733,359.000002022,358.999983879,0.116026826,0.000113752,0.150000006,12.000000000,885,0.866797258,"laser_frame",true,7.782028863,1,FULL_REVOLUTION
1784821968.791783094,263,1020,1020,-3.124139309,3.141592741,0.006148903,6.265732050,6.265731851,359.000002022,358.999990602,0.123852596,0.000121543,0.150000006,12.000000000,884,0.866666667,"laser_frame",true,7.669539264,1,FULL_REVOLUTION
1784821968.925934076,264,1021,1021,-3.124139309,3.141592741,0.006142874,6.265732050,6.265731733,359.000002022,358.999983879,0.128617734,0.000126096,0.150000006,12.000000000,886,0.867776690,"laser_frame",true,7.695191713,1,FULL_REVOLUTION
1784821969.048153877,265,1020,1020,-3.124139309,3.141592741,0.006148903,6.265732050,6.265731851,359.000002022,358.999990602,0.119670816,0.000117439,0.150000006,12.000000000,892,0.874509804,"laser_frame",true,7.776601980,1,FULL_REVOLUTION
1784821969.182990551,266,1020,1020,-3.124139309,3.141592741,0.006148903,6.265732050,6.265731851,359.000002022,358.999990602,0.128376693,0.000125983,0.150000006,12.000000000,894,0.876470588,"laser_frame",true,7.718216165,1,FULL_REVOLUTION
1784821969.318296909,267,1019,1019,-3.124139309,3.141592741,0.006154943,6.265732050,6.265731762,359.000002022,358.999985533,0.134242296,0.000131869,0.150000006,12.000000000,883,0.866535819,"laser_frame",true,7.646158545,1,FULL_REVOLUTION
1784821969.440920591,268,1020,1020,-3.124139309,3.141592741,0.006148903,6.265732050,6.265731851,359.000002022,358.999990602,0.120908193,0.000118654,0.150000006,12.000000000,887,0.869607843,"laser_frame",true,7.742333727,1,FULL_REVOLUTION
1784821969.576124191,269,1020,1020,-3.124139309,3.141592741,0.006148903,6.265732050,6.265731851,359.000002022,358.999990602,0.132774875,0.000130299,0.150000006,12.000000000,888,0.870588235,"laser_frame",true,7.686894777,1,FULL_REVOLUTION
1784821969.699753523,270,1020,1020,-3.124139309,3.141592741,0.006148903,6.265732050,6.265731851,359.000002022,358.999990602,0.118739694,0.000116526,0.150000006,12.000000000,888,0.870588235,"laser_frame",true,7.736358232,1,FULL_REVOLUTION
1784821969.835327387,271,1020,1020,-3.124139309,3.141592741,0.006148903,6.265732050,6.265731851,359.000002022,358.999990602,0.131035551,0.000128592,0.150000006,12.000000000,888,0.870588235,"laser_frame",true,7.694184175,1,FULL_REVOLUTION
1784821969.971900940,272,1020,1020,-3.124139309,3.141592741,0.006148903,6.265732050,6.265731851,359.000002022,358.999990602,0.135107458,0.000132588,0.150000006,12.000000000,885,0.867647059,"laser_frame",true,7.590125598,1,FULL_REVOLUTION
1784821970.093367100,273,1019,1019,-3.124139309,3.141592741,0.006154943,6.265732050,6.265731762,359.000002022,358.999985533,0.114626460,0.000112600,0.150000006,12.000000000,888,0.871442591,"laser_frame",true,7.703722129,1,FULL_REVOLUTION
1784821970.228512287,274,1020,1020,-3.124139309,3.141592741,0.006148903,6.265732050,6.265731851,359.000002022,358.999990602,0.130314961,0.000127885,0.150000006,12.000000000,883,0.865686275,"laser_frame",true,7.647471167,1,FULL_REVOLUTION
1784821970.370144606,275,1021,1021,-3.124139309,3.141592741,0.006142874,6.265732050,6.265731733,359.000002022,358.999983879,0.137346968,0.000134654,0.150000006,12.000000000,881,0.862879530,"laser_frame",true,7.526597595,1,FULL_REVOLUTION
1784821970.485373735,276,1021,1021,-3.124139309,3.141592741,0.006142874,6.265732050,6.265731733,359.000002022,358.999983879,0.109779648,0.000107627,0.150000006,12.000000000,883,0.864838394,"laser_frame",true,7.754521602,1,FULL_REVOLUTION
1784821970.621269941,277,1021,1021,-3.124139309,3.141592741,0.006142874,6.265732050,6.265731733,359.000002022,358.999983879,0.126354948,0.000123877,0.150000006,12.000000000,879,0.860920666,"laser_frame",true,7.709849369,1,FULL_REVOLUTION
1784821970.743178606,278,1021,1021,-3.124139309,3.141592741,0.006142874,6.265732050,6.265731733,359.000002022,358.999983879,0.119127534,0.000116792,0.150000006,12.000000000,888,0.869735553,"laser_frame",true,7.757020084,1,FULL_REVOLUTION
1784821970.878711700,279,1021,1021,-3.124139309,3.141592741,0.006142874,6.265732050,6.265731733,359.000002022,358.999983879,0.129789084,0.000127244,0.150000006,12.000000000,884,0.865817826,"laser_frame",true,7.733975654,1,FULL_REVOLUTION
1784821971.017127275,280,1021,1021,-3.124139309,3.141592741,0.006142874,6.265732050,6.265731733,359.000002022,358.999983879,0.135135412,0.000132486,0.150000006,12.000000000,882,0.863858962,"laser_frame",true,7.567714374,1,FULL_REVOLUTION
1784821971.136781216,281,1021,1021,-3.124139309,3.141592741,0.006142874,6.265732050,6.265731733,359.000002022,358.999983879,0.107235834,0.000105133,0.150000006,12.000000000,890,0.871694417,"laser_frame",true,7.650733883,1,FULL_REVOLUTION
1784821971.272670507,282,1021,1021,-3.124139309,3.141592741,0.006142874,6.265732050,6.265731733,359.000002022,358.999983879,0.128770649,0.000126246,0.150000006,12.000000000,875,0.857002938,"laser_frame",true,7.702145528,1,FULL_REVOLUTION
1784821971.406631947,283,1020,1020,-3.124139309,3.141592741,0.006148903,6.265732050,6.265731851,359.000002022,358.999990602,0.128269881,0.000125878,0.150000006,12.000000000,889,0.871568627,"laser_frame",true,7.499107999,1,FULL_REVOLUTION
1784821971.530768394,284,1020,1020,-3.124139309,3.141592741,0.006148903,6.265732050,6.265731851,359.000002022,358.999990602,0.110163733,0.000108110,0.150000006,12.000000000,878,0.860784314,"laser_frame",true,7.725206402,1,FULL_REVOLUTION
1784821971.664690971,285,1020,1020,-3.124139309,3.141592741,0.006148903,6.265732050,6.265731851,359.000002022,358.999990602,0.124528117,0.000122206,0.150000006,12.000000000,892,0.874509804,"laser_frame",true,7.729288406,1,FULL_REVOLUTION
1784821971.810662985,286,1020,1020,-3.124139309,3.141592741,0.006148903,6.265732050,6.265731851,359.000002022,358.999990602,0.139779717,0.000137173,0.150000006,12.000000000,883,0.865686275,"laser_frame",true,7.551379173,1,FULL_REVOLUTION
1784821971.925972223,287,1020,1020,-3.124139309,3.141592741,0.006148903,6.265732050,6.265731851,359.000002022,358.999990602,0.106979176,0.000104984,0.150000006,12.000000000,886,0.868627451,"laser_frame",true,7.786336398,1,FULL_REVOLUTION
1784821972.059513807,288,1022,1022,-3.124139309,3.141592741,0.006136858,6.265732050,6.265731920,359.000002022,358.999994604,0.131801143,0.000129090,0.150000006,12.000000000,894,0.874755382,"laser_frame",true,7.679996593,1,FULL_REVOLUTION
1784821972.181886196,289,1021,1021,-3.124139309,3.141592741,0.006142874,6.265732050,6.265731733,359.000002022,358.999983879,0.115947865,0.000113674,0.150000006,12.000000000,895,0.876591577,"laser_frame",true,7.904867040,1,FULL_REVOLUTION
1784821972.316262245,290,1022,1022,-3.124139309,3.141592741,0.006136858,6.265732050,6.265731920,359.000002022,358.999994604,0.128533795,0.000125890,0.150000006,12.000000000,897,0.877690802,"laser_frame",true,7.749516231,1,FULL_REVOLUTION
1784821972.450583220,291,1022,1022,-3.124139309,3.141592741,0.006136858,6.265732050,6.265731920,359.000002022,358.999994604,0.127417669,0.000124797,0.150000006,12.000000000,895,0.875733855,"laser_frame",true,7.760986698,1,FULL_REVOLUTION
1784821972.574170828,292,1022,1022,-3.124139309,3.141592741,0.006136858,6.265732050,6.265731920,359.000002022,358.999994604,0.122525617,0.000120006,0.150000006,12.000000000,897,0.877690802,"laser_frame",true,7.744746825,1,FULL_REVOLUTION
1784821972.732502699,293,1021,1021,-3.124139309,3.141592741,0.006142874,6.265732050,6.265731733,359.000002022,358.999983879,0.125270396,0.000122814,0.150000006,12.000000000,887,0.868756121,"laser_frame",true,7.481447276,1,FULL_REVOLUTION
1784821972.844466448,294,1022,1022,-3.124139309,3.141592741,0.006136858,6.265732050,6.265731920,359.000002022,358.999994604,0.106769644,0.000104574,0.150000006,12.000000000,891,0.871819961,"laser_frame",true,7.774552700,1,FULL_REVOLUTION
1784821972.968014479,295,1022,1022,-3.124139309,3.141592741,0.006136858,6.265732050,6.265731920,359.000002022,358.999994604,0.114983894,0.000112619,0.150000006,12.000000000,881,0.862035225,"laser_frame",true,7.651129610,1,FULL_REVOLUTION
1784821973.103185892,296,1021,1021,-3.124139309,3.141592741,0.006142874,6.265732050,6.265731733,359.000002022,358.999983879,0.131281167,0.000128707,0.150000006,12.000000000,883,0.864838394,"laser_frame",true,7.755119500,1,FULL_REVOLUTION
1784821973.239471674,297,1021,1021,-3.124139309,3.141592741,0.006142874,6.265732050,6.265731733,359.000002022,358.999983879,0.133402243,0.000130787,0.150000006,12.000000000,884,0.865817826,"laser_frame",true,7.563515088,1,FULL_REVOLUTION
1784821973.359701395,298,1021,1021,-3.124139309,3.141592741,0.006142874,6.265732050,6.265731733,359.000002022,358.999983879,0.104820974,0.000102766,0.150000006,12.000000000,881,0.862879530,"laser_frame",true,7.891059712,1,FULL_REVOLUTION
1784821973.503930807,299,1022,1022,-3.124139309,3.141592741,0.006136858,6.265732050,6.265731920,359.000002022,358.999994604,0.140092567,0.000137211,0.150000006,12.000000000,894,0.874755382,"laser_frame",true,7.651671234,1,FULL_REVOLUTION
1784821973.640950441,300,1021,1021,-3.124139309,3.141592741,0.006142874,6.265732050,6.265731733,359.000002022,358.999983879,0.108122371,0.000106002,0.150000006,12.000000000,872,0.854064643,"laser_frame",true,7.454904300,1,FULL_REVOLUTION
1784821973.759700537,301,1021,1021,-3.124139309,3.141592741,0.006142874,6.265732050,6.265731733,359.000002022,358.999983879,0.107608184,0.000105498,0.150000006,12.000000000,885,0.866797258,"laser_frame",true,7.955000944,1,FULL_REVOLUTION
1784821973.889109612,302,1021,1021,-3.124139309,3.141592741,0.006142874,6.265732050,6.265731733,359.000002022,358.999983879,0.092458010,0.000090645,0.150000006,12.000000000,894,0.875612145,"laser_frame",true,7.971302960,1,FULL_REVOLUTION
1784821974.012189150,303,1022,1022,-3.124139309,3.141592741,0.006136858,6.265732050,6.265731920,359.000002022,358.999994604,0.120995544,0.000118507,0.150000006,12.000000000,875,0.856164384,"laser_frame",true,7.961921066,1,FULL_REVOLUTION
1784821974.148564339,304,1022,1022,-3.124139309,3.141592741,0.006136858,6.265732050,6.265731920,359.000002022,358.999994604,0.135201827,0.000132421,0.150000006,12.000000000,885,0.865949119,"laser_frame",true,7.746523490,1,FULL_REVOLUTION
1784821974.281236410,305,1021,1021,-3.124139309,3.141592741,0.006142874,6.265732050,6.265731733,359.000002022,358.999983879,0.131008267,0.000128439,0.150000006,12.000000000,872,0.854064643,"laser_frame",true,7.796195293,1,FULL_REVOLUTION
1784821974.410104036,306,1022,1022,-3.124139309,3.141592741,0.006136858,6.265732050,6.265731920,359.000002022,358.999994604,0.127977237,0.000125345,0.150000006,12.000000000,872,0.853228963,"laser_frame",true,7.770176965,1,FULL_REVOLUTION
1784821974.542024851,307,1021,1021,-3.124139309,3.141592741,0.006142874,6.265732050,6.265731733,359.000002022,358.999983879,0.130734786,0.000128171,0.150000006,12.000000000,893,0.874632713,"laser_frame",true,7.415581491,1,FULL_REVOLUTION
1784821974.682742119,308,1022,1022,-3.124139309,3.141592741,0.006136858,6.265732050,6.265731920,359.000002022,358.999994604,0.106316686,0.000104130,0.150000006,12.000000000,893,0.873776908,"laser_frame",true,7.829504900,1,FULL_REVOLUTION
1784821974.797653675,309,1021,1021,-3.124139309,3.141592741,0.006142874,6.265732050,6.265731733,359.000002022,358.999983879,0.102208160,0.000100204,0.150000006,12.000000000,883,0.864838394,"laser_frame",true,8.006409826,1,FULL_REVOLUTION
1784821974.938130856,310,1023,1023,-3.124139309,3.141592741,0.006130853,6.265732050,6.265731973,359.000002022,358.999997593,0.138394415,0.000135415,0.150000006,12.000000000,886,0.866080156,"laser_frame",true,7.883214637,1,FULL_REVOLUTION
1784821975.067319155,311,1023,1023,-3.124139309,3.141592741,0.006130853,6.265732050,6.265731973,359.000002022,358.999997593,0.128261074,0.000125500,0.150000006,12.000000000,890,0.869990225,"laser_frame",true,7.826786715,1,FULL_REVOLUTION
1784821975.190116167,312,1023,1023,-3.124139309,3.141592741,0.006130853,6.265732050,6.265731973,359.000002022,358.999997593,0.121441185,0.000118827,0.150000006,12.000000000,900,0.879765396,"laser_frame",true,7.832687183,1,FULL_REVOLUTION
1784821975.325706959,313,1022,1022,-3.124139309,3.141592741,0.006136858,6.265732050,6.265731920,359.000002022,358.999994604,0.124021955,0.000121471,0.150000006,12.000000000,888,0.868884540,"laser_frame",true,7.806056712,1,FULL_REVOLUTION
1784821975.462679625,314,1023,1023,-3.124139309,3.141592741,0.006130853,6.265732050,6.265731973,359.000002022,358.999997593,0.133377105,0.000130506,0.150000006,12.000000000,892,0.871945259,"laser_frame",true,7.637257089,1,FULL_REVOLUTION
1784821975.582952738,315,1024,1024,-3.124139309,3.141592741,0.006124860,6.265732050,6.265731925,359.000002022,358.999994844,0.116135575,0.000113525,0.150000006,12.000000000,888,0.867187500,"laser_frame",true,7.887372448,1,FULL_REVOLUTION
1784821975.718157291,316,1024,1024,-3.124139309,3.141592741,0.006124860,6.265732050,6.265731925,359.000002022,358.999994844,0.132977352,0.000129988,0.150000006,12.000000000,893,0.872070312,"laser_frame",true,7.788034068,1,FULL_REVOLUTION
1784821975.857599258,317,1024,1024,-3.124139309,3.141592741,0.006124860,6.265732050,6.265731925,359.000002022,358.999994844,0.137022495,0.000133942,0.150000006,12.000000000,894,0.873046875,"laser_frame",true,7.674222086,1,FULL_REVOLUTION
1784821975.980282784,318,1021,1021,-3.124139309,3.141592741,0.006142874,6.265732050,6.265731733,359.000002022,358.999983879,0.120456450,0.000118095,0.150000006,12.000000000,893,0.874632713,"laser_frame",true,7.623659562,1,FULL_REVOLUTION
1784821976.111326218,319,1022,1022,-3.124139309,3.141592741,0.006136858,6.265732050,6.265731920,359.000002022,358.999994604,0.117883779,0.000115459,0.150000006,12.000000000,895,0.875733855,"laser_frame",true,7.663419051,1,FULL_REVOLUTION
1784821976.234221220,320,1022,1022,-3.124139309,3.141592741,0.006136858,6.265732050,6.265731920,359.000002022,358.999994604,0.121462941,0.000118965,0.150000006,12.000000000,875,0.856164384,"laser_frame",true,7.838626912,1,FULL_REVOLUTION
1784821976.369207382,321,1022,1022,-3.124139309,3.141592741,0.006136858,6.265732050,6.265731920,359.000002022,358.999994604,0.130550414,0.000127865,0.150000006,12.000000000,890,0.870841487,"laser_frame",true,7.791204349,1,FULL_REVOLUTION
1784821976.505319118,322,1021,1021,-3.124139309,3.141592741,0.006142874,6.265732050,6.265731733,359.000002022,358.999983879,0.135081708,0.000132433,0.150000006,12.000000000,884,0.865817826,"laser_frame",true,7.703638992,1,FULL_REVOLUTION
1784821976.628279209,323,1020,1020,-3.124139309,3.141592741,0.006148903,6.265732050,6.265731851,359.000002022,358.999990602,0.121078543,0.000118821,0.150000006,12.000000000,873,0.855882353,"laser_frame",true,7.738316384,1,FULL_REVOLUTION
1784821976.762495518,324,1021,1021,-3.124139309,3.141592741,0.006142874,6.265732050,6.265731733,359.000002022,358.999983879,0.126926467,0.000124438,0.150000006,12.000000000,887,0.868756121,"laser_frame",true,7.668907974,1,FULL_REVOLUTION
1784821976.897854805,325,1022,1022,-3.124139309,3.141592741,0.006136858,6.265732050,6.265731920,359.000002022,358.999994604,0.129912153,0.000127240,0.150000006,12.000000000,884,0.864970646,"laser_frame",true,7.662710217,1,FULL_REVOLUTION
1784821977.022280931,326,1021,1021,-3.124139309,3.141592741,0.006142874,6.265732050,6.265731733,359.000002022,358.999983879,0.121133767,0.000118759,0.150000006,12.000000000,885,0.866797258,"laser_frame",true,7.696051987,1,FULL_REVOLUTION
1784821977.155277252,327,1020,1020,-3.124139309,3.141592741,0.006148903,6.265732050,6.265731851,359.000002022,358.999990602,0.131430104,0.000128980,0.150000006,12.000000000,885,0.867647059,"laser_frame",true,7.705704577,1,FULL_REVOLUTION
1784821977.279190302,328,1019,1019,-3.124139309,3.141592741,0.006154943,6.265732050,6.265731762,359.000002022,358.999985533,0.122035399,0.000119878,0.150000006,12.000000000,884,0.867517174,"laser_frame",true,7.736030957,1,FULL_REVOLUTION
1784821977.413194180,329,1020,1020,-3.124139309,3.141592741,0.006148903,6.265732050,6.265731851,359.000002022,358.999990602,0.129646003,0.000127229,0.150000006,12.000000000,883,0.865686275,"laser_frame",true,7.721919952,1,FULL_REVOLUTION
1784821977.555281639,330,1020,1020,-3.124139309,3.141592741,0.006148903,6.265732050,6.265731851,359.000002022,358.999990602,0.135589287,0.000133061,0.150000006,12.000000000,885,0.867647059,"laser_frame",true,7.533607726,1,FULL_REVOLUTION
1784821977.671203613,331,1021,1021,-3.124139309,3.141592741,0.006142874,6.265732050,6.265731733,359.000002022,358.999983879,0.114718936,0.000112470,0.150000006,12.000000000,882,0.863858962,"laser_frame",true,7.835374321,1,FULL_REVOLUTION
1784821977.806539297,332,1022,1022,-3.124139309,3.141592741,0.006136858,6.265732050,6.265731920,359.000002022,358.999994604,0.133595452,0.000130848,0.150000006,12.000000000,888,0.868884540,"laser_frame",true,7.697857792,1,FULL_REVOLUTION
1784821977.942816257,333,1020,1020,-3.124139309,3.141592741,0.006148903,6.265732050,6.265731851,359.000002022,358.999990602,0.133166075,0.000130683,0.150000006,12.000000000,878,0.860784314,"laser_frame",true,7.668987018,1,FULL_REVOLUTION
1784821978.066597223,334,1021,1021,-3.124139309,3.141592741,0.006142874,6.265732050,6.265731733,359.000002022,358.999983879,0.122652225,0.000120247,0.150000006,12.000000000,895,0.876591577,"laser_frame",true,7.760088420,1,FULL_REVOLUTION
1784821978.200268030,335,1020,1020,-3.124139309,3.141592741,0.006148903,6.265732050,6.265731851,359.000002022,358.999990602,0.132041842,0.000129580,0.150000006,12.000000000,876,0.858823529,"laser_frame",true,7.636773187,1,FULL_REVOLUTION
1784821978.334728479,336,1020,1020,-3.124139309,3.141592741,0.006148903,6.265732050,6.265731851,359.000002022,358.999990602,0.126064196,0.000123714,0.150000006,12.000000000,880,0.862745098,"laser_frame",true,7.630430882,1,FULL_REVOLUTION
1784821978.459546804,337,1021,1021,-3.124139309,3.141592741,0.006142874,6.265732050,6.265731733,359.000002022,358.999983879,0.118072711,0.000115758,0.150000006,12.000000000,879,0.860920666,"laser_frame",true,7.652617542,1,FULL_REVOLUTION
1784821978.594189644,338,1020,1020,-3.124139309,3.141592741,0.006148903,6.265732050,6.265731851,359.000002022,358.999990602,0.133674845,0.000131182,0.150000006,12.000000000,879,0.861764706,"laser_frame",true,7.620576857,1,FULL_REVOLUTION
1784821978.718139172,339,1021,1021,-3.124139309,3.141592741,0.006142874,6.265732050,6.265731733,359.000002022,358.999983879,0.115716599,0.000113448,0.150000006,12.000000000,885,0.866797258,"laser_frame",true,7.779635574,1,FULL_REVOLUTION
1784821978.850818157,340,1021,1021,-3.124139309,3.141592741,0.006142874,6.265732050,6.265731733,359.000002022,358.999983879,0.129631624,0.000127090,0.150000006,12.000000000,881,0.862879530,"laser_frame",true,7.716425210,1,FULL_REVOLUTION
1784821978.985847712,341,1022,1022,-3.124139309,3.141592741,0.006136858,6.265732050,6.265731920,359.000002022,358.999994604,0.130052745,0.000127378,0.150000006,12.000000000,892,0.872798434,"laser_frame",true,7.656782393,1,FULL_REVOLUTION
1784821979.108737707,342,1020,1020,-3.124139309,3.141592741,0.006148903,6.265732050,6.265731851,359.000002022,358.999990602,0.118678428,0.000116466,0.150000006,12.000000000,879,0.861764706,"laser_frame",true,7.788243892,1,FULL_REVOLUTION
1784821979.243891954,343,1021,1021,-3.124139309,3.141592741,0.006142874,6.265732050,6.265731733,359.000002022,358.999983879,0.134054407,0.000131426,0.150000006,12.000000000,883,0.864838394,"laser_frame",true,7.691946630,1,FULL_REVOLUTION
1784821979.380573750,344,1021,1021,-3.124139309,3.141592741,0.006142874,6.265732050,6.265731733,359.000002022,358.999983879,0.132403895,0.000129808,0.150000006,12.000000000,876,0.857982370,"laser_frame",true,7.633477688,1,FULL_REVOLUTION
1784821979.510609627,345,1022,1022,-3.124139309,3.141592741,0.006136858,6.265732050,6.265731920,359.000002022,358.999994604,0.127639130,0.000125014,0.150000006,12.000000000,884,0.864970646,"laser_frame",true,7.619062464,1,FULL_REVOLUTION
1784821979.637292624,346,1021,1021,-3.124139309,3.141592741,0.006142874,6.265732050,6.265731733,359.000002022,358.999983879,0.123502806,0.000121081,0.150000006,12.000000000,880,0.861900098,"laser_frame",true,7.688818622,1,FULL_REVOLUTION
1784821979.774228811,347,1020,1020,-3.124139309,3.141592741,0.006148903,6.265732050,6.265731851,359.000002022,358.999990602,0.133284345,0.000130799,0.150000006,12.000000000,892,0.874509804,"laser_frame",true,7.564730217,1,FULL_REVOLUTION
1784821979.894932508,348,1020,1020,-3.124139309,3.141592741,0.006148903,6.265732050,6.265731851,359.000002022,358.999990602,0.114990234,0.000112846,0.150000006,12.000000000,888,0.870588235,"laser_frame",true,7.762249456,1,FULL_REVOLUTION
1784821980.029848576,349,1020,1020,-3.124139309,3.141592741,0.006148903,6.265732050,6.265731851,359.000002022,358.999990602,0.133872062,0.000131376,0.150000006,12.000000000,885,0.867647059,"laser_frame",true,7.712391303,1,FULL_REVOLUTION
1784821980.152940750,350,1021,1021,-3.124139309,3.141592741,0.006142874,6.265732050,6.265731733,359.000002022,358.999983879,0.120662592,0.000118297,0.150000006,12.000000000,883,0.864838394,"laser_frame",true,7.794747189,1,FULL_REVOLUTION
1784821980.294255018,351,1020,1020,-3.124139309,3.141592741,0.006148903,6.265732050,6.265731851,359.000002022,358.999990602,0.137181535,0.000134624,0.150000006,12.000000000,885,0.867647059,"laser_frame",true,7.582296694,1,FULL_REVOLUTION
1784821980.427259922,352,1021,1021,-3.124139309,3.141592741,0.006142874,6.265732050,6.265731733,359.000002022,358.999983879,0.125443339,0.000122984,0.150000006,12.000000000,877,0.858961802,"laser_frame",true,7.600601022,1,FULL_REVOLUTION
1784821980.546139956,353,1021,1021,-3.124139309,3.141592741,0.006142874,6.265732050,6.265731733,359.000002022,358.999983879,0.110652454,0.000108483,0.150000006,12.000000000,890,0.871694417,"laser_frame",true,7.806702834,1,FULL_REVOLUTION
1784821980.681245089,354,1021,1021,-3.124139309,3.141592741,0.006142874,6.265732050,6.265731733,359.000002022,358.999983879,0.131042257,0.000128473,0.150000006,12.000000000,880,0.861900098,"laser_frame",true,7.714925493,1,FULL_REVOLUTION
1784821980.815962791,355,1020,1020,-3.124139309,3.141592741,0.006148903,6.265732050,6.265731851,359.000002022,358.999990602,0.132764250,0.000130289,0.150000006,12.000000000,871,0.853921569,"laser_frame",true,7.665507511,1,FULL_REVOLUTION
1784821980.939875603,356,1023,1023,-3.124139309,3.141592741,0.006130853,6.265732050,6.265731973,359.000002022,358.999997593,0.121790037,0.000119168,0.150000006,12.000000000,886,0.866080156,"laser_frame",true,7.700100553,1,FULL_REVOLUTION
1784821981.075332403,357,1024,1024,-3.124139309,3.141592741,0.006124860,6.265732050,6.265731925,359.000002022,358.999994844,0.132268801,0.000129295,0.150000006,12.000000000,881,0.860351562,"laser_frame",true,7.675770314,1,FULL_REVOLUTION
1784821981.210561991,358,1022,1022,-3.124139309,3.141592741,0.006136858,6.265732050,6.265731920,359.000002022,358.999994604,0.132534802,0.000129809,0.150000006,12.000000000,888,0.868884540,"laser_frame",true,7.596631296,1,FULL_REVOLUTION
1784821981.335383892,359,1021,1021,-3.124139309,3.141592741,0.006142874,6.265732050,6.265731733,359.000002022,358.999983879,0.122076564,0.000119683,0.150000006,12.000000000,884,0.865817826,"laser_frame",true,7.667606741,1,FULL_REVOLUTION
1784821981.467411518,360,1021,1021,-3.124139309,3.141592741,0.006142874,6.265732050,6.265731733,359.000002022,358.999983879,0.129651591,0.000127109,0.150000006,12.000000000,879,0.860920666,"laser_frame",true,7.701626741,1,FULL_REVOLUTION
1784821981.589839935,361,1020,1020,-3.124139309,3.141592741,0.006148903,6.265732050,6.265731851,359.000002022,358.999990602,0.119109228,0.000116888,0.150000006,12.000000000,884,0.866666667,"laser_frame",true,7.779648372,1,FULL_REVOLUTION
1784821981.725356579,362,1020,1020,-3.124139309,3.141592741,0.006148903,6.265732050,6.265731851,359.000002022,358.999990602,0.131894246,0.000129435,0.150000006,12.000000000,887,0.869607843,"laser_frame",true,7.650562494,1,FULL_REVOLUTION
1784821981.862749338,363,1020,1020,-3.124139309,3.141592741,0.006148903,6.265732050,6.265731851,359.000002022,358.999990602,0.126371413,0.000124015,0.150000006,12.000000000,879,0.861764706,"laser_frame",true,7.639008131,1,FULL_REVOLUTION
1784821981.983112812,364,1020,1020,-3.124139309,3.141592741,0.006148903,6.265732050,6.265731851,359.000002022,358.999990602,0.116812930,0.000114635,0.150000006,12.000000000,883,0.865686275,"laser_frame",true,7.781948724,1,FULL_REVOLUTION
1784821982.118391752,365,1022,1022,-3.124139309,3.141592741,0.006136858,6.265732050,6.265731920,359.000002022,358.999994604,0.131617069,0.000128910,0.150000006,12.000000000,887,0.867906067,"laser_frame",true,7.659840189,1,FULL_REVOLUTION
1784821982.254426718,366,1021,1021,-3.124139309,3.141592741,0.006142874,6.265732050,6.265731733,359.000002022,358.999983879,0.131364524,0.000128789,0.150000006,12.000000000,877,0.858961802,"laser_frame",true,7.640990391,1,FULL_REVOLUTION
1784821982.376432180,367,1021,1021,-3.124139309,3.141592741,0.006142874,6.265732050,6.265731733,359.000002022,358.999983879,0.119759127,0.000117411,0.150000006,12.000000000,889,0.870714985,"laser_frame",true,7.678721772,1,FULL_REVOLUTION
1784821982.512132406,368,1021,1021,-3.124139309,3.141592741,0.006142874,6.265732050,6.265731733,359.000002022,358.999983879,0.122602098,0.000120198,0.150000006,12.000000000,882,0.863858962,"laser_frame",true,7.527841785,1,FULL_REVOLUTION
1784821982.635623693,369,1020,1020,-3.124139309,3.141592741,0.006148903,6.265732050,6.265731851,359.000002022,358.999990602,0.108100124,0.000106085,0.150000006,12.000000000,883,0.865686275,"laser_frame",true,7.855265589,1,FULL_REVOLUTION
1784821982.770373583,370,1020,1020,-3.124139309,3.141592741,0.006148903,6.265732050,6.265731851,359.000002022,358.999990602,0.130694926,0.000128258,0.150000006,12.000000000,875,0.857843137,"laser_frame",true,7.749024114,1,FULL_REVOLUTION
1784821982.907880545,371,1021,1021,-3.124139309,3.141592741,0.006142874,6.265732050,6.265731733,359.000002022,358.999983879,0.135631621,0.000132972,0.150000006,12.000000000,890,0.871694417,"laser_frame",true,7.665203818,1,FULL_REVOLUTION
1784821983.030756950,372,1020,1020,-3.124139309,3.141592741,0.006148903,6.265732050,6.265731851,359.000002022,358.999990602,0.117878757,0.000115681,0.150000006,12.000000000,879,0.861764706,"laser_frame",true,7.709124866,1,FULL_REVOLUTION
1784821983.164055109,373,1020,1020,-3.124139309,3.141592741,0.006148903,6.265732050,6.265731851,359.000002022,358.999990602,0.120594464,0.000118346,0.150000006,12.000000000,875,0.857843137,"laser_frame",true,7.635329988,1,FULL_REVOLUTION
1784821983.297397137,374,1021,1021,-3.124139309,3.141592741,0.006142874,6.265732050,6.265731733,359.000002022,358.999983879,0.127507910,0.000125008,0.150000006,12.000000000,878,0.859941234,"laser_frame",true,7.646111833,1,FULL_REVOLUTION
1784821983.420143843,375,1020,1020,-3.124139309,3.141592741,0.006148903,6.265732050,6.265731851,359.000002022,358.999990602,0.118290037,0.000116084,0.150000006,12.000000000,882,0.864705882,"laser_frame",true,7.763656315,1,FULL_REVOLUTION
1784821983.556094408,376,1022,1022,-3.124139309,3.141592741,0.006136858,6.265732050,6.265731920,359.000002022,358.999994604,0.133057371,0.000130321,0.150000006,12.000000000,883,0.863992172,"laser_frame",true,7.673606740,1,FULL_REVOLUTION
1784821983.692582369,377,1021,1021,-3.124139309,3.141592741,0.006142874,6.265732050,6.265731733,359.000002022,358.999983879,0.134489417,0.000131852,0.150000006,12.000000000,888,0.869735553,"laser_frame",true,7.575812397,1,FULL_REVOLUTION
1784821983.813585520,378,1020,1020,-3.124139309,3.141592741,0.006148903,6.265732050,6.265731851,359.000002022,358.999990602,0.112251855,0.000110159,0.150000006,12.000000000,885,0.867647059,"laser_frame",true,7.729023650,1,FULL_REVOLUTION
1784821983.948662519,379,1020,1020,-3.124139309,3.141592741,0.006148903,6.265732050,6.265731851,359.000002022,358.999990602,0.125307173,0.000122971,0.150000006,12.000000000,879,0.861764706,"laser_frame",true,7.691701150,1,FULL_REVOLUTION
1784821984.074064016,380,1021,1021,-3.124139309,3.141592741,0.006142874,6.265732050,6.265731733,359.000002022,358.999983879,0.119359560,0.000117019,0.150000006,12.000000000,872,0.854064643,"laser_frame",true,7.731369303,1,FULL_REVOLUTION
1784821984.206767321,381,1021,1021,-3.124139309,3.141592741,0.006142874,6.265732050,6.265731733,359.000002022,358.999983879,0.131410345,0.000128834,0.150000006,12.000000000,885,0.866797258,"laser_frame",true,7.613681687,1,FULL_REVOLUTION
1784821984.344160557,382,1021,1021,-3.124139309,3.141592741,0.006142874,6.265732050,6.265731733,359.000002022,358.999983879,0.119911849,0.000117561,0.150000006,12.000000000,872,0.854064643,"laser_frame",true,7.531290769,1,FULL_REVOLUTION
1784821984.464376211,383,1022,1022,-3.124139309,3.141592741,0.006136858,6.265732050,6.265731920,359.000002022,358.999994604,0.112253115,0.000109944,0.150000006,12.000000000,887,0.867906067,"laser_frame",true,7.869551803,1,FULL_REVOLUTION
1784821984.602345943,384,1021,1021,-3.124139309,3.141592741,0.006142874,6.265732050,6.265731733,359.000002022,358.999983879,0.135451451,0.000132796,0.150000006,12.000000000,879,0.860920666,"laser_frame",true,7.694907150,1,FULL_REVOLUTION
1784821984.741088629,385,1021,1021,-3.124139309,3.141592741,0.006142874,6.265732050,6.265731733,359.000002022,358.999983879,0.128371835,0.000125855,0.150000006,12.000000000,885,0.866797258,"laser_frame",true,7.582006519,1,FULL_REVOLUTION
1784821984.867856979,386,1022,1022,-3.124139309,3.141592741,0.006136858,6.265732050,6.265731920,359.000002022,358.999994604,0.119044192,0.000116596,0.150000006,12.000000000,891,0.871819961,"laser_frame",true,7.650965164,1,FULL_REVOLUTION
1784821984.995719194,387,1022,1022,-3.124139309,3.141592741,0.006136858,6.265732050,6.265731920,359.000002022,358.999994604,0.116399705,0.000114006,0.150000006,12.000000000,886,0.866927593,"laser_frame",true,7.741334251,1,FULL_REVOLUTION
1784821985.127671003,388,1023,1023,-3.124139309,3.141592741,0.006130853,6.265732050,6.265731973,359.000002022,358.999997593,0.130882621,0.000128065,0.150000006,12.000000000,888,0.868035191,"laser_frame",true,7.741749119,1,FULL_REVOLUTION
1784821985.250661850,389,1023,1023,-3.124139309,3.141592741,0.006130853,6.265732050,6.265731973,359.000002022,358.999997593,0.121187188,0.000118578,0.150000006,12.000000000,898,0.877810362,"laser_frame",true,7.797315430,1,FULL_REVOLUTION
1784821985.385973692,390,1023,1023,-3.124139309,3.141592741,0.006130853,6.265732050,6.265731973,359.000002022,358.999997593,0.131584048,0.000128752,0.150000006,12.000000000,892,0.871945259,"laser_frame",true,7.689655738,1,FULL_REVOLUTION
1784821985.645094633,391,2043,2043,-3.124139309,3.141592741,0.003068429,6.265732050,6.265731920,359.000002022,358.999994604,0.252580404,0.000123693,0.150000006,12.000000000,1751,0.857072932,"laser_frame",true,6.920677948,1,FULL_REVOLUTION
1784821985.778937817,392,1020,1020,-3.124139309,3.141592741,0.006148903,6.265732050,6.265731851,359.000002022,358.999990602,0.118676066,0.000116463,0.150000006,12.000000000,890,0.872549020,"laser_frame",true,7.028324373,1,FULL_REVOLUTION
1784821985.905116081,393,1020,1020,-3.124139309,3.141592741,0.006148903,6.265732050,6.265731851,359.000002022,358.999990602,0.123345099,0.000121045,0.150000006,12.000000000,889,0.871568627,"laser_frame",true,7.275918756,1,FULL_REVOLUTION
1784821986.036883116,394,1019,1019,-3.124139309,3.141592741,0.006154943,6.265732050,6.265731762,359.000002022,358.999985533,0.130691886,0.000128381,0.150000006,12.000000000,875,0.858684985,"laser_frame",true,7.271546209,1,FULL_REVOLUTION
1784821986.173383474,395,1021,1021,-3.124139309,3.141592741,0.006142874,6.265732050,6.265731733,359.000002022,358.999983879,0.130875930,0.000128310,0.150000006,12.000000000,888,0.869735553,"laser_frame",true,7.339276541,1,FULL_REVOLUTION
1784821986.297240257,396,1020,1020,-3.124139309,3.141592741,0.006148903,6.265732050,6.265731851,359.000002022,358.999990602,0.121714719,0.000119445,0.150000006,12.000000000,879,0.861764706,"laser_frame",true,7.443508670,1,FULL_REVOLUTION
1784821986.429823399,397,1020,1020,-3.124139309,3.141592741,0.006148903,6.265732050,6.265731851,359.000002022,358.999990602,0.124240249,0.000121924,0.150000006,12.000000000,888,0.870588235,"laser_frame",true,7.517744229,1,FULL_REVOLUTION
1784821986.564887762,398,1019,1019,-3.124139309,3.141592741,0.006154943,6.265732050,6.265731762,359.000002022,358.999985533,0.134098157,0.000131727,0.150000006,12.000000000,890,0.873405299,"laser_frame",true,7.496391865,1,FULL_REVOLUTION
1784821986.688376665,399,1021,1021,-3.124139309,3.141592741,0.006142874,6.265732050,6.265731733,359.000002022,358.999983879,0.121878557,0.000119489,0.150000006,12.000000000,882,0.863858962,"laser_frame",true,7.615373995,1,FULL_REVOLUTION
1784821986.824301720,400,1019,1019,-3.124139309,3.141592741,0.006154943,6.265732050,6.265731762,359.000002022,358.999985533,0.134880573,0.000132496,0.150000006,12.000000000,879,0.862610402,"laser_frame",true,7.553194488,1,FULL_REVOLUTION
1784821986.948189497,401,1019,1019,-3.124139309,3.141592741,0.006154943,6.265732050,6.265731762,359.000002022,358.999985533,0.121901222,0.000119746,0.150000006,12.000000000,885,0.868498528,"laser_frame",true,7.529114286,1,FULL_REVOLUTION
1784821987.082026005,402,1019,1019,-3.124139309,3.141592741,0.006154943,6.265732050,6.265731762,359.000002022,358.999985533,0.116515234,0.000114455,0.150000006,12.000000000,885,0.868498528,"laser_frame",true,7.646204073,1,FULL_REVOLUTION
1784821987.216455698,403,1019,1019,-3.124139309,3.141592741,0.006154943,6.265732050,6.265731762,359.000002022,358.999985533,0.131015554,0.000128699,0.150000006,12.000000000,890,0.873405299,"laser_frame",true,7.574029119,1,FULL_REVOLUTION
1784821987.338870764,404,1020,1020,-3.124139309,3.141592741,0.006148903,6.265732050,6.265731851,359.000002022,358.999990602,0.115955263,0.000113793,0.150000006,12.000000000,886,0.868627451,"laser_frame",true,7.739515352,1,FULL_REVOLUTION
1784821987.474905491,405,1021,1021,-3.124139309,3.141592741,0.006142874,6.265732050,6.265731733,359.000002022,358.999983879,0.134844333,0.000132200,0.150000006,12.000000000,875,0.857002938,"laser_frame",true,7.651719822,1,FULL_REVOLUTION
1784821987.598220825,406,1021,1021,-3.124139309,3.141592741,0.006142874,6.265732050,6.265731733,359.000002022,358.999983879,0.120489463,0.000118127,0.150000006,12.000000000,891,0.872673849,"laser_frame",true,7.705077540,1,FULL_REVOLUTION
1784821987.740160942,407,1022,1022,-3.124139309,3.141592741,0.006136858,6.265732050,6.265731920,359.000002022,358.999994604,0.130191922,0.000127514,0.150000006,12.000000000,899,0.879647750,"laser_frame",true,7.543724172,1,FULL_REVOLUTION
1784821987.869975805,408,1022,1022,-3.124139309,3.141592741,0.006136858,6.265732050,6.265731920,359.000002022,358.999994604,0.111336023,0.000109046,0.150000006,12.000000000,879,0.860078278,"laser_frame",true,7.622517733,1,FULL_REVOLUTION
1784821987.996492863,409,1023,1023,-3.124139309,3.141592741,0.006130853,6.265732050,6.265731973,359.000002022,358.999997593,0.115206890,0.000112727,0.150000006,12.000000000,893,0.872922776,"laser_frame",true,7.666750514,1,FULL_REVOLUTION
1784821988.124869108,410,1022,1022,-3.124139309,3.141592741,0.006136858,6.265732050,6.265731920,359.000002022,358.999994604,0.125679031,0.000123094,0.150000006,12.000000000,873,0.854207436,"laser_frame",true,7.696201653,1,FULL_REVOLUTION
1784821988.260027647,411,1022,1022,-3.124139309,3.141592741,0.006136858,6.265732050,6.265731920,359.000002022,358.999994604,0.130432725,0.000127750,0.150000006,12.000000000,884,0.864970646,"laser_frame",true,7.677809196,1,FULL_REVOLUTION
1784821988.386028290,412,1022,1022,-3.124139309,3.141592741,0.006136858,6.265732050,6.265731920,359.000002022,358.999994604,0.123424657,0.000120886,0.150000006,12.000000000,879,0.860078278,"laser_frame",true,7.696394641,1,FULL_REVOLUTION
1784821988.518127918,413,1022,1022,-3.124139309,3.141592741,0.006136858,6.265732050,6.265731920,359.000002022,358.999994604,0.129100978,0.000126446,0.150000006,12.000000000,891,0.871819961,"laser_frame",true,7.682295702,1,FULL_REVOLUTION
1784821988.655820847,414,1021,1021,-3.124139309,3.141592741,0.006142874,6.265732050,6.265731733,359.000002022,358.999983879,0.134292394,0.000131659,0.150000006,12.000000000,876,0.857982370,"laser_frame",true,7.590916783,1,FULL_REVOLUTION
1784821988.776486635,415,1021,1021,-3.124139309,3.141592741,0.006142874,6.265732050,6.265731733,359.000002022,358.999983879,0.116299085,0.000114019,0.150000006,12.000000000,884,0.865817826,"laser_frame",true,7.704633363,1,FULL_REVOLUTION
1784821988.913095474,416,1022,1022,-3.124139309,3.141592741,0.006136858,6.265732050,6.265731920,359.000002022,358.999994604,0.132855669,0.000130123,0.150000006,12.000000000,876,0.857142857,"laser_frame",true,7.668964227,1,FULL_REVOLUTION
1784821989.048141479,417,1022,1022,-3.124139309,3.141592741,0.006136858,6.265732050,6.265731920,359.000002022,358.999994604,0.129085466,0.000126430,0.150000006,12.000000000,898,0.878669276,"laser_frame",true,7.549719906,1,FULL_REVOLUTION
1784821989.171151400,418,1021,1021,-3.124139309,3.141592741,0.006142874,6.265732050,6.265731733,359.000002022,358.999983879,0.119666994,0.000117321,0.150000006,12.000000000,878,0.859941234,"laser_frame",true,7.736689813,1,FULL_REVOLUTION
1784821989.304411888,419,1021,1021,-3.124139309,3.141592741,0.006142874,6.265732050,6.265731733,359.000002022,358.999983879,0.130732685,0.000128169,0.150000006,12.000000000,872,0.854064643,"laser_frame",true,7.689211658,1,FULL_REVOLUTION
1784821989.428025246,420,1021,1021,-3.124139309,3.141592741,0.006142874,6.265732050,6.265731733,359.000002022,358.999983879,0.119385868,0.000117045,0.150000006,12.000000000,887,0.868756121,"laser_frame",true,7.800674772,1,FULL_REVOLUTION
1784821989.562924862,421,1021,1021,-3.124139309,3.141592741,0.006142874,6.265732050,6.265731733,359.000002022,358.999983879,0.133244410,0.000130632,0.150000006,12.000000000,878,0.859941234,"laser_frame",true,7.695308100,1,FULL_REVOLUTION
1784821989.697193623,422,1020,1020,-3.124139309,3.141592741,0.006148903,6.265732050,6.265731851,359.000002022,358.999990602,0.127756327,0.000125374,0.150000006,12.000000000,888,0.870588235,"laser_frame",true,7.670764261,1,FULL_REVOLUTION
1784821989.820408583,423,1020,1020,-3.124139309,3.141592741,0.006148903,6.265732050,6.265731851,359.000002022,358.999990602,0.122234151,0.000119955,0.150000006,12.000000000,883,0.865686275,"laser_frame",true,7.714338223,1,FULL_REVOLUTION
1784821989.959991217,424,1021,1021,-3.124139309,3.141592741,0.006142874,6.265732050,6.265731733,359.000002022,358.999983879,0.132054046,0.000129465,0.150000006,12.000000000,896,0.877571009,"laser_frame",true,7.580123226,1,FULL_REVOLUTION
1784821990.093337297,425,1020,1020,-3.124139309,3.141592741,0.006148903,6.265732050,6.265731851,359.000002022,358.999990602,0.119694732,0.000117463,0.150000006,12.000000000,883,0.865686275,"laser_frame",true,7.273900485,1,FULL_REVOLUTION
1784821990.215165854,426,1021,1021,-3.124139309,3.141592741,0.006142874,6.265732050,6.265731733,359.000002022,358.999983879,0.086312011,0.000084620,0.150000006,12.000000000,892,0.873653281,"laser_frame",true,8.002246628,1,FULL_REVOLUTION
1784821990.349286079,427,1021,1021,-3.124139309,3.141592741,0.006142874,6.265732050,6.265731733,359.000002022,358.999983879,0.125684127,0.000123220,0.150000006,12.000000000,890,0.871694417,"laser_frame",true,7.946975564,1,FULL_REVOLUTION
1784821990.484505653,428,1021,1021,-3.124139309,3.141592741,0.006142874,6.265732050,6.265731733,359.000002022,358.999983879,0.130761176,0.000128197,0.150000006,12.000000000,887,0.868756121,"laser_frame",true,7.762373086,1,FULL_REVOLUTION
1784821990.606555223,429,1020,1020,-3.124139309,3.141592741,0.006148903,6.265732050,6.265731851,359.000002022,358.999990602,0.110937074,0.000108869,0.150000006,12.000000000,892,0.874509804,"laser_frame",true,7.986763301,1,FULL_REVOLUTION
1784821990.746021032,430,1020,1020,-3.124139309,3.141592741,0.006148903,6.265732050,6.265731851,359.000002022,358.999990602,0.138498336,0.000135916,0.150000006,12.000000000,896,0.878431373,"laser_frame",true,7.779291876,1,FULL_REVOLUTION
1784821990.865434885,431,1021,1021,-3.124139309,3.141592741,0.006142874,6.265732050,6.265731733,359.000002022,358.999983879,0.113834821,0.000111603,0.150000006,12.000000000,881,0.862879530,"laser_frame",true,7.871106412,1,FULL_REVOLUTION
1784821991.003105640,432,1021,1021,-3.124139309,3.141592741,0.006142874,6.265732050,6.265731733,359.000002022,358.999983879,0.129717782,0.000127174,0.150000006,12.000000000,886,0.867776690,"laser_frame",true,7.644907176,1,FULL_REVOLUTION
1784821991.138074398,433,1021,1021,-3.124139309,3.141592741,0.006142874,6.265732050,6.265731733,359.000002022,358.999983879,0.115963690,0.000113690,0.150000006,12.000000000,887,0.868756121,"laser_frame",true,7.796123629,1,FULL_REVOLUTION
1784821991.257502317,434,1021,1021,-3.124139309,3.141592741,0.006142874,6.265732050,6.265731733,359.000002022,358.999983879,0.107997358,0.000105880,0.150000006,12.000000000,885,0.866797258,"laser_frame",true,7.940164112,1,FULL_REVOLUTION
1784821991.393345118,435,1020,1020,-3.124139309,3.141592741,0.006148903,6.265732050,6.265731851,359.000002022,358.999990602,0.129344463,0.000126933,0.150000006,12.000000000,874,0.856862745,"laser_frame",true,7.814368655,1,FULL_REVOLUTION
1784821991.527675629,436,1019,1019,-3.124139309,3.141592741,0.006154943,6.265732050,6.265731762,359.000002022,358.999985533,0.132788479,0.000130441,0.150000006,12.000000000,876,0.859666340,"laser_frame",true,7.746266665,1,FULL_REVOLUTION
1784821991.650821924,437,1020,1020,-3.124139309,3.141592741,0.006148903,6.265732050,6.265731851,359.000002022,358.999990602,0.115816727,0.000113657,0.150000006,12.000000000,884,0.866666667,"laser_frame",true,7.779934098,1,FULL_REVOLUTION
1784821991.786071062,438,1020,1020,-3.124139309,3.141592741,0.006148903,6.265732050,6.265731851,359.000002022,358.999990602,0.120447390,0.000118202,0.150000006,12.000000000,884,0.866666667,"laser_frame",true,7.692738523,1,FULL_REVOLUTION
1784821991.909384012,439,1020,1020,-3.124139309,3.141592741,0.006148903,6.265732050,6.265731851,359.000002022,358.999990602,0.117367871,0.000115179,0.150000006,12.000000000,892,0.874509804,"laser_frame",true,7.834914865,1,FULL_REVOLUTION
1784821992.047038794,440,1019,1019,-3.124139309,3.141592741,0.006154943,6.265732050,6.265731762,359.000002022,358.999985533,0.133951724,0.000131583,0.150000006,12.000000000,880,0.863591757,"laser_frame",true,7.694914773,1,FULL_REVOLUTION
1784821992.179431200,441,1020,1020,-3.124139309,3.141592741,0.006148903,6.265732050,6.265731851,359.000002022,358.999990602,0.130178481,0.000127751,0.150000006,12.000000000,889,0.871568627,"laser_frame",true,7.648317688,1,FULL_REVOLUTION
1784821992.306054115,442,1019,1019,-3.124139309,3.141592741,0.006154943,6.265732050,6.265731762,359.000002022,358.999985533,0.118354276,0.000116262,0.150000006,12.000000000,880,0.863591757,"laser_frame",true,7.722017082,1,FULL_REVOLUTION
1784821992.437873602,443,1021,1021,-3.124139309,3.141592741,0.006142874,6.265732050,6.265731733,359.000002022,358.999983879,0.126528010,0.000124047,0.150000006,12.000000000,885,0.866797258,"laser_frame",true,7.656900062,1,FULL_REVOLUTION
1784821992.572362900,444,1021,1021,-3.124139309,3.141592741,0.006142874,6.265732050,6.265731733,359.000002022,358.999983879,0.122208759,0.000119813,0.150000006,12.000000000,878,0.859941234,"laser_frame",true,7.680340669,1,FULL_REVOLUTION
1784821992.696128368,445,1021,1021,-3.124139309,3.141592741,0.006142874,6.265732050,6.265731733,359.000002022,358.999983879,0.122011259,0.000119619,0.150000006,12.000000000,897,0.878550441,"laser_frame",true,7.686950521,1,FULL_REVOLUTION
1784821992.830876350,446,1021,1021,-3.124139309,3.141592741,0.006142874,6.265732050,6.265731733,359.000002022,358.999983879,0.128796920,0.000126271,0.150000006,12.000000000,875,0.857002938,"laser_frame",true,7.686338934,1,FULL_REVOLUTION
1784821992.952415705,447,1021,1021,-3.124139309,3.141592741,0.006142874,6.265732050,6.265731733,359.000002022,358.999983879,0.119506016,0.000117163,0.150000006,12.000000000,884,0.865817826,"laser_frame",true,7.798901352,1,FULL_REVOLUTION
1784821993.090956211,448,1020,1020,-3.124139309,3.141592741,0.006148903,6.265732050,6.265731851,359.000002022,358.999990602,0.133140415,0.000130658,0.150000006,12.000000000,885,0.867647059,"laser_frame",true,7.652920408,1,FULL_REVOLUTION
1784821993.224586248,449,1019,1019,-3.124139309,3.141592741,0.006154943,6.265732050,6.265731762,359.000002022,358.999985533,0.131426647,0.000129103,0.150000006,12.000000000,884,0.867517174,"laser_frame",true,7.625909056,1,FULL_REVOLUTION
1784821993.345701933,450,1019,1019,-3.124139309,3.141592741,0.006154943,6.265732050,6.265731762,359.000002022,358.999985533,0.116673656,0.000114611,0.150000006,12.000000000,884,0.867517174,"laser_frame",true,7.789802977,1,FULL_REVOLUTION
1784821993.481777668,451,1020,1020,-3.124139309,3.141592741,0.006148903,6.265732050,6.265731851,359.000002022,358.999990602,0.127687231,0.000125306,0.150000006,12.000000000,888,0.870588235,"laser_frame",true,7.633726916,1,FULL_REVOLUTION
1784821993.619122744,452,1021,1021,-3.124139309,3.141592741,0.006142874,6.265732050,6.265731733,359.000002022,358.999983879,0.129477009,0.000126938,0.150000006,12.000000000,886,0.867776690,"laser_frame",true,7.618241542,1,FULL_REVOLUTION
1784821993.738306522,453,1021,1021,-3.124139309,3.141592741,0.006142874,6.265732050,6.265731733,359.000002022,358.999983879,0.115082942,0.000112826,0.150000006,12.000000000,887,0.868756121,"laser_frame",true,7.764540135,1,FULL_REVOLUTION
1784821993.873644114,454,1022,1022,-3.124139309,3.141592741,0.006136858,6.265732050,6.265731920,359.000002022,358.999994604,0.130753249,0.000128064,0.150000006,12.000000000,883,0.863992172,"laser_frame",true,7.699207536,1,FULL_REVOLUTION
1784821994.010213852,455,1023,1023,-3.124139309,3.141592741,0.006130853,6.265732050,6.265731973,359.000002022,358.999997593,0.133090362,0.000130225,0.150000006,12.000000000,888,0.868035191,"laser_frame",true,7.597581990,1,FULL_REVOLUTION
1784821994.131340265,456,1022,1022,-3.124139309,3.141592741,0.006136858,6.265732050,6.265731920,359.000002022,358.999994604,0.115956277,0.000113571,0.150000006,12.000000000,885,0.865949119,"laser_frame",true,7.771755662,1,FULL_REVOLUTION
1784821994.267584562,457,1023,1023,-3.124139309,3.141592741,0.006130853,6.265732050,6.265731973,359.000002022,358.999997593,0.134148002,0.000131260,0.150000006,12.000000000,891,0.870967742,"laser_frame",true,7.656673997,1,FULL_REVOLUTION
1784821994.389342546,458,1023,1023,-3.124139309,3.141592741,0.006130853,6.265732050,6.265731973,359.000002022,358.999997593,0.115594700,0.000113106,0.150000006,12.000000000,886,0.866080156,"laser_frame",true,7.798556804,1,FULL_REVOLUTION
1784821994.525579214,459,1023,1023,-3.124139309,3.141592741,0.006130853,6.265732050,6.265731973,359.000002022,358.999997593,0.132667914,0.000129812,0.150000006,12.000000000,895,0.874877810,"laser_frame",true,7.715411611,1,FULL_REVOLUTION
1784821994.659621716,460,1021,1021,-3.124139309,3.141592741,0.006142874,6.265732050,6.265731733,359.000002022,358.999983879,0.131856769,0.000129271,0.150000006,12.000000000,883,0.864838394,"laser_frame",true,7.676841780,1,FULL_REVOLUTION
1784821994.782421827,461,1020,1020,-3.124139309,3.141592741,0.006148903,6.265732050,6.265731851,359.000002022,358.999990602,0.121775419,0.000119505,0.150000006,12.000000000,896,0.878431373,"laser_frame",true,7.770329642,1,FULL_REVOLUTION
1784821994.917446852,462,1017,1017,-3.124139309,3.141592741,0.006167059,6.265732050,6.265731774,359.000002022,358.999986227,0.134125188,0.000132013,0.150000006,12.000000000,880,0.865290069,"laser_frame",true,7.697705778,1,FULL_REVOLUTION
1784821995.052771330,463,1016,1016,-3.124139309,3.141592741,0.006173135,6.265732050,6.265731803,359.000002022,358.999987881,0.133458257,0.000131486,0.150000006,12.000000000,883,0.869094488,"laser_frame",true,7.636720851,1,FULL_REVOLUTION
1784821995.175625801,464,1015,1015,-3.124139309,3.141592741,0.006179223,6.265732050,6.265731957,359.000002022,358.999996685,0.121824585,0.000120143,0.150000006,12.000000000,879,0.866009852,"laser_frame",true,7.733493688,1,FULL_REVOLUTION
1784821995.310594559,465,1014,1014,-3.124139309,3.141592741,0.006185323,6.265732050,6.265731727,359.000002022,358.999983532,0.132812291,0.000131108,0.150000006,12.000000000,883,0.870808679,"laser_frame",true,7.671211960,1,FULL_REVOLUTION
1784821995.433374882,466,1013,1013,-3.124139309,3.141592741,0.006191435,6.265732050,6.265732022,359.000002022,359.000000421,0.121880300,0.000120435,0.150000006,12.000000000,881,0.869693978,"laser_frame",true,7.762325683,1,FULL_REVOLUTION
1784821995.568645477,467,1016,1016,-3.124139309,3.141592741,0.006173135,6.265732050,6.265731803,359.000002022,358.999987881,0.133379847,0.000131409,0.150000006,12.000000000,895,0.880905512,"laser_frame",true,7.691914561,1,FULL_REVOLUTION
1784821995.691396952,468,1016,1016,-3.124139309,3.141592741,0.006173135,6.265732050,6.265731803,359.000002022,358.999987881,0.121760398,0.000119961,0.150000006,12.000000000,877,0.863188976,"laser_frame",true,7.782790731,1,FULL_REVOLUTION
1784821995.826454878,469,1015,1015,-3.124139309,3.141592741,0.006179223,6.265732050,6.265731957,359.000002022,358.999996685,0.134058475,0.000132208,0.150000006,12.000000000,889,0.875862069,"laser_frame",true,7.706909028,1,FULL_REVOLUTION
1784821995.961644888,470,1014,1014,-3.124139309,3.141592741,0.006185323,6.265732050,6.265731727,359.000002022,358.999983532,0.134140119,0.000132419,0.150000006,12.000000000,883,0.870808679,"laser_frame",true,7.644439898,1,FULL_REVOLUTION
1784821996.084431887,471,1013,1013,-3.124139309,3.141592741,0.006191435,6.265732050,6.265732022,359.000002022,359.000000421,0.121750489,0.000120307,0.150000006,12.000000000,879,0.867719645,"laser_frame",true,7.745446958,1,FULL_REVOLUTION
1784821996.219562054,472,1013,1013,-3.124139309,3.141592741,0.006191435,6.265732050,6.265732022,359.000002022,359.000000421,0.134212255,0.000132621,0.150000006,12.000000000,870,0.858835143,"laser_frame",true,7.676190810,1,FULL_REVOLUTION
1784821996.342407942,473,1012,1012,-3.124139309,3.141592741,0.006197559,6.265732050,6.265731862,359.000002022,358.999991243,0.121864766,0.000120539,0.150000006,12.000000000,880,0.869565217,"laser_frame",true,7.768443044,1,FULL_REVOLUTION
1784821996.477551937,474,1013,1013,-3.124139309,3.141592741,0.006191435,6.265732050,6.265732022,359.000002022,359.000000421,0.134088278,0.000132498,0.150000006,12.000000000,872,0.860809477,"laser_frame",true,7.693263216,1,FULL_REVOLUTION
1784821996.601675034,475,1012,1012,-3.124139309,3.141592741,0.006197559,6.265732050,6.265731862,359.000002022,358.999991243,0.122938544,0.000121601,0.150000006,12.000000000,865,0.854743083,"laser_frame",true,7.760668881,1,FULL_REVOLUTION
