timestamp,raw_odom_age_sec,scan_age_sec,rf2o_rate_hz,scan_rate_hz,x,y,yaw_deg,delta_translation_m,delta_yaw_deg,translation_speed_mps,yaw_rate_degps,roll_deg,pitch_deg,valid,status_reason
1785064107.551657915,inf,inf,0.000000000,0.000000000,0.000000000,0.000000000,0.000000000,0.000000000,0.000000000,0.000000000,0.000000000,0.000000000,0.000000000,false,WAITING_FOR_SCAN
1785064108.548344374,inf,0.062555709,0.000000000,0.000000000,0.000000000,0.000000000,0.000000000,0.000000000,0.000000000,0.000000000,0.000000000,2.292960073,-0.297967653,false,LOW_ANGULAR_COVERAGE
1785064109.547203064,inf,0.026393116,0.000000000,7.870801970,0.000000000,0.000000000,0.000000000,0.000000000,0.000000000,0.000000000,0.000000000,2.274567138,-0.293289994,false,WAITING_FOR_ODOM
1785064110.547256470,inf,0.104844989,0.000000000,7.641360181,0.000000000,0.000000000,0.000000000,0.000000000,0.000000000,0.000000000,0.000000000,2.266959528,-0.313721990,false,WAITING_FOR_ODOM
1785064111.547068357,0.018075649,0.060967209,8.900497986,7.718856328,0.000089212,-0.000145123,0.113640914,0.000170351,0.113640914,0.001387077,0.925317226,2.246107494,-0.315538190,false,WAITING_FOR_ODOM
1785064112.547946215,0.019561038,0.128013314,8.510192892,7.557842233,-0.000527159,-0.000036926,0.483863814,0.000331191,0.340923183,0.002452177,2.524236261,2.242485768,-0.316873287,true,OK
1785064113.550052881,0.021736129,0.073594913,8.631277516,7.545310318,-0.001396938,-0.000358489,-0.216402289,0.000469390,0.098911718,0.003503514,0.738273956,2.275175589,-0.312133496,true,OK
1785064114.547066689,0.118216731,0.012911405,8.837476213,7.528779302,-0.000926772,-0.000411003,-0.269956735,0.000385694,0.144017660,0.002853998,1.065679885,2.255623049,-0.310845352,true,OK
1785064115.546997309,0.020504420,0.093657677,8.339003763,7.580033250,-0.000587594,-0.000183576,-0.059902025,0.000371958,0.117033931,0.002755063,0.866861120,2.244450251,-0.293583647,true,OK
1785064116.547001123,0.008697824,0.036588380,9.004954587,7.563104069,-0.001577018,-0.000060916,-0.477096743,0.000167476,0.135620930,0.001257858,1.018604508,2.247605324,-0.305903734,true,OK
1785064117.547122240,0.018194572,0.115653866,8.029511370,7.606366131,-0.004391556,0.001799895,-0.420327092,0.000948040,0.370622686,0.007078334,2.767172613,2.242536609,-0.301746226,true,OK
1785064118.547758341,0.005570053,0.057858903,8.502941153,7.530525477,-0.005009563,0.002029426,-0.164812530,0.000325331,0.065610604,0.002405644,0.485153947,2.267222160,-0.295278360,true,OK
1785064119.547981977,0.018103156,0.015875801,7.784027789,7.668383734,-0.005646890,0.002173371,-0.297463825,0.000414258,0.090654086,0.003073450,0.672578178,2.267923004,-0.295050279,true,OK
1785064120.547608376,0.019445094,0.083090440,8.705379490,7.556248073,-0.006097620,0.002971348,-0.180095882,0.000556737,0.135620930,0.004122830,1.004320495,2.265998064,-0.293806615,true,OK
1785064121.549422264,0.122172462,0.040147194,8.900553430,7.632250102,-0.004861974,-0.000253846,-0.531622513,0.000950165,0.254108970,0.007763942,2.076361776,2.252062925,-0.311199721,true,OK
1785064122.550109386,0.011622981,0.118573793,8.051782418,7.608808488,-0.003398334,-0.001338072,-0.150774510,0.000658312,0.121946558,0.004877005,0.903422422,2.249920412,-0.312332245,true,OK
1785064123.547074556,0.020049766,0.060740479,8.784970900,7.617089337,-0.004311488,-0.000226994,-0.087788400,0.001327063,0.376904886,0.009821379,2.789412680,2.272622848,-0.306251613,true,OK
1785064124.547059298,0.119018116,0.016700511,8.949240091,7.700137977,-0.004294625,-0.000697464,-0.485646305,0.000867339,0.345484255,0.006426115,2.559692888,2.270719020,-0.303965559,true,OK
1785064125.547135592,0.016353463,0.095880390,8.363312605,7.685738894,-0.005081499,-0.000570406,-0.015638737,0.000202411,0.000000000,0.001649357,0.000000000,2.264257230,-0.307484223,true,OK
1785064126.547481060,0.020901777,0.039641722,9.001526844,7.626701800,-0.009109702,0.003442996,0.207609655,0.000327760,0.062557256,0.002460755,0.469667014,2.219393703,-0.300496069,true,OK
1785064127.547256231,0.019554259,0.117836383,8.072439926,7.633488663,-0.011131892,0.012041016,0.085894923,0.002001420,0.406863537,0.014808773,3.010436879,2.204370164,-0.219104275,true,OK
1785064128.547338247,0.021227446,0.061708362,8.775124560,7.582394214,-0.008515474,0.005139154,-0.326696941,0.000843159,0.510524090,0.006243563,3.780414604,2.318555715,-0.275283073,true,OK
1785064129.547090769,0.117963148,0.017803970,8.849259517,7.686578279,-0.006157821,0.001467965,-0.244208453,0.000989431,0.181308225,0.007324289,1.342138795,2.277946169,-0.294737219,true,OK
1785064130.547351360,0.018951829,0.094616881,8.392722549,7.643710006,-0.004636075,0.001862517,0.161601087,0.000498149,0.290066368,0.004013940,2.337271304,2.284026679,-0.280685739,true,OK
1785064131.548126459,0.020397176,0.038930344,9.456808661,7.700593201,-0.005349827,0.001101945,0.044095740,0.000209888,0.000000000,0.001707360,0.000000000,2.271213803,-0.283259318,true,OK
1785064132.547388554,0.019223683,0.106872428,8.213029968,7.545658786,-0.005068123,0.000594356,0.166740454,0.000231759,0.115349902,0.001715809,0.853983859,2.278569242,-0.290159499,true,OK
1785064133.547146320,0.018252879,0.046899523,8.844099611,7.495220134,-0.007776571,0.002548005,-0.113303305,0.000997297,0.440574736,0.007247088,3.201538940,2.269091945,-0.286113543,true,OK
1785064134.547323465,0.019652132,0.129984893,7.954743818,7.579244315,-0.008421450,0.003297327,0.063170827,0.000949102,0.157017511,0.007081543,1.171556259,2.281949691,-0.278123028,true,OK
1785064135.547446728,0.021081923,0.072692417,8.563159874,7.567708862,-0.010475788,0.005004384,-0.051035685,0.000087625,0.161925496,0.000649376,1.200010148,2.277945271,-0.269924370,true,OK
1785064136.547439098,0.119824866,0.017341889,8.831021080,7.586838262,-0.009555164,0.004143862,-0.209795615,0.000596999,0.135620930,0.004387271,0.996660745,2.250986139,-0.281803228,true,OK
1785064137.547339201,0.020046912,0.096126392,8.375550270,7.611778698,-0.009433179,0.004378086,-0.032035647,0.000898513,0.189745630,0.006650490,1.404432524,2.255355140,-0.291865197,true,OK
1785064138.547091961,0.021161418,0.039370008,9.040715466,7.620409445,-0.010163955,0.004574835,0.286271619,0.000263880,0.268340977,0.001953070,1.986084337,2.284172592,-0.305627443,true,OK
1785064139.546953201,0.020314877,0.115938552,8.099735749,7.569296182,-0.009945547,0.004261526,0.028315131,0.000475163,0.120331298,0.003494943,0.885067127,2.298270441,-0.310834261,true,OK
1785064140.547329187,0.017514977,0.058944561,8.640761993,7.520509267,-0.009989177,0.004833675,-0.152788722,0.000716183,0.302611985,0.005283280,2.232369291,2.268346090,-0.267706362,true,OK
1785064141.547430038,0.118259694,0.005862394,8.995286375,7.542580698,-0.009242483,0.004788953,-0.118807384,0.000497468,0.496534369,0.003684915,3.678001984,2.250761058,-0.280447201,true,OK
1785064142.547327995,0.019607726,0.096637004,8.405536199,7.680823079,-0.009982387,0.004433320,0.196897140,0.000095114,0.000000000,0.000773556,0.000000000,2.238153083,-0.268789075,true,OK
1785064143.547979355,0.019615390,0.041696522,8.962432908,7.597636826,-0.010796407,0.004212714,0.421411988,0.000369559,0.128204252,0.002736610,0.949360182,2.238733062,-0.272514948,true,OK
1785064144.547579765,0.018316341,0.131609260,7.996060099,7.696855305,-0.010147070,0.004311468,0.279792444,0.000163678,0.118694067,0.001323592,0.959828203,2.222412732,-0.265864794,true,OK
1785064145.547469139,0.017680269,0.075393905,8.431840025,7.598192623,-0.010056851,0.004918994,0.285787390,0.000180792,0.222935800,0.001339194,1.651368470,2.232652945,-0.258494809,true,OK
1785064146.547243834,0.120070275,0.031786400,8.722999946,7.647271060,-0.010073282,0.003926405,-0.132685334,0.000716109,0.200768942,0.005818199,1.631194479,2.215581337,-0.249248335,true,OK
1785064147.547150850,0.020154988,0.109542195,8.177447531,7.591131003,-0.009811768,0.003828880,-0.154324524,0.000194582,0.034264021,0.001440151,0.253596110,2.208417082,-0.253417431,true,OK
1785064148.547029495,0.019594030,0.066245868,8.716696018,7.647595051,-0.009642046,0.004394096,-0.155940131,0.000461963,0.074018747,0.003429648,0.549520348,2.216708352,-0.251724609,true,OK
1785064149.547369242,0.120152211,0.022613188,8.956977581,7.705155094,-0.010688610,0.004873986,0.106834209,0.000207146,0.309010431,0.001532399,2.285958818,2.261151664,-0.248803251,true,OK
1785064150.546997070,0.019616065,0.098725653,8.402972053,7.625935374,-0.009419618,0.002974005,-0.343186105,0.000504930,0.149353439,0.003689224,1.091237400,2.268587092,-0.259008611,true,OK
1785064151.547522545,0.020302783,0.057632089,8.784062712,7.707659734,-0.007094155,0.000705625,-0.710817448,0.000468025,0.351659146,0.003811099,2.863537509,2.256333471,-0.277554164,true,OK
1785064152.547570944,0.019242313,0.136511010,7.962632477,7.646692868,-0.006559849,0.001584581,-0.571376168,0.000377828,0.244694222,0.002798364,1.812313935,2.231026747,-0.269411728,true,OK
1785064153.547343969,0.018357718,0.091451565,8.438957173,7.697661430,-0.006835836,0.001593424,-0.127767962,0.000561384,0.170174190,0.004560171,1.382340770,2.268880464,-0.269156268,true,OK
1785064154.547013998,0.118857975,0.035693912,8.708150305,7.633674060,-0.007631146,0.001615485,-0.288942997,0.000300107,0.148037520,0.002444061,1.205613566,2.285202497,-0.268924155,true,OK
1785064155.547700644,0.019735283,0.115168387,8.064215242,7.599898105,-0.007177151,0.001028484,-0.319805133,0.000382685,0.188711590,0.002849247,1.405034615,2.285944187,-0.269394639,true,OK
1785064156.547360420,0.018887560,0.070993788,8.699546723,7.648294328,-0.006709059,0.001672728,0.041785938,0.000311130,0.164324520,0.002302619,1.216137320,2.255470891,-0.274225743,true,OK
1785064157.547821760,0.120726995,0.027412059,8.835837265,7.708177690,-0.006408727,0.002044788,0.102996753,0.000901371,0.344917429,0.006664198,2.550113138,2.235690947,-0.279382946,true,OK
1785064158.547296524,0.019238658,0.104593934,8.186990847,7.635844152,-0.007953340,0.001425033,-0.372073640,0.000955555,0.285990293,0.007102170,2.125624309,2.251155218,-0.288238453,true,OK
1785064159.547360659,0.020142787,0.061601443,8.739820633,7.708325048,-0.007897210,0.001009424,-0.501025590,0.001075497,0.322640634,0.008763449,2.628964722,2.274192220,-0.292184468,true,OK
1785064160.547262430,0.119823510,0.005164204,8.969966167,7.598307323,-0.007447154,0.001332855,-0.201387512,0.000232207,0.148037520,0.001718485,1.095575675,2.261842519,-0.279395775,true,OK
1785064161.547142982,0.019862649,0.096068660,8.442520596,7.707818424,-0.008979344,0.002609735,-0.378964480,0.002310298,0.198810171,0.018824072,1.619884887,2.242651410,-0.278526425,true,OK
1785064162.547341108,0.020322714,0.040220919,8.965905422,7.599692144,-0.009525193,0.004470667,-0.416477553,0.001338962,0.206533808,0.009906932,1.528136083,2.216480939,-0.261665739,true,OK
1785064163.547294140,0.019807239,0.118780600,8.015684638,7.586521985,-0.010987416,0.006432233,-0.710097020,0.000899688,0.450673971,0.006665662,3.338980149,2.200081107,-0.250735638,true,OK
1785064164.547056675,0.018361189,0.074369404,8.716110157,7.646074722,-0.008934310,0.003452308,-0.372197117,0.000219022,0.113640914,0.001620174,0.840639014,2.235467588,-0.267866780,true,OK
1785064165.547073126,0.118246207,0.030658839,8.770005480,7.714149170,-0.010310913,0.001849868,-0.813444102,0.001442293,0.309642997,0.010678163,2.292473672,2.254557856,-0.266736070,true,OK
1785064166.547896147,0.019729050,0.110075158,8.184686894,7.651225655,-0.009418207,0.001191894,-0.765634829,0.000807375,0.254877847,0.005977966,1.887165959,2.263977762,-0.255643712,true,OK
1785064167.547777176,0.019072220,0.065548151,8.718756262,7.697678278,-0.007845179,-0.000845470,-0.574870701,0.000372571,0.106531181,0.003031906,0.866927493,2.255665945,-0.263539696,true,OK
1785064168.548103094,0.120287994,0.010320997,8.961792801,7.640529916,-0.007863932,-0.000578311,-0.258297649,0.000485440,0.142652530,0.003956738,1.162736811,2.244317933,-0.266183660,true,OK
1785064169.547465324,0.019269260,0.100404828,8.411447254,7.740639610,-0.008130481,-0.001011226,-0.377984401,0.000344718,0.120331298,0.002804815,0.979081047,2.259370710,-0.267713952,true,OK
1785064170.547318935,0.020138166,0.043897482,8.978448243,7.599414997,-0.008662723,-0.001444381,-0.665732880,0.000041928,0.081564685,0.000309661,0.602403864,2.285376421,-0.265830877,true,OK
1785064171.547064066,0.020672417,0.135251759,8.006975447,7.716183397,-0.006899989,-0.001696450,-0.330987644,0.001724011,0.123540700,0.014055450,1.007197695,2.281368040,-0.262474521,true,OK
1785064172.547316313,0.018566724,0.079006329,8.426794820,7.597710645,-0.008210612,-0.001329970,-0.447371413,0.000483365,0.189745630,0.003579785,1.405249172,2.272378614,-0.266690157,true,OK
1785064173.547316074,0.119955428,0.034850880,8.722728715,7.642989699,-0.009159542,-0.001918921,-0.830940642,0.000411930,0.121946558,0.003354213,0.992971175,2.244212193,-0.275730648,true,OK
1785064174.547495127,0.018783672,0.114009003,8.060892679,7.637039014,-0.008595605,-0.002761340,-1.053171606,0.000436689,0.408782740,0.003252125,3.044298247,2.259836633,-0.279998590,true,OK
1785064175.546983004,0.018419960,0.069587883,8.714798820,7.705521923,-0.008188165,-0.001824564,-0.724126962,0.000157262,0.131221234,0.001280117,1.068145305,2.271467738,-0.266319069,true,OK
1785064176.547068834,0.118698723,0.013329575,8.843300107,7.596250263,-0.008351108,-0.001740925,-0.719664508,0.000467489,0.128204252,0.003457754,0.948255821,2.269946868,-0.261557636,true,OK
1785064177.547280788,0.018491609,0.103813631,8.185802260,7.668022202,-0.008746814,-0.002381357,-0.979447765,0.000346699,0.142652530,0.002562535,1.054380295,2.244021569,-0.250632113,true,OK
1785064178.547402859,0.019004229,0.060780434,8.741800309,7.711513206,-0.008293567,-0.003369478,-0.898450439,0.000653961,0.199791944,0.005322463,1.626067764,2.240928963,-0.262279237,true,OK
1785064179.548330784,0.120767922,0.005117347,8.997560898,7.598177022,-0.008110416,-0.002503499,-0.531770119,0.001089832,0.343780950,0.008067623,2.544883125,2.247546456,-0.266098941,true,OK
1785064180.547474384,0.019389588,0.095545005,8.421457368,7.712280009,-0.009294084,-0.002337311,-0.421879139,0.000182800,0.110143430,0.001486873,0.895894250,2.275601953,-0.272770913,true,OK
1785064181.546999693,0.020506556,0.038979198,8.972578164,7.599483100,-0.010329589,-0.002538960,-0.847217420,0.000763124,0.120331298,0.005649187,0.890778484,2.265808657,-0.277813677,true,OK
1785064182.547229767,0.019467700,0.130382186,7.999818995,7.718327856,-0.009184817,-0.002941238,-0.738046865,0.000415453,0.110143430,0.003387480,0.898077556,2.241789564,-0.271507389,true,OK
1785064183.547181129,0.019211620,0.074102480,8.539740593,7.604806166,-0.008835828,-0.002599200,-0.327184853,0.000499688,0.128204252,0.003702290,0.949890975,2.227521199,-0.268286743,true,OK
1785064184.547330379,0.119851387,0.030019029,8.725152947,7.645165891,-0.009539570,-0.002476100,-0.691085646,0.000288206,0.100870555,0.002342495,0.819861843,2.247120287,-0.280798328,true,OK
1785064185.547415972,0.019092505,0.109222535,8.173257011,7.640679129,-0.009445089,-0.002988035,-0.638604206,0.000256108,0.262442628,0.001895883,1.942778437,2.271411171,-0.265843728,true,OK
1785064186.547111273,0.019867392,0.064699410,8.712924120,7.704988853,-0.008899256,-0.003228322,-0.789987897,0.000285379,0.027976455,0.002324107,0.227838374,2.261742608,-0.264614373,true,OK
1785064187.547193050,0.118472462,0.020696205,8.947640878,7.723409010,-0.009212666,-0.003336320,-0.530244571,0.000295785,0.364232137,0.002191488,2.698619842,2.247305847,-0.264345632,true,OK
1785064188.547462225,0.018111465,0.098486584,8.385220682,7.638114345,-0.009165849,-0.003018893,-0.792771796,0.000595390,0.411644722,0.004384647,3.031486151,2.243346258,-0.272660665,true,OK
1785064189.547549248,0.020379938,0.055658886,8.812340728,7.702175546,-0.009466303,-0.003834624,-1.032891612,0.000676926,0.125114538,0.005504789,1.017436966,2.237129639,-0.267081910,true,OK
1785064190.547191620,0.019587903,0.133212961,7.968738346,7.629877887,-0.009296221,-0.003355773,-0.728034483,0.000218626,0.142652530,0.001605421,1.047530192,2.250310220,-0.267339885,true,OK
1785064191.547026873,0.019485345,0.089975996,8.469089260,7.703317131,-0.009006648,-0.003050449,-0.844257995,0.000575819,0.138476416,0.004685009,1.126678550,2.267092192,-0.270605337,true,OK
1785064192.547080517,0.118837049,0.034173090,8.697268291,7.598493987,-0.009311157,-0.003202493,-0.654516921,0.000867696,0.151951085,0.006421511,1.124535668,2.247470182,-0.272440793,true,OK
1785064193.547138929,0.019478862,0.125307754,8.067875533,7.707334803,-0.009500131,-0.003912558,-0.548296861,0.000330180,0.113640914,0.002688927,0.925471842,2.233154459,-0.285790428,true,OK
1785064194.547442913,0.019583790,0.069422885,8.541481544,7.599137520,-0.009447124,-0.003963409,-0.515215667,0.000496053,0.123540700,0.003673903,0.914976059,2.234877381,-0.299522919,true,OK
1785064195.546968460,0.117734465,0.024724525,8.693843588,7.645713554,-0.010608949,-0.003506068,-0.653406822,0.000143065,0.059347027,0.001167416,0.484274491,2.246402589,-0.303706778,true,OK
1785064196.547016382,0.018543046,0.102171311,8.171703255,7.578943754,-0.011568840,-0.003764199,-0.602310277,0.000341724,0.100870555,0.002529430,0.746640310,2.260408010,-0.290508167,true,OK
1785064197.547049522,0.019305264,0.059825500,8.736574730,7.630889854,-0.011220779,-0.004370231,-0.588610612,0.000321189,0.071326251,0.002378805,0.528259056,2.235839453,-0.279984982,true,OK
1785064198.547395945,0.118036595,0.016064254,8.788555283,7.652315799,-0.010826301,-0.004299097,-0.629624243,0.000370900,0.426125657,0.002975189,3.418181955,2.210506982,-0.264145231,true,OK
1785064199.547725201,0.019811830,0.094828471,8.374979673,7.591559831,-0.010998663,-0.003622719,-0.644357098,0.000421065,0.034264021,0.003117060,0.253649532,2.230145491,-0.269314812,true,OK
1785064200.547331095,0.018159408,0.050966669,8.795676407,7.659053793,-0.012105269,-0.002279795,-0.752436524,0.000174169,0.138476416,0.001288682,1.024588518,2.225146486,-0.277397546,true,OK
1785064201.547133207,0.020446065,0.006633246,7.970523784,7.711597313,-0.010348443,-0.004297612,-0.713446703,0.000816084,0.000000000,0.006042830,0.000000000,2.266518987,-0.293024544,true,OK
1785064202.546978474,0.018375133,0.085397146,8.529838454,7.646824049,-0.011805812,-0.002484182,-0.807761317,0.001676045,0.268340977,0.012404826,1.986058481,2.220893866,-0.247110282,true,OK
1785064203.547522306,0.019653234,0.041347118,8.971291908,7.704620017,-0.013567159,-0.001334469,-0.939518594,0.001390890,0.131221234,0.011323117,1.068260601,2.198978508,-0.225267284,true,OK
1785064204.547262430,0.019379931,0.120519079,8.013268948,7.647765622,-0.012682719,0.000192407,-1.418034050,0.000452147,0.142652530,0.003345674,1.055560575,2.175180505,-0.229030110,true,OK
1785064205.547228336,0.020287967,0.074451994,8.659193006,7.687816826,-0.011711446,-0.000691285,-1.568045595,0.000246013,0.120331298,0.001997549,0.977052997,2.180249425,-0.235079987,true,OK
1785064206.547085524,0.118063008,0.020144964,8.724097962,7.676859612,-0.012611434,0.001120665,-1.518213101,0.000226110,0.125114538,0.001673441,0.925973478,2.189722592,-0.219206211,true,OK
1785064207.547032595,0.017392186,0.086128618,8.287328140,7.541787480,-0.013469682,0.004077485,-1.520220425,0.000853108,0.121946558,0.006312518,0.902335925,2.203590723,-0.214220317,true,OK
1785064208.547110558,0.116590327,0.028626099,8.658808311,7.526505439,-0.013753859,0.004251765,-1.665396222,0.001082926,0.076616680,0.008071780,0.571076024,2.171319280,-0.221016754,true,OK
1785064209.547220230,0.009346523,0.108507143,8.097090729,7.544843126,-0.012601126,0.001950847,-1.336914383,0.000735934,0.125114538,0.005449741,0.926498973,2.178914186,-0.218914927,true,OK
1785064210.547129154,0.018062125,0.052355023,8.807829566,7.543738988,-0.011783677,0.001747662,-1.394607887,0.000139445,0.121946558,0.001031360,0.901939345,2.209490772,-0.223734044,true,OK
1785064211.547405005,0.218691040,0.129589476,8.705693908,7.557186149,-0.010077507,-0.003663591,-1.452311172,0.001081744,0.000000000,0.008073484,0.000000000,2.216139353,-0.222781048,true,OK
1785064212.547055244,0.018066532,0.073155055,8.492841310,7.564247229,-0.010063215,-0.005984591,-1.590806678,0.000786457,0.417778499,0.005821120,3.092269691,2.255679322,-0.227369603,true,OK
1785064213.547111273,0.115896252,0.031013276,8.643962246,7.698616465,-0.009750670,-0.005429351,-1.276270774,0.000107812,0.145369958,0.000797969,1.075949669,2.225540091,-0.230988019,true,OK
1785064214.547146082,0.019798641,0.109843740,8.467822111,7.691601087,-0.012506021,-0.000415946,-1.452627139,0.001556518,0.157017511,0.012796649,1.290892878,2.195569650,-0.215460099,true,OK
1785064215.547161579,0.017972567,0.041328910,8.986537752,7.539569405,-0.017521697,0.014741901,-1.603463395,0.000950271,0.288714071,0.007031981,2.136475872,2.156350482,-0.199572000,true,OK
1785064216.547210217,0.019251704,0.119598027,7.987302633,7.576673899,-0.017662565,0.016043528,-1.847209782,0.000741278,0.110143430,0.005475946,0.813648529,2.198555140,-0.296355740,true,OK
1785064217.547477484,0.010927665,0.060228883,8.637435235,7.589314266,-0.018900579,0.016450112,-1.935441745,0.000197685,0.104678325,0.001581542,0.837459317,2.200408915,-0.271153955,true,OK
1785064218.548295259,0.211401582,0.130841289,8.684670661,7.549369166,-0.020160988,0.017147572,-2.093790470,0.000215302,0.059347027,0.001609461,0.443641221,2.182586843,-0.255431405,true,OK
1785064219.547399521,0.015996397,0.074502188,9.473214409,7.783273279,-0.020255873,0.015325187,-2.039785965,0.000810760,0.141274205,0.006128529,1.067891269,2.180742731,-0.268625989,true,OK
1785064220.547299147,0.118842137,0.017356258,9.096433462,7.657507989,-0.018957719,0.014619585,-1.877599279,0.000423263,0.343211296,0.003129524,2.537634676,2.192024087,-0.284872666,true,OK
1785064221.547101736,0.018142607,0.096333090,8.430796093,7.675232392,-0.018918839,0.014787956,-1.779413056,0.000498711,0.083929371,0.004048777,0.681379673,2.223336305,-0.273525486,true,OK
1785064222.547837257,0.117944192,0.031845864,7.255524499,6.826024340,-0.020018159,0.014675988,-2.212804700,0.000581766,0.071326251,0.002255783,0.276565860,2.205139835,-0.273546296,true,OK
1785064223.547360420,0.016593167,0.119657429,7.741523722,7.541015855,-0.020097776,0.013912780,-2.159854147,0.000157818,0.145369958,0.001285301,1.183922178,2.187831042,-0.267364396,true,OK
1785064224.547524452,0.012143152,0.045161484,8.617397832,7.443337707,-0.019996607,0.013848265,-2.156472636,0.000597414,0.118694067,0.004347053,0.863672004,2.179639434,-0.274632383,true,OK
1785064225.548285484,0.020267204,0.130942395,8.117276962,7.608228138,-0.020263943,0.014253623,-1.885045294,0.000879053,0.261696003,0.006508043,1.937458301,2.182529339,-0.273211158,true,OK
1785064226.547255278,0.015653871,0.059975911,8.660596943,7.481783340,-0.020890062,0.009452471,-2.047505221,0.001316636,0.165510998,0.009742891,1.224754443,2.206661859,-0.267786397,true,OK
1785064227.550799608,0.167773005,0.105160449,8.564990896,7.497980878,-0.020152406,0.011325991,-1.945390895,0.000807805,0.389165209,0.005976940,2.879429315,2.198035513,-0.255536441,true,OK
1785064228.549732208,0.194373261,0.051522091,8.397376511,7.705575957,-0.020487582,0.012214849,-1.485754355,0.000432338,0.275536395,0.003178263,2.025563056,2.211099966,-0.259871729,true,OK
1785064229.547276735,0.218286981,0.124659488,10.212836835,7.566442195,-0.021227018,0.011763807,-1.637764484,0.000238059,0.048456644,0.001763109,0.358878652,2.198817677,-0.256175681,true,OK
1785064230.552142620,0.125440966,0.072124727,8.827341387,7.669665022,-0.019717742,0.008985814,-1.323551029,0.000631793,0.164324520,0.005148626,1.339118459,2.213688094,-0.262681225,true,OK
1785064231.549764156,0.017958639,0.138762436,8.059446164,7.562359557,-0.020097708,0.010184306,-1.323848733,0.000757654,0.213062455,0.005607885,1.577012196,2.211844195,-0.277160457,true,OK
1785064232.547420263,0.014701463,0.079247944,8.408370746,7.598937259,-0.019915118,0.011440159,-0.844111705,0.000354008,0.418246580,0.002664126,3.147561473,2.242733828,-0.270472007,true,OK
1785064233.547144175,0.007562893,0.002283379,7.729657945,7.460649388,-0.020499961,0.010983896,-1.452043423,0.001204813,0.019782341,0.008865896,0.145572990,2.235803149,-0.263226511,true,OK
1785064234.548063993,0.019687099,0.087983415,10.895390044,7.589459896,-0.018560916,0.009120278,-1.252852775,0.000542554,0.302611985,0.003964655,2.211306190,2.231923773,-0.262396585,true,OK
1785064235.547399282,0.119491380,0.032890475,9.233758573,7.585820006,-0.020071853,0.013052457,-1.230285790,0.000198559,0.135620930,0.001468195,1.002816065,2.195229667,-0.268356297,true,OK
1785064236.547353029,0.017962527,0.102519058,8.111094457,7.514790815,-0.019816137,0.013052704,-1.538563690,0.000506050,0.055952910,0.003688923,0.407876490,2.204593515,-0.274063666,true,OK
1785064237.547756433,0.008529134,0.049406806,9.043593414,7.091892017,-0.020014533,0.012542830,-1.448046768,0.000411221,0.372728519,0.003355040,3.040989682,2.237865835,-0.272934038,true,OK
1785064238.548984766,0.009206611,0.120327747,8.437511488,7.782514573,-0.020202363,0.011655732,-1.487752499,0.000737546,0.267610787,0.005461625,1.981692866,2.238817120,-0.258054908,true,OK
1785064239.547128439,0.020735934,0.065579223,10.743017941,7.795792660,-0.019519621,0.011031418,-1.420586486,0.000854879,0.139882314,0.006431898,1.052439712,2.221460201,-0.246408550,true,OK
1785064240.547216177,0.017036898,0.008162257,8.281567848,7.673718351,-0.019577594,0.011923710,-1.451932866,0.000936280,0.125114538,0.006929427,0.925975109,2.215545219,-0.254956430,true,OK
1785064241.547130108,0.014893335,0.076364531,8.500949141,7.583212816,-0.020624739,0.011746549,-1.489197837,0.000875111,0.256408663,0.006479312,1.898447066,2.230404927,-0.251755827,true,OK
1785064242.548224449,0.112426587,0.021059237,8.590343048,7.612413088,-0.019834854,0.010329997,-1.738931785,0.000544449,0.150657858,0.004432246,1.226473228,2.231590781,-0.273187169,true,OK
1785064243.547185421,0.074832351,0.087298009,7.718468528,7.517882975,-0.020618156,0.009918575,-2.030373095,0.000502956,0.201741190,0.004073165,1.633792408,2.226495550,-0.256607660,true,OK
1785064244.547020435,0.118851844,0.030509908,9.998438139,7.576629425,-0.020500142,0.009577695,-1.918897973,0.000414096,0.274112407,0.003126094,2.069327492,2.222300029,-0.271154936,true,OK
1785064245.547083616,0.017917192,0.109399951,8.395390431,7.634056774,-0.019756767,0.007985439,-1.826853277,0.000548512,0.000000000,0.004060431,0.000000000,2.216810283,-0.255858778,true,OK
1785064246.548546076,0.088690739,0.042593594,9.124820835,7.592976987,-0.021834190,0.013094378,-1.718511249,0.000194486,0.055952910,0.001503660,0.432597291,2.146356300,-0.269052058,true,OK
1785064247.547373533,0.062383157,0.119109367,9.712949897,7.906987752,-0.020116619,0.010553558,-1.745674347,0.000738600,0.317751846,0.005440663,2.340619618,2.181404528,-0.268643932,true,OK
1785064248.547219992,0.165190197,0.060863645,9.349010018,7.689416353,-0.021005918,0.006864231,-1.829818316,0.000320943,0.182384247,0.002375338,1.349845643,2.214927014,-0.270043448,true,OK
1785064249.547108889,0.041820467,0.129995714,8.152917444,7.563112928,-0.021020101,0.008012713,-1.706934155,0.000196253,0.094872788,0.001453127,0.702471633,2.188239403,-0.276505913,true,OK
1785064250.547248602,0.163741463,0.072528544,9.249843914,7.665776819,-0.021099927,0.009067772,-1.953618833,0.000249659,0.044234660,0.001988510,0.352324299,2.172189423,-0.279463398,true,OK
1785064251.549880743,0.066070507,0.006294700,8.614580213,7.546183324,-0.023931957,0.012817017,-1.681465036,0.000832764,0.388158290,0.006159457,2.870975919,2.180923491,-0.257662548,true,OK
1785064252.554055691,0.166747041,0.086348635,8.702535662,7.606904441,-0.023892141,0.010314564,-1.820277132,0.001019026,0.334550216,0.008379917,2.751160601,2.240930358,-0.283935305,true,OK
1785064253.547069073,0.054007173,0.011892738,8.125713251,7.629675527,-0.023493382,0.009133223,-2.067116807,0.001389225,0.386136634,0.010262862,2.852572838,2.246399048,-0.286839738,true,OK
1785064254.548099518,0.066111971,0.095057087,9.085753180,7.703544006,-0.023974609,0.009739659,-1.894147916,0.000701635,0.241474428,0.005771269,1.986237967,2.235167130,-0.261720438,true,OK
1785064255.549551725,0.265661851,0.019559280,8.848335734,7.516382618,-0.024739363,0.009578840,-2.069358783,0.000863289,0.000000000,0.006371923,0.000000000,2.219767390,-0.267028101,true,OK
1785064256.549149275,0.067925322,0.089953781,12.551535781,7.975617066,-0.025117474,0.009571699,-2.077669549,0.000414185,0.113640914,0.002999941,0.823099830,2.212643777,-0.277303675,true,OK
1785064257.568776608,0.327638978,0.066744724,8.406665804,7.090954498,-0.023912069,0.009559231,-1.627888627,0.000318336,0.098911718,0.001187631,0.369014609,2.212122223,-0.291766979,true,OK
1785064258.548715830,0.165635442,0.089504308,15.634437214,8.030566177,-0.024185251,0.011566067,-2.024521778,0.000303969,0.213062455,0.001966048,1.378069495,2.227811815,-0.275303628,true,OK
1785064259.547070265,0.096044347,0.046157923,9.870139976,7.785115555,-0.023962972,0.010923422,-1.693622338,0.000838020,0.079129369,0.006090250,0.575066885,2.234445212,-0.266754792,true,OK
1785064260.547173977,0.179009727,0.109733787,8.825074763,7.530452496,-0.023603457,0.010127364,-1.791434469,0.000489203,0.149353439,0.003602396,1.099809568,2.202789910,-0.258201159,true,OK
1785064261.548610926,0.093093139,0.042637148,9.700929316,7.441823634,-0.024042877,0.010047764,-1.880102525,0.000245370,0.071326251,0.001815908,0.527864425,2.196126217,-0.271955875,true,OK
1785064262.547138929,0.092112526,0.134534671,9.170846353,7.667249978,-0.024996033,0.010103472,-1.892321747,0.000466797,0.279064534,0.003801622,2.272717611,2.217491356,-0.281094696,true,OK
1785064263.548702240,0.093675279,0.067702261,8.050056705,7.547376393,-0.026160690,0.010208920,-2.209765027,0.002004011,0.314035316,0.014311434,2.242650442,2.246506676,-0.281026695,true,OK
1785064264.552047014,0.166697220,0.145186346,7.966153581,7.562419835,-0.025092723,0.010098107,-1.693829713,0.000130215,0.115349902,0.000958516,0.849092044,2.232646940,-0.271067974,true,OK
1785064265.552025557,0.077974983,0.078867206,9.425121889,7.550458801,-0.025442020,0.010023265,-1.761319322,0.000250372,0.117033931,0.001872490,0.875278504,2.226366788,-0.265725579,true,OK
1785064266.549352884,0.041241750,0.020404315,9.087025093,7.356426247,-0.026196263,0.009602287,-1.959466058,0.000361492,0.121946558,0.002244878,0.757292166,2.214446056,-0.283380390,true,OK
1785064267.550282478,0.008098791,0.056945490,10.265658179,7.235005347,-0.025850254,0.009295171,-2.020866646,0.000453182,0.065610604,0.003267345,0.473038439,2.218981197,-0.303404939,true,OK
1785064268.548419952,0.093782447,0.030888154,9.201404389,7.449054984,-0.025359400,0.009424864,-1.684404644,0.000235809,0.134170395,0.000893185,0.508204554,2.229658717,-0.292621426,true,OK
1785064269.555840492,0.183995008,0.089505676,8.781504037,7.360126728,-0.026159302,0.009844798,-1.921480555,0.000710904,0.174712971,0.005245501,1.289142811,2.244829278,-0.273193069,true,OK
1785064270.566920280,0.210103585,0.135714248,10.718997292,7.612481990,-0.025419657,0.009185499,-1.979823344,0.000244272,0.163129423,0.001613094,1.077254570,2.215251297,-0.268480756,true,OK
1785064271.553883791,0.077054984,0.097313295,10.942978066,8.775945134,-0.024946786,0.009211968,-2.147743278,0.000240788,0.369565261,0.000908410,1.394241776,2.215970064,-0.264788325,true,OK
1785064272.549477339,0.211325942,0.028126895,7.430440181,7.946826769,-0.026133971,0.007982919,-2.181431625,0.000643894,0.134170395,0.002656881,0.553623471,2.208991149,-0.284912588,true,OK
1785064273.547177315,0.021387168,0.104750332,9.566024909,7.719087452,-0.026194668,0.007026113,-1.946018016,0.000671721,0.126668806,0.004966643,0.936577735,2.234226621,-0.281165178,true,OK
1785064274.547100782,0.007693616,0.047252906,8.783284639,7.555269563,-0.026271433,0.006624423,-2.045943360,0.000243130,0.257170656,0.001840335,1.946616225,2.231532235,-0.278444441,true,OK
1785064275.550760031,0.023319114,0.120703614,9.019213169,7.565019836,-0.025741027,0.006560176,-2.034463386,0.000273830,0.213978861,0.002254509,1.761740358,2.215758435,-0.276277235,true,OK
1785064276.557313442,0.417538669,0.010573748,9.563937686,20.657664967,-0.026135282,0.006761256,-1.723061949,0.000734712,0.336300265,0.005333758,2.441423738,2.208834604,-0.280340492,true,OK
1785064277.547388077,0.021040716,0.126489673,9.745682536,10.499709455,-0.027220023,0.006922308,-1.859457343,0.000399472,0.019782341,0.002971613,0.147157919,2.195264634,-0.277748196,true,OK
1785064278.550747395,0.009598803,0.073664507,8.698911864,8.067004939,-0.027085065,0.006672865,-1.571403153,0.000255701,0.349426341,0.001892721,2.586479989,2.219738009,-0.280095630,true,OK
1785064279.547857761,0.017563425,0.013877388,7.918312335,7.806708540,-0.026967416,0.007230114,-1.658518027,0.000346040,0.111905833,0.002555898,0.826552675,2.221920077,-0.273293323,true,OK
1785064280.547087431,0.021399927,0.079926632,8.613262763,7.576546466,-0.027584322,0.009439769,-1.633534129,0.000259908,0.098911718,0.001926512,0.733162394,2.224044787,-0.267059897,true,OK
1785064281.551222801,0.122721819,0.020635486,8.675033728,7.479019695,-0.027600672,0.007341659,-1.837133117,0.000701148,0.289391006,0.005206560,2.148950468,2.212311085,-0.276135569,true,OK
1785064282.549542427,0.014910982,0.102847145,11.188618510,7.395740345,-0.027189419,0.006238600,-1.532845458,0.000393269,0.273397638,0.003231962,2.246832975,2.216979278,-0.269942513,true,OK
1785064283.557221174,0.177393855,0.147318366,8.449298664,7.258541227,-0.027708861,0.006917503,-1.370884524,0.000369058,0.318981067,0.002729809,2.359403800,2.218556242,-0.264514458,true,OK
1785064284.547129869,0.121405330,0.097379721,8.248318971,6.783642632,-0.028480784,0.006654695,-1.870867964,0.000458598,0.213978861,0.002768051,1.291555839,2.241499952,-0.262956979,true,OK
1785064285.547760487,0.120585777,0.028465123,11.031796650,7.329653101,-0.027557334,0.005522291,-1.954879732,0.000154475,0.347742353,0.001131606,2.547385026,2.239090908,-0.280766360,true,OK
1785064286.558611393,0.123570706,0.109989620,8.653569837,7.795661373,-0.027290970,0.005109117,-1.475154818,0.000584980,0.068528042,0.004014123,0.470238276,2.223987390,-0.269951035,true,OK
1785064287.547118664,0.022993662,0.052553160,9.181587311,8.001358549,-0.027678892,0.007138972,-1.440932549,0.001129631,0.142652530,0.008358957,1.055589038,2.204574102,-0.270755849,true,OK
1785064288.547180653,0.092227099,0.118836186,7.602504606,7.762000925,-0.029758774,0.011890901,-1.673941536,0.002721429,0.232390036,0.019779291,1.689006046,2.188561430,-0.282807806,true,OK
1785064289.547878504,0.054102487,0.033413963,8.428028522,7.269121648,-0.028144435,0.015776843,-1.424408399,0.002068598,0.104678325,0.016842369,0.852282930,2.216307678,-0.279787275,true,OK
1785064290.554068804,0.012022740,0.120393142,7.988666063,7.459107399,-0.030912998,0.013721219,-1.610529046,0.001463687,0.624949769,0.010268425,4.384303371,2.213561946,-0.277718767,true,OK
1785064291.547095060,0.022238703,0.087741862,8.582008623,7.710050201,-0.030233999,0.013878759,-1.286832194,0.000281318,0.115349902,0.002085413,0.855089281,2.203517885,-0.277071878,true,OK
1785064292.547578812,0.120945209,0.028548606,9.484135274,7.594761927,-0.031818138,0.014008212,-1.904383207,0.001019639,0.245492580,0.007546098,1.816830267,2.196137114,-0.268844458,true,OK
1785064293.548681974,0.023944145,0.111866028,8.372754330,7.640441956,-0.032024918,0.012015786,-1.784076877,0.001008591,0.052339156,0.007464882,0.387377799,2.212951805,-0.261484644,true,OK
1785064294.549265385,0.021713507,0.055564330,8.777877494,7.632998013,-0.031476830,0.004320180,-1.357900721,0.001076231,0.131221234,0.007964513,0.971086207,2.242196171,-0.226034522,true,OK
1785064295.547131062,0.021496521,0.120529756,7.953736967,7.539458570,-0.030632390,0.001966746,-1.480504371,0.000515180,0.104678325,0.003810669,0.774281310,2.230795872,-0.225771044,true,OK
1785064296.547306061,0.018362718,0.062077312,8.627357612,7.521753019,-0.032054219,0.000960157,-1.633754120,0.001630708,0.287355397,0.012109681,2.133909357,2.227243401,-0.240404069,true,OK
1785064297.547334671,0.020888565,0.007888027,7.901523926,7.597019849,-0.030660996,-0.000618733,-1.427409196,0.000665785,0.123540700,0.005389189,0.999999367,2.207147573,-0.250094878,true,OK
1785064298.549430609,0.022402243,0.076623972,8.528163178,7.513941419,-0.029160083,-0.000198705,-1.023608960,0.001503198,0.248660374,0.011131106,1.841317337,2.236906440,-0.270166274,true,OK
1785064299.547348022,0.114536191,0.017766743,8.582919321,7.551622593,-0.029761508,0.000028298,-1.231638619,0.001150943,0.129721514,0.008487991,0.956671848,2.221969714,-0.264080922,true,OK
1785064300.547460318,0.022126997,0.095401291,8.291723145,7.555650635,-0.030118984,0.008787406,-1.360709661,0.001515548,0.120331298,0.011189488,0.888421777,2.207407357,-0.271290282,true,OK
1785064301.547434330,0.121916801,0.040695904,8.674217366,7.580870538,-0.030387382,-0.000293006,-1.599135298,0.000579631,0.395152724,0.004289964,2.924601392,2.208211413,-0.265037484,true,OK
1785064302.548109531,0.018808264,0.120198712,7.975621991,7.577632205,-0.029953396,0.003988655,-1.187505844,0.000923728,0.120331298,0.006883151,0.896647127,2.191399560,-0.267961740,true,OK
1785064303.547355413,0.021578282,0.056601481,8.727926403,7.483521284,-0.029267939,0.004966825,-1.447212414,0.000376043,0.145369958,0.002738263,1.058552526,2.195521392,-0.282387770,true,OK
1785064304.548303604,0.119529568,0.006427183,8.929240027,7.569671758,-0.029236638,0.004064418,-1.494294768,0.001155689,0.347742353,0.008556913,2.574742116,2.209552214,-0.283630586,true,OK
1785064305.548720598,0.021527467,0.087150479,8.552031600,7.647728630,-0.028190257,0.004078665,-1.233895040,0.000389142,0.151951085,0.003166746,1.236543400,2.259613951,-0.295027168,true,OK
1785064306.547060966,0.120448623,0.029363733,8.723145175,7.612784614,-0.028537502,0.004314333,-1.038652868,0.000477846,0.384613395,0.003884575,3.126654560,2.228455191,-0.296552733,true,OK
1785064307.547036409,0.022150164,0.106065374,8.176971060,7.585872491,-0.028663753,0.004181723,-1.185994803,0.001367045,0.387653870,0.010187407,2.888849384,2.216699727,-0.289398463,true,OK
1785064308.547029495,0.022807955,0.047533818,8.740863848,7.509874319,-0.029352037,0.004040153,-1.587903504,0.001206550,0.384613395,0.008764443,2.793851797,2.218801812,-0.300061489,true,OK
1785064309.547239542,0.124097492,0.008204293,8.971891871,7.651684822,-0.028832854,0.004778923,-0.907194772,0.000318735,0.000000000,0.002594218,0.000000000,2.219617420,-0.294165776,true,OK
1785064310.547296286,0.022790455,0.087074569,8.488263611,7.634604615,-0.029592566,0.004877621,-1.077031761,0.000117986,0.121946558,0.000873765,0.903096817,2.253551230,-0.287933722,true,OK
1785064311.547301531,0.122442663,0.030189472,8.701080369,7.581961636,-0.029546423,0.004494945,-1.166952994,0.000118285,0.128204252,0.000879878,0.953659988,2.216399410,-0.292626235,true,OK
1785064312.547309875,0.021038882,0.109451923,8.140706474,7.592743943,-0.029216990,0.004480448,-1.311643295,0.000163432,0.125114538,0.001208730,0.925338546,2.182031540,-0.282090306,true,OK
1785064313.547195673,0.020938047,0.064829441,8.704241464,7.670640973,-0.028914065,0.004975282,-1.367454765,0.000256843,0.416840709,0.002092285,3.395648051,2.203810690,-0.290659617,true,OK
1785064314.547121763,0.121769316,0.008980123,8.950401922,7.623856816,-0.029951125,0.004438537,-1.485824831,0.000249406,0.113640914,0.002032573,0.926134703,2.218175503,-0.285810196,true,OK
1785064315.547762394,0.021449354,0.088555302,8.382433760,7.595182139,-0.030746186,0.001952858,-1.419781834,0.000261244,0.389165209,0.001933397,2.880103495,2.229489811,-0.264239146,true,OK
1785064316.547201872,0.022053773,0.041841204,8.976497775,7.677065373,-0.030206525,-0.001667617,-1.419870814,0.000685500,0.139882314,0.005582473,1.139153148,2.200920706,-0.250405693,true,OK
1785064317.547069073,0.022053884,0.122364531,8.102340556,7.691225344,-0.030690501,-0.007553001,-1.026739559,0.001817025,0.292083088,0.014787470,2.377056253,2.206347377,-0.231598826,true,OK
1785064318.547173738,0.021504614,0.066418787,8.727778140,7.639475445,-0.031594875,-0.006651237,-1.215050249,0.000068121,0.331022343,0.000504793,2.452957059,2.201265505,-0.245806305,true,OK
1785064319.547235489,0.119927390,0.008637543,8.907769065,7.574549616,-0.031306974,-0.006456341,-1.349794907,0.000559544,0.104678325,0.004115180,0.769858743,2.204983607,-0.256752140,true,OK
1785064320.547484398,0.024056720,0.088577451,8.431421142,7.573004390,-0.030911991,-0.007662230,-1.435463422,0.000583097,0.153233400,0.004311247,1.132961567,2.212514893,-0.263805668,true,OK
1785064321.547562122,0.021576301,0.044877821,8.926214499,7.694688436,-0.031259851,-0.007657942,-1.245248386,0.000196001,0.052339156,0.001594226,0.425714175,2.234002162,-0.268303237,true,OK
1785064322.547054529,0.022150145,0.123425534,8.040832758,7.675712216,-0.032379064,-0.007893375,-1.526906251,0.000162191,0.090654086,0.001322772,0.739342634,2.207965955,-0.268020677,true,OK
1785064323.547034025,0.021920455,0.066910556,8.708182510,7.597509788,-0.032365812,-0.008176755,-1.599693076,0.000665200,0.313411608,0.004921733,2.318894072,2.197045586,-0.263422725,true,OK
1785064324.547182560,0.119323359,0.023491154,8.832809137,7.692074837,-0.032385788,-0.007347682,-1.350159338,0.000415790,0.419181222,0.003071106,3.096153595,2.198149960,-0.278589404,true,OK
1785064325.547266960,0.021238220,0.098669726,8.382244418,7.631723155,-0.032476870,-0.008845241,-0.954572798,0.000917461,0.424745852,0.007458886,3.453150006,2.216062225,-0.263633012,true,OK
1785064326.547230005,0.021267887,0.045990824,8.944701419,7.592565024,-0.034253031,-0.010006096,-1.359678895,0.000914612,0.247081560,0.006771856,1.829411326,2.210397019,-0.260172917,true,OK
1785064327.547355175,0.021549800,0.124624169,8.003241003,7.584362026,-0.032531147,-0.010441436,-1.326841740,0.000248459,0.302611985,0.001841127,2.242413305,2.224814984,-0.259206478,true,OK
1785064328.547068357,0.021329943,0.080203136,8.682097402,7.685157025,-0.033001913,-0.009129329,-1.029846942,0.000649694,0.128204252,0.005271747,1.040274503,2.223956188,-0.264806395,true,OK
1785064329.547033072,0.121512606,0.024483858,8.761436148,7.625801884,-0.033736909,-0.009161715,-1.308911109,0.000316106,0.323851312,0.002574070,2.637136909,2.204710880,-0.275076119,true,OK
1785064330.549435139,0.011337504,0.103027665,9.651258198,7.752663717,-0.033951835,-0.009727626,-1.177586875,0.000429680,0.134170395,0.003182097,0.993629975,2.224820954,-0.268488187,true,OK
1785064331.547303915,0.023677639,0.046263829,9.323561598,7.679968870,-0.033283455,-0.012489156,-1.187580489,0.000818783,0.118694067,0.006657341,0.965074312,2.246441218,-0.260315501,true,OK
1785064332.548800707,0.024928645,0.127315426,8.102113948,7.680286496,-0.032290698,-0.011806254,-0.998576450,0.001278936,0.363694527,0.010443530,2.969854911,2.234863233,-0.253945344,true,OK
1785064333.547102928,0.022474651,0.069577405,8.684825797,7.595962136,-0.033043320,-0.011115924,-1.086572458,0.000411907,0.402511932,0.003049309,2.979754890,2.214162851,-0.256442561,true,OK
1785064334.547622442,0.124768857,0.013552307,9.001051008,7.566980736,-0.033488765,-0.011051205,-1.431395726,0.000631489,0.000000000,0.004668551,0.000000000,2.193740605,-0.278791812,true,OK
1785064335.547286272,0.021461206,0.104143742,8.378779139,7.695845725,-0.031774073,-0.010219637,-1.237709160,0.001206871,0.360452001,0.009809981,2.929913684,2.210287926,-0.261697217,true,OK
1785064336.549182653,0.022360057,0.050152852,8.948235637,7.636020865,-0.032559008,-0.010239115,-1.320139912,0.000198085,0.115349902,0.001464254,0.852671994,2.232144418,-0.261360796,true,OK
1785064337.547601223,0.022266517,0.127124070,7.987202213,7.592152695,-0.033666209,-0.010331926,-1.846752326,0.000852246,0.426584587,0.006315038,3.160938518,2.246689624,-0.265745297,true,OK
1785064338.547312021,0.022072143,0.070988563,8.707968421,7.561555378,-0.033059311,-0.011448143,-1.603583918,0.000639760,0.115349902,0.004735389,0.853799753,2.243707035,-0.270792139,true,OK
1785064339.547000170,0.121126914,0.026605826,8.780143759,7.639831473,-0.032440811,-0.011160694,-1.320002494,0.000240786,0.402025495,0.001961398,3.274823242,2.220156205,-0.278287025,true,OK
1785064340.547142744,0.019714819,0.104264689,8.385067982,7.620811070,-0.033317275,-0.011171764,-0.910484835,0.000364176,0.096913294,0.002696513,0.717587808,2.222449362,-0.272239172,true,OK
1785064341.547427177,0.022061310,0.048712767,8.832662677,7.580511044,-0.033345522,-0.010409578,-1.325933973,0.000275726,0.201741190,0.002039839,1.492491668,2.237802689,-0.277347826,true,OK
1785064342.547214508,0.023448448,0.004857708,7.991930478,7.684395599,-0.032648922,-0.011091451,-1.560982527,0.000116952,0.365840247,0.000864867,2.705400395,2.225997475,-0.264945030,true,OK
1785064343.547215700,0.022488966,0.081791778,8.669477184,7.657883059,-0.032012311,-0.010394326,-1.364392607,0.000606175,0.110143430,0.004935984,0.896880295,2.232651914,-0.253167464,true,OK
1785064344.547889948,0.123678317,0.028014224,8.729871252,7.616276980,-0.032481347,-0.010863826,-1.349948024,0.000242465,0.229850193,0.001965887,1.863606368,2.222240868,-0.265027932,true,OK
1785064345.547130585,0.022536560,0.106861556,8.173571178,7.603297643,-0.032098525,-0.011471829,-1.062573405,0.000793920,0.392170386,0.005880187,2.904617481,2.216883513,-0.262462245,true,OK
1785064346.547621727,0.021053864,0.062568877,8.701741602,7.693191392,-0.032007766,-0.011533080,-1.216537548,0.000354959,0.129721514,0.002887440,1.055227878,2.244400670,-0.271764386,true,OK
1785064347.547307491,0.122140175,0.006545594,8.980298420,7.638976914,-0.031607327,-0.011341105,-0.633341692,0.000643982,0.201741190,0.005250319,1.644776257,2.243774350,-0.252709945,true,OK
1785064348.547221899,0.019257199,0.084659650,8.376562434,7.587067958,-0.029487460,-0.017687156,-1.060085888,0.000436210,0.137056110,0.003227868,1.014188235,2.231722467,-0.271057201,true,OK
1785064349.547784805,0.122719723,0.041218544,8.708511785,7.697457369,-0.029769825,-0.018024711,-1.042386020,0.000706180,0.126668806,0.005267001,0.944751387,2.212666990,-0.263012421,true,OK
1785064350.547230005,0.020869620,0.120260803,8.158504910,7.698939950,-0.030262471,-0.015582805,-0.851367167,0.000742828,0.201741190,0.006052803,1.643851749,2.247922524,-0.269629967,true,OK
1785064351.548400402,0.022378261,0.064797754,8.717236581,7.601496223,-0.031834829,-0.011989158,-0.867629816,0.000981189,0.153233400,0.007298845,1.139868641,2.251788883,-0.259128689,true,OK
1785064352.547201633,0.021366667,0.020000991,7.959174890,7.718492166,-0.032799989,-0.012033749,-0.983516208,0.000362475,0.100870555,0.002682092,0.746380214,2.246828417,-0.250921443,true,OK
1785064353.547119379,0.021669395,0.097216789,8.443411265,7.676418149,-0.034152592,-0.009914102,-0.858221257,0.000960845,0.110143430,0.007787766,0.892725667,2.239850341,-0.230078875,true,OK
1785064354.547703505,0.122337808,0.041947706,8.703943703,7.612244643,-0.033605257,-0.011011214,-0.892383055,0.000416826,0.000000000,0.003372181,0.000000000,2.232880216,-0.244025484,true,OK
1785064355.547078848,0.023595396,0.120672849,8.079231034,7.590112587,-0.036546998,-0.007895625,-0.873789492,0.000354620,0.389165209,0.002621929,2.877345440,2.239181240,-0.255785645,true,OK
1785064356.547518253,0.023403356,0.077346616,8.716647728,7.713028710,-0.038338680,-0.006290120,-1.118116291,0.001137395,0.059347027,0.009437652,0.492438061,2.263233274,-0.243377321,true,OK
1785064357.547252655,0.121930504,0.020714005,8.733161153,7.634160900,-0.039905827,-0.000906746,-1.172158944,0.000930873,0.207479056,0.007559811,1.684979962,2.228313296,-0.201806956,true,OK
1785064358.547999382,0.022792917,0.098597983,8.372722457,7.620861409,-0.037056244,-0.002110070,-0.863114795,0.002244354,0.139882314,0.016431352,1.024105717,2.252038609,-0.291768566,true,OK
1785064359.547131062,0.020414907,0.043056413,8.943141839,7.576530257,-0.037146085,-0.007660747,-0.977984423,0.000261093,0.146709809,0.001932883,1.086098340,2.438615960,-0.460484211,true,OK
1785064360.547100782,0.021708636,0.118105520,8.033610019,7.517436617,-0.035931225,-0.009150295,-1.263462538,0.000260837,0.128204252,0.001930002,0.948616422,2.408988033,-0.473783930,true,OK
1785064361.547348499,0.021613672,0.077048553,8.707168846,7.687670804,-0.041685468,-0.007324262,0.134865822,0.001701412,0.692386148,0.014218278,5.786099290,2.430996578,-0.484765149,true,OK
1785064362.547796726,0.121429809,0.020540039,8.753410480,7.577343386,-0.024096811,-0.008084352,0.810987262,0.004274263,0.174712971,0.031621689,1.292554823,2.424942734,-0.427389398,true,OK
1785064363.547143221,0.021435983,0.097382700,8.384979689,7.552570124,-0.017167588,-0.008911745,0.362448065,0.000799926,0.100870555,0.005804892,0.731996183,2.431577184,-0.475677030,true,OK
1785064364.547185898,0.023762973,0.056719649,8.860168475,7.694983607,-0.015133083,-0.009382082,-0.145175242,0.000310308,0.296075307,0.002528429,2.412456986,2.417199923,-0.534872640,true,OK
1785064365.547371626,0.022090681,0.135615017,7.995784034,7.698227554,-0.011892757,-0.009074781,-3.026150742,0.000991314,0.246288351,0.008071384,2.005305432,2.131027012,2.962546974,true,OK
1785064366.546960592,0.022857696,0.078155946,8.698624739,7.622416414,-0.025841036,-0.006565308,2.791990950,0.010427313,0.749649067,0.077152592,5.546718127,4.931069232,4.515591684,true,OK
1785064367.547660828,0.120431474,0.023054885,8.692928709,7.611026527,-0.026591726,-0.016190919,2.925529852,0.005772629,0.102792073,0.047017431,0.837230209,6.641668358,2.917652130,true,OK
1785064368.547170401,0.023568359,0.094958170,8.432428593,7.563842392,-0.012169725,-0.036035043,3.258638071,0.001085718,0.625262784,0.007801282,4.492743192,7.353531077,3.536233033,true,OK
1785064369.547055244,0.022175461,0.045079213,8.929377706,7.575648311,-0.009100916,-0.046342509,-2.605508422,0.002812025,1.824455158,0.020807262,13.499852513,6.427771183,4.180203614,true,OK
1785064370.547205210,0.021621505,0.124430220,7.985143651,7.584766113,-0.009732268,-0.053714432,-8.877529998,0.000768952,0.630870689,0.005702690,4.678652242,5.836043900,5.297730622,true,OK
1785064371.548379183,0.022683507,0.068858909,8.705696057,7.566500771,-0.014241890,-0.055898019,-13.983460817,0.001784473,0.351102272,0.013207608,2.598649645,6.286023192,5.629026959,true,OK
1785064372.547164202,0.120993337,0.011615176,8.937682241,7.546162342,-0.018187138,-0.057020533,-17.385478151,0.001107417,0.497321922,0.008191793,3.678792759,7.203009366,5.394127776,true,OK
1785064373.547453642,0.022199423,0.089962033,8.436342475,7.560543272,-0.019619073,-0.062035042,-22.040926605,0.001290072,1.314922192,0.009555680,9.739748537,7.029452658,6.129154952,true,OK
1785064374.547821760,0.121233156,0.035032975,8.682505814,7.574986657,-0.031258059,-0.069729311,-30.722106592,0.001439065,0.820437734,0.010690271,6.094721312,6.722082136,5.140724537,true,OK
1785064375.546984434,0.023615175,0.112902250,8.206247302,7.579036175,-0.031173935,-0.064928383,-39.532738460,0.002469724,0.466462006,0.018325357,3.461149050,4.380790998,5.317612624,true,OK
1785064376.547014236,0.023466227,0.056164768,8.757479539,7.578587934,-0.026773328,-0.057929848,-45.207159551,0.005310677,0.649213963,0.039172329,4.788696616,1.850596312,4.292325183,true,OK
1785064377.547219515,0.022068514,0.135752279,7.955844073,7.574772374,-0.041827835,-0.025014177,-48.569326680,0.008701909,1.007359628,0.064397221,7.454819720,3.243045507,3.851830017,true,OK
1785064378.547854900,0.024259688,0.078839793,8.478724859,7.539387313,-0.057367079,-0.028955988,-59.950036910,0.004342555,1.701688911,0.032176760,12.608897483,3.403769895,3.565841467,true,OK
1785064379.547199249,0.122460402,0.035590320,8.715192549,7.688718969,-0.057625079,-0.014974310,-75.387277116,0.001037829,1.686440194,0.007690543,12.496895997,2.469335632,1.531052063,true,OK
1785064380.549024582,0.022355853,0.115959884,8.377046265,7.686353969,-0.057299488,-0.000553350,-89.648230041,0.001782010,1.895788160,0.014501790,15.427700385,1.827432610,0.515879881,true,OK
1785064381.547758102,0.021591912,0.058391663,8.738235909,7.635046609,-0.046924195,-0.000087547,-102.203989421,0.001754609,1.283746861,0.012976541,9.494189265,0.872148736,0.788096153,true,OK
1785064382.547739983,0.021042308,0.137536147,7.991105596,7.636261913,-0.055417807,0.000014563,-109.224349614,0.001887931,0.212142087,0.013976081,1.570457257,0.674386151,-0.999306774,true,OK
1785064383.547220707,0.021874769,0.079827646,8.480859391,7.558587434,-0.059833937,-0.006906882,-100.428195192,0.002090408,0.820676204,0.015406424,6.048430174,1.622218937,-0.329976670,true,OK
1785064384.547717333,0.122927079,0.036146368,8.715333679,7.658138179,-0.057420792,-0.019760119,-93.579454641,0.007713847,1.143636736,0.057146830,8.472454525,1.083988345,0.563374184,true,OK
1785064385.547292709,0.020962436,0.114746009,8.271659272,7.662442136,-0.051251597,-0.021608368,-83.319880850,0.001496951,0.414014638,0.012191449,3.371812124,1.212649949,-0.022725803,true,OK
1785064386.547267437,0.022943532,0.059215846,8.766845524,7.613712083,-0.063722398,-0.033062352,-80.111832170,0.002795476,0.740456859,0.020700818,5.483167061,1.204631672,-0.135272171,true,OK
1785064387.547995806,0.024424357,0.015496513,7.999780946,7.696140036,-0.059609782,-0.043997127,-74.847767891,0.001661920,0.984568674,0.012299861,7.286786721,0.445360164,0.351515421,true,OK
1785064388.547077417,0.021409204,0.092779701,8.449386534,7.691416009,-0.054117664,-0.061472941,-68.028402717,0.002846455,0.120331298,0.023165042,0.979281155,0.391190875,0.611324622,true,OK
1785064389.548756838,0.125598058,0.039238356,8.749495870,7.665412184,-0.043723680,-0.064304243,-60.082923643,0.001485586,1.211277060,0.011056317,9.014801448,0.138779746,-0.027664949,true,OK
1785064390.547274590,0.023288668,0.116436301,8.064271508,7.639580031,-0.039627575,-0.061826637,-52.127257289,0.001558411,1.222693508,0.011560317,9.069960534,-0.022667277,-0.714417181,true,OK
1785064391.547560453,0.022136460,0.060594967,8.692834678,7.596138541,-0.027519573,-0.069712856,-43.444808968,0.002923639,1.204959989,0.021672507,8.932193120,0.354099994,1.279422749,true,OK
1785064392.547287464,0.023067107,0.000426971,7.936215514,7.517883006,-0.022512751,-0.067776001,-35.710710482,0.001200745,0.837200246,0.008884841,6.194812268,0.722092551,2.067749429,true,OK
1785064393.547232628,0.022926012,0.081347825,8.482940393,7.540570217,-0.020639931,-0.064315893,-29.673437519,0.000825667,0.831807118,0.006114173,6.159638769,-0.268023343,1.396866313,true,OK
1785064394.547551155,0.122952042,0.038954998,8.692479742,7.679926394,-0.013937622,-0.054410729,-24.083915753,0.002742194,1.058693836,0.020294260,7.835114915,-0.711664817,0.432751961,true,OK
1785064395.549263954,0.022477744,0.119565716,8.273490510,7.675956767,-0.012285769,-0.046730338,-17.726218126,0.001109790,0.813732196,0.009043912,6.631271695,-0.563518032,1.389014401,true,OK
1785064396.550164700,0.024199186,0.064042331,8.739222643,7.598989025,0.006122516,-0.053040832,-11.975145030,0.001790244,0.079129369,0.013259825,0.586088465,-0.403158308,3.290951186,true,OK
1785064397.549373865,0.023402504,0.006597224,7.983155099,7.554565980,0.038633758,-0.060260105,-9.126989901,0.004387867,1.323082027,0.032426281,9.777559150,-0.249219756,2.876261655,true,OK
1785064398.547205687,0.023007514,0.082699166,8.507416998,7.540455026,0.028980178,-0.068811226,-0.523018692,0.001229571,0.802838204,0.009099133,5.941205395,-0.030971522,1.813859604,true,OK
1785064399.547153234,0.121369104,0.039439564,8.695286435,7.670280073,0.028452777,-0.064131083,5.705079270,0.001346396,0.733287028,0.009979454,5.435106165,-0.293137674,2.717764646,true,OK
1785064400.547715187,0.024289614,0.119332137,8.337715803,7.674604453,0.031075461,-0.075332394,13.933050272,0.001490254,1.230987705,0.012153843,10.039384836,0.340942169,2.965503297,true,OK
1785064401.547036171,0.023500488,0.060684045,8.756038591,7.578130928,0.027831870,-0.081017119,18.843979151,0.001317321,0.794261781,0.009723604,5.862720204,0.206824894,3.420305888,true,OK
1785064402.547076702,0.023196323,0.005985104,7.972844558,7.553258689,0.020685672,-0.072565766,23.154959500,0.005433629,0.106531181,0.040159241,0.787358025,0.404002656,2.754473582,true,OK
1785064403.547747374,0.020156899,0.085444700,8.439539045,7.551661246,0.033575366,-0.033344612,22.498442598,0.001450191,0.576072882,0.010762217,4.275177143,0.476845119,3.070459418,true,OK
1785064404.547338009,0.121951049,0.040188908,8.712649669,7.667513730,0.024360367,-0.054981639,29.672900089,0.001442182,0.581145578,0.010734389,4.325557232,0.159276536,3.215613815,true,OK
1785064405.547394276,0.021476440,0.120251420,8.050483165,7.670223200,0.019129236,-0.054949626,34.950334757,0.001697062,1.071188706,0.013792090,8.705593466,0.282236010,3.571678493,true,OK
1785064406.547233820,0.019083480,0.063484356,8.649141851,7.596973429,0.027832052,-0.057504480,41.252693258,0.001639626,0.302611985,0.012140039,2.240584400,0.795249735,3.085067740,true,OK
1785064407.547245502,0.122301204,0.007948722,8.950871882,7.559568799,0.029634978,-0.061397218,44.502636030,0.001364818,0.421044263,0.010107549,3.118164418,0.764037737,2.814766035,true,OK
1785064408.547356606,0.022591531,0.086662870,8.437123143,7.555619578,0.035437660,-0.059208742,48.289126934,0.001640576,0.795492656,0.012123408,5.878472662,1.246857421,2.496448160,true,OK
1785064409.547415972,0.022635690,0.040295844,8.982481538,7.651542141,0.039333342,-0.060720239,48.541770935,0.000353901,0.382572983,0.002884304,3.117978766,1.576898427,2.780393056,true,OK
1785064410.547222853,0.022940868,0.121019433,7.999180219,7.676855700,0.042723522,-0.063101380,40.973696846,0.001771664,0.806971002,0.014555344,6.629778869,1.823636604,3.451542488,true,OK
1785064411.547036171,0.022715472,0.064909198,8.711478303,7.613668304,0.038868325,-0.063375318,35.238522723,0.001415836,0.784095845,0.010613817,5.877974220,1.671872688,4.114852493,true,OK
1785064412.547017813,0.120166031,0.020971551,8.904086885,7.716144484,0.040943683,-0.065131856,31.349917083,0.001056056,0.565098956,0.007804143,4.176021084,1.712419437,4.703713360,true,OK
1785064413.547147751,0.023640252,0.100368886,8.422253076,7.704885030,0.038181448,-0.071300606,27.386657735,0.001083001,0.333378412,0.008841525,2.721671179,1.904745486,4.387933126,true,OK
1785064414.548423052,0.022514472,0.045199358,8.960937633,7.639676690,0.053805970,-0.087722694,19.917353037,0.001681911,1.833763639,0.012449935,13.573990585,4.479189104,1.170612504,true,OK
1785064415.547389746,0.021957246,0.123227692,8.022430048,7.622207467,0.034924480,-0.052477570,15.961140824,0.007989711,0.236562561,0.059341256,1.756999652,3.622595189,4.404550227,true,OK
1785064416.547576904,0.022996652,0.066313616,8.750153503,7.567584220,0.040550668,-0.044515002,14.878142454,0.000864823,0.346050174,0.006379729,2.552784528,4.086678807,5.031464576,true,OK
1785064417.547054768,0.120632251,0.022637670,8.896191540,7.685404198,0.039029546,-0.047749764,14.863049830,0.001362403,0.437454780,0.010103519,3.244144835,4.528563993,3.868003530,true,OK
1785064418.547227621,0.021367656,0.100671315,8.426259933,7.678177312,0.039464078,-0.059708747,7.696125027,0.002363288,0.052339156,0.019026648,0.421378433,3.256323267,4.373775710,true,OK
1785064419.547332764,0.022101732,0.045834543,8.971673810,7.623529128,0.041416286,-0.060384370,6.834242906,0.000603615,0.159490387,0.004466491,1.180160280,1.119714532,5.281695446,true,OK
1785064420.547171593,0.021331442,0.123882920,8.025061408,7.612265191,0.050620736,-0.086372808,6.332836584,0.008555284,1.383525146,0.063313813,10.238847478,4.056209893,5.344820279,true,OK
1785064421.547615767,0.022417867,0.068612996,8.793177496,7.586784486,0.049848422,-0.084075635,4.356885913,0.005747546,0.034264021,0.042854673,0.255478324,1.904794948,1.923122619,true,OK
1785064422.547018528,0.122889514,0.023987003,8.924466574,7.695159625,0.034534251,-0.085628171,3.449912517,0.000270290,0.151951085,0.001999697,1.124187296,1.346789317,-0.752994250,true,OK
1785064423.547211885,0.020353188,0.103247462,8.328917719,7.657014237,0.030472123,-0.086815910,2.023377643,0.000104232,0.246288351,0.000770879,1.821501512,1.372635160,-0.701429145,true,OK
1785064424.547422647,0.021308826,0.047353006,8.929283035,7.586818529,0.028694052,-0.086157880,1.970958929,0.001019134,0.113640914,0.007534634,0.840167284,1.261150432,-0.460319458,true,OK
1785064425.547268867,0.022521338,0.001365750,8.008095848,7.624172649,0.028942720,-0.087958465,2.145968866,0.000169801,0.159490387,0.001385076,1.300972125,1.291517828,-0.407983404,true,OK
1785064426.547111273,0.021648199,0.082035334,8.469225936,7.600893883,0.029340608,-0.086953924,2.155331068,0.000278744,0.065610604,0.002064941,0.486044223,1.306804843,-0.354221368,true,OK
1785064427.547067881,0.120221554,0.038463770,8.692333986,7.701388143,0.029274926,-0.087706227,1.936569654,0.000368245,0.118694067,0.002721890,0.877329020,1.330902515,-0.320717850,true,OK
1785064428.547192812,0.022599536,0.117508671,8.055198628,7.650853092,0.029380666,-0.090721451,1.679516438,0.000101383,0.027976455,0.000752900,0.207761814,1.349155466,-0.311793787,true,OK
1785064429.547321796,0.022006806,0.073563304,8.696984972,7.707861507,0.030625539,-0.090957472,1.868833240,0.000187319,0.113640914,0.001527901,0.926934013,1.364050085,-0.294986781,true,OK
1785064430.547181368,0.120473938,0.016469310,8.798799676,7.598783870,0.030639795,-0.090421098,2.120379059,0.000422191,0.052339156,0.003123713,0.387247573,1.376977192,-0.286534962,true,OK
1785064431.547195911,0.021301370,0.096089367,8.341780514,7.589531620,0.029840276,-0.090483497,2.059021342,0.000255647,0.110143430,0.001897963,0.817722426,1.363523383,-0.288099755,true,OK
1785064432.547424316,0.021336231,0.052336757,8.826460384,7.655197516,0.028439748,-0.090806787,1.604123029,0.001893985,0.451107955,0.014008286,3.336482766,1.331733693,-0.296848891,true,OK
1785064433.547344446,0.023994721,0.008454091,8.001550762,7.712080305,0.029026720,-0.090376758,2.009457544,0.000408668,0.100870555,0.003024298,0.746480018,1.347382571,-0.295609439,true,OK
1785064434.547029018,0.022275848,0.087121692,8.512374147,7.648399334,0.028268147,-0.089990237,2.002449823,0.000140778,0.027976455,0.001042212,0.207115728,1.360510002,-0.296803394,true,OK
1785064435.547297478,0.023019059,0.043160095,8.967748863,7.716229728,0.027795428,-0.089192602,2.053878399,0.000421306,0.138476416,0.003434963,1.129017619,1.370052234,-0.288509583,true,OK
1785064436.547153950,0.022109584,0.121076633,8.092929059,7.686166800,0.028612294,-0.089360846,1.828517422,0.000671500,0.298707144,0.005477861,2.436746779,1.343154540,-0.286082471,true,OK
1785064437.547348261,0.021484167,0.065972270,8.752377596,7.609195120,0.027904072,-0.089014367,1.726549116,0.000113025,0.331612915,0.000837706,2.457812266,1.331231006,-0.287024517,true,OK
1785064438.547045708,0.120253060,0.021051943,8.794414483,7.639664322,0.027054505,-0.089279489,1.931866616,0.000208304,0.371150265,0.001696042,3.021964435,1.341514618,-0.301756540,true,OK
1785064439.547019243,0.020909387,0.097823537,8.403759262,7.568859309,0.026936663,-0.089860524,1.584778194,0.000148040,0.088469326,0.001091819,0.652475384,1.376474679,-0.300062822,true,OK
1785064440.548291445,0.021822459,0.058154344,8.790987698,7.654373959,0.027239415,-0.089887555,1.630500427,0.001069551,0.388662070,0.007911491,2.874940217,1.394906755,-0.292763023,true,OK
1785064441.547299623,0.021014809,0.012136929,7.980146973,7.695337523,0.027259996,-0.089710767,1.809654275,0.000090899,0.200768942,0.000674693,1.490191805,1.364535884,-0.290200198,true,OK
1785064442.547073126,0.021649175,0.090997985,8.572231903,7.687548308,0.026511915,-0.089640252,2.012664454,0.000232124,0.125114538,0.001891760,1.019656066,1.354152419,-0.292994075,true,OK
1785064443.547152281,0.122240955,0.035721025,8.723604793,7.600172357,0.026632229,-0.089680056,1.788698126,0.000295337,0.258687892,0.002184136,1.913098417,1.330404844,-0.305303991,true,OK
1785064444.547143936,0.021039875,0.126256158,8.161748420,7.723859376,0.027411679,-0.089692858,1.553878443,0.000186886,0.065610604,0.001536056,0.539268572,1.348143240,-0.299791520,true,OK
1785064445.547244072,0.023278364,0.070688879,8.760565845,7.612473969,0.027795338,-0.090492597,1.902438368,0.000127837,0.034264021,0.000946332,0.253644508,1.358028791,-0.308004519,true,OK
1785064446.547132015,0.122390214,0.026589262,8.856172056,7.712197210,0.027791110,-0.090584278,1.587670634,0.000799143,0.342069160,0.005914009,2.531462215,1.327243221,-0.310463977,true,OK
1785064447.547434092,0.020957298,0.105704185,8.376740617,7.650906066,0.028587536,-0.091398800,1.471265681,0.000244267,0.079129369,0.001824094,0.590908318,1.328766756,-0.302137246,true,OK
1785064448.547154427,0.021150650,0.060605111,8.764411779,7.695195453,0.028564261,-0.089562452,1.745123520,0.000095838,0.115349902,0.000777689,0.936020758,1.344462986,-0.301241305,true,OK
1785064449.547019482,0.021938566,0.005168338,7.959760092,7.640906753,0.027485593,-0.087786358,1.354693865,0.000231509,0.306467066,0.001886465,2.497269362,1.350585242,-0.312423484,true,OK
1785064450.547058105,0.021745659,0.084475887,8.457048908,7.598606220,0.027180083,-0.087097636,1.297143118,0.000371961,0.129721514,0.002756266,0.961249835,1.373339284,-0.313671927,true,OK
1785064451.547694445,0.119085342,0.040863520,8.628975865,7.652281556,0.025431005,-0.078410589,1.214031909,0.003166852,0.154505069,0.025885941,1.262928780,1.360519978,-0.310352412,true,OK
1785064452.548561335,0.023368138,0.120919993,8.033421865,7.627760356,0.025322446,-0.078263969,1.110608197,0.000308483,0.164324520,0.002296087,1.223094410,1.323228209,-0.313973618,true,OK
1785064453.547057390,0.021759817,0.073688589,8.714729129,7.693483518,0.026610784,-0.084301027,1.547387216,0.000844067,0.153233400,0.006912483,1.254904863,1.324654121,-0.321549471,true,OK
1785064454.547737122,0.121535331,0.019883823,8.826323178,7.604968942,0.025882264,-0.083722348,1.379462726,0.000665632,0.332202472,0.004929587,2.460249598,1.340235486,-0.316125435,true,OK
1785064455.548486233,0.022539782,0.099540263,8.368810298,7.561878580,0.025896480,-0.084498080,0.984496112,0.000162742,0.106531181,0.001203631,0.787896483,1.337186441,-0.304144413,true,OK
1785064456.547296762,0.021751569,0.054287898,8.800074990,7.639822962,0.026287710,-0.084349977,1.547647416,0.000530638,0.288714071,0.003927386,2.136846503,1.364858810,-0.312722449,true,OK
1785064457.547577620,0.023789633,0.010824708,7.962563787,7.713779258,0.025991791,-0.085685691,1.383754626,0.000178088,0.368504821,0.001318639,2.728564555,1.332687438,-0.316710729,true,OK
1785064458.547305822,0.021578206,0.087978731,8.538687733,7.632944148,0.026225538,-0.086708660,0.740433269,0.000429708,0.104678325,0.003156982,0.769051269,1.347869609,-0.318565369,true,OK
1785064459.547152042,0.021285433,0.045071012,9.015099299,7.719634114,0.027599814,-0.087615323,0.896184714,0.000986744,0.310904261,0.008042945,2.534178986,1.349801018,-0.333175171,true,OK
1785064460.547245026,0.020881867,0.123951427,8.093478081,7.696661695,0.026951334,-0.085154747,0.916660113,0.000498514,0.284618625,0.004064345,2.320472413,1.357368288,-0.332762106,true,OK
1785064461.547733545,0.021750152,0.067967985,8.736968720,7.605336293,0.026921589,-0.086063432,0.842585611,0.000429423,0.241474428,0.003177231,1.786631433,1.366704416,-0.324011757,true,OK
1785064462.547151566,0.119855821,0.023713576,8.735112177,7.648655454,0.027364900,-0.086274653,1.016835737,0.000181864,0.106531181,0.001480842,0.867436349,1.350323022,-0.340517724,true,OK
1785064463.547289133,0.021625028,0.098940108,8.422924022,7.558315002,0.027643363,-0.086459597,1.051470230,0.000279993,0.121946558,0.002084697,0.907957187,1.327238575,-0.334233583,true,OK
1785064464.547052860,0.022305026,0.057625605,8.804814257,7.693404486,0.027404314,-0.085521153,1.144810768,0.000526781,0.247081560,0.004251855,1.994292569,1.333172384,-0.343074902,true,OK
1785064465.547374249,0.022629225,0.138003495,7.951334343,7.649228143,0.027016312,-0.085647110,1.104595408,0.000344265,0.144017660,0.002554592,1.068671228,1.342461223,-0.345912443,true,OK
1785064466.547450542,0.022863335,0.093541808,8.438466956,7.718351908,0.027007574,-0.085790275,0.849484574,0.000155899,0.121946558,0.001270018,0.993427169,1.369566991,-0.321177230,true,OK
1785064467.547190428,0.123180964,0.037376185,8.710463424,7.623086366,0.027549015,-0.086470126,1.226802860,0.000222532,0.129721514,0.001811114,1.055762508,1.350251334,-0.325756503,true,OK
1785064468.547182322,0.023191136,0.116096897,8.058656654,7.593377577,0.027919236,-0.086743597,1.094339722,0.000840312,0.123540700,0.006234031,0.916512081,1.327714341,-0.325175100,true,OK
1785064469.547384262,0.023552445,0.072670735,8.741280002,7.650313782,0.027188590,-0.086831131,0.876420026,0.000141839,0.096913294,0.001049580,0.717140922,1.343205551,-0.331112904,true,OK
1785064470.547036886,0.121553342,0.028240191,8.831360501,7.719210707,0.026692174,-0.085249361,0.680342842,0.000633444,0.414014638,0.004621969,3.020886774,1.351895643,-0.325387598,true,OK
1785064471.547945499,0.020744632,0.108096335,8.154622756,7.651919589,0.027260046,-0.084745218,0.982018627,0.000530925,0.398112730,0.003930687,2.947415773,1.381138612,-0.319935777,true,OK
1785064472.547780514,0.022410166,0.048888948,8.768361073,7.528123074,0.026615695,-0.085685864,1.151188381,0.000358790,0.381035496,0.002613517,2.775556623,1.369120215,-0.321408757,true,OK
1785064473.547796249,0.120376047,0.007969335,8.945231339,7.654490962,0.026480401,-0.087331583,1.069824266,0.001623223,0.121946558,0.013207868,0.992257057,1.328539491,-0.318373115,true,OK
1785064474.547316790,0.020557440,0.086265754,8.397224359,7.596871996,0.028052235,-0.094061563,1.076523321,0.000169403,0.163129423,0.001254395,1.207937075,1.471565442,-0.454595861,true,OK
1785064475.547000170,0.021019801,0.040776484,8.982872531,7.641412045,0.033244590,-0.099028724,3.014790728,0.005008832,0.027976455,0.037089764,0.207162071,1.089200242,-0.632382172,true,OK
1785064476.547320843,0.021817927,0.121092766,8.006020177,7.624538099,0.019341818,-0.090849227,2.359651299,0.002836178,0.270519701,0.020986740,2.001752746,1.468128871,-0.571300640,true,OK
1785064477.547899723,0.023858746,0.065114946,8.662387628,7.548995587,0.015543306,-0.086527450,0.744896974,0.004276020,0.154505069,0.031671724,1.144391822,2.008922318,0.950461200,true,OK
1785064478.547165155,0.122363216,0.020655968,8.742197671,7.669143992,0.004503126,-0.077098496,1.284339425,0.002650110,0.159490387,0.019587172,1.178805818,3.169208730,1.245829353,true,OK
1785064479.549320936,0.025619606,0.097991793,8.402373230,7.608513424,-0.032815714,-0.063419844,4.467756561,0.008839427,0.062557256,0.064471531,0.456269615,4.113574132,0.765311618,true,OK
1785064480.547077417,0.020694055,0.043229117,8.930693805,7.586439473,-0.064072098,-0.067615252,3.582900332,0.001334887,0.104678325,0.009884406,0.775108958,2.350935035,-0.992944433,true,OK
1785064481.547695398,0.022287394,0.121334756,7.998303384,7.562624427,-0.061981132,-0.062606173,-0.149949274,0.002591010,0.686140580,0.019141650,5.069013558,1.371906549,-2.259119181,true,OK
1785064482.547053576,0.021858454,0.078220981,8.723046816,7.643438442,-0.048918362,-0.065052837,-6.107038818,0.002163590,0.943982836,0.016005814,6.983399190,-0.324166231,-0.701478738,true,OK
1785064483.547134161,0.117916649,0.021842685,8.697931372,7.565041594,-0.053398412,-0.077074685,-7.725274553,0.003430294,0.076616680,0.025395651,0.567219802,-0.113643661,-0.737330941,true,OK
1785064484.547156334,0.022855083,0.113434590,8.455527907,7.706690100,-0.061190399,-0.080508160,-8.801516452,0.001419677,0.906118402,0.011577374,7.389337714,0.531353928,-1.849805876,true,OK
1785064485.547108173,0.017917059,0.057119505,8.714546798,7.634111675,-0.062572600,-0.077311343,-13.454005860,0.001474135,0.503966202,0.010968992,3.749996849,0.327783691,-1.529086378,true,OK
1785064486.547253847,0.020450756,0.013329946,7.955882405,7.707394685,-0.062235851,-0.073179686,-16.037789057,0.001023014,0.683569121,0.007587275,5.069753314,0.761581134,-1.318461837,true,OK
1785064487.547285557,0.023200169,0.091517403,8.517404766,7.696291630,-0.063412793,-0.074289587,-19.187887163,0.000642983,0.300665888,0.005235355,2.448108862,1.242371163,-0.760999598,true,OK
1785064488.547199965,0.123550088,0.036144626,8.725194962,7.629119031,-0.066015581,-0.077013761,-21.658304567,0.000713781,0.363694527,0.005835331,2.973290332,1.447801841,-0.551751409,true,OK
1785064489.547790289,0.024149782,0.114357160,8.090150850,7.609989048,-0.067343040,-0.079434473,-24.271850159,0.000453799,0.828034665,0.003365810,6.141508747,2.232434350,0.545060009,true,OK
1785064490.549154997,0.023198340,0.073007795,8.677593452,7.707410721,-0.071384781,-0.075124235,-27.378439894,0.001441331,0.494164240,0.011740901,4.025398566,2.516887568,0.385959535,true,OK
1785064491.547074080,0.123312608,0.010248978,8.861530935,7.582427147,-0.073168877,-0.065114104,-31.037153679,0.002658678,0.357727449,0.021599873,2.906282130,2.273474781,0.323400128,true,OK
1785064492.550085545,0.111098343,0.089928904,8.646946133,7.737127143,-0.063741407,-0.050991226,-33.275832637,0.004001734,0.360994441,0.029606514,2.670788658,3.165059370,1.485016538,true,OK
1785064493.548495531,0.218432307,0.012043871,8.751680345,7.750344338,-0.063785873,-0.059880561,-36.804426249,0.006533261,0.306467066,0.048114310,2.256981888,1.792309722,2.684704969,true,OK
1785064494.549048901,0.022413081,0.105033388,9.287619380,7.755207038,-0.086774307,-0.062674420,-43.935205455,0.003584279,0.098911718,0.029173514,0.805071905,3.084272319,-2.044759135,true,OK
1785064495.547983885,0.023247450,0.046163763,9.147155197,7.584072602,-0.056022127,-0.079253478,-44.565691272,0.003960898,0.352770226,0.028967869,2.579970729,3.312181735,-0.480273114,true,OK
1785064496.547267437,0.022321376,0.126033001,8.047050167,7.585433617,-0.033834634,-0.084563141,-44.098829713,0.002060285,0.754332869,0.015256442,5.585845741,3.490678272,0.800726600,true,OK
1785064497.547051191,0.020761190,0.082175900,8.684975462,7.704041134,-0.027017492,-0.095934032,-50.269659688,0.000472186,0.717370286,0.003859260,5.863198350,3.701945307,1.639730105,true,OK
1785064498.547035456,0.119199605,0.026191086,8.689976261,7.600169264,-0.027172951,-0.093069970,-51.777626515,0.000709206,0.019782341,0.005247427,0.146369824,4.562640455,1.765016666,true,OK
1785064499.547914982,0.022653072,0.118593809,8.350134726,7.715774280,-0.022942387,-0.094896204,-50.920856764,0.001031535,0.389165209,0.008418905,3.176184151,3.853394932,1.742989274,true,OK
1785064500.547291756,0.019777276,0.061407878,8.709848754,7.640233091,-0.014777534,-0.083234853,-44.192062926,0.002554581,0.395152724,0.018913454,2.925608083,2.970419388,1.211262500,true,OK
1785064501.549262047,0.024940703,0.005962564,7.975203440,7.574488830,-0.007997105,-0.076599381,-40.361317166,0.001244331,0.074018747,0.009194941,0.546958948,2.418146829,0.729809338,true,OK
1785064502.547012091,0.023188059,0.094521978,8.476594981,7.697897630,-0.005016837,-0.072857472,-35.115000226,0.003205860,1.269491296,0.026165733,10.361390862,1.898441077,-1.402859878,true,OK
1785064503.547039986,0.120609525,0.039866117,8.715080714,7.637471728,-0.000025183,-0.078516220,-27.394751496,0.003047029,0.830394442,0.024807446,6.760672193,1.098450698,-0.864285119,true,OK
1785064504.548983812,0.023616727,0.120287552,8.067408933,7.596436969,0.004987438,-0.083046082,-22.570919376,0.002654938,0.405900560,0.019595985,2.995935114,2.638827423,-0.940328427,true,OK
1785064505.547212362,0.020354900,0.074742071,8.710392914,7.718256494,0.023375887,-0.108402396,-16.088662790,0.007385281,0.440574736,0.060812311,3.627806036,2.389391589,0.721378816,true,OK
1785064506.547209024,0.119124748,0.018848912,8.799861901,7.603719083,0.030531656,-0.109926490,-11.776181080,0.001974063,0.322033601,0.014606876,2.382855108,1.462196177,2.594527807,true,OK
1785064507.547095776,0.021817280,0.095866100,8.421273230,7.571542379,0.020156796,-0.118963198,-11.865138697,0.005143848,0.142652530,0.037716685,1.045983620,1.196849122,0.443020151,true,OK
1785064508.547118664,0.020195867,0.049900250,8.809190474,7.649543623,0.008165023,-0.122186690,-11.677611652,0.002791748,0.262442628,0.022725215,2.136319389,1.461271406,-0.470207198,true,OK
1785064509.547897339,0.020865151,0.133025657,7.978652097,7.643072430,0.002827314,-0.122114172,-13.216466243,0.000634482,0.125114538,0.004699400,0.926683020,1.449346954,-0.376837149,true,OK
1785064510.547080755,0.021559787,0.088559787,8.521849610,7.717310234,0.002740599,-0.120895251,-13.159399572,0.001749518,0.146709809,0.014381886,1.206025660,1.228380752,-0.231211847,true,OK
1785064511.547098398,0.120719025,0.032057012,8.684606074,7.636728627,0.004483876,-0.126785628,-13.579374284,0.000554955,0.197823503,0.004522651,1.612178185,1.252595319,-0.237574303,true,OK
1785064512.547705889,0.021964881,0.110933689,8.171822393,7.593102696,0.005835874,-0.129437219,-13.434274953,0.000420942,0.106531181,0.003115267,0.788405907,1.275199899,-0.210069957,true,OK
1785064513.547297478,0.022955602,0.066585624,8.715337994,7.650133211,0.005626967,-0.131223070,-13.351128899,0.001437936,0.363694527,0.010862660,2.747472626,1.284227104,-0.191518825,true,OK
1785064514.547237158,0.123149971,0.011001400,9.014497849,7.559937763,0.006009941,-0.131123471,-13.040247116,0.000891516,0.476012318,0.006596069,3.521876620,1.255390061,-0.167844859,true,OK
1785064515.547187567,0.021740961,0.098205312,8.402397156,7.654220020,0.005756395,-0.132323085,-13.135724016,0.000494479,0.104678325,0.003914291,0.828632924,1.250409941,-0.160171092,true,OK
1785064516.547292233,0.022730571,0.046168419,8.988145695,7.599765674,0.005934112,-0.131610084,-12.957649378,0.000401001,0.297394120,0.002968763,2.201724103,1.238624586,-0.145324366,true,OK
1785064517.547873497,0.220834173,0.137818037,8.737984202,7.716434311,0.005380792,-0.130714915,-12.928742483,0.000045272,0.071326251,0.000334734,0.527370589,1.239594462,-0.136754382,true,OK
1785064518.556236506,0.016008565,0.047590391,9.128421248,7.266451433,0.005911393,-0.130985896,-12.970991912,0.000394019,0.068528042,0.003149033,0.547681436,1.269715174,-0.142662125,true,OK
1785064519.547390699,0.122213031,0.023524440,8.886060832,7.687629508,0.004350241,-0.129274245,-13.221479175,0.000723362,0.121946558,0.005881474,0.991516539,1.265306642,-0.161916767,true,OK
1785064520.547061205,0.022179442,0.098225870,8.396728483,7.556751624,0.008219721,-0.130611976,-12.684190181,0.002228416,0.086229231,0.016571822,0.641251550,1.263921600,-0.152282539,true,OK
1785064521.548133612,0.023429621,0.060530432,8.774094473,7.711685220,0.003825650,-0.118636796,-12.942680468,0.002070070,0.208420008,0.016839448,1.695438985,1.208639557,-0.211219810,true,OK
1785064522.547015429,0.023755730,0.002345277,7.980945811,7.588687246,0.003461417,-0.117180659,-13.404204726,0.000639877,0.019782341,0.004743303,0.146643143,1.210866611,-0.224170787,true,OK
1785064523.547211885,0.021497050,0.094014397,8.419476985,7.717537727,0.004609252,-0.120378551,-13.667013090,0.000836591,0.418714155,0.006844911,3.425879643,1.317912043,-0.293789071,true,OK
1785064524.547231674,0.124145608,0.038201518,8.729375748,7.601844563,0.006424004,-0.121192280,-13.035790392,0.001616235,0.384613395,0.011966012,2.847536184,1.303554201,-0.274234228,true,OK
1785064525.547155857,0.021782424,0.129466406,8.066769721,7.742905338,0.003823710,-0.118607247,-13.058981546,0.000492938,0.102792073,0.004075221,0.849803817,1.263813023,-0.262140390,true,OK
1785064526.547130108,0.021201239,0.073176462,8.543036240,7.614240179,0.001847394,-0.117486117,-13.398915053,0.000588405,0.301964691,0.004355111,2.235007498,1.274265895,-0.280003124,true,OK
1785064527.547887564,0.221800724,0.027454085,8.396391009,6.849257918,0.002730493,-0.117549605,-12.901105507,0.000091292,0.115349902,0.000675853,0.853960790,1.292253987,-0.286552608,true,OK
1785064528.547070265,0.021079233,0.107891521,8.060670407,7.463282824,0.002839591,-0.113952527,-13.177367676,0.000361419,0.126668806,0.002671434,0.936273738,1.297763810,-0.281255858,true,OK
1785064529.547143221,0.021698225,0.063924276,8.696634716,7.674108708,0.002229043,-0.114676530,-13.461273862,0.001025840,0.360452001,0.008350937,2.934290668,1.289223240,-0.260845449,true,OK
1785064530.547416687,0.122885117,0.007974956,8.974771292,7.601811014,0.002561534,-0.115462018,-13.754209283,0.000722713,0.318367070,0.005349105,2.356367855,1.266319375,-0.270205120,true,OK
1785064531.547156334,0.022374499,0.097595137,8.417473423,7.693860457,0.003453636,-0.115700746,-13.375438338,0.000397373,0.048456644,0.003217365,0.392333411,1.273767798,-0.262137381,true,OK
1785064532.547132015,0.022715164,0.042454577,8.968071881,7.601489694,0.000315093,-0.111427907,-13.184946728,0.000402084,0.079129369,0.002971414,0.584768407,1.261593324,-0.238203159,true,OK
1785064533.547063351,0.021479288,0.133225433,8.014902958,7.709422317,-0.000489942,-0.110942204,-13.172312420,0.000296250,0.129721514,0.002407716,1.054288683,1.282503954,-0.249494817,true,OK
1785064534.546969414,0.023209460,0.076182172,8.718236933,7.621239325,-0.005249064,-0.107739196,-13.413573545,0.001097727,0.132704012,0.008113995,0.980899327,1.255497397,-0.255843511,true,OK
1785064535.547133923,0.122886135,0.033617271,8.767427622,7.713746772,-0.002440088,-0.109665405,-13.378760746,0.002648049,0.019782341,0.019623724,0.146599707,1.255018650,-0.259687202,true,OK
1785064536.547168493,0.021777483,0.111174198,8.164883647,7.634371351,-0.001344693,-0.112004318,-13.220716959,0.000834803,0.410216226,0.006220855,3.056882569,1.244548194,-0.260740179,true,OK
1785064537.547117472,0.020842154,0.068505991,8.676599938,7.724051624,0.000290701,-0.113984623,-13.489439796,0.000469161,0.167858796,0.003845423,1.375835946,1.260323962,-0.275637276,true,OK
1785064538.547087669,0.121393065,0.011086743,8.950593994,7.589265925,0.001250521,-0.116303813,-13.774927196,0.000680916,0.115349902,0.005039730,0.853750563,1.260270887,-0.280833851,true,OK
1785064539.547488451,0.019871257,0.101003105,8.408253772,7.679049819,0.002284838,-0.116221430,-13.623971296,0.000670193,0.160712550,0.005459642,1.309224645,1.253930631,-0.254289078,true,OK
1785064540.547063112,0.021332659,0.047030881,7.926595154,6.991185634,0.004277990,-0.116188222,-13.317768392,0.007956613,1.853191045,0.059100345,13.765181965,1.264516885,-0.256248285,true,OK
1785064541.547070980,0.022165944,0.001989610,7.819685957,7.586614468,0.003726251,-0.115484280,-13.685581515,0.000843851,0.170174190,0.006248622,1.260121263,1.244919785,-0.246779455,true,OK
1785064542.547327042,0.020849048,0.082103699,8.638065473,7.626420714,0.004054550,-0.116270769,-13.642358150,0.000971316,0.468554712,0.007181003,3.464054662,1.262531068,-0.248794004,true,OK
1785064543.547506094,0.123300350,0.035676571,8.759240372,7.672068928,0.002221965,-0.112600928,-13.168115317,0.001018479,0.094872788,0.007546276,0.702946332,1.268363541,-0.267796241,true,OK
1785064544.547071695,0.022074757,0.116804405,8.096245006,7.651288486,0.003573215,-0.114736255,-13.276750470,0.000211172,0.153233400,0.001565220,1.135773955,1.264934929,-0.251467899,true,OK
1785064545.547154665,0.021385775,0.060760885,8.698418586,7.581491448,0.002749776,-0.114502282,-13.498853421,0.000474324,0.106531181,0.003515677,0.789605612,1.268606672,-0.245463691,true,OK
1785064546.547389269,0.122938992,0.014787324,8.844325335,7.622167305,0.002939186,-0.114781670,-13.600002539,0.001043967,0.102792073,0.008328418,0.820040558,1.239446699,-0.240280049,true,OK
1785064547.547195435,0.022777036,0.095640934,8.431222321,7.598448257,0.000577320,-0.112379453,-13.127535990,0.000176060,0.326858356,0.001302561,2.418229609,1.254300959,-0.239068625,true,OK
1785064548.547378540,0.021865409,0.047700711,8.834753893,7.605956073,0.001468209,-0.114541447,-13.206787535,0.000486266,0.261696003,0.003540515,1.905414253,1.268854364,-0.279618250,true,OK
1785064549.547039986,0.022617363,0.007508998,8.027442930,7.713047007,0.000984227,-0.115474573,-13.520685107,0.000197077,0.000000000,0.001457762,0.000000000,1.270243803,-0.275044899,true,OK
1785064550.547105551,0.022854994,0.086416135,8.540759054,7.644456268,0.000484205,-0.114164404,-13.732082436,0.001807996,0.363694527,0.013390099,2.693537720,1.267405515,-0.254477078,true,OK
1785064551.547242403,0.120183762,0.029605587,8.694457549,7.582960055,-0.003904966,-0.109143100,-13.699061226,0.000310776,0.102792073,0.002347066,0.776313299,1.236172580,-0.218151507,true,OK
1785064552.547937632,0.023312070,0.122231233,8.190882020,7.705108861,-0.000880359,-0.112915324,-13.430396636,0.000720919,0.206533808,0.005867578,1.680984408,1.271455956,-0.232250547,true,OK
1785064553.547852516,0.022508680,0.065295133,8.712006811,7.604624696,0.001100205,-0.115632448,-13.666447227,0.001446522,0.134170395,0.010893032,1.010369903,1.302460179,-0.240713221,true,OK
1785064554.547580957,0.122425799,0.021769845,8.751734731,7.652018386,0.001632953,-0.116661041,-13.917878896,0.000108296,0.148037520,0.000881858,1.205472216,1.274742444,-0.267491500,true,OK
1785064555.547178507,0.022869091,0.100313571,8.364022878,7.601923442,0.003567488,-0.117815955,-13.483122036,0.001457523,0.207479056,0.010774691,1.533782108,1.297485967,-0.259715965,true,OK
1785064556.547254324,0.022564638,0.056323484,8.720435804,7.659854156,0.007544917,-0.123996453,-13.752676879,0.000143814,0.128204252,0.001063747,0.948285049,1.268045078,-0.249971260,true,OK
1785064557.547079325,0.022689510,0.134896414,7.953956953,7.637591261,0.005095239,-0.121408144,-14.164450341,0.001600777,0.392669016,0.011862018,2.909741328,1.244248809,-0.264691056,true,OK
1785064558.547390699,0.022542647,0.090866372,8.434180682,7.714315023,0.006148437,-0.121696057,-13.562095438,0.001411780,0.164324520,0.011543374,1.343594418,1.286057207,-0.259357299,true,OK
1785064559.547220469,0.122523584,0.034693592,8.739139138,7.601802051,0.006756789,-0.122832736,-13.477838251,0.000049216,0.125114538,0.000362749,0.922169887,1.293060721,-0.255631287,true,OK
1785064560.547098398,0.022189902,0.124035845,8.059074155,7.692014357,0.004245293,-0.122106342,-13.750095995,0.001261223,0.092787413,0.010307638,0.758326391,1.279714326,-0.237337476,true,OK
1785064561.547168732,0.021318308,0.069408748,8.676410935,7.601439506,0.005358075,-0.123028425,-13.946069817,0.000228482,0.111905833,0.001692102,0.828757147,1.265932056,-0.235919160,true,OK
1785064562.546969414,0.122277899,0.024738094,8.870484071,7.694129331,0.007734174,-0.124382198,-13.634400774,0.001188700,0.118694067,0.008732244,0.871931818,1.273649815,-0.259504723,true,OK
1785064563.547291040,0.020841637,0.103434867,8.391172987,7.632324328,0.006850003,-0.124045123,-13.545646775,0.000672210,0.110143430,0.004977232,0.815533524,1.275913628,-0.264130188,true,OK
1785064564.547360659,0.021935459,0.060461584,8.766740126,7.706038340,0.006743567,-0.124369636,-13.743893856,0.001243044,0.325658857,0.010125941,2.652844164,1.306351984,-0.265500186,true,OK
1785064565.547036171,0.022666156,0.004082312,8.040831788,7.597813489,0.006366446,-0.123940756,-13.645768237,0.000224264,0.100870555,0.001653321,0.743639420,1.285987123,-0.258166728,true,OK
1785064566.547055960,0.021429733,0.095368002,8.457685873,7.713037291,0.006156287,-0.123461835,-13.393491635,0.000151237,0.088469326,0.001232398,0.720917253,1.259232171,-0.255212434,true,OK
1785064567.547061920,0.122414844,0.039048676,8.710608235,7.602195129,0.004617004,-0.121139821,-13.669169802,0.000907886,0.390670679,0.006716857,2.890316735,1.186664145,-0.288527735,true,OK
1785064568.547363997,0.022775000,0.115793996,8.079081615,7.567547269,0.003206536,-0.125746889,-13.683860799,0.001601309,0.209356731,0.011851847,1.549521998,1.213018341,-0.215350972,true,OK
1785064569.547319412,0.022159809,0.074217675,8.698325240,7.651665698,0.005093680,-0.133983826,-13.874290915,0.000646047,0.115349902,0.004777522,0.853013652,1.259797867,-0.208680610,true,OK
1785064570.547120571,0.121323814,0.030181761,8.817528855,7.711288628,0.002140452,-0.125984304,-13.697036334,0.000818943,0.129721514,0.006061715,0.960182670,1.239911680,-0.223083568,true,OK
1785064571.547039986,0.022745217,0.108914500,8.197339150,7.654621689,0.005131435,-0.134514456,-13.619966100,0.000386754,0.111905833,0.002861080,0.827842022,1.213994165,-0.209149411,true,OK
1785064572.547243118,0.021307276,0.050811021,8.769046852,7.565088438,0.004843773,-0.132116143,-13.698522253,0.000669970,0.373776980,0.004963571,2.769182709,1.207055217,-0.229499401,true,OK
1785064573.547487736,0.120986216,0.009167659,8.974868838,7.648087672,0.003770164,-0.127866900,-13.558627239,0.000926648,0.108352360,0.007542544,0.881944648,1.217772872,-0.253436911,true,OK
1785064574.548378229,0.022068367,0.089100328,8.411475023,7.603358121,0.004554952,-0.130353375,-13.557159422,0.001011155,0.092787413,0.007489371,0.687252882,1.488937091,-0.312802189,true,OK
1785064575.547521830,0.021225919,0.043822542,8.952310532,7.656353190,0.007019239,-0.133730161,-13.805955640,0.001043759,0.128204252,0.007733474,0.949898083,1.475269844,-0.297195218,true,OK
1785064576.547920465,0.022297501,0.123260379,7.998428247,7.642072587,0.007312206,-0.134576071,-12.238730341,0.000250691,0.108352360,0.001854988,0.801754152,1.454832204,-0.281471093,true,OK
1785064577.547025204,0.020553916,0.076997595,8.645702999,7.708109950,0.008702709,-0.134229693,-12.443526874,0.000264288,0.108352360,0.002153449,0.882867980,1.378776824,-0.136480727,true,OK
1785064578.547120810,0.123020202,0.021090005,8.777979543,7.594034738,0.000660974,-0.134490824,-14.859713950,0.001571891,0.848114354,0.011634155,6.277212901,1.251899311,-0.555545643,true,OK
1785064579.547182083,0.021958091,0.113498150,8.382186265,7.717586624,-0.003233592,-0.136896147,-20.342952436,0.000604532,0.374300129,0.004921282,3.047045797,1.146107334,-0.183551843,true,OK
1785064580.547123909,0.022683827,0.057183700,8.855903809,7.648138127,-0.011343037,-0.139167556,-26.486948252,0.003076918,0.549296139,0.022762169,4.063537329,1.210518809,-0.009968659,true,OK
1785064581.547253609,0.020819963,0.013271680,7.998268230,7.708672303,-0.020025891,-0.139850431,-29.791541742,0.002140678,0.321425421,0.015805546,2.373221960,1.505311141,-0.121976702,true,OK
1785064582.546971560,0.020336194,0.087611502,8.438118364,7.626061117,-0.020713145,-0.142810794,-33.014645419,0.003100023,0.027976455,0.025250786,0.227878154,1.272139753,0.345468211,true,OK
1785064583.547045946,0.122315385,0.034833219,8.744236957,7.587090514,-0.033405736,-0.139926556,-35.522345197,0.002689006,0.860710450,0.019878702,6.362875024,1.250341023,0.417756907,true,OK
1785064584.547376871,0.020532458,0.127050333,8.056388475,7.707234861,-0.037665898,-0.141900220,-39.591675995,0.000692435,0.773796400,0.005640016,6.302722574,1.225233116,0.719386768,true,OK
1785064585.547367573,0.021533654,0.070405620,8.701182777,7.636344724,-0.041631825,-0.142655001,-43.242158723,0.001033237,0.680987950,0.007640195,5.035515577,1.169447564,0.901017325,true,OK
1785064586.547797203,0.219728524,0.093506956,8.581013479,7.164249961,-0.043951418,-0.142703248,-44.388465636,0.000659959,0.120331298,0.004878749,0.889549037,1.121221185,0.949520590,true,OK
1785064587.547107697,0.021855842,0.093205863,8.567642549,7.720350770,-0.047952115,-0.141011862,-46.948222288,0.001104620,0.305187446,0.008174862,2.258573326,1.299295692,0.721524667,true,OK
1785064588.546988964,0.021437350,0.047276117,8.864118991,7.682737015,-0.051099544,-0.143996962,-48.129835683,0.000655285,0.296735434,0.005263363,2.383431767,1.286897978,0.577889365,true,OK
1785064589.547353029,0.022340825,0.128470103,8.018640979,7.648103874,-0.059386919,-0.143500409,-50.878424734,0.000872134,0.530817810,0.006456009,3.929401954,1.034127928,0.801286253,true,OK
1785064590.547497511,0.024466529,0.072071399,8.588910016,7.561405274,-0.065348775,-0.141304616,-56.962005019,0.001108238,1.085524313,0.008209114,8.040862345,1.139981607,1.648701464,true,OK
1785064591.547395229,0.123047289,0.028394624,8.743756749,7.651193953,-0.069111826,-0.145772410,-60.289169869,0.001313961,0.482949923,0.010692019,3.929881232,1.039254418,1.356247047,true,OK
1785064592.547119141,0.020983275,0.106984651,8.185957430,7.627987629,-0.081251425,-0.145880598,-66.461429955,0.001165677,0.102792073,0.008629478,0.760966889,1.227793252,2.446402659,true,OK
1785064593.547251940,0.022475690,0.062955020,8.782053962,7.704878805,-0.089201252,-0.148661551,-70.878118888,0.002749778,0.313411608,0.022400704,2.553166357,1.789701088,2.225577034,true,OK
1785064594.547061443,0.120725440,0.006615844,8.931974321,7.637007485,-0.083689089,-0.148021921,-72.901174630,0.002417445,0.781095418,0.019706677,6.367381754,1.311642201,2.678215120,true,OK
1785064595.547264814,0.022052107,0.083953359,8.415691965,7.576997081,-0.087281553,-0.146943082,-76.483215380,0.000386901,0.393664383,0.002862037,2.912065283,1.355079470,2.370956581,true,OK
1785064596.547358990,0.120231073,0.028531866,8.936128144,7.601371097,-0.085155987,-0.143778299,-77.191972417,0.000233940,0.115349902,0.001731557,0.853787802,0.890440631,2.342982798,true,OK
1785064597.549905062,0.221082153,0.080060900,9.275274730,7.405725239,-0.084177804,-0.143404322,-78.930314238,0.000144238,0.098911718,0.001176232,0.806607859,0.727377511,2.741146590,true,OK
1785064598.547152281,0.022159505,0.046690840,11.796704205,7.700391772,-0.089455989,-0.135213973,-81.661790468,0.002703290,0.019782341,0.021994047,0.160949695,1.212230100,2.452993465,true,OK
1785064599.547523260,0.019020221,0.118970895,9.003043558,7.593128300,-0.091912956,-0.138636246,-80.223780196,0.000470518,0.425206276,0.003485090,3.149471476,1.504684665,2.804354278,true,OK
1785064600.547118425,0.023098670,0.062094721,9.264632134,7.833164866,-0.093221342,-0.136779445,-79.359019017,0.000805408,0.458422554,0.005965900,3.395675708,1.510782757,2.734518597,true,OK
1785064601.547171116,0.022920434,0.005750321,8.615097896,7.694251993,-0.095161702,-0.136271892,-79.240916408,0.000140515,0.108352360,0.001040933,0.802672427,1.342618506,2.605990585,true,OK
1785064602.547104359,0.021802372,0.082036830,10.305348565,7.709780020,-0.092527472,-0.137577022,-78.967865889,0.000193928,0.096913294,0.001425032,0.712144972,1.548291799,2.855232410,true,OK
1785064603.547011852,0.122200064,0.028569024,9.113760280,7.608565742,-0.092001171,-0.139884746,-79.742004059,0.000254299,0.126668806,0.001884078,0.938477493,1.455168266,2.614163605,true,OK
1785064604.547044277,0.021730786,0.107344757,8.238705521,7.580290682,-0.091264593,-0.139452187,-80.127236160,0.001464923,0.434762725,0.010841126,3.217451236,1.382383941,2.667689317,true,OK
1785064605.547168255,0.021409533,0.063269531,8.726708628,7.646818890,-0.092431279,-0.141270750,-82.384844940,0.000712980,0.083929371,0.005277625,0.621262653,1.666219408,2.513313926,true,OK
1785064606.547216892,0.123681509,0.007257999,8.990353798,7.598540132,-0.090472876,-0.141046743,-86.884752457,0.001457504,0.397128516,0.010790724,2.940167091,0.652988796,2.912417939,true,OK
1785064607.547335148,0.019847402,0.086354685,8.404205810,7.562972423,-0.088775326,-0.141208864,-90.801258379,0.000439822,0.237388267,0.003254947,1.756815144,0.790508658,3.191478683,true,OK
1785064608.547431469,0.020703454,0.042130384,8.914144191,7.654049097,-0.085535174,-0.149663381,-95.880983110,0.002656952,0.390670679,0.019672090,2.892528610,0.183158251,2.601150489,true,OK
1785064609.547175407,0.022037169,0.120786766,8.000813114,7.637055533,-0.084421150,-0.150452268,-99.354105595,0.000381661,0.135620930,0.002823387,1.003272990,0.347769819,2.588445730,true,OK
1785064610.547666788,0.021629527,0.065093912,8.672594290,7.583323014,-0.087723150,-0.146521369,-101.402565145,0.001576393,0.333378412,0.011693806,2.473026387,0.483923628,2.825688700,true,OK
1785064611.547437429,0.122239805,0.020807276,8.858454916,7.646054869,-0.092698321,-0.141897301,-102.946623688,0.000956091,0.494164240,0.007792403,4.027575089,0.758229555,2.515939242,true,OK
1785064612.547312498,0.022792653,0.097796308,8.385496071,7.615465893,-0.088704726,-0.140097153,-105.567034688,0.001976852,0.669395678,0.014605851,4.945788721,0.425171908,2.843146685,true,OK
1785064613.547554970,0.023995037,0.044166731,8.900775272,7.576665026,-0.086618213,-0.137334756,-108.300678545,0.000844159,0.081564685,0.006247048,0.603604974,0.328596830,2.908628856,true,OK
1785064614.547096252,0.023078416,0.121489486,8.015369537,7.551557217,-0.086953951,-0.135508605,-109.914551887,0.000496093,0.151951085,0.003671124,1.124448207,0.381215610,2.831319369,true,OK
1785064615.547208548,0.021861853,0.078106755,8.666696306,7.638552476,-0.087700305,-0.132513075,-111.161253070,0.000270999,0.294085961,0.002004434,2.175198229,0.271792495,2.890624583,true,OK
1785064616.547020435,0.120957688,0.021603414,8.739116847,7.581284971,-0.086944068,-0.129562009,-113.200087355,0.000973072,0.245492580,0.007203647,1.817379833,-0.006294559,2.925966526,true,OK
1785064617.547105312,0.022033673,0.113049549,8.399193997,7.705617044,-0.083970639,-0.128528362,-113.311470492,0.000299173,0.402025495,0.002439069,3.277591384,-0.120734785,2.310361317,true,OK
1785064618.547217131,0.020588388,0.056719160,8.737593939,7.634844790,-0.085193658,-0.125816285,-114.628673914,0.000849345,0.396141847,0.006288791,2.933146852,0.229124433,2.494787220,true,OK
1785064619.548196077,0.020805630,0.136505580,7.932651712,7.595843655,-0.087349584,-0.128402376,-117.199302800,0.001406030,0.258687892,0.010413731,1.915966175,-0.034919039,3.017864870,true,OK
1785064620.547062635,0.021380407,0.090932299,8.458284602,7.700381536,-0.088905542,-0.126483973,-120.644911815,0.000239469,0.484163882,0.001951541,3.945673126,-0.006710363,2.713429268,true,OK
1785064621.547036171,0.119290345,0.034935329,8.686588937,7.630227912,-0.094756586,-0.127213458,-122.999672332,0.001796757,0.335134597,0.014593948,2.722090673,-0.074475031,2.668006975,true,OK
1785064622.547183275,0.023430530,0.113859743,8.205226903,7.597619188,-0.097392036,-0.124444072,-123.781650005,0.001110987,0.096913294,0.008242985,0.719049373,-0.155169512,2.629396728,true,OK
1785064623.547400713,0.020567697,0.070263932,8.692238884,7.697093139,-0.097644971,-0.125259779,-123.339882494,0.000572721,0.142652530,0.004664852,1.161913999,-0.169023563,2.756143029,true,OK
1785064624.547162056,0.123960454,0.013086001,8.856917502,7.619830859,-0.097637888,-0.122503306,-124.506163595,0.000778188,0.120331298,0.006268764,0.969339485,-0.166742470,2.429071237,true,OK
1785064625.547175407,0.021748436,0.092376530,8.418891261,7.589593675,-0.100958921,-0.120641719,-128.265771748,0.000867439,0.228997300,0.006422802,1.695571326,-0.171350407,2.636216126,true,OK
1785064626.547006130,0.023629021,0.046054567,8.897351600,7.648633496,-0.102160589,-0.118852808,-129.623542892,0.000316375,0.141274205,0.002552104,1.139616154,-0.136488423,2.497033698,true,OK
1785064627.547065973,0.021474424,0.127576699,7.991092265,7.641004093,-0.105827104,-0.120065006,-131.821602781,0.001075643,0.349985883,0.007959449,2.589795002,-0.460579272,2.431224611,true,OK
1785064628.547045469,0.023252325,0.070713895,8.520088164,7.551434759,-0.108808373,-0.117978136,-133.711448676,0.000659700,0.359364667,0.004880747,2.658737023,-0.530314272,2.564487963,true,OK
1785064629.546967030,0.121361593,0.026358756,8.693962374,7.630187017,-0.111490188,-0.114658891,-134.656830433,0.000691231,0.453703053,0.005548739,3.642022889,-0.556556917,2.582051843,true,OK
1785064630.546996832,0.021166247,0.105954237,8.159202565,7.595444685,-0.114246659,-0.115719219,-135.692980516,0.000284299,0.129721514,0.002103953,0.960003162,-0.645068257,2.898167671,true,OK
1785064631.547068834,0.023085352,0.060483709,8.692304738,7.654693817,-0.114495484,-0.116311493,-136.287678257,0.000268920,0.308376558,0.002188891,2.510045770,-0.810353486,3.030751740,true,OK
1785064632.547487020,0.022737856,0.006027805,7.979383489,7.592880574,-0.114038825,-0.114782454,-137.654939969,0.000087497,0.121946558,0.000647179,0.901984836,-0.891761678,2.833991583,true,OK
1785064633.547048807,0.021732030,0.084775277,8.450384590,7.559822111,-0.118537513,-0.111840347,-140.883708607,0.005062344,1.752788224,0.037477510,12.976230407,0.044087742,1.050716134,true,OK
1785064634.547028542,0.121825435,0.040455152,8.683155169,7.636819012,-0.112667796,-0.106253125,-142.672846305,0.001464165,0.359908734,0.011931231,2.932834625,-0.134871266,0.427443572,true,OK
1785064635.547059298,0.022719956,0.119600458,8.066419752,7.600716544,-0.108164699,-0.112906512,-145.140180665,0.002243348,0.204630240,0.016587548,1.513057496,-1.181789765,1.954074954,true,OK
1785064636.546974182,0.023163772,0.074845681,8.694790136,7.637309989,-0.115008403,-0.108368637,-147.408931158,0.001179289,0.142652530,0.008725446,1.055472721,-1.532153397,2.039238583,true,OK
1785064637.547214746,0.121962492,0.030392225,8.874998759,7.689736183,-0.109140454,-0.108572421,-151.018166507,0.000366678,0.321425421,0.002714040,2.379096714,-1.527819355,2.345414499,true,OK
1785064638.547127485,0.019147996,0.110788551,8.393728915,7.679856277,-0.111126394,-0.112121448,-149.964625602,0.000334557,0.123540700,0.002727494,1.007173611,-1.395954749,2.514750241,true,OK
1785064639.547179222,0.021116953,0.054468803,8.867822334,7.595703851,-0.109594472,-0.111955602,-149.916752888,0.000805450,0.059347027,0.005978430,0.440501406,-1.444306456,2.587888235,true,OK
1785064640.547490597,0.121790567,0.009749500,9.020296708,7.643900466,-0.108920030,-0.110403785,-150.365583328,0.001117864,0.117033931,0.009106638,0.953412180,-1.565073927,2.183168248,true,OK
1785064641.547291279,0.022093232,0.089463980,8.495762354,7.637810430,-0.109221674,-0.111124637,-150.180853191,0.000174934,0.055952910,0.001294533,0.414057415,-1.360475345,2.445171938,true,OK
1785064642.547058582,0.020403019,0.045268353,8.975785300,7.714253457,-0.107072793,-0.109347941,-150.267392608,0.011617511,0.044234660,0.094736474,0.360717179,-1.444558329,2.439046420,true,OK
1785064643.547106504,0.021673312,0.123965079,8.066841361,7.649100315,-0.102756934,-0.112952619,-151.175269657,0.002431849,0.556023235,0.017980005,4.110987404,-1.594767549,2.469673667,true,OK
1785064644.547374249,0.019624024,0.067841877,8.649502561,7.596366085,-0.102968600,-0.114312705,-154.776196797,0.000651273,0.034264021,0.004824885,0.253841238,-1.950368293,2.302128121,true,OK
1785064645.547192574,0.121735036,0.023896401,8.752298785,7.649036610,-0.097714177,-0.106059667,-159.172001986,0.001481138,0.855922915,0.012054960,6.966346048,-1.858767619,1.871184075,true,OK
1785064646.547398567,0.021680893,0.103083332,8.380476883,7.599204603,-0.101082440,-0.100232078,-162.070179571,0.000430393,0.281855253,0.003185387,2.086041038,-1.904212615,1.701769992,true,OK
1785064647.547164917,0.021811672,0.058758371,8.771962020,7.693403838,-0.102792469,-0.097015787,-165.075367623,0.000897416,0.381548668,0.007349222,3.124620750,-2.059109100,1.637667696,true,OK
1785064648.547455072,0.019614533,0.138052411,7.967775393,7.643666766,-0.101451040,-0.092570825,-169.786051163,0.001016993,0.361536080,0.007531124,2.677276857,-2.433907653,1.304093437,true,OK
1785064649.547257662,0.022942117,0.093381131,8.535874611,7.715143975,-0.100973145,-0.091000761,-171.821855400,0.000698966,0.180225774,0.005683182,1.465387558,-2.508426808,1.286331527,true,OK
1785064650.546964169,0.121682818,0.037450097,8.705768820,7.639521334,-0.100103129,-0.093782968,-175.909971906,0.001653642,0.338041270,0.013460458,2.751617207,-2.438807825,1.087603185,true,OK
1785064651.547200918,0.018691837,0.116265604,8.045211042,7.599483954,-0.097183785,-0.089044110,-178.272787330,0.000760791,0.257170656,0.005635778,1.905064304,-2.403515020,0.664371385,true,OK
1785064652.547589302,0.018871635,0.071951492,8.692617283,7.648344694,-0.106674092,-0.086798444,175.934015530,0.001772762,0.793029039,0.013121852,5.869942288,-2.939531180,0.992525974,true,OK
1785064653.547242641,0.120604966,0.027819780,8.836814826,7.701345842,-0.155543597,-0.087655176,175.470706701,0.007701764,0.471053708,0.056987517,3.485458864,-3.199353460,1.150713637,true,OK
1785064654.547028780,0.020734893,0.107259899,8.342375196,7.692615192,-0.147834524,-0.132865514,171.905695707,0.015341141,0.288714071,0.125056992,2.353522060,-1.315414435,1.533422250,true,OK
1785064655.547230244,0.020022841,0.050807138,8.795807780,7.597975623,-0.109208195,-0.216739047,168.344552806,0.008767023,0.294750570,0.064825170,2.179446391,-1.334215313,1.090439881,true,OK
1785064656.547040939,0.123130253,0.006851984,9.032286671,7.646480873,-0.119351840,-0.225314294,168.755349671,0.002208801,0.134170395,0.018010237,1.094005718,-1.521841217,1.373737268,true,OK
1785064657.547140121,0.022975801,0.085873069,8.414230294,7.601739038,-0.122543764,-0.227915902,168.872335601,0.000599494,0.115349902,0.004438163,0.853956200,-1.422267976,1.398343350,true,OK
1785064658.547245741,0.023240339,0.041627208,8.974167617,7.680783419,-0.122049325,-0.228166008,168.528336148,0.000825974,0.039564681,0.006727935,0.322272284,-1.292457258,1.348014723,true,OK
1785064659.547019243,0.023443489,0.120323514,8.020356521,7.643252186,-0.122441410,-0.227162597,168.582923360,0.000942240,0.144017660,0.006965654,1.064672500,-1.277076575,1.377308982,true,OK
1785064660.547362566,0.023068343,0.064494430,8.682949015,7.561156564,-0.123392952,-0.226753127,168.869535101,0.000107532,0.311533012,0.000797440,2.310277924,-1.267915864,1.392338262,true,OK
1785064661.547067881,0.121748310,0.020181222,8.743036062,7.640133846,-0.122298628,-0.225975089,168.952662726,0.000176155,0.203671772,0.001435342,1.659552055,-1.262351560,1.402670776,true,OK
1785064662.547189236,0.021169018,0.097906234,8.336836869,7.586065072,-0.121084936,-0.228579743,169.005329304,0.000386710,0.059347027,0.002854399,0.438054825,-1.237177052,1.405073159,true,OK
1785064663.547296286,0.022941980,0.055278962,8.831284640,7.647222032,-0.122076806,-0.224856131,168.645963770,0.000903924,0.098911718,0.006701281,0.733286070,-1.220148172,1.424319931,true,OK
1785064664.547136784,0.020952948,0.132989342,8.021110208,7.622209840,-0.123000398,-0.222495651,169.096773864,0.000217235,0.102792073,0.001603269,0.758641568,-1.272175214,1.468200789,true,OK
1785064665.547342539,0.018984212,0.090241659,8.463710426,7.709171598,-0.121323617,-0.225982008,169.213487523,0.000432142,0.123540700,0.003514299,1.004667152,-1.241618514,1.441564917,true,OK
1785064666.547101259,0.120894808,0.033803304,8.729424746,7.599671011,-0.122490703,-0.222641036,169.132374124,0.000713585,0.271962471,0.005282984,2.013456762,-1.258765519,1.426633950,true,OK
1785064667.547101974,0.022541655,0.124768832,8.188112853,7.705908425,-0.123199481,-0.220690124,168.953474268,0.001289222,0.346615132,0.010498086,2.822474056,-1.225278027,1.408237741,true,OK
1785064668.547143936,0.022290935,0.067395452,8.719139427,7.584411972,-0.123297336,-0.218160114,169.104776285,0.001535238,0.271242046,0.011370768,2.008959016,-1.201682054,1.412385180,true,OK
1785064669.547292471,0.123515094,0.024760971,8.998294611,7.697778475,-0.121821915,-0.222196965,169.195392171,0.000761329,0.068528042,0.005625969,0.506399813,-1.219269018,1.421969399,true,OK
1785064670.547337294,0.023136067,0.103570478,8.449067973,7.642436076,-0.121508370,-0.223608373,169.374440150,0.000946279,0.402997756,0.007003531,2.982636020,-1.226419756,1.414773400,true,OK
1785064671.547168732,0.023370457,0.059383698,8.780547458,7.705135030,-0.122995954,-0.220421155,169.206138460,0.000684998,0.166689032,0.005563568,1.353852298,-1.223051206,1.419184905,true,OK
1785064672.547383547,0.022102479,0.138820888,7.982454701,7.682858900,-0.122625609,-0.220747035,169.309026442,0.000265331,0.115349902,0.002161607,0.939735231,-1.231269187,1.419620657,true,OK
1785064673.547183514,0.023135758,0.082311022,8.508324956,7.595928630,-0.121358472,-0.223498205,169.551858380,0.000666273,0.263929582,0.004933478,1.954290383,-1.195831422,1.432289432,true,OK
1785064674.547538996,0.121118498,0.038896099,8.688393031,7.648460781,-0.122275919,-0.220503190,169.336047040,0.000750255,0.145369958,0.006106948,1.183286989,-1.200538507,1.432595468,true,OK
1785064675.547435045,0.022621280,0.117183510,8.075121616,7.625478667,-0.123203565,-0.219263988,169.637479643,0.000693832,0.123540700,0.005131272,0.913651839,-1.220289792,1.446776564,true,OK
1785064676.547450542,0.021280450,0.073524602,8.680238082,7.710630005,-0.122753772,-0.219991493,169.656145770,0.000125949,0.081564685,0.001025688,0.664237899,-1.213562390,1.428188770,true,OK
1785064677.547767401,0.121452247,0.017083417,8.849411407,7.606087100,-0.121595327,-0.219657360,169.537814423,0.000189992,0.186626315,0.001403947,1.379075788,-1.214084249,1.423381534,true,OK
1785064678.547189951,0.021815545,0.106599838,8.392447967,7.694162094,-0.121779556,-0.219775709,169.767757051,0.000618815,0.074018747,0.005047315,0.603728422,-1.193973377,1.426299559,true,OK
1785064679.547143221,0.023058565,0.047082351,8.853109033,7.589838049,-0.122101258,-0.219850836,169.790903335,0.000160967,0.135620930,0.001163144,0.979994228,-1.183598313,1.427388705,true,OK
1785064680.547101021,0.022738233,0.007494905,7.994459291,7.712290722,-0.121908292,-0.220240326,170.029143735,0.000627719,0.416371027,0.004630352,3.071349270,-1.217904238,1.426012064,true,OK
1785064681.547098160,0.022520179,0.086099571,8.524888866,7.643501291,-0.120620119,-0.220147944,169.973222875,0.000456421,0.350544518,0.003376408,2.593178746,-1.218924669,1.427434390,true,OK
1785064682.547012329,0.022763885,0.042239141,8.986259019,7.715976281,-0.120756055,-0.220278067,170.080822800,0.000049639,0.250229210,0.000404219,2.037650171,-1.223962355,1.424184715,true,OK
1785064683.547709942,0.021989350,0.121222618,8.143294389,7.684476469,-0.121044217,-0.220139867,170.293565073,0.000213325,0.096913294,0.001734237,0.787860608,-1.204009807,1.418726494,true,OK
1785064684.547203302,0.022679999,0.064939073,8.741864309,7.603169221,-0.120688134,-0.219358081,170.098447686,0.000503774,0.310904261,0.003767929,2.325379805,-1.192020688,1.417608845,true,OK
1785064685.547220469,0.122498320,0.021311112,8.796944581,7.648621976,-0.120179054,-0.218845127,169.741068513,0.000515289,0.000000000,0.004196210,0.000000000,-1.199784739,1.415349138,true,OK
1785064686.547200680,0.019932891,0.099800845,8.342708993,7.594769874,-0.120718213,-0.219198128,169.996621595,0.000632693,0.088469326,0.004680532,0.654477805,-1.211359287,1.430962645,true,OK
1785064687.547138929,0.020180892,0.055737288,8.734080064,7.701740561,-0.120810421,-0.219742185,170.029630446,0.000542166,0.100870555,0.004414574,0.821335343,-1.197167672,1.428477507,true,OK
1785064688.547642708,0.023088580,0.134740757,8.021903085,7.638745099,-0.119896022,-0.220700163,169.983818179,0.000110899,0.287355397,0.000822666,2.131655140,-1.202394986,1.416138991,true,OK
1785064689.547267914,0.020403840,0.090532844,8.449599401,7.710976050,-0.119199539,-0.222656396,170.306678820,0.000588130,0.123540700,0.004778716,1.003801209,-1.209316598,1.429104448,true,OK
1785064690.547164440,0.122956364,0.034664310,8.755193299,7.635428514,-0.120070543,-0.221704784,170.390848362,0.000485212,0.106531181,0.003943908,0.865908263,-1.212505475,1.431322724,true,OK
1785064691.547261715,0.022968530,0.113032349,8.085486551,7.594767304,-0.120281424,-0.220132788,170.231180390,0.000337568,0.223811772,0.002523247,1.672944804,-1.210898916,1.422286367,true,OK
1785064692.547543049,0.023043105,0.069860093,8.703164967,7.647255428,-0.119327271,-0.220329131,170.027722688,0.000281963,0.292083088,0.002088353,2.163308722,-1.220594667,1.405937464,true,OK
1785064693.547242165,0.122914759,0.025471571,8.959467165,7.722086042,-0.119675530,-0.220230056,169.794854215,0.000763996,0.323246547,0.005551961,2.349033705,-1.218214100,1.412996332,true,OK
1785064694.547202587,0.021691145,0.103820292,8.378267625,7.644591274,-0.120426973,-0.220616460,170.461366700,0.000234244,0.106531181,0.001733697,0.788461738,-1.212371692,1.421260386,true,OK
1785064695.547901869,0.022477517,0.048403091,8.954087331,7.582569207,-0.120505230,-0.221033966,170.132781345,0.000106592,0.399584503,0.000784860,2.942237663,-1.223324568,1.414542771,true,OK
1785064696.547194481,0.022167629,0.000919630,8.024991442,7.614930040,-0.119945982,-0.220687933,170.124905129,0.000533072,0.201741190,0.004341368,1.642990417,-1.241538834,1.408092593,true,OK
1785064697.547142029,0.021656445,0.083073998,8.504446515,7.600734264,-0.120723205,-0.220651596,169.937863988,0.000765672,0.349426341,0.005667553,2.586477251,-1.245895926,1.405858321,true,OK
1785064698.547506571,0.123426190,0.039296648,8.751924153,7.682564069,-0.121287571,-0.221393414,170.291360481,0.000200282,0.062557256,0.001481206,0.462647994,-1.228437761,1.402563420,true,OK
1785064699.548306227,0.022269633,0.119111379,8.110148339,7.645753846,-0.121477517,-0.220978906,169.974239701,0.000318602,0.204630240,0.002357979,1.514472351,-1.209272909,1.416715827,true,OK
1785064700.547194719,0.022458394,0.072298558,8.722753424,7.689189658,-0.120968343,-0.220658198,169.895438898,0.000621253,0.207479056,0.005066264,1.691973402,-1.206893185,1.426153341,true,OK
1785064701.547190428,0.121327656,0.017402872,8.833419149,7.604793172,-0.122087174,-0.220955512,170.108209537,0.000510679,0.260947217,0.003778396,1.930686907,-1.240602259,1.415894822,true,OK
1785064702.547470808,0.023042583,0.108809352,8.380738868,7.713996892,-0.121758852,-0.221236327,170.189624934,0.000070080,0.019782341,0.000577372,0.162980976,-1.224742909,1.405455075,true,OK
1785064703.547056198,0.022647084,0.048840672,8.836475490,7.573044470,-0.121799699,-0.221267264,169.804392966,0.000364041,0.158258778,0.002685617,1.167511948,-1.215523240,1.409186538,true,OK
1785064704.547325850,0.122451624,0.008813641,8.996197720,7.659742430,-0.121189165,-0.218293058,169.574384985,0.000880206,0.290066368,0.007175004,2.364477038,-1.207437842,1.416522290,true,OK
1785064705.547283411,0.022076715,0.087257361,8.396767587,7.605498067,-0.122244427,-0.220554799,169.770371651,0.000023513,0.361536080,0.000174119,2.677223864,-1.214098405,1.431793126,true,OK
1785064706.547244310,0.021516124,0.043593063,8.943192263,7.710197459,-0.122777503,-0.219146654,170.181849747,0.000490716,0.321425421,0.003998905,2.619336233,-1.239805040,1.436520902,true,OK
1785064707.547336102,0.020122882,0.122100554,8.006980887,7.651226481,-0.122339233,-0.218797681,169.845896341,0.000550844,0.123540700,0.004073609,0.913610279,-1.249058645,1.422345288,true,OK
1785064708.547455311,0.021384737,0.078477678,8.686119204,7.715460516,-0.121214651,-0.218587694,169.829933235,0.001040095,0.157017511,0.008480142,1.280200976,-1.245695706,1.425028704,true,OK
1785064709.547200918,0.122796477,0.021959425,8.802447459,7.603674554,-0.122756818,-0.218914971,170.067916442,0.000150028,0.111905833,0.001111467,0.829043788,-1.237853144,1.425408021,true,OK
1785064710.547627449,0.021773907,0.096850107,8.402522812,7.535678897,-0.122817286,-0.218856678,170.135895267,0.000205043,0.094872788,0.001479964,0.684774776,-1.225181770,1.432842562,true,OK
1785064711.547323942,0.020967666,0.056839358,8.768135649,7.647445279,-0.122406890,-0.218394750,170.052131453,0.000423612,0.068528042,0.003134485,0.507068151,-1.240126059,1.436148601,true,OK
1785064712.547152996,0.020527981,0.012714189,8.032284948,7.713415309,-0.122447089,-0.217619254,169.989983228,0.000670139,0.153233400,0.004962920,1.134817646,-1.262908930,1.426378105,true,OK
1785064713.547146320,0.021785652,0.090871817,8.452205546,7.651306591,-0.124056643,-0.215506790,169.654593770,0.000891397,0.150657858,0.006613003,1.117684347,-1.338991467,1.472518908,true,OK
1785064714.547266483,0.022137616,0.045953736,8.972357014,7.686440654,-0.123038905,-0.217526153,169.830765352,0.000672411,0.310274283,0.005435871,2.508301854,-1.326049968,1.452990640,true,OK
1785064715.547308207,0.023190342,0.126532749,8.023713532,7.650009964,-0.120006144,-0.221446930,170.198526450,0.000323442,0.096913294,0.002393444,0.717150209,-1.305778563,1.439585124,true,OK
1785064716.547481537,0.022851047,0.070660606,8.720347724,7.562098044,-0.119650679,-0.223490172,170.011886900,0.001019684,0.120331298,0.007545315,0.890410912,-1.295467023,1.438415166,true,OK
1785064717.547063351,0.121839995,0.026079277,8.782160877,7.641050841,-0.121469513,-0.220946481,170.115460115,0.000355858,0.371677097,0.002892791,3.021385695,-1.317499961,1.434835305,true,OK
1785064718.547932148,0.022614586,0.105927598,8.420937306,7.599622721,-0.122597509,-0.220646466,170.536463964,0.001107742,0.102792073,0.008197499,0.760680487,-1.308851957,1.436740051,true,OK
1785064719.547695637,0.020524564,0.059852817,8.735201502,7.634228551,-0.120613412,-0.223033564,170.145612806,0.000716914,0.120331298,0.005321423,0.893181134,-1.305307518,1.430245638,true,OK
1785064720.548699141,0.022458662,0.018983876,7.973260151,7.716150489,-0.119687620,-0.224998015,170.174565951,0.000363655,0.108352360,0.002692599,0.802270191,-1.304748699,1.431346529,true,OK
1785064721.547301769,0.022129754,0.095359517,8.467463970,7.637783692,-0.120113594,-0.223708773,170.032857572,0.000600878,0.300014405,0.004463442,2.228567148,-1.303278280,1.445468729,true,OK
1785064722.547065020,0.021710384,0.048425651,8.876853359,7.667664601,-0.120610888,-0.223226866,170.137149798,0.000515120,0.270519701,0.004192676,2.201819928,-1.326160030,1.446072980,true,OK
1785064723.547047138,0.023222797,0.129537146,8.021706764,7.634256756,-0.120605523,-0.223197924,169.975714588,0.000699470,0.314035316,0.005171266,2.321700934,-1.349938533,1.440998058,true,OK
1785064724.547727108,0.021913794,0.074362757,8.489056869,7.590371568,-0.121382265,-0.223110610,169.780321572,0.000536097,0.301315983,0.003991379,2.243374865,-1.321621668,1.443644850,true,OK
1785064725.547040701,0.123137922,0.030531503,8.745434587,7.646837267,-0.121760682,-0.223886726,170.240676581,0.000236484,0.019782341,0.001926047,0.161117408,-1.314468951,1.432418024,true,OK
1785064726.547268391,0.023869302,0.107979463,8.159911949,7.591818548,-0.121909847,-0.223426348,169.690485513,0.000472115,0.090654086,0.003485145,0.669206811,-1.304139435,1.425241432,true,OK
1785064727.547063351,0.023274468,0.063749649,8.712585368,7.636434186,-0.121927642,-0.225346230,170.001708982,0.000780867,0.096913294,0.005797140,0.719482590,-1.270601295,1.404770327,true,OK
1785064728.547188997,0.123416460,0.018973848,8.982897882,7.674575772,-0.122225760,-0.227933466,170.326108777,0.001421806,0.076616680,0.010530509,0.567456272,-1.278852082,1.421976690,true,OK
1785064729.547051668,0.022827433,0.097855286,8.430821935,7.629322282,-0.123301373,-0.226189529,170.445030415,0.000488467,0.192814506,0.003552963,1.402475208,-1.252978686,1.429188554,true,OK
1785064730.547395945,0.022331877,0.044005418,8.882740833,7.583706657,-0.122148822,-0.226232518,169.878750156,0.000303245,0.216704814,0.002245490,1.604673338,-1.240043363,1.419470281,true,OK
1785064731.547357798,0.022512749,0.135361142,8.012424234,7.710992549,-0.122467206,-0.226114793,170.091137436,0.000108430,0.178041140,0.000884223,1.451891021,-1.256984897,1.433006870,true,OK
1785064732.547803640,0.021017060,0.079266099,8.441916213,7.604133296,-0.122410168,-0.226385944,170.046823059,0.000116198,0.420579277,0.000859322,3.110312888,-1.264062810,1.436647893,true,OK
1785064733.547683001,0.122784990,0.035165807,8.721340500,7.651590274,-0.122114246,-0.226644069,170.467408886,0.000137692,0.100870555,0.001117873,0.818930221,-1.259715035,1.428574621,true,OK
1785064734.547756910,0.022283492,0.113558857,8.072003458,7.602726393,-0.121542644,-0.226163557,170.107255019,0.000161331,0.027976455,0.001204034,0.208792453,-1.253359456,1.429191797,true,OK
1785064735.547031879,0.022308401,0.067481667,8.690610395,7.626306735,-0.122133830,-0.225267607,169.875470230,0.000708157,0.311533012,0.005244698,2.307253129,-1.240986187,1.430285061,true,OK
1785064736.547594786,0.122316414,0.011830629,8.840352244,7.561854714,-0.121981863,-0.223846917,169.984981747,0.000736499,0.117033931,0.005400687,0.858200192,-1.200510938,1.391578949,true,OK
1785064737.547133207,0.022445441,0.104531142,8.411713270,7.707036233,-0.121321591,-0.230054839,170.227549392,0.000830982,0.349426341,0.006767333,2.845651135,-1.245600472,1.424361950,true,OK
1785064738.546980619,0.023513631,0.045131217,8.988172100,7.568068703,-0.119824295,-0.231400492,170.268345152,0.000414933,0.104678325,0.003069630,0.774398884,-1.240915675,1.428822062,true,OK
1785064739.546988249,0.021117975,0.004102995,8.068547192,7.653582889,-0.121555234,-0.230002088,170.337251302,0.000536749,0.096913294,0.004373606,0.789681802,-1.231215046,1.420113178,true,OK
1785064740.547230005,0.021342107,0.082217120,8.478002580,7.593808730,-0.121318798,-0.230297500,170.336210542,0.000348985,0.039564681,0.002580348,0.292535925,-1.223489627,1.417982925,true,OK
1785064741.547186136,0.122232887,0.039247815,8.730596650,7.653375823,-0.120874195,-0.230017267,169.968540151,0.000721555,0.170174190,0.005880358,1.386844908,-1.232331490,1.412667257,true,OK
1785064742.547201633,0.021445831,0.117991804,8.085682383,7.642709495,-0.120617906,-0.229211254,170.332273405,0.000074269,0.373776980,0.000549942,2.767718156,-1.238477782,1.421357570,true,OK
1785064743.547209501,0.022442539,0.073951363,8.741358069,7.712543116,-0.121518089,-0.228910943,170.388081189,0.000254938,0.034264021,0.002098060,0.281982299,-1.237393426,1.427838882,true,OK
1785064744.547513247,0.121516420,0.018053729,8.832185601,7.613824444,-0.121461265,-0.228375086,170.311424629,0.000445732,0.110143430,0.003299489,0.815326645,-1.235555528,1.404555060,true,OK
1785064745.547298193,0.020757535,0.109074640,8.424261170,7.724999708,-0.121369473,-0.228279113,170.567486170,0.000474893,0.100870555,0.003862717,0.820467850,-1.233207958,1.407919035,true,OK
1785064746.547124147,0.021439965,0.052419111,8.824385161,7.601351982,-0.121070319,-0.225815469,170.091715863,0.000464251,0.096913294,0.003437813,0.717650734,-1.226891235,1.418567496,true,OK
1785064747.547234774,0.122782496,0.008656345,8.988451968,7.656077976,-0.121505357,-0.225820793,169.753216023,0.000420688,0.397128516,0.003425720,3.233874941,-1.239474199,1.439557689,true,OK
1785064748.547366142,0.022673027,0.087934412,8.420093790,7.604625835,-0.120816874,-0.226662562,169.945862709,0.000154625,0.181308225,0.001144512,1.342017746,-1.254138263,1.429728386,true,OK
1785064749.547061682,0.021306689,0.043441049,8.944170707,7.664355779,-0.119822661,-0.226393198,169.928175928,0.000125321,0.180225774,0.000927628,1.334031681,-1.243483075,1.411331659,true,OK
1785064750.547095537,0.023735126,0.122278066,7.991176365,7.608468807,-0.120851306,-0.225787863,169.973946420,0.000513308,0.217605878,0.003799198,1.610588336,-1.217163510,1.415375675,true,OK
1785064751.547157764,0.020686578,0.078357943,8.641258718,7.647109706,-0.121200478,-0.226726134,170.109415711,0.000459751,0.146709809,0.003401362,1.085399113,-1.231512169,1.431299064,true,OK
1785064752.547706366,0.120003864,0.034658965,8.698891982,7.714525762,-0.120249459,-0.230992332,170.028460719,0.000301817,0.019782341,0.002230595,0.146202463,-1.256116345,1.434044423,true,OK
1785064753.547218084,0.021455583,0.113415677,8.161650404,7.652598803,-0.120218226,-0.229978641,170.032072955,0.000183179,0.132704012,0.001362243,0.986878880,-1.247707742,1.431494473,true,OK
1785064754.547430038,0.020834858,0.069592956,8.660839860,7.708902061,-0.120493816,-0.229036397,170.375929818,0.000723496,0.065610604,0.005895557,0.534641298,-1.257697255,1.432430506,true,OK
1785064755.547429085,0.120775697,0.013244570,8.945596207,7.633905395,-0.121648055,-0.228835935,170.283574614,0.000775342,0.098911718,0.006304097,0.804224464,-1.240445525,1.419402290,true,OK
1785064756.547168255,0.021469363,0.091545457,8.372292442,7.590203103,-0.121116931,-0.230812886,170.037543640,0.000621516,0.059347027,0.004602675,0.439498184,-1.223858913,1.443171268,true,OK
1785064757.547513008,0.022560313,0.048157323,8.964284624,7.652536332,-0.120112610,-0.228614813,170.441976563,0.000664185,0.123540700,0.004913058,0.913845778,-1.231031341,1.428179196,true,OK
1785064758.547141552,0.021825996,0.002060545,8.035801742,7.686098860,-0.121501916,-0.228661370,170.239794483,0.000423537,0.336300265,0.003132975,2.487666994,-1.240489515,1.443255006,true,OK
1785064759.547327280,0.022140905,0.082730025,8.691863369,7.649640475,-0.120972168,-0.229480347,170.328662908,0.000331130,0.110143430,0.002447720,0.814181564,-1.228045117,1.438226591,true,OK
1785064760.546993732,0.121665836,0.038817679,8.750637568,7.715327840,-0.120528189,-0.229696336,170.464120140,0.000311382,0.311533012,0.002304565,2.305679237,-1.235591942,1.426519529,true,OK
1785064761.547265768,0.022892595,0.117509620,8.062631426,7.652665625,-0.120741278,-0.228419900,170.152440477,0.000172413,0.120331298,0.001275894,0.890479776,-1.214418928,1.430819359,true,OK
1785064762.547369957,0.022445873,0.073847293,8.734605310,7.715452674,-0.121390000,-0.229214782,170.474015014,0.000399320,0.165510998,0.003254750,1.349035560,-1.210720928,1.418849155,true,OK
1785064763.547148705,0.121325405,0.017110962,8.908247525,7.603957804,-0.121297807,-0.229887530,170.615252594,0.000072084,0.048456644,0.000533670,0.358748637,-1.235947156,1.418658089,true,OK
1785064764.547063589,0.021869576,0.108235538,8.429504755,7.715146166,-0.121497035,-0.229716448,170.452624013,0.000687402,0.034264021,0.005603740,0.279322064,-1.259980827,1.418736884,true,OK
1785064765.547725201,0.022131873,0.051944503,8.807948237,7.590336790,-0.121291784,-0.229564440,170.801550283,0.000140487,0.373776980,0.001039575,2.765863485,-1.264837106,1.405225104,true,OK
1785064766.547348022,0.122681370,0.008422351,9.070891490,7.653120064,-0.121849020,-0.229897672,170.657556755,0.000268882,0.274825334,0.002193253,2.241732625,-1.240516536,1.405168235,true,OK
1785064767.547196865,0.021655151,0.087250570,8.405244854,7.603202682,-0.121551500,-0.230161220,170.716095301,0.000410526,0.113640914,0.003040180,0.841575465,-1.220050684,1.420350218,true,OK
1785064768.548004389,0.023520160,0.043809288,8.967301539,7.656983554,-0.121035112,-0.229937579,170.794313987,0.000308581,0.292752233,0.002284360,2.167183797,-1.253632984,1.417710031,true,OK
1785064769.547078609,0.021180761,0.121743823,8.075054624,7.603968373,-0.121480679,-0.229459824,170.752432331,0.000267037,0.052339156,0.001976594,0.387410920,-1.266105993,1.424355675,true,OK
1785064770.547228575,0.022638362,0.076781384,8.684190878,7.634484337,-0.121478413,-0.229920254,170.814903189,0.000228105,0.420113783,0.001679077,3.092452761,-1.237737285,1.425389033,true,OK
1785064771.547065020,0.121793537,0.033576672,8.748620373,7.711170200,-0.121171500,-0.231160198,170.914831478,0.000095584,0.117033931,0.000707109,0.865790067,-1.234004588,1.412768566,true,OK
1785064772.547155857,0.023671053,0.112637869,8.187316834,7.648496938,-0.121148920,-0.230984885,170.586489160,0.000405099,0.034264021,0.003026151,0.255957386,-1.249078975,1.428345550,true,OK
1785064773.547341824,0.022982829,0.068866578,8.703838467,7.710964275,-0.121527632,-0.230233073,170.606633593,0.000857229,0.199791944,0.006978644,1.626492986,-1.241700828,1.412681134,true,OK
1785064774.548067093,0.120352136,0.012873356,8.907903737,7.596686971,-0.122271542,-0.231880235,170.819916064,0.000222402,0.100870555,0.001649129,0.747963831,-1.249376050,1.411286897,true,OK
1785064775.547046900,0.022724199,0.100563381,8.422475531,7.671650139,-0.121729140,-0.232177928,171.069388084,0.000238298,0.376385392,0.001940709,3.065300725,-1.248329173,1.405660802,true,OK
1785064776.547085285,0.021476416,0.046929278,8.923067583,7.593929549,-0.120938802,-0.230739931,170.840400842,0.000463971,0.214891358,0.003429292,1.588299334,-1.242244924,1.416387897,true,OK
1785064777.547237396,0.021984383,0.001710397,7.997592987,7.638560685,-0.122271775,-0.230808174,171.019926442,0.000468527,0.155766359,0.003818394,1.269461961,-1.218840729,1.415094986,true,OK
1785064778.547572136,0.021752271,0.082606823,8.453234120,7.606242606,-0.122082767,-0.231353271,171.184747417,0.000321634,0.138476416,0.002382835,1.025907569,-1.219279804,1.422253613,true,OK
1785064779.547915697,0.121571459,0.037747034,8.692867900,7.636176427,-0.121456596,-0.231952379,171.000061530,0.000768813,0.212142087,0.006262487,1.728037561,-1.227662366,1.420586450,true,OK
1785064780.547011614,0.023589763,0.116878589,8.080730613,7.619658691,-0.121924376,-0.230902689,171.210153260,0.000436678,0.314657797,0.003315849,2.389307451,-1.217137498,1.413084961,true,OK
1785064781.547029018,0.022985613,0.072518504,8.698499979,7.654662499,-0.122086003,-0.231893326,171.093094189,0.000314588,0.120331298,0.002331821,0.891931847,-1.212664387,1.415388524,true,OK
1785064782.547832012,0.123277128,0.029651813,8.836672546,7.715606384,-0.121825615,-0.232302368,171.183670682,0.000220243,0.241474428,0.001629377,1.786448131,-1.220552585,1.388004949,true,OK
1785064783.547571182,0.022344704,0.108253317,8.168353082,7.653838576,-0.121535804,-0.231576042,171.146178613,0.000426705,0.079129369,0.003153991,0.584885178,-1.257732169,1.400015361,true,OK
1785064784.547220469,0.022600891,0.063726430,8.696783532,7.706611605,-0.121367950,-0.229955921,170.862292379,0.000907151,0.098911718,0.007375488,0.804190783,-1.230262799,1.395802795,true,OK
1785064785.547262192,0.123909051,0.007906763,9.035355262,7.608072856,-0.122052120,-0.230041673,170.972951209,0.000455983,0.135620930,0.003375088,1.003836230,-1.235683947,1.397409748,true,OK
1785064786.547901154,0.023195600,0.099358672,8.431677677,7.711637798,-0.122372031,-0.230883993,171.254326814,0.000628458,0.102792073,0.005109490,0.835720150,-1.228921342,1.396840316,true,OK
1785064787.547363997,0.021860315,0.053177050,8.822523789,7.693382669,-0.121959603,-0.231966323,171.061399270,0.000540989,0.113640914,0.004385865,0.921300210,-1.203734732,1.401063391,true,OK
1785064788.547626734,0.022385745,0.131490751,7.995058643,7.624251133,-0.122281490,-0.231325199,171.152443174,0.000303171,0.129721514,0.002245579,0.960844944,-1.231579907,1.409246429,true,OK
1785064789.547505379,0.020837700,0.089978411,8.515592086,7.712922609,-0.123402548,-0.230629094,171.087984661,0.000373328,0.100870555,0.003039732,0.821313415,-1.233179259,1.413742707,true,OK
1785064790.547223568,0.121374965,0.033257284,8.719962956,7.599428393,-0.123164546,-0.230845472,171.203119012,0.000277687,0.000000000,0.002060418,0.000000000,-1.249027962,1.401262414,true,OK
1785064791.547154427,0.018550709,0.124304337,8.162521526,7.722100957,-0.122035057,-0.231425613,171.169283449,0.000665075,0.129721514,0.005428169,1.058753360,-1.245827375,1.397108323,true,OK
1785064792.547016382,0.022988788,0.068030581,8.763989095,7.601406159,-0.122355440,-0.232107883,170.945208841,0.000646714,0.117033931,0.004794594,0.867663386,-1.221634333,1.405523182,true,OK
1785064793.547278404,0.122167815,0.024268517,8.765448423,7.654493271,-0.122939039,-0.232463091,171.157590195,0.000357431,0.385121790,0.002920641,3.146906882,-1.233246231,1.413903464,true,OK
1785064794.547308207,0.023424829,0.099774032,8.388642696,7.561479367,-0.123199234,-0.232401837,171.446896067,0.000299447,0.034264021,0.002215959,0.253559291,-1.235784341,1.402630744,true,OK
1785064795.547090530,0.023101809,0.058982317,8.768371430,7.651969271,-0.122629415,-0.232132186,171.476159473,0.000541315,0.322640634,0.004006285,2.387872877,-1.238456734,1.412203394,true,OK
1785064796.547043562,0.021164615,0.014952710,8.000739065,7.709983530,-0.124086021,-0.231936829,171.283044058,0.000438376,0.165510998,0.003245105,1.225205148,-1.228482089,1.407227349,true,OK
1785064797.547036171,0.021685600,0.092679133,8.443901474,7.652640097,-0.123273126,-0.232197568,171.047635425,0.000307177,0.106531181,0.002276266,0.789424202,-1.205206788,1.419981254,true,OK
1785064798.547280788,0.022295251,0.049549270,8.841591014,7.708956534,-0.122935359,-0.232347554,171.213029223,0.000387447,0.366908397,0.003136133,2.969883548,-1.214571770,1.428808289,true,OK
1785064799.547324657,0.020887170,0.127494162,8.017025731,7.632042923,-0.122583834,-0.231770387,170.832429701,0.000087421,0.052339156,0.000646685,0.387172509,-1.247643468,1.430583656,true,OK
1785064800.547877073,0.021993566,0.085590528,8.532099241,7.722072626,-0.124374090,-0.229920486,170.840124930,0.000477119,0.111905833,0.003885872,0.911412205,-1.230535881,1.430508031,true,OK
1785064801.549061537,0.122708643,0.030376243,8.719402980,7.604756510,-0.124406366,-0.229193585,170.712556233,0.000116932,0.317751846,0.000865452,2.351791279,-1.236504884,1.380642853,true,OK
1785064802.547087908,0.022605978,0.119520110,8.191060389,7.708482328,-0.123445555,-0.230520056,170.567644692,0.000481527,0.126668806,0.003917529,1.030532251,-1.208811954,1.364032017,true,OK
1785064803.547271013,0.021183748,0.063699856,8.647330105,7.603878873,-0.123040959,-0.235271401,170.604104001,0.001313360,0.068528042,0.009740076,0.508214331,-1.235278759,1.410648626,true,OK
1785064804.547139645,0.123435621,0.019498665,8.830461447,7.648206995,-0.122836885,-0.239600263,170.784650574,0.000399459,0.098911718,0.003252829,0.805445689,-1.227982076,1.409975541,true,OK
1785064805.547297955,0.022481961,0.097704367,8.354282295,7.590193231,-0.122742720,-0.239894382,171.086431323,0.000420892,0.138476416,0.003114561,1.024711435,-1.225658266,1.409599178,true,OK
1785064806.547055244,0.022011144,0.053840102,8.810493502,7.645462129,-0.121844818,-0.239556671,171.007564610,0.000241937,0.356631791,0.001792037,2.641590349,-1.244556950,1.408462287,true,OK
1785064807.547162771,0.021859921,0.010481726,7.949821762,7.712124081,-0.122284793,-0.238390802,170.734713440,0.000860571,0.247872207,0.006373683,1.835826596,-1.226306558,1.397952277,true,OK
1785064808.547409296,0.022170553,0.088818862,8.501082148,7.641622018,-0.123464296,-0.238564256,171.025082647,0.000638705,0.138476416,0.004726159,1.024670209,-1.209202208,1.413786783,true,OK
1785064809.547502279,0.022164868,0.045567356,8.987708574,7.668526935,-0.122662497,-0.239667180,171.068033338,0.000247410,0.108352360,0.001830167,0.801515644,-1.226221335,1.430907409,true,OK
1785064810.547117233,0.023276894,0.123833681,8.034901609,7.606002544,-0.122372316,-0.239745803,171.580638582,0.000283125,0.115349902,0.002095268,0.853648701,-1.255799942,1.429057395,true,OK
1785064811.547050238,0.019511633,0.079651519,8.662892749,7.648586514,-0.122941658,-0.239254009,171.512533145,0.000189917,0.125114538,0.001404535,0.925287105,-1.267370741,1.424054750,true,OK
1785064812.547032833,0.121896398,0.034566869,8.767529409,7.701899309,-0.122884762,-0.240168473,171.783709474,0.000185474,0.052339156,0.001370771,0.386819243,-1.230460117,1.431016267,true,OK
1785064813.547022820,0.022084926,0.114593858,8.072625473,7.653853973,-0.121459514,-0.240401909,171.929207534,0.000390321,0.098911718,0.002912954,0.738174643,-1.198531317,1.423199189,true,OK
1785064814.548122406,0.022469133,0.071189680,8.693400869,7.654901297,-0.121248851,-0.239043549,171.832597150,0.000430321,0.121946558,0.003186926,0.903126339,-1.225162186,1.435661996,true,OK
1785064815.547337532,0.122407430,0.027084975,8.954740731,7.714707534,-0.121281374,-0.240060876,171.587277626,0.000675414,0.144017660,0.004995479,1.065179507,-1.259336900,1.426972821,true,OK
1785064816.547069788,0.022194281,0.105589110,8.422896833,7.647560001,-0.121297883,-0.240547184,172.159857226,0.000283909,0.120331298,0.002101790,0.890816343,-1.260299124,1.423504105,true,OK
1785064817.547083616,0.022878915,0.060832327,8.746396575,7.697308439,-0.121383201,-0.241069659,172.158293947,0.000542417,0.149353439,0.004415088,1.215686225,-1.239350538,1.405187064,true,OK
1785064818.547054291,0.023050268,0.005289921,7.989840957,7.597553980,-0.120553988,-0.240661361,171.779303952,0.000212189,0.182384247,0.001569900,1.349385923,-1.245652165,1.410023379,true,OK
1785064819.547217369,0.021417018,0.096535415,8.444719856,7.708833208,-0.121386229,-0.240498008,171.923889672,0.000485813,0.243893275,0.003953669,1.984863298,-1.243372299,1.414939719,true,OK
1785064820.547219276,0.122216963,0.040238577,8.736094863,7.603183906,-0.121415121,-0.241424549,172.427999254,0.000268175,0.100870555,0.001989427,0.748296952,-1.261102482,1.422798482,true,OK
1785064821.547327042,0.021096740,0.130763962,8.054344860,7.655811886,-0.120593576,-0.241270735,171.935766284,0.000270263,0.027976455,0.002004606,0.207507988,-1.267307937,1.417589242,true,OK
1785064822.547097445,0.022489693,0.087714776,8.612932751,7.722783080,-0.120628905,-0.241081510,172.176808595,0.000085700,0.310274283,0.000700697,2.536840695,-1.240992031,1.419718521,true,OK
1785064823.547176123,0.121183854,0.030466149,8.702299013,7.598362394,-0.120809506,-0.241598229,172.459045044,0.000454376,0.111905833,0.003387214,0.834218867,-1.239559618,1.406258978,true,OK
1785064824.547319651,0.020783739,0.122499291,8.192737859,7.708871802,-0.120715833,-0.241731398,172.569556967,0.000402253,0.108352360,0.003279090,0.883266907,-1.233505832,1.491330640,true,OK
1785064825.547289371,0.021876950,0.078373317,8.716486332,7.745552494,-0.120236535,-0.241320826,172.537070712,0.000214355,0.379491794,0.001773194,3.139245616,-1.223866232,1.453423149,true,OK
1785064826.547681093,0.123672341,0.022666122,8.799952944,7.611243316,-0.120079638,-0.241042660,172.053733122,0.000930397,0.375344188,0.006918033,2.790897501,-1.266958108,1.447809206,true,OK
1785064827.547042370,0.022622474,0.110922431,8.394468093,7.682870020,-0.120837041,-0.241437678,172.361607012,0.000315758,0.351659146,0.002566533,2.858345529,-1.249794230,1.458532918,true,OK
1785064828.547474861,0.024682154,0.057106097,8.824086966,7.618455365,-0.120560423,-0.242302669,172.589356455,0.000221934,0.110143430,0.001640828,0.814323720,-1.226332051,1.472844231,true,OK
1785064829.547187567,0.121186372,0.012899692,8.986647004,7.649981087,-0.119800606,-0.241542240,172.747484926,0.000428631,0.352215113,0.003493830,2.870952381,-1.258951512,1.506804474,true,OK
1785064830.547157764,0.022215473,0.101656473,8.400807565,7.687772085,-0.119861136,-0.241878055,172.642389179,0.000128631,0.305827937,0.001047638,2.490827856,-1.334525501,1.506475732,true,OK
1785064831.547366858,0.020151831,0.047634264,8.927747922,7.598228866,-0.120527889,-0.240538977,172.571867052,0.000473735,0.206533808,0.003506501,1.528724367,-1.288110647,1.448591748,true,OK
1785064832.547233582,0.021869305,0.003333429,8.055847410,7.641684333,-0.119525061,-0.243011634,172.447207128,0.000283954,0.160712550,0.002313249,1.309255554,-1.275904885,1.427788263,true,OK
1785064833.547276974,0.021580693,0.082559025,8.447140760,7.602871018,-0.119296770,-0.242988941,172.511153654,0.000497572,0.353877837,0.003679462,2.616868462,-1.235179040,1.438402334,true,OK
1785064834.547244310,0.121102533,0.038756747,8.710756275,7.630894054,-0.119864221,-0.242643351,172.283634943,0.000419894,0.148037520,0.003110084,1.096489460,-1.235512061,1.427311350,true,OK
1785064835.547197104,0.021067042,0.129660332,8.056921972,7.710054448,-0.120281265,-0.243109670,172.465321304,0.000796567,0.249446032,0.006481417,2.029664347,-1.252831535,1.430491087,true,OK
1785064836.547250986,0.021443250,0.085513217,8.519964009,7.740583985,-0.119971204,-0.241460967,172.251083989,0.001266395,0.126668806,0.010310723,1.031311055,-1.236128346,1.391656333,true,OK
1785064837.547073364,0.120017645,0.029341708,8.688327148,7.606416917,-0.118461794,-0.244706165,172.134818161,0.000884862,0.134170395,0.006585429,0.998539586,-1.246185138,1.408645426,true,OK
1785064838.547061682,0.023299466,0.120541891,8.086200936,7.669278754,-0.119302811,-0.246505748,172.508556948,0.000658026,0.000000000,0.004869708,0.000000000,-1.242168983,1.414709079,true,OK
1785064839.546959162,0.022524461,0.075367971,8.712726368,7.697915561,-0.118776398,-0.246944930,172.414060934,0.000259553,0.263187172,0.002112057,2.141627387,-1.215059968,1.404197988,true,OK
1785064840.547351122,0.123727862,0.032688639,8.772344805,7.728867932,-0.118880239,-0.246529371,172.629379211,0.000470921,0.125114538,0.003485376,0.925995635,-1.251642161,1.420078754,true,OK
1785064841.547209501,0.023268374,0.111122967,8.188575371,7.646119744,-0.118869451,-0.246606074,172.215206471,0.000141950,0.059347027,0.001050805,0.439324082,-1.267763907,1.422827839,true,OK
1785064842.547160387,0.022516833,0.065391744,8.749994937,7.681545081,-0.119896140,-0.247053751,172.486212696,0.000194166,0.034264021,0.001572955,0.277574997,-1.252471500,1.411439983,true,OK
1785064843.547011852,0.121392818,0.023077781,8.967166584,7.713282390,-0.119788598,-0.247397867,172.457788509,0.000470056,0.211217717,0.003473104,1.560624435,-1.254571533,1.413305705,true,OK
1785064844.547113419,0.021497253,0.098444631,8.403779144,7.614518176,-0.119540623,-0.248045872,172.677830437,0.000630937,0.173589404,0.004658512,1.281693756,-1.238574592,1.426080872,true,OK
1785064845.547429323,0.021056862,0.058683037,8.768191652,7.668988640,-0.119768848,-0.247262017,172.556798798,0.000520160,0.113640914,0.003851792,0.841512897,-1.217997179,1.428106580,true,OK
1785064846.547757626,0.022156943,0.014728153,7.989928624,7.722710354,-0.120230378,-0.248063995,172.304998551,0.000552050,0.094872788,0.004087929,0.702532858,-1.260937676,1.428738495,true,OK
1785064847.547538519,0.023516934,0.093331566,8.489420279,7.610612777,-0.120633699,-0.248509004,172.740029601,0.000493898,0.108352360,0.003657128,0.802307575,-1.268920478,1.428532246,true,OK
1785064848.547010422,0.023254748,0.047429762,8.995480721,7.637267107,-0.119692040,-0.246610168,172.200880465,0.000966852,0.071326251,0.007105904,0.524214318,-1.292613917,1.448375109,true,OK
1785064849.547219753,0.022733263,0.005135424,8.008422166,7.673044785,-0.120795283,-0.246933410,172.392574026,0.000824732,0.242283378,0.006721431,1.974570919,-1.259402247,1.417586824,true,OK
1785064850.547327042,0.022475540,0.082170034,8.497820659,7.585141973,-0.121746077,-0.248258497,172.365027900,0.000378883,0.158258778,0.002809787,1.173642011,-1.231624073,1.429257704,true,OK
1785064851.547220230,0.122046397,0.038737891,8.709530682,7.636034758,-0.121392813,-0.248120422,172.419820965,0.000334775,0.083929371,0.002724416,0.683021367,-1.258261132,1.422232874,true,OK
1785064852.547334194,0.023078101,0.130756903,8.013054860,7.733674970,-0.121169457,-0.247216374,172.202618911,0.000478051,0.027976455,0.003906649,0.228624449,-1.265706718,1.420576031,true,OK
1785064853.548212767,0.023043989,0.075797643,8.566044027,7.609732646,-0.120758131,-0.247332368,172.169142453,0.000458661,0.104678325,0.003396102,0.775079177,-1.243909252,1.401726337,true,OK
1785064854.547137499,0.121939218,0.030621486,8.754429142,7.646782322,-0.121466242,-0.247878402,172.385918243,0.000370988,0.094872788,0.003015635,0.771188662,-1.236310149,1.410354581,true,OK
1785064855.547892809,0.021056366,0.122377650,8.167090912,7.713478850,-0.121018943,-0.248220500,172.256326270,0.000200214,0.314657797,0.001627621,2.557984237,-1.239188132,1.415849813,true,OK
1785064856.547281504,0.021999651,0.064462478,8.749517260,7.597399938,-0.120168109,-0.247765622,172.131039383,0.000393988,0.172458515,0.002952235,1.292268939,-1.240012030,1.413203400,true,OK
1785064857.547897339,0.122814546,0.022475173,8.787041627,7.617078494,-0.121226265,-0.246361837,172.066824452,0.000743892,0.309642997,0.005504946,2.291418227,-1.258129045,1.402544143,true,OK
1785064858.547438145,0.020608975,0.113086407,8.369745732,7.729994287,-0.121566613,-0.245457243,172.306908216,0.000195240,0.117033931,0.001592721,0.954735239,-1.236369269,1.408481943,true,OK
1785064859.547219276,0.020537975,0.068828289,8.755233001,7.727969980,-0.120880697,-0.244658194,172.269511566,0.000184925,0.096913294,0.001504970,0.788707990,-1.235668503,1.412972245,true,OK
1785064860.546969175,0.121724916,0.024576152,8.999056745,7.753608233,-0.120635128,-0.244176650,172.345486395,0.000337210,0.213062455,0.002489541,1.572990511,-1.234514460,1.419845954,true,OK
1785064861.547252655,0.021824855,0.100975070,8.381113691,7.625492004,-0.121391161,-0.246414414,172.488728886,0.000169572,0.287355397,0.001254168,2.125305925,-1.263358163,1.427433217,true,OK
1785064862.547464371,0.023031012,0.059915787,8.768689272,7.681281676,-0.120996456,-0.246420874,172.265609664,0.000628773,0.209356731,0.004654082,1.549626002,-1.258535991,1.417466202,true,OK
1785064863.547080040,0.023361663,0.015693814,7.986757135,7.716896658,-0.121338318,-0.245823585,172.634763313,0.000304053,0.121946558,0.002251762,0.903114969,-1.265390979,1.414049149,true,OK
1785064864.547070742,0.022774122,0.094388474,8.489597291,7.658797011,-0.121576549,-0.245344933,172.564055220,0.000043457,0.092787413,0.000321696,0.686863327,-1.242841572,1.427775230,true,OK
1785064865.547209263,0.021023462,0.048697081,8.821283934,7.642953030,-0.122311671,-0.239994169,172.727188559,0.001693155,0.071326251,0.012406529,0.522640257,-1.196890718,1.424997171,true,OK
1785064866.547133446,0.119753137,0.006522268,8.955963129,7.683019744,-0.122314180,-0.238509342,172.542855317,0.000130684,0.154505069,0.001064653,1.258717320,-1.226586536,1.433611915,true,OK
1785064867.547156811,0.020648904,0.085630362,8.338286807,7.610437753,-0.120825613,-0.240164353,172.421693417,0.001147709,0.134170395,0.008503399,0.994071280,-1.254598906,1.428817378,true,OK
1785064868.547011852,0.021358447,0.040721213,8.951555169,7.657297691,-0.120845647,-0.240834473,172.171757906,0.001383280,0.120331298,0.010240855,0.890850050,-1.245240359,1.426184638,true,OK
1785064869.547269583,0.020311644,0.132158306,7.983196462,7.717148109,-0.120783681,-0.245452164,172.529848028,0.000418692,0.216704814,0.003412000,1.765966992,-1.251069306,1.422393976,true,OK
1785064870.547262430,0.021267280,0.088828963,8.546417769,7.755174077,-0.120345782,-0.246191936,172.566943026,0.000777095,0.137056110,0.006329577,1.116346306,-1.228806944,1.412096969,true,OK
1785064871.547162533,0.121770699,0.032332841,8.731780420,7.607519264,-0.119022694,-0.250190363,172.274990765,0.000617364,0.129721514,0.004565636,0.959339117,-1.240953501,1.432503225,true,OK
1785064872.548084021,0.024279470,0.124273978,8.193343169,7.678919263,-0.119971140,-0.248874878,172.274314063,0.000117350,0.044234660,0.000868620,0.327422689,-1.244861101,1.436068458,true,OK
1785064873.547362089,0.021994601,0.079304733,8.700745334,7.725801455,-0.120304483,-0.248956958,172.346490585,0.000534092,0.106531181,0.004339453,0.865556386,-1.264404966,1.436190036,true,OK
1785064874.547151327,0.122797453,0.035589088,8.753646156,7.757783994,-0.119918069,-0.248794627,172.762351101,0.000589858,0.131221234,0.004365575,0.971177145,-1.258414516,1.421499755,true,OK
1785064875.547052622,0.024308897,0.114267968,8.088862710,7.661073485,-0.119245575,-0.248727397,172.155589152,0.000634744,0.336300265,0.004724065,2.502905898,-1.249475417,1.433927868,true,OK
1785064876.547209501,0.021496543,0.070197227,8.707121250,7.707548054,-0.120182159,-0.248789899,172.464548357,0.000311668,0.113640914,0.002533192,0.923655836,-1.218362391,1.432091285,true,OK
1785064877.547568083,0.124064061,0.026667525,8.887953182,7.723322894,-0.120768531,-0.249075752,172.648802688,0.000542131,0.141274205,0.003986012,1.038717568,-1.249914476,1.422504483,true,OK
1785064878.548199415,0.022453940,0.106333787,8.408521510,7.656772982,-0.120036728,-0.249881385,172.665898015,0.001199406,0.088469326,0.008873887,0.654546143,-1.263307886,1.429272254,true,OK
1785064879.547566652,0.020601353,0.061814651,8.767456861,7.671173160,-0.119812801,-0.250276433,172.381964089,0.000344239,0.288035534,0.002550674,2.134231632,-1.266178011,1.426390441,true,OK
1785064880.547548532,0.021777066,0.018014742,7.988123485,7.717191769,-0.120797305,-0.249593470,172.228945514,0.000426569,0.417778499,0.003157666,3.092595147,-1.278713238,1.447015817,true,OK
1785064881.547037363,0.021695139,0.095966586,8.484064488,7.624788995,-0.120940858,-0.250339621,172.556192110,0.000062129,0.123540700,0.000459622,0.913942454,-1.270850533,1.451483142,true,OK
1785064882.547440290,0.023025353,0.051686654,8.852157424,7.650542168,-0.120626626,-0.251039543,172.576639548,0.000281133,0.277658662,0.002080317,2.054608528,-1.302780269,1.432346722,true,OK
1785064883.547182560,0.123496531,0.006668752,9.035060709,7.652822985,-0.121078522,-0.248618554,172.701154614,0.000234786,0.258687892,0.001912031,2.106678237,-1.318101031,1.431391364,true,OK
1785064884.547209501,0.023127207,0.087001396,8.457203897,7.603984467,-0.121343902,-0.248981310,172.640559083,0.000506896,0.129721514,0.003752172,0.960232238,-1.288706478,1.429383110,true,OK
1785064885.547056437,0.022701333,0.042945982,8.977663041,7.612106183,-0.120925059,-0.248642697,172.923485216,0.000134579,0.059347027,0.000996789,0.439567237,-1.288246166,1.428377023,true,OK
1785064886.547087669,0.023442284,0.134118244,8.049272090,7.722254315,-0.120592298,-0.248623889,172.700614662,0.000069132,0.139882314,0.000563946,1.141099378,-1.290139771,1.436598204,true,OK
1785064887.547231913,0.022325775,0.088991840,8.528106062,7.718590891,-0.119812490,-0.248536139,172.586860049,0.001227806,0.258687892,0.009985801,2.103919574,-1.299043348,1.453397773,true,OK
1785064888.547230244,0.121977122,0.033826176,8.759130447,7.608174241,-0.121415699,-0.248787166,173.144916727,0.000851615,0.243089661,0.006318551,1.803601206,-1.323240930,1.441905454,true,OK
1785064889.547331810,0.020097981,0.124617125,8.166317777,7.674676147,-0.121249593,-0.248824696,173.293579636,0.000243605,0.126668806,0.001803584,0.937822669,-1.344914629,1.425075771,true,OK
1785064890.547221422,0.020335040,0.080549040,8.718864954,7.734465345,-0.121019960,-0.248751366,173.372826586,0.000653106,0.323851312,0.005306478,2.631285838,-1.299885916,1.423575900,true,OK
1785064891.548197985,0.121466902,0.037490426,8.767196554,7.754846268,-0.120999674,-0.248326280,173.162081973,0.000450605,0.100870555,0.003339884,0.747652341,-1.277709400,1.416569159,true,OK
1785064892.547223568,0.021784643,0.115383413,8.102703553,7.657416972,-0.121676925,-0.248663632,173.101109194,0.000127222,0.276953045,0.000957611,2.084645532,-1.302347711,1.437848379,true,OK
1785064893.547357798,0.022780466,0.068356398,8.724215099,7.665147301,-0.121280191,-0.249014636,173.162440191,0.000235903,0.044234660,0.001916048,0.359281483,-1.301511208,1.444287558,true,OK
1785064894.547164679,0.120876235,0.027532483,8.818281316,7.759364916,-0.120379379,-0.249041114,173.077051860,0.000594763,0.187671854,0.004389085,1.384934348,-1.309874809,1.440704070,true,OK
1785064895.547091961,0.022973709,0.106232387,8.187886100,7.655405148,-0.120767336,-0.249462882,173.356960637,0.000517034,0.062557256,0.003825751,0.462887141,-1.289530465,1.440392206,true,OK
1785064896.547182798,0.023422583,0.062576321,8.741290925,7.715417923,-0.120864333,-0.249264973,173.283266471,0.000401280,0.125114538,0.003263049,1.017382105,-1.267550255,1.440400271,true,OK
1785064897.547330141,0.023777586,0.018260860,7.968084730,7.711532756,-0.120091387,-0.248820101,173.353523727,0.000500702,0.048456644,0.003703041,0.358370620,-1.285212063,1.448421301,true,OK
1785064898.547441721,0.021801719,0.097385269,8.442156460,7.646997175,-0.119514901,-0.249073432,173.290853700,0.000746355,0.111905833,0.005524285,0.828291745,-1.281273550,1.450427670,true,OK
1785064899.547185421,0.020661192,0.052932806,8.816333979,7.667753370,-0.120013637,-0.249221570,172.954496252,0.000425929,0.104678325,0.003153028,0.774902853,-1.287402503,1.432620394,true,OK
1785064900.547069550,0.021565459,0.009262959,7.967968464,7.722169901,-0.121006774,-0.248783508,173.084646567,0.000356884,0.113640914,0.002646349,0.842664554,-1.279323264,1.420188851,true,OK
1785064901.547187805,0.021869980,0.088389372,8.524194113,7.626594578,-0.120773276,-0.248834391,173.521255858,0.000308054,0.086229231,0.002282404,0.638882358,-1.271990756,1.449083259,true,OK
1785064902.547162771,0.021449699,0.044023481,8.965108141,7.665949280,-0.120642092,-0.247849551,173.314613874,0.000212639,0.090654086,0.001573427,0.670797954,-1.277606075,1.443392811,true,OK
1785064903.547288656,0.022171594,0.135118414,7.981163147,7.749264878,-0.121997976,-0.247812900,173.328244917,0.000650194,0.268340977,0.005276573,2.177688254,-1.294401149,1.447083820,true,OK
1785064904.547337532,0.021860795,0.079096971,8.445053184,7.609620752,-0.121536052,-0.248231723,173.248053347,0.000136133,0.121946558,0.001007406,0.902427139,-1.286727709,1.442375061,true,OK
1785064905.547732115,0.123252845,0.035557511,8.736696383,7.646828232,-0.121743386,-0.248041690,173.305468991,0.000284215,0.110143430,0.002308949,0.894798686,-1.300720789,1.441423929,true,OK
1785064906.547048807,0.022320170,0.126352056,8.074190389,7.741275153,-0.122272498,-0.247448836,173.455172282,0.000102736,0.135620930,0.000845914,1.116685956,-1.274885062,1.451918101,true,OK
1785064907.547040701,0.020793788,0.069978627,8.654326521,7.605219440,-0.122501603,-0.248036425,173.559371520,0.000148409,0.185574892,0.001098999,1.374224169,-1.259435161,1.454822659,true,OK
1785064908.547231674,0.122802069,0.025852253,8.759413317,7.648876661,-0.122468767,-0.248435370,173.829084630,0.000639293,0.320816066,0.005241642,2.630411526,-1.281542230,1.451649205,true,OK
1785064909.547297478,0.022180521,0.117423807,8.403765248,7.731088123,-0.120472154,-0.250105095,173.737205815,0.000819061,0.144017660,0.006676658,1.173973938,-1.288561164,1.448112402,true,OK
1785064910.547257423,0.022007225,0.060770374,8.738922684,7.607506852,-0.121599685,-0.245483094,173.586694356,0.000628279,0.179136785,0.004648010,1.325255047,-1.281914249,1.447069400,true,OK
1785064911.547173262,0.122239032,0.016652405,8.869321139,7.651098123,-0.122011633,-0.247516879,173.889705307,0.000060155,0.071326251,0.000477408,0.566070187,-1.289315403,1.435267768,true,OK
1785064912.547158718,0.022313875,0.107981313,8.395330705,7.726790111,-0.121550329,-0.247980893,173.776549843,0.000029504,0.198810171,0.000240959,1.623689830,-1.295486094,1.445623635,true,OK
1785064913.547187090,0.020953470,0.050542250,8.844243160,7.586724003,-0.121629949,-0.247496354,173.526987744,0.000183316,0.373253110,0.001349064,2.746861613,-1.292666517,1.449209230,true,OK
1785064914.547178507,0.122108978,0.007622547,9.012950989,7.655346299,-0.122110936,-0.247230684,173.674859045,0.000163744,0.090654086,0.001334544,0.738847429,-1.313354984,1.444771552,true,OK
1785064915.547106028,0.020469362,0.096689104,8.398109482,7.694846737,-0.122549833,-0.248503299,173.971622021,0.000462550,0.202708782,0.003711750,1.626645763,-1.301839166,1.445896799,true,OK
1785064916.547184944,0.020700201,0.041554389,8.937549780,7.597594212,-0.122192424,-0.248498652,173.657564868,0.000790873,0.281855253,0.005848650,2.084370116,-1.284450335,1.437386078,true,OK
1785064917.547042131,0.023457857,0.133399626,8.026681886,7.666460155,-0.121543138,-0.248662130,173.609438261,0.000132755,0.118694067,0.000982987,0.878870214,-1.302486867,1.440553118,true,OK
1785064918.547067881,0.022230319,0.089276193,8.560911294,7.710722076,-0.122794012,-0.246597444,173.838631495,0.000396444,0.249446032,0.003229571,2.032073351,-1.337674960,1.479268898,true,OK
1785064919.547134161,0.122804528,0.033348244,8.741063049,7.600526331,-0.123169491,-0.249997266,173.899861559,0.000574777,0.277658662,0.004252407,2.054219100,-1.340958024,1.487802083,true,OK
1785064920.547158480,0.022020346,0.124314083,8.079912816,7.665348860,-0.121326828,-0.253115272,173.567484464,0.001039759,0.196831898,0.007694668,1.456641729,-1.337183871,1.437627087,true,OK
1785064921.547240734,0.022373355,0.080235087,8.735303008,7.726845902,-0.121138194,-0.252653006,173.673340318,0.000304726,0.098911718,0.002480837,0.805261435,-1.296254733,1.439157418,true,OK
1785064922.547289371,0.123049472,0.036593889,8.792520412,7.761406371,-0.121644934,-0.251998607,173.405485429,0.000528591,0.139882314,0.003917350,1.036658072,-1.281551121,1.440944307,true,OK
1785064923.547097921,0.022853348,0.114780050,8.106405204,7.660170950,-0.122065942,-0.251943098,173.406172176,0.000183695,0.409738966,0.001405436,3.134882442,-1.300237443,1.456617626,true,OK
1785064924.547220230,0.021382673,0.071103855,8.706887937,7.713017313,-0.121849227,-0.252606579,173.541009609,0.000194941,0.157017511,0.001587660,1.278802340,-1.306016103,1.454276529,true,OK
1785064925.548935652,0.122478022,0.029078622,8.906374848,7.722190041,-0.121392529,-0.252032187,173.213558781,0.000652406,0.137056110,0.004822774,1.013158176,-1.317766673,1.444559076,true,OK
1785064926.549147606,0.022094265,0.107396604,8.403857331,7.648917659,-0.122139717,-0.251566414,173.687715769,0.000056064,0.139882314,0.000414542,1.034296875,-1.305756093,1.443362775,true,OK
1785064927.547049999,0.020629739,0.061690173,8.732884648,7.667162434,-0.122482677,-0.251779173,174.098954662,0.000279854,0.115349902,0.002075496,0.855476052,-1.276977745,1.446875661,true,OK
1785064928.546972990,0.022917434,0.018176757,7.979714384,7.720219342,-0.121743452,-0.251343193,173.891687722,0.000561923,0.126668806,0.004161932,0.938184282,-1.295939375,1.448918843,true,OK
1785064929.547111511,0.020404840,0.096662155,8.386164718,7.610850486,-0.120874453,-0.252509122,173.668264297,0.001297104,0.176938705,0.009583385,1.307274884,-1.303214947,1.450433728,true,OK
1785064930.547107697,0.022813687,0.052765454,8.852331331,7.667564055,-0.122952338,-0.248491231,173.827035401,0.000767969,0.108352360,0.005685352,0.802143667,-1.315878953,1.454901415,true,OK
1785064931.547200918,0.124050776,0.008879927,9.051862313,7.665709237,-0.122479994,-0.249829990,173.892241556,0.000331168,0.161925496,0.002695960,1.318196469,-1.331937881,1.428614161,true,OK
1785064932.547311783,0.022712162,0.087292861,8.418902990,7.599010722,-0.122065624,-0.250253163,173.717500304,0.000421725,0.340348753,0.003144901,2.538058400,-1.296216270,1.438117219,true,OK
1785064933.547045946,0.020461188,0.043263760,8.936373713,7.657516202,-0.122841186,-0.246560624,173.726515807,0.000797747,0.176938705,0.005908483,1.310488964,-1.371256725,1.519078218,true,OK
1785064934.547148705,0.022886442,0.133784440,8.023888629,7.746901507,-0.135690924,-0.245993333,173.827626418,0.007779409,0.019782341,0.063274028,0.160900187,-1.374376179,1.525326190,true,OK
1785064935.547100306,0.022552024,0.075953978,8.482730459,7.585182354,-0.159384498,-0.253178504,173.083209129,0.000930109,0.395647592,0.006903574,2.936624455,-1.525272487,1.170510463,true,OK
1785064936.547250986,0.120113897,0.033814218,8.683326232,7.641030543,-0.158563071,-0.248098594,168.013185121,0.001762828,1.242853024,0.014337324,10.108294962,-2.424902874,1.883792138,true,OK
1785064937.548018694,0.022991811,0.113697926,8.204415565,7.599291751,-0.165064486,-0.240324613,163.359248954,0.001043182,0.138476416,0.007747214,1.028397890,-2.074195823,1.308424686,true,OK
1785064938.547122478,0.022256178,0.068812182,8.734571438,7.648014884,-0.171672771,-0.235136605,159.965528819,0.001190359,0.935236139,0.008812357,6.923652151,-2.072789915,1.038347271,true,OK
1785064939.547075510,0.122420606,0.025162666,8.996344749,7.719931440,-0.178163971,-0.231194608,157.150570446,0.001129873,0.386136634,0.008301507,2.837058883,-2.134905900,0.850095478,true,OK
1785064940.547112465,0.022080651,0.101229861,8.415522312,7.624973197,-0.183263017,-0.221695296,153.373528583,0.000691406,0.492974933,0.005118153,3.649259957,-2.432819327,0.987983552,true,OK
1785064941.547250032,0.023106327,0.060145385,8.784516559,7.676958871,-0.192976080,-0.230018753,154.312888381,0.001332830,0.374822532,0.009866963,2.774816831,-2.004758830,1.117545888,true,OK
1785064942.547494650,0.022649738,0.016533601,7.965696950,7.713834443,-0.194930160,-0.232993430,154.591414051,0.000353167,0.191796995,0.002617133,1.421306952,-1.971457281,1.166902394,true,OK
1785064943.547143698,0.022707219,0.094539540,8.457859968,7.663563446,-0.169646950,-0.234309289,154.528624028,0.000112927,0.090654086,0.000835226,0.670491335,-2.002261726,1.158340453,true,OK
1785064944.547091722,0.021151377,0.050460413,8.844678147,7.710104696,-0.173133000,-0.233459065,154.379270443,0.002015541,0.182384247,0.016411593,1.485068145,-1.941012535,1.208161160,true,OK
1785064945.547342062,0.021135209,0.007127516,7.993021088,7.748410221,-0.179430405,-0.233890150,154.264463907,0.001211828,0.356082708,0.008977604,2.637973082,-2.134774281,1.484577448,true,OK
1785064946.549898386,0.089579807,0.086338457,8.064136601,7.909862285,-0.181294570,-0.215148845,150.629965850,0.005419549,0.349985883,0.039567638,2.555215587,-2.448891117,1.429048836,true,OK
1785064947.547288179,0.098528350,0.016584671,8.604408488,7.670402369,-0.174729157,-0.201539495,147.419371892,0.005232779,0.113640914,0.038254021,0.830767356,-2.010204430,-0.419177780,true,OK
1785064948.547660112,0.015353876,0.092829775,8.679749401,7.622305266,-0.176922259,-0.195535809,141.525772305,0.004652379,0.170174190,0.034043948,1.245255556,-3.158669493,-2.274277166,true,OK
1785064949.547108889,0.120406099,0.038630972,9.658605931,7.631444256,-0.162941591,-0.184742934,134.797414772,0.006338562,1.605593913,0.051874485,13.140103832,-4.321751831,-0.040828103,true,OK
1785064950.547050476,0.020828545,0.118257827,8.214328584,7.629015498,-0.162353781,-0.197893413,144.604821716,0.008414746,2.114333082,0.062350737,15.666572845,0.904180355,1.220898565,true,OK
1785064951.547204018,0.022672281,0.073254878,8.728506365,7.694151469,-0.162918319,-0.184392378,145.786146155,0.002636434,0.771263467,0.021495893,6.288417674,-1.168671033,-1.467806208,true,OK
1785064952.547254324,0.121958970,0.017841645,8.818490675,7.613194009,-0.166604096,-0.189662647,153.742638962,0.003853330,1.194685036,0.028517955,8.841696898,0.601260057,-0.660851274,true,OK
1785064953.547497749,0.022622332,0.109727808,8.404414775,7.716820555,-0.167159763,-0.169457624,164.555678083,0.002946545,0.579797203,0.023989860,4.720530027,-0.035199913,-1.994632744,true,OK
1785064954.547217131,0.022052056,0.065288106,8.817062297,7.727836595,-0.166422081,-0.160076527,173.377400098,0.000940356,0.854321075,0.007655720,6.955286785,1.547484452,-1.816544174,true,OK
1785064955.548842430,0.121246168,0.010449715,8.949311948,7.635174383,-0.169802415,-0.164669703,-179.147788604,0.002389575,1.459112822,0.017690362,10.802017162,0.517218941,-0.574637075,true,OK
1785064956.547713995,0.020633625,0.097375632,8.422586531,7.685876970,-0.174252529,-0.159707074,-174.621763777,0.002849395,0.191796995,0.022940858,1.544182989,-1.352297345,0.590543087,true,OK
1785064957.547030926,0.021852083,0.043777798,8.989136406,7.603718912,-0.172174816,-0.162445154,-168.482843072,0.003552964,1.087865253,0.026307169,8.054868127,-2.769683610,2.415005246,true,OK
1785064958.547152996,0.020658456,0.133935068,8.014405127,7.657231351,-0.171401513,-0.158128871,-168.097060164,0.001697870,0.134170395,0.012570885,0.993386106,-1.286841523,1.656731379,true,OK
1785064959.547064543,0.021866748,0.090762655,8.577893725,7.712729188,-0.174576279,-0.154285354,-163.230721122,0.002160895,0.773290486,0.017620007,6.305434502,2.958055283,0.490237603,true,OK
1785064960.547157049,0.020822329,0.046794280,8.996371279,7.728153215,-0.171970967,-0.157394351,-159.045934547,0.003589646,0.499677056,0.029238127,4.069934046,1.077014544,0.058980648,true,OK
1785064961.547009945,0.021904894,0.002690944,8.028312871,7.732238273,-0.164437269,-0.168527877,-154.582727397,0.005564640,0.594131956,0.041238076,4.402954964,0.027139002,0.009039856,true,OK
1785064962.547415018,0.021982784,0.081780393,8.697284746,7.658682988,-0.140248691,-0.163391522,-145.082328031,0.004587935,1.978233452,0.033959198,14.642584981,-1.112439780,3.052478800,true,OK
1785064963.548612833,0.122146411,0.039210695,8.741635903,7.715008733,-0.118384274,-0.151474000,-137.648171059,0.001113716,0.000000000,0.008325419,0.000000000,1.032730137,-1.727010782,true,OK
1785064964.548543692,0.024186655,0.116335598,8.072467529,7.643804598,-0.113445465,-0.136977973,-137.727306278,0.000652533,0.705821077,0.004827773,5.222028670,-0.034873238,-2.505615612,true,OK
1785064965.547411442,0.021720643,0.071862832,8.700942362,7.705111603,-0.101965638,-0.178955459,-127.262041286,0.007008320,0.777328622,0.057100077,6.333261719,0.347380293,1.018875590,true,OK
1785064966.547231674,0.122303837,0.013051444,8.846812609,7.574881559,-0.121253276,-0.169333888,-126.323947421,0.006101220,0.465201836,0.044943234,3.426802185,0.571332433,-1.395431505,true,OK
1785064967.547233582,0.021255980,0.107418762,8.358557352,7.716886695,-0.117300359,-0.152474815,-121.072482853,0.006651510,0.711344085,0.054171772,5.793387027,-0.648261233,-0.937316570,true,OK
1785064968.547432899,0.022554105,0.047533740,8.884439170,7.558658006,-0.096731614,-0.185272608,-109.422432277,0.003637515,1.662834420,0.026389358,12.063490543,-1.443736929,-0.280244968,true,OK
1785064969.548009157,0.122091513,0.007711670,8.986945443,7.623286092,-0.086975648,-0.187860758,-100.098854536,0.002418062,1.121172351,0.017917057,8.307523523,0.273938850,-2.057051009,true,OK
1785064970.547173262,0.018254136,0.097895618,8.351567003,7.712358704,-0.072415266,-0.195855240,-92.641829904,0.002734012,0.237388267,0.022241639,1.931192389,0.026803325,-2.766739266,true,OK
1785064971.547086477,0.120681165,0.040776828,8.712066395,7.594443359,-0.070675145,-0.197593971,-95.187558965,0.002790408,0.947293664,0.020655015,7.012009911,-0.606016966,-1.864888897,true,OK
1785064972.548092365,0.021528166,0.133530870,8.073941659,7.714561230,-0.091283692,-0.176113870,-103.872222135,0.006554580,1.339690913,0.053325996,10.899302292,0.445431146,-2.800755578,true,OK
1785064973.547961950,0.020770811,0.075564729,8.530774983,7.581351042,-0.113950413,-0.134415945,-109.435711695,0.002777527,0.375344188,0.020573744,2.780255752,0.540333479,-1.097371371,true,OK
1785064974.547308207,0.121795896,0.032682311,8.712103655,7.649366906,-0.123205033,-0.110956116,-117.483578880,0.003005813,1.465135661,0.024478444,11.931626767,1.195492832,-0.563023231,true,OK
1785064975.547687054,0.021974711,0.124195452,8.167266103,7.739070309,-0.127346182,-0.126423093,-121.996161794,0.003854350,0.243089661,0.031428895,1.982186430,2.123890996,-2.105916222,true,OK
1785064976.548772097,0.022969717,0.068496993,8.741672821,7.606526279,-0.118155790,-0.160605071,-123.801947157,0.003175210,0.034264021,0.023570842,0.254355421,2.127111508,-1.743125894,true,OK
1785064977.548085451,0.123822557,0.023753162,8.793699394,7.646582746,-0.123155211,-0.130455603,-130.585908220,0.007674571,1.610947927,0.062460392,13.110888596,2.602497712,-2.103903303,true,OK
1785064978.547324657,0.019983488,0.114474304,8.331574031,7.725390001,-0.126394189,-0.098704988,-144.781194319,0.006506450,1.723400909,0.052996383,14.037458316,2.647075246,-2.336281187,true,OK
1785064979.547390223,0.019846742,0.057651753,8.710107291,7.616217372,-0.114268370,-0.060754159,-152.509437785,0.009262546,0.840233223,0.068480022,6.212027218,3.187170880,-2.749894246,true,OK
1785064980.547045708,0.121729537,0.013359331,8.961607640,7.625304350,-0.105456873,-0.035757552,-157.992937940,0.001433100,1.577063465,0.010535408,11.593749782,2.272021543,-2.467204272,true,OK
1785064981.547071218,0.021434986,0.104990870,8.418004593,7.717999116,-0.117763512,-0.044627102,-166.166741913,0.001057594,0.763870481,0.008613710,6.221440910,2.006317279,-1.475531729,true,OK
1785064982.547405005,0.021651841,0.045825509,8.835509629,7.565969107,-0.136006690,-0.064105707,-169.431994414,0.005079184,1.232576365,0.036901894,8.955061096,1.775669329,-0.215395700,true,OK
1785064983.547190189,0.019851683,0.001115547,7.966729493,7.615849683,-0.163437941,-0.054262515,-171.045179468,0.005279075,0.495745589,0.043025653,4.040438558,1.705283866,2.575397677,true,OK
1785064984.547449350,0.020642851,0.083595038,8.425575018,7.590816784,-0.152464536,-0.079984595,-169.812657785,0.009188528,0.261696003,0.068015125,1.937120646,1.856965513,2.024866794,true,OK
1785064985.549215794,0.119408238,0.041593966,9.270693378,7.846040229,-0.124586253,-0.152075801,-173.825593198,0.006559852,0.139882314,0.046593380,0.993557384,4.996732413,-0.543862871,true,OK
1785064986.547178030,0.020957467,0.131473284,8.168172430,7.773303656,-0.123357180,-0.155250852,-178.762488375,0.003178268,0.083929371,0.025887592,0.683620611,3.385996953,-0.881584714,true,OK
1785064987.547125816,0.022177534,0.073760771,8.595283594,7.604463444,-0.129513410,-0.200615701,-179.754860433,0.005049376,0.044234660,0.037351167,0.327211967,-2.081410939,2.080018165,true,OK
1785064988.547073126,0.122315108,0.030554342,8.743988088,7.650991383,-0.131508360,-0.202878032,-179.458905969,0.000864411,0.141274205,0.007040557,1.150666729,-2.084322539,1.877120316,true,OK
1785064989.547258854,0.022103827,0.109325842,8.178378541,7.605255483,-0.132070014,-0.207392006,-179.374580660,0.003645687,0.234902452,0.026960109,1.737120015,-1.834182689,1.839496068,true,OK
1785064990.547349930,0.020361059,0.065528326,8.725810703,7.648449548,-0.129888841,-0.208375817,-179.508502974,0.003172352,0.257170656,0.023591273,1.912455810,-1.851520230,1.815769846,true,OK
1785064991.547029257,0.122101194,0.021305692,9.006244613,7.676249522,-0.127399740,-0.214344716,-178.949565109,0.000018025,0.000000000,0.000146781,0.000000000,-1.843172903,1.795001747,true,OK
1785064992.547123194,0.022212399,0.095936539,8.403515771,7.560171609,-0.128128403,-0.213606405,-178.840753492,0.000314892,0.192814506,0.002303508,1.410483281,-1.847165584,1.787096082,true,OK
1785064993.547792435,0.021507974,0.056659386,8.757400753,7.651177802,-0.128305675,-0.213114551,-179.071867596,0.000133335,0.110143430,0.000986315,0.814758876,-1.827851534,1.775088074,true,OK
1785064994.547433376,0.022848062,0.012324201,7.939745200,7.719414454,-0.128735075,-0.212431322,-178.778691171,0.000041301,0.115349902,0.000305546,0.853371178,-1.821665453,1.784708726,true,OK
1785064995.547201872,0.020439166,0.090966878,8.545954809,7.649711939,-0.135520094,-0.201503596,-179.113705420,0.000430176,0.086229231,0.003183256,0.638086642,-1.798202320,1.783402240,true,OK
1785064996.546994448,0.022504402,0.046561954,9.006568992,7.708577881,-0.133855180,-0.202745239,-179.364547899,0.000224374,0.044234660,0.001824927,0.359778288,-1.804470755,1.782104520,true,OK
1785064997.548011541,0.023321755,0.126347965,8.010815055,7.660304110,-0.132229899,-0.204331037,-179.402731615,0.001091743,0.169020462,0.008080688,1.251028682,-1.804397714,1.789083761,true,OK
1785064998.547303438,0.023021616,0.081534497,8.700256436,7.725170305,-0.132773510,-0.204487768,-179.167239579,0.000127034,0.276245614,0.001034312,2.249204037,-1.792529930,1.800806964,true,OK
1785064999.547176361,0.122256886,0.025309284,8.759463063,7.600893049,-0.132916779,-0.204987841,-178.857010084,0.000263143,0.276245614,0.001948027,2.045024656,-1.784278899,1.785953370,true,OK
1785065000.547495842,0.021666172,0.116845688,8.362910243,7.718434411,-0.133156467,-0.205077960,-178.759542131,0.000733475,0.335717938,0.005986214,2.739940807,-1.791221302,1.788641111,true,OK
1785065001.547060490,0.022256576,0.059987816,8.799870621,7.609929991,-0.137019995,-0.196699642,-178.977522655,0.001434899,0.110143430,0.010615406,0.814842829,-1.778871507,1.813346750,true,OK
1785065002.547145844,0.121115782,0.015750930,8.852425282,7.652576590,-0.139116380,-0.195925129,-179.485492608,0.001182487,0.231546534,0.009548125,1.869648682,-1.773801055,1.814141323,true,OK
1785065003.547260761,0.022562395,0.093650721,8.396708729,7.568587253,-0.137614982,-0.199499941,-179.202973760,0.004884024,0.055952910,0.035919800,0.411508507,-1.770854998,1.806969439,true,OK
1785065004.547479391,0.022292684,0.050542701,8.815461701,7.599914564,-0.131566390,-0.212071468,-178.837089871,0.000225201,0.128204252,0.001663797,0.947178882,-1.790424717,1.805858138,true,OK
1785065005.548210621,0.122709266,0.007497612,8.978692643,7.650653460,-0.131168389,-0.211863271,-179.089947609,0.000577228,0.135620930,0.004706100,1.105708685,-1.781830224,1.793508132,true,OK
1785065006.547097921,0.023043218,0.085512506,8.433726647,7.597910530,-0.132242692,-0.211458755,-178.747233743,0.000414676,0.111905833,0.003070499,0.828614569,-1.770930765,1.804939011,true,OK
1785065007.547040701,0.021572274,0.041805718,8.975939580,7.654923759,-0.139522125,-0.194667290,-178.703452477,0.003085293,0.071326251,0.022844598,0.528124750,-1.739179453,1.902100258,true,OK
1785065008.547161818,0.022736856,0.119652153,8.001788576,7.590629952,-0.133351352,-0.195160883,-179.084866909,0.007927176,0.139882314,0.058627090,1.034528919,-1.758334406,1.914436634,true,OK
1785065009.547118187,0.023274425,0.075769086,8.730818994,7.639194595,-0.121883398,-0.209884175,-178.606122105,0.001100653,0.065610604,0.008163566,0.486635155,-1.746289598,1.865344838,true,OK
1785065010.547703743,0.122570491,0.033022533,8.815212763,7.710165958,-0.121954154,-0.209948505,-178.364865266,0.000035742,0.039564681,0.000264534,0.292826322,-1.744743188,1.852852656,true,OK
1785065011.547040462,0.022071707,0.111501491,8.142958133,7.629514089,-0.122472386,-0.209540448,-178.128626439,0.000238433,0.353324458,0.001764729,2.615080683,-1.757657734,1.869580056,true,OK
1785065012.547036409,0.021990112,0.066814041,8.732913954,7.654467702,-0.127693891,-0.204386221,-178.274895226,0.000800067,0.381035496,0.005968630,2.842587220,-1.770961156,1.864713615,true,OK
1785065013.547046423,0.121308552,0.022630959,8.972586435,7.702194529,-0.127028898,-0.205788781,-178.616073006,0.000580293,0.158258778,0.004294669,1.171251104,-1.791810205,1.857003744,true,OK
1785065014.547232628,0.022664607,0.097770510,8.433076093,7.608978781,-0.126810374,-0.206345155,-178.329448720,0.000255650,0.274825334,0.001840911,1.978989764,-1.785562024,1.840971721,true,OK
1785065015.547307014,0.022567844,0.058530811,8.789665236,7.671656570,-0.127789242,-0.206143280,-178.281770817,0.000693365,0.019782341,0.005134805,0.146500685,-1.774271214,1.845779026,true,OK
1785065016.547219515,0.021577986,0.013503883,7.955456756,7.706636390,-0.127950496,-0.205301501,-178.376554185,0.000071484,0.230699911,0.000529075,1.707478941,-1.775848952,1.846016203,true,OK
1785065017.546944857,0.022225612,0.093138069,8.486596339,7.660459384,-0.128600492,-0.205278437,-178.518117503,0.000287670,0.307104889,0.002130153,2.274068527,-1.768807473,1.855552491,true,OK
1785065018.547105074,0.020414122,0.047704430,8.804360766,7.696818491,-0.128454551,-0.205050027,-178.176977499,0.000303178,0.120331298,0.002448233,0.971703276,-1.776394396,1.839811075,true,OK
1785065019.547090530,0.022487579,0.128028123,7.969858729,7.650831067,-0.127710241,-0.205827793,-178.110239974,0.000760325,0.210289292,0.005624301,1.555558883,-1.761270060,1.849914266,true,OK
1785065020.547218323,0.022024178,0.083992391,8.516614430,7.707830304,-0.127825715,-0.205867344,-177.929267368,0.000834287,0.118694067,0.006798446,0.967215405,-1.751710192,1.847707446,true,OK
1785065021.547438860,0.123311719,0.039717231,8.734014332,7.714939468,-0.128543859,-0.204670306,-178.081546949,0.000363562,0.170174190,0.002726279,1.276103517,-1.759940718,1.846631979,true,OK
1785065022.547144890,0.022272700,0.117539871,8.072640750,7.638589717,-0.128308363,-0.205109969,-178.100415587,0.000128868,0.235733974,0.000955081,1.747100611,-1.768088427,1.846198837,true,OK
1785065023.547151089,0.022158678,0.074400242,8.733905179,7.704699620,-0.128341330,-0.205282978,-178.225362919,0.000190090,0.266144404,0.001551731,2.172577781,-1.763379320,1.847063396,true,OK
1785065024.547130108,0.119829452,0.018311585,8.806278797,7.603537728,-0.128663998,-0.205248508,-178.150766988,0.000142722,0.197823503,0.001055459,1.462950287,-1.781279659,1.839157012,true,OK
1785065025.547497749,0.021056260,0.110011212,8.370604312,7.714384110,-0.128314912,-0.204750270,-178.256367194,0.000875027,0.027976455,0.007135647,0.228141539,-1.758906098,1.848990890,true,OK
1785065026.547251463,0.023688378,0.049916094,8.882547302,7.561036232,-0.128515076,-0.204970170,-178.195319543,0.000180921,0.204630240,0.001337759,1.513065461,-1.751392562,1.868695597,true,OK
1785065027.547057867,0.119368535,0.009149884,8.969498534,7.649821233,-0.127927257,-0.205013332,-178.248475637,0.000250980,0.151951085,0.002044123,1.237575507,-1.776815501,1.876037438,true,OK
1785065028.547215700,0.020726620,0.088045713,8.400282329,7.599244584,-0.128349716,-0.204893850,-178.428248404,0.000061440,0.151951085,0.000454429,1.123881658,-1.770006410,1.875310571,true,OK
1785065029.547081470,0.022912671,0.043173168,8.990525608,7.657276785,-0.128200565,-0.204879972,-178.561762247,0.000422792,0.336881605,0.003128237,2.492586703,-1.772959765,1.853490758,true,OK
1785065030.547533274,0.022962004,0.134438244,8.010064146,7.712957450,-0.136793446,-0.196166890,-178.428629981,0.002064881,0.126668806,0.016811664,1.031300995,-1.747495385,1.917500881,true,OK
1785065031.547140121,0.021917534,0.077439100,8.530880418,7.586901126,-0.135692457,-0.198122529,-178.634915501,0.001367180,0.148037520,0.010126170,1.096456374,-1.716653009,1.899627428,true,OK
1785065032.547307014,0.121509038,0.033602104,8.729949544,7.632569261,-0.135464952,-0.199431552,-178.500811293,0.000630389,0.235733974,0.005131297,1.918849337,-1.746950119,1.886399748,true,OK
1785065033.547017574,0.022621345,0.113538346,8.069327189,7.602425692,-0.131309940,-0.203787174,-178.477634247,0.000034479,0.027976455,0.000255534,0.207339093,-1.755728057,1.885444786,true,OK
1785065034.547067642,0.023635479,0.069213971,8.738203504,7.646575071,-0.133353533,-0.202455499,-178.355175695,0.000668904,0.039564681,0.004952643,0.292941412,-1.764763104,1.885125969,true,OK
1785065035.547164679,0.120744911,0.024362884,8.719229362,7.641545345,-0.138333221,-0.197542242,-178.499901794,0.000800929,0.184517467,0.006513396,1.500552050,-1.761579149,1.873610838,true,OK
1785065036.547592640,0.021825805,0.102016451,8.368823566,7.572364645,-0.137128090,-0.199451313,-178.474574069,0.000459668,0.190774080,0.003401743,1.411811828,-1.731188074,1.876987921,true,OK
1785065037.547079086,0.022407484,0.060396571,8.784760515,7.652432161,-0.139929630,-0.197330795,-178.251268414,0.000224946,0.128204252,0.001664837,0.948845348,-1.736158505,1.877278157,true,OK
1785065038.547685862,0.120615669,0.016953078,8.952427244,7.681222331,-0.136633588,-0.200464945,-178.433353467,0.001170602,0.108352360,0.009442381,0.873998181,-1.761318550,1.882634484,true,OK
1785065039.547477245,0.021586667,0.094205385,8.425822924,7.590075478,-0.132949725,-0.204892186,-178.470933558,0.000246919,0.129721514,0.001826873,0.959767990,-1.764607299,1.866220424,true,OK
1785065040.548157215,0.021453829,0.049512497,8.796543508,7.621445506,-0.134502075,-0.204064356,-178.530768029,0.000445049,0.356631791,0.003240559,2.596763606,-1.758777276,1.862156852,true,OK
1785065041.548149824,0.023917626,0.007616324,7.973025777,7.703833558,-0.132725781,-0.204447623,-178.215189290,0.002327900,0.128204252,0.017220682,0.948393296,-1.752935101,1.892616767,true,OK
1785065042.547152281,0.022528000,0.085948405,8.535328338,7.622269562,-0.133233980,-0.204051905,-178.415476310,0.000938709,0.071326251,0.006952027,0.528238556,-1.739939276,1.893958229,true,OK
1785065043.547240257,0.020716606,0.041756830,8.948669133,7.655708451,-0.131789147,-0.206538343,-178.096498432,0.000377971,0.265408184,0.002795289,1.962831003,-1.749240208,1.880175101,true,OK
1785065044.547053814,0.023044047,0.120727695,8.051816948,7.604720013,-0.133653361,-0.205513296,-178.214202802,0.000083269,0.074018747,0.000616513,0.548027487,-1.757229043,1.865958548,true,OK
1785065045.547311068,0.022964118,0.076584513,8.719662591,7.646707503,-0.132870781,-0.206922109,-178.219583150,0.000243551,0.110143430,0.001802394,0.815115033,-1.752119839,1.867854765,true,OK
1785065046.547791004,0.123182814,0.033199443,8.745936313,7.715673495,-0.133117579,-0.206949016,-178.094011294,0.000525781,0.269069166,0.003884844,1.988075851,-1.742774820,1.871669757,true,OK
1785065047.547158003,0.020797326,0.111700455,8.148919136,7.612051153,-0.135089884,-0.204701369,-178.434341858,0.000954932,0.131221234,0.007063636,0.970643525,-1.712407824,1.876375894,true,OK
1785065048.547058344,0.022631200,0.066581163,8.767347458,7.638973549,-0.137749335,-0.204246450,-178.165170126,0.000403867,0.039564681,0.002986578,0.292579057,-1.710231457,1.869020560,true,OK
1785065049.547072649,0.121798008,0.023335327,8.978328589,7.709837043,-0.137127342,-0.203779401,-178.057775947,0.000573316,0.239031114,0.004235764,1.766005832,-1.751401626,1.873616280,true,OK
1785065050.547071457,0.021309816,0.100997938,8.427347754,7.601877995,-0.138036639,-0.204086103,-178.466855486,0.000209566,0.365304984,0.001548844,2.699864748,-1.728701992,1.878102595,true,OK
1785065051.547126055,0.021308427,0.057813289,8.755490226,7.643339793,-0.139278870,-0.204507835,-178.148404826,0.000607003,0.125114538,0.004488273,0.925116096,-1.728000290,1.867783958,true,OK
1785065052.547132254,0.022723514,0.013761126,7.964846763,7.698948753,-0.132501914,-0.214901740,-177.935175065,0.001000856,0.135620930,0.007418216,1.005204457,-1.760121547,1.867097188,true,OK
1785065053.547742605,0.022437080,0.094025601,8.459889148,7.658240828,-0.128401246,-0.225544568,-177.603231288,0.000432752,0.111905833,0.003203063,0.828283162,-1.769639790,1.831533326,true,OK
1785065054.547155619,0.022239074,0.048289382,8.832357548,7.675062634,-0.127296566,-0.226411741,-177.928668905,0.000651610,0.120331298,0.004790826,0.884710984,-1.793305183,1.828949211,true,OK
1785065055.547385931,0.023559825,0.005134504,7.973421906,7.710412870,-0.129962265,-0.223841915,-177.624890822,0.001938752,0.083929371,0.014349240,0.621184388,-1.775833979,1.803752448,true,OK
1785065056.547143221,0.022924088,0.082727391,8.548615853,7.634033922,-0.128839385,-0.227430919,-177.719806672,0.000733267,0.121946558,0.005384738,0.895513201,-1.736704675,1.801908883,true,OK
1785065057.547147989,0.121512700,0.040250382,8.706189819,7.712366375,-0.128720740,-0.227630440,-177.607489187,0.000213909,0.131221234,0.001585569,0.972656513,-1.740909394,1.821601227,true,OK
1785065058.547296524,0.023191925,0.119016676,8.081002143,7.649229226,-0.124705856,-0.232756599,-177.591212450,0.001275035,0.155766359,0.009452555,1.154784253,-1.768392425,1.831331652,true,OK
1785065059.547301531,0.022583059,0.074373825,8.747564864,7.698859870,-0.125186111,-0.232558123,-177.594177816,0.000141479,0.118694067,0.001152855,0.967191863,-1.782536331,1.824615771,true,OK
1785065060.547000408,0.120859208,0.030840686,8.807218303,7.722613232,-0.125014856,-0.232463054,-177.663335562,0.000548227,0.102792073,0.004040965,0.757677609,-1.798136136,1.813051773,true,OK
1785065061.547715664,0.022727430,0.109832587,8.190012597,7.654379602,-0.124635903,-0.232157096,-177.878628471,0.000356900,0.141274205,0.002639098,1.044653086,-1.761275644,1.816243021,true,OK
1785065062.547233820,0.022185362,0.064808659,8.734470039,7.689257380,-0.124305923,-0.232632680,-177.626671535,0.000452533,0.123540700,0.003681203,1.004960884,-1.737107230,1.808202463,true,OK
1785065063.547476768,0.120677911,0.022220751,8.931430153,7.732475117,-0.125045130,-0.233380242,-177.778873730,0.000378828,0.059347027,0.002802152,0.438983667,-1.765831588,1.832913051,true,OK
1785065064.547121048,0.022873987,0.097951144,8.404348417,7.629384258,-0.121515911,-0.240897959,-177.460353434,0.001202378,0.117033931,0.008822753,0.858766265,-1.798341086,1.798140198,true,OK
1785065065.547136545,0.022157378,0.056148219,8.763390804,7.706448144,-0.121654720,-0.240348488,-177.573571235,0.000474756,0.102792073,0.003863529,0.836513660,-1.789696555,1.794274656,true,OK
1785065066.547060490,0.022911541,0.000242005,7.978556905,7.599898849,-0.122111298,-0.238817683,-177.906181477,0.000175611,0.108352360,0.001300412,0.802355122,-1.785629452,1.780996119,true,OK
1785065067.547158718,0.023144657,0.091365081,8.467540954,7.684823021,-0.122607778,-0.239590179,-178.204883766,0.000277545,0.062557256,0.002051400,0.462375723,-1.765891441,1.792048611,true,OK
1785065068.547482014,0.023570998,0.046088010,8.972424798,7.695495259,-0.121984465,-0.239716250,-178.202112170,0.000511525,0.055952910,0.004163707,0.455445099,-1.800222572,1.804147850,true,OK
1785065069.547023296,0.021401986,0.125308853,8.023801646,7.640094467,-0.121426409,-0.239763053,-178.178039875,0.000208910,0.115349902,0.001544887,0.853009659,-1.803627846,1.819099555,true,OK
1785065070.547082424,0.022283413,0.082252593,8.724758540,7.714271882,-0.121218270,-0.239166964,-178.256037275,0.000550059,0.115349902,0.004480250,0.939529701,-1.808565584,1.812877068,true,OK
1785065071.547099352,0.119352917,0.038522117,8.712012358,7.757039342,-0.121644543,-0.240143495,-177.997317327,0.000454936,0.154505069,0.003366520,1.143334254,-1.789042287,1.800034012,true,OK
1785065072.548010349,0.021496875,0.116469627,8.074336020,7.646678422,-0.121591018,-0.240578272,-178.022902156,0.000494960,0.125114538,0.003666018,0.926684660,-1.780375573,1.789587532,true,OK
1785065073.547129393,0.021086754,0.072435055,8.698603581,7.710333055,-0.121139962,-0.240380577,-178.235768657,0.000119603,0.055952910,0.000976400,0.456780495,-1.760190182,1.797792316,true,OK
1785065074.547404289,0.119824283,0.016828402,8.777941250,7.613317697,-0.121341897,-0.240159212,-178.185257414,0.000354476,0.055952910,0.002570729,0.405781198,-1.797783508,1.789737775,true,OK
1785065075.547447443,0.022068200,0.107363212,8.380185784,7.699887035,-0.121969385,-0.240949020,-178.285654471,0.000167648,0.362076892,0.001364488,2.946949220,-1.823875970,1.789012007,true,OK
1785065076.547524214,0.022429169,0.064387225,8.822529357,7.752970980,-0.122257974,-0.240585306,-178.098137497,0.001041389,0.000000000,0.008482770,0.000000000,-1.788652768,1.771565362,true,OK
1785065077.547179699,0.120999424,0.007633979,8.952943367,7.615961361,-0.129993342,-0.223941009,-178.029300983,0.004597183,0.332790962,0.034001553,2.461379093,-1.651766617,1.897870899,true,OK
1785065078.547183514,0.022307684,0.097404355,8.453751871,7.697206335,-0.125222589,-0.228680954,-177.946846171,0.001198582,0.148037520,0.009748222,1.204008636,-1.717862619,1.959985928,true,OK
1785065079.547231436,0.021549537,0.054476078,8.946956241,7.745415039,-0.119671058,-0.237038421,-177.893199751,0.000435639,0.285990293,0.003548906,2.329800618,-1.766533570,1.909696674,true,OK
1785065080.547269106,0.021322328,0.133539438,8.012356016,7.654294602,-0.119302188,-0.237191544,-178.114586395,0.000768224,0.052339156,0.005683150,0.387193541,-1.765290378,1.912113382,true,OK
1785065081.547115564,0.021168194,0.089217743,8.574133110,7.705039310,-0.120384465,-0.236165094,-177.778919310,0.000197982,0.387653870,0.001609191,3.150837645,-1.760708502,1.896725488,true,OK
1785065082.547227859,0.023300147,0.045665402,9.019865480,7.737721646,-0.120814956,-0.235570924,-177.913789319,0.000216555,0.131221234,0.001765943,1.070068927,-1.737751603,1.892453248,true,OK
1785065083.547153234,0.021924950,0.124405117,8.006113507,7.654839056,-0.121352112,-0.236130499,-177.527410350,0.000155441,0.161925496,0.001150910,1.198925687,-1.751484780,1.900152188,true,OK
1785065084.547139406,0.022470720,0.080201467,8.729758255,7.738624458,-0.120735098,-0.236186780,-178.015729556,0.000024065,0.209356731,0.000196485,1.709318310,-1.757910877,1.914797613,true,OK
1785065085.548570633,0.121795440,0.036969008,8.729141502,7.721711977,-0.120530157,-0.235370036,-178.006630276,0.000941463,0.184517467,0.006973430,1.366723879,-1.769494628,1.905254485,true,OK
1785065086.547004461,0.020782756,0.114633450,8.065699909,7.653643084,-0.121413262,-0.235333731,-178.074899823,0.000138495,0.068528042,0.001032225,0.510748787,-1.772282928,1.899368842,true,OK
1785065087.547024727,0.022820725,0.070600533,8.737121457,7.703864403,-0.121364621,-0.235874413,-177.458930599,0.000172761,0.286673658,0.001406981,2.334693810,-1.752093334,1.896247044,true,OK
1785065088.547354221,0.123799636,0.027221094,8.837657501,7.741342512,-0.121027481,-0.235822262,-177.817660691,0.000219259,0.132704012,0.001592688,0.963957738,-1.741454953,1.902156395,true,OK
1785065089.547426224,0.022322212,0.106109554,8.405160534,7.653309301,-0.121276721,-0.235545482,-177.923885167,0.000240306,0.138476416,0.001779237,1.025285430,-1.751086837,1.907851412,true,OK
1785065090.547115564,0.022987022,0.061562167,8.792250191,7.712420613,-0.121771771,-0.235782130,-177.702813302,0.000287431,0.193826655,0.002346843,1.582572918,-1.785418777,1.909468770,true,OK
1785065091.547047615,0.022864074,0.018036213,7.957641128,7.756594588,-0.121670523,-0.235958605,-177.397885669,0.000192169,0.111905833,0.001422936,0.828620833,-1.779908421,1.901858327,true,OK
1785065092.547042847,0.022602549,0.096782254,8.473340319,7.663022255,-0.121331255,-0.235890800,-177.625374818,0.000173320,0.118694067,0.001282294,0.878148614,-1.750328282,1.910728515,true,OK
1785065093.547117472,0.021276909,0.049288996,8.846178210,7.668400923,-0.121125674,-0.235624591,-177.954028333,0.000359901,0.298051366,0.002931050,2.427344378,-1.741222223,1.908619134,true,OK
1785065094.547314405,0.020175848,0.009090690,7.977820311,7.755647499,-0.121614666,-0.236138608,-177.876194999,0.000091696,0.096913294,0.000679094,0.717732158,-1.747145271,1.909815996,true,OK
1785065095.547182083,0.020587467,0.087887187,8.523673300,7.656874917,-0.121672871,-0.237203581,-177.367177801,0.000243635,0.229850193,0.001804725,1.702612877,-1.778684256,1.904824121,true,OK
1785065096.547251463,0.021332019,0.043685096,8.984485837,7.721951327,-0.121812906,-0.237366683,-177.343936895,0.000303462,0.269069166,0.002476359,2.195704291,-1.793774540,1.897468400,true,OK
1785065097.547230005,0.021971790,0.122471827,8.007025465,7.649829673,-0.122053077,-0.237408451,-177.389053716,0.000274036,0.262442628,0.002027124,1.941360697,-1.777825030,1.887923701,true,OK
1785065098.547369719,0.022121126,0.077959657,8.690581595,7.646586590,-0.122374739,-0.237787256,-177.565177133,0.000295775,0.163129423,0.002189022,1.207315350,-1.747218004,1.897190003,true,OK
1785065099.547410488,0.122152164,0.034082541,8.753400452,7.707561780,-0.122537770,-0.237695589,-177.412800495,0.000176037,0.121946558,0.001303064,0.902676910,-1.746231329,1.903917917,true,OK
1785065100.547214746,0.022460465,0.112657925,8.067132706,7.640195315,-0.122533562,-0.237519168,-177.302251782,0.000102132,0.285990293,0.000755026,2.114224771,-1.769832432,1.918752628,true,OK
1785065101.547474384,0.022553874,0.069613254,8.716808415,7.658604942,-0.123869475,-0.237470232,-177.445951818,0.000400769,0.234902452,0.002967086,1.739098089,-1.776598543,1.908971069,true,OK
1785065102.547142744,0.122245819,0.024675435,8.951366801,7.711182401,-0.126289683,-0.235972024,-177.499072000,0.000680762,0.120331298,0.004975672,0.879498500,-1.761354377,1.904270400,true,OK
1785065103.547319651,0.021873006,0.101119287,8.403617795,7.620120235,-0.127971231,-0.233835533,-177.368619189,0.000713256,0.352770226,0.005280513,2.611694364,-1.739806548,1.898076234,true,OK
1785065104.547188044,0.022064991,0.060162126,8.771742928,7.681296138,-0.128340999,-0.231423636,-177.638066630,0.000704966,0.309642997,0.005220405,2.292964895,-1.752336962,1.917610296,true,OK
1785065105.547167778,0.021942302,0.016344428,7.986000579,7.714810122,-0.129803252,-0.232575620,-177.363631657,0.001131963,0.065610604,0.008392407,0.486438894,-1.759137325,1.895317832,true,OK
1785065106.547349215,0.019548752,0.094255413,8.390319112,7.656320138,-0.132653108,-0.229437815,-177.131370527,0.000442831,0.139882314,0.003277664,1.035353696,-1.754307845,1.891491178,true,OK
1785065107.547471285,0.020661496,0.047958426,8.813408025,7.677771765,-0.139052247,-0.220082006,-177.853288145,0.002021947,0.317751846,0.016165225,2.540387722,-1.660968794,1.908719046,true,OK
1785065108.547044039,0.021678258,0.006763157,7.975674089,7.734843649,-0.140287368,-0.219142976,-177.683042907,0.001855723,0.186626315,0.013721034,1.379896769,-1.669549695,1.899434326,true,OK
1785065109.547047377,0.022336511,0.085616542,8.551295048,7.651484100,-0.129746217,-0.231781807,-177.744953449,0.002882591,0.115349902,0.021308716,0.852690506,-1.678449418,1.959761299,true,OK
1785065110.547007084,0.022460902,0.041127023,8.983753488,7.704165149,-0.119574507,-0.239088347,-177.269303998,0.001419257,0.305827937,0.011518997,2.482165361,-1.734558717,1.983640940,true,OK
1785065111.547225952,0.022032614,0.119584542,8.007084461,7.608175161,-0.116792196,-0.243914074,-177.429816615,0.000497085,0.115349902,0.003680081,0.853973010,-1.762634522,1.956793209,true,OK
1785065112.547053099,0.022588551,0.074273267,8.721977256,7.627677454,-0.114318909,-0.250055569,-177.161851245,0.001119377,0.180225774,0.008183826,1.317640200,-1.742443280,1.927096457,true,OK
1785065113.547319412,0.123639708,0.032524492,8.864798438,7.719895470,-0.111297346,-0.258094254,-176.880957715,0.000497588,0.126668806,0.003685572,0.938220577,-1.717374993,1.864326148,true,OK
1785065114.548939466,0.023212674,0.113225160,8.183089109,7.649643648,-0.109801680,-0.261091788,-176.805580334,0.000039442,0.157017511,0.000292148,1.163034697,-1.695777730,1.881772453,true,OK
1785065115.547216892,0.019628211,0.066659105,8.658174598,7.698135437,-0.109789540,-0.260300064,-177.052006389,0.000079809,0.048456644,0.000649526,0.394365429,-1.683518088,1.883344212,true,OK
1785065116.547125340,0.119377498,0.022947036,8.934305946,7.720602765,-0.113913731,-0.253860951,-177.135856659,0.001279185,0.134170395,0.009472943,0.993592684,-1.706945771,1.896785546,true,OK
1785065117.547027111,0.021796420,0.098792840,8.413218101,7.624212102,-0.111918262,-0.257541780,-176.900361128,0.001250448,0.257170656,0.009122093,1.876074744,-1.748094484,1.899224623,true,OK
1785065118.547414064,0.021131869,0.058412969,8.796363880,7.713620722,-0.113121502,-0.255770698,-176.819024834,0.000161317,0.092787413,0.001313175,0.755318732,-1.743942016,1.888471864,true,OK
1785065119.547106504,0.021018736,0.136999951,7.967765670,7.651637597,-0.111546227,-0.255949694,-176.889820119,0.000332341,0.259443188,0.002462355,1.922245917,-1.743096522,1.903930211,true,OK
1785065120.547971487,0.021512783,0.093605059,8.419972981,7.717032118,-0.113728689,-0.254161972,-176.896671179,0.000615833,0.076616680,0.005013321,0.623714382,-1.713797378,1.910883114,true,OK
1785065121.547083378,0.022342187,0.047599766,8.952844934,7.729687713,-0.112243613,-0.255781229,-177.145280905,0.000405731,0.354981980,0.003297994,2.885477243,-1.726518930,1.923471593,true,OK
1785065122.547137260,0.023336633,0.127875552,8.005395910,7.655882686,-0.111799184,-0.257000491,-177.124421722,0.003454655,0.144017660,0.025579479,1.066357402,-1.756419273,1.900397591,true,OK
1785065123.547439575,0.021238831,0.083552109,8.669130837,7.708664868,-0.113464503,-0.260113186,-177.063311139,0.002359083,0.274112407,0.019166475,2.227038127,-1.755932896,1.931677015,true,OK
1785065124.547129631,0.121540417,0.027601364,8.742586292,7.611217801,-0.135129018,-0.255175133,-176.862019008,0.001675036,0.158258778,0.012435280,1.174895443,-1.737903804,1.890747875,true,OK
1785065125.547172070,0.021118716,0.118298960,8.154103620,7.722267008,-0.141179314,-0.255403040,-176.900404224,0.000529168,0.228997300,0.004304163,1.862626805,-1.729611393,1.879428826,true,OK
1785065126.547094822,0.019613000,0.074304418,8.680936388,7.727874226,-0.139652659,-0.252366060,-177.303190111,0.000599412,0.094872788,0.004882503,0.772785121,-1.736583944,1.869841214,true,OK
1785065127.547142982,0.121300308,0.018230620,8.817244510,7.614913463,-0.135916816,-0.255698673,-177.555540308,0.000902092,0.083929371,0.006584387,0.612601997,-1.755922623,1.867980718,true,OK
1785065128.547073841,0.019385772,0.109474626,8.315030467,7.720549718,-0.128431680,-0.258620664,-177.862781130,0.001197863,0.104678325,0.009760817,0.852973984,-1.761724619,1.857295691,true,OK
1785065129.547127962,0.021060026,0.064072320,8.843615322,7.730068013,-0.126508329,-0.260690879,-177.128782928,0.000312484,0.134170395,0.002519124,1.081629022,-1.742194800,1.854017530,true,OK
1785065130.547192097,0.122443745,0.009282497,9.028583125,7.619899438,-0.126432124,-0.260751099,-177.233038619,0.000288930,0.362616904,0.002136766,2.681710069,-1.740842807,1.872101500,true,OK
1785065131.547035933,0.022891654,0.097731422,8.472918022,7.683967345,-0.127745808,-0.261873060,-177.330733662,0.000143490,0.065610604,0.001162198,0.531412613,-1.761566815,1.885412953,true,OK
1785065132.547008753,0.020813427,0.043002288,8.954559355,7.594733679,-0.127626003,-0.263050193,-177.354612776,0.000664826,0.113640914,0.004912669,0.839739510,-1.760036757,1.862125677,true,OK
1785065133.547329187,0.023000303,0.134125166,8.039679347,7.701653429,-0.127518090,-0.264039922,-176.777483302,0.000490872,0.106531181,0.003999721,0.868037713,-1.754779856,1.852735219,true,OK
1785065134.547160387,0.022365937,0.090970929,8.473104205,7.723232876,-0.127247088,-0.264341971,-176.731636764,0.000499178,0.125114538,0.004084284,1.023689816,-1.743431261,1.856821735,true,OK
1785065135.547137499,0.122662711,0.034777253,8.726932253,7.602102497,-0.113990392,-0.267428863,-176.966315854,0.004063335,0.365840247,0.030050732,2.705602256,-1.761174530,1.872202227,true,OK
1785065136.547138929,0.022079672,0.125573783,8.085040324,7.717209415,-0.119574858,-0.257254327,-177.014053172,0.005452714,0.550008133,0.045067215,4.545871381,-1.720815260,1.823158836,true,OK
1785065137.547051430,0.022273230,0.069522002,8.711375542,7.598359906,-0.123795191,-0.250492460,-176.789792492,0.006464574,0.192814506,0.047818833,1.426260167,-1.746649471,1.909991841,true,OK
1785065138.547057152,0.121060558,0.024186545,8.738841425,7.596089083,-0.125557573,-0.242202521,-177.358048616,0.003121153,0.094872788,0.023099807,0.702158168,-1.746236343,1.909051259,true,OK
1785065139.547168732,0.021877350,0.117118460,8.368349026,7.717965219,-0.113097022,-0.260674049,-176.906388804,0.001826042,0.187671854,0.014881599,1.529459413,-1.761096737,1.890974130,true,OK
1785065140.547246218,0.019413913,0.060613768,8.675612985,7.615727967,-0.112931396,-0.262268071,-176.310494401,0.000217125,0.108352360,0.001622691,0.809775859,-1.771101551,1.864471469,true,OK
1785065141.547222614,0.120175382,0.016650193,8.819730636,7.655770753,-0.112897784,-0.262774944,-176.430775793,0.000116653,0.044234660,0.000950566,0.360453917,-1.781587825,1.879143753,true,OK
1785065142.547416687,0.022603085,0.107837843,8.473116154,7.721198695,-0.112900246,-0.262687235,-176.042798236,0.000205031,0.351102272,0.001667445,2.855389653,-1.805821437,1.884476532,true,OK
1785065143.547158241,0.023489935,0.047559103,8.869078247,7.561134313,-0.113235163,-0.263561230,-175.940855635,0.000447284,0.159490387,0.003226047,1.150328298,-1.793543023,1.847012372,true,OK
1785065144.547362328,0.021773975,0.007702963,7.976760979,7.658527718,-0.110562715,-0.267927712,-175.556303732,0.000593925,0.104678325,0.004839051,0.852874660,-1.788649145,1.844557296,true,OK
1785065145.547102690,0.022234873,0.098248946,8.459521611,7.751359566,-0.113497871,-0.261454106,-175.589688142,0.001740329,0.113640914,0.014163895,0.924881591,-1.739346377,1.847741279,true,OK
1785065146.547733068,0.023501341,0.042641967,8.956977696,7.607194354,-0.113098076,-0.264114258,-175.670472330,0.000102591,0.118694067,0.000759317,0.878500445,-1.758840410,1.857657547,true,OK
1785065147.547521591,0.022325409,0.133751972,8.004966929,7.722091998,-0.110626573,-0.269368838,-175.467984882,0.000859598,0.391171230,0.007001004,3.185898956,-1.790317928,1.860691545,true,OK
1785065148.547401428,0.021212517,0.077354055,8.488165942,7.599994851,-0.105107726,-0.279078668,-174.999040829,0.001584691,0.164324520,0.011736373,1.217003381,-1.847065639,1.818825822,true,OK
1785065149.547191143,0.122688938,0.032588808,8.724602731,7.605554487,-0.108974682,-0.270729470,-175.064514934,0.004977810,0.153233400,0.036868612,1.134937453,-1.769112667,1.857252253,true,OK
1785065150.547101974,0.021925493,0.123950625,8.150995660,7.711758717,-0.115406966,-0.260914271,-175.331846470,0.005725129,0.104678325,0.046579453,0.851659190,-1.715621530,1.905102687,true,OK
1785065151.547121763,0.021664598,0.079580554,8.719620085,7.755812770,-0.112775492,-0.266433392,-175.093541944,0.000407400,0.390670679,0.003330028,3.193285933,-1.751120151,1.890823926,true,OK
1785065152.547911167,0.118935189,0.024612876,8.712536199,7.613552882,-0.111920065,-0.267726247,-174.961465502,0.000328140,0.257930381,0.002430833,1.910723138,-1.771464158,1.864744659,true,OK
1785065153.547359943,0.019675504,0.114148650,8.350718130,7.701111048,-0.109261319,-0.268919487,-175.135777906,0.001583140,0.324454956,0.012890533,2.641837355,-1.783556554,1.881729470,true,OK
1785065154.548352242,0.021872656,0.069430595,8.738595389,7.683598324,-0.107239467,-0.271812947,-175.081185671,0.000258957,0.088469326,0.002081969,0.711277119,-1.751631030,1.871520715,true,OK
1785065155.547650814,0.122155462,0.014309697,8.801812359,7.597748767,-0.107794718,-0.271062192,-175.003203147,0.000288166,0.159490387,0.002125480,1.176382213,-1.747844093,1.877087616,true,OK
1785065156.547200918,0.023065603,0.105352604,8.399571773,7.674172274,-0.108085507,-0.271580496,-175.111539437,0.000579879,0.039564681,0.004293135,0.292917020,-1.734444600,1.882103808,true,OK
1785065157.548042059,0.022488851,0.062709796,8.765893198,7.714610744,-0.109334846,-0.269937599,-175.119121421,0.000936099,0.271242046,0.007618138,2.207414563,-1.761157335,1.878831952,true,OK
1785065158.547107220,0.023782485,0.005282859,7.943157395,7.596658503,-0.108515802,-0.270864227,-175.069339000,0.000469146,0.048456644,0.003477620,0.359192327,-1.773637618,1.878699091,true,OK
1785065159.547207594,0.020194009,0.096389704,8.420433927,7.679044106,-0.108094339,-0.272005160,-174.723190709,0.000411403,0.100870555,0.003045259,0.746656874,-1.733689085,1.872816222,true,OK
1785065160.547219753,0.021765576,0.049329891,8.879549809,7.677204280,-0.106991160,-0.272718586,-174.798104231,0.000111256,0.118694067,0.000902632,0.962976981,-1.738011972,1.872527533,true,OK
1785065161.547268629,0.020869336,0.008667978,8.003767106,7.748814495,-0.106291389,-0.272698165,-175.063350158,0.000620657,0.121946558,0.004608066,0.905392403,-1.745759201,1.879899526,true,OK
1785065162.547342777,0.022171378,0.087638421,8.568767700,7.656167472,-0.108715352,-0.270703780,-174.938900003,0.001015936,0.258687892,0.007527550,1.916740455,-1.752082517,1.891412467,true,OK
1785065163.547174931,0.020503865,0.043234161,8.966267006,7.722717006,-0.108530320,-0.270950153,-175.142471249,0.000280761,0.102792073,0.002298774,0.841624568,-1.759235339,1.881297871,true,OK
1785065164.547258377,0.019953373,0.122269840,7.986441535,7.650125488,-0.108965018,-0.271615666,-174.972222181,0.000324304,0.379491794,0.002400256,2.808717673,-1.785788901,1.878905040,true,OK
1785065165.547386885,0.021303786,0.078186348,8.704318736,7.658479401,-0.108668408,-0.271466524,-175.155819427,0.000279793,0.102792073,0.002070000,0.760490325,-1.755782714,1.872164665,true,OK
1785065166.547119141,0.119727379,0.033752925,8.718098579,7.708534858,-0.109057553,-0.271722019,-175.169236980,0.000365915,0.409261120,0.002711039,3.032191154,-1.747928528,1.879427409,true,OK
1785065167.547064781,0.022740201,0.112760783,8.201999679,7.611602961,-0.109491285,-0.271992578,-174.878099496,0.000173704,0.245492580,0.001285967,1.817429520,-1.750041665,1.893696056,true,OK
1785065168.547823906,0.023503474,0.069623034,8.765389038,7.651825847,-0.108645591,-0.271962536,-174.903279936,0.000121373,0.102792073,0.000898745,0.761154788,-1.766267240,1.889758139,true,OK
1785065169.547032118,0.121735462,0.024300895,8.974013457,7.675457093,-0.114126311,-0.264792573,-175.094074947,0.000524462,0.341496652,0.004271443,2.781292337,-1.768493048,1.889992106,true,OK
1785065170.547018051,0.023871998,0.102558937,8.470977142,7.592921978,-0.115214364,-0.264351860,-175.024103761,0.000520198,0.137056110,0.003851108,1.014647105,-1.734459240,1.885330922,true,OK
1785065171.547236443,0.021763347,0.059887219,8.778524347,7.656080155,-0.114735264,-0.264576422,-174.983173489,0.000122483,0.260196297,0.000906697,1.926141351,-1.712771785,1.882414716,true,OK
1785065172.547389984,0.122237887,0.014877016,8.859833155,7.653248673,-0.113345291,-0.264007863,-175.083869640,0.000055299,0.142652530,0.000450787,1.162868655,-1.738808184,1.896520168,true,OK
1785065173.547481537,0.023889311,0.093595596,8.472887149,7.587037311,-0.113546432,-0.263931212,-174.788494034,0.000065286,0.106531181,0.000478926,0.781494154,-1.761129002,1.888051390,true,OK
1785065174.547685385,0.022184297,0.048590987,8.864399328,7.603777121,-0.113289613,-0.264475052,-174.769812350,0.000440715,0.197823503,0.003213917,1.442627824,-1.758386175,1.874799496,true,OK
1785065175.547165632,0.123230581,0.006662585,9.028597322,7.637024841,-0.112060193,-0.264379161,-174.932574377,0.000197661,0.098911718,0.001463936,0.732568541,-1.744811280,1.887072326,true,OK
1785065176.547483206,0.022946736,0.097686498,8.423702721,7.711482909,-0.113026195,-0.263623238,-174.703569493,0.000441892,0.094872788,0.003600174,0.772945046,-1.721333862,1.889912515,true,OK
1785065177.547186613,0.021700861,0.049434517,8.847412713,7.670083254,-0.112449994,-0.263394241,-175.100834018,0.000469482,0.132704012,0.003821223,1.080107588,-1.728286897,1.883003994,true,OK
1785065178.547128916,0.022512801,0.009174371,7.967584166,7.723153754,-0.110023509,-0.268160702,-174.605999472,0.002292422,0.027976455,0.016985947,0.207294550,-1.767399267,1.872293855,true,OK
1785065179.547193289,0.022107571,0.088295374,8.529280418,7.653694342,-0.109116368,-0.269304687,-174.657343712,0.000590718,0.121946558,0.004370516,0.902240437,-1.776629254,1.872210650,true,OK
1785065180.547168255,0.022784082,0.044392199,8.995236069,7.655948231,-0.107391185,-0.269869799,-175.360071753,0.000620242,0.111905833,0.004586722,0.827549969,-1.760979915,1.861634208,true,OK
1785065181.547282457,0.022762804,0.135701196,8.021671184,7.759117140,-0.108404716,-0.269846956,-174.954728641,0.000405331,0.269795407,0.003305880,2.200452293,-1.766299954,1.877855608,true,OK
1785065182.547097683,0.021911251,0.078221554,8.463917499,7.600192474,-0.108037307,-0.270513733,-175.010470975,0.000377928,0.336881605,0.002793840,2.490402962,-1.742283218,1.867843197,true,OK
1785065183.547161818,0.120358336,0.034802207,8.663415904,7.619792018,-0.107178735,-0.271784961,-174.846961903,0.000455458,0.392170386,0.003368845,2.900734207,-1.753182745,1.869578012,true,OK
1785065184.547023535,0.022097790,0.125202476,8.079036869,7.703453969,-0.106621325,-0.271168462,-175.235333042,0.000179227,0.204630240,0.001462433,1.669719150,-1.773962569,1.868189262,true,OK
1785065185.547057152,0.021978250,0.082047876,8.701080475,7.723557618,-0.107299529,-0.271433553,-175.023332191,0.000108629,0.071326251,0.000884684,0.580889152,-1.754289666,1.867426140,true,OK
1785065186.547144890,0.121678203,0.025969748,8.754917929,7.600679041,-0.107166746,-0.271959578,-174.864349448,0.000445128,0.258687892,0.003295967,1.915465109,-1.742835518,1.870506815,true,OK
1785065187.547109127,0.021337645,0.117286454,8.072032681,7.674797178,-0.106394419,-0.271990599,-174.926097125,0.000050209,0.019782341,0.000372536,0.146780499,-1.732821968,1.878207594,true,OK
1785065188.547717810,0.021645669,0.072964169,8.684323974,7.703117248,-0.106464405,-0.271370924,-174.867840882,0.000407913,0.213978861,0.003317556,1.740288362,-1.736265092,1.876237673,true,OK
1785065189.547261000,0.121470005,0.029771444,8.825781168,7.758266439,-0.106856754,-0.271839283,-175.010678327,0.000280485,0.218503234,0.002072528,1.614537205,-1.745906215,1.884399044,true,OK
1785065190.547007322,0.023470052,0.108035130,8.194586002,7.657880418,-0.106610772,-0.272069300,-175.032623398,0.000049040,0.246288351,0.000364068,1.828416044,-1.725339767,1.889649189,true,OK
1785065191.547060728,0.022613832,0.063865723,8.721888877,7.661439056,-0.105629721,-0.272195283,-175.206518294,0.000611115,0.090654086,0.004519752,0.670469049,-1.726194373,1.894692778,true,OK
1785065192.547121763,0.124303824,0.020227623,8.877233075,7.667952653,-0.104268893,-0.270833514,-175.487937042,0.001029243,0.357180047,0.008377751,2.907345448,-1.732368904,1.913729387,true,OK
1785065193.547219038,0.023831613,0.110368127,8.406619753,7.739878804,-0.110184748,-0.266062876,-175.027796435,0.000949939,0.102792073,0.007733679,0.836854336,-1.736290383,1.918488877,true,OK
1785065194.547166109,0.022507940,0.054479568,8.847896105,7.609221031,-0.111963094,-0.262475462,-175.060882886,0.005400484,0.098911718,0.040286744,0.737865543,-1.787846598,1.987809259,true,OK
1785065195.547529221,0.121825104,0.011247831,8.982122552,7.634988715,-0.124686306,-0.228772613,-176.437224447,0.004302384,0.258687892,0.031855937,1.915390679,-1.711551512,2.078928108,true,OK
1785065196.547050476,0.021940114,0.099091621,8.398348609,7.681390940,-0.085614868,-0.242447594,-175.979874430,0.000613280,0.142652530,0.004911587,1.142464188,-2.032319722,1.888534152,true,OK
1785065197.547903299,0.022458030,0.058739270,8.728995676,7.722340303,-0.084543564,-0.241230976,-175.848012999,0.000406589,0.125114538,0.003310058,1.018562443,-1.565773089,1.466130754,true,OK
1785065198.547310114,0.022314564,0.013610205,7.947703997,7.744087970,-0.082616028,-0.236573898,-175.998251469,0.000172704,0.207479056,0.001278459,1.535884740,-1.646420613,1.629928968,true,OK
1785065199.547159433,0.020776018,0.092623407,8.436677085,7.666496655,-0.082957708,-0.236694591,-176.210743533,0.000469221,0.115349902,0.003474716,0.854198515,-1.634030351,1.649297758,true,OK
1785065200.547344446,0.022569530,0.047950777,8.857938645,7.656823417,-0.083988089,-0.241581196,-176.278610734,0.000298106,0.328649386,0.002199616,2.424988103,-1.661440812,1.654147173,true,OK
1785065201.547025919,0.022671476,0.002246873,7.983491317,7.684918300,-0.083741678,-0.241634592,-176.170647308,0.000104639,0.346615132,0.000775037,2.567300341,-1.650180599,1.651561702,true,OK
1785065202.547015190,0.023820051,0.083551850,8.459905817,7.618172578,-0.083339435,-0.242861502,-176.063386067,0.000604274,0.171320168,0.004473678,1.268350832,-1.630854625,1.654118122,true,OK
1785065203.547426224,0.122957193,0.039895206,8.697613032,7.648440395,-0.083905662,-0.242627848,-176.187312199,0.000245989,0.090654086,0.002001983,0.737788052,-1.633764726,1.656215617,true,OK
1785065204.547443390,0.023461618,0.131198706,8.084347575,7.744202159,-0.084332553,-0.243341191,-176.250311079,0.000105416,0.321425421,0.000865644,2.639439045,-1.661234060,1.670317344,true,OK
1785065205.546996832,0.021392007,0.085966312,8.515835132,7.732448006,-0.084768752,-0.247598136,-175.755737735,0.001343742,0.187671854,0.010885303,1.520280233,-1.618238884,1.662693698,true,OK
1785065206.547071695,0.120748182,0.030511500,8.703069318,7.614581841,-0.085424915,-0.249134728,-176.083391381,0.000157565,0.113640914,0.001187326,0.856335407,-1.562750142,1.589560232,true,OK
1785065207.547075748,0.019707773,0.121080796,8.039295226,7.663663046,-0.084839406,-0.247554472,-176.216656162,0.000666282,0.131221234,0.004928040,0.970555250,-1.592285134,1.627245697,true,OK
1785065208.547272921,0.022000683,0.077550733,8.722315896,7.667281812,-0.085594902,-0.247382109,-176.046924157,0.000632622,0.062557256,0.004674226,0.462214400,-1.580431397,1.657184744,true,OK
1785065209.547493935,0.121770896,0.031882115,8.743731347,7.695726093,-0.084889037,-0.249435958,-176.115653630,0.000416505,0.125114538,0.003082260,0.925884033,-1.594233258,1.649531036,true,OK
1785065210.547105312,0.022983995,0.112011426,8.201855384,7.615117601,-0.084380153,-0.250062592,-175.966126621,0.000870812,0.118694067,0.006441870,0.878044838,-1.618065766,1.650153068,true,OK
1785065211.547313452,0.020934514,0.066303327,8.735906754,7.624244761,-0.084094779,-0.250439768,-176.102058672,0.000368587,0.123540700,0.002725860,0.913637332,-1.607476853,1.643804540,true,OK
1785065212.546996117,0.122501567,0.024161608,8.780551528,7.659060591,-0.084177849,-0.250672062,-176.293907360,0.000523243,0.425666220,0.004264310,3.469083921,-1.604022452,1.627752441,true,OK
1785065213.547234774,0.022545246,0.115661018,8.361759452,7.733572672,-0.084804812,-0.250780959,-176.026184081,0.000182862,0.222935800,0.001490513,1.817151178,-1.615626416,1.644199035,true,OK
1785065214.547323227,0.023044680,0.071493783,8.757947865,7.755377787,-0.084472942,-0.250858349,-175.814131974,0.000799558,0.274825334,0.006518016,2.240381818,-1.626748010,1.650825663,true,OK
1785065215.547122955,0.120527301,0.014333009,8.796915260,7.604347962,-0.084341209,-0.249364731,-175.902271776,0.000914457,0.065610604,0.006761446,0.485121332,-1.640017014,1.631965652,true,OK
1785065216.546997070,0.018451654,0.105659207,8.318356083,7.665500018,-0.084129246,-0.250059700,-176.133582042,0.000185571,0.096913294,0.001372951,0.717015944,-1.626319415,1.640102953,true,OK
1785065217.547108173,0.021925640,0.061609088,8.767772365,7.705912527,-0.083852543,-0.250260531,-176.103642078,0.000238548,0.039564681,0.001941882,0.322072890,-1.608033346,1.632854357,true,OK
1785065218.547245741,0.020215758,0.018786751,7.995890924,7.725836230,-0.083808051,-0.250038180,-176.083384207,0.000885095,0.206533808,0.006547068,1.527735662,-1.620000474,1.647927670,true,OK
1785065219.547283649,0.022389906,0.095898160,8.486573705,7.636680090,-0.083170640,-0.250562903,-176.508997013,0.000674932,0.102792073,0.004996507,0.760967605,-1.640058216,1.655166861,true,OK
1785065220.547122240,0.021409815,0.052267070,8.852841464,7.645239720,-0.083802597,-0.250982998,-176.331178201,0.000241916,0.092787413,0.001790664,0.686813314,-1.657056493,1.642812881,true,OK
1785065221.547073603,0.120736345,0.009158251,8.988576715,7.683435561,-0.083673315,-0.251541641,-176.162946143,0.000240610,0.169020462,0.001963191,1.379074376,-1.640800002,1.640946475,true,OK
1785065222.547175407,0.022412294,0.088210651,8.438569576,7.607600831,-0.082776978,-0.250723501,-176.541072459,0.000442354,0.183453959,0.003274980,1.358205415,-1.615173040,1.629641160,true,OK
1785065223.547165632,0.020643411,0.044007147,8.929915038,7.624797934,-0.083645884,-0.250499799,-176.432866674,0.000415742,0.307104889,0.003078725,2.274227517,-1.597204417,1.635625120,true,OK
1785065224.547224998,0.022864227,0.134271311,8.033221101,7.705583924,-0.083045889,-0.251515632,-176.397732605,0.000598707,0.115349902,0.004867417,0.937780745,-1.599439971,1.638156624,true,OK
1785065225.547419548,0.021101047,0.091001842,8.426812241,7.726693924,-0.083086709,-0.251630393,-176.319440641,0.000379705,0.118694067,0.003104129,0.970336491,-1.585707139,1.645151461,true,OK
1785065226.547174454,0.022543239,0.046318869,8.980097568,7.723601925,-0.082305156,-0.251328181,-176.486270126,0.000327490,0.079129369,0.002652258,0.640849284,-1.594284703,1.642753717,true,OK
1785065227.547028065,0.022398328,0.002488728,8.013741442,7.745498970,-0.082421421,-0.250540167,-176.847718924,0.001402450,0.113640914,0.010384132,0.841429167,-1.543116527,1.615386041,true,OK
1785065228.547069550,0.021980599,0.081767400,8.705153238,7.656628362,-0.081934385,-0.258473754,-176.177300676,0.000660535,0.034264021,0.004885809,0.253442383,-1.625826380,1.646734948,true,OK
1785065229.547153234,0.121087626,0.038002909,8.751437814,7.687308945,-0.082175542,-0.257054141,-176.453948990,0.001019754,0.137056110,0.008299695,1.115489137,-1.616893111,1.622001565,true,OK
1785065230.547533512,0.023259453,0.117427857,8.098424665,7.612668024,-0.082134938,-0.253060862,-176.471607938,0.000601775,0.266878623,0.004456171,1.976249347,-1.595632368,1.584538997,true,OK
1785065231.547259808,0.020804392,0.071890541,8.529814033,7.605550118,-0.081383682,-0.246635378,-176.546914579,0.000350306,0.059347027,0.002580123,0.437111630,-1.633506795,1.628853279,true,OK
1785065232.547142029,0.121677184,0.028635950,8.748829278,7.615365718,-0.080702704,-0.249159269,-176.491387632,0.000368643,0.146709809,0.002734043,1.088073963,-1.637985310,1.662915159,true,OK
1785065233.547005177,0.021872983,0.119940800,8.185342692,7.686951675,-0.079640885,-0.248140202,-176.448117236,0.000166006,0.059347027,0.001228644,0.439240417,-1.611374123,1.680158950,true,OK
1785065234.547353745,0.023526751,0.075042460,8.772910043,7.698790936,-0.080229794,-0.247804843,-176.590263178,0.000389282,0.123540700,0.003169534,1.005869647,-1.610503829,1.692138946,true,OK
1785065235.547076702,0.121635527,0.031856522,8.826810959,7.724864383,-0.080496287,-0.249363315,-176.686812971,0.000609821,0.401538497,0.004512945,2.971564250,-1.636698550,1.711508941,true,OK
1785065236.547788382,0.023643271,0.108993274,8.192845109,7.626606935,-0.080181004,-0.249900265,-176.620744078,0.000656324,0.364232137,0.004923515,2.732342513,-1.652264616,1.708630699,true,OK
1785065237.549001932,0.023696031,0.068114393,8.710401586,7.654796491,-0.079966492,-0.251050442,-176.778828789,0.000992204,0.052339156,0.007365220,0.388518287,-1.617723120,1.696672546,true,OK
1785065238.547266245,0.122545665,0.022933610,8.843966751,7.668049269,-0.080243370,-0.250485598,-176.981522504,0.000656693,0.215799987,0.005352037,1.758766131,-1.603328598,1.701166183,true,OK
1785065239.547217131,0.022327174,0.101475621,8.425870565,7.604909218,-0.081123365,-0.252474743,-176.907798702,0.000553147,0.125114538,0.004088311,0.924721782,-1.604350960,1.700774465,true,OK
1785065240.547164440,0.021111856,0.056991554,8.762671468,7.611509147,-0.080887137,-0.252224301,-176.829695543,0.000407071,0.132704012,0.003007490,0.980432896,-1.612436959,1.682792935,true,OK
1785065241.547130585,0.121605104,0.012519674,8.869040464,7.641522969,-0.079014793,-0.253141187,-177.232714495,0.000671033,0.283930297,0.005473417,2.315935951,-1.652843553,1.696392764,true,OK
1785065242.547634840,0.022316708,0.105122065,8.404790858,7.720080502,-0.084421690,-0.253743251,-170.957768460,0.004197984,6.000772832,0.034162324,48.833048048,-1.594702997,1.645609360,true,OK
1785065243.547471762,0.021133596,0.060709539,8.803737969,7.727024032,-0.085732847,-0.254567045,-175.674218020,0.000587582,0.186626315,0.004779062,1.517914071,-1.575915159,1.727207547,true,OK
1785065244.546997309,0.023192870,0.004076735,7.962319226,7.601646377,-0.084994144,-0.253728739,-175.414725400,0.000172648,0.125114538,0.001279582,0.927285916,-1.570052384,1.708471009,true,OK
